system	state	pair_role	atom1_index	atom2_index	distance_A	energy_eV_rel_EF	spin	pCOHP_raw	minus_pCOHP	source_file
Al16	*OH	Coact-Oads	16	348	1.875883	-15.03759	up	0	-0	source_manifest:COHP/PDOS/Al16/*OH/COHPCAR.lobster
Al16	*OH	Coact-Oads	16	348	1.875883	-15.03759	down	0	-0	source_manifest:COHP/PDOS/Al16/*OH/COHPCAR.lobster
Al16	*OH	Coact-Obridge	16	259	2.069958	-15.03759	up	0	-0	source_manifest:COHP/PDOS/Al16/*OH/COHPCAR.lobster
Al16	*OH	Coact-Obridge	16	259	2.069958	-15.03759	down	0	-0	source_manifest:COHP/PDOS/Al16/*OH/COHPCAR.lobster
Al16	*OH	neighbor-Obridge	51	259	2.112332	-15.03759	up	0	-0	source_manifest:COHP/PDOS/Al16/*OH/COHPCAR.lobster
Al16	*OH	neighbor-Obridge	51	259	2.112332	-15.03759	down	0	-0	source_manifest:COHP/PDOS/Al16/*OH/COHPCAR.lobster
Al16	*OH	Coact-Oads	16	348	1.875883	-14.98747	up	0	-0	source_manifest:COHP/PDOS/Al16/*OH/COHPCAR.lobster
Al16	*OH	Coact-Oads	16	348	1.875883	-14.98747	down	0	-0	source_manifest:COHP/PDOS/Al16/*OH/COHPCAR.lobster
Al16	*OH	Coact-Obridge	16	259	2.069958	-14.98747	up	0	-0	source_manifest:COHP/PDOS/Al16/*OH/COHPCAR.lobster
Al16	*OH	Coact-Obridge	16	259	2.069958	-14.98747	down	0	-0	source_manifest:COHP/PDOS/Al16/*OH/COHPCAR.lobster
Al16	*OH	neighbor-Obridge	51	259	2.112332	-14.98747	up	0	-0	source_manifest:COHP/PDOS/Al16/*OH/COHPCAR.lobster
Al16	*OH	neighbor-Obridge	51	259	2.112332	-14.98747	down	0	-0	source_manifest:COHP/PDOS/Al16/*OH/COHPCAR.lobster
Al16	*OH	Coact-Oads	16	348	1.875883	-14.93734	up	0	-0	source_manifest:COHP/PDOS/Al16/*OH/COHPCAR.lobster
Al16	*OH	Coact-Oads	16	348	1.875883	-14.93734	down	0	-0	source_manifest:COHP/PDOS/Al16/*OH/COHPCAR.lobster
Al16	*OH	Coact-Obridge	16	259	2.069958	-14.93734	up	0	-0	source_manifest:COHP/PDOS/Al16/*OH/COHPCAR.lobster
Al16	*OH	Coact-Obridge	16	259	2.069958	-14.93734	down	0	-0	source_manifest:COHP/PDOS/Al16/*OH/COHPCAR.lobster
Al16	*OH	neighbor-Obridge	51	259	2.112332	-14.93734	up	0	-0	source_manifest:COHP/PDOS/Al16/*OH/COHPCAR.lobster
Al16	*OH	neighbor-Obridge	51	259	2.112332	-14.93734	down	0	-0	source_manifest:COHP/PDOS/Al16/*OH/COHPCAR.lobster
Al16	*OH	Coact-Oads	16	348	1.875883	-14.88722	up	0	-0	source_manifest:COHP/PDOS/Al16/*OH/COHPCAR.lobster
Al16	*OH	Coact-Oads	16	348	1.875883	-14.88722	down	0	-0	source_manifest:COHP/PDOS/Al16/*OH/COHPCAR.lobster
Al16	*OH	Coact-Obridge	16	259	2.069958	-14.88722	up	0	-0	source_manifest:COHP/PDOS/Al16/*OH/COHPCAR.lobster
Al16	*OH	Coact-Obridge	16	259	2.069958	-14.88722	down	0	-0	source_manifest:COHP/PDOS/Al16/*OH/COHPCAR.lobster
Al16	*OH	neighbor-Obridge	51	259	2.112332	-14.88722	up	0	-0	source_manifest:COHP/PDOS/Al16/*OH/COHPCAR.lobster
Al16	*OH	neighbor-Obridge	51	259	2.112332	-14.88722	down	0	-0	source_manifest:COHP/PDOS/Al16/*OH/COHPCAR.lobster
Al16	*OH	Coact-Oads	16	348	1.875883	-14.83709	up	0	-0	source_manifest:COHP/PDOS/Al16/*OH/COHPCAR.lobster
Al16	*OH	Coact-Oads	16	348	1.875883	-14.83709	down	0	-0	source_manifest:COHP/PDOS/Al16/*OH/COHPCAR.lobster
Al16	*OH	Coact-Obridge	16	259	2.069958	-14.83709	up	0	-0	source_manifest:COHP/PDOS/Al16/*OH/COHPCAR.lobster
Al16	*OH	Coact-Obridge	16	259	2.069958	-14.83709	down	0	-0	source_manifest:COHP/PDOS/Al16/*OH/COHPCAR.lobster
Al16	*OH	neighbor-Obridge	51	259	2.112332	-14.83709	up	0	-0	source_manifest:COHP/PDOS/Al16/*OH/COHPCAR.lobster
Al16	*OH	neighbor-Obridge	51	259	2.112332	-14.83709	down	0	-0	source_manifest:COHP/PDOS/Al16/*OH/COHPCAR.lobster
Al16	*OH	Coact-Oads	16	348	1.875883	-14.78697	up	0	-0	source_manifest:COHP/PDOS/Al16/*OH/COHPCAR.lobster
Al16	*OH	Coact-Oads	16	348	1.875883	-14.78697	down	0	-0	source_manifest:COHP/PDOS/Al16/*OH/COHPCAR.lobster
Al16	*OH	Coact-Obridge	16	259	2.069958	-14.78697	up	0	-0	source_manifest:COHP/PDOS/Al16/*OH/COHPCAR.lobster
Al16	*OH	Coact-Obridge	16	259	2.069958	-14.78697	down	0	-0	source_manifest:COHP/PDOS/Al16/*OH/COHPCAR.lobster
Al16	*OH	neighbor-Obridge	51	259	2.112332	-14.78697	up	0	-0	source_manifest:COHP/PDOS/Al16/*OH/COHPCAR.lobster
Al16	*OH	neighbor-Obridge	51	259	2.112332	-14.78697	down	0	-0	source_manifest:COHP/PDOS/Al16/*OH/COHPCAR.lobster
Al16	*OH	Coact-Oads	16	348	1.875883	-14.73684	up	0	-0	source_manifest:COHP/PDOS/Al16/*OH/COHPCAR.lobster
Al16	*OH	Coact-Oads	16	348	1.875883	-14.73684	down	0	-0	source_manifest:COHP/PDOS/Al16/*OH/COHPCAR.lobster
Al16	*OH	Coact-Obridge	16	259	2.069958	-14.73684	up	0	-0	source_manifest:COHP/PDOS/Al16/*OH/COHPCAR.lobster
Al16	*OH	Coact-Obridge	16	259	2.069958	-14.73684	down	0	-0	source_manifest:COHP/PDOS/Al16/*OH/COHPCAR.lobster
Al16	*OH	neighbor-Obridge	51	259	2.112332	-14.73684	up	0	-0	source_manifest:COHP/PDOS/Al16/*OH/COHPCAR.lobster
Al16	*OH	neighbor-Obridge	51	259	2.112332	-14.73684	down	0	-0	source_manifest:COHP/PDOS/Al16/*OH/COHPCAR.lobster
Al16	*OH	Coact-Oads	16	348	1.875883	-14.68672	up	0	-0	source_manifest:COHP/PDOS/Al16/*OH/COHPCAR.lobster
Al16	*OH	Coact-Oads	16	348	1.875883	-14.68672	down	0	-0	source_manifest:COHP/PDOS/Al16/*OH/COHPCAR.lobster
Al16	*OH	Coact-Obridge	16	259	2.069958	-14.68672	up	0	-0	source_manifest:COHP/PDOS/Al16/*OH/COHPCAR.lobster
Al16	*OH	Coact-Obridge	16	259	2.069958	-14.68672	down	0	-0	source_manifest:COHP/PDOS/Al16/*OH/COHPCAR.lobster
Al16	*OH	neighbor-Obridge	51	259	2.112332	-14.68672	up	0	-0	source_manifest:COHP/PDOS/Al16/*OH/COHPCAR.lobster
Al16	*OH	neighbor-Obridge	51	259	2.112332	-14.68672	down	0	-0	source_manifest:COHP/PDOS/Al16/*OH/COHPCAR.lobster
Al16	*OH	Coact-Oads	16	348	1.875883	-14.63659	up	0	-0	source_manifest:COHP/PDOS/Al16/*OH/COHPCAR.lobster
Al16	*OH	Coact-Oads	16	348	1.875883	-14.63659	down	0	-0	source_manifest:COHP/PDOS/Al16/*OH/COHPCAR.lobster
Al16	*OH	Coact-Obridge	16	259	2.069958	-14.63659	up	0	-0	source_manifest:COHP/PDOS/Al16/*OH/COHPCAR.lobster
Al16	*OH	Coact-Obridge	16	259	2.069958	-14.63659	down	0	-0	source_manifest:COHP/PDOS/Al16/*OH/COHPCAR.lobster
Al16	*OH	neighbor-Obridge	51	259	2.112332	-14.63659	up	0	-0	source_manifest:COHP/PDOS/Al16/*OH/COHPCAR.lobster
Al16	*OH	neighbor-Obridge	51	259	2.112332	-14.63659	down	0	-0	source_manifest:COHP/PDOS/Al16/*OH/COHPCAR.lobster
Al16	*OH	Coact-Oads	16	348	1.875883	-14.58647	up	0	-0	source_manifest:COHP/PDOS/Al16/*OH/COHPCAR.lobster
Al16	*OH	Coact-Oads	16	348	1.875883	-14.58647	down	0	-0	source_manifest:COHP/PDOS/Al16/*OH/COHPCAR.lobster
Al16	*OH	Coact-Obridge	16	259	2.069958	-14.58647	up	0	-0	source_manifest:COHP/PDOS/Al16/*OH/COHPCAR.lobster
Al16	*OH	Coact-Obridge	16	259	2.069958	-14.58647	down	0	-0	source_manifest:COHP/PDOS/Al16/*OH/COHPCAR.lobster
Al16	*OH	neighbor-Obridge	51	259	2.112332	-14.58647	up	0	-0	source_manifest:COHP/PDOS/Al16/*OH/COHPCAR.lobster
Al16	*OH	neighbor-Obridge	51	259	2.112332	-14.58647	down	0	-0	source_manifest:COHP/PDOS/Al16/*OH/COHPCAR.lobster
Al16	*OH	Coact-Oads	16	348	1.875883	-14.53634	up	0	-0	source_manifest:COHP/PDOS/Al16/*OH/COHPCAR.lobster
Al16	*OH	Coact-Oads	16	348	1.875883	-14.53634	down	0	-0	source_manifest:COHP/PDOS/Al16/*OH/COHPCAR.lobster
Al16	*OH	Coact-Obridge	16	259	2.069958	-14.53634	up	0	-0	source_manifest:COHP/PDOS/Al16/*OH/COHPCAR.lobster
Al16	*OH	Coact-Obridge	16	259	2.069958	-14.53634	down	0	-0	source_manifest:COHP/PDOS/Al16/*OH/COHPCAR.lobster
Al16	*OH	neighbor-Obridge	51	259	2.112332	-14.53634	up	0	-0	source_manifest:COHP/PDOS/Al16/*OH/COHPCAR.lobster
Al16	*OH	neighbor-Obridge	51	259	2.112332	-14.53634	down	0	-0	source_manifest:COHP/PDOS/Al16/*OH/COHPCAR.lobster
Al16	*OH	Coact-Oads	16	348	1.875883	-14.48622	up	0	-0	source_manifest:COHP/PDOS/Al16/*OH/COHPCAR.lobster
Al16	*OH	Coact-Oads	16	348	1.875883	-14.48622	down	0	-0	source_manifest:COHP/PDOS/Al16/*OH/COHPCAR.lobster
Al16	*OH	Coact-Obridge	16	259	2.069958	-14.48622	up	0	-0	source_manifest:COHP/PDOS/Al16/*OH/COHPCAR.lobster
Al16	*OH	Coact-Obridge	16	259	2.069958	-14.48622	down	0	-0	source_manifest:COHP/PDOS/Al16/*OH/COHPCAR.lobster
Al16	*OH	neighbor-Obridge	51	259	2.112332	-14.48622	up	0	-0	source_manifest:COHP/PDOS/Al16/*OH/COHPCAR.lobster
Al16	*OH	neighbor-Obridge	51	259	2.112332	-14.48622	down	0	-0	source_manifest:COHP/PDOS/Al16/*OH/COHPCAR.lobster
Al16	*OH	Coact-Oads	16	348	1.875883	-14.43609	up	0	-0	source_manifest:COHP/PDOS/Al16/*OH/COHPCAR.lobster
Al16	*OH	Coact-Oads	16	348	1.875883	-14.43609	down	0	-0	source_manifest:COHP/PDOS/Al16/*OH/COHPCAR.lobster
Al16	*OH	Coact-Obridge	16	259	2.069958	-14.43609	up	0	-0	source_manifest:COHP/PDOS/Al16/*OH/COHPCAR.lobster
Al16	*OH	Coact-Obridge	16	259	2.069958	-14.43609	down	0	-0	source_manifest:COHP/PDOS/Al16/*OH/COHPCAR.lobster
Al16	*OH	neighbor-Obridge	51	259	2.112332	-14.43609	up	0	-0	source_manifest:COHP/PDOS/Al16/*OH/COHPCAR.lobster
Al16	*OH	neighbor-Obridge	51	259	2.112332	-14.43609	down	0	-0	source_manifest:COHP/PDOS/Al16/*OH/COHPCAR.lobster
Al16	*OH	Coact-Oads	16	348	1.875883	-14.38596	up	0	-0	source_manifest:COHP/PDOS/Al16/*OH/COHPCAR.lobster
Al16	*OH	Coact-Oads	16	348	1.875883	-14.38596	down	0	-0	source_manifest:COHP/PDOS/Al16/*OH/COHPCAR.lobster
Al16	*OH	Coact-Obridge	16	259	2.069958	-14.38596	up	0	-0	source_manifest:COHP/PDOS/Al16/*OH/COHPCAR.lobster
Al16	*OH	Coact-Obridge	16	259	2.069958	-14.38596	down	0	-0	source_manifest:COHP/PDOS/Al16/*OH/COHPCAR.lobster
Al16	*OH	neighbor-Obridge	51	259	2.112332	-14.38596	up	0	-0	source_manifest:COHP/PDOS/Al16/*OH/COHPCAR.lobster
Al16	*OH	neighbor-Obridge	51	259	2.112332	-14.38596	down	0	-0	source_manifest:COHP/PDOS/Al16/*OH/COHPCAR.lobster
Al16	*OH	Coact-Oads	16	348	1.875883	-14.33584	up	0	-0	source_manifest:COHP/PDOS/Al16/*OH/COHPCAR.lobster
Al16	*OH	Coact-Oads	16	348	1.875883	-14.33584	down	0	-0	source_manifest:COHP/PDOS/Al16/*OH/COHPCAR.lobster
Al16	*OH	Coact-Obridge	16	259	2.069958	-14.33584	up	0	-0	source_manifest:COHP/PDOS/Al16/*OH/COHPCAR.lobster
Al16	*OH	Coact-Obridge	16	259	2.069958	-14.33584	down	0	-0	source_manifest:COHP/PDOS/Al16/*OH/COHPCAR.lobster
Al16	*OH	neighbor-Obridge	51	259	2.112332	-14.33584	up	0	-0	source_manifest:COHP/PDOS/Al16/*OH/COHPCAR.lobster
Al16	*OH	neighbor-Obridge	51	259	2.112332	-14.33584	down	0	-0	source_manifest:COHP/PDOS/Al16/*OH/COHPCAR.lobster
Al16	*OH	Coact-Oads	16	348	1.875883	-14.28571	up	0	-0	source_manifest:COHP/PDOS/Al16/*OH/COHPCAR.lobster
Al16	*OH	Coact-Oads	16	348	1.875883	-14.28571	down	0	-0	source_manifest:COHP/PDOS/Al16/*OH/COHPCAR.lobster
Al16	*OH	Coact-Obridge	16	259	2.069958	-14.28571	up	0	-0	source_manifest:COHP/PDOS/Al16/*OH/COHPCAR.lobster
Al16	*OH	Coact-Obridge	16	259	2.069958	-14.28571	down	0	-0	source_manifest:COHP/PDOS/Al16/*OH/COHPCAR.lobster
Al16	*OH	neighbor-Obridge	51	259	2.112332	-14.28571	up	0	-0	source_manifest:COHP/PDOS/Al16/*OH/COHPCAR.lobster
Al16	*OH	neighbor-Obridge	51	259	2.112332	-14.28571	down	0	-0	source_manifest:COHP/PDOS/Al16/*OH/COHPCAR.lobster
Al16	*OH	Coact-Oads	16	348	1.875883	-14.23559	up	0	-0	source_manifest:COHP/PDOS/Al16/*OH/COHPCAR.lobster
Al16	*OH	Coact-Oads	16	348	1.875883	-14.23559	down	0	-0	source_manifest:COHP/PDOS/Al16/*OH/COHPCAR.lobster
Al16	*OH	Coact-Obridge	16	259	2.069958	-14.23559	up	0	-0	source_manifest:COHP/PDOS/Al16/*OH/COHPCAR.lobster
Al16	*OH	Coact-Obridge	16	259	2.069958	-14.23559	down	0	-0	source_manifest:COHP/PDOS/Al16/*OH/COHPCAR.lobster
Al16	*OH	neighbor-Obridge	51	259	2.112332	-14.23559	up	0	-0	source_manifest:COHP/PDOS/Al16/*OH/COHPCAR.lobster
Al16	*OH	neighbor-Obridge	51	259	2.112332	-14.23559	down	0	-0	source_manifest:COHP/PDOS/Al16/*OH/COHPCAR.lobster
Al16	*OH	Coact-Oads	16	348	1.875883	-14.18546	up	0	-0	source_manifest:COHP/PDOS/Al16/*OH/COHPCAR.lobster
Al16	*OH	Coact-Oads	16	348	1.875883	-14.18546	down	0	-0	source_manifest:COHP/PDOS/Al16/*OH/COHPCAR.lobster
Al16	*OH	Coact-Obridge	16	259	2.069958	-14.18546	up	0	-0	source_manifest:COHP/PDOS/Al16/*OH/COHPCAR.lobster
Al16	*OH	Coact-Obridge	16	259	2.069958	-14.18546	down	0	-0	source_manifest:COHP/PDOS/Al16/*OH/COHPCAR.lobster
Al16	*OH	neighbor-Obridge	51	259	2.112332	-14.18546	up	0	-0	source_manifest:COHP/PDOS/Al16/*OH/COHPCAR.lobster
Al16	*OH	neighbor-Obridge	51	259	2.112332	-14.18546	down	0	-0	source_manifest:COHP/PDOS/Al16/*OH/COHPCAR.lobster
Al16	*OH	Coact-Oads	16	348	1.875883	-14.13534	up	0	-0	source_manifest:COHP/PDOS/Al16/*OH/COHPCAR.lobster
Al16	*OH	Coact-Oads	16	348	1.875883	-14.13534	down	0	-0	source_manifest:COHP/PDOS/Al16/*OH/COHPCAR.lobster
Al16	*OH	Coact-Obridge	16	259	2.069958	-14.13534	up	0	-0	source_manifest:COHP/PDOS/Al16/*OH/COHPCAR.lobster
Al16	*OH	Coact-Obridge	16	259	2.069958	-14.13534	down	0	-0	source_manifest:COHP/PDOS/Al16/*OH/COHPCAR.lobster
Al16	*OH	neighbor-Obridge	51	259	2.112332	-14.13534	up	0	-0	source_manifest:COHP/PDOS/Al16/*OH/COHPCAR.lobster
Al16	*OH	neighbor-Obridge	51	259	2.112332	-14.13534	down	0	-0	source_manifest:COHP/PDOS/Al16/*OH/COHPCAR.lobster
Al16	*OH	Coact-Oads	16	348	1.875883	-14.08521	up	0	-0	source_manifest:COHP/PDOS/Al16/*OH/COHPCAR.lobster
Al16	*OH	Coact-Oads	16	348	1.875883	-14.08521	down	0	-0	source_manifest:COHP/PDOS/Al16/*OH/COHPCAR.lobster
Al16	*OH	Coact-Obridge	16	259	2.069958	-14.08521	up	0	-0	source_manifest:COHP/PDOS/Al16/*OH/COHPCAR.lobster
Al16	*OH	Coact-Obridge	16	259	2.069958	-14.08521	down	0	-0	source_manifest:COHP/PDOS/Al16/*OH/COHPCAR.lobster
Al16	*OH	neighbor-Obridge	51	259	2.112332	-14.08521	up	0	-0	source_manifest:COHP/PDOS/Al16/*OH/COHPCAR.lobster
Al16	*OH	neighbor-Obridge	51	259	2.112332	-14.08521	down	0	-0	source_manifest:COHP/PDOS/Al16/*OH/COHPCAR.lobster
Al16	*OH	Coact-Oads	16	348	1.875883	-14.03509	up	0	-0	source_manifest:COHP/PDOS/Al16/*OH/COHPCAR.lobster
Al16	*OH	Coact-Oads	16	348	1.875883	-14.03509	down	0	-0	source_manifest:COHP/PDOS/Al16/*OH/COHPCAR.lobster
Al16	*OH	Coact-Obridge	16	259	2.069958	-14.03509	up	0	-0	source_manifest:COHP/PDOS/Al16/*OH/COHPCAR.lobster
Al16	*OH	Coact-Obridge	16	259	2.069958	-14.03509	down	0	-0	source_manifest:COHP/PDOS/Al16/*OH/COHPCAR.lobster
Al16	*OH	neighbor-Obridge	51	259	2.112332	-14.03509	up	0	-0	source_manifest:COHP/PDOS/Al16/*OH/COHPCAR.lobster
Al16	*OH	neighbor-Obridge	51	259	2.112332	-14.03509	down	0	-0	source_manifest:COHP/PDOS/Al16/*OH/COHPCAR.lobster
Al16	*OH	Coact-Oads	16	348	1.875883	-13.98496	up	0	-0	source_manifest:COHP/PDOS/Al16/*OH/COHPCAR.lobster
Al16	*OH	Coact-Oads	16	348	1.875883	-13.98496	down	0	-0	source_manifest:COHP/PDOS/Al16/*OH/COHPCAR.lobster
Al16	*OH	Coact-Obridge	16	259	2.069958	-13.98496	up	0	-0	source_manifest:COHP/PDOS/Al16/*OH/COHPCAR.lobster
Al16	*OH	Coact-Obridge	16	259	2.069958	-13.98496	down	0	-0	source_manifest:COHP/PDOS/Al16/*OH/COHPCAR.lobster
Al16	*OH	neighbor-Obridge	51	259	2.112332	-13.98496	up	0	-0	source_manifest:COHP/PDOS/Al16/*OH/COHPCAR.lobster
Al16	*OH	neighbor-Obridge	51	259	2.112332	-13.98496	down	0	-0	source_manifest:COHP/PDOS/Al16/*OH/COHPCAR.lobster
Al16	*OH	Coact-Oads	16	348	1.875883	-13.93484	up	0	-0	source_manifest:COHP/PDOS/Al16/*OH/COHPCAR.lobster
Al16	*OH	Coact-Oads	16	348	1.875883	-13.93484	down	0	-0	source_manifest:COHP/PDOS/Al16/*OH/COHPCAR.lobster
Al16	*OH	Coact-Obridge	16	259	2.069958	-13.93484	up	0	-0	source_manifest:COHP/PDOS/Al16/*OH/COHPCAR.lobster
Al16	*OH	Coact-Obridge	16	259	2.069958	-13.93484	down	0	-0	source_manifest:COHP/PDOS/Al16/*OH/COHPCAR.lobster
Al16	*OH	neighbor-Obridge	51	259	2.112332	-13.93484	up	0	-0	source_manifest:COHP/PDOS/Al16/*OH/COHPCAR.lobster
Al16	*OH	neighbor-Obridge	51	259	2.112332	-13.93484	down	0	-0	source_manifest:COHP/PDOS/Al16/*OH/COHPCAR.lobster
Al16	*OH	Coact-Oads	16	348	1.875883	-13.88471	up	0	-0	source_manifest:COHP/PDOS/Al16/*OH/COHPCAR.lobster
Al16	*OH	Coact-Oads	16	348	1.875883	-13.88471	down	0	-0	source_manifest:COHP/PDOS/Al16/*OH/COHPCAR.lobster
Al16	*OH	Coact-Obridge	16	259	2.069958	-13.88471	up	0	-0	source_manifest:COHP/PDOS/Al16/*OH/COHPCAR.lobster
Al16	*OH	Coact-Obridge	16	259	2.069958	-13.88471	down	0	-0	source_manifest:COHP/PDOS/Al16/*OH/COHPCAR.lobster
Al16	*OH	neighbor-Obridge	51	259	2.112332	-13.88471	up	0	-0	source_manifest:COHP/PDOS/Al16/*OH/COHPCAR.lobster
Al16	*OH	neighbor-Obridge	51	259	2.112332	-13.88471	down	0	-0	source_manifest:COHP/PDOS/Al16/*OH/COHPCAR.lobster
Al16	*OH	Coact-Oads	16	348	1.875883	-13.83459	up	0	-0	source_manifest:COHP/PDOS/Al16/*OH/COHPCAR.lobster
Al16	*OH	Coact-Oads	16	348	1.875883	-13.83459	down	0	-0	source_manifest:COHP/PDOS/Al16/*OH/COHPCAR.lobster
Al16	*OH	Coact-Obridge	16	259	2.069958	-13.83459	up	0	-0	source_manifest:COHP/PDOS/Al16/*OH/COHPCAR.lobster
Al16	*OH	Coact-Obridge	16	259	2.069958	-13.83459	down	0	-0	source_manifest:COHP/PDOS/Al16/*OH/COHPCAR.lobster
Al16	*OH	neighbor-Obridge	51	259	2.112332	-13.83459	up	0	-0	source_manifest:COHP/PDOS/Al16/*OH/COHPCAR.lobster
Al16	*OH	neighbor-Obridge	51	259	2.112332	-13.83459	down	0	-0	source_manifest:COHP/PDOS/Al16/*OH/COHPCAR.lobster
Al16	*OH	Coact-Oads	16	348	1.875883	-13.78446	up	0	-0	source_manifest:COHP/PDOS/Al16/*OH/COHPCAR.lobster
Al16	*OH	Coact-Oads	16	348	1.875883	-13.78446	down	0	-0	source_manifest:COHP/PDOS/Al16/*OH/COHPCAR.lobster
Al16	*OH	Coact-Obridge	16	259	2.069958	-13.78446	up	0	-0	source_manifest:COHP/PDOS/Al16/*OH/COHPCAR.lobster
Al16	*OH	Coact-Obridge	16	259	2.069958	-13.78446	down	0	-0	source_manifest:COHP/PDOS/Al16/*OH/COHPCAR.lobster
Al16	*OH	neighbor-Obridge	51	259	2.112332	-13.78446	up	0	-0	source_manifest:COHP/PDOS/Al16/*OH/COHPCAR.lobster
Al16	*OH	neighbor-Obridge	51	259	2.112332	-13.78446	down	0	-0	source_manifest:COHP/PDOS/Al16/*OH/COHPCAR.lobster
Al16	*OH	Coact-Oads	16	348	1.875883	-13.73434	up	0	-0	source_manifest:COHP/PDOS/Al16/*OH/COHPCAR.lobster
Al16	*OH	Coact-Oads	16	348	1.875883	-13.73434	down	0	-0	source_manifest:COHP/PDOS/Al16/*OH/COHPCAR.lobster
Al16	*OH	Coact-Obridge	16	259	2.069958	-13.73434	up	0	-0	source_manifest:COHP/PDOS/Al16/*OH/COHPCAR.lobster
Al16	*OH	Coact-Obridge	16	259	2.069958	-13.73434	down	0	-0	source_manifest:COHP/PDOS/Al16/*OH/COHPCAR.lobster
Al16	*OH	neighbor-Obridge	51	259	2.112332	-13.73434	up	0	-0	source_manifest:COHP/PDOS/Al16/*OH/COHPCAR.lobster
Al16	*OH	neighbor-Obridge	51	259	2.112332	-13.73434	down	0	-0	source_manifest:COHP/PDOS/Al16/*OH/COHPCAR.lobster
Al16	*OH	Coact-Oads	16	348	1.875883	-13.68421	up	0	-0	source_manifest:COHP/PDOS/Al16/*OH/COHPCAR.lobster
Al16	*OH	Coact-Oads	16	348	1.875883	-13.68421	down	0	-0	source_manifest:COHP/PDOS/Al16/*OH/COHPCAR.lobster
Al16	*OH	Coact-Obridge	16	259	2.069958	-13.68421	up	0	-0	source_manifest:COHP/PDOS/Al16/*OH/COHPCAR.lobster
Al16	*OH	Coact-Obridge	16	259	2.069958	-13.68421	down	0	-0	source_manifest:COHP/PDOS/Al16/*OH/COHPCAR.lobster
Al16	*OH	neighbor-Obridge	51	259	2.112332	-13.68421	up	0	-0	source_manifest:COHP/PDOS/Al16/*OH/COHPCAR.lobster
Al16	*OH	neighbor-Obridge	51	259	2.112332	-13.68421	down	0	-0	source_manifest:COHP/PDOS/Al16/*OH/COHPCAR.lobster
Al16	*OH	Coact-Oads	16	348	1.875883	-13.63409	up	0	-0	source_manifest:COHP/PDOS/Al16/*OH/COHPCAR.lobster
Al16	*OH	Coact-Oads	16	348	1.875883	-13.63409	down	0	-0	source_manifest:COHP/PDOS/Al16/*OH/COHPCAR.lobster
Al16	*OH	Coact-Obridge	16	259	2.069958	-13.63409	up	0	-0	source_manifest:COHP/PDOS/Al16/*OH/COHPCAR.lobster
Al16	*OH	Coact-Obridge	16	259	2.069958	-13.63409	down	0	-0	source_manifest:COHP/PDOS/Al16/*OH/COHPCAR.lobster
Al16	*OH	neighbor-Obridge	51	259	2.112332	-13.63409	up	0	-0	source_manifest:COHP/PDOS/Al16/*OH/COHPCAR.lobster
Al16	*OH	neighbor-Obridge	51	259	2.112332	-13.63409	down	0	-0	source_manifest:COHP/PDOS/Al16/*OH/COHPCAR.lobster
Al16	*OH	Coact-Oads	16	348	1.875883	-13.58396	up	0	-0	source_manifest:COHP/PDOS/Al16/*OH/COHPCAR.lobster
Al16	*OH	Coact-Oads	16	348	1.875883	-13.58396	down	0	-0	source_manifest:COHP/PDOS/Al16/*OH/COHPCAR.lobster
Al16	*OH	Coact-Obridge	16	259	2.069958	-13.58396	up	0	-0	source_manifest:COHP/PDOS/Al16/*OH/COHPCAR.lobster
Al16	*OH	Coact-Obridge	16	259	2.069958	-13.58396	down	0	-0	source_manifest:COHP/PDOS/Al16/*OH/COHPCAR.lobster
Al16	*OH	neighbor-Obridge	51	259	2.112332	-13.58396	up	0	-0	source_manifest:COHP/PDOS/Al16/*OH/COHPCAR.lobster
Al16	*OH	neighbor-Obridge	51	259	2.112332	-13.58396	down	0	-0	source_manifest:COHP/PDOS/Al16/*OH/COHPCAR.lobster
Al16	*OH	Coact-Oads	16	348	1.875883	-13.53383	up	0	-0	source_manifest:COHP/PDOS/Al16/*OH/COHPCAR.lobster
Al16	*OH	Coact-Oads	16	348	1.875883	-13.53383	down	0	-0	source_manifest:COHP/PDOS/Al16/*OH/COHPCAR.lobster
Al16	*OH	Coact-Obridge	16	259	2.069958	-13.53383	up	0	-0	source_manifest:COHP/PDOS/Al16/*OH/COHPCAR.lobster
Al16	*OH	Coact-Obridge	16	259	2.069958	-13.53383	down	0	-0	source_manifest:COHP/PDOS/Al16/*OH/COHPCAR.lobster
Al16	*OH	neighbor-Obridge	51	259	2.112332	-13.53383	up	0	-0	source_manifest:COHP/PDOS/Al16/*OH/COHPCAR.lobster
Al16	*OH	neighbor-Obridge	51	259	2.112332	-13.53383	down	0	-0	source_manifest:COHP/PDOS/Al16/*OH/COHPCAR.lobster
Al16	*OH	Coact-Oads	16	348	1.875883	-13.48371	up	0	-0	source_manifest:COHP/PDOS/Al16/*OH/COHPCAR.lobster
Al16	*OH	Coact-Oads	16	348	1.875883	-13.48371	down	0	-0	source_manifest:COHP/PDOS/Al16/*OH/COHPCAR.lobster
Al16	*OH	Coact-Obridge	16	259	2.069958	-13.48371	up	0	-0	source_manifest:COHP/PDOS/Al16/*OH/COHPCAR.lobster
Al16	*OH	Coact-Obridge	16	259	2.069958	-13.48371	down	0	-0	source_manifest:COHP/PDOS/Al16/*OH/COHPCAR.lobster
Al16	*OH	neighbor-Obridge	51	259	2.112332	-13.48371	up	0	-0	source_manifest:COHP/PDOS/Al16/*OH/COHPCAR.lobster
Al16	*OH	neighbor-Obridge	51	259	2.112332	-13.48371	down	0	-0	source_manifest:COHP/PDOS/Al16/*OH/COHPCAR.lobster
Al16	*OH	Coact-Oads	16	348	1.875883	-13.43358	up	0	-0	source_manifest:COHP/PDOS/Al16/*OH/COHPCAR.lobster
Al16	*OH	Coact-Oads	16	348	1.875883	-13.43358	down	0	-0	source_manifest:COHP/PDOS/Al16/*OH/COHPCAR.lobster
Al16	*OH	Coact-Obridge	16	259	2.069958	-13.43358	up	0	-0	source_manifest:COHP/PDOS/Al16/*OH/COHPCAR.lobster
Al16	*OH	Coact-Obridge	16	259	2.069958	-13.43358	down	0	-0	source_manifest:COHP/PDOS/Al16/*OH/COHPCAR.lobster
Al16	*OH	neighbor-Obridge	51	259	2.112332	-13.43358	up	0	-0	source_manifest:COHP/PDOS/Al16/*OH/COHPCAR.lobster
Al16	*OH	neighbor-Obridge	51	259	2.112332	-13.43358	down	0	-0	source_manifest:COHP/PDOS/Al16/*OH/COHPCAR.lobster
Al16	*OH	Coact-Oads	16	348	1.875883	-13.38346	up	0	-0	source_manifest:COHP/PDOS/Al16/*OH/COHPCAR.lobster
Al16	*OH	Coact-Oads	16	348	1.875883	-13.38346	down	0	-0	source_manifest:COHP/PDOS/Al16/*OH/COHPCAR.lobster
Al16	*OH	Coact-Obridge	16	259	2.069958	-13.38346	up	0	-0	source_manifest:COHP/PDOS/Al16/*OH/COHPCAR.lobster
Al16	*OH	Coact-Obridge	16	259	2.069958	-13.38346	down	0	-0	source_manifest:COHP/PDOS/Al16/*OH/COHPCAR.lobster
Al16	*OH	neighbor-Obridge	51	259	2.112332	-13.38346	up	0	-0	source_manifest:COHP/PDOS/Al16/*OH/COHPCAR.lobster
Al16	*OH	neighbor-Obridge	51	259	2.112332	-13.38346	down	0	-0	source_manifest:COHP/PDOS/Al16/*OH/COHPCAR.lobster
Al16	*OH	Coact-Oads	16	348	1.875883	-13.33333	up	0	-0	source_manifest:COHP/PDOS/Al16/*OH/COHPCAR.lobster
Al16	*OH	Coact-Oads	16	348	1.875883	-13.33333	down	0	-0	source_manifest:COHP/PDOS/Al16/*OH/COHPCAR.lobster
Al16	*OH	Coact-Obridge	16	259	2.069958	-13.33333	up	0	-0	source_manifest:COHP/PDOS/Al16/*OH/COHPCAR.lobster
Al16	*OH	Coact-Obridge	16	259	2.069958	-13.33333	down	0	-0	source_manifest:COHP/PDOS/Al16/*OH/COHPCAR.lobster
Al16	*OH	neighbor-Obridge	51	259	2.112332	-13.33333	up	0	-0	source_manifest:COHP/PDOS/Al16/*OH/COHPCAR.lobster
Al16	*OH	neighbor-Obridge	51	259	2.112332	-13.33333	down	0	-0	source_manifest:COHP/PDOS/Al16/*OH/COHPCAR.lobster
Al16	*OH	Coact-Oads	16	348	1.875883	-13.28321	up	0	-0	source_manifest:COHP/PDOS/Al16/*OH/COHPCAR.lobster
Al16	*OH	Coact-Oads	16	348	1.875883	-13.28321	down	0	-0	source_manifest:COHP/PDOS/Al16/*OH/COHPCAR.lobster
Al16	*OH	Coact-Obridge	16	259	2.069958	-13.28321	up	0	-0	source_manifest:COHP/PDOS/Al16/*OH/COHPCAR.lobster
Al16	*OH	Coact-Obridge	16	259	2.069958	-13.28321	down	0	-0	source_manifest:COHP/PDOS/Al16/*OH/COHPCAR.lobster
Al16	*OH	neighbor-Obridge	51	259	2.112332	-13.28321	up	0	-0	source_manifest:COHP/PDOS/Al16/*OH/COHPCAR.lobster
Al16	*OH	neighbor-Obridge	51	259	2.112332	-13.28321	down	0	-0	source_manifest:COHP/PDOS/Al16/*OH/COHPCAR.lobster
Al16	*OH	Coact-Oads	16	348	1.875883	-13.23308	up	0	-0	source_manifest:COHP/PDOS/Al16/*OH/COHPCAR.lobster
Al16	*OH	Coact-Oads	16	348	1.875883	-13.23308	down	0	-0	source_manifest:COHP/PDOS/Al16/*OH/COHPCAR.lobster
Al16	*OH	Coact-Obridge	16	259	2.069958	-13.23308	up	0	-0	source_manifest:COHP/PDOS/Al16/*OH/COHPCAR.lobster
Al16	*OH	Coact-Obridge	16	259	2.069958	-13.23308	down	0	-0	source_manifest:COHP/PDOS/Al16/*OH/COHPCAR.lobster
Al16	*OH	neighbor-Obridge	51	259	2.112332	-13.23308	up	0	-0	source_manifest:COHP/PDOS/Al16/*OH/COHPCAR.lobster
Al16	*OH	neighbor-Obridge	51	259	2.112332	-13.23308	down	0	-0	source_manifest:COHP/PDOS/Al16/*OH/COHPCAR.lobster
Al16	*OH	Coact-Oads	16	348	1.875883	-13.18296	up	0	-0	source_manifest:COHP/PDOS/Al16/*OH/COHPCAR.lobster
Al16	*OH	Coact-Oads	16	348	1.875883	-13.18296	down	0	-0	source_manifest:COHP/PDOS/Al16/*OH/COHPCAR.lobster
Al16	*OH	Coact-Obridge	16	259	2.069958	-13.18296	up	0	-0	source_manifest:COHP/PDOS/Al16/*OH/COHPCAR.lobster
Al16	*OH	Coact-Obridge	16	259	2.069958	-13.18296	down	0	-0	source_manifest:COHP/PDOS/Al16/*OH/COHPCAR.lobster
Al16	*OH	neighbor-Obridge	51	259	2.112332	-13.18296	up	0	-0	source_manifest:COHP/PDOS/Al16/*OH/COHPCAR.lobster
Al16	*OH	neighbor-Obridge	51	259	2.112332	-13.18296	down	0	-0	source_manifest:COHP/PDOS/Al16/*OH/COHPCAR.lobster
Al16	*OH	Coact-Oads	16	348	1.875883	-13.13283	up	0	-0	source_manifest:COHP/PDOS/Al16/*OH/COHPCAR.lobster
Al16	*OH	Coact-Oads	16	348	1.875883	-13.13283	down	0	-0	source_manifest:COHP/PDOS/Al16/*OH/COHPCAR.lobster
Al16	*OH	Coact-Obridge	16	259	2.069958	-13.13283	up	0	-0	source_manifest:COHP/PDOS/Al16/*OH/COHPCAR.lobster
Al16	*OH	Coact-Obridge	16	259	2.069958	-13.13283	down	0	-0	source_manifest:COHP/PDOS/Al16/*OH/COHPCAR.lobster
Al16	*OH	neighbor-Obridge	51	259	2.112332	-13.13283	up	0	-0	source_manifest:COHP/PDOS/Al16/*OH/COHPCAR.lobster
Al16	*OH	neighbor-Obridge	51	259	2.112332	-13.13283	down	0	-0	source_manifest:COHP/PDOS/Al16/*OH/COHPCAR.lobster
Al16	*OH	Coact-Oads	16	348	1.875883	-13.08271	up	0	-0	source_manifest:COHP/PDOS/Al16/*OH/COHPCAR.lobster
Al16	*OH	Coact-Oads	16	348	1.875883	-13.08271	down	0	-0	source_manifest:COHP/PDOS/Al16/*OH/COHPCAR.lobster
Al16	*OH	Coact-Obridge	16	259	2.069958	-13.08271	up	0	-0	source_manifest:COHP/PDOS/Al16/*OH/COHPCAR.lobster
Al16	*OH	Coact-Obridge	16	259	2.069958	-13.08271	down	0	-0	source_manifest:COHP/PDOS/Al16/*OH/COHPCAR.lobster
Al16	*OH	neighbor-Obridge	51	259	2.112332	-13.08271	up	0	-0	source_manifest:COHP/PDOS/Al16/*OH/COHPCAR.lobster
Al16	*OH	neighbor-Obridge	51	259	2.112332	-13.08271	down	0	-0	source_manifest:COHP/PDOS/Al16/*OH/COHPCAR.lobster
Al16	*OH	Coact-Oads	16	348	1.875883	-13.03258	up	0	-0	source_manifest:COHP/PDOS/Al16/*OH/COHPCAR.lobster
Al16	*OH	Coact-Oads	16	348	1.875883	-13.03258	down	0	-0	source_manifest:COHP/PDOS/Al16/*OH/COHPCAR.lobster
Al16	*OH	Coact-Obridge	16	259	2.069958	-13.03258	up	0	-0	source_manifest:COHP/PDOS/Al16/*OH/COHPCAR.lobster
Al16	*OH	Coact-Obridge	16	259	2.069958	-13.03258	down	0	-0	source_manifest:COHP/PDOS/Al16/*OH/COHPCAR.lobster
Al16	*OH	neighbor-Obridge	51	259	2.112332	-13.03258	up	0	-0	source_manifest:COHP/PDOS/Al16/*OH/COHPCAR.lobster
Al16	*OH	neighbor-Obridge	51	259	2.112332	-13.03258	down	0	-0	source_manifest:COHP/PDOS/Al16/*OH/COHPCAR.lobster
Al16	*OH	Coact-Oads	16	348	1.875883	-12.98246	up	0	-0	source_manifest:COHP/PDOS/Al16/*OH/COHPCAR.lobster
Al16	*OH	Coact-Oads	16	348	1.875883	-12.98246	down	0	-0	source_manifest:COHP/PDOS/Al16/*OH/COHPCAR.lobster
Al16	*OH	Coact-Obridge	16	259	2.069958	-12.98246	up	0	-0	source_manifest:COHP/PDOS/Al16/*OH/COHPCAR.lobster
Al16	*OH	Coact-Obridge	16	259	2.069958	-12.98246	down	0	-0	source_manifest:COHP/PDOS/Al16/*OH/COHPCAR.lobster
Al16	*OH	neighbor-Obridge	51	259	2.112332	-12.98246	up	0	-0	source_manifest:COHP/PDOS/Al16/*OH/COHPCAR.lobster
Al16	*OH	neighbor-Obridge	51	259	2.112332	-12.98246	down	0	-0	source_manifest:COHP/PDOS/Al16/*OH/COHPCAR.lobster
Al16	*OH	Coact-Oads	16	348	1.875883	-12.93233	up	0	-0	source_manifest:COHP/PDOS/Al16/*OH/COHPCAR.lobster
Al16	*OH	Coact-Oads	16	348	1.875883	-12.93233	down	0	-0	source_manifest:COHP/PDOS/Al16/*OH/COHPCAR.lobster
Al16	*OH	Coact-Obridge	16	259	2.069958	-12.93233	up	0	-0	source_manifest:COHP/PDOS/Al16/*OH/COHPCAR.lobster
Al16	*OH	Coact-Obridge	16	259	2.069958	-12.93233	down	0	-0	source_manifest:COHP/PDOS/Al16/*OH/COHPCAR.lobster
Al16	*OH	neighbor-Obridge	51	259	2.112332	-12.93233	up	0	-0	source_manifest:COHP/PDOS/Al16/*OH/COHPCAR.lobster
Al16	*OH	neighbor-Obridge	51	259	2.112332	-12.93233	down	0	-0	source_manifest:COHP/PDOS/Al16/*OH/COHPCAR.lobster
Al16	*OH	Coact-Oads	16	348	1.875883	-12.88221	up	0	-0	source_manifest:COHP/PDOS/Al16/*OH/COHPCAR.lobster
Al16	*OH	Coact-Oads	16	348	1.875883	-12.88221	down	0	-0	source_manifest:COHP/PDOS/Al16/*OH/COHPCAR.lobster
Al16	*OH	Coact-Obridge	16	259	2.069958	-12.88221	up	0	-0	source_manifest:COHP/PDOS/Al16/*OH/COHPCAR.lobster
Al16	*OH	Coact-Obridge	16	259	2.069958	-12.88221	down	0	-0	source_manifest:COHP/PDOS/Al16/*OH/COHPCAR.lobster
Al16	*OH	neighbor-Obridge	51	259	2.112332	-12.88221	up	0	-0	source_manifest:COHP/PDOS/Al16/*OH/COHPCAR.lobster
Al16	*OH	neighbor-Obridge	51	259	2.112332	-12.88221	down	0	-0	source_manifest:COHP/PDOS/Al16/*OH/COHPCAR.lobster
Al16	*OH	Coact-Oads	16	348	1.875883	-12.83208	up	0	-0	source_manifest:COHP/PDOS/Al16/*OH/COHPCAR.lobster
Al16	*OH	Coact-Oads	16	348	1.875883	-12.83208	down	0	-0	source_manifest:COHP/PDOS/Al16/*OH/COHPCAR.lobster
Al16	*OH	Coact-Obridge	16	259	2.069958	-12.83208	up	0	-0	source_manifest:COHP/PDOS/Al16/*OH/COHPCAR.lobster
Al16	*OH	Coact-Obridge	16	259	2.069958	-12.83208	down	0	-0	source_manifest:COHP/PDOS/Al16/*OH/COHPCAR.lobster
Al16	*OH	neighbor-Obridge	51	259	2.112332	-12.83208	up	0	-0	source_manifest:COHP/PDOS/Al16/*OH/COHPCAR.lobster
Al16	*OH	neighbor-Obridge	51	259	2.112332	-12.83208	down	0	-0	source_manifest:COHP/PDOS/Al16/*OH/COHPCAR.lobster
Al16	*OH	Coact-Oads	16	348	1.875883	-12.78195	up	0	-0	source_manifest:COHP/PDOS/Al16/*OH/COHPCAR.lobster
Al16	*OH	Coact-Oads	16	348	1.875883	-12.78195	down	0	-0	source_manifest:COHP/PDOS/Al16/*OH/COHPCAR.lobster
Al16	*OH	Coact-Obridge	16	259	2.069958	-12.78195	up	0	-0	source_manifest:COHP/PDOS/Al16/*OH/COHPCAR.lobster
Al16	*OH	Coact-Obridge	16	259	2.069958	-12.78195	down	0	-0	source_manifest:COHP/PDOS/Al16/*OH/COHPCAR.lobster
Al16	*OH	neighbor-Obridge	51	259	2.112332	-12.78195	up	0	-0	source_manifest:COHP/PDOS/Al16/*OH/COHPCAR.lobster
Al16	*OH	neighbor-Obridge	51	259	2.112332	-12.78195	down	0	-0	source_manifest:COHP/PDOS/Al16/*OH/COHPCAR.lobster
Al16	*OH	Coact-Oads	16	348	1.875883	-12.73183	up	0	-0	source_manifest:COHP/PDOS/Al16/*OH/COHPCAR.lobster
Al16	*OH	Coact-Oads	16	348	1.875883	-12.73183	down	0	-0	source_manifest:COHP/PDOS/Al16/*OH/COHPCAR.lobster
Al16	*OH	Coact-Obridge	16	259	2.069958	-12.73183	up	0	-0	source_manifest:COHP/PDOS/Al16/*OH/COHPCAR.lobster
Al16	*OH	Coact-Obridge	16	259	2.069958	-12.73183	down	0	-0	source_manifest:COHP/PDOS/Al16/*OH/COHPCAR.lobster
Al16	*OH	neighbor-Obridge	51	259	2.112332	-12.73183	up	0	-0	source_manifest:COHP/PDOS/Al16/*OH/COHPCAR.lobster
Al16	*OH	neighbor-Obridge	51	259	2.112332	-12.73183	down	0	-0	source_manifest:COHP/PDOS/Al16/*OH/COHPCAR.lobster
Al16	*OH	Coact-Oads	16	348	1.875883	-12.68170	up	0	-0	source_manifest:COHP/PDOS/Al16/*OH/COHPCAR.lobster
Al16	*OH	Coact-Oads	16	348	1.875883	-12.68170	down	0	-0	source_manifest:COHP/PDOS/Al16/*OH/COHPCAR.lobster
Al16	*OH	Coact-Obridge	16	259	2.069958	-12.68170	up	0	-0	source_manifest:COHP/PDOS/Al16/*OH/COHPCAR.lobster
Al16	*OH	Coact-Obridge	16	259	2.069958	-12.68170	down	0	-0	source_manifest:COHP/PDOS/Al16/*OH/COHPCAR.lobster
Al16	*OH	neighbor-Obridge	51	259	2.112332	-12.68170	up	0	-0	source_manifest:COHP/PDOS/Al16/*OH/COHPCAR.lobster
Al16	*OH	neighbor-Obridge	51	259	2.112332	-12.68170	down	0	-0	source_manifest:COHP/PDOS/Al16/*OH/COHPCAR.lobster
Al16	*OH	Coact-Oads	16	348	1.875883	-12.63158	up	0	-0	source_manifest:COHP/PDOS/Al16/*OH/COHPCAR.lobster
Al16	*OH	Coact-Oads	16	348	1.875883	-12.63158	down	0	-0	source_manifest:COHP/PDOS/Al16/*OH/COHPCAR.lobster
Al16	*OH	Coact-Obridge	16	259	2.069958	-12.63158	up	0	-0	source_manifest:COHP/PDOS/Al16/*OH/COHPCAR.lobster
Al16	*OH	Coact-Obridge	16	259	2.069958	-12.63158	down	0	-0	source_manifest:COHP/PDOS/Al16/*OH/COHPCAR.lobster
Al16	*OH	neighbor-Obridge	51	259	2.112332	-12.63158	up	0	-0	source_manifest:COHP/PDOS/Al16/*OH/COHPCAR.lobster
Al16	*OH	neighbor-Obridge	51	259	2.112332	-12.63158	down	0	-0	source_manifest:COHP/PDOS/Al16/*OH/COHPCAR.lobster
Al16	*OH	Coact-Oads	16	348	1.875883	-12.58145	up	0	-0	source_manifest:COHP/PDOS/Al16/*OH/COHPCAR.lobster
Al16	*OH	Coact-Oads	16	348	1.875883	-12.58145	down	0	-0	source_manifest:COHP/PDOS/Al16/*OH/COHPCAR.lobster
Al16	*OH	Coact-Obridge	16	259	2.069958	-12.58145	up	0	-0	source_manifest:COHP/PDOS/Al16/*OH/COHPCAR.lobster
Al16	*OH	Coact-Obridge	16	259	2.069958	-12.58145	down	0	-0	source_manifest:COHP/PDOS/Al16/*OH/COHPCAR.lobster
Al16	*OH	neighbor-Obridge	51	259	2.112332	-12.58145	up	0	-0	source_manifest:COHP/PDOS/Al16/*OH/COHPCAR.lobster
Al16	*OH	neighbor-Obridge	51	259	2.112332	-12.58145	down	0	-0	source_manifest:COHP/PDOS/Al16/*OH/COHPCAR.lobster
Al16	*OH	Coact-Oads	16	348	1.875883	-12.53133	up	0	-0	source_manifest:COHP/PDOS/Al16/*OH/COHPCAR.lobster
Al16	*OH	Coact-Oads	16	348	1.875883	-12.53133	down	0	-0	source_manifest:COHP/PDOS/Al16/*OH/COHPCAR.lobster
Al16	*OH	Coact-Obridge	16	259	2.069958	-12.53133	up	0	-0	source_manifest:COHP/PDOS/Al16/*OH/COHPCAR.lobster
Al16	*OH	Coact-Obridge	16	259	2.069958	-12.53133	down	0	-0	source_manifest:COHP/PDOS/Al16/*OH/COHPCAR.lobster
Al16	*OH	neighbor-Obridge	51	259	2.112332	-12.53133	up	0	-0	source_manifest:COHP/PDOS/Al16/*OH/COHPCAR.lobster
Al16	*OH	neighbor-Obridge	51	259	2.112332	-12.53133	down	0	-0	source_manifest:COHP/PDOS/Al16/*OH/COHPCAR.lobster
Al16	*OH	Coact-Oads	16	348	1.875883	-12.48120	up	0	-0	source_manifest:COHP/PDOS/Al16/*OH/COHPCAR.lobster
Al16	*OH	Coact-Oads	16	348	1.875883	-12.48120	down	0	-0	source_manifest:COHP/PDOS/Al16/*OH/COHPCAR.lobster
Al16	*OH	Coact-Obridge	16	259	2.069958	-12.48120	up	0	-0	source_manifest:COHP/PDOS/Al16/*OH/COHPCAR.lobster
Al16	*OH	Coact-Obridge	16	259	2.069958	-12.48120	down	0	-0	source_manifest:COHP/PDOS/Al16/*OH/COHPCAR.lobster
Al16	*OH	neighbor-Obridge	51	259	2.112332	-12.48120	up	0	-0	source_manifest:COHP/PDOS/Al16/*OH/COHPCAR.lobster
Al16	*OH	neighbor-Obridge	51	259	2.112332	-12.48120	down	0	-0	source_manifest:COHP/PDOS/Al16/*OH/COHPCAR.lobster
Al16	*OH	Coact-Oads	16	348	1.875883	-12.43108	up	0	-0	source_manifest:COHP/PDOS/Al16/*OH/COHPCAR.lobster
Al16	*OH	Coact-Oads	16	348	1.875883	-12.43108	down	0	-0	source_manifest:COHP/PDOS/Al16/*OH/COHPCAR.lobster
Al16	*OH	Coact-Obridge	16	259	2.069958	-12.43108	up	0	-0	source_manifest:COHP/PDOS/Al16/*OH/COHPCAR.lobster
Al16	*OH	Coact-Obridge	16	259	2.069958	-12.43108	down	0	-0	source_manifest:COHP/PDOS/Al16/*OH/COHPCAR.lobster
Al16	*OH	neighbor-Obridge	51	259	2.112332	-12.43108	up	0	-0	source_manifest:COHP/PDOS/Al16/*OH/COHPCAR.lobster
Al16	*OH	neighbor-Obridge	51	259	2.112332	-12.43108	down	0	-0	source_manifest:COHP/PDOS/Al16/*OH/COHPCAR.lobster
Al16	*OH	Coact-Oads	16	348	1.875883	-12.38095	up	0	-0	source_manifest:COHP/PDOS/Al16/*OH/COHPCAR.lobster
Al16	*OH	Coact-Oads	16	348	1.875883	-12.38095	down	0	-0	source_manifest:COHP/PDOS/Al16/*OH/COHPCAR.lobster
Al16	*OH	Coact-Obridge	16	259	2.069958	-12.38095	up	0	-0	source_manifest:COHP/PDOS/Al16/*OH/COHPCAR.lobster
Al16	*OH	Coact-Obridge	16	259	2.069958	-12.38095	down	0	-0	source_manifest:COHP/PDOS/Al16/*OH/COHPCAR.lobster
Al16	*OH	neighbor-Obridge	51	259	2.112332	-12.38095	up	0	-0	source_manifest:COHP/PDOS/Al16/*OH/COHPCAR.lobster
Al16	*OH	neighbor-Obridge	51	259	2.112332	-12.38095	down	0	-0	source_manifest:COHP/PDOS/Al16/*OH/COHPCAR.lobster
Al16	*OH	Coact-Oads	16	348	1.875883	-12.33083	up	0	-0	source_manifest:COHP/PDOS/Al16/*OH/COHPCAR.lobster
Al16	*OH	Coact-Oads	16	348	1.875883	-12.33083	down	0	-0	source_manifest:COHP/PDOS/Al16/*OH/COHPCAR.lobster
Al16	*OH	Coact-Obridge	16	259	2.069958	-12.33083	up	0	-0	source_manifest:COHP/PDOS/Al16/*OH/COHPCAR.lobster
Al16	*OH	Coact-Obridge	16	259	2.069958	-12.33083	down	0	-0	source_manifest:COHP/PDOS/Al16/*OH/COHPCAR.lobster
Al16	*OH	neighbor-Obridge	51	259	2.112332	-12.33083	up	0	-0	source_manifest:COHP/PDOS/Al16/*OH/COHPCAR.lobster
Al16	*OH	neighbor-Obridge	51	259	2.112332	-12.33083	down	0	-0	source_manifest:COHP/PDOS/Al16/*OH/COHPCAR.lobster
Al16	*OH	Coact-Oads	16	348	1.875883	-12.28070	up	0	-0	source_manifest:COHP/PDOS/Al16/*OH/COHPCAR.lobster
Al16	*OH	Coact-Oads	16	348	1.875883	-12.28070	down	0	-0	source_manifest:COHP/PDOS/Al16/*OH/COHPCAR.lobster
Al16	*OH	Coact-Obridge	16	259	2.069958	-12.28070	up	0	-0	source_manifest:COHP/PDOS/Al16/*OH/COHPCAR.lobster
Al16	*OH	Coact-Obridge	16	259	2.069958	-12.28070	down	0	-0	source_manifest:COHP/PDOS/Al16/*OH/COHPCAR.lobster
Al16	*OH	neighbor-Obridge	51	259	2.112332	-12.28070	up	0	-0	source_manifest:COHP/PDOS/Al16/*OH/COHPCAR.lobster
Al16	*OH	neighbor-Obridge	51	259	2.112332	-12.28070	down	0	-0	source_manifest:COHP/PDOS/Al16/*OH/COHPCAR.lobster
Al16	*OH	Coact-Oads	16	348	1.875883	-12.23058	up	0	-0	source_manifest:COHP/PDOS/Al16/*OH/COHPCAR.lobster
Al16	*OH	Coact-Oads	16	348	1.875883	-12.23058	down	0	-0	source_manifest:COHP/PDOS/Al16/*OH/COHPCAR.lobster
Al16	*OH	Coact-Obridge	16	259	2.069958	-12.23058	up	0	-0	source_manifest:COHP/PDOS/Al16/*OH/COHPCAR.lobster
Al16	*OH	Coact-Obridge	16	259	2.069958	-12.23058	down	0	-0	source_manifest:COHP/PDOS/Al16/*OH/COHPCAR.lobster
Al16	*OH	neighbor-Obridge	51	259	2.112332	-12.23058	up	0	-0	source_manifest:COHP/PDOS/Al16/*OH/COHPCAR.lobster
Al16	*OH	neighbor-Obridge	51	259	2.112332	-12.23058	down	0	-0	source_manifest:COHP/PDOS/Al16/*OH/COHPCAR.lobster
Al16	*OH	Coact-Oads	16	348	1.875883	-12.18045	up	0	-0	source_manifest:COHP/PDOS/Al16/*OH/COHPCAR.lobster
Al16	*OH	Coact-Oads	16	348	1.875883	-12.18045	down	0	-0	source_manifest:COHP/PDOS/Al16/*OH/COHPCAR.lobster
Al16	*OH	Coact-Obridge	16	259	2.069958	-12.18045	up	0	-0	source_manifest:COHP/PDOS/Al16/*OH/COHPCAR.lobster
Al16	*OH	Coact-Obridge	16	259	2.069958	-12.18045	down	0	-0	source_manifest:COHP/PDOS/Al16/*OH/COHPCAR.lobster
Al16	*OH	neighbor-Obridge	51	259	2.112332	-12.18045	up	0	-0	source_manifest:COHP/PDOS/Al16/*OH/COHPCAR.lobster
Al16	*OH	neighbor-Obridge	51	259	2.112332	-12.18045	down	0	-0	source_manifest:COHP/PDOS/Al16/*OH/COHPCAR.lobster
Al16	*OH	Coact-Oads	16	348	1.875883	-12.13033	up	0	-0	source_manifest:COHP/PDOS/Al16/*OH/COHPCAR.lobster
Al16	*OH	Coact-Oads	16	348	1.875883	-12.13033	down	0	-0	source_manifest:COHP/PDOS/Al16/*OH/COHPCAR.lobster
Al16	*OH	Coact-Obridge	16	259	2.069958	-12.13033	up	0	-0	source_manifest:COHP/PDOS/Al16/*OH/COHPCAR.lobster
Al16	*OH	Coact-Obridge	16	259	2.069958	-12.13033	down	0	-0	source_manifest:COHP/PDOS/Al16/*OH/COHPCAR.lobster
Al16	*OH	neighbor-Obridge	51	259	2.112332	-12.13033	up	0	-0	source_manifest:COHP/PDOS/Al16/*OH/COHPCAR.lobster
Al16	*OH	neighbor-Obridge	51	259	2.112332	-12.13033	down	0	-0	source_manifest:COHP/PDOS/Al16/*OH/COHPCAR.lobster
Al16	*OH	Coact-Oads	16	348	1.875883	-12.08020	up	0	-0	source_manifest:COHP/PDOS/Al16/*OH/COHPCAR.lobster
Al16	*OH	Coact-Oads	16	348	1.875883	-12.08020	down	0	-0	source_manifest:COHP/PDOS/Al16/*OH/COHPCAR.lobster
Al16	*OH	Coact-Obridge	16	259	2.069958	-12.08020	up	0	-0	source_manifest:COHP/PDOS/Al16/*OH/COHPCAR.lobster
Al16	*OH	Coact-Obridge	16	259	2.069958	-12.08020	down	0	-0	source_manifest:COHP/PDOS/Al16/*OH/COHPCAR.lobster
Al16	*OH	neighbor-Obridge	51	259	2.112332	-12.08020	up	0	-0	source_manifest:COHP/PDOS/Al16/*OH/COHPCAR.lobster
Al16	*OH	neighbor-Obridge	51	259	2.112332	-12.08020	down	0	-0	source_manifest:COHP/PDOS/Al16/*OH/COHPCAR.lobster
Al16	*OH	Coact-Oads	16	348	1.875883	-12.03008	up	0	-0	source_manifest:COHP/PDOS/Al16/*OH/COHPCAR.lobster
Al16	*OH	Coact-Oads	16	348	1.875883	-12.03008	down	0	-0	source_manifest:COHP/PDOS/Al16/*OH/COHPCAR.lobster
Al16	*OH	Coact-Obridge	16	259	2.069958	-12.03008	up	0	-0	source_manifest:COHP/PDOS/Al16/*OH/COHPCAR.lobster
Al16	*OH	Coact-Obridge	16	259	2.069958	-12.03008	down	0	-0	source_manifest:COHP/PDOS/Al16/*OH/COHPCAR.lobster
Al16	*OH	neighbor-Obridge	51	259	2.112332	-12.03008	up	0	-0	source_manifest:COHP/PDOS/Al16/*OH/COHPCAR.lobster
Al16	*OH	neighbor-Obridge	51	259	2.112332	-12.03008	down	0	-0	source_manifest:COHP/PDOS/Al16/*OH/COHPCAR.lobster
Al16	*OH	Coact-Oads	16	348	1.875883	-11.97995	up	0	-0	source_manifest:COHP/PDOS/Al16/*OH/COHPCAR.lobster
Al16	*OH	Coact-Oads	16	348	1.875883	-11.97995	down	0	-0	source_manifest:COHP/PDOS/Al16/*OH/COHPCAR.lobster
Al16	*OH	Coact-Obridge	16	259	2.069958	-11.97995	up	0	-0	source_manifest:COHP/PDOS/Al16/*OH/COHPCAR.lobster
Al16	*OH	Coact-Obridge	16	259	2.069958	-11.97995	down	0	-0	source_manifest:COHP/PDOS/Al16/*OH/COHPCAR.lobster
Al16	*OH	neighbor-Obridge	51	259	2.112332	-11.97995	up	0	-0	source_manifest:COHP/PDOS/Al16/*OH/COHPCAR.lobster
Al16	*OH	neighbor-Obridge	51	259	2.112332	-11.97995	down	0	-0	source_manifest:COHP/PDOS/Al16/*OH/COHPCAR.lobster
Al16	*OH	Coact-Oads	16	348	1.875883	-11.92982	up	0	-0	source_manifest:COHP/PDOS/Al16/*OH/COHPCAR.lobster
Al16	*OH	Coact-Oads	16	348	1.875883	-11.92982	down	0	-0	source_manifest:COHP/PDOS/Al16/*OH/COHPCAR.lobster
Al16	*OH	Coact-Obridge	16	259	2.069958	-11.92982	up	0	-0	source_manifest:COHP/PDOS/Al16/*OH/COHPCAR.lobster
Al16	*OH	Coact-Obridge	16	259	2.069958	-11.92982	down	0	-0	source_manifest:COHP/PDOS/Al16/*OH/COHPCAR.lobster
Al16	*OH	neighbor-Obridge	51	259	2.112332	-11.92982	up	0	-0	source_manifest:COHP/PDOS/Al16/*OH/COHPCAR.lobster
Al16	*OH	neighbor-Obridge	51	259	2.112332	-11.92982	down	0	-0	source_manifest:COHP/PDOS/Al16/*OH/COHPCAR.lobster
Al16	*OH	Coact-Oads	16	348	1.875883	-11.87970	up	0	-0	source_manifest:COHP/PDOS/Al16/*OH/COHPCAR.lobster
Al16	*OH	Coact-Oads	16	348	1.875883	-11.87970	down	0	-0	source_manifest:COHP/PDOS/Al16/*OH/COHPCAR.lobster
Al16	*OH	Coact-Obridge	16	259	2.069958	-11.87970	up	0	-0	source_manifest:COHP/PDOS/Al16/*OH/COHPCAR.lobster
Al16	*OH	Coact-Obridge	16	259	2.069958	-11.87970	down	0	-0	source_manifest:COHP/PDOS/Al16/*OH/COHPCAR.lobster
Al16	*OH	neighbor-Obridge	51	259	2.112332	-11.87970	up	0	-0	source_manifest:COHP/PDOS/Al16/*OH/COHPCAR.lobster
Al16	*OH	neighbor-Obridge	51	259	2.112332	-11.87970	down	0	-0	source_manifest:COHP/PDOS/Al16/*OH/COHPCAR.lobster
Al16	*OH	Coact-Oads	16	348	1.875883	-11.82957	up	0	-0	source_manifest:COHP/PDOS/Al16/*OH/COHPCAR.lobster
Al16	*OH	Coact-Oads	16	348	1.875883	-11.82957	down	0	-0	source_manifest:COHP/PDOS/Al16/*OH/COHPCAR.lobster
Al16	*OH	Coact-Obridge	16	259	2.069958	-11.82957	up	0	-0	source_manifest:COHP/PDOS/Al16/*OH/COHPCAR.lobster
Al16	*OH	Coact-Obridge	16	259	2.069958	-11.82957	down	0	-0	source_manifest:COHP/PDOS/Al16/*OH/COHPCAR.lobster
Al16	*OH	neighbor-Obridge	51	259	2.112332	-11.82957	up	0	-0	source_manifest:COHP/PDOS/Al16/*OH/COHPCAR.lobster
Al16	*OH	neighbor-Obridge	51	259	2.112332	-11.82957	down	0	-0	source_manifest:COHP/PDOS/Al16/*OH/COHPCAR.lobster
Al16	*OH	Coact-Oads	16	348	1.875883	-11.77945	up	0	-0	source_manifest:COHP/PDOS/Al16/*OH/COHPCAR.lobster
Al16	*OH	Coact-Oads	16	348	1.875883	-11.77945	down	0	-0	source_manifest:COHP/PDOS/Al16/*OH/COHPCAR.lobster
Al16	*OH	Coact-Obridge	16	259	2.069958	-11.77945	up	0	-0	source_manifest:COHP/PDOS/Al16/*OH/COHPCAR.lobster
Al16	*OH	Coact-Obridge	16	259	2.069958	-11.77945	down	0	-0	source_manifest:COHP/PDOS/Al16/*OH/COHPCAR.lobster
Al16	*OH	neighbor-Obridge	51	259	2.112332	-11.77945	up	0	-0	source_manifest:COHP/PDOS/Al16/*OH/COHPCAR.lobster
Al16	*OH	neighbor-Obridge	51	259	2.112332	-11.77945	down	0	-0	source_manifest:COHP/PDOS/Al16/*OH/COHPCAR.lobster
Al16	*OH	Coact-Oads	16	348	1.875883	-11.72932	up	0	-0	source_manifest:COHP/PDOS/Al16/*OH/COHPCAR.lobster
Al16	*OH	Coact-Oads	16	348	1.875883	-11.72932	down	0	-0	source_manifest:COHP/PDOS/Al16/*OH/COHPCAR.lobster
Al16	*OH	Coact-Obridge	16	259	2.069958	-11.72932	up	0	-0	source_manifest:COHP/PDOS/Al16/*OH/COHPCAR.lobster
Al16	*OH	Coact-Obridge	16	259	2.069958	-11.72932	down	0	-0	source_manifest:COHP/PDOS/Al16/*OH/COHPCAR.lobster
Al16	*OH	neighbor-Obridge	51	259	2.112332	-11.72932	up	0	-0	source_manifest:COHP/PDOS/Al16/*OH/COHPCAR.lobster
Al16	*OH	neighbor-Obridge	51	259	2.112332	-11.72932	down	0	-0	source_manifest:COHP/PDOS/Al16/*OH/COHPCAR.lobster
Al16	*OH	Coact-Oads	16	348	1.875883	-11.67920	up	0	-0	source_manifest:COHP/PDOS/Al16/*OH/COHPCAR.lobster
Al16	*OH	Coact-Oads	16	348	1.875883	-11.67920	down	0	-0	source_manifest:COHP/PDOS/Al16/*OH/COHPCAR.lobster
Al16	*OH	Coact-Obridge	16	259	2.069958	-11.67920	up	0	-0	source_manifest:COHP/PDOS/Al16/*OH/COHPCAR.lobster
Al16	*OH	Coact-Obridge	16	259	2.069958	-11.67920	down	0	-0	source_manifest:COHP/PDOS/Al16/*OH/COHPCAR.lobster
Al16	*OH	neighbor-Obridge	51	259	2.112332	-11.67920	up	0	-0	source_manifest:COHP/PDOS/Al16/*OH/COHPCAR.lobster
Al16	*OH	neighbor-Obridge	51	259	2.112332	-11.67920	down	0	-0	source_manifest:COHP/PDOS/Al16/*OH/COHPCAR.lobster
Al16	*OH	Coact-Oads	16	348	1.875883	-11.62907	up	0	-0	source_manifest:COHP/PDOS/Al16/*OH/COHPCAR.lobster
Al16	*OH	Coact-Oads	16	348	1.875883	-11.62907	down	0	-0	source_manifest:COHP/PDOS/Al16/*OH/COHPCAR.lobster
Al16	*OH	Coact-Obridge	16	259	2.069958	-11.62907	up	0	-0	source_manifest:COHP/PDOS/Al16/*OH/COHPCAR.lobster
Al16	*OH	Coact-Obridge	16	259	2.069958	-11.62907	down	0	-0	source_manifest:COHP/PDOS/Al16/*OH/COHPCAR.lobster
Al16	*OH	neighbor-Obridge	51	259	2.112332	-11.62907	up	0	-0	source_manifest:COHP/PDOS/Al16/*OH/COHPCAR.lobster
Al16	*OH	neighbor-Obridge	51	259	2.112332	-11.62907	down	0	-0	source_manifest:COHP/PDOS/Al16/*OH/COHPCAR.lobster
Al16	*OH	Coact-Oads	16	348	1.875883	-11.57895	up	0	-0	source_manifest:COHP/PDOS/Al16/*OH/COHPCAR.lobster
Al16	*OH	Coact-Oads	16	348	1.875883	-11.57895	down	0	-0	source_manifest:COHP/PDOS/Al16/*OH/COHPCAR.lobster
Al16	*OH	Coact-Obridge	16	259	2.069958	-11.57895	up	0	-0	source_manifest:COHP/PDOS/Al16/*OH/COHPCAR.lobster
Al16	*OH	Coact-Obridge	16	259	2.069958	-11.57895	down	0	-0	source_manifest:COHP/PDOS/Al16/*OH/COHPCAR.lobster
Al16	*OH	neighbor-Obridge	51	259	2.112332	-11.57895	up	0	-0	source_manifest:COHP/PDOS/Al16/*OH/COHPCAR.lobster
Al16	*OH	neighbor-Obridge	51	259	2.112332	-11.57895	down	0	-0	source_manifest:COHP/PDOS/Al16/*OH/COHPCAR.lobster
Al16	*OH	Coact-Oads	16	348	1.875883	-11.52882	up	0	-0	source_manifest:COHP/PDOS/Al16/*OH/COHPCAR.lobster
Al16	*OH	Coact-Oads	16	348	1.875883	-11.52882	down	0	-0	source_manifest:COHP/PDOS/Al16/*OH/COHPCAR.lobster
Al16	*OH	Coact-Obridge	16	259	2.069958	-11.52882	up	0	-0	source_manifest:COHP/PDOS/Al16/*OH/COHPCAR.lobster
Al16	*OH	Coact-Obridge	16	259	2.069958	-11.52882	down	0	-0	source_manifest:COHP/PDOS/Al16/*OH/COHPCAR.lobster
Al16	*OH	neighbor-Obridge	51	259	2.112332	-11.52882	up	0	-0	source_manifest:COHP/PDOS/Al16/*OH/COHPCAR.lobster
Al16	*OH	neighbor-Obridge	51	259	2.112332	-11.52882	down	0	-0	source_manifest:COHP/PDOS/Al16/*OH/COHPCAR.lobster
Al16	*OH	Coact-Oads	16	348	1.875883	-11.47870	up	0	-0	source_manifest:COHP/PDOS/Al16/*OH/COHPCAR.lobster
Al16	*OH	Coact-Oads	16	348	1.875883	-11.47870	down	0	-0	source_manifest:COHP/PDOS/Al16/*OH/COHPCAR.lobster
Al16	*OH	Coact-Obridge	16	259	2.069958	-11.47870	up	0	-0	source_manifest:COHP/PDOS/Al16/*OH/COHPCAR.lobster
Al16	*OH	Coact-Obridge	16	259	2.069958	-11.47870	down	0	-0	source_manifest:COHP/PDOS/Al16/*OH/COHPCAR.lobster
Al16	*OH	neighbor-Obridge	51	259	2.112332	-11.47870	up	0	-0	source_manifest:COHP/PDOS/Al16/*OH/COHPCAR.lobster
Al16	*OH	neighbor-Obridge	51	259	2.112332	-11.47870	down	0	-0	source_manifest:COHP/PDOS/Al16/*OH/COHPCAR.lobster
Al16	*OH	Coact-Oads	16	348	1.875883	-11.42857	up	0	-0	source_manifest:COHP/PDOS/Al16/*OH/COHPCAR.lobster
Al16	*OH	Coact-Oads	16	348	1.875883	-11.42857	down	0	-0	source_manifest:COHP/PDOS/Al16/*OH/COHPCAR.lobster
Al16	*OH	Coact-Obridge	16	259	2.069958	-11.42857	up	0	-0	source_manifest:COHP/PDOS/Al16/*OH/COHPCAR.lobster
Al16	*OH	Coact-Obridge	16	259	2.069958	-11.42857	down	0	-0	source_manifest:COHP/PDOS/Al16/*OH/COHPCAR.lobster
Al16	*OH	neighbor-Obridge	51	259	2.112332	-11.42857	up	0	-0	source_manifest:COHP/PDOS/Al16/*OH/COHPCAR.lobster
Al16	*OH	neighbor-Obridge	51	259	2.112332	-11.42857	down	0	-0	source_manifest:COHP/PDOS/Al16/*OH/COHPCAR.lobster
Al16	*OH	Coact-Oads	16	348	1.875883	-11.37845	up	0	-0	source_manifest:COHP/PDOS/Al16/*OH/COHPCAR.lobster
Al16	*OH	Coact-Oads	16	348	1.875883	-11.37845	down	0	-0	source_manifest:COHP/PDOS/Al16/*OH/COHPCAR.lobster
Al16	*OH	Coact-Obridge	16	259	2.069958	-11.37845	up	0	-0	source_manifest:COHP/PDOS/Al16/*OH/COHPCAR.lobster
Al16	*OH	Coact-Obridge	16	259	2.069958	-11.37845	down	0	-0	source_manifest:COHP/PDOS/Al16/*OH/COHPCAR.lobster
Al16	*OH	neighbor-Obridge	51	259	2.112332	-11.37845	up	0	-0	source_manifest:COHP/PDOS/Al16/*OH/COHPCAR.lobster
Al16	*OH	neighbor-Obridge	51	259	2.112332	-11.37845	down	0	-0	source_manifest:COHP/PDOS/Al16/*OH/COHPCAR.lobster
Al16	*OH	Coact-Oads	16	348	1.875883	-11.32832	up	0	-0	source_manifest:COHP/PDOS/Al16/*OH/COHPCAR.lobster
Al16	*OH	Coact-Oads	16	348	1.875883	-11.32832	down	0	-0	source_manifest:COHP/PDOS/Al16/*OH/COHPCAR.lobster
Al16	*OH	Coact-Obridge	16	259	2.069958	-11.32832	up	0	-0	source_manifest:COHP/PDOS/Al16/*OH/COHPCAR.lobster
Al16	*OH	Coact-Obridge	16	259	2.069958	-11.32832	down	0	-0	source_manifest:COHP/PDOS/Al16/*OH/COHPCAR.lobster
Al16	*OH	neighbor-Obridge	51	259	2.112332	-11.32832	up	0	-0	source_manifest:COHP/PDOS/Al16/*OH/COHPCAR.lobster
Al16	*OH	neighbor-Obridge	51	259	2.112332	-11.32832	down	0	-0	source_manifest:COHP/PDOS/Al16/*OH/COHPCAR.lobster
Al16	*OH	Coact-Oads	16	348	1.875883	-11.27820	up	0	-0	source_manifest:COHP/PDOS/Al16/*OH/COHPCAR.lobster
Al16	*OH	Coact-Oads	16	348	1.875883	-11.27820	down	0	-0	source_manifest:COHP/PDOS/Al16/*OH/COHPCAR.lobster
Al16	*OH	Coact-Obridge	16	259	2.069958	-11.27820	up	0	-0	source_manifest:COHP/PDOS/Al16/*OH/COHPCAR.lobster
Al16	*OH	Coact-Obridge	16	259	2.069958	-11.27820	down	0	-0	source_manifest:COHP/PDOS/Al16/*OH/COHPCAR.lobster
Al16	*OH	neighbor-Obridge	51	259	2.112332	-11.27820	up	0	-0	source_manifest:COHP/PDOS/Al16/*OH/COHPCAR.lobster
Al16	*OH	neighbor-Obridge	51	259	2.112332	-11.27820	down	0	-0	source_manifest:COHP/PDOS/Al16/*OH/COHPCAR.lobster
Al16	*OH	Coact-Oads	16	348	1.875883	-11.22807	up	0	-0	source_manifest:COHP/PDOS/Al16/*OH/COHPCAR.lobster
Al16	*OH	Coact-Oads	16	348	1.875883	-11.22807	down	0	-0	source_manifest:COHP/PDOS/Al16/*OH/COHPCAR.lobster
Al16	*OH	Coact-Obridge	16	259	2.069958	-11.22807	up	0	-0	source_manifest:COHP/PDOS/Al16/*OH/COHPCAR.lobster
Al16	*OH	Coact-Obridge	16	259	2.069958	-11.22807	down	0	-0	source_manifest:COHP/PDOS/Al16/*OH/COHPCAR.lobster
Al16	*OH	neighbor-Obridge	51	259	2.112332	-11.22807	up	0	-0	source_manifest:COHP/PDOS/Al16/*OH/COHPCAR.lobster
Al16	*OH	neighbor-Obridge	51	259	2.112332	-11.22807	down	0	-0	source_manifest:COHP/PDOS/Al16/*OH/COHPCAR.lobster
Al16	*OH	Coact-Oads	16	348	1.875883	-11.17794	up	0	-0	source_manifest:COHP/PDOS/Al16/*OH/COHPCAR.lobster
Al16	*OH	Coact-Oads	16	348	1.875883	-11.17794	down	0	-0	source_manifest:COHP/PDOS/Al16/*OH/COHPCAR.lobster
Al16	*OH	Coact-Obridge	16	259	2.069958	-11.17794	up	0	-0	source_manifest:COHP/PDOS/Al16/*OH/COHPCAR.lobster
Al16	*OH	Coact-Obridge	16	259	2.069958	-11.17794	down	0	-0	source_manifest:COHP/PDOS/Al16/*OH/COHPCAR.lobster
Al16	*OH	neighbor-Obridge	51	259	2.112332	-11.17794	up	0	-0	source_manifest:COHP/PDOS/Al16/*OH/COHPCAR.lobster
Al16	*OH	neighbor-Obridge	51	259	2.112332	-11.17794	down	0	-0	source_manifest:COHP/PDOS/Al16/*OH/COHPCAR.lobster
Al16	*OH	Coact-Oads	16	348	1.875883	-11.12782	up	0	-0	source_manifest:COHP/PDOS/Al16/*OH/COHPCAR.lobster
Al16	*OH	Coact-Oads	16	348	1.875883	-11.12782	down	0	-0	source_manifest:COHP/PDOS/Al16/*OH/COHPCAR.lobster
Al16	*OH	Coact-Obridge	16	259	2.069958	-11.12782	up	0	-0	source_manifest:COHP/PDOS/Al16/*OH/COHPCAR.lobster
Al16	*OH	Coact-Obridge	16	259	2.069958	-11.12782	down	0	-0	source_manifest:COHP/PDOS/Al16/*OH/COHPCAR.lobster
Al16	*OH	neighbor-Obridge	51	259	2.112332	-11.12782	up	0	-0	source_manifest:COHP/PDOS/Al16/*OH/COHPCAR.lobster
Al16	*OH	neighbor-Obridge	51	259	2.112332	-11.12782	down	0	-0	source_manifest:COHP/PDOS/Al16/*OH/COHPCAR.lobster
Al16	*OH	Coact-Oads	16	348	1.875883	-11.07769	up	0	-0	source_manifest:COHP/PDOS/Al16/*OH/COHPCAR.lobster
Al16	*OH	Coact-Oads	16	348	1.875883	-11.07769	down	0	-0	source_manifest:COHP/PDOS/Al16/*OH/COHPCAR.lobster
Al16	*OH	Coact-Obridge	16	259	2.069958	-11.07769	up	0	-0	source_manifest:COHP/PDOS/Al16/*OH/COHPCAR.lobster
Al16	*OH	Coact-Obridge	16	259	2.069958	-11.07769	down	0	-0	source_manifest:COHP/PDOS/Al16/*OH/COHPCAR.lobster
Al16	*OH	neighbor-Obridge	51	259	2.112332	-11.07769	up	0	-0	source_manifest:COHP/PDOS/Al16/*OH/COHPCAR.lobster
Al16	*OH	neighbor-Obridge	51	259	2.112332	-11.07769	down	0	-0	source_manifest:COHP/PDOS/Al16/*OH/COHPCAR.lobster
Al16	*OH	Coact-Oads	16	348	1.875883	-11.02757	up	0	-0	source_manifest:COHP/PDOS/Al16/*OH/COHPCAR.lobster
Al16	*OH	Coact-Oads	16	348	1.875883	-11.02757	down	0	-0	source_manifest:COHP/PDOS/Al16/*OH/COHPCAR.lobster
Al16	*OH	Coact-Obridge	16	259	2.069958	-11.02757	up	0	-0	source_manifest:COHP/PDOS/Al16/*OH/COHPCAR.lobster
Al16	*OH	Coact-Obridge	16	259	2.069958	-11.02757	down	0	-0	source_manifest:COHP/PDOS/Al16/*OH/COHPCAR.lobster
Al16	*OH	neighbor-Obridge	51	259	2.112332	-11.02757	up	0	-0	source_manifest:COHP/PDOS/Al16/*OH/COHPCAR.lobster
Al16	*OH	neighbor-Obridge	51	259	2.112332	-11.02757	down	0	-0	source_manifest:COHP/PDOS/Al16/*OH/COHPCAR.lobster
Al16	*OH	Coact-Oads	16	348	1.875883	-10.97744	up	0	-0	source_manifest:COHP/PDOS/Al16/*OH/COHPCAR.lobster
Al16	*OH	Coact-Oads	16	348	1.875883	-10.97744	down	0	-0	source_manifest:COHP/PDOS/Al16/*OH/COHPCAR.lobster
Al16	*OH	Coact-Obridge	16	259	2.069958	-10.97744	up	0	-0	source_manifest:COHP/PDOS/Al16/*OH/COHPCAR.lobster
Al16	*OH	Coact-Obridge	16	259	2.069958	-10.97744	down	0	-0	source_manifest:COHP/PDOS/Al16/*OH/COHPCAR.lobster
Al16	*OH	neighbor-Obridge	51	259	2.112332	-10.97744	up	0	-0	source_manifest:COHP/PDOS/Al16/*OH/COHPCAR.lobster
Al16	*OH	neighbor-Obridge	51	259	2.112332	-10.97744	down	0	-0	source_manifest:COHP/PDOS/Al16/*OH/COHPCAR.lobster
Al16	*OH	Coact-Oads	16	348	1.875883	-10.92732	up	0	-0	source_manifest:COHP/PDOS/Al16/*OH/COHPCAR.lobster
Al16	*OH	Coact-Oads	16	348	1.875883	-10.92732	down	0	-0	source_manifest:COHP/PDOS/Al16/*OH/COHPCAR.lobster
Al16	*OH	Coact-Obridge	16	259	2.069958	-10.92732	up	0	-0	source_manifest:COHP/PDOS/Al16/*OH/COHPCAR.lobster
Al16	*OH	Coact-Obridge	16	259	2.069958	-10.92732	down	0	-0	source_manifest:COHP/PDOS/Al16/*OH/COHPCAR.lobster
Al16	*OH	neighbor-Obridge	51	259	2.112332	-10.92732	up	0	-0	source_manifest:COHP/PDOS/Al16/*OH/COHPCAR.lobster
Al16	*OH	neighbor-Obridge	51	259	2.112332	-10.92732	down	0	-0	source_manifest:COHP/PDOS/Al16/*OH/COHPCAR.lobster
Al16	*OH	Coact-Oads	16	348	1.875883	-10.87719	up	0	-0	source_manifest:COHP/PDOS/Al16/*OH/COHPCAR.lobster
Al16	*OH	Coact-Oads	16	348	1.875883	-10.87719	down	0	-0	source_manifest:COHP/PDOS/Al16/*OH/COHPCAR.lobster
Al16	*OH	Coact-Obridge	16	259	2.069958	-10.87719	up	0	-0	source_manifest:COHP/PDOS/Al16/*OH/COHPCAR.lobster
Al16	*OH	Coact-Obridge	16	259	2.069958	-10.87719	down	0	-0	source_manifest:COHP/PDOS/Al16/*OH/COHPCAR.lobster
Al16	*OH	neighbor-Obridge	51	259	2.112332	-10.87719	up	0	-0	source_manifest:COHP/PDOS/Al16/*OH/COHPCAR.lobster
Al16	*OH	neighbor-Obridge	51	259	2.112332	-10.87719	down	0	-0	source_manifest:COHP/PDOS/Al16/*OH/COHPCAR.lobster
Al16	*OH	Coact-Oads	16	348	1.875883	-10.82707	up	0	-0	source_manifest:COHP/PDOS/Al16/*OH/COHPCAR.lobster
Al16	*OH	Coact-Oads	16	348	1.875883	-10.82707	down	0	-0	source_manifest:COHP/PDOS/Al16/*OH/COHPCAR.lobster
Al16	*OH	Coact-Obridge	16	259	2.069958	-10.82707	up	0	-0	source_manifest:COHP/PDOS/Al16/*OH/COHPCAR.lobster
Al16	*OH	Coact-Obridge	16	259	2.069958	-10.82707	down	0	-0	source_manifest:COHP/PDOS/Al16/*OH/COHPCAR.lobster
Al16	*OH	neighbor-Obridge	51	259	2.112332	-10.82707	up	0	-0	source_manifest:COHP/PDOS/Al16/*OH/COHPCAR.lobster
Al16	*OH	neighbor-Obridge	51	259	2.112332	-10.82707	down	0	-0	source_manifest:COHP/PDOS/Al16/*OH/COHPCAR.lobster
Al16	*OH	Coact-Oads	16	348	1.875883	-10.77694	up	0	-0	source_manifest:COHP/PDOS/Al16/*OH/COHPCAR.lobster
Al16	*OH	Coact-Oads	16	348	1.875883	-10.77694	down	0	-0	source_manifest:COHP/PDOS/Al16/*OH/COHPCAR.lobster
Al16	*OH	Coact-Obridge	16	259	2.069958	-10.77694	up	0	-0	source_manifest:COHP/PDOS/Al16/*OH/COHPCAR.lobster
Al16	*OH	Coact-Obridge	16	259	2.069958	-10.77694	down	0	-0	source_manifest:COHP/PDOS/Al16/*OH/COHPCAR.lobster
Al16	*OH	neighbor-Obridge	51	259	2.112332	-10.77694	up	0	-0	source_manifest:COHP/PDOS/Al16/*OH/COHPCAR.lobster
Al16	*OH	neighbor-Obridge	51	259	2.112332	-10.77694	down	0	-0	source_manifest:COHP/PDOS/Al16/*OH/COHPCAR.lobster
Al16	*OH	Coact-Oads	16	348	1.875883	-10.72682	up	0	-0	source_manifest:COHP/PDOS/Al16/*OH/COHPCAR.lobster
Al16	*OH	Coact-Oads	16	348	1.875883	-10.72682	down	0	-0	source_manifest:COHP/PDOS/Al16/*OH/COHPCAR.lobster
Al16	*OH	Coact-Obridge	16	259	2.069958	-10.72682	up	0	-0	source_manifest:COHP/PDOS/Al16/*OH/COHPCAR.lobster
Al16	*OH	Coact-Obridge	16	259	2.069958	-10.72682	down	0	-0	source_manifest:COHP/PDOS/Al16/*OH/COHPCAR.lobster
Al16	*OH	neighbor-Obridge	51	259	2.112332	-10.72682	up	0	-0	source_manifest:COHP/PDOS/Al16/*OH/COHPCAR.lobster
Al16	*OH	neighbor-Obridge	51	259	2.112332	-10.72682	down	0	-0	source_manifest:COHP/PDOS/Al16/*OH/COHPCAR.lobster
Al16	*OH	Coact-Oads	16	348	1.875883	-10.67669	up	0	-0	source_manifest:COHP/PDOS/Al16/*OH/COHPCAR.lobster
Al16	*OH	Coact-Oads	16	348	1.875883	-10.67669	down	0	-0	source_manifest:COHP/PDOS/Al16/*OH/COHPCAR.lobster
Al16	*OH	Coact-Obridge	16	259	2.069958	-10.67669	up	0	-0	source_manifest:COHP/PDOS/Al16/*OH/COHPCAR.lobster
Al16	*OH	Coact-Obridge	16	259	2.069958	-10.67669	down	0	-0	source_manifest:COHP/PDOS/Al16/*OH/COHPCAR.lobster
Al16	*OH	neighbor-Obridge	51	259	2.112332	-10.67669	up	0	-0	source_manifest:COHP/PDOS/Al16/*OH/COHPCAR.lobster
Al16	*OH	neighbor-Obridge	51	259	2.112332	-10.67669	down	0	-0	source_manifest:COHP/PDOS/Al16/*OH/COHPCAR.lobster
Al16	*OH	Coact-Oads	16	348	1.875883	-10.62657	up	0	-0	source_manifest:COHP/PDOS/Al16/*OH/COHPCAR.lobster
Al16	*OH	Coact-Oads	16	348	1.875883	-10.62657	down	0	-0	source_manifest:COHP/PDOS/Al16/*OH/COHPCAR.lobster
Al16	*OH	Coact-Obridge	16	259	2.069958	-10.62657	up	0	-0	source_manifest:COHP/PDOS/Al16/*OH/COHPCAR.lobster
Al16	*OH	Coact-Obridge	16	259	2.069958	-10.62657	down	0	-0	source_manifest:COHP/PDOS/Al16/*OH/COHPCAR.lobster
Al16	*OH	neighbor-Obridge	51	259	2.112332	-10.62657	up	0	-0	source_manifest:COHP/PDOS/Al16/*OH/COHPCAR.lobster
Al16	*OH	neighbor-Obridge	51	259	2.112332	-10.62657	down	0	-0	source_manifest:COHP/PDOS/Al16/*OH/COHPCAR.lobster
Al16	*OH	Coact-Oads	16	348	1.875883	-10.57644	up	0	-0	source_manifest:COHP/PDOS/Al16/*OH/COHPCAR.lobster
Al16	*OH	Coact-Oads	16	348	1.875883	-10.57644	down	0	-0	source_manifest:COHP/PDOS/Al16/*OH/COHPCAR.lobster
Al16	*OH	Coact-Obridge	16	259	2.069958	-10.57644	up	0	-0	source_manifest:COHP/PDOS/Al16/*OH/COHPCAR.lobster
Al16	*OH	Coact-Obridge	16	259	2.069958	-10.57644	down	0	-0	source_manifest:COHP/PDOS/Al16/*OH/COHPCAR.lobster
Al16	*OH	neighbor-Obridge	51	259	2.112332	-10.57644	up	0	-0	source_manifest:COHP/PDOS/Al16/*OH/COHPCAR.lobster
Al16	*OH	neighbor-Obridge	51	259	2.112332	-10.57644	down	0	-0	source_manifest:COHP/PDOS/Al16/*OH/COHPCAR.lobster
Al16	*OH	Coact-Oads	16	348	1.875883	-10.52632	up	0	-0	source_manifest:COHP/PDOS/Al16/*OH/COHPCAR.lobster
Al16	*OH	Coact-Oads	16	348	1.875883	-10.52632	down	0	-0	source_manifest:COHP/PDOS/Al16/*OH/COHPCAR.lobster
Al16	*OH	Coact-Obridge	16	259	2.069958	-10.52632	up	0	-0	source_manifest:COHP/PDOS/Al16/*OH/COHPCAR.lobster
Al16	*OH	Coact-Obridge	16	259	2.069958	-10.52632	down	0	-0	source_manifest:COHP/PDOS/Al16/*OH/COHPCAR.lobster
Al16	*OH	neighbor-Obridge	51	259	2.112332	-10.52632	up	0	-0	source_manifest:COHP/PDOS/Al16/*OH/COHPCAR.lobster
Al16	*OH	neighbor-Obridge	51	259	2.112332	-10.52632	down	0	-0	source_manifest:COHP/PDOS/Al16/*OH/COHPCAR.lobster
Al16	*OH	Coact-Oads	16	348	1.875883	-10.47619	up	0	-0	source_manifest:COHP/PDOS/Al16/*OH/COHPCAR.lobster
Al16	*OH	Coact-Oads	16	348	1.875883	-10.47619	down	0	-0	source_manifest:COHP/PDOS/Al16/*OH/COHPCAR.lobster
Al16	*OH	Coact-Obridge	16	259	2.069958	-10.47619	up	0	-0	source_manifest:COHP/PDOS/Al16/*OH/COHPCAR.lobster
Al16	*OH	Coact-Obridge	16	259	2.069958	-10.47619	down	0	-0	source_manifest:COHP/PDOS/Al16/*OH/COHPCAR.lobster
Al16	*OH	neighbor-Obridge	51	259	2.112332	-10.47619	up	0	-0	source_manifest:COHP/PDOS/Al16/*OH/COHPCAR.lobster
Al16	*OH	neighbor-Obridge	51	259	2.112332	-10.47619	down	0	-0	source_manifest:COHP/PDOS/Al16/*OH/COHPCAR.lobster
Al16	*OH	Coact-Oads	16	348	1.875883	-10.42607	up	0	-0	source_manifest:COHP/PDOS/Al16/*OH/COHPCAR.lobster
Al16	*OH	Coact-Oads	16	348	1.875883	-10.42607	down	0	-0	source_manifest:COHP/PDOS/Al16/*OH/COHPCAR.lobster
Al16	*OH	Coact-Obridge	16	259	2.069958	-10.42607	up	0	-0	source_manifest:COHP/PDOS/Al16/*OH/COHPCAR.lobster
Al16	*OH	Coact-Obridge	16	259	2.069958	-10.42607	down	0	-0	source_manifest:COHP/PDOS/Al16/*OH/COHPCAR.lobster
Al16	*OH	neighbor-Obridge	51	259	2.112332	-10.42607	up	0	-0	source_manifest:COHP/PDOS/Al16/*OH/COHPCAR.lobster
Al16	*OH	neighbor-Obridge	51	259	2.112332	-10.42607	down	0	-0	source_manifest:COHP/PDOS/Al16/*OH/COHPCAR.lobster
Al16	*OH	Coact-Oads	16	348	1.875883	-10.37594	up	0	-0	source_manifest:COHP/PDOS/Al16/*OH/COHPCAR.lobster
Al16	*OH	Coact-Oads	16	348	1.875883	-10.37594	down	0	-0	source_manifest:COHP/PDOS/Al16/*OH/COHPCAR.lobster
Al16	*OH	Coact-Obridge	16	259	2.069958	-10.37594	up	0	-0	source_manifest:COHP/PDOS/Al16/*OH/COHPCAR.lobster
Al16	*OH	Coact-Obridge	16	259	2.069958	-10.37594	down	0	-0	source_manifest:COHP/PDOS/Al16/*OH/COHPCAR.lobster
Al16	*OH	neighbor-Obridge	51	259	2.112332	-10.37594	up	0	-0	source_manifest:COHP/PDOS/Al16/*OH/COHPCAR.lobster
Al16	*OH	neighbor-Obridge	51	259	2.112332	-10.37594	down	0	-0	source_manifest:COHP/PDOS/Al16/*OH/COHPCAR.lobster
Al16	*OH	Coact-Oads	16	348	1.875883	-10.32581	up	0	-0	source_manifest:COHP/PDOS/Al16/*OH/COHPCAR.lobster
Al16	*OH	Coact-Oads	16	348	1.875883	-10.32581	down	0	-0	source_manifest:COHP/PDOS/Al16/*OH/COHPCAR.lobster
Al16	*OH	Coact-Obridge	16	259	2.069958	-10.32581	up	0	-0	source_manifest:COHP/PDOS/Al16/*OH/COHPCAR.lobster
Al16	*OH	Coact-Obridge	16	259	2.069958	-10.32581	down	0	-0	source_manifest:COHP/PDOS/Al16/*OH/COHPCAR.lobster
Al16	*OH	neighbor-Obridge	51	259	2.112332	-10.32581	up	0	-0	source_manifest:COHP/PDOS/Al16/*OH/COHPCAR.lobster
Al16	*OH	neighbor-Obridge	51	259	2.112332	-10.32581	down	0	-0	source_manifest:COHP/PDOS/Al16/*OH/COHPCAR.lobster
Al16	*OH	Coact-Oads	16	348	1.875883	-10.27569	up	0	-0	source_manifest:COHP/PDOS/Al16/*OH/COHPCAR.lobster
Al16	*OH	Coact-Oads	16	348	1.875883	-10.27569	down	0	-0	source_manifest:COHP/PDOS/Al16/*OH/COHPCAR.lobster
Al16	*OH	Coact-Obridge	16	259	2.069958	-10.27569	up	0	-0	source_manifest:COHP/PDOS/Al16/*OH/COHPCAR.lobster
Al16	*OH	Coact-Obridge	16	259	2.069958	-10.27569	down	0	-0	source_manifest:COHP/PDOS/Al16/*OH/COHPCAR.lobster
Al16	*OH	neighbor-Obridge	51	259	2.112332	-10.27569	up	0	-0	source_manifest:COHP/PDOS/Al16/*OH/COHPCAR.lobster
Al16	*OH	neighbor-Obridge	51	259	2.112332	-10.27569	down	0	-0	source_manifest:COHP/PDOS/Al16/*OH/COHPCAR.lobster
Al16	*OH	Coact-Oads	16	348	1.875883	-10.22556	up	0	-0	source_manifest:COHP/PDOS/Al16/*OH/COHPCAR.lobster
Al16	*OH	Coact-Oads	16	348	1.875883	-10.22556	down	0	-0	source_manifest:COHP/PDOS/Al16/*OH/COHPCAR.lobster
Al16	*OH	Coact-Obridge	16	259	2.069958	-10.22556	up	0	-0	source_manifest:COHP/PDOS/Al16/*OH/COHPCAR.lobster
Al16	*OH	Coact-Obridge	16	259	2.069958	-10.22556	down	0	-0	source_manifest:COHP/PDOS/Al16/*OH/COHPCAR.lobster
Al16	*OH	neighbor-Obridge	51	259	2.112332	-10.22556	up	0	-0	source_manifest:COHP/PDOS/Al16/*OH/COHPCAR.lobster
Al16	*OH	neighbor-Obridge	51	259	2.112332	-10.22556	down	0	-0	source_manifest:COHP/PDOS/Al16/*OH/COHPCAR.lobster
Al16	*OH	Coact-Oads	16	348	1.875883	-10.17544	up	0	-0	source_manifest:COHP/PDOS/Al16/*OH/COHPCAR.lobster
Al16	*OH	Coact-Oads	16	348	1.875883	-10.17544	down	0	-0	source_manifest:COHP/PDOS/Al16/*OH/COHPCAR.lobster
Al16	*OH	Coact-Obridge	16	259	2.069958	-10.17544	up	0	-0	source_manifest:COHP/PDOS/Al16/*OH/COHPCAR.lobster
Al16	*OH	Coact-Obridge	16	259	2.069958	-10.17544	down	0	-0	source_manifest:COHP/PDOS/Al16/*OH/COHPCAR.lobster
Al16	*OH	neighbor-Obridge	51	259	2.112332	-10.17544	up	0	-0	source_manifest:COHP/PDOS/Al16/*OH/COHPCAR.lobster
Al16	*OH	neighbor-Obridge	51	259	2.112332	-10.17544	down	0	-0	source_manifest:COHP/PDOS/Al16/*OH/COHPCAR.lobster
Al16	*OH	Coact-Oads	16	348	1.875883	-10.12531	up	0	-0	source_manifest:COHP/PDOS/Al16/*OH/COHPCAR.lobster
Al16	*OH	Coact-Oads	16	348	1.875883	-10.12531	down	0	-0	source_manifest:COHP/PDOS/Al16/*OH/COHPCAR.lobster
Al16	*OH	Coact-Obridge	16	259	2.069958	-10.12531	up	0	-0	source_manifest:COHP/PDOS/Al16/*OH/COHPCAR.lobster
Al16	*OH	Coact-Obridge	16	259	2.069958	-10.12531	down	0	-0	source_manifest:COHP/PDOS/Al16/*OH/COHPCAR.lobster
Al16	*OH	neighbor-Obridge	51	259	2.112332	-10.12531	up	0	-0	source_manifest:COHP/PDOS/Al16/*OH/COHPCAR.lobster
Al16	*OH	neighbor-Obridge	51	259	2.112332	-10.12531	down	0	-0	source_manifest:COHP/PDOS/Al16/*OH/COHPCAR.lobster
Al16	*OH	Coact-Oads	16	348	1.875883	-10.07519	up	0	-0	source_manifest:COHP/PDOS/Al16/*OH/COHPCAR.lobster
Al16	*OH	Coact-Oads	16	348	1.875883	-10.07519	down	0	-0	source_manifest:COHP/PDOS/Al16/*OH/COHPCAR.lobster
Al16	*OH	Coact-Obridge	16	259	2.069958	-10.07519	up	0	-0	source_manifest:COHP/PDOS/Al16/*OH/COHPCAR.lobster
Al16	*OH	Coact-Obridge	16	259	2.069958	-10.07519	down	0	-0	source_manifest:COHP/PDOS/Al16/*OH/COHPCAR.lobster
Al16	*OH	neighbor-Obridge	51	259	2.112332	-10.07519	up	0	-0	source_manifest:COHP/PDOS/Al16/*OH/COHPCAR.lobster
Al16	*OH	neighbor-Obridge	51	259	2.112332	-10.07519	down	0	-0	source_manifest:COHP/PDOS/Al16/*OH/COHPCAR.lobster
Al16	*OH	Coact-Oads	16	348	1.875883	-10.02506	up	0	-0	source_manifest:COHP/PDOS/Al16/*OH/COHPCAR.lobster
Al16	*OH	Coact-Oads	16	348	1.875883	-10.02506	down	0	-0	source_manifest:COHP/PDOS/Al16/*OH/COHPCAR.lobster
Al16	*OH	Coact-Obridge	16	259	2.069958	-10.02506	up	0	-0	source_manifest:COHP/PDOS/Al16/*OH/COHPCAR.lobster
Al16	*OH	Coact-Obridge	16	259	2.069958	-10.02506	down	0	-0	source_manifest:COHP/PDOS/Al16/*OH/COHPCAR.lobster
Al16	*OH	neighbor-Obridge	51	259	2.112332	-10.02506	up	0	-0	source_manifest:COHP/PDOS/Al16/*OH/COHPCAR.lobster
Al16	*OH	neighbor-Obridge	51	259	2.112332	-10.02506	down	0	-0	source_manifest:COHP/PDOS/Al16/*OH/COHPCAR.lobster
Al16	*OH	Coact-Oads	16	348	1.875883	-9.97494	up	0	-0	source_manifest:COHP/PDOS/Al16/*OH/COHPCAR.lobster
Al16	*OH	Coact-Oads	16	348	1.875883	-9.97494	down	0	-0	source_manifest:COHP/PDOS/Al16/*OH/COHPCAR.lobster
Al16	*OH	Coact-Obridge	16	259	2.069958	-9.97494	up	0	-0	source_manifest:COHP/PDOS/Al16/*OH/COHPCAR.lobster
Al16	*OH	Coact-Obridge	16	259	2.069958	-9.97494	down	0	-0	source_manifest:COHP/PDOS/Al16/*OH/COHPCAR.lobster
Al16	*OH	neighbor-Obridge	51	259	2.112332	-9.97494	up	0	-0	source_manifest:COHP/PDOS/Al16/*OH/COHPCAR.lobster
Al16	*OH	neighbor-Obridge	51	259	2.112332	-9.97494	down	0	-0	source_manifest:COHP/PDOS/Al16/*OH/COHPCAR.lobster
Al16	*OH	Coact-Oads	16	348	1.875883	-9.92481	up	0	-0	source_manifest:COHP/PDOS/Al16/*OH/COHPCAR.lobster
Al16	*OH	Coact-Oads	16	348	1.875883	-9.92481	down	0	-0	source_manifest:COHP/PDOS/Al16/*OH/COHPCAR.lobster
Al16	*OH	Coact-Obridge	16	259	2.069958	-9.92481	up	0	-0	source_manifest:COHP/PDOS/Al16/*OH/COHPCAR.lobster
Al16	*OH	Coact-Obridge	16	259	2.069958	-9.92481	down	0	-0	source_manifest:COHP/PDOS/Al16/*OH/COHPCAR.lobster
Al16	*OH	neighbor-Obridge	51	259	2.112332	-9.92481	up	0	-0	source_manifest:COHP/PDOS/Al16/*OH/COHPCAR.lobster
Al16	*OH	neighbor-Obridge	51	259	2.112332	-9.92481	down	0	-0	source_manifest:COHP/PDOS/Al16/*OH/COHPCAR.lobster
Al16	*OH	Coact-Oads	16	348	1.875883	-9.87469	up	0	-0	source_manifest:COHP/PDOS/Al16/*OH/COHPCAR.lobster
Al16	*OH	Coact-Oads	16	348	1.875883	-9.87469	down	0	-0	source_manifest:COHP/PDOS/Al16/*OH/COHPCAR.lobster
Al16	*OH	Coact-Obridge	16	259	2.069958	-9.87469	up	0	-0	source_manifest:COHP/PDOS/Al16/*OH/COHPCAR.lobster
Al16	*OH	Coact-Obridge	16	259	2.069958	-9.87469	down	0	-0	source_manifest:COHP/PDOS/Al16/*OH/COHPCAR.lobster
Al16	*OH	neighbor-Obridge	51	259	2.112332	-9.87469	up	0	-0	source_manifest:COHP/PDOS/Al16/*OH/COHPCAR.lobster
Al16	*OH	neighbor-Obridge	51	259	2.112332	-9.87469	down	0	-0	source_manifest:COHP/PDOS/Al16/*OH/COHPCAR.lobster
Al16	*OH	Coact-Oads	16	348	1.875883	-9.82456	up	0	-0	source_manifest:COHP/PDOS/Al16/*OH/COHPCAR.lobster
Al16	*OH	Coact-Oads	16	348	1.875883	-9.82456	down	0	-0	source_manifest:COHP/PDOS/Al16/*OH/COHPCAR.lobster
Al16	*OH	Coact-Obridge	16	259	2.069958	-9.82456	up	0	-0	source_manifest:COHP/PDOS/Al16/*OH/COHPCAR.lobster
Al16	*OH	Coact-Obridge	16	259	2.069958	-9.82456	down	0	-0	source_manifest:COHP/PDOS/Al16/*OH/COHPCAR.lobster
Al16	*OH	neighbor-Obridge	51	259	2.112332	-9.82456	up	0	-0	source_manifest:COHP/PDOS/Al16/*OH/COHPCAR.lobster
Al16	*OH	neighbor-Obridge	51	259	2.112332	-9.82456	down	0	-0	source_manifest:COHP/PDOS/Al16/*OH/COHPCAR.lobster
Al16	*OH	Coact-Oads	16	348	1.875883	-9.77444	up	0	-0	source_manifest:COHP/PDOS/Al16/*OH/COHPCAR.lobster
Al16	*OH	Coact-Oads	16	348	1.875883	-9.77444	down	0	-0	source_manifest:COHP/PDOS/Al16/*OH/COHPCAR.lobster
Al16	*OH	Coact-Obridge	16	259	2.069958	-9.77444	up	0	-0	source_manifest:COHP/PDOS/Al16/*OH/COHPCAR.lobster
Al16	*OH	Coact-Obridge	16	259	2.069958	-9.77444	down	0	-0	source_manifest:COHP/PDOS/Al16/*OH/COHPCAR.lobster
Al16	*OH	neighbor-Obridge	51	259	2.112332	-9.77444	up	0	-0	source_manifest:COHP/PDOS/Al16/*OH/COHPCAR.lobster
Al16	*OH	neighbor-Obridge	51	259	2.112332	-9.77444	down	0	-0	source_manifest:COHP/PDOS/Al16/*OH/COHPCAR.lobster
Al16	*OH	Coact-Oads	16	348	1.875883	-9.72431	up	0	-0	source_manifest:COHP/PDOS/Al16/*OH/COHPCAR.lobster
Al16	*OH	Coact-Oads	16	348	1.875883	-9.72431	down	0	-0	source_manifest:COHP/PDOS/Al16/*OH/COHPCAR.lobster
Al16	*OH	Coact-Obridge	16	259	2.069958	-9.72431	up	0	-0	source_manifest:COHP/PDOS/Al16/*OH/COHPCAR.lobster
Al16	*OH	Coact-Obridge	16	259	2.069958	-9.72431	down	0	-0	source_manifest:COHP/PDOS/Al16/*OH/COHPCAR.lobster
Al16	*OH	neighbor-Obridge	51	259	2.112332	-9.72431	up	0	-0	source_manifest:COHP/PDOS/Al16/*OH/COHPCAR.lobster
Al16	*OH	neighbor-Obridge	51	259	2.112332	-9.72431	down	0	-0	source_manifest:COHP/PDOS/Al16/*OH/COHPCAR.lobster
Al16	*OH	Coact-Oads	16	348	1.875883	-9.67419	up	0	-0	source_manifest:COHP/PDOS/Al16/*OH/COHPCAR.lobster
Al16	*OH	Coact-Oads	16	348	1.875883	-9.67419	down	0	-0	source_manifest:COHP/PDOS/Al16/*OH/COHPCAR.lobster
Al16	*OH	Coact-Obridge	16	259	2.069958	-9.67419	up	0	-0	source_manifest:COHP/PDOS/Al16/*OH/COHPCAR.lobster
Al16	*OH	Coact-Obridge	16	259	2.069958	-9.67419	down	0	-0	source_manifest:COHP/PDOS/Al16/*OH/COHPCAR.lobster
Al16	*OH	neighbor-Obridge	51	259	2.112332	-9.67419	up	0	-0	source_manifest:COHP/PDOS/Al16/*OH/COHPCAR.lobster
Al16	*OH	neighbor-Obridge	51	259	2.112332	-9.67419	down	0	-0	source_manifest:COHP/PDOS/Al16/*OH/COHPCAR.lobster
Al16	*OH	Coact-Oads	16	348	1.875883	-9.62406	up	-0	0	source_manifest:COHP/PDOS/Al16/*OH/COHPCAR.lobster
Al16	*OH	Coact-Oads	16	348	1.875883	-9.62406	down	-0	0	source_manifest:COHP/PDOS/Al16/*OH/COHPCAR.lobster
Al16	*OH	Coact-Obridge	16	259	2.069958	-9.62406	up	0	-0	source_manifest:COHP/PDOS/Al16/*OH/COHPCAR.lobster
Al16	*OH	Coact-Obridge	16	259	2.069958	-9.62406	down	0	-0	source_manifest:COHP/PDOS/Al16/*OH/COHPCAR.lobster
Al16	*OH	neighbor-Obridge	51	259	2.112332	-9.62406	up	0	-0	source_manifest:COHP/PDOS/Al16/*OH/COHPCAR.lobster
Al16	*OH	neighbor-Obridge	51	259	2.112332	-9.62406	down	0	-0	source_manifest:COHP/PDOS/Al16/*OH/COHPCAR.lobster
Al16	*OH	Coact-Oads	16	348	1.875883	-9.57393	up	-0	0	source_manifest:COHP/PDOS/Al16/*OH/COHPCAR.lobster
Al16	*OH	Coact-Oads	16	348	1.875883	-9.57393	down	-0	0	source_manifest:COHP/PDOS/Al16/*OH/COHPCAR.lobster
Al16	*OH	Coact-Obridge	16	259	2.069958	-9.57393	up	0	-0	source_manifest:COHP/PDOS/Al16/*OH/COHPCAR.lobster
Al16	*OH	Coact-Obridge	16	259	2.069958	-9.57393	down	0	-0	source_manifest:COHP/PDOS/Al16/*OH/COHPCAR.lobster
Al16	*OH	neighbor-Obridge	51	259	2.112332	-9.57393	up	0	-0	source_manifest:COHP/PDOS/Al16/*OH/COHPCAR.lobster
Al16	*OH	neighbor-Obridge	51	259	2.112332	-9.57393	down	0	-0	source_manifest:COHP/PDOS/Al16/*OH/COHPCAR.lobster
Al16	*OH	Coact-Oads	16	348	1.875883	-9.52381	up	-0	0	source_manifest:COHP/PDOS/Al16/*OH/COHPCAR.lobster
Al16	*OH	Coact-Oads	16	348	1.875883	-9.52381	down	-0	0	source_manifest:COHP/PDOS/Al16/*OH/COHPCAR.lobster
Al16	*OH	Coact-Obridge	16	259	2.069958	-9.52381	up	-0	0	source_manifest:COHP/PDOS/Al16/*OH/COHPCAR.lobster
Al16	*OH	Coact-Obridge	16	259	2.069958	-9.52381	down	-0	0	source_manifest:COHP/PDOS/Al16/*OH/COHPCAR.lobster
Al16	*OH	neighbor-Obridge	51	259	2.112332	-9.52381	up	0	-0	source_manifest:COHP/PDOS/Al16/*OH/COHPCAR.lobster
Al16	*OH	neighbor-Obridge	51	259	2.112332	-9.52381	down	-0	0	source_manifest:COHP/PDOS/Al16/*OH/COHPCAR.lobster
Al16	*OH	Coact-Oads	16	348	1.875883	-9.47368	up	-0.00014	0.00014	source_manifest:COHP/PDOS/Al16/*OH/COHPCAR.lobster
Al16	*OH	Coact-Oads	16	348	1.875883	-9.47368	down	-0.00038	0.00038	source_manifest:COHP/PDOS/Al16/*OH/COHPCAR.lobster
Al16	*OH	Coact-Obridge	16	259	2.069958	-9.47368	up	-0	0	source_manifest:COHP/PDOS/Al16/*OH/COHPCAR.lobster
Al16	*OH	Coact-Obridge	16	259	2.069958	-9.47368	down	-0	0	source_manifest:COHP/PDOS/Al16/*OH/COHPCAR.lobster
Al16	*OH	neighbor-Obridge	51	259	2.112332	-9.47368	up	-0	0	source_manifest:COHP/PDOS/Al16/*OH/COHPCAR.lobster
Al16	*OH	neighbor-Obridge	51	259	2.112332	-9.47368	down	-0	0	source_manifest:COHP/PDOS/Al16/*OH/COHPCAR.lobster
Al16	*OH	Coact-Oads	16	348	1.875883	-9.42356	up	-0.00599	0.00599	source_manifest:COHP/PDOS/Al16/*OH/COHPCAR.lobster
Al16	*OH	Coact-Oads	16	348	1.875883	-9.42356	down	-0.01578	0.01578	source_manifest:COHP/PDOS/Al16/*OH/COHPCAR.lobster
Al16	*OH	Coact-Obridge	16	259	2.069958	-9.42356	up	-0	0	source_manifest:COHP/PDOS/Al16/*OH/COHPCAR.lobster
Al16	*OH	Coact-Obridge	16	259	2.069958	-9.42356	down	-0	0	source_manifest:COHP/PDOS/Al16/*OH/COHPCAR.lobster
Al16	*OH	neighbor-Obridge	51	259	2.112332	-9.42356	up	-0	0	source_manifest:COHP/PDOS/Al16/*OH/COHPCAR.lobster
Al16	*OH	neighbor-Obridge	51	259	2.112332	-9.42356	down	-0	0	source_manifest:COHP/PDOS/Al16/*OH/COHPCAR.lobster
Al16	*OH	Coact-Oads	16	348	1.875883	-9.37343	up	-0.04209	0.04209	source_manifest:COHP/PDOS/Al16/*OH/COHPCAR.lobster
Al16	*OH	Coact-Oads	16	348	1.875883	-9.37343	down	-0.1077	0.1077	source_manifest:COHP/PDOS/Al16/*OH/COHPCAR.lobster
Al16	*OH	Coact-Obridge	16	259	2.069958	-9.37343	up	-1e-05	1e-05	source_manifest:COHP/PDOS/Al16/*OH/COHPCAR.lobster
Al16	*OH	Coact-Obridge	16	259	2.069958	-9.37343	down	-4e-05	4e-05	source_manifest:COHP/PDOS/Al16/*OH/COHPCAR.lobster
Al16	*OH	neighbor-Obridge	51	259	2.112332	-9.37343	up	-0	0	source_manifest:COHP/PDOS/Al16/*OH/COHPCAR.lobster
Al16	*OH	neighbor-Obridge	51	259	2.112332	-9.37343	down	-1e-05	1e-05	source_manifest:COHP/PDOS/Al16/*OH/COHPCAR.lobster
Al16	*OH	Coact-Oads	16	348	1.875883	-9.32331	up	-0.05604	0.05604	source_manifest:COHP/PDOS/Al16/*OH/COHPCAR.lobster
Al16	*OH	Coact-Oads	16	348	1.875883	-9.32331	down	-0.13264	0.13264	source_manifest:COHP/PDOS/Al16/*OH/COHPCAR.lobster
Al16	*OH	Coact-Obridge	16	259	2.069958	-9.32331	up	-0.00124	0.00124	source_manifest:COHP/PDOS/Al16/*OH/COHPCAR.lobster
Al16	*OH	Coact-Obridge	16	259	2.069958	-9.32331	down	-0.00296	0.00296	source_manifest:COHP/PDOS/Al16/*OH/COHPCAR.lobster
Al16	*OH	neighbor-Obridge	51	259	2.112332	-9.32331	up	-8e-05	8e-05	source_manifest:COHP/PDOS/Al16/*OH/COHPCAR.lobster
Al16	*OH	neighbor-Obridge	51	259	2.112332	-9.32331	down	-0.00109	0.00109	source_manifest:COHP/PDOS/Al16/*OH/COHPCAR.lobster
Al16	*OH	Coact-Oads	16	348	1.875883	-9.27318	up	-0.0156	0.0156	source_manifest:COHP/PDOS/Al16/*OH/COHPCAR.lobster
Al16	*OH	Coact-Oads	16	348	1.875883	-9.27318	down	-0.03034	0.03034	source_manifest:COHP/PDOS/Al16/*OH/COHPCAR.lobster
Al16	*OH	Coact-Obridge	16	259	2.069958	-9.27318	up	-0.01724	0.01724	source_manifest:COHP/PDOS/Al16/*OH/COHPCAR.lobster
Al16	*OH	Coact-Obridge	16	259	2.069958	-9.27318	down	-0.04017	0.04017	source_manifest:COHP/PDOS/Al16/*OH/COHPCAR.lobster
Al16	*OH	neighbor-Obridge	51	259	2.112332	-9.27318	up	-0.00114	0.00114	source_manifest:COHP/PDOS/Al16/*OH/COHPCAR.lobster
Al16	*OH	neighbor-Obridge	51	259	2.112332	-9.27318	down	-0.01496	0.01496	source_manifest:COHP/PDOS/Al16/*OH/COHPCAR.lobster
Al16	*OH	Coact-Oads	16	348	1.875883	-9.22306	up	-0.00102	0.00102	source_manifest:COHP/PDOS/Al16/*OH/COHPCAR.lobster
Al16	*OH	Coact-Oads	16	348	1.875883	-9.22306	down	-0.00133	0.00133	source_manifest:COHP/PDOS/Al16/*OH/COHPCAR.lobster
Al16	*OH	Coact-Obridge	16	259	2.069958	-9.22306	up	-0.04482	0.04482	source_manifest:COHP/PDOS/Al16/*OH/COHPCAR.lobster
Al16	*OH	Coact-Obridge	16	259	2.069958	-9.22306	down	-0.09747	0.09747	source_manifest:COHP/PDOS/Al16/*OH/COHPCAR.lobster
Al16	*OH	neighbor-Obridge	51	259	2.112332	-9.22306	up	-0.00278	0.00278	source_manifest:COHP/PDOS/Al16/*OH/COHPCAR.lobster
Al16	*OH	neighbor-Obridge	51	259	2.112332	-9.22306	down	-0.03782	0.03782	source_manifest:COHP/PDOS/Al16/*OH/COHPCAR.lobster
Al16	*OH	Coact-Oads	16	348	1.875883	-9.17293	up	-0.00527	0.00527	source_manifest:COHP/PDOS/Al16/*OH/COHPCAR.lobster
Al16	*OH	Coact-Oads	16	348	1.875883	-9.17293	down	-0.00775	0.00775	source_manifest:COHP/PDOS/Al16/*OH/COHPCAR.lobster
Al16	*OH	Coact-Obridge	16	259	2.069958	-9.17293	up	-0.02535	0.02535	source_manifest:COHP/PDOS/Al16/*OH/COHPCAR.lobster
Al16	*OH	Coact-Obridge	16	259	2.069958	-9.17293	down	-0.04653	0.04653	source_manifest:COHP/PDOS/Al16/*OH/COHPCAR.lobster
Al16	*OH	neighbor-Obridge	51	259	2.112332	-9.17293	up	-0.00136	0.00136	source_manifest:COHP/PDOS/Al16/*OH/COHPCAR.lobster
Al16	*OH	neighbor-Obridge	51	259	2.112332	-9.17293	down	-0.02007	0.02007	source_manifest:COHP/PDOS/Al16/*OH/COHPCAR.lobster
Al16	*OH	Coact-Oads	16	348	1.875883	-9.12281	up	-0.10893	0.10893	source_manifest:COHP/PDOS/Al16/*OH/COHPCAR.lobster
Al16	*OH	Coact-Oads	16	348	1.875883	-9.12281	down	-0.15949	0.15949	source_manifest:COHP/PDOS/Al16/*OH/COHPCAR.lobster
Al16	*OH	Coact-Obridge	16	259	2.069958	-9.12281	up	-0.00349	0.00349	source_manifest:COHP/PDOS/Al16/*OH/COHPCAR.lobster
Al16	*OH	Coact-Obridge	16	259	2.069958	-9.12281	down	-0.00476	0.00476	source_manifest:COHP/PDOS/Al16/*OH/COHPCAR.lobster
Al16	*OH	neighbor-Obridge	51	259	2.112332	-9.12281	up	-0.00014	0.00014	source_manifest:COHP/PDOS/Al16/*OH/COHPCAR.lobster
Al16	*OH	neighbor-Obridge	51	259	2.112332	-9.12281	down	-0.00251	0.00251	source_manifest:COHP/PDOS/Al16/*OH/COHPCAR.lobster
Al16	*OH	Coact-Oads	16	348	1.875883	-9.07268	up	-0.39471	0.39471	source_manifest:COHP/PDOS/Al16/*OH/COHPCAR.lobster
Al16	*OH	Coact-Oads	16	348	1.875883	-9.07268	down	-0.57077	0.57077	source_manifest:COHP/PDOS/Al16/*OH/COHPCAR.lobster
Al16	*OH	Coact-Obridge	16	259	2.069958	-9.07268	up	-0.00053	0.00053	source_manifest:COHP/PDOS/Al16/*OH/COHPCAR.lobster
Al16	*OH	Coact-Obridge	16	259	2.069958	-9.07268	down	-0.00066	0.00066	source_manifest:COHP/PDOS/Al16/*OH/COHPCAR.lobster
Al16	*OH	neighbor-Obridge	51	259	2.112332	-9.07268	up	-1e-05	1e-05	source_manifest:COHP/PDOS/Al16/*OH/COHPCAR.lobster
Al16	*OH	neighbor-Obridge	51	259	2.112332	-9.07268	down	-0.00026	0.00026	source_manifest:COHP/PDOS/Al16/*OH/COHPCAR.lobster
Al16	*OH	Coact-Oads	16	348	1.875883	-9.02256	up	-0.2745	0.2745	source_manifest:COHP/PDOS/Al16/*OH/COHPCAR.lobster
Al16	*OH	Coact-Oads	16	348	1.875883	-9.02256	down	-0.38569	0.38569	source_manifest:COHP/PDOS/Al16/*OH/COHPCAR.lobster
Al16	*OH	Coact-Obridge	16	259	2.069958	-9.02256	up	-0.02768	0.02768	source_manifest:COHP/PDOS/Al16/*OH/COHPCAR.lobster
Al16	*OH	Coact-Obridge	16	259	2.069958	-9.02256	down	-0.03607	0.03607	source_manifest:COHP/PDOS/Al16/*OH/COHPCAR.lobster
Al16	*OH	neighbor-Obridge	51	259	2.112332	-9.02256	up	-0.00025	0.00025	source_manifest:COHP/PDOS/Al16/*OH/COHPCAR.lobster
Al16	*OH	neighbor-Obridge	51	259	2.112332	-9.02256	down	-0.01218	0.01218	source_manifest:COHP/PDOS/Al16/*OH/COHPCAR.lobster
Al16	*OH	Coact-Oads	16	348	1.875883	-8.97243	up	-0.07301	0.07301	source_manifest:COHP/PDOS/Al16/*OH/COHPCAR.lobster
Al16	*OH	Coact-Oads	16	348	1.875883	-8.97243	down	-0.10444	0.10444	source_manifest:COHP/PDOS/Al16/*OH/COHPCAR.lobster
Al16	*OH	Coact-Obridge	16	259	2.069958	-8.97243	up	-0.29867	0.29867	source_manifest:COHP/PDOS/Al16/*OH/COHPCAR.lobster
Al16	*OH	Coact-Obridge	16	259	2.069958	-8.97243	down	-0.38873	0.38873	source_manifest:COHP/PDOS/Al16/*OH/COHPCAR.lobster
Al16	*OH	neighbor-Obridge	51	259	2.112332	-8.97243	up	-0.00273	0.00273	source_manifest:COHP/PDOS/Al16/*OH/COHPCAR.lobster
Al16	*OH	neighbor-Obridge	51	259	2.112332	-8.97243	down	-0.13152	0.13152	source_manifest:COHP/PDOS/Al16/*OH/COHPCAR.lobster
Al16	*OH	Coact-Oads	16	348	1.875883	-8.92231	up	-0.42522	0.42522	source_manifest:COHP/PDOS/Al16/*OH/COHPCAR.lobster
Al16	*OH	Coact-Oads	16	348	1.875883	-8.92231	down	-0.65821	0.65821	source_manifest:COHP/PDOS/Al16/*OH/COHPCAR.lobster
Al16	*OH	Coact-Obridge	16	259	2.069958	-8.92231	up	-0.5717	0.5717	source_manifest:COHP/PDOS/Al16/*OH/COHPCAR.lobster
Al16	*OH	Coact-Obridge	16	259	2.069958	-8.92231	down	-0.74031	0.74031	source_manifest:COHP/PDOS/Al16/*OH/COHPCAR.lobster
Al16	*OH	neighbor-Obridge	51	259	2.112332	-8.92231	up	-0.00523	0.00523	source_manifest:COHP/PDOS/Al16/*OH/COHPCAR.lobster
Al16	*OH	neighbor-Obridge	51	259	2.112332	-8.92231	down	-0.25213	0.25213	source_manifest:COHP/PDOS/Al16/*OH/COHPCAR.lobster
Al16	*OH	Coact-Oads	16	348	1.875883	-8.87218	up	-0.90858	0.90858	source_manifest:COHP/PDOS/Al16/*OH/COHPCAR.lobster
Al16	*OH	Coact-Oads	16	348	1.875883	-8.87218	down	-1.40317	1.40317	source_manifest:COHP/PDOS/Al16/*OH/COHPCAR.lobster
Al16	*OH	Coact-Obridge	16	259	2.069958	-8.87218	up	-0.21547	0.21547	source_manifest:COHP/PDOS/Al16/*OH/COHPCAR.lobster
Al16	*OH	Coact-Obridge	16	259	2.069958	-8.87218	down	-0.27436	0.27436	source_manifest:COHP/PDOS/Al16/*OH/COHPCAR.lobster
Al16	*OH	neighbor-Obridge	51	259	2.112332	-8.87218	up	-0.00198	0.00198	source_manifest:COHP/PDOS/Al16/*OH/COHPCAR.lobster
Al16	*OH	neighbor-Obridge	51	259	2.112332	-8.87218	down	-0.09568	0.09568	source_manifest:COHP/PDOS/Al16/*OH/COHPCAR.lobster
Al16	*OH	Coact-Oads	16	348	1.875883	-8.82206	up	-0.38491	0.38491	source_manifest:COHP/PDOS/Al16/*OH/COHPCAR.lobster
Al16	*OH	Coact-Oads	16	348	1.875883	-8.82206	down	-0.57036	0.57036	source_manifest:COHP/PDOS/Al16/*OH/COHPCAR.lobster
Al16	*OH	Coact-Obridge	16	259	2.069958	-8.82206	up	-0.23236	0.23236	source_manifest:COHP/PDOS/Al16/*OH/COHPCAR.lobster
Al16	*OH	Coact-Obridge	16	259	2.069958	-8.82206	down	-0.31126	0.31126	source_manifest:COHP/PDOS/Al16/*OH/COHPCAR.lobster
Al16	*OH	neighbor-Obridge	51	259	2.112332	-8.82206	up	-0.00222	0.00222	source_manifest:COHP/PDOS/Al16/*OH/COHPCAR.lobster
Al16	*OH	neighbor-Obridge	51	259	2.112332	-8.82206	down	-0.10556	0.10556	source_manifest:COHP/PDOS/Al16/*OH/COHPCAR.lobster
Al16	*OH	Coact-Oads	16	348	1.875883	-8.77193	up	-0.06864	0.06864	source_manifest:COHP/PDOS/Al16/*OH/COHPCAR.lobster
Al16	*OH	Coact-Oads	16	348	1.875883	-8.77193	down	-0.0818	0.0818	source_manifest:COHP/PDOS/Al16/*OH/COHPCAR.lobster
Al16	*OH	Coact-Obridge	16	259	2.069958	-8.77193	up	-0.83324	0.83324	source_manifest:COHP/PDOS/Al16/*OH/COHPCAR.lobster
Al16	*OH	Coact-Obridge	16	259	2.069958	-8.77193	down	-1.12436	1.12436	source_manifest:COHP/PDOS/Al16/*OH/COHPCAR.lobster
Al16	*OH	neighbor-Obridge	51	259	2.112332	-8.77193	up	-0.00797	0.00797	source_manifest:COHP/PDOS/Al16/*OH/COHPCAR.lobster
Al16	*OH	neighbor-Obridge	51	259	2.112332	-8.77193	down	-0.3784	0.3784	source_manifest:COHP/PDOS/Al16/*OH/COHPCAR.lobster
Al16	*OH	Coact-Oads	16	348	1.875883	-8.72180	up	-0.1354	0.1354	source_manifest:COHP/PDOS/Al16/*OH/COHPCAR.lobster
Al16	*OH	Coact-Oads	16	348	1.875883	-8.72180	down	-0.28709	0.28709	source_manifest:COHP/PDOS/Al16/*OH/COHPCAR.lobster
Al16	*OH	Coact-Obridge	16	259	2.069958	-8.72180	up	-0.58568	0.58568	source_manifest:COHP/PDOS/Al16/*OH/COHPCAR.lobster
Al16	*OH	Coact-Obridge	16	259	2.069958	-8.72180	down	-0.78545	0.78545	source_manifest:COHP/PDOS/Al16/*OH/COHPCAR.lobster
Al16	*OH	neighbor-Obridge	51	259	2.112332	-8.72180	up	-0.0055	0.0055	source_manifest:COHP/PDOS/Al16/*OH/COHPCAR.lobster
Al16	*OH	neighbor-Obridge	51	259	2.112332	-8.72180	down	-0.26373	0.26373	source_manifest:COHP/PDOS/Al16/*OH/COHPCAR.lobster
Al16	*OH	Coact-Oads	16	348	1.875883	-8.67168	up	-0.47158	0.47158	source_manifest:COHP/PDOS/Al16/*OH/COHPCAR.lobster
Al16	*OH	Coact-Oads	16	348	1.875883	-8.67168	down	-1.00794	1.00794	source_manifest:COHP/PDOS/Al16/*OH/COHPCAR.lobster
Al16	*OH	Coact-Obridge	16	259	2.069958	-8.67168	up	-0.0876	0.0876	source_manifest:COHP/PDOS/Al16/*OH/COHPCAR.lobster
Al16	*OH	Coact-Obridge	16	259	2.069958	-8.67168	down	-0.1089	0.1089	source_manifest:COHP/PDOS/Al16/*OH/COHPCAR.lobster
Al16	*OH	neighbor-Obridge	51	259	2.112332	-8.67168	up	-0.00065	0.00065	source_manifest:COHP/PDOS/Al16/*OH/COHPCAR.lobster
Al16	*OH	neighbor-Obridge	51	259	2.112332	-8.67168	down	-0.03553	0.03553	source_manifest:COHP/PDOS/Al16/*OH/COHPCAR.lobster
Al16	*OH	Coact-Oads	16	348	1.875883	-8.62155	up	-0.45373	0.45373	source_manifest:COHP/PDOS/Al16/*OH/COHPCAR.lobster
Al16	*OH	Coact-Oads	16	348	1.875883	-8.62155	down	-0.81677	0.81677	source_manifest:COHP/PDOS/Al16/*OH/COHPCAR.lobster
Al16	*OH	Coact-Obridge	16	259	2.069958	-8.62155	up	-0.00727	0.00727	source_manifest:COHP/PDOS/Al16/*OH/COHPCAR.lobster
Al16	*OH	Coact-Obridge	16	259	2.069958	-8.62155	down	-0.00695	0.00695	source_manifest:COHP/PDOS/Al16/*OH/COHPCAR.lobster
Al16	*OH	neighbor-Obridge	51	259	2.112332	-8.62155	up	-1e-05	1e-05	source_manifest:COHP/PDOS/Al16/*OH/COHPCAR.lobster
Al16	*OH	neighbor-Obridge	51	259	2.112332	-8.62155	down	-0.00184	0.00184	source_manifest:COHP/PDOS/Al16/*OH/COHPCAR.lobster
Al16	*OH	Coact-Oads	16	348	1.875883	-8.57143	up	-0.25364	0.25364	source_manifest:COHP/PDOS/Al16/*OH/COHPCAR.lobster
Al16	*OH	Coact-Oads	16	348	1.875883	-8.57143	down	-0.33494	0.33494	source_manifest:COHP/PDOS/Al16/*OH/COHPCAR.lobster
Al16	*OH	Coact-Obridge	16	259	2.069958	-8.57143	up	-0.02569	0.02569	source_manifest:COHP/PDOS/Al16/*OH/COHPCAR.lobster
Al16	*OH	Coact-Obridge	16	259	2.069958	-8.57143	down	-0.04536	0.04536	source_manifest:COHP/PDOS/Al16/*OH/COHPCAR.lobster
Al16	*OH	neighbor-Obridge	51	259	2.112332	-8.57143	up	-0.00013	0.00013	source_manifest:COHP/PDOS/Al16/*OH/COHPCAR.lobster
Al16	*OH	neighbor-Obridge	51	259	2.112332	-8.57143	down	-0.00668	0.00668	source_manifest:COHP/PDOS/Al16/*OH/COHPCAR.lobster
Al16	*OH	Coact-Oads	16	348	1.875883	-8.52130	up	-0.37226	0.37226	source_manifest:COHP/PDOS/Al16/*OH/COHPCAR.lobster
Al16	*OH	Coact-Oads	16	348	1.875883	-8.52130	down	-0.52611	0.52611	source_manifest:COHP/PDOS/Al16/*OH/COHPCAR.lobster
Al16	*OH	Coact-Obridge	16	259	2.069958	-8.52130	up	-0.26784	0.26784	source_manifest:COHP/PDOS/Al16/*OH/COHPCAR.lobster
Al16	*OH	Coact-Obridge	16	259	2.069958	-8.52130	down	-0.47269	0.47269	source_manifest:COHP/PDOS/Al16/*OH/COHPCAR.lobster
Al16	*OH	neighbor-Obridge	51	259	2.112332	-8.52130	up	-0.00129	0.00129	source_manifest:COHP/PDOS/Al16/*OH/COHPCAR.lobster
Al16	*OH	neighbor-Obridge	51	259	2.112332	-8.52130	down	-0.06959	0.06959	source_manifest:COHP/PDOS/Al16/*OH/COHPCAR.lobster
Al16	*OH	Coact-Oads	16	348	1.875883	-8.47118	up	-0.86281	0.86281	source_manifest:COHP/PDOS/Al16/*OH/COHPCAR.lobster
Al16	*OH	Coact-Oads	16	348	1.875883	-8.47118	down	-1.29734	1.29734	source_manifest:COHP/PDOS/Al16/*OH/COHPCAR.lobster
Al16	*OH	Coact-Obridge	16	259	2.069958	-8.47118	up	-0.5328	0.5328	source_manifest:COHP/PDOS/Al16/*OH/COHPCAR.lobster
Al16	*OH	Coact-Obridge	16	259	2.069958	-8.47118	down	-0.92073	0.92073	source_manifest:COHP/PDOS/Al16/*OH/COHPCAR.lobster
Al16	*OH	neighbor-Obridge	51	259	2.112332	-8.47118	up	-0.00225	0.00225	source_manifest:COHP/PDOS/Al16/*OH/COHPCAR.lobster
Al16	*OH	neighbor-Obridge	51	259	2.112332	-8.47118	down	-0.14012	0.14012	source_manifest:COHP/PDOS/Al16/*OH/COHPCAR.lobster
Al16	*OH	Coact-Oads	16	348	1.875883	-8.42105	up	-0.88184	0.88184	source_manifest:COHP/PDOS/Al16/*OH/COHPCAR.lobster
Al16	*OH	Coact-Oads	16	348	1.875883	-8.42105	down	-1.36997	1.36997	source_manifest:COHP/PDOS/Al16/*OH/COHPCAR.lobster
Al16	*OH	Coact-Obridge	16	259	2.069958	-8.42105	up	-0.25759	0.25759	source_manifest:COHP/PDOS/Al16/*OH/COHPCAR.lobster
Al16	*OH	Coact-Obridge	16	259	2.069958	-8.42105	down	-0.4092	0.4092	source_manifest:COHP/PDOS/Al16/*OH/COHPCAR.lobster
Al16	*OH	neighbor-Obridge	51	259	2.112332	-8.42105	up	-0.00076	0.00076	source_manifest:COHP/PDOS/Al16/*OH/COHPCAR.lobster
Al16	*OH	neighbor-Obridge	51	259	2.112332	-8.42105	down	-0.07436	0.07436	source_manifest:COHP/PDOS/Al16/*OH/COHPCAR.lobster
Al16	*OH	Coact-Oads	16	348	1.875883	-8.37093	up	-0.40919	0.40919	source_manifest:COHP/PDOS/Al16/*OH/COHPCAR.lobster
Al16	*OH	Coact-Oads	16	348	1.875883	-8.37093	down	-0.66047	0.66047	source_manifest:COHP/PDOS/Al16/*OH/COHPCAR.lobster
Al16	*OH	Coact-Obridge	16	259	2.069958	-8.37093	up	-0.12563	0.12563	source_manifest:COHP/PDOS/Al16/*OH/COHPCAR.lobster
Al16	*OH	Coact-Obridge	16	259	2.069958	-8.37093	down	-0.16215	0.16215	source_manifest:COHP/PDOS/Al16/*OH/COHPCAR.lobster
Al16	*OH	neighbor-Obridge	51	259	2.112332	-8.37093	up	0.00073	-0.00073	source_manifest:COHP/PDOS/Al16/*OH/COHPCAR.lobster
Al16	*OH	neighbor-Obridge	51	259	2.112332	-8.37093	down	-0.0249	0.0249	source_manifest:COHP/PDOS/Al16/*OH/COHPCAR.lobster
Al16	*OH	Coact-Oads	16	348	1.875883	-8.32080	up	-0.08837	0.08837	source_manifest:COHP/PDOS/Al16/*OH/COHPCAR.lobster
Al16	*OH	Coact-Oads	16	348	1.875883	-8.32080	down	-0.14982	0.14982	source_manifest:COHP/PDOS/Al16/*OH/COHPCAR.lobster
Al16	*OH	Coact-Obridge	16	259	2.069958	-8.32080	up	-0.31475	0.31475	source_manifest:COHP/PDOS/Al16/*OH/COHPCAR.lobster
Al16	*OH	Coact-Obridge	16	259	2.069958	-8.32080	down	-0.44038	0.44038	source_manifest:COHP/PDOS/Al16/*OH/COHPCAR.lobster
Al16	*OH	neighbor-Obridge	51	259	2.112332	-8.32080	up	0.00033	-0.00033	source_manifest:COHP/PDOS/Al16/*OH/COHPCAR.lobster
Al16	*OH	neighbor-Obridge	51	259	2.112332	-8.32080	down	-0.05563	0.05563	source_manifest:COHP/PDOS/Al16/*OH/COHPCAR.lobster
Al16	*OH	Coact-Oads	16	348	1.875883	-8.27068	up	-0.01623	0.01623	source_manifest:COHP/PDOS/Al16/*OH/COHPCAR.lobster
Al16	*OH	Coact-Oads	16	348	1.875883	-8.27068	down	-0.02098	0.02098	source_manifest:COHP/PDOS/Al16/*OH/COHPCAR.lobster
Al16	*OH	Coact-Obridge	16	259	2.069958	-8.27068	up	-1.04373	1.04373	source_manifest:COHP/PDOS/Al16/*OH/COHPCAR.lobster
Al16	*OH	Coact-Obridge	16	259	2.069958	-8.27068	down	-1.50759	1.50759	source_manifest:COHP/PDOS/Al16/*OH/COHPCAR.lobster
Al16	*OH	neighbor-Obridge	51	259	2.112332	-8.27068	up	-0.00254	0.00254	source_manifest:COHP/PDOS/Al16/*OH/COHPCAR.lobster
Al16	*OH	neighbor-Obridge	51	259	2.112332	-8.27068	down	-0.20973	0.20973	source_manifest:COHP/PDOS/Al16/*OH/COHPCAR.lobster
Al16	*OH	Coact-Oads	16	348	1.875883	-8.22055	up	-0.07549	0.07549	source_manifest:COHP/PDOS/Al16/*OH/COHPCAR.lobster
Al16	*OH	Coact-Oads	16	348	1.875883	-8.22055	down	-0.10346	0.10346	source_manifest:COHP/PDOS/Al16/*OH/COHPCAR.lobster
Al16	*OH	Coact-Obridge	16	259	2.069958	-8.22055	up	-0.93758	0.93758	source_manifest:COHP/PDOS/Al16/*OH/COHPCAR.lobster
Al16	*OH	Coact-Obridge	16	259	2.069958	-8.22055	down	-1.36712	1.36712	source_manifest:COHP/PDOS/Al16/*OH/COHPCAR.lobster
Al16	*OH	neighbor-Obridge	51	259	2.112332	-8.22055	up	-0.00242	0.00242	source_manifest:COHP/PDOS/Al16/*OH/COHPCAR.lobster
Al16	*OH	neighbor-Obridge	51	259	2.112332	-8.22055	down	-0.17654	0.17654	source_manifest:COHP/PDOS/Al16/*OH/COHPCAR.lobster
Al16	*OH	Coact-Oads	16	348	1.875883	-8.17043	up	-0.30756	0.30756	source_manifest:COHP/PDOS/Al16/*OH/COHPCAR.lobster
Al16	*OH	Coact-Oads	16	348	1.875883	-8.17043	down	-0.63863	0.63863	source_manifest:COHP/PDOS/Al16/*OH/COHPCAR.lobster
Al16	*OH	Coact-Obridge	16	259	2.069958	-8.17043	up	-0.67918	0.67918	source_manifest:COHP/PDOS/Al16/*OH/COHPCAR.lobster
Al16	*OH	Coact-Obridge	16	259	2.069958	-8.17043	down	-1.0596	1.0596	source_manifest:COHP/PDOS/Al16/*OH/COHPCAR.lobster
Al16	*OH	neighbor-Obridge	51	259	2.112332	-8.17043	up	-0.00174	0.00174	source_manifest:COHP/PDOS/Al16/*OH/COHPCAR.lobster
Al16	*OH	neighbor-Obridge	51	259	2.112332	-8.17043	down	-0.07772	0.07772	source_manifest:COHP/PDOS/Al16/*OH/COHPCAR.lobster
Al16	*OH	Coact-Oads	16	348	1.875883	-8.12030	up	-0.45041	0.45041	source_manifest:COHP/PDOS/Al16/*OH/COHPCAR.lobster
Al16	*OH	Coact-Oads	16	348	1.875883	-8.12030	down	-1.62434	1.62434	source_manifest:COHP/PDOS/Al16/*OH/COHPCAR.lobster
Al16	*OH	Coact-Obridge	16	259	2.069958	-8.12030	up	-0.54724	0.54724	source_manifest:COHP/PDOS/Al16/*OH/COHPCAR.lobster
Al16	*OH	Coact-Obridge	16	259	2.069958	-8.12030	down	-0.88652	0.88652	source_manifest:COHP/PDOS/Al16/*OH/COHPCAR.lobster
Al16	*OH	neighbor-Obridge	51	259	2.112332	-8.12030	up	-0.00168	0.00168	source_manifest:COHP/PDOS/Al16/*OH/COHPCAR.lobster
Al16	*OH	neighbor-Obridge	51	259	2.112332	-8.12030	down	-0.04892	0.04892	source_manifest:COHP/PDOS/Al16/*OH/COHPCAR.lobster
Al16	*OH	Coact-Oads	16	348	1.875883	-8.07018	up	-0.37537	0.37537	source_manifest:COHP/PDOS/Al16/*OH/COHPCAR.lobster
Al16	*OH	Coact-Oads	16	348	1.875883	-8.07018	down	-1.87542	1.87542	source_manifest:COHP/PDOS/Al16/*OH/COHPCAR.lobster
Al16	*OH	Coact-Obridge	16	259	2.069958	-8.07018	up	-0.1233	0.1233	source_manifest:COHP/PDOS/Al16/*OH/COHPCAR.lobster
Al16	*OH	Coact-Obridge	16	259	2.069958	-8.07018	down	-0.19534	0.19534	source_manifest:COHP/PDOS/Al16/*OH/COHPCAR.lobster
Al16	*OH	neighbor-Obridge	51	259	2.112332	-8.07018	up	-0.00811	0.00811	source_manifest:COHP/PDOS/Al16/*OH/COHPCAR.lobster
Al16	*OH	neighbor-Obridge	51	259	2.112332	-8.07018	down	-0.075	0.075	source_manifest:COHP/PDOS/Al16/*OH/COHPCAR.lobster
Al16	*OH	Coact-Oads	16	348	1.875883	-8.02005	up	-0.20883	0.20883	source_manifest:COHP/PDOS/Al16/*OH/COHPCAR.lobster
Al16	*OH	Coact-Oads	16	348	1.875883	-8.02005	down	-0.9199	0.9199	source_manifest:COHP/PDOS/Al16/*OH/COHPCAR.lobster
Al16	*OH	Coact-Obridge	16	259	2.069958	-8.02005	up	-0.10365	0.10365	source_manifest:COHP/PDOS/Al16/*OH/COHPCAR.lobster
Al16	*OH	Coact-Obridge	16	259	2.069958	-8.02005	down	-0.09145	0.09145	source_manifest:COHP/PDOS/Al16/*OH/COHPCAR.lobster
Al16	*OH	neighbor-Obridge	51	259	2.112332	-8.02005	up	-0.09257	0.09257	source_manifest:COHP/PDOS/Al16/*OH/COHPCAR.lobster
Al16	*OH	neighbor-Obridge	51	259	2.112332	-8.02005	down	-0.87612	0.87612	source_manifest:COHP/PDOS/Al16/*OH/COHPCAR.lobster
Al16	*OH	Coact-Oads	16	348	1.875883	-7.96992	up	-0.10588	0.10588	source_manifest:COHP/PDOS/Al16/*OH/COHPCAR.lobster
Al16	*OH	Coact-Oads	16	348	1.875883	-7.96992	down	-0.41272	0.41272	source_manifest:COHP/PDOS/Al16/*OH/COHPCAR.lobster
Al16	*OH	Coact-Obridge	16	259	2.069958	-7.96992	up	-0.27578	0.27578	source_manifest:COHP/PDOS/Al16/*OH/COHPCAR.lobster
Al16	*OH	Coact-Obridge	16	259	2.069958	-7.96992	down	-0.24392	0.24392	source_manifest:COHP/PDOS/Al16/*OH/COHPCAR.lobster
Al16	*OH	neighbor-Obridge	51	259	2.112332	-7.96992	up	-0.25295	0.25295	source_manifest:COHP/PDOS/Al16/*OH/COHPCAR.lobster
Al16	*OH	neighbor-Obridge	51	259	2.112332	-7.96992	down	-2.48768	2.48768	source_manifest:COHP/PDOS/Al16/*OH/COHPCAR.lobster
Al16	*OH	Coact-Oads	16	348	1.875883	-7.91980	up	-0.09762	0.09762	source_manifest:COHP/PDOS/Al16/*OH/COHPCAR.lobster
Al16	*OH	Coact-Oads	16	348	1.875883	-7.91980	down	-0.29789	0.29789	source_manifest:COHP/PDOS/Al16/*OH/COHPCAR.lobster
Al16	*OH	Coact-Obridge	16	259	2.069958	-7.91980	up	-0.24003	0.24003	source_manifest:COHP/PDOS/Al16/*OH/COHPCAR.lobster
Al16	*OH	Coact-Obridge	16	259	2.069958	-7.91980	down	-0.3004	0.3004	source_manifest:COHP/PDOS/Al16/*OH/COHPCAR.lobster
Al16	*OH	neighbor-Obridge	51	259	2.112332	-7.91980	up	-0.15946	0.15946	source_manifest:COHP/PDOS/Al16/*OH/COHPCAR.lobster
Al16	*OH	neighbor-Obridge	51	259	2.112332	-7.91980	down	-1.76327	1.76327	source_manifest:COHP/PDOS/Al16/*OH/COHPCAR.lobster
Al16	*OH	Coact-Oads	16	348	1.875883	-7.86967	up	-0.15883	0.15883	source_manifest:COHP/PDOS/Al16/*OH/COHPCAR.lobster
Al16	*OH	Coact-Oads	16	348	1.875883	-7.86967	down	-0.21516	0.21516	source_manifest:COHP/PDOS/Al16/*OH/COHPCAR.lobster
Al16	*OH	Coact-Obridge	16	259	2.069958	-7.86967	up	-0.19584	0.19584	source_manifest:COHP/PDOS/Al16/*OH/COHPCAR.lobster
Al16	*OH	Coact-Obridge	16	259	2.069958	-7.86967	down	-0.34946	0.34946	source_manifest:COHP/PDOS/Al16/*OH/COHPCAR.lobster
Al16	*OH	neighbor-Obridge	51	259	2.112332	-7.86967	up	-0.08588	0.08588	source_manifest:COHP/PDOS/Al16/*OH/COHPCAR.lobster
Al16	*OH	neighbor-Obridge	51	259	2.112332	-7.86967	down	-1.06832	1.06832	source_manifest:COHP/PDOS/Al16/*OH/COHPCAR.lobster
Al16	*OH	Coact-Oads	16	348	1.875883	-7.81955	up	-0.10989	0.10989	source_manifest:COHP/PDOS/Al16/*OH/COHPCAR.lobster
Al16	*OH	Coact-Oads	16	348	1.875883	-7.81955	down	-0.30601	0.30601	source_manifest:COHP/PDOS/Al16/*OH/COHPCAR.lobster
Al16	*OH	Coact-Obridge	16	259	2.069958	-7.81955	up	-0.08107	0.08107	source_manifest:COHP/PDOS/Al16/*OH/COHPCAR.lobster
Al16	*OH	Coact-Obridge	16	259	2.069958	-7.81955	down	-0.21372	0.21372	source_manifest:COHP/PDOS/Al16/*OH/COHPCAR.lobster
Al16	*OH	neighbor-Obridge	51	259	2.112332	-7.81955	up	-0.09266	0.09266	source_manifest:COHP/PDOS/Al16/*OH/COHPCAR.lobster
Al16	*OH	neighbor-Obridge	51	259	2.112332	-7.81955	down	-0.63505	0.63505	source_manifest:COHP/PDOS/Al16/*OH/COHPCAR.lobster
Al16	*OH	Coact-Oads	16	348	1.875883	-7.76942	up	0.08643	-0.08643	source_manifest:COHP/PDOS/Al16/*OH/COHPCAR.lobster
Al16	*OH	Coact-Oads	16	348	1.875883	-7.76942	down	-0.6448	0.6448	source_manifest:COHP/PDOS/Al16/*OH/COHPCAR.lobster
Al16	*OH	Coact-Obridge	16	259	2.069958	-7.76942	up	-0.03151	0.03151	source_manifest:COHP/PDOS/Al16/*OH/COHPCAR.lobster
Al16	*OH	Coact-Obridge	16	259	2.069958	-7.76942	down	-0.30463	0.30463	source_manifest:COHP/PDOS/Al16/*OH/COHPCAR.lobster
Al16	*OH	neighbor-Obridge	51	259	2.112332	-7.76942	up	-0.10403	0.10403	source_manifest:COHP/PDOS/Al16/*OH/COHPCAR.lobster
Al16	*OH	neighbor-Obridge	51	259	2.112332	-7.76942	down	-0.35443	0.35443	source_manifest:COHP/PDOS/Al16/*OH/COHPCAR.lobster
Al16	*OH	Coact-Oads	16	348	1.875883	-7.71930	up	0.05045	-0.05045	source_manifest:COHP/PDOS/Al16/*OH/COHPCAR.lobster
Al16	*OH	Coact-Oads	16	348	1.875883	-7.71930	down	-0.85789	0.85789	source_manifest:COHP/PDOS/Al16/*OH/COHPCAR.lobster
Al16	*OH	Coact-Obridge	16	259	2.069958	-7.71930	up	-0.08127	0.08127	source_manifest:COHP/PDOS/Al16/*OH/COHPCAR.lobster
Al16	*OH	Coact-Obridge	16	259	2.069958	-7.71930	down	-0.80599	0.80599	source_manifest:COHP/PDOS/Al16/*OH/COHPCAR.lobster
Al16	*OH	neighbor-Obridge	51	259	2.112332	-7.71930	up	-0.25471	0.25471	source_manifest:COHP/PDOS/Al16/*OH/COHPCAR.lobster
Al16	*OH	neighbor-Obridge	51	259	2.112332	-7.71930	down	-0.52789	0.52789	source_manifest:COHP/PDOS/Al16/*OH/COHPCAR.lobster
Al16	*OH	Coact-Oads	16	348	1.875883	-7.66917	up	-0.21351	0.21351	source_manifest:COHP/PDOS/Al16/*OH/COHPCAR.lobster
Al16	*OH	Coact-Oads	16	348	1.875883	-7.66917	down	-0.85309	0.85309	source_manifest:COHP/PDOS/Al16/*OH/COHPCAR.lobster
Al16	*OH	Coact-Obridge	16	259	2.069958	-7.66917	up	-0.11445	0.11445	source_manifest:COHP/PDOS/Al16/*OH/COHPCAR.lobster
Al16	*OH	Coact-Obridge	16	259	2.069958	-7.66917	down	-1.1527	1.1527	source_manifest:COHP/PDOS/Al16/*OH/COHPCAR.lobster
Al16	*OH	neighbor-Obridge	51	259	2.112332	-7.66917	up	-0.33799	0.33799	source_manifest:COHP/PDOS/Al16/*OH/COHPCAR.lobster
Al16	*OH	neighbor-Obridge	51	259	2.112332	-7.66917	down	-0.42885	0.42885	source_manifest:COHP/PDOS/Al16/*OH/COHPCAR.lobster
Al16	*OH	Coact-Oads	16	348	1.875883	-7.61905	up	-0.36175	0.36175	source_manifest:COHP/PDOS/Al16/*OH/COHPCAR.lobster
Al16	*OH	Coact-Oads	16	348	1.875883	-7.61905	down	-0.79093	0.79093	source_manifest:COHP/PDOS/Al16/*OH/COHPCAR.lobster
Al16	*OH	Coact-Obridge	16	259	2.069958	-7.61905	up	-0.16393	0.16393	source_manifest:COHP/PDOS/Al16/*OH/COHPCAR.lobster
Al16	*OH	Coact-Obridge	16	259	2.069958	-7.61905	down	-1.04118	1.04118	source_manifest:COHP/PDOS/Al16/*OH/COHPCAR.lobster
Al16	*OH	neighbor-Obridge	51	259	2.112332	-7.61905	up	-0.28031	0.28031	source_manifest:COHP/PDOS/Al16/*OH/COHPCAR.lobster
Al16	*OH	neighbor-Obridge	51	259	2.112332	-7.61905	down	-0.30522	0.30522	source_manifest:COHP/PDOS/Al16/*OH/COHPCAR.lobster
Al16	*OH	Coact-Oads	16	348	1.875883	-7.56892	up	-0.38946	0.38946	source_manifest:COHP/PDOS/Al16/*OH/COHPCAR.lobster
Al16	*OH	Coact-Oads	16	348	1.875883	-7.56892	down	-0.608	0.608	source_manifest:COHP/PDOS/Al16/*OH/COHPCAR.lobster
Al16	*OH	Coact-Obridge	16	259	2.069958	-7.56892	up	-0.17604	0.17604	source_manifest:COHP/PDOS/Al16/*OH/COHPCAR.lobster
Al16	*OH	Coact-Obridge	16	259	2.069958	-7.56892	down	-0.44705	0.44705	source_manifest:COHP/PDOS/Al16/*OH/COHPCAR.lobster
Al16	*OH	neighbor-Obridge	51	259	2.112332	-7.56892	up	-0.13001	0.13001	source_manifest:COHP/PDOS/Al16/*OH/COHPCAR.lobster
Al16	*OH	neighbor-Obridge	51	259	2.112332	-7.56892	down	-0.43088	0.43088	source_manifest:COHP/PDOS/Al16/*OH/COHPCAR.lobster
Al16	*OH	Coact-Oads	16	348	1.875883	-7.51880	up	-0.32218	0.32218	source_manifest:COHP/PDOS/Al16/*OH/COHPCAR.lobster
Al16	*OH	Coact-Oads	16	348	1.875883	-7.51880	down	-0.43286	0.43286	source_manifest:COHP/PDOS/Al16/*OH/COHPCAR.lobster
Al16	*OH	Coact-Obridge	16	259	2.069958	-7.51880	up	-0.13978	0.13978	source_manifest:COHP/PDOS/Al16/*OH/COHPCAR.lobster
Al16	*OH	Coact-Obridge	16	259	2.069958	-7.51880	down	-0.47811	0.47811	source_manifest:COHP/PDOS/Al16/*OH/COHPCAR.lobster
Al16	*OH	neighbor-Obridge	51	259	2.112332	-7.51880	up	-0.13084	0.13084	source_manifest:COHP/PDOS/Al16/*OH/COHPCAR.lobster
Al16	*OH	neighbor-Obridge	51	259	2.112332	-7.51880	down	-0.31176	0.31176	source_manifest:COHP/PDOS/Al16/*OH/COHPCAR.lobster
Al16	*OH	Coact-Oads	16	348	1.875883	-7.46867	up	-0.20668	0.20668	source_manifest:COHP/PDOS/Al16/*OH/COHPCAR.lobster
Al16	*OH	Coact-Oads	16	348	1.875883	-7.46867	down	-0.27628	0.27628	source_manifest:COHP/PDOS/Al16/*OH/COHPCAR.lobster
Al16	*OH	Coact-Obridge	16	259	2.069958	-7.46867	up	-0.10293	0.10293	source_manifest:COHP/PDOS/Al16/*OH/COHPCAR.lobster
Al16	*OH	Coact-Obridge	16	259	2.069958	-7.46867	down	-0.40258	0.40258	source_manifest:COHP/PDOS/Al16/*OH/COHPCAR.lobster
Al16	*OH	neighbor-Obridge	51	259	2.112332	-7.46867	up	-0.0976	0.0976	source_manifest:COHP/PDOS/Al16/*OH/COHPCAR.lobster
Al16	*OH	neighbor-Obridge	51	259	2.112332	-7.46867	down	-0.11166	0.11166	source_manifest:COHP/PDOS/Al16/*OH/COHPCAR.lobster
Al16	*OH	Coact-Oads	16	348	1.875883	-7.41855	up	-0.09188	0.09188	source_manifest:COHP/PDOS/Al16/*OH/COHPCAR.lobster
Al16	*OH	Coact-Oads	16	348	1.875883	-7.41855	down	-0.14664	0.14664	source_manifest:COHP/PDOS/Al16/*OH/COHPCAR.lobster
Al16	*OH	Coact-Obridge	16	259	2.069958	-7.41855	up	-0.1762	0.1762	source_manifest:COHP/PDOS/Al16/*OH/COHPCAR.lobster
Al16	*OH	Coact-Obridge	16	259	2.069958	-7.41855	down	-0.4171	0.4171	source_manifest:COHP/PDOS/Al16/*OH/COHPCAR.lobster
Al16	*OH	neighbor-Obridge	51	259	2.112332	-7.41855	up	-0.05359	0.05359	source_manifest:COHP/PDOS/Al16/*OH/COHPCAR.lobster
Al16	*OH	neighbor-Obridge	51	259	2.112332	-7.41855	down	-0.07122	0.07122	source_manifest:COHP/PDOS/Al16/*OH/COHPCAR.lobster
Al16	*OH	Coact-Oads	16	348	1.875883	-7.36842	up	-0.02045	0.02045	source_manifest:COHP/PDOS/Al16/*OH/COHPCAR.lobster
Al16	*OH	Coact-Oads	16	348	1.875883	-7.36842	down	-0.06645	0.06645	source_manifest:COHP/PDOS/Al16/*OH/COHPCAR.lobster
Al16	*OH	Coact-Obridge	16	259	2.069958	-7.36842	up	-0.3066	0.3066	source_manifest:COHP/PDOS/Al16/*OH/COHPCAR.lobster
Al16	*OH	Coact-Obridge	16	259	2.069958	-7.36842	down	-0.81253	0.81253	source_manifest:COHP/PDOS/Al16/*OH/COHPCAR.lobster
Al16	*OH	neighbor-Obridge	51	259	2.112332	-7.36842	up	-0.05789	0.05789	source_manifest:COHP/PDOS/Al16/*OH/COHPCAR.lobster
Al16	*OH	neighbor-Obridge	51	259	2.112332	-7.36842	down	-0.08168	0.08168	source_manifest:COHP/PDOS/Al16/*OH/COHPCAR.lobster
Al16	*OH	Coact-Oads	16	348	1.875883	-7.31830	up	0.00511	-0.00511	source_manifest:COHP/PDOS/Al16/*OH/COHPCAR.lobster
Al16	*OH	Coact-Oads	16	348	1.875883	-7.31830	down	-0.02296	0.02296	source_manifest:COHP/PDOS/Al16/*OH/COHPCAR.lobster
Al16	*OH	Coact-Obridge	16	259	2.069958	-7.31830	up	-0.42718	0.42718	source_manifest:COHP/PDOS/Al16/*OH/COHPCAR.lobster
Al16	*OH	Coact-Obridge	16	259	2.069958	-7.31830	down	-0.90528	0.90528	source_manifest:COHP/PDOS/Al16/*OH/COHPCAR.lobster
Al16	*OH	neighbor-Obridge	51	259	2.112332	-7.31830	up	-0.06981	0.06981	source_manifest:COHP/PDOS/Al16/*OH/COHPCAR.lobster
Al16	*OH	neighbor-Obridge	51	259	2.112332	-7.31830	down	-0.09946	0.09946	source_manifest:COHP/PDOS/Al16/*OH/COHPCAR.lobster
Al16	*OH	Coact-Oads	16	348	1.875883	-7.26817	up	-0.0024	0.0024	source_manifest:COHP/PDOS/Al16/*OH/COHPCAR.lobster
Al16	*OH	Coact-Oads	16	348	1.875883	-7.26817	down	-0.00778	0.00778	source_manifest:COHP/PDOS/Al16/*OH/COHPCAR.lobster
Al16	*OH	Coact-Obridge	16	259	2.069958	-7.26817	up	-0.23812	0.23812	source_manifest:COHP/PDOS/Al16/*OH/COHPCAR.lobster
Al16	*OH	Coact-Obridge	16	259	2.069958	-7.26817	down	-0.59407	0.59407	source_manifest:COHP/PDOS/Al16/*OH/COHPCAR.lobster
Al16	*OH	neighbor-Obridge	51	259	2.112332	-7.26817	up	-0.04654	0.04654	source_manifest:COHP/PDOS/Al16/*OH/COHPCAR.lobster
Al16	*OH	neighbor-Obridge	51	259	2.112332	-7.26817	down	-0.06566	0.06566	source_manifest:COHP/PDOS/Al16/*OH/COHPCAR.lobster
Al16	*OH	Coact-Oads	16	348	1.875883	-7.21805	up	-0.02954	0.02954	source_manifest:COHP/PDOS/Al16/*OH/COHPCAR.lobster
Al16	*OH	Coact-Oads	16	348	1.875883	-7.21805	down	-0.00218	0.00218	source_manifest:COHP/PDOS/Al16/*OH/COHPCAR.lobster
Al16	*OH	Coact-Obridge	16	259	2.069958	-7.21805	up	-0.10317	0.10317	source_manifest:COHP/PDOS/Al16/*OH/COHPCAR.lobster
Al16	*OH	Coact-Obridge	16	259	2.069958	-7.21805	down	-0.54158	0.54158	source_manifest:COHP/PDOS/Al16/*OH/COHPCAR.lobster
Al16	*OH	neighbor-Obridge	51	259	2.112332	-7.21805	up	-0.03378	0.03378	source_manifest:COHP/PDOS/Al16/*OH/COHPCAR.lobster
Al16	*OH	neighbor-Obridge	51	259	2.112332	-7.21805	down	-0.02349	0.02349	source_manifest:COHP/PDOS/Al16/*OH/COHPCAR.lobster
Al16	*OH	Coact-Oads	16	348	1.875883	-7.16792	up	-0.06	0.06	source_manifest:COHP/PDOS/Al16/*OH/COHPCAR.lobster
Al16	*OH	Coact-Oads	16	348	1.875883	-7.16792	down	-0.00638	0.00638	source_manifest:COHP/PDOS/Al16/*OH/COHPCAR.lobster
Al16	*OH	Coact-Obridge	16	259	2.069958	-7.16792	up	-0.09051	0.09051	source_manifest:COHP/PDOS/Al16/*OH/COHPCAR.lobster
Al16	*OH	Coact-Obridge	16	259	2.069958	-7.16792	down	-0.38267	0.38267	source_manifest:COHP/PDOS/Al16/*OH/COHPCAR.lobster
Al16	*OH	neighbor-Obridge	51	259	2.112332	-7.16792	up	-0.03263	0.03263	source_manifest:COHP/PDOS/Al16/*OH/COHPCAR.lobster
Al16	*OH	neighbor-Obridge	51	259	2.112332	-7.16792	down	-0.00497	0.00497	source_manifest:COHP/PDOS/Al16/*OH/COHPCAR.lobster
Al16	*OH	Coact-Oads	16	348	1.875883	-7.11779	up	-0.04571	0.04571	source_manifest:COHP/PDOS/Al16/*OH/COHPCAR.lobster
Al16	*OH	Coact-Oads	16	348	1.875883	-7.11779	down	-0.01022	0.01022	source_manifest:COHP/PDOS/Al16/*OH/COHPCAR.lobster
Al16	*OH	Coact-Obridge	16	259	2.069958	-7.11779	up	-0.21562	0.21562	source_manifest:COHP/PDOS/Al16/*OH/COHPCAR.lobster
Al16	*OH	Coact-Obridge	16	259	2.069958	-7.11779	down	-0.27256	0.27256	source_manifest:COHP/PDOS/Al16/*OH/COHPCAR.lobster
Al16	*OH	neighbor-Obridge	51	259	2.112332	-7.11779	up	-0.07607	0.07607	source_manifest:COHP/PDOS/Al16/*OH/COHPCAR.lobster
Al16	*OH	neighbor-Obridge	51	259	2.112332	-7.11779	down	0.05842	-0.05842	source_manifest:COHP/PDOS/Al16/*OH/COHPCAR.lobster
Al16	*OH	Coact-Oads	16	348	1.875883	-7.06767	up	-0.01868	0.01868	source_manifest:COHP/PDOS/Al16/*OH/COHPCAR.lobster
Al16	*OH	Coact-Oads	16	348	1.875883	-7.06767	down	-0.00646	0.00646	source_manifest:COHP/PDOS/Al16/*OH/COHPCAR.lobster
Al16	*OH	Coact-Obridge	16	259	2.069958	-7.06767	up	-0.36948	0.36948	source_manifest:COHP/PDOS/Al16/*OH/COHPCAR.lobster
Al16	*OH	Coact-Obridge	16	259	2.069958	-7.06767	down	-0.29463	0.29463	source_manifest:COHP/PDOS/Al16/*OH/COHPCAR.lobster
Al16	*OH	neighbor-Obridge	51	259	2.112332	-7.06767	up	-0.18744	0.18744	source_manifest:COHP/PDOS/Al16/*OH/COHPCAR.lobster
Al16	*OH	neighbor-Obridge	51	259	2.112332	-7.06767	down	0.2454	-0.2454	source_manifest:COHP/PDOS/Al16/*OH/COHPCAR.lobster
Al16	*OH	Coact-Oads	16	348	1.875883	-7.01754	up	-0.01121	0.01121	source_manifest:COHP/PDOS/Al16/*OH/COHPCAR.lobster
Al16	*OH	Coact-Oads	16	348	1.875883	-7.01754	down	-0.00373	0.00373	source_manifest:COHP/PDOS/Al16/*OH/COHPCAR.lobster
Al16	*OH	Coact-Obridge	16	259	2.069958	-7.01754	up	-0.34427	0.34427	source_manifest:COHP/PDOS/Al16/*OH/COHPCAR.lobster
Al16	*OH	Coact-Obridge	16	259	2.069958	-7.01754	down	-0.2286	0.2286	source_manifest:COHP/PDOS/Al16/*OH/COHPCAR.lobster
Al16	*OH	neighbor-Obridge	51	259	2.112332	-7.01754	up	-0.17677	0.17677	source_manifest:COHP/PDOS/Al16/*OH/COHPCAR.lobster
Al16	*OH	neighbor-Obridge	51	259	2.112332	-7.01754	down	0.2737	-0.2737	source_manifest:COHP/PDOS/Al16/*OH/COHPCAR.lobster
Al16	*OH	Coact-Oads	16	348	1.875883	-6.96742	up	-0.03346	0.03346	source_manifest:COHP/PDOS/Al16/*OH/COHPCAR.lobster
Al16	*OH	Coact-Oads	16	348	1.875883	-6.96742	down	-0.01405	0.01405	source_manifest:COHP/PDOS/Al16/*OH/COHPCAR.lobster
Al16	*OH	Coact-Obridge	16	259	2.069958	-6.96742	up	-0.16088	0.16088	source_manifest:COHP/PDOS/Al16/*OH/COHPCAR.lobster
Al16	*OH	Coact-Obridge	16	259	2.069958	-6.96742	down	-0.12732	0.12732	source_manifest:COHP/PDOS/Al16/*OH/COHPCAR.lobster
Al16	*OH	neighbor-Obridge	51	259	2.112332	-6.96742	up	-0.0487	0.0487	source_manifest:COHP/PDOS/Al16/*OH/COHPCAR.lobster
Al16	*OH	neighbor-Obridge	51	259	2.112332	-6.96742	down	0.05896	-0.05896	source_manifest:COHP/PDOS/Al16/*OH/COHPCAR.lobster
Al16	*OH	Coact-Oads	16	348	1.875883	-6.91729	up	-0.0975	0.0975	source_manifest:COHP/PDOS/Al16/*OH/COHPCAR.lobster
Al16	*OH	Coact-Oads	16	348	1.875883	-6.91729	down	-0.04618	0.04618	source_manifest:COHP/PDOS/Al16/*OH/COHPCAR.lobster
Al16	*OH	Coact-Obridge	16	259	2.069958	-6.91729	up	-0.04753	0.04753	source_manifest:COHP/PDOS/Al16/*OH/COHPCAR.lobster
Al16	*OH	Coact-Obridge	16	259	2.069958	-6.91729	down	-0.05659	0.05659	source_manifest:COHP/PDOS/Al16/*OH/COHPCAR.lobster
Al16	*OH	neighbor-Obridge	51	259	2.112332	-6.91729	up	-0.01215	0.01215	source_manifest:COHP/PDOS/Al16/*OH/COHPCAR.lobster
Al16	*OH	neighbor-Obridge	51	259	2.112332	-6.91729	down	-0.00456	0.00456	source_manifest:COHP/PDOS/Al16/*OH/COHPCAR.lobster
Al16	*OH	Coact-Oads	16	348	1.875883	-6.86717	up	-0.1481	0.1481	source_manifest:COHP/PDOS/Al16/*OH/COHPCAR.lobster
Al16	*OH	Coact-Oads	16	348	1.875883	-6.86717	down	-0.05332	0.05332	source_manifest:COHP/PDOS/Al16/*OH/COHPCAR.lobster
Al16	*OH	Coact-Obridge	16	259	2.069958	-6.86717	up	-0.03236	0.03236	source_manifest:COHP/PDOS/Al16/*OH/COHPCAR.lobster
Al16	*OH	Coact-Obridge	16	259	2.069958	-6.86717	down	-0.05546	0.05546	source_manifest:COHP/PDOS/Al16/*OH/COHPCAR.lobster
Al16	*OH	neighbor-Obridge	51	259	2.112332	-6.86717	up	-0.01815	0.01815	source_manifest:COHP/PDOS/Al16/*OH/COHPCAR.lobster
Al16	*OH	neighbor-Obridge	51	259	2.112332	-6.86717	down	-0.03227	0.03227	source_manifest:COHP/PDOS/Al16/*OH/COHPCAR.lobster
Al16	*OH	Coact-Oads	16	348	1.875883	-6.81704	up	-0.15685	0.15685	source_manifest:COHP/PDOS/Al16/*OH/COHPCAR.lobster
Al16	*OH	Coact-Oads	16	348	1.875883	-6.81704	down	-0.04597	0.04597	source_manifest:COHP/PDOS/Al16/*OH/COHPCAR.lobster
Al16	*OH	Coact-Obridge	16	259	2.069958	-6.81704	up	-0.10684	0.10684	source_manifest:COHP/PDOS/Al16/*OH/COHPCAR.lobster
Al16	*OH	Coact-Obridge	16	259	2.069958	-6.81704	down	-0.19481	0.19481	source_manifest:COHP/PDOS/Al16/*OH/COHPCAR.lobster
Al16	*OH	neighbor-Obridge	51	259	2.112332	-6.81704	up	-0.08086	0.08086	source_manifest:COHP/PDOS/Al16/*OH/COHPCAR.lobster
Al16	*OH	neighbor-Obridge	51	259	2.112332	-6.81704	down	-0.17012	0.17012	source_manifest:COHP/PDOS/Al16/*OH/COHPCAR.lobster
Al16	*OH	Coact-Oads	16	348	1.875883	-6.76692	up	-0.11874	0.11874	source_manifest:COHP/PDOS/Al16/*OH/COHPCAR.lobster
Al16	*OH	Coact-Oads	16	348	1.875883	-6.76692	down	-0.05093	0.05093	source_manifest:COHP/PDOS/Al16/*OH/COHPCAR.lobster
Al16	*OH	Coact-Obridge	16	259	2.069958	-6.76692	up	-0.13541	0.13541	source_manifest:COHP/PDOS/Al16/*OH/COHPCAR.lobster
Al16	*OH	Coact-Obridge	16	259	2.069958	-6.76692	down	-0.2386	0.2386	source_manifest:COHP/PDOS/Al16/*OH/COHPCAR.lobster
Al16	*OH	neighbor-Obridge	51	259	2.112332	-6.76692	up	-0.16108	0.16108	source_manifest:COHP/PDOS/Al16/*OH/COHPCAR.lobster
Al16	*OH	neighbor-Obridge	51	259	2.112332	-6.76692	down	-0.23077	0.23077	source_manifest:COHP/PDOS/Al16/*OH/COHPCAR.lobster
Al16	*OH	Coact-Oads	16	348	1.875883	-6.71679	up	-0.12162	0.12162	source_manifest:COHP/PDOS/Al16/*OH/COHPCAR.lobster
Al16	*OH	Coact-Oads	16	348	1.875883	-6.71679	down	-0.03335	0.03335	source_manifest:COHP/PDOS/Al16/*OH/COHPCAR.lobster
Al16	*OH	Coact-Obridge	16	259	2.069958	-6.71679	up	-0.0595	0.0595	source_manifest:COHP/PDOS/Al16/*OH/COHPCAR.lobster
Al16	*OH	Coact-Obridge	16	259	2.069958	-6.71679	down	-0.10628	0.10628	source_manifest:COHP/PDOS/Al16/*OH/COHPCAR.lobster
Al16	*OH	neighbor-Obridge	51	259	2.112332	-6.71679	up	-0.12416	0.12416	source_manifest:COHP/PDOS/Al16/*OH/COHPCAR.lobster
Al16	*OH	neighbor-Obridge	51	259	2.112332	-6.71679	down	0.16972	-0.16972	source_manifest:COHP/PDOS/Al16/*OH/COHPCAR.lobster
Al16	*OH	Coact-Oads	16	348	1.875883	-6.66667	up	-0.20644	0.20644	source_manifest:COHP/PDOS/Al16/*OH/COHPCAR.lobster
Al16	*OH	Coact-Oads	16	348	1.875883	-6.66667	down	-0.01834	0.01834	source_manifest:COHP/PDOS/Al16/*OH/COHPCAR.lobster
Al16	*OH	Coact-Obridge	16	259	2.069958	-6.66667	up	-0.02052	0.02052	source_manifest:COHP/PDOS/Al16/*OH/COHPCAR.lobster
Al16	*OH	Coact-Obridge	16	259	2.069958	-6.66667	down	-0.05151	0.05151	source_manifest:COHP/PDOS/Al16/*OH/COHPCAR.lobster
Al16	*OH	neighbor-Obridge	51	259	2.112332	-6.66667	up	-0.06795	0.06795	source_manifest:COHP/PDOS/Al16/*OH/COHPCAR.lobster
Al16	*OH	neighbor-Obridge	51	259	2.112332	-6.66667	down	0.26116	-0.26116	source_manifest:COHP/PDOS/Al16/*OH/COHPCAR.lobster
Al16	*OH	Coact-Oads	16	348	1.875883	-6.61654	up	-0.1899	0.1899	source_manifest:COHP/PDOS/Al16/*OH/COHPCAR.lobster
Al16	*OH	Coact-Oads	16	348	1.875883	-6.61654	down	-0.05073	0.05073	source_manifest:COHP/PDOS/Al16/*OH/COHPCAR.lobster
Al16	*OH	Coact-Obridge	16	259	2.069958	-6.61654	up	-0.0022	0.0022	source_manifest:COHP/PDOS/Al16/*OH/COHPCAR.lobster
Al16	*OH	Coact-Obridge	16	259	2.069958	-6.61654	down	-0.02022	0.02022	source_manifest:COHP/PDOS/Al16/*OH/COHPCAR.lobster
Al16	*OH	neighbor-Obridge	51	259	2.112332	-6.61654	up	-0.01394	0.01394	source_manifest:COHP/PDOS/Al16/*OH/COHPCAR.lobster
Al16	*OH	neighbor-Obridge	51	259	2.112332	-6.61654	down	0.02746	-0.02746	source_manifest:COHP/PDOS/Al16/*OH/COHPCAR.lobster
Al16	*OH	Coact-Oads	16	348	1.875883	-6.56642	up	-0.11538	0.11538	source_manifest:COHP/PDOS/Al16/*OH/COHPCAR.lobster
Al16	*OH	Coact-Oads	16	348	1.875883	-6.56642	down	-0.09323	0.09323	source_manifest:COHP/PDOS/Al16/*OH/COHPCAR.lobster
Al16	*OH	Coact-Obridge	16	259	2.069958	-6.56642	up	-0.00356	0.00356	source_manifest:COHP/PDOS/Al16/*OH/COHPCAR.lobster
Al16	*OH	Coact-Obridge	16	259	2.069958	-6.56642	down	-0.01733	0.01733	source_manifest:COHP/PDOS/Al16/*OH/COHPCAR.lobster
Al16	*OH	neighbor-Obridge	51	259	2.112332	-6.56642	up	-0.00233	0.00233	source_manifest:COHP/PDOS/Al16/*OH/COHPCAR.lobster
Al16	*OH	neighbor-Obridge	51	259	2.112332	-6.56642	down	-0.12585	0.12585	source_manifest:COHP/PDOS/Al16/*OH/COHPCAR.lobster
Al16	*OH	Coact-Oads	16	348	1.875883	-6.51629	up	-0.04166	0.04166	source_manifest:COHP/PDOS/Al16/*OH/COHPCAR.lobster
Al16	*OH	Coact-Oads	16	348	1.875883	-6.51629	down	-0.07172	0.07172	source_manifest:COHP/PDOS/Al16/*OH/COHPCAR.lobster
Al16	*OH	Coact-Obridge	16	259	2.069958	-6.51629	up	-0.00342	0.00342	source_manifest:COHP/PDOS/Al16/*OH/COHPCAR.lobster
Al16	*OH	Coact-Obridge	16	259	2.069958	-6.51629	down	-0.03239	0.03239	source_manifest:COHP/PDOS/Al16/*OH/COHPCAR.lobster
Al16	*OH	neighbor-Obridge	51	259	2.112332	-6.51629	up	-0.01011	0.01011	source_manifest:COHP/PDOS/Al16/*OH/COHPCAR.lobster
Al16	*OH	neighbor-Obridge	51	259	2.112332	-6.51629	down	-0.33353	0.33353	source_manifest:COHP/PDOS/Al16/*OH/COHPCAR.lobster
Al16	*OH	Coact-Oads	16	348	1.875883	-6.46617	up	-0.02985	0.02985	source_manifest:COHP/PDOS/Al16/*OH/COHPCAR.lobster
Al16	*OH	Coact-Oads	16	348	1.875883	-6.46617	down	-0.03529	0.03529	source_manifest:COHP/PDOS/Al16/*OH/COHPCAR.lobster
Al16	*OH	Coact-Obridge	16	259	2.069958	-6.46617	up	0.02117	-0.02117	source_manifest:COHP/PDOS/Al16/*OH/COHPCAR.lobster
Al16	*OH	Coact-Obridge	16	259	2.069958	-6.46617	down	-0.07912	0.07912	source_manifest:COHP/PDOS/Al16/*OH/COHPCAR.lobster
Al16	*OH	neighbor-Obridge	51	259	2.112332	-6.46617	up	-0.02247	0.02247	source_manifest:COHP/PDOS/Al16/*OH/COHPCAR.lobster
Al16	*OH	neighbor-Obridge	51	259	2.112332	-6.46617	down	-0.23814	0.23814	source_manifest:COHP/PDOS/Al16/*OH/COHPCAR.lobster
Al16	*OH	Coact-Oads	16	348	1.875883	-6.41604	up	-0.05313	0.05313	source_manifest:COHP/PDOS/Al16/*OH/COHPCAR.lobster
Al16	*OH	Coact-Oads	16	348	1.875883	-6.41604	down	-0.03431	0.03431	source_manifest:COHP/PDOS/Al16/*OH/COHPCAR.lobster
Al16	*OH	Coact-Obridge	16	259	2.069958	-6.41604	up	0.00019	-0.00019	source_manifest:COHP/PDOS/Al16/*OH/COHPCAR.lobster
Al16	*OH	Coact-Obridge	16	259	2.069958	-6.41604	down	-0.04647	0.04647	source_manifest:COHP/PDOS/Al16/*OH/COHPCAR.lobster
Al16	*OH	neighbor-Obridge	51	259	2.112332	-6.41604	up	-0.03159	0.03159	source_manifest:COHP/PDOS/Al16/*OH/COHPCAR.lobster
Al16	*OH	neighbor-Obridge	51	259	2.112332	-6.41604	down	-0.06536	0.06536	source_manifest:COHP/PDOS/Al16/*OH/COHPCAR.lobster
Al16	*OH	Coact-Oads	16	348	1.875883	-6.36591	up	-0.17318	0.17318	source_manifest:COHP/PDOS/Al16/*OH/COHPCAR.lobster
Al16	*OH	Coact-Oads	16	348	1.875883	-6.36591	down	-0.05741	0.05741	source_manifest:COHP/PDOS/Al16/*OH/COHPCAR.lobster
Al16	*OH	Coact-Obridge	16	259	2.069958	-6.36591	up	0.01063	-0.01063	source_manifest:COHP/PDOS/Al16/*OH/COHPCAR.lobster
Al16	*OH	Coact-Obridge	16	259	2.069958	-6.36591	down	-0.04877	0.04877	source_manifest:COHP/PDOS/Al16/*OH/COHPCAR.lobster
Al16	*OH	neighbor-Obridge	51	259	2.112332	-6.36591	up	-0.20942	0.20942	source_manifest:COHP/PDOS/Al16/*OH/COHPCAR.lobster
Al16	*OH	neighbor-Obridge	51	259	2.112332	-6.36591	down	-0.16425	0.16425	source_manifest:COHP/PDOS/Al16/*OH/COHPCAR.lobster
Al16	*OH	Coact-Oads	16	348	1.875883	-6.31579	up	-0.24827	0.24827	source_manifest:COHP/PDOS/Al16/*OH/COHPCAR.lobster
Al16	*OH	Coact-Oads	16	348	1.875883	-6.31579	down	-0.03754	0.03754	source_manifest:COHP/PDOS/Al16/*OH/COHPCAR.lobster
Al16	*OH	Coact-Obridge	16	259	2.069958	-6.31579	up	0.07217	-0.07217	source_manifest:COHP/PDOS/Al16/*OH/COHPCAR.lobster
Al16	*OH	Coact-Obridge	16	259	2.069958	-6.31579	down	-0.10723	0.10723	source_manifest:COHP/PDOS/Al16/*OH/COHPCAR.lobster
Al16	*OH	neighbor-Obridge	51	259	2.112332	-6.31579	up	-0.56367	0.56367	source_manifest:COHP/PDOS/Al16/*OH/COHPCAR.lobster
Al16	*OH	neighbor-Obridge	51	259	2.112332	-6.31579	down	-0.40802	0.40802	source_manifest:COHP/PDOS/Al16/*OH/COHPCAR.lobster
Al16	*OH	Coact-Oads	16	348	1.875883	-6.26566	up	-0.1639	0.1639	source_manifest:COHP/PDOS/Al16/*OH/COHPCAR.lobster
Al16	*OH	Coact-Oads	16	348	1.875883	-6.26566	down	-0.01323	0.01323	source_manifest:COHP/PDOS/Al16/*OH/COHPCAR.lobster
Al16	*OH	Coact-Obridge	16	259	2.069958	-6.26566	up	0.0427	-0.0427	source_manifest:COHP/PDOS/Al16/*OH/COHPCAR.lobster
Al16	*OH	Coact-Obridge	16	259	2.069958	-6.26566	down	-0.06217	0.06217	source_manifest:COHP/PDOS/Al16/*OH/COHPCAR.lobster
Al16	*OH	neighbor-Obridge	51	259	2.112332	-6.26566	up	-0.31561	0.31561	source_manifest:COHP/PDOS/Al16/*OH/COHPCAR.lobster
Al16	*OH	neighbor-Obridge	51	259	2.112332	-6.26566	down	-0.22416	0.22416	source_manifest:COHP/PDOS/Al16/*OH/COHPCAR.lobster
Al16	*OH	Coact-Oads	16	348	1.875883	-6.21554	up	-0.08117	0.08117	source_manifest:COHP/PDOS/Al16/*OH/COHPCAR.lobster
Al16	*OH	Coact-Oads	16	348	1.875883	-6.21554	down	-0.01063	0.01063	source_manifest:COHP/PDOS/Al16/*OH/COHPCAR.lobster
Al16	*OH	Coact-Obridge	16	259	2.069958	-6.21554	up	0.00647	-0.00647	source_manifest:COHP/PDOS/Al16/*OH/COHPCAR.lobster
Al16	*OH	Coact-Obridge	16	259	2.069958	-6.21554	down	-0.01529	0.01529	source_manifest:COHP/PDOS/Al16/*OH/COHPCAR.lobster
Al16	*OH	neighbor-Obridge	51	259	2.112332	-6.21554	up	-0.03368	0.03368	source_manifest:COHP/PDOS/Al16/*OH/COHPCAR.lobster
Al16	*OH	neighbor-Obridge	51	259	2.112332	-6.21554	down	-0.02471	0.02471	source_manifest:COHP/PDOS/Al16/*OH/COHPCAR.lobster
Al16	*OH	Coact-Oads	16	348	1.875883	-6.16541	up	-0.09672	0.09672	source_manifest:COHP/PDOS/Al16/*OH/COHPCAR.lobster
Al16	*OH	Coact-Oads	16	348	1.875883	-6.16541	down	-0.01774	0.01774	source_manifest:COHP/PDOS/Al16/*OH/COHPCAR.lobster
Al16	*OH	Coact-Obridge	16	259	2.069958	-6.16541	up	0.00674	-0.00674	source_manifest:COHP/PDOS/Al16/*OH/COHPCAR.lobster
Al16	*OH	Coact-Obridge	16	259	2.069958	-6.16541	down	-0.01326	0.01326	source_manifest:COHP/PDOS/Al16/*OH/COHPCAR.lobster
Al16	*OH	neighbor-Obridge	51	259	2.112332	-6.16541	up	-0.00279	0.00279	source_manifest:COHP/PDOS/Al16/*OH/COHPCAR.lobster
Al16	*OH	neighbor-Obridge	51	259	2.112332	-6.16541	down	-0.0047	0.0047	source_manifest:COHP/PDOS/Al16/*OH/COHPCAR.lobster
Al16	*OH	Coact-Oads	16	348	1.875883	-6.11529	up	-0.15842	0.15842	source_manifest:COHP/PDOS/Al16/*OH/COHPCAR.lobster
Al16	*OH	Coact-Oads	16	348	1.875883	-6.11529	down	-0.0234	0.0234	source_manifest:COHP/PDOS/Al16/*OH/COHPCAR.lobster
Al16	*OH	Coact-Obridge	16	259	2.069958	-6.11529	up	0.003	-0.003	source_manifest:COHP/PDOS/Al16/*OH/COHPCAR.lobster
Al16	*OH	Coact-Obridge	16	259	2.069958	-6.11529	down	-0.01672	0.01672	source_manifest:COHP/PDOS/Al16/*OH/COHPCAR.lobster
Al16	*OH	neighbor-Obridge	51	259	2.112332	-6.11529	up	-0.00322	0.00322	source_manifest:COHP/PDOS/Al16/*OH/COHPCAR.lobster
Al16	*OH	neighbor-Obridge	51	259	2.112332	-6.11529	down	-0.00611	0.00611	source_manifest:COHP/PDOS/Al16/*OH/COHPCAR.lobster
Al16	*OH	Coact-Oads	16	348	1.875883	-6.06516	up	-0.13992	0.13992	source_manifest:COHP/PDOS/Al16/*OH/COHPCAR.lobster
Al16	*OH	Coact-Oads	16	348	1.875883	-6.06516	down	-0.01516	0.01516	source_manifest:COHP/PDOS/Al16/*OH/COHPCAR.lobster
Al16	*OH	Coact-Obridge	16	259	2.069958	-6.06516	up	-0.01186	0.01186	source_manifest:COHP/PDOS/Al16/*OH/COHPCAR.lobster
Al16	*OH	Coact-Obridge	16	259	2.069958	-6.06516	down	-0.02323	0.02323	source_manifest:COHP/PDOS/Al16/*OH/COHPCAR.lobster
Al16	*OH	neighbor-Obridge	51	259	2.112332	-6.06516	up	-0.00761	0.00761	source_manifest:COHP/PDOS/Al16/*OH/COHPCAR.lobster
Al16	*OH	neighbor-Obridge	51	259	2.112332	-6.06516	down	-0.02216	0.02216	source_manifest:COHP/PDOS/Al16/*OH/COHPCAR.lobster
Al16	*OH	Coact-Oads	16	348	1.875883	-6.01504	up	-0.0936	0.0936	source_manifest:COHP/PDOS/Al16/*OH/COHPCAR.lobster
Al16	*OH	Coact-Oads	16	348	1.875883	-6.01504	down	-0.0105	0.0105	source_manifest:COHP/PDOS/Al16/*OH/COHPCAR.lobster
Al16	*OH	Coact-Obridge	16	259	2.069958	-6.01504	up	-0.09909	0.09909	source_manifest:COHP/PDOS/Al16/*OH/COHPCAR.lobster
Al16	*OH	Coact-Obridge	16	259	2.069958	-6.01504	down	-0.0444	0.0444	source_manifest:COHP/PDOS/Al16/*OH/COHPCAR.lobster
Al16	*OH	neighbor-Obridge	51	259	2.112332	-6.01504	up	-0.07196	0.07196	source_manifest:COHP/PDOS/Al16/*OH/COHPCAR.lobster
Al16	*OH	neighbor-Obridge	51	259	2.112332	-6.01504	down	-0.2052	0.2052	source_manifest:COHP/PDOS/Al16/*OH/COHPCAR.lobster
Al16	*OH	Coact-Oads	16	348	1.875883	-5.96491	up	-0.13275	0.13275	source_manifest:COHP/PDOS/Al16/*OH/COHPCAR.lobster
Al16	*OH	Coact-Oads	16	348	1.875883	-5.96491	down	-0.00879	0.00879	source_manifest:COHP/PDOS/Al16/*OH/COHPCAR.lobster
Al16	*OH	Coact-Obridge	16	259	2.069958	-5.96491	up	-0.27755	0.27755	source_manifest:COHP/PDOS/Al16/*OH/COHPCAR.lobster
Al16	*OH	Coact-Obridge	16	259	2.069958	-5.96491	down	-0.10345	0.10345	source_manifest:COHP/PDOS/Al16/*OH/COHPCAR.lobster
Al16	*OH	neighbor-Obridge	51	259	2.112332	-5.96491	up	-0.2059	0.2059	source_manifest:COHP/PDOS/Al16/*OH/COHPCAR.lobster
Al16	*OH	neighbor-Obridge	51	259	2.112332	-5.96491	down	-0.58162	0.58162	source_manifest:COHP/PDOS/Al16/*OH/COHPCAR.lobster
Al16	*OH	Coact-Oads	16	348	1.875883	-5.91479	up	-0.1449	0.1449	source_manifest:COHP/PDOS/Al16/*OH/COHPCAR.lobster
Al16	*OH	Coact-Oads	16	348	1.875883	-5.91479	down	-0.01221	0.01221	source_manifest:COHP/PDOS/Al16/*OH/COHPCAR.lobster
Al16	*OH	Coact-Obridge	16	259	2.069958	-5.91479	up	-0.15854	0.15854	source_manifest:COHP/PDOS/Al16/*OH/COHPCAR.lobster
Al16	*OH	Coact-Obridge	16	259	2.069958	-5.91479	down	-0.05803	0.05803	source_manifest:COHP/PDOS/Al16/*OH/COHPCAR.lobster
Al16	*OH	neighbor-Obridge	51	259	2.112332	-5.91479	up	-0.1224	0.1224	source_manifest:COHP/PDOS/Al16/*OH/COHPCAR.lobster
Al16	*OH	neighbor-Obridge	51	259	2.112332	-5.91479	down	-0.34308	0.34308	source_manifest:COHP/PDOS/Al16/*OH/COHPCAR.lobster
Al16	*OH	Coact-Oads	16	348	1.875883	-5.86466	up	-0.15923	0.15923	source_manifest:COHP/PDOS/Al16/*OH/COHPCAR.lobster
Al16	*OH	Coact-Oads	16	348	1.875883	-5.86466	down	-0.00826	0.00826	source_manifest:COHP/PDOS/Al16/*OH/COHPCAR.lobster
Al16	*OH	Coact-Obridge	16	259	2.069958	-5.86466	up	-0.05263	0.05263	source_manifest:COHP/PDOS/Al16/*OH/COHPCAR.lobster
Al16	*OH	Coact-Obridge	16	259	2.069958	-5.86466	down	0.00302	-0.00302	source_manifest:COHP/PDOS/Al16/*OH/COHPCAR.lobster
Al16	*OH	neighbor-Obridge	51	259	2.112332	-5.86466	up	-0.10678	0.10678	source_manifest:COHP/PDOS/Al16/*OH/COHPCAR.lobster
Al16	*OH	neighbor-Obridge	51	259	2.112332	-5.86466	down	-0.22371	0.22371	source_manifest:COHP/PDOS/Al16/*OH/COHPCAR.lobster
Al16	*OH	Coact-Oads	16	348	1.875883	-5.81454	up	-0.19569	0.19569	source_manifest:COHP/PDOS/Al16/*OH/COHPCAR.lobster
Al16	*OH	Coact-Oads	16	348	1.875883	-5.81454	down	-0.00912	0.00912	source_manifest:COHP/PDOS/Al16/*OH/COHPCAR.lobster
Al16	*OH	Coact-Obridge	16	259	2.069958	-5.81454	up	-0.13815	0.13815	source_manifest:COHP/PDOS/Al16/*OH/COHPCAR.lobster
Al16	*OH	Coact-Obridge	16	259	2.069958	-5.81454	down	0.03166	-0.03166	source_manifest:COHP/PDOS/Al16/*OH/COHPCAR.lobster
Al16	*OH	neighbor-Obridge	51	259	2.112332	-5.81454	up	-0.37767	0.37767	source_manifest:COHP/PDOS/Al16/*OH/COHPCAR.lobster
Al16	*OH	neighbor-Obridge	51	259	2.112332	-5.81454	down	-0.6554	0.6554	source_manifest:COHP/PDOS/Al16/*OH/COHPCAR.lobster
Al16	*OH	Coact-Oads	16	348	1.875883	-5.76441	up	-0.20157	0.20157	source_manifest:COHP/PDOS/Al16/*OH/COHPCAR.lobster
Al16	*OH	Coact-Oads	16	348	1.875883	-5.76441	down	-0.0188	0.0188	source_manifest:COHP/PDOS/Al16/*OH/COHPCAR.lobster
Al16	*OH	Coact-Obridge	16	259	2.069958	-5.76441	up	-0.14192	0.14192	source_manifest:COHP/PDOS/Al16/*OH/COHPCAR.lobster
Al16	*OH	Coact-Obridge	16	259	2.069958	-5.76441	down	0.01445	-0.01445	source_manifest:COHP/PDOS/Al16/*OH/COHPCAR.lobster
Al16	*OH	neighbor-Obridge	51	259	2.112332	-5.76441	up	-0.32981	0.32981	source_manifest:COHP/PDOS/Al16/*OH/COHPCAR.lobster
Al16	*OH	neighbor-Obridge	51	259	2.112332	-5.76441	down	-0.4923	0.4923	source_manifest:COHP/PDOS/Al16/*OH/COHPCAR.lobster
Al16	*OH	Coact-Oads	16	348	1.875883	-5.71429	up	-0.14999	0.14999	source_manifest:COHP/PDOS/Al16/*OH/COHPCAR.lobster
Al16	*OH	Coact-Oads	16	348	1.875883	-5.71429	down	-0.03328	0.03328	source_manifest:COHP/PDOS/Al16/*OH/COHPCAR.lobster
Al16	*OH	Coact-Obridge	16	259	2.069958	-5.71429	up	-0.08122	0.08122	source_manifest:COHP/PDOS/Al16/*OH/COHPCAR.lobster
Al16	*OH	Coact-Obridge	16	259	2.069958	-5.71429	down	0.00388	-0.00388	source_manifest:COHP/PDOS/Al16/*OH/COHPCAR.lobster
Al16	*OH	neighbor-Obridge	51	259	2.112332	-5.71429	up	-0.15181	0.15181	source_manifest:COHP/PDOS/Al16/*OH/COHPCAR.lobster
Al16	*OH	neighbor-Obridge	51	259	2.112332	-5.71429	down	-0.14114	0.14114	source_manifest:COHP/PDOS/Al16/*OH/COHPCAR.lobster
Al16	*OH	Coact-Oads	16	348	1.875883	-5.66416	up	-0.11931	0.11931	source_manifest:COHP/PDOS/Al16/*OH/COHPCAR.lobster
Al16	*OH	Coact-Oads	16	348	1.875883	-5.66416	down	-0.05205	0.05205	source_manifest:COHP/PDOS/Al16/*OH/COHPCAR.lobster
Al16	*OH	Coact-Obridge	16	259	2.069958	-5.66416	up	0.00163	-0.00163	source_manifest:COHP/PDOS/Al16/*OH/COHPCAR.lobster
Al16	*OH	Coact-Obridge	16	259	2.069958	-5.66416	down	0.02797	-0.02797	source_manifest:COHP/PDOS/Al16/*OH/COHPCAR.lobster
Al16	*OH	neighbor-Obridge	51	259	2.112332	-5.66416	up	-0.45198	0.45198	source_manifest:COHP/PDOS/Al16/*OH/COHPCAR.lobster
Al16	*OH	neighbor-Obridge	51	259	2.112332	-5.66416	down	-0.12267	0.12267	source_manifest:COHP/PDOS/Al16/*OH/COHPCAR.lobster
Al16	*OH	Coact-Oads	16	348	1.875883	-5.61404	up	-0.13355	0.13355	source_manifest:COHP/PDOS/Al16/*OH/COHPCAR.lobster
Al16	*OH	Coact-Oads	16	348	1.875883	-5.61404	down	-0.06557	0.06557	source_manifest:COHP/PDOS/Al16/*OH/COHPCAR.lobster
Al16	*OH	Coact-Obridge	16	259	2.069958	-5.61404	up	0.04797	-0.04797	source_manifest:COHP/PDOS/Al16/*OH/COHPCAR.lobster
Al16	*OH	Coact-Obridge	16	259	2.069958	-5.61404	down	0.03702	-0.03702	source_manifest:COHP/PDOS/Al16/*OH/COHPCAR.lobster
Al16	*OH	neighbor-Obridge	51	259	2.112332	-5.61404	up	-0.59297	0.59297	source_manifest:COHP/PDOS/Al16/*OH/COHPCAR.lobster
Al16	*OH	neighbor-Obridge	51	259	2.112332	-5.61404	down	-0.11212	0.11212	source_manifest:COHP/PDOS/Al16/*OH/COHPCAR.lobster
Al16	*OH	Coact-Oads	16	348	1.875883	-5.56391	up	-0.09933	0.09933	source_manifest:COHP/PDOS/Al16/*OH/COHPCAR.lobster
Al16	*OH	Coact-Oads	16	348	1.875883	-5.56391	down	-0.07386	0.07386	source_manifest:COHP/PDOS/Al16/*OH/COHPCAR.lobster
Al16	*OH	Coact-Obridge	16	259	2.069958	-5.56391	up	0.02679	-0.02679	source_manifest:COHP/PDOS/Al16/*OH/COHPCAR.lobster
Al16	*OH	Coact-Obridge	16	259	2.069958	-5.56391	down	0.02225	-0.02225	source_manifest:COHP/PDOS/Al16/*OH/COHPCAR.lobster
Al16	*OH	neighbor-Obridge	51	259	2.112332	-5.56391	up	-0.1625	0.1625	source_manifest:COHP/PDOS/Al16/*OH/COHPCAR.lobster
Al16	*OH	neighbor-Obridge	51	259	2.112332	-5.56391	down	-0.12545	0.12545	source_manifest:COHP/PDOS/Al16/*OH/COHPCAR.lobster
Al16	*OH	Coact-Oads	16	348	1.875883	-5.51378	up	-0.05757	0.05757	source_manifest:COHP/PDOS/Al16/*OH/COHPCAR.lobster
Al16	*OH	Coact-Oads	16	348	1.875883	-5.51378	down	-0.06474	0.06474	source_manifest:COHP/PDOS/Al16/*OH/COHPCAR.lobster
Al16	*OH	Coact-Obridge	16	259	2.069958	-5.51378	up	0.03313	-0.03313	source_manifest:COHP/PDOS/Al16/*OH/COHPCAR.lobster
Al16	*OH	Coact-Obridge	16	259	2.069958	-5.51378	down	0.01708	-0.01708	source_manifest:COHP/PDOS/Al16/*OH/COHPCAR.lobster
Al16	*OH	neighbor-Obridge	51	259	2.112332	-5.51378	up	-0.12144	0.12144	source_manifest:COHP/PDOS/Al16/*OH/COHPCAR.lobster
Al16	*OH	neighbor-Obridge	51	259	2.112332	-5.51378	down	-0.16475	0.16475	source_manifest:COHP/PDOS/Al16/*OH/COHPCAR.lobster
Al16	*OH	Coact-Oads	16	348	1.875883	-5.46366	up	-0.00711	0.00711	source_manifest:COHP/PDOS/Al16/*OH/COHPCAR.lobster
Al16	*OH	Coact-Oads	16	348	1.875883	-5.46366	down	-0.06623	0.06623	source_manifest:COHP/PDOS/Al16/*OH/COHPCAR.lobster
Al16	*OH	Coact-Obridge	16	259	2.069958	-5.46366	up	0.02779	-0.02779	source_manifest:COHP/PDOS/Al16/*OH/COHPCAR.lobster
Al16	*OH	Coact-Obridge	16	259	2.069958	-5.46366	down	0.01888	-0.01888	source_manifest:COHP/PDOS/Al16/*OH/COHPCAR.lobster
Al16	*OH	neighbor-Obridge	51	259	2.112332	-5.46366	up	-0.25393	0.25393	source_manifest:COHP/PDOS/Al16/*OH/COHPCAR.lobster
Al16	*OH	neighbor-Obridge	51	259	2.112332	-5.46366	down	-0.22192	0.22192	source_manifest:COHP/PDOS/Al16/*OH/COHPCAR.lobster
Al16	*OH	Coact-Oads	16	348	1.875883	-5.41353	up	-0.00564	0.00564	source_manifest:COHP/PDOS/Al16/*OH/COHPCAR.lobster
Al16	*OH	Coact-Oads	16	348	1.875883	-5.41353	down	-0.06719	0.06719	source_manifest:COHP/PDOS/Al16/*OH/COHPCAR.lobster
Al16	*OH	Coact-Obridge	16	259	2.069958	-5.41353	up	-0.00531	0.00531	source_manifest:COHP/PDOS/Al16/*OH/COHPCAR.lobster
Al16	*OH	Coact-Obridge	16	259	2.069958	-5.41353	down	0.00207	-0.00207	source_manifest:COHP/PDOS/Al16/*OH/COHPCAR.lobster
Al16	*OH	neighbor-Obridge	51	259	2.112332	-5.41353	up	-0.42326	0.42326	source_manifest:COHP/PDOS/Al16/*OH/COHPCAR.lobster
Al16	*OH	neighbor-Obridge	51	259	2.112332	-5.41353	down	-0.26894	0.26894	source_manifest:COHP/PDOS/Al16/*OH/COHPCAR.lobster
Al16	*OH	Coact-Oads	16	348	1.875883	-5.36341	up	-0.06639	0.06639	source_manifest:COHP/PDOS/Al16/*OH/COHPCAR.lobster
Al16	*OH	Coact-Oads	16	348	1.875883	-5.36341	down	-0.03795	0.03795	source_manifest:COHP/PDOS/Al16/*OH/COHPCAR.lobster
Al16	*OH	Coact-Obridge	16	259	2.069958	-5.36341	up	-0.0794	0.0794	source_manifest:COHP/PDOS/Al16/*OH/COHPCAR.lobster
Al16	*OH	Coact-Obridge	16	259	2.069958	-5.36341	down	-0.02946	0.02946	source_manifest:COHP/PDOS/Al16/*OH/COHPCAR.lobster
Al16	*OH	neighbor-Obridge	51	259	2.112332	-5.36341	up	-0.43818	0.43818	source_manifest:COHP/PDOS/Al16/*OH/COHPCAR.lobster
Al16	*OH	neighbor-Obridge	51	259	2.112332	-5.36341	down	-0.20106	0.20106	source_manifest:COHP/PDOS/Al16/*OH/COHPCAR.lobster
Al16	*OH	Coact-Oads	16	348	1.875883	-5.31328	up	-0.06174	0.06174	source_manifest:COHP/PDOS/Al16/*OH/COHPCAR.lobster
Al16	*OH	Coact-Oads	16	348	1.875883	-5.31328	down	-0.02239	0.02239	source_manifest:COHP/PDOS/Al16/*OH/COHPCAR.lobster
Al16	*OH	Coact-Obridge	16	259	2.069958	-5.31328	up	-0.14311	0.14311	source_manifest:COHP/PDOS/Al16/*OH/COHPCAR.lobster
Al16	*OH	Coact-Obridge	16	259	2.069958	-5.31328	down	-0.02419	0.02419	source_manifest:COHP/PDOS/Al16/*OH/COHPCAR.lobster
Al16	*OH	neighbor-Obridge	51	259	2.112332	-5.31328	up	-0.24077	0.24077	source_manifest:COHP/PDOS/Al16/*OH/COHPCAR.lobster
Al16	*OH	neighbor-Obridge	51	259	2.112332	-5.31328	down	-0.13921	0.13921	source_manifest:COHP/PDOS/Al16/*OH/COHPCAR.lobster
Al16	*OH	Coact-Oads	16	348	1.875883	-5.26316	up	-0.03946	0.03946	source_manifest:COHP/PDOS/Al16/*OH/COHPCAR.lobster
Al16	*OH	Coact-Oads	16	348	1.875883	-5.26316	down	-0.0174	0.0174	source_manifest:COHP/PDOS/Al16/*OH/COHPCAR.lobster
Al16	*OH	Coact-Obridge	16	259	2.069958	-5.26316	up	-0.09083	0.09083	source_manifest:COHP/PDOS/Al16/*OH/COHPCAR.lobster
Al16	*OH	Coact-Obridge	16	259	2.069958	-5.26316	down	-0.04482	0.04482	source_manifest:COHP/PDOS/Al16/*OH/COHPCAR.lobster
Al16	*OH	neighbor-Obridge	51	259	2.112332	-5.26316	up	-0.21969	0.21969	source_manifest:COHP/PDOS/Al16/*OH/COHPCAR.lobster
Al16	*OH	neighbor-Obridge	51	259	2.112332	-5.26316	down	-0.14723	0.14723	source_manifest:COHP/PDOS/Al16/*OH/COHPCAR.lobster
Al16	*OH	Coact-Oads	16	348	1.875883	-5.21303	up	-0.06291	0.06291	source_manifest:COHP/PDOS/Al16/*OH/COHPCAR.lobster
Al16	*OH	Coact-Oads	16	348	1.875883	-5.21303	down	-0.01341	0.01341	source_manifest:COHP/PDOS/Al16/*OH/COHPCAR.lobster
Al16	*OH	Coact-Obridge	16	259	2.069958	-5.21303	up	-0.0357	0.0357	source_manifest:COHP/PDOS/Al16/*OH/COHPCAR.lobster
Al16	*OH	Coact-Obridge	16	259	2.069958	-5.21303	down	-0.14239	0.14239	source_manifest:COHP/PDOS/Al16/*OH/COHPCAR.lobster
Al16	*OH	neighbor-Obridge	51	259	2.112332	-5.21303	up	-0.51398	0.51398	source_manifest:COHP/PDOS/Al16/*OH/COHPCAR.lobster
Al16	*OH	neighbor-Obridge	51	259	2.112332	-5.21303	down	-0.33595	0.33595	source_manifest:COHP/PDOS/Al16/*OH/COHPCAR.lobster
Al16	*OH	Coact-Oads	16	348	1.875883	-5.16291	up	-0.15453	0.15453	source_manifest:COHP/PDOS/Al16/*OH/COHPCAR.lobster
Al16	*OH	Coact-Oads	16	348	1.875883	-5.16291	down	-0.02506	0.02506	source_manifest:COHP/PDOS/Al16/*OH/COHPCAR.lobster
Al16	*OH	Coact-Obridge	16	259	2.069958	-5.16291	up	-0.06427	0.06427	source_manifest:COHP/PDOS/Al16/*OH/COHPCAR.lobster
Al16	*OH	Coact-Obridge	16	259	2.069958	-5.16291	down	-0.10456	0.10456	source_manifest:COHP/PDOS/Al16/*OH/COHPCAR.lobster
Al16	*OH	neighbor-Obridge	51	259	2.112332	-5.16291	up	-0.48432	0.48432	source_manifest:COHP/PDOS/Al16/*OH/COHPCAR.lobster
Al16	*OH	neighbor-Obridge	51	259	2.112332	-5.16291	down	-0.27855	0.27855	source_manifest:COHP/PDOS/Al16/*OH/COHPCAR.lobster
Al16	*OH	Coact-Oads	16	348	1.875883	-5.11278	up	-0.3731	0.3731	source_manifest:COHP/PDOS/Al16/*OH/COHPCAR.lobster
Al16	*OH	Coact-Oads	16	348	1.875883	-5.11278	down	-0.07665	0.07665	source_manifest:COHP/PDOS/Al16/*OH/COHPCAR.lobster
Al16	*OH	Coact-Obridge	16	259	2.069958	-5.11278	up	-0.11206	0.11206	source_manifest:COHP/PDOS/Al16/*OH/COHPCAR.lobster
Al16	*OH	Coact-Obridge	16	259	2.069958	-5.11278	down	-0.03444	0.03444	source_manifest:COHP/PDOS/Al16/*OH/COHPCAR.lobster
Al16	*OH	neighbor-Obridge	51	259	2.112332	-5.11278	up	-0.40266	0.40266	source_manifest:COHP/PDOS/Al16/*OH/COHPCAR.lobster
Al16	*OH	neighbor-Obridge	51	259	2.112332	-5.11278	down	-0.23656	0.23656	source_manifest:COHP/PDOS/Al16/*OH/COHPCAR.lobster
Al16	*OH	Coact-Oads	16	348	1.875883	-5.06266	up	-0.44859	0.44859	source_manifest:COHP/PDOS/Al16/*OH/COHPCAR.lobster
Al16	*OH	Coact-Oads	16	348	1.875883	-5.06266	down	-0.10322	0.10322	source_manifest:COHP/PDOS/Al16/*OH/COHPCAR.lobster
Al16	*OH	Coact-Obridge	16	259	2.069958	-5.06266	up	-0.06464	0.06464	source_manifest:COHP/PDOS/Al16/*OH/COHPCAR.lobster
Al16	*OH	Coact-Obridge	16	259	2.069958	-5.06266	down	-0.03998	0.03998	source_manifest:COHP/PDOS/Al16/*OH/COHPCAR.lobster
Al16	*OH	neighbor-Obridge	51	259	2.112332	-5.06266	up	-0.40734	0.40734	source_manifest:COHP/PDOS/Al16/*OH/COHPCAR.lobster
Al16	*OH	neighbor-Obridge	51	259	2.112332	-5.06266	down	-0.34711	0.34711	source_manifest:COHP/PDOS/Al16/*OH/COHPCAR.lobster
Al16	*OH	Coact-Oads	16	348	1.875883	-5.01253	up	-0.32157	0.32157	source_manifest:COHP/PDOS/Al16/*OH/COHPCAR.lobster
Al16	*OH	Coact-Oads	16	348	1.875883	-5.01253	down	-0.06751	0.06751	source_manifest:COHP/PDOS/Al16/*OH/COHPCAR.lobster
Al16	*OH	Coact-Obridge	16	259	2.069958	-5.01253	up	-0.03808	0.03808	source_manifest:COHP/PDOS/Al16/*OH/COHPCAR.lobster
Al16	*OH	Coact-Obridge	16	259	2.069958	-5.01253	down	-0.02273	0.02273	source_manifest:COHP/PDOS/Al16/*OH/COHPCAR.lobster
Al16	*OH	neighbor-Obridge	51	259	2.112332	-5.01253	up	-0.20663	0.20663	source_manifest:COHP/PDOS/Al16/*OH/COHPCAR.lobster
Al16	*OH	neighbor-Obridge	51	259	2.112332	-5.01253	down	-0.21547	0.21547	source_manifest:COHP/PDOS/Al16/*OH/COHPCAR.lobster
Al16	*OH	Coact-Oads	16	348	1.875883	-4.96241	up	-0.24951	0.24951	source_manifest:COHP/PDOS/Al16/*OH/COHPCAR.lobster
Al16	*OH	Coact-Oads	16	348	1.875883	-4.96241	down	-0.04453	0.04453	source_manifest:COHP/PDOS/Al16/*OH/COHPCAR.lobster
Al16	*OH	Coact-Obridge	16	259	2.069958	-4.96241	up	-0.06481	0.06481	source_manifest:COHP/PDOS/Al16/*OH/COHPCAR.lobster
Al16	*OH	Coact-Obridge	16	259	2.069958	-4.96241	down	-0.01327	0.01327	source_manifest:COHP/PDOS/Al16/*OH/COHPCAR.lobster
Al16	*OH	neighbor-Obridge	51	259	2.112332	-4.96241	up	-0.11299	0.11299	source_manifest:COHP/PDOS/Al16/*OH/COHPCAR.lobster
Al16	*OH	neighbor-Obridge	51	259	2.112332	-4.96241	down	-0.11085	0.11085	source_manifest:COHP/PDOS/Al16/*OH/COHPCAR.lobster
Al16	*OH	Coact-Oads	16	348	1.875883	-4.91228	up	-0.20051	0.20051	source_manifest:COHP/PDOS/Al16/*OH/COHPCAR.lobster
Al16	*OH	Coact-Oads	16	348	1.875883	-4.91228	down	-0.03277	0.03277	source_manifest:COHP/PDOS/Al16/*OH/COHPCAR.lobster
Al16	*OH	Coact-Obridge	16	259	2.069958	-4.91228	up	-0.22162	0.22162	source_manifest:COHP/PDOS/Al16/*OH/COHPCAR.lobster
Al16	*OH	Coact-Obridge	16	259	2.069958	-4.91228	down	-0.01226	0.01226	source_manifest:COHP/PDOS/Al16/*OH/COHPCAR.lobster
Al16	*OH	neighbor-Obridge	51	259	2.112332	-4.91228	up	-0.10591	0.10591	source_manifest:COHP/PDOS/Al16/*OH/COHPCAR.lobster
Al16	*OH	neighbor-Obridge	51	259	2.112332	-4.91228	down	-0.10658	0.10658	source_manifest:COHP/PDOS/Al16/*OH/COHPCAR.lobster
Al16	*OH	Coact-Oads	16	348	1.875883	-4.86216	up	-0.18099	0.18099	source_manifest:COHP/PDOS/Al16/*OH/COHPCAR.lobster
Al16	*OH	Coact-Oads	16	348	1.875883	-4.86216	down	-0.01406	0.01406	source_manifest:COHP/PDOS/Al16/*OH/COHPCAR.lobster
Al16	*OH	Coact-Obridge	16	259	2.069958	-4.86216	up	-0.52529	0.52529	source_manifest:COHP/PDOS/Al16/*OH/COHPCAR.lobster
Al16	*OH	Coact-Obridge	16	259	2.069958	-4.86216	down	-0.00476	0.00476	source_manifest:COHP/PDOS/Al16/*OH/COHPCAR.lobster
Al16	*OH	neighbor-Obridge	51	259	2.112332	-4.86216	up	-0.07137	0.07137	source_manifest:COHP/PDOS/Al16/*OH/COHPCAR.lobster
Al16	*OH	neighbor-Obridge	51	259	2.112332	-4.86216	down	-0.04269	0.04269	source_manifest:COHP/PDOS/Al16/*OH/COHPCAR.lobster
Al16	*OH	Coact-Oads	16	348	1.875883	-4.81203	up	-0.2232	0.2232	source_manifest:COHP/PDOS/Al16/*OH/COHPCAR.lobster
Al16	*OH	Coact-Oads	16	348	1.875883	-4.81203	down	-0.01063	0.01063	source_manifest:COHP/PDOS/Al16/*OH/COHPCAR.lobster
Al16	*OH	Coact-Obridge	16	259	2.069958	-4.81203	up	-0.87309	0.87309	source_manifest:COHP/PDOS/Al16/*OH/COHPCAR.lobster
Al16	*OH	Coact-Obridge	16	259	2.069958	-4.81203	down	-0.00733	0.00733	source_manifest:COHP/PDOS/Al16/*OH/COHPCAR.lobster
Al16	*OH	neighbor-Obridge	51	259	2.112332	-4.81203	up	-0.07307	0.07307	source_manifest:COHP/PDOS/Al16/*OH/COHPCAR.lobster
Al16	*OH	neighbor-Obridge	51	259	2.112332	-4.81203	down	-0.00098	0.00098	source_manifest:COHP/PDOS/Al16/*OH/COHPCAR.lobster
Al16	*OH	Coact-Oads	16	348	1.875883	-4.76190	up	-0.50517	0.50517	source_manifest:COHP/PDOS/Al16/*OH/COHPCAR.lobster
Al16	*OH	Coact-Oads	16	348	1.875883	-4.76190	down	-0.05344	0.05344	source_manifest:COHP/PDOS/Al16/*OH/COHPCAR.lobster
Al16	*OH	Coact-Obridge	16	259	2.069958	-4.76190	up	-0.90709	0.90709	source_manifest:COHP/PDOS/Al16/*OH/COHPCAR.lobster
Al16	*OH	Coact-Obridge	16	259	2.069958	-4.76190	down	-0.01995	0.01995	source_manifest:COHP/PDOS/Al16/*OH/COHPCAR.lobster
Al16	*OH	neighbor-Obridge	51	259	2.112332	-4.76190	up	-0.15039	0.15039	source_manifest:COHP/PDOS/Al16/*OH/COHPCAR.lobster
Al16	*OH	neighbor-Obridge	51	259	2.112332	-4.76190	down	-0.24124	0.24124	source_manifest:COHP/PDOS/Al16/*OH/COHPCAR.lobster
Al16	*OH	Coact-Oads	16	348	1.875883	-4.71178	up	-0.58047	0.58047	source_manifest:COHP/PDOS/Al16/*OH/COHPCAR.lobster
Al16	*OH	Coact-Oads	16	348	1.875883	-4.71178	down	-0.07334	0.07334	source_manifest:COHP/PDOS/Al16/*OH/COHPCAR.lobster
Al16	*OH	Coact-Obridge	16	259	2.069958	-4.71178	up	-1.13631	1.13631	source_manifest:COHP/PDOS/Al16/*OH/COHPCAR.lobster
Al16	*OH	Coact-Obridge	16	259	2.069958	-4.71178	down	-0.04352	0.04352	source_manifest:COHP/PDOS/Al16/*OH/COHPCAR.lobster
Al16	*OH	neighbor-Obridge	51	259	2.112332	-4.71178	up	-0.24225	0.24225	source_manifest:COHP/PDOS/Al16/*OH/COHPCAR.lobster
Al16	*OH	neighbor-Obridge	51	259	2.112332	-4.71178	down	-0.67704	0.67704	source_manifest:COHP/PDOS/Al16/*OH/COHPCAR.lobster
Al16	*OH	Coact-Oads	16	348	1.875883	-4.66165	up	-0.24442	0.24442	source_manifest:COHP/PDOS/Al16/*OH/COHPCAR.lobster
Al16	*OH	Coact-Oads	16	348	1.875883	-4.66165	down	-0.03683	0.03683	source_manifest:COHP/PDOS/Al16/*OH/COHPCAR.lobster
Al16	*OH	Coact-Obridge	16	259	2.069958	-4.66165	up	-0.60094	0.60094	source_manifest:COHP/PDOS/Al16/*OH/COHPCAR.lobster
Al16	*OH	Coact-Obridge	16	259	2.069958	-4.66165	down	-0.03608	0.03608	source_manifest:COHP/PDOS/Al16/*OH/COHPCAR.lobster
Al16	*OH	neighbor-Obridge	51	259	2.112332	-4.66165	up	-0.16303	0.16303	source_manifest:COHP/PDOS/Al16/*OH/COHPCAR.lobster
Al16	*OH	neighbor-Obridge	51	259	2.112332	-4.66165	down	-0.37612	0.37612	source_manifest:COHP/PDOS/Al16/*OH/COHPCAR.lobster
Al16	*OH	Coact-Oads	16	348	1.875883	-4.61153	up	-0.14431	0.14431	source_manifest:COHP/PDOS/Al16/*OH/COHPCAR.lobster
Al16	*OH	Coact-Oads	16	348	1.875883	-4.61153	down	-0.02597	0.02597	source_manifest:COHP/PDOS/Al16/*OH/COHPCAR.lobster
Al16	*OH	Coact-Obridge	16	259	2.069958	-4.61153	up	-0.27656	0.27656	source_manifest:COHP/PDOS/Al16/*OH/COHPCAR.lobster
Al16	*OH	Coact-Obridge	16	259	2.069958	-4.61153	down	-0.03346	0.03346	source_manifest:COHP/PDOS/Al16/*OH/COHPCAR.lobster
Al16	*OH	neighbor-Obridge	51	259	2.112332	-4.61153	up	-0.06631	0.06631	source_manifest:COHP/PDOS/Al16/*OH/COHPCAR.lobster
Al16	*OH	neighbor-Obridge	51	259	2.112332	-4.61153	down	-0.10997	0.10997	source_manifest:COHP/PDOS/Al16/*OH/COHPCAR.lobster
Al16	*OH	Coact-Oads	16	348	1.875883	-4.56140	up	-0.17005	0.17005	source_manifest:COHP/PDOS/Al16/*OH/COHPCAR.lobster
Al16	*OH	Coact-Oads	16	348	1.875883	-4.56140	down	-0.02966	0.02966	source_manifest:COHP/PDOS/Al16/*OH/COHPCAR.lobster
Al16	*OH	Coact-Obridge	16	259	2.069958	-4.56140	up	-0.35824	0.35824	source_manifest:COHP/PDOS/Al16/*OH/COHPCAR.lobster
Al16	*OH	Coact-Obridge	16	259	2.069958	-4.56140	down	-0.02524	0.02524	source_manifest:COHP/PDOS/Al16/*OH/COHPCAR.lobster
Al16	*OH	neighbor-Obridge	51	259	2.112332	-4.56140	up	-0.04438	0.04438	source_manifest:COHP/PDOS/Al16/*OH/COHPCAR.lobster
Al16	*OH	neighbor-Obridge	51	259	2.112332	-4.56140	down	-0.09853	0.09853	source_manifest:COHP/PDOS/Al16/*OH/COHPCAR.lobster
Al16	*OH	Coact-Oads	16	348	1.875883	-4.51128	up	-0.18841	0.18841	source_manifest:COHP/PDOS/Al16/*OH/COHPCAR.lobster
Al16	*OH	Coact-Oads	16	348	1.875883	-4.51128	down	-0.03695	0.03695	source_manifest:COHP/PDOS/Al16/*OH/COHPCAR.lobster
Al16	*OH	Coact-Obridge	16	259	2.069958	-4.51128	up	-0.20555	0.20555	source_manifest:COHP/PDOS/Al16/*OH/COHPCAR.lobster
Al16	*OH	Coact-Obridge	16	259	2.069958	-4.51128	down	-0.01065	0.01065	source_manifest:COHP/PDOS/Al16/*OH/COHPCAR.lobster
Al16	*OH	neighbor-Obridge	51	259	2.112332	-4.51128	up	-0.05118	0.05118	source_manifest:COHP/PDOS/Al16/*OH/COHPCAR.lobster
Al16	*OH	neighbor-Obridge	51	259	2.112332	-4.51128	down	-0.04979	0.04979	source_manifest:COHP/PDOS/Al16/*OH/COHPCAR.lobster
Al16	*OH	Coact-Oads	16	348	1.875883	-4.46115	up	-0.13679	0.13679	source_manifest:COHP/PDOS/Al16/*OH/COHPCAR.lobster
Al16	*OH	Coact-Oads	16	348	1.875883	-4.46115	down	-0.02611	0.02611	source_manifest:COHP/PDOS/Al16/*OH/COHPCAR.lobster
Al16	*OH	Coact-Obridge	16	259	2.069958	-4.46115	up	-0.11485	0.11485	source_manifest:COHP/PDOS/Al16/*OH/COHPCAR.lobster
Al16	*OH	Coact-Obridge	16	259	2.069958	-4.46115	down	-0.00854	0.00854	source_manifest:COHP/PDOS/Al16/*OH/COHPCAR.lobster
Al16	*OH	neighbor-Obridge	51	259	2.112332	-4.46115	up	-0.1007	0.1007	source_manifest:COHP/PDOS/Al16/*OH/COHPCAR.lobster
Al16	*OH	neighbor-Obridge	51	259	2.112332	-4.46115	down	-0.03506	0.03506	source_manifest:COHP/PDOS/Al16/*OH/COHPCAR.lobster
Al16	*OH	Coact-Oads	16	348	1.875883	-4.41103	up	-0.09432	0.09432	source_manifest:COHP/PDOS/Al16/*OH/COHPCAR.lobster
Al16	*OH	Coact-Oads	16	348	1.875883	-4.41103	down	-0.0139	0.0139	source_manifest:COHP/PDOS/Al16/*OH/COHPCAR.lobster
Al16	*OH	Coact-Obridge	16	259	2.069958	-4.41103	up	-0.19796	0.19796	source_manifest:COHP/PDOS/Al16/*OH/COHPCAR.lobster
Al16	*OH	Coact-Obridge	16	259	2.069958	-4.41103	down	-0.01365	0.01365	source_manifest:COHP/PDOS/Al16/*OH/COHPCAR.lobster
Al16	*OH	neighbor-Obridge	51	259	2.112332	-4.41103	up	-0.16942	0.16942	source_manifest:COHP/PDOS/Al16/*OH/COHPCAR.lobster
Al16	*OH	neighbor-Obridge	51	259	2.112332	-4.41103	down	0.00155	-0.00155	source_manifest:COHP/PDOS/Al16/*OH/COHPCAR.lobster
Al16	*OH	Coact-Oads	16	348	1.875883	-4.36090	up	-0.10492	0.10492	source_manifest:COHP/PDOS/Al16/*OH/COHPCAR.lobster
Al16	*OH	Coact-Oads	16	348	1.875883	-4.36090	down	-0.01821	0.01821	source_manifest:COHP/PDOS/Al16/*OH/COHPCAR.lobster
Al16	*OH	Coact-Obridge	16	259	2.069958	-4.36090	up	-0.27897	0.27897	source_manifest:COHP/PDOS/Al16/*OH/COHPCAR.lobster
Al16	*OH	Coact-Obridge	16	259	2.069958	-4.36090	down	-0.02715	0.02715	source_manifest:COHP/PDOS/Al16/*OH/COHPCAR.lobster
Al16	*OH	neighbor-Obridge	51	259	2.112332	-4.36090	up	-0.18681	0.18681	source_manifest:COHP/PDOS/Al16/*OH/COHPCAR.lobster
Al16	*OH	neighbor-Obridge	51	259	2.112332	-4.36090	down	-0.03961	0.03961	source_manifest:COHP/PDOS/Al16/*OH/COHPCAR.lobster
Al16	*OH	Coact-Oads	16	348	1.875883	-4.31078	up	-0.14404	0.14404	source_manifest:COHP/PDOS/Al16/*OH/COHPCAR.lobster
Al16	*OH	Coact-Oads	16	348	1.875883	-4.31078	down	-0.03019	0.03019	source_manifest:COHP/PDOS/Al16/*OH/COHPCAR.lobster
Al16	*OH	Coact-Obridge	16	259	2.069958	-4.31078	up	-0.19829	0.19829	source_manifest:COHP/PDOS/Al16/*OH/COHPCAR.lobster
Al16	*OH	Coact-Obridge	16	259	2.069958	-4.31078	down	-0.0126	0.0126	source_manifest:COHP/PDOS/Al16/*OH/COHPCAR.lobster
Al16	*OH	neighbor-Obridge	51	259	2.112332	-4.31078	up	-0.18588	0.18588	source_manifest:COHP/PDOS/Al16/*OH/COHPCAR.lobster
Al16	*OH	neighbor-Obridge	51	259	2.112332	-4.31078	down	-0.00869	0.00869	source_manifest:COHP/PDOS/Al16/*OH/COHPCAR.lobster
Al16	*OH	Coact-Oads	16	348	1.875883	-4.26065	up	-0.1359	0.1359	source_manifest:COHP/PDOS/Al16/*OH/COHPCAR.lobster
Al16	*OH	Coact-Oads	16	348	1.875883	-4.26065	down	-0.02897	0.02897	source_manifest:COHP/PDOS/Al16/*OH/COHPCAR.lobster
Al16	*OH	Coact-Obridge	16	259	2.069958	-4.26065	up	-0.16888	0.16888	source_manifest:COHP/PDOS/Al16/*OH/COHPCAR.lobster
Al16	*OH	Coact-Obridge	16	259	2.069958	-4.26065	down	0.0036	-0.0036	source_manifest:COHP/PDOS/Al16/*OH/COHPCAR.lobster
Al16	*OH	neighbor-Obridge	51	259	2.112332	-4.26065	up	-0.31149	0.31149	source_manifest:COHP/PDOS/Al16/*OH/COHPCAR.lobster
Al16	*OH	neighbor-Obridge	51	259	2.112332	-4.26065	down	0.08896	-0.08896	source_manifest:COHP/PDOS/Al16/*OH/COHPCAR.lobster
Al16	*OH	Coact-Oads	16	348	1.875883	-4.21053	up	-0.08564	0.08564	source_manifest:COHP/PDOS/Al16/*OH/COHPCAR.lobster
Al16	*OH	Coact-Oads	16	348	1.875883	-4.21053	down	-0.0166	0.0166	source_manifest:COHP/PDOS/Al16/*OH/COHPCAR.lobster
Al16	*OH	Coact-Obridge	16	259	2.069958	-4.21053	up	-0.12533	0.12533	source_manifest:COHP/PDOS/Al16/*OH/COHPCAR.lobster
Al16	*OH	Coact-Obridge	16	259	2.069958	-4.21053	down	-0.00164	0.00164	source_manifest:COHP/PDOS/Al16/*OH/COHPCAR.lobster
Al16	*OH	neighbor-Obridge	51	259	2.112332	-4.21053	up	-0.22841	0.22841	source_manifest:COHP/PDOS/Al16/*OH/COHPCAR.lobster
Al16	*OH	neighbor-Obridge	51	259	2.112332	-4.21053	down	0.0482	-0.0482	source_manifest:COHP/PDOS/Al16/*OH/COHPCAR.lobster
Al16	*OH	Coact-Oads	16	348	1.875883	-4.16040	up	-0.0631	0.0631	source_manifest:COHP/PDOS/Al16/*OH/COHPCAR.lobster
Al16	*OH	Coact-Oads	16	348	1.875883	-4.16040	down	-0.00917	0.00917	source_manifest:COHP/PDOS/Al16/*OH/COHPCAR.lobster
Al16	*OH	Coact-Obridge	16	259	2.069958	-4.16040	up	-0.09203	0.09203	source_manifest:COHP/PDOS/Al16/*OH/COHPCAR.lobster
Al16	*OH	Coact-Obridge	16	259	2.069958	-4.16040	down	0.00069	-0.00069	source_manifest:COHP/PDOS/Al16/*OH/COHPCAR.lobster
Al16	*OH	neighbor-Obridge	51	259	2.112332	-4.16040	up	-0.07774	0.07774	source_manifest:COHP/PDOS/Al16/*OH/COHPCAR.lobster
Al16	*OH	neighbor-Obridge	51	259	2.112332	-4.16040	down	-0.00798	0.00798	source_manifest:COHP/PDOS/Al16/*OH/COHPCAR.lobster
Al16	*OH	Coact-Oads	16	348	1.875883	-4.11028	up	-0.03933	0.03933	source_manifest:COHP/PDOS/Al16/*OH/COHPCAR.lobster
Al16	*OH	Coact-Oads	16	348	1.875883	-4.11028	down	-0.01402	0.01402	source_manifest:COHP/PDOS/Al16/*OH/COHPCAR.lobster
Al16	*OH	Coact-Obridge	16	259	2.069958	-4.11028	up	-0.1194	0.1194	source_manifest:COHP/PDOS/Al16/*OH/COHPCAR.lobster
Al16	*OH	Coact-Obridge	16	259	2.069958	-4.11028	down	0.00144	-0.00144	source_manifest:COHP/PDOS/Al16/*OH/COHPCAR.lobster
Al16	*OH	neighbor-Obridge	51	259	2.112332	-4.11028	up	-0.04597	0.04597	source_manifest:COHP/PDOS/Al16/*OH/COHPCAR.lobster
Al16	*OH	neighbor-Obridge	51	259	2.112332	-4.11028	down	-0.00182	0.00182	source_manifest:COHP/PDOS/Al16/*OH/COHPCAR.lobster
Al16	*OH	Coact-Oads	16	348	1.875883	-4.06015	up	-0.00924	0.00924	source_manifest:COHP/PDOS/Al16/*OH/COHPCAR.lobster
Al16	*OH	Coact-Oads	16	348	1.875883	-4.06015	down	-0.02262	0.02262	source_manifest:COHP/PDOS/Al16/*OH/COHPCAR.lobster
Al16	*OH	Coact-Obridge	16	259	2.069958	-4.06015	up	-0.0952	0.0952	source_manifest:COHP/PDOS/Al16/*OH/COHPCAR.lobster
Al16	*OH	Coact-Obridge	16	259	2.069958	-4.06015	down	0.00281	-0.00281	source_manifest:COHP/PDOS/Al16/*OH/COHPCAR.lobster
Al16	*OH	neighbor-Obridge	51	259	2.112332	-4.06015	up	-0.05595	0.05595	source_manifest:COHP/PDOS/Al16/*OH/COHPCAR.lobster
Al16	*OH	neighbor-Obridge	51	259	2.112332	-4.06015	down	-0.00074	0.00074	source_manifest:COHP/PDOS/Al16/*OH/COHPCAR.lobster
Al16	*OH	Coact-Oads	16	348	1.875883	-4.01003	up	0.03521	-0.03521	source_manifest:COHP/PDOS/Al16/*OH/COHPCAR.lobster
Al16	*OH	Coact-Oads	16	348	1.875883	-4.01003	down	-0.02524	0.02524	source_manifest:COHP/PDOS/Al16/*OH/COHPCAR.lobster
Al16	*OH	Coact-Obridge	16	259	2.069958	-4.01003	up	-0.06418	0.06418	source_manifest:COHP/PDOS/Al16/*OH/COHPCAR.lobster
Al16	*OH	Coact-Obridge	16	259	2.069958	-4.01003	down	0.00166	-0.00166	source_manifest:COHP/PDOS/Al16/*OH/COHPCAR.lobster
Al16	*OH	neighbor-Obridge	51	259	2.112332	-4.01003	up	-0.10113	0.10113	source_manifest:COHP/PDOS/Al16/*OH/COHPCAR.lobster
Al16	*OH	neighbor-Obridge	51	259	2.112332	-4.01003	down	0.0147	-0.0147	source_manifest:COHP/PDOS/Al16/*OH/COHPCAR.lobster
Al16	*OH	Coact-Oads	16	348	1.875883	-3.95990	up	0.05673	-0.05673	source_manifest:COHP/PDOS/Al16/*OH/COHPCAR.lobster
Al16	*OH	Coact-Oads	16	348	1.875883	-3.95990	down	-0.01862	0.01862	source_manifest:COHP/PDOS/Al16/*OH/COHPCAR.lobster
Al16	*OH	Coact-Obridge	16	259	2.069958	-3.95990	up	-0.04618	0.04618	source_manifest:COHP/PDOS/Al16/*OH/COHPCAR.lobster
Al16	*OH	Coact-Obridge	16	259	2.069958	-3.95990	down	0.00345	-0.00345	source_manifest:COHP/PDOS/Al16/*OH/COHPCAR.lobster
Al16	*OH	neighbor-Obridge	51	259	2.112332	-3.95990	up	-0.13997	0.13997	source_manifest:COHP/PDOS/Al16/*OH/COHPCAR.lobster
Al16	*OH	neighbor-Obridge	51	259	2.112332	-3.95990	down	0.06542	-0.06542	source_manifest:COHP/PDOS/Al16/*OH/COHPCAR.lobster
Al16	*OH	Coact-Oads	16	348	1.875883	-3.90977	up	0.00967	-0.00967	source_manifest:COHP/PDOS/Al16/*OH/COHPCAR.lobster
Al16	*OH	Coact-Oads	16	348	1.875883	-3.90977	down	0.00053	-0.00053	source_manifest:COHP/PDOS/Al16/*OH/COHPCAR.lobster
Al16	*OH	Coact-Obridge	16	259	2.069958	-3.90977	up	-0.07486	0.07486	source_manifest:COHP/PDOS/Al16/*OH/COHPCAR.lobster
Al16	*OH	Coact-Obridge	16	259	2.069958	-3.90977	down	0.00665	-0.00665	source_manifest:COHP/PDOS/Al16/*OH/COHPCAR.lobster
Al16	*OH	neighbor-Obridge	51	259	2.112332	-3.90977	up	-0.1554	0.1554	source_manifest:COHP/PDOS/Al16/*OH/COHPCAR.lobster
Al16	*OH	neighbor-Obridge	51	259	2.112332	-3.90977	down	0.16167	-0.16167	source_manifest:COHP/PDOS/Al16/*OH/COHPCAR.lobster
Al16	*OH	Coact-Oads	16	348	1.875883	-3.85965	up	-0.02444	0.02444	source_manifest:COHP/PDOS/Al16/*OH/COHPCAR.lobster
Al16	*OH	Coact-Oads	16	348	1.875883	-3.85965	down	-0.00183	0.00183	source_manifest:COHP/PDOS/Al16/*OH/COHPCAR.lobster
Al16	*OH	Coact-Obridge	16	259	2.069958	-3.85965	up	-0.06479	0.06479	source_manifest:COHP/PDOS/Al16/*OH/COHPCAR.lobster
Al16	*OH	Coact-Obridge	16	259	2.069958	-3.85965	down	0.00901	-0.00901	source_manifest:COHP/PDOS/Al16/*OH/COHPCAR.lobster
Al16	*OH	neighbor-Obridge	51	259	2.112332	-3.85965	up	-0.17588	0.17588	source_manifest:COHP/PDOS/Al16/*OH/COHPCAR.lobster
Al16	*OH	neighbor-Obridge	51	259	2.112332	-3.85965	down	0.21821	-0.21821	source_manifest:COHP/PDOS/Al16/*OH/COHPCAR.lobster
Al16	*OH	Coact-Oads	16	348	1.875883	-3.80952	up	-0.03114	0.03114	source_manifest:COHP/PDOS/Al16/*OH/COHPCAR.lobster
Al16	*OH	Coact-Oads	16	348	1.875883	-3.80952	down	-0.01	0.01	source_manifest:COHP/PDOS/Al16/*OH/COHPCAR.lobster
Al16	*OH	Coact-Obridge	16	259	2.069958	-3.80952	up	0.0183	-0.0183	source_manifest:COHP/PDOS/Al16/*OH/COHPCAR.lobster
Al16	*OH	Coact-Obridge	16	259	2.069958	-3.80952	down	0.0134	-0.0134	source_manifest:COHP/PDOS/Al16/*OH/COHPCAR.lobster
Al16	*OH	neighbor-Obridge	51	259	2.112332	-3.80952	up	-0.15418	0.15418	source_manifest:COHP/PDOS/Al16/*OH/COHPCAR.lobster
Al16	*OH	neighbor-Obridge	51	259	2.112332	-3.80952	down	0.18533	-0.18533	source_manifest:COHP/PDOS/Al16/*OH/COHPCAR.lobster
Al16	*OH	Coact-Oads	16	348	1.875883	-3.75940	up	-0.07894	0.07894	source_manifest:COHP/PDOS/Al16/*OH/COHPCAR.lobster
Al16	*OH	Coact-Oads	16	348	1.875883	-3.75940	down	-0.00909	0.00909	source_manifest:COHP/PDOS/Al16/*OH/COHPCAR.lobster
Al16	*OH	Coact-Obridge	16	259	2.069958	-3.75940	up	0.09272	-0.09272	source_manifest:COHP/PDOS/Al16/*OH/COHPCAR.lobster
Al16	*OH	Coact-Obridge	16	259	2.069958	-3.75940	down	0.01835	-0.01835	source_manifest:COHP/PDOS/Al16/*OH/COHPCAR.lobster
Al16	*OH	neighbor-Obridge	51	259	2.112332	-3.75940	up	-0.15613	0.15613	source_manifest:COHP/PDOS/Al16/*OH/COHPCAR.lobster
Al16	*OH	neighbor-Obridge	51	259	2.112332	-3.75940	down	0.16212	-0.16212	source_manifest:COHP/PDOS/Al16/*OH/COHPCAR.lobster
Al16	*OH	Coact-Oads	16	348	1.875883	-3.70927	up	-0.09622	0.09622	source_manifest:COHP/PDOS/Al16/*OH/COHPCAR.lobster
Al16	*OH	Coact-Oads	16	348	1.875883	-3.70927	down	-0.01061	0.01061	source_manifest:COHP/PDOS/Al16/*OH/COHPCAR.lobster
Al16	*OH	Coact-Obridge	16	259	2.069958	-3.70927	up	0.06219	-0.06219	source_manifest:COHP/PDOS/Al16/*OH/COHPCAR.lobster
Al16	*OH	Coact-Obridge	16	259	2.069958	-3.70927	down	0.0179	-0.0179	source_manifest:COHP/PDOS/Al16/*OH/COHPCAR.lobster
Al16	*OH	neighbor-Obridge	51	259	2.112332	-3.70927	up	-0.1208	0.1208	source_manifest:COHP/PDOS/Al16/*OH/COHPCAR.lobster
Al16	*OH	neighbor-Obridge	51	259	2.112332	-3.70927	down	0.08542	-0.08542	source_manifest:COHP/PDOS/Al16/*OH/COHPCAR.lobster
Al16	*OH	Coact-Oads	16	348	1.875883	-3.65915	up	-0.04211	0.04211	source_manifest:COHP/PDOS/Al16/*OH/COHPCAR.lobster
Al16	*OH	Coact-Oads	16	348	1.875883	-3.65915	down	-0.00804	0.00804	source_manifest:COHP/PDOS/Al16/*OH/COHPCAR.lobster
Al16	*OH	Coact-Obridge	16	259	2.069958	-3.65915	up	0.02435	-0.02435	source_manifest:COHP/PDOS/Al16/*OH/COHPCAR.lobster
Al16	*OH	Coact-Obridge	16	259	2.069958	-3.65915	down	0.0125	-0.0125	source_manifest:COHP/PDOS/Al16/*OH/COHPCAR.lobster
Al16	*OH	neighbor-Obridge	51	259	2.112332	-3.65915	up	-0.05343	0.05343	source_manifest:COHP/PDOS/Al16/*OH/COHPCAR.lobster
Al16	*OH	neighbor-Obridge	51	259	2.112332	-3.65915	down	0.03124	-0.03124	source_manifest:COHP/PDOS/Al16/*OH/COHPCAR.lobster
Al16	*OH	Coact-Oads	16	348	1.875883	-3.60902	up	-0.0256	0.0256	source_manifest:COHP/PDOS/Al16/*OH/COHPCAR.lobster
Al16	*OH	Coact-Oads	16	348	1.875883	-3.60902	down	-0.01015	0.01015	source_manifest:COHP/PDOS/Al16/*OH/COHPCAR.lobster
Al16	*OH	Coact-Obridge	16	259	2.069958	-3.60902	up	0.04494	-0.04494	source_manifest:COHP/PDOS/Al16/*OH/COHPCAR.lobster
Al16	*OH	Coact-Obridge	16	259	2.069958	-3.60902	down	0.00509	-0.00509	source_manifest:COHP/PDOS/Al16/*OH/COHPCAR.lobster
Al16	*OH	neighbor-Obridge	51	259	2.112332	-3.60902	up	-0.02678	0.02678	source_manifest:COHP/PDOS/Al16/*OH/COHPCAR.lobster
Al16	*OH	neighbor-Obridge	51	259	2.112332	-3.60902	down	0.03541	-0.03541	source_manifest:COHP/PDOS/Al16/*OH/COHPCAR.lobster
Al16	*OH	Coact-Oads	16	348	1.875883	-3.55890	up	-0.04758	0.04758	source_manifest:COHP/PDOS/Al16/*OH/COHPCAR.lobster
Al16	*OH	Coact-Oads	16	348	1.875883	-3.55890	down	-0.01182	0.01182	source_manifest:COHP/PDOS/Al16/*OH/COHPCAR.lobster
Al16	*OH	Coact-Obridge	16	259	2.069958	-3.55890	up	0.0764	-0.0764	source_manifest:COHP/PDOS/Al16/*OH/COHPCAR.lobster
Al16	*OH	Coact-Obridge	16	259	2.069958	-3.55890	down	-0.00067	0.00067	source_manifest:COHP/PDOS/Al16/*OH/COHPCAR.lobster
Al16	*OH	neighbor-Obridge	51	259	2.112332	-3.55890	up	-0.01325	0.01325	source_manifest:COHP/PDOS/Al16/*OH/COHPCAR.lobster
Al16	*OH	neighbor-Obridge	51	259	2.112332	-3.55890	down	0.03464	-0.03464	source_manifest:COHP/PDOS/Al16/*OH/COHPCAR.lobster
Al16	*OH	Coact-Oads	16	348	1.875883	-3.50877	up	-0.05391	0.05391	source_manifest:COHP/PDOS/Al16/*OH/COHPCAR.lobster
Al16	*OH	Coact-Oads	16	348	1.875883	-3.50877	down	-0.00733	0.00733	source_manifest:COHP/PDOS/Al16/*OH/COHPCAR.lobster
Al16	*OH	Coact-Obridge	16	259	2.069958	-3.50877	up	0.07466	-0.07466	source_manifest:COHP/PDOS/Al16/*OH/COHPCAR.lobster
Al16	*OH	Coact-Obridge	16	259	2.069958	-3.50877	down	-0.00444	0.00444	source_manifest:COHP/PDOS/Al16/*OH/COHPCAR.lobster
Al16	*OH	neighbor-Obridge	51	259	2.112332	-3.50877	up	0.00186	-0.00186	source_manifest:COHP/PDOS/Al16/*OH/COHPCAR.lobster
Al16	*OH	neighbor-Obridge	51	259	2.112332	-3.50877	down	0.02239	-0.02239	source_manifest:COHP/PDOS/Al16/*OH/COHPCAR.lobster
Al16	*OH	Coact-Oads	16	348	1.875883	-3.45865	up	-0.02837	0.02837	source_manifest:COHP/PDOS/Al16/*OH/COHPCAR.lobster
Al16	*OH	Coact-Oads	16	348	1.875883	-3.45865	down	-0.00607	0.00607	source_manifest:COHP/PDOS/Al16/*OH/COHPCAR.lobster
Al16	*OH	Coact-Obridge	16	259	2.069958	-3.45865	up	0.12149	-0.12149	source_manifest:COHP/PDOS/Al16/*OH/COHPCAR.lobster
Al16	*OH	Coact-Obridge	16	259	2.069958	-3.45865	down	-0.0012	0.0012	source_manifest:COHP/PDOS/Al16/*OH/COHPCAR.lobster
Al16	*OH	neighbor-Obridge	51	259	2.112332	-3.45865	up	0.02277	-0.02277	source_manifest:COHP/PDOS/Al16/*OH/COHPCAR.lobster
Al16	*OH	neighbor-Obridge	51	259	2.112332	-3.45865	down	0.00129	-0.00129	source_manifest:COHP/PDOS/Al16/*OH/COHPCAR.lobster
Al16	*OH	Coact-Oads	16	348	1.875883	-3.40852	up	-0.01558	0.01558	source_manifest:COHP/PDOS/Al16/*OH/COHPCAR.lobster
Al16	*OH	Coact-Oads	16	348	1.875883	-3.40852	down	-0.00717	0.00717	source_manifest:COHP/PDOS/Al16/*OH/COHPCAR.lobster
Al16	*OH	Coact-Obridge	16	259	2.069958	-3.40852	up	0.15723	-0.15723	source_manifest:COHP/PDOS/Al16/*OH/COHPCAR.lobster
Al16	*OH	Coact-Obridge	16	259	2.069958	-3.40852	down	0.00864	-0.00864	source_manifest:COHP/PDOS/Al16/*OH/COHPCAR.lobster
Al16	*OH	neighbor-Obridge	51	259	2.112332	-3.40852	up	0.02769	-0.02769	source_manifest:COHP/PDOS/Al16/*OH/COHPCAR.lobster
Al16	*OH	neighbor-Obridge	51	259	2.112332	-3.40852	down	-0.00616	0.00616	source_manifest:COHP/PDOS/Al16/*OH/COHPCAR.lobster
Al16	*OH	Coact-Oads	16	348	1.875883	-3.35840	up	-0.00408	0.00408	source_manifest:COHP/PDOS/Al16/*OH/COHPCAR.lobster
Al16	*OH	Coact-Oads	16	348	1.875883	-3.35840	down	-0.00707	0.00707	source_manifest:COHP/PDOS/Al16/*OH/COHPCAR.lobster
Al16	*OH	Coact-Obridge	16	259	2.069958	-3.35840	up	0.11976	-0.11976	source_manifest:COHP/PDOS/Al16/*OH/COHPCAR.lobster
Al16	*OH	Coact-Obridge	16	259	2.069958	-3.35840	down	0.00824	-0.00824	source_manifest:COHP/PDOS/Al16/*OH/COHPCAR.lobster
Al16	*OH	neighbor-Obridge	51	259	2.112332	-3.35840	up	0.02206	-0.02206	source_manifest:COHP/PDOS/Al16/*OH/COHPCAR.lobster
Al16	*OH	neighbor-Obridge	51	259	2.112332	-3.35840	down	-0.00158	0.00158	source_manifest:COHP/PDOS/Al16/*OH/COHPCAR.lobster
Al16	*OH	Coact-Oads	16	348	1.875883	-3.30827	up	0.00867	-0.00867	source_manifest:COHP/PDOS/Al16/*OH/COHPCAR.lobster
Al16	*OH	Coact-Oads	16	348	1.875883	-3.30827	down	-0.00956	0.00956	source_manifest:COHP/PDOS/Al16/*OH/COHPCAR.lobster
Al16	*OH	Coact-Obridge	16	259	2.069958	-3.30827	up	0.09623	-0.09623	source_manifest:COHP/PDOS/Al16/*OH/COHPCAR.lobster
Al16	*OH	Coact-Obridge	16	259	2.069958	-3.30827	down	0.00092	-0.00092	source_manifest:COHP/PDOS/Al16/*OH/COHPCAR.lobster
Al16	*OH	neighbor-Obridge	51	259	2.112332	-3.30827	up	0	-0	source_manifest:COHP/PDOS/Al16/*OH/COHPCAR.lobster
Al16	*OH	neighbor-Obridge	51	259	2.112332	-3.30827	down	0.0118	-0.0118	source_manifest:COHP/PDOS/Al16/*OH/COHPCAR.lobster
Al16	*OH	Coact-Oads	16	348	1.875883	-3.25815	up	0.00267	-0.00267	source_manifest:COHP/PDOS/Al16/*OH/COHPCAR.lobster
Al16	*OH	Coact-Oads	16	348	1.875883	-3.25815	down	-0.00798	0.00798	source_manifest:COHP/PDOS/Al16/*OH/COHPCAR.lobster
Al16	*OH	Coact-Obridge	16	259	2.069958	-3.25815	up	0.05903	-0.05903	source_manifest:COHP/PDOS/Al16/*OH/COHPCAR.lobster
Al16	*OH	Coact-Obridge	16	259	2.069958	-3.25815	down	-0.00266	0.00266	source_manifest:COHP/PDOS/Al16/*OH/COHPCAR.lobster
Al16	*OH	neighbor-Obridge	51	259	2.112332	-3.25815	up	-0.00616	0.00616	source_manifest:COHP/PDOS/Al16/*OH/COHPCAR.lobster
Al16	*OH	neighbor-Obridge	51	259	2.112332	-3.25815	down	0.02825	-0.02825	source_manifest:COHP/PDOS/Al16/*OH/COHPCAR.lobster
Al16	*OH	Coact-Oads	16	348	1.875883	-3.20802	up	-0.01587	0.01587	source_manifest:COHP/PDOS/Al16/*OH/COHPCAR.lobster
Al16	*OH	Coact-Oads	16	348	1.875883	-3.20802	down	-0.00579	0.00579	source_manifest:COHP/PDOS/Al16/*OH/COHPCAR.lobster
Al16	*OH	Coact-Obridge	16	259	2.069958	-3.20802	up	0.00675	-0.00675	source_manifest:COHP/PDOS/Al16/*OH/COHPCAR.lobster
Al16	*OH	Coact-Obridge	16	259	2.069958	-3.20802	down	-0.00044	0.00044	source_manifest:COHP/PDOS/Al16/*OH/COHPCAR.lobster
Al16	*OH	neighbor-Obridge	51	259	2.112332	-3.20802	up	-0.00082	0.00082	source_manifest:COHP/PDOS/Al16/*OH/COHPCAR.lobster
Al16	*OH	neighbor-Obridge	51	259	2.112332	-3.20802	down	0.03061	-0.03061	source_manifest:COHP/PDOS/Al16/*OH/COHPCAR.lobster
Al16	*OH	Coact-Oads	16	348	1.875883	-3.15789	up	-0.03973	0.03973	source_manifest:COHP/PDOS/Al16/*OH/COHPCAR.lobster
Al16	*OH	Coact-Oads	16	348	1.875883	-3.15789	down	-0.00432	0.00432	source_manifest:COHP/PDOS/Al16/*OH/COHPCAR.lobster
Al16	*OH	Coact-Obridge	16	259	2.069958	-3.15789	up	-0.03307	0.03307	source_manifest:COHP/PDOS/Al16/*OH/COHPCAR.lobster
Al16	*OH	Coact-Obridge	16	259	2.069958	-3.15789	down	0.00081	-0.00081	source_manifest:COHP/PDOS/Al16/*OH/COHPCAR.lobster
Al16	*OH	neighbor-Obridge	51	259	2.112332	-3.15789	up	-0.00524	0.00524	source_manifest:COHP/PDOS/Al16/*OH/COHPCAR.lobster
Al16	*OH	neighbor-Obridge	51	259	2.112332	-3.15789	down	0.02335	-0.02335	source_manifest:COHP/PDOS/Al16/*OH/COHPCAR.lobster
Al16	*OH	Coact-Oads	16	348	1.875883	-3.10777	up	-0.0919	0.0919	source_manifest:COHP/PDOS/Al16/*OH/COHPCAR.lobster
Al16	*OH	Coact-Oads	16	348	1.875883	-3.10777	down	-0.00875	0.00875	source_manifest:COHP/PDOS/Al16/*OH/COHPCAR.lobster
Al16	*OH	Coact-Obridge	16	259	2.069958	-3.10777	up	-0.03609	0.03609	source_manifest:COHP/PDOS/Al16/*OH/COHPCAR.lobster
Al16	*OH	Coact-Obridge	16	259	2.069958	-3.10777	down	0.0005	-0.0005	source_manifest:COHP/PDOS/Al16/*OH/COHPCAR.lobster
Al16	*OH	neighbor-Obridge	51	259	2.112332	-3.10777	up	-0.00583	0.00583	source_manifest:COHP/PDOS/Al16/*OH/COHPCAR.lobster
Al16	*OH	neighbor-Obridge	51	259	2.112332	-3.10777	down	0.00667	-0.00667	source_manifest:COHP/PDOS/Al16/*OH/COHPCAR.lobster
Al16	*OH	Coact-Oads	16	348	1.875883	-3.05764	up	-0.08616	0.08616	source_manifest:COHP/PDOS/Al16/*OH/COHPCAR.lobster
Al16	*OH	Coact-Oads	16	348	1.875883	-3.05764	down	-0.0044	0.0044	source_manifest:COHP/PDOS/Al16/*OH/COHPCAR.lobster
Al16	*OH	Coact-Obridge	16	259	2.069958	-3.05764	up	-0.02115	0.02115	source_manifest:COHP/PDOS/Al16/*OH/COHPCAR.lobster
Al16	*OH	Coact-Obridge	16	259	2.069958	-3.05764	down	-0.00083	0.00083	source_manifest:COHP/PDOS/Al16/*OH/COHPCAR.lobster
Al16	*OH	neighbor-Obridge	51	259	2.112332	-3.05764	up	0.00813	-0.00813	source_manifest:COHP/PDOS/Al16/*OH/COHPCAR.lobster
Al16	*OH	neighbor-Obridge	51	259	2.112332	-3.05764	down	0.00025	-0.00025	source_manifest:COHP/PDOS/Al16/*OH/COHPCAR.lobster
Al16	*OH	Coact-Oads	16	348	1.875883	-3.00752	up	-0.0301	0.0301	source_manifest:COHP/PDOS/Al16/*OH/COHPCAR.lobster
Al16	*OH	Coact-Oads	16	348	1.875883	-3.00752	down	0.01282	-0.01282	source_manifest:COHP/PDOS/Al16/*OH/COHPCAR.lobster
Al16	*OH	Coact-Obridge	16	259	2.069958	-3.00752	up	-0.0077	0.0077	source_manifest:COHP/PDOS/Al16/*OH/COHPCAR.lobster
Al16	*OH	Coact-Obridge	16	259	2.069958	-3.00752	down	-0.00071	0.00071	source_manifest:COHP/PDOS/Al16/*OH/COHPCAR.lobster
Al16	*OH	neighbor-Obridge	51	259	2.112332	-3.00752	up	0.03387	-0.03387	source_manifest:COHP/PDOS/Al16/*OH/COHPCAR.lobster
Al16	*OH	neighbor-Obridge	51	259	2.112332	-3.00752	down	0.00573	-0.00573	source_manifest:COHP/PDOS/Al16/*OH/COHPCAR.lobster
Al16	*OH	Coact-Oads	16	348	1.875883	-2.95739	up	-0.00381	0.00381	source_manifest:COHP/PDOS/Al16/*OH/COHPCAR.lobster
Al16	*OH	Coact-Oads	16	348	1.875883	-2.95739	down	0.02825	-0.02825	source_manifest:COHP/PDOS/Al16/*OH/COHPCAR.lobster
Al16	*OH	Coact-Obridge	16	259	2.069958	-2.95739	up	0.00013	-0.00013	source_manifest:COHP/PDOS/Al16/*OH/COHPCAR.lobster
Al16	*OH	Coact-Obridge	16	259	2.069958	-2.95739	down	0.00017	-0.00017	source_manifest:COHP/PDOS/Al16/*OH/COHPCAR.lobster
Al16	*OH	neighbor-Obridge	51	259	2.112332	-2.95739	up	0.09825	-0.09825	source_manifest:COHP/PDOS/Al16/*OH/COHPCAR.lobster
Al16	*OH	neighbor-Obridge	51	259	2.112332	-2.95739	down	0.01052	-0.01052	source_manifest:COHP/PDOS/Al16/*OH/COHPCAR.lobster
Al16	*OH	Coact-Oads	16	348	1.875883	-2.90727	up	0.01063	-0.01063	source_manifest:COHP/PDOS/Al16/*OH/COHPCAR.lobster
Al16	*OH	Coact-Oads	16	348	1.875883	-2.90727	down	0.04157	-0.04157	source_manifest:COHP/PDOS/Al16/*OH/COHPCAR.lobster
Al16	*OH	Coact-Obridge	16	259	2.069958	-2.90727	up	0.00603	-0.00603	source_manifest:COHP/PDOS/Al16/*OH/COHPCAR.lobster
Al16	*OH	Coact-Obridge	16	259	2.069958	-2.90727	down	0.00607	-0.00607	source_manifest:COHP/PDOS/Al16/*OH/COHPCAR.lobster
Al16	*OH	neighbor-Obridge	51	259	2.112332	-2.90727	up	0.28895	-0.28895	source_manifest:COHP/PDOS/Al16/*OH/COHPCAR.lobster
Al16	*OH	neighbor-Obridge	51	259	2.112332	-2.90727	down	0.01107	-0.01107	source_manifest:COHP/PDOS/Al16/*OH/COHPCAR.lobster
Al16	*OH	Coact-Oads	16	348	1.875883	-2.85714	up	0.00397	-0.00397	source_manifest:COHP/PDOS/Al16/*OH/COHPCAR.lobster
Al16	*OH	Coact-Oads	16	348	1.875883	-2.85714	down	0.05833	-0.05833	source_manifest:COHP/PDOS/Al16/*OH/COHPCAR.lobster
Al16	*OH	Coact-Obridge	16	259	2.069958	-2.85714	up	0.00425	-0.00425	source_manifest:COHP/PDOS/Al16/*OH/COHPCAR.lobster
Al16	*OH	Coact-Obridge	16	259	2.069958	-2.85714	down	0.01429	-0.01429	source_manifest:COHP/PDOS/Al16/*OH/COHPCAR.lobster
Al16	*OH	neighbor-Obridge	51	259	2.112332	-2.85714	up	0.46765	-0.46765	source_manifest:COHP/PDOS/Al16/*OH/COHPCAR.lobster
Al16	*OH	neighbor-Obridge	51	259	2.112332	-2.85714	down	0.01069	-0.01069	source_manifest:COHP/PDOS/Al16/*OH/COHPCAR.lobster
Al16	*OH	Coact-Oads	16	348	1.875883	-2.80702	up	-0.02992	0.02992	source_manifest:COHP/PDOS/Al16/*OH/COHPCAR.lobster
Al16	*OH	Coact-Oads	16	348	1.875883	-2.80702	down	0.10009	-0.10009	source_manifest:COHP/PDOS/Al16/*OH/COHPCAR.lobster
Al16	*OH	Coact-Obridge	16	259	2.069958	-2.80702	up	-0.00358	0.00358	source_manifest:COHP/PDOS/Al16/*OH/COHPCAR.lobster
Al16	*OH	Coact-Obridge	16	259	2.069958	-2.80702	down	0.0093	-0.0093	source_manifest:COHP/PDOS/Al16/*OH/COHPCAR.lobster
Al16	*OH	neighbor-Obridge	51	259	2.112332	-2.80702	up	0.25685	-0.25685	source_manifest:COHP/PDOS/Al16/*OH/COHPCAR.lobster
Al16	*OH	neighbor-Obridge	51	259	2.112332	-2.80702	down	0.00887	-0.00887	source_manifest:COHP/PDOS/Al16/*OH/COHPCAR.lobster
Al16	*OH	Coact-Oads	16	348	1.875883	-2.75689	up	-0.03457	0.03457	source_manifest:COHP/PDOS/Al16/*OH/COHPCAR.lobster
Al16	*OH	Coact-Oads	16	348	1.875883	-2.75689	down	0.10277	-0.10277	source_manifest:COHP/PDOS/Al16/*OH/COHPCAR.lobster
Al16	*OH	Coact-Obridge	16	259	2.069958	-2.75689	up	-0.00373	0.00373	source_manifest:COHP/PDOS/Al16/*OH/COHPCAR.lobster
Al16	*OH	Coact-Obridge	16	259	2.069958	-2.75689	down	0.00427	-0.00427	source_manifest:COHP/PDOS/Al16/*OH/COHPCAR.lobster
Al16	*OH	neighbor-Obridge	51	259	2.112332	-2.75689	up	0.07343	-0.07343	source_manifest:COHP/PDOS/Al16/*OH/COHPCAR.lobster
Al16	*OH	neighbor-Obridge	51	259	2.112332	-2.75689	down	0.0175	-0.0175	source_manifest:COHP/PDOS/Al16/*OH/COHPCAR.lobster
Al16	*OH	Coact-Oads	16	348	1.875883	-2.70677	up	-0.00221	0.00221	source_manifest:COHP/PDOS/Al16/*OH/COHPCAR.lobster
Al16	*OH	Coact-Oads	16	348	1.875883	-2.70677	down	0.07768	-0.07768	source_manifest:COHP/PDOS/Al16/*OH/COHPCAR.lobster
Al16	*OH	Coact-Obridge	16	259	2.069958	-2.70677	up	-0.00422	0.00422	source_manifest:COHP/PDOS/Al16/*OH/COHPCAR.lobster
Al16	*OH	Coact-Obridge	16	259	2.069958	-2.70677	down	0.0027	-0.0027	source_manifest:COHP/PDOS/Al16/*OH/COHPCAR.lobster
Al16	*OH	neighbor-Obridge	51	259	2.112332	-2.70677	up	0.03093	-0.03093	source_manifest:COHP/PDOS/Al16/*OH/COHPCAR.lobster
Al16	*OH	neighbor-Obridge	51	259	2.112332	-2.70677	down	0.02395	-0.02395	source_manifest:COHP/PDOS/Al16/*OH/COHPCAR.lobster
Al16	*OH	Coact-Oads	16	348	1.875883	-2.65664	up	0.00369	-0.00369	source_manifest:COHP/PDOS/Al16/*OH/COHPCAR.lobster
Al16	*OH	Coact-Oads	16	348	1.875883	-2.65664	down	0.05273	-0.05273	source_manifest:COHP/PDOS/Al16/*OH/COHPCAR.lobster
Al16	*OH	Coact-Obridge	16	259	2.069958	-2.65664	up	0.00017	-0.00017	source_manifest:COHP/PDOS/Al16/*OH/COHPCAR.lobster
Al16	*OH	Coact-Obridge	16	259	2.069958	-2.65664	down	0.00154	-0.00154	source_manifest:COHP/PDOS/Al16/*OH/COHPCAR.lobster
Al16	*OH	neighbor-Obridge	51	259	2.112332	-2.65664	up	0.02727	-0.02727	source_manifest:COHP/PDOS/Al16/*OH/COHPCAR.lobster
Al16	*OH	neighbor-Obridge	51	259	2.112332	-2.65664	down	0.02325	-0.02325	source_manifest:COHP/PDOS/Al16/*OH/COHPCAR.lobster
Al16	*OH	Coact-Oads	16	348	1.875883	-2.60652	up	-0.00342	0.00342	source_manifest:COHP/PDOS/Al16/*OH/COHPCAR.lobster
Al16	*OH	Coact-Oads	16	348	1.875883	-2.60652	down	0.02984	-0.02984	source_manifest:COHP/PDOS/Al16/*OH/COHPCAR.lobster
Al16	*OH	Coact-Obridge	16	259	2.069958	-2.60652	up	-0.00636	0.00636	source_manifest:COHP/PDOS/Al16/*OH/COHPCAR.lobster
Al16	*OH	Coact-Obridge	16	259	2.069958	-2.60652	down	0.00061	-0.00061	source_manifest:COHP/PDOS/Al16/*OH/COHPCAR.lobster
Al16	*OH	neighbor-Obridge	51	259	2.112332	-2.60652	up	0.01966	-0.01966	source_manifest:COHP/PDOS/Al16/*OH/COHPCAR.lobster
Al16	*OH	neighbor-Obridge	51	259	2.112332	-2.60652	down	0.01863	-0.01863	source_manifest:COHP/PDOS/Al16/*OH/COHPCAR.lobster
Al16	*OH	Coact-Oads	16	348	1.875883	-2.55639	up	-0.00303	0.00303	source_manifest:COHP/PDOS/Al16/*OH/COHPCAR.lobster
Al16	*OH	Coact-Oads	16	348	1.875883	-2.55639	down	0.01779	-0.01779	source_manifest:COHP/PDOS/Al16/*OH/COHPCAR.lobster
Al16	*OH	Coact-Obridge	16	259	2.069958	-2.55639	up	-0.0107	0.0107	source_manifest:COHP/PDOS/Al16/*OH/COHPCAR.lobster
Al16	*OH	Coact-Obridge	16	259	2.069958	-2.55639	down	-0.00039	0.00039	source_manifest:COHP/PDOS/Al16/*OH/COHPCAR.lobster
Al16	*OH	neighbor-Obridge	51	259	2.112332	-2.55639	up	0.00534	-0.00534	source_manifest:COHP/PDOS/Al16/*OH/COHPCAR.lobster
Al16	*OH	neighbor-Obridge	51	259	2.112332	-2.55639	down	0.01006	-0.01006	source_manifest:COHP/PDOS/Al16/*OH/COHPCAR.lobster
Al16	*OH	Coact-Oads	16	348	1.875883	-2.50627	up	-0.00646	0.00646	source_manifest:COHP/PDOS/Al16/*OH/COHPCAR.lobster
Al16	*OH	Coact-Oads	16	348	1.875883	-2.50627	down	0.01259	-0.01259	source_manifest:COHP/PDOS/Al16/*OH/COHPCAR.lobster
Al16	*OH	Coact-Obridge	16	259	2.069958	-2.50627	up	-0.00327	0.00327	source_manifest:COHP/PDOS/Al16/*OH/COHPCAR.lobster
Al16	*OH	Coact-Obridge	16	259	2.069958	-2.50627	down	-0.00068	0.00068	source_manifest:COHP/PDOS/Al16/*OH/COHPCAR.lobster
Al16	*OH	neighbor-Obridge	51	259	2.112332	-2.50627	up	9e-05	-9e-05	source_manifest:COHP/PDOS/Al16/*OH/COHPCAR.lobster
Al16	*OH	neighbor-Obridge	51	259	2.112332	-2.50627	down	0.00437	-0.00437	source_manifest:COHP/PDOS/Al16/*OH/COHPCAR.lobster
Al16	*OH	Coact-Oads	16	348	1.875883	-2.45614	up	-0.01233	0.01233	source_manifest:COHP/PDOS/Al16/*OH/COHPCAR.lobster
Al16	*OH	Coact-Oads	16	348	1.875883	-2.45614	down	0.01492	-0.01492	source_manifest:COHP/PDOS/Al16/*OH/COHPCAR.lobster
Al16	*OH	Coact-Obridge	16	259	2.069958	-2.45614	up	-0.00015	0.00015	source_manifest:COHP/PDOS/Al16/*OH/COHPCAR.lobster
Al16	*OH	Coact-Obridge	16	259	2.069958	-2.45614	down	-0.00014	0.00014	source_manifest:COHP/PDOS/Al16/*OH/COHPCAR.lobster
Al16	*OH	neighbor-Obridge	51	259	2.112332	-2.45614	up	-0.00058	0.00058	source_manifest:COHP/PDOS/Al16/*OH/COHPCAR.lobster
Al16	*OH	neighbor-Obridge	51	259	2.112332	-2.45614	down	0.00214	-0.00214	source_manifest:COHP/PDOS/Al16/*OH/COHPCAR.lobster
Al16	*OH	Coact-Oads	16	348	1.875883	-2.40602	up	-0.01367	0.01367	source_manifest:COHP/PDOS/Al16/*OH/COHPCAR.lobster
Al16	*OH	Coact-Oads	16	348	1.875883	-2.40602	down	0.01663	-0.01663	source_manifest:COHP/PDOS/Al16/*OH/COHPCAR.lobster
Al16	*OH	Coact-Obridge	16	259	2.069958	-2.40602	up	-0.00087	0.00087	source_manifest:COHP/PDOS/Al16/*OH/COHPCAR.lobster
Al16	*OH	Coact-Obridge	16	259	2.069958	-2.40602	down	0.00057	-0.00057	source_manifest:COHP/PDOS/Al16/*OH/COHPCAR.lobster
Al16	*OH	neighbor-Obridge	51	259	2.112332	-2.40602	up	0.00107	-0.00107	source_manifest:COHP/PDOS/Al16/*OH/COHPCAR.lobster
Al16	*OH	neighbor-Obridge	51	259	2.112332	-2.40602	down	0.00276	-0.00276	source_manifest:COHP/PDOS/Al16/*OH/COHPCAR.lobster
Al16	*OH	Coact-Oads	16	348	1.875883	-2.35589	up	0.00319	-0.00319	source_manifest:COHP/PDOS/Al16/*OH/COHPCAR.lobster
Al16	*OH	Coact-Oads	16	348	1.875883	-2.35589	down	0.01765	-0.01765	source_manifest:COHP/PDOS/Al16/*OH/COHPCAR.lobster
Al16	*OH	Coact-Obridge	16	259	2.069958	-2.35589	up	0.00018	-0.00018	source_manifest:COHP/PDOS/Al16/*OH/COHPCAR.lobster
Al16	*OH	Coact-Obridge	16	259	2.069958	-2.35589	down	0.00111	-0.00111	source_manifest:COHP/PDOS/Al16/*OH/COHPCAR.lobster
Al16	*OH	neighbor-Obridge	51	259	2.112332	-2.35589	up	0.01902	-0.01902	source_manifest:COHP/PDOS/Al16/*OH/COHPCAR.lobster
Al16	*OH	neighbor-Obridge	51	259	2.112332	-2.35589	down	0.00479	-0.00479	source_manifest:COHP/PDOS/Al16/*OH/COHPCAR.lobster
Al16	*OH	Coact-Oads	16	348	1.875883	-2.30576	up	0.02658	-0.02658	source_manifest:COHP/PDOS/Al16/*OH/COHPCAR.lobster
Al16	*OH	Coact-Oads	16	348	1.875883	-2.30576	down	0.02215	-0.02215	source_manifest:COHP/PDOS/Al16/*OH/COHPCAR.lobster
Al16	*OH	Coact-Obridge	16	259	2.069958	-2.30576	up	0.0006	-0.0006	source_manifest:COHP/PDOS/Al16/*OH/COHPCAR.lobster
Al16	*OH	Coact-Obridge	16	259	2.069958	-2.30576	down	0.001	-0.001	source_manifest:COHP/PDOS/Al16/*OH/COHPCAR.lobster
Al16	*OH	neighbor-Obridge	51	259	2.112332	-2.30576	up	0.05465	-0.05465	source_manifest:COHP/PDOS/Al16/*OH/COHPCAR.lobster
Al16	*OH	neighbor-Obridge	51	259	2.112332	-2.30576	down	0.00981	-0.00981	source_manifest:COHP/PDOS/Al16/*OH/COHPCAR.lobster
Al16	*OH	Coact-Oads	16	348	1.875883	-2.25564	up	0.03254	-0.03254	source_manifest:COHP/PDOS/Al16/*OH/COHPCAR.lobster
Al16	*OH	Coact-Oads	16	348	1.875883	-2.25564	down	0.02835	-0.02835	source_manifest:COHP/PDOS/Al16/*OH/COHPCAR.lobster
Al16	*OH	Coact-Obridge	16	259	2.069958	-2.25564	up	-0.00294	0.00294	source_manifest:COHP/PDOS/Al16/*OH/COHPCAR.lobster
Al16	*OH	Coact-Obridge	16	259	2.069958	-2.25564	down	0.00702	-0.00702	source_manifest:COHP/PDOS/Al16/*OH/COHPCAR.lobster
Al16	*OH	neighbor-Obridge	51	259	2.112332	-2.25564	up	0.04327	-0.04327	source_manifest:COHP/PDOS/Al16/*OH/COHPCAR.lobster
Al16	*OH	neighbor-Obridge	51	259	2.112332	-2.25564	down	0.01039	-0.01039	source_manifest:COHP/PDOS/Al16/*OH/COHPCAR.lobster
Al16	*OH	Coact-Oads	16	348	1.875883	-2.20551	up	0.03114	-0.03114	source_manifest:COHP/PDOS/Al16/*OH/COHPCAR.lobster
Al16	*OH	Coact-Oads	16	348	1.875883	-2.20551	down	0.03674	-0.03674	source_manifest:COHP/PDOS/Al16/*OH/COHPCAR.lobster
Al16	*OH	Coact-Obridge	16	259	2.069958	-2.20551	up	-0.00931	0.00931	source_manifest:COHP/PDOS/Al16/*OH/COHPCAR.lobster
Al16	*OH	Coact-Obridge	16	259	2.069958	-2.20551	down	0.01416	-0.01416	source_manifest:COHP/PDOS/Al16/*OH/COHPCAR.lobster
Al16	*OH	neighbor-Obridge	51	259	2.112332	-2.20551	up	0.0254	-0.0254	source_manifest:COHP/PDOS/Al16/*OH/COHPCAR.lobster
Al16	*OH	neighbor-Obridge	51	259	2.112332	-2.20551	down	-0.00123	0.00123	source_manifest:COHP/PDOS/Al16/*OH/COHPCAR.lobster
Al16	*OH	Coact-Oads	16	348	1.875883	-2.15539	up	0.03415	-0.03415	source_manifest:COHP/PDOS/Al16/*OH/COHPCAR.lobster
Al16	*OH	Coact-Oads	16	348	1.875883	-2.15539	down	0.04483	-0.04483	source_manifest:COHP/PDOS/Al16/*OH/COHPCAR.lobster
Al16	*OH	Coact-Obridge	16	259	2.069958	-2.15539	up	-0.04682	0.04682	source_manifest:COHP/PDOS/Al16/*OH/COHPCAR.lobster
Al16	*OH	Coact-Obridge	16	259	2.069958	-2.15539	down	0.00095	-0.00095	source_manifest:COHP/PDOS/Al16/*OH/COHPCAR.lobster
Al16	*OH	neighbor-Obridge	51	259	2.112332	-2.15539	up	0.02501	-0.02501	source_manifest:COHP/PDOS/Al16/*OH/COHPCAR.lobster
Al16	*OH	neighbor-Obridge	51	259	2.112332	-2.15539	down	-0.02858	0.02858	source_manifest:COHP/PDOS/Al16/*OH/COHPCAR.lobster
Al16	*OH	Coact-Oads	16	348	1.875883	-2.10526	up	0.03416	-0.03416	source_manifest:COHP/PDOS/Al16/*OH/COHPCAR.lobster
Al16	*OH	Coact-Oads	16	348	1.875883	-2.10526	down	0.03272	-0.03272	source_manifest:COHP/PDOS/Al16/*OH/COHPCAR.lobster
Al16	*OH	Coact-Obridge	16	259	2.069958	-2.10526	up	-0.08368	0.08368	source_manifest:COHP/PDOS/Al16/*OH/COHPCAR.lobster
Al16	*OH	Coact-Obridge	16	259	2.069958	-2.10526	down	-0.01399	0.01399	source_manifest:COHP/PDOS/Al16/*OH/COHPCAR.lobster
Al16	*OH	neighbor-Obridge	51	259	2.112332	-2.10526	up	0.0261	-0.0261	source_manifest:COHP/PDOS/Al16/*OH/COHPCAR.lobster
Al16	*OH	neighbor-Obridge	51	259	2.112332	-2.10526	down	-0.05013	0.05013	source_manifest:COHP/PDOS/Al16/*OH/COHPCAR.lobster
Al16	*OH	Coact-Oads	16	348	1.875883	-2.05514	up	0.03777	-0.03777	source_manifest:COHP/PDOS/Al16/*OH/COHPCAR.lobster
Al16	*OH	Coact-Oads	16	348	1.875883	-2.05514	down	0.02086	-0.02086	source_manifest:COHP/PDOS/Al16/*OH/COHPCAR.lobster
Al16	*OH	Coact-Obridge	16	259	2.069958	-2.05514	up	-0.04677	0.04677	source_manifest:COHP/PDOS/Al16/*OH/COHPCAR.lobster
Al16	*OH	Coact-Obridge	16	259	2.069958	-2.05514	down	0.00803	-0.00803	source_manifest:COHP/PDOS/Al16/*OH/COHPCAR.lobster
Al16	*OH	neighbor-Obridge	51	259	2.112332	-2.05514	up	0.03805	-0.03805	source_manifest:COHP/PDOS/Al16/*OH/COHPCAR.lobster
Al16	*OH	neighbor-Obridge	51	259	2.112332	-2.05514	down	-0.02684	0.02684	source_manifest:COHP/PDOS/Al16/*OH/COHPCAR.lobster
Al16	*OH	Coact-Oads	16	348	1.875883	-2.00501	up	0.03516	-0.03516	source_manifest:COHP/PDOS/Al16/*OH/COHPCAR.lobster
Al16	*OH	Coact-Oads	16	348	1.875883	-2.00501	down	0.01716	-0.01716	source_manifest:COHP/PDOS/Al16/*OH/COHPCAR.lobster
Al16	*OH	Coact-Obridge	16	259	2.069958	-2.00501	up	-0.00868	0.00868	source_manifest:COHP/PDOS/Al16/*OH/COHPCAR.lobster
Al16	*OH	Coact-Obridge	16	259	2.069958	-2.00501	down	0.05705	-0.05705	source_manifest:COHP/PDOS/Al16/*OH/COHPCAR.lobster
Al16	*OH	neighbor-Obridge	51	259	2.112332	-2.00501	up	0.04283	-0.04283	source_manifest:COHP/PDOS/Al16/*OH/COHPCAR.lobster
Al16	*OH	neighbor-Obridge	51	259	2.112332	-2.00501	down	0.00899	-0.00899	source_manifest:COHP/PDOS/Al16/*OH/COHPCAR.lobster
Al16	*OH	Coact-Oads	16	348	1.875883	-1.95489	up	0.01286	-0.01286	source_manifest:COHP/PDOS/Al16/*OH/COHPCAR.lobster
Al16	*OH	Coact-Oads	16	348	1.875883	-1.95489	down	0.01696	-0.01696	source_manifest:COHP/PDOS/Al16/*OH/COHPCAR.lobster
Al16	*OH	Coact-Obridge	16	259	2.069958	-1.95489	up	-0.00739	0.00739	source_manifest:COHP/PDOS/Al16/*OH/COHPCAR.lobster
Al16	*OH	Coact-Obridge	16	259	2.069958	-1.95489	down	0.06081	-0.06081	source_manifest:COHP/PDOS/Al16/*OH/COHPCAR.lobster
Al16	*OH	neighbor-Obridge	51	259	2.112332	-1.95489	up	0.02667	-0.02667	source_manifest:COHP/PDOS/Al16/*OH/COHPCAR.lobster
Al16	*OH	neighbor-Obridge	51	259	2.112332	-1.95489	down	0.0056	-0.0056	source_manifest:COHP/PDOS/Al16/*OH/COHPCAR.lobster
Al16	*OH	Coact-Oads	16	348	1.875883	-1.90476	up	-0.03461	0.03461	source_manifest:COHP/PDOS/Al16/*OH/COHPCAR.lobster
Al16	*OH	Coact-Oads	16	348	1.875883	-1.90476	down	0.01836	-0.01836	source_manifest:COHP/PDOS/Al16/*OH/COHPCAR.lobster
Al16	*OH	Coact-Obridge	16	259	2.069958	-1.90476	up	0.00596	-0.00596	source_manifest:COHP/PDOS/Al16/*OH/COHPCAR.lobster
Al16	*OH	Coact-Obridge	16	259	2.069958	-1.90476	down	0.05888	-0.05888	source_manifest:COHP/PDOS/Al16/*OH/COHPCAR.lobster
Al16	*OH	neighbor-Obridge	51	259	2.112332	-1.90476	up	0.02509	-0.02509	source_manifest:COHP/PDOS/Al16/*OH/COHPCAR.lobster
Al16	*OH	neighbor-Obridge	51	259	2.112332	-1.90476	down	-0.01308	0.01308	source_manifest:COHP/PDOS/Al16/*OH/COHPCAR.lobster
Al16	*OH	Coact-Oads	16	348	1.875883	-1.85464	up	-0.04736	0.04736	source_manifest:COHP/PDOS/Al16/*OH/COHPCAR.lobster
Al16	*OH	Coact-Oads	16	348	1.875883	-1.85464	down	0.01834	-0.01834	source_manifest:COHP/PDOS/Al16/*OH/COHPCAR.lobster
Al16	*OH	Coact-Obridge	16	259	2.069958	-1.85464	up	0.01468	-0.01468	source_manifest:COHP/PDOS/Al16/*OH/COHPCAR.lobster
Al16	*OH	Coact-Obridge	16	259	2.069958	-1.85464	down	0.09591	-0.09591	source_manifest:COHP/PDOS/Al16/*OH/COHPCAR.lobster
Al16	*OH	neighbor-Obridge	51	259	2.112332	-1.85464	up	0.06917	-0.06917	source_manifest:COHP/PDOS/Al16/*OH/COHPCAR.lobster
Al16	*OH	neighbor-Obridge	51	259	2.112332	-1.85464	down	-0.01634	0.01634	source_manifest:COHP/PDOS/Al16/*OH/COHPCAR.lobster
Al16	*OH	Coact-Oads	16	348	1.875883	-1.80451	up	-0.00372	0.00372	source_manifest:COHP/PDOS/Al16/*OH/COHPCAR.lobster
Al16	*OH	Coact-Oads	16	348	1.875883	-1.80451	down	0.02016	-0.02016	source_manifest:COHP/PDOS/Al16/*OH/COHPCAR.lobster
Al16	*OH	Coact-Obridge	16	259	2.069958	-1.80451	up	0.00355	-0.00355	source_manifest:COHP/PDOS/Al16/*OH/COHPCAR.lobster
Al16	*OH	Coact-Obridge	16	259	2.069958	-1.80451	down	0.11711	-0.11711	source_manifest:COHP/PDOS/Al16/*OH/COHPCAR.lobster
Al16	*OH	neighbor-Obridge	51	259	2.112332	-1.80451	up	0.082	-0.082	source_manifest:COHP/PDOS/Al16/*OH/COHPCAR.lobster
Al16	*OH	neighbor-Obridge	51	259	2.112332	-1.80451	down	-0.00838	0.00838	source_manifest:COHP/PDOS/Al16/*OH/COHPCAR.lobster
Al16	*OH	Coact-Oads	16	348	1.875883	-1.75439	up	0.01164	-0.01164	source_manifest:COHP/PDOS/Al16/*OH/COHPCAR.lobster
Al16	*OH	Coact-Oads	16	348	1.875883	-1.75439	down	0.02069	-0.02069	source_manifest:COHP/PDOS/Al16/*OH/COHPCAR.lobster
Al16	*OH	Coact-Obridge	16	259	2.069958	-1.75439	up	0.00185	-0.00185	source_manifest:COHP/PDOS/Al16/*OH/COHPCAR.lobster
Al16	*OH	Coact-Obridge	16	259	2.069958	-1.75439	down	0.07302	-0.07302	source_manifest:COHP/PDOS/Al16/*OH/COHPCAR.lobster
Al16	*OH	neighbor-Obridge	51	259	2.112332	-1.75439	up	0.05895	-0.05895	source_manifest:COHP/PDOS/Al16/*OH/COHPCAR.lobster
Al16	*OH	neighbor-Obridge	51	259	2.112332	-1.75439	down	-0.00492	0.00492	source_manifest:COHP/PDOS/Al16/*OH/COHPCAR.lobster
Al16	*OH	Coact-Oads	16	348	1.875883	-1.70426	up	0.01781	-0.01781	source_manifest:COHP/PDOS/Al16/*OH/COHPCAR.lobster
Al16	*OH	Coact-Oads	16	348	1.875883	-1.70426	down	0.01942	-0.01942	source_manifest:COHP/PDOS/Al16/*OH/COHPCAR.lobster
Al16	*OH	Coact-Obridge	16	259	2.069958	-1.70426	up	-0.0006	0.0006	source_manifest:COHP/PDOS/Al16/*OH/COHPCAR.lobster
Al16	*OH	Coact-Obridge	16	259	2.069958	-1.70426	down	0.02618	-0.02618	source_manifest:COHP/PDOS/Al16/*OH/COHPCAR.lobster
Al16	*OH	neighbor-Obridge	51	259	2.112332	-1.70426	up	0.03226	-0.03226	source_manifest:COHP/PDOS/Al16/*OH/COHPCAR.lobster
Al16	*OH	neighbor-Obridge	51	259	2.112332	-1.70426	down	-0.00658	0.00658	source_manifest:COHP/PDOS/Al16/*OH/COHPCAR.lobster
Al16	*OH	Coact-Oads	16	348	1.875883	-1.65414	up	0.01744	-0.01744	source_manifest:COHP/PDOS/Al16/*OH/COHPCAR.lobster
Al16	*OH	Coact-Oads	16	348	1.875883	-1.65414	down	0.01368	-0.01368	source_manifest:COHP/PDOS/Al16/*OH/COHPCAR.lobster
Al16	*OH	Coact-Obridge	16	259	2.069958	-1.65414	up	-0.00898	0.00898	source_manifest:COHP/PDOS/Al16/*OH/COHPCAR.lobster
Al16	*OH	Coact-Obridge	16	259	2.069958	-1.65414	down	0.01165	-0.01165	source_manifest:COHP/PDOS/Al16/*OH/COHPCAR.lobster
Al16	*OH	neighbor-Obridge	51	259	2.112332	-1.65414	up	0.00782	-0.00782	source_manifest:COHP/PDOS/Al16/*OH/COHPCAR.lobster
Al16	*OH	neighbor-Obridge	51	259	2.112332	-1.65414	down	-0.00337	0.00337	source_manifest:COHP/PDOS/Al16/*OH/COHPCAR.lobster
Al16	*OH	Coact-Oads	16	348	1.875883	-1.60401	up	0.02448	-0.02448	source_manifest:COHP/PDOS/Al16/*OH/COHPCAR.lobster
Al16	*OH	Coact-Oads	16	348	1.875883	-1.60401	down	0.01443	-0.01443	source_manifest:COHP/PDOS/Al16/*OH/COHPCAR.lobster
Al16	*OH	Coact-Obridge	16	259	2.069958	-1.60401	up	-0.0085	0.0085	source_manifest:COHP/PDOS/Al16/*OH/COHPCAR.lobster
Al16	*OH	Coact-Obridge	16	259	2.069958	-1.60401	down	0.00286	-0.00286	source_manifest:COHP/PDOS/Al16/*OH/COHPCAR.lobster
Al16	*OH	neighbor-Obridge	51	259	2.112332	-1.60401	up	0.00236	-0.00236	source_manifest:COHP/PDOS/Al16/*OH/COHPCAR.lobster
Al16	*OH	neighbor-Obridge	51	259	2.112332	-1.60401	down	0.00103	-0.00103	source_manifest:COHP/PDOS/Al16/*OH/COHPCAR.lobster
Al16	*OH	Coact-Oads	16	348	1.875883	-1.55388	up	0.03296	-0.03296	source_manifest:COHP/PDOS/Al16/*OH/COHPCAR.lobster
Al16	*OH	Coact-Oads	16	348	1.875883	-1.55388	down	0.01344	-0.01344	source_manifest:COHP/PDOS/Al16/*OH/COHPCAR.lobster
Al16	*OH	Coact-Obridge	16	259	2.069958	-1.55388	up	-0.00116	0.00116	source_manifest:COHP/PDOS/Al16/*OH/COHPCAR.lobster
Al16	*OH	Coact-Obridge	16	259	2.069958	-1.55388	down	0.00385	-0.00385	source_manifest:COHP/PDOS/Al16/*OH/COHPCAR.lobster
Al16	*OH	neighbor-Obridge	51	259	2.112332	-1.55388	up	0.00205	-0.00205	source_manifest:COHP/PDOS/Al16/*OH/COHPCAR.lobster
Al16	*OH	neighbor-Obridge	51	259	2.112332	-1.55388	down	0.00303	-0.00303	source_manifest:COHP/PDOS/Al16/*OH/COHPCAR.lobster
Al16	*OH	Coact-Oads	16	348	1.875883	-1.50376	up	0.0202	-0.0202	source_manifest:COHP/PDOS/Al16/*OH/COHPCAR.lobster
Al16	*OH	Coact-Oads	16	348	1.875883	-1.50376	down	0.00613	-0.00613	source_manifest:COHP/PDOS/Al16/*OH/COHPCAR.lobster
Al16	*OH	Coact-Obridge	16	259	2.069958	-1.50376	up	-0.00307	0.00307	source_manifest:COHP/PDOS/Al16/*OH/COHPCAR.lobster
Al16	*OH	Coact-Obridge	16	259	2.069958	-1.50376	down	0.00429	-0.00429	source_manifest:COHP/PDOS/Al16/*OH/COHPCAR.lobster
Al16	*OH	neighbor-Obridge	51	259	2.112332	-1.50376	up	0.00158	-0.00158	source_manifest:COHP/PDOS/Al16/*OH/COHPCAR.lobster
Al16	*OH	neighbor-Obridge	51	259	2.112332	-1.50376	down	0.00232	-0.00232	source_manifest:COHP/PDOS/Al16/*OH/COHPCAR.lobster
Al16	*OH	Coact-Oads	16	348	1.875883	-1.45363	up	0.00664	-0.00664	source_manifest:COHP/PDOS/Al16/*OH/COHPCAR.lobster
Al16	*OH	Coact-Oads	16	348	1.875883	-1.45363	down	0.00685	-0.00685	source_manifest:COHP/PDOS/Al16/*OH/COHPCAR.lobster
Al16	*OH	Coact-Obridge	16	259	2.069958	-1.45363	up	-0.04175	0.04175	source_manifest:COHP/PDOS/Al16/*OH/COHPCAR.lobster
Al16	*OH	Coact-Obridge	16	259	2.069958	-1.45363	down	0.00066	-0.00066	source_manifest:COHP/PDOS/Al16/*OH/COHPCAR.lobster
Al16	*OH	neighbor-Obridge	51	259	2.112332	-1.45363	up	0.00083	-0.00083	source_manifest:COHP/PDOS/Al16/*OH/COHPCAR.lobster
Al16	*OH	neighbor-Obridge	51	259	2.112332	-1.45363	down	0.00231	-0.00231	source_manifest:COHP/PDOS/Al16/*OH/COHPCAR.lobster
Al16	*OH	Coact-Oads	16	348	1.875883	-1.40351	up	-0.00117	0.00117	source_manifest:COHP/PDOS/Al16/*OH/COHPCAR.lobster
Al16	*OH	Coact-Oads	16	348	1.875883	-1.40351	down	0.00886	-0.00886	source_manifest:COHP/PDOS/Al16/*OH/COHPCAR.lobster
Al16	*OH	Coact-Obridge	16	259	2.069958	-1.40351	up	-0.08428	0.08428	source_manifest:COHP/PDOS/Al16/*OH/COHPCAR.lobster
Al16	*OH	Coact-Obridge	16	259	2.069958	-1.40351	down	-9e-05	9e-05	source_manifest:COHP/PDOS/Al16/*OH/COHPCAR.lobster
Al16	*OH	neighbor-Obridge	51	259	2.112332	-1.40351	up	0.00184	-0.00184	source_manifest:COHP/PDOS/Al16/*OH/COHPCAR.lobster
Al16	*OH	neighbor-Obridge	51	259	2.112332	-1.40351	down	0.00378	-0.00378	source_manifest:COHP/PDOS/Al16/*OH/COHPCAR.lobster
Al16	*OH	Coact-Oads	16	348	1.875883	-1.35338	up	-0.00232	0.00232	source_manifest:COHP/PDOS/Al16/*OH/COHPCAR.lobster
Al16	*OH	Coact-Oads	16	348	1.875883	-1.35338	down	0.00695	-0.00695	source_manifest:COHP/PDOS/Al16/*OH/COHPCAR.lobster
Al16	*OH	Coact-Obridge	16	259	2.069958	-1.35338	up	-0.03744	0.03744	source_manifest:COHP/PDOS/Al16/*OH/COHPCAR.lobster
Al16	*OH	Coact-Obridge	16	259	2.069958	-1.35338	down	0.00185	-0.00185	source_manifest:COHP/PDOS/Al16/*OH/COHPCAR.lobster
Al16	*OH	neighbor-Obridge	51	259	2.112332	-1.35338	up	0.0114	-0.0114	source_manifest:COHP/PDOS/Al16/*OH/COHPCAR.lobster
Al16	*OH	neighbor-Obridge	51	259	2.112332	-1.35338	down	0.00076	-0.00076	source_manifest:COHP/PDOS/Al16/*OH/COHPCAR.lobster
Al16	*OH	Coact-Oads	16	348	1.875883	-1.30326	up	-0.00352	0.00352	source_manifest:COHP/PDOS/Al16/*OH/COHPCAR.lobster
Al16	*OH	Coact-Oads	16	348	1.875883	-1.30326	down	0.00434	-0.00434	source_manifest:COHP/PDOS/Al16/*OH/COHPCAR.lobster
Al16	*OH	Coact-Obridge	16	259	2.069958	-1.30326	up	0.01231	-0.01231	source_manifest:COHP/PDOS/Al16/*OH/COHPCAR.lobster
Al16	*OH	Coact-Obridge	16	259	2.069958	-1.30326	down	0.01065	-0.01065	source_manifest:COHP/PDOS/Al16/*OH/COHPCAR.lobster
Al16	*OH	neighbor-Obridge	51	259	2.112332	-1.30326	up	0.0997	-0.0997	source_manifest:COHP/PDOS/Al16/*OH/COHPCAR.lobster
Al16	*OH	neighbor-Obridge	51	259	2.112332	-1.30326	down	-0.00985	0.00985	source_manifest:COHP/PDOS/Al16/*OH/COHPCAR.lobster
Al16	*OH	Coact-Oads	16	348	1.875883	-1.25313	up	-0.00731	0.00731	source_manifest:COHP/PDOS/Al16/*OH/COHPCAR.lobster
Al16	*OH	Coact-Oads	16	348	1.875883	-1.25313	down	0.00483	-0.00483	source_manifest:COHP/PDOS/Al16/*OH/COHPCAR.lobster
Al16	*OH	Coact-Obridge	16	259	2.069958	-1.25313	up	0.04506	-0.04506	source_manifest:COHP/PDOS/Al16/*OH/COHPCAR.lobster
Al16	*OH	Coact-Obridge	16	259	2.069958	-1.25313	down	0.02033	-0.02033	source_manifest:COHP/PDOS/Al16/*OH/COHPCAR.lobster
Al16	*OH	neighbor-Obridge	51	259	2.112332	-1.25313	up	0.56484	-0.56484	source_manifest:COHP/PDOS/Al16/*OH/COHPCAR.lobster
Al16	*OH	neighbor-Obridge	51	259	2.112332	-1.25313	down	-0.05557	0.05557	source_manifest:COHP/PDOS/Al16/*OH/COHPCAR.lobster
Al16	*OH	Coact-Oads	16	348	1.875883	-1.20301	up	-0.01125	0.01125	source_manifest:COHP/PDOS/Al16/*OH/COHPCAR.lobster
Al16	*OH	Coact-Oads	16	348	1.875883	-1.20301	down	0.01545	-0.01545	source_manifest:COHP/PDOS/Al16/*OH/COHPCAR.lobster
Al16	*OH	Coact-Obridge	16	259	2.069958	-1.20301	up	0.04048	-0.04048	source_manifest:COHP/PDOS/Al16/*OH/COHPCAR.lobster
Al16	*OH	Coact-Obridge	16	259	2.069958	-1.20301	down	0.02418	-0.02418	source_manifest:COHP/PDOS/Al16/*OH/COHPCAR.lobster
Al16	*OH	neighbor-Obridge	51	259	2.112332	-1.20301	up	0.84345	-0.84345	source_manifest:COHP/PDOS/Al16/*OH/COHPCAR.lobster
Al16	*OH	neighbor-Obridge	51	259	2.112332	-1.20301	down	-0.07928	0.07928	source_manifest:COHP/PDOS/Al16/*OH/COHPCAR.lobster
Al16	*OH	Coact-Oads	16	348	1.875883	-1.15288	up	-0.00725	0.00725	source_manifest:COHP/PDOS/Al16/*OH/COHPCAR.lobster
Al16	*OH	Coact-Oads	16	348	1.875883	-1.15288	down	0.04667	-0.04667	source_manifest:COHP/PDOS/Al16/*OH/COHPCAR.lobster
Al16	*OH	Coact-Obridge	16	259	2.069958	-1.15288	up	0.01279	-0.01279	source_manifest:COHP/PDOS/Al16/*OH/COHPCAR.lobster
Al16	*OH	Coact-Obridge	16	259	2.069958	-1.15288	down	0.10512	-0.10512	source_manifest:COHP/PDOS/Al16/*OH/COHPCAR.lobster
Al16	*OH	neighbor-Obridge	51	259	2.112332	-1.15288	up	0.31159	-0.31159	source_manifest:COHP/PDOS/Al16/*OH/COHPCAR.lobster
Al16	*OH	neighbor-Obridge	51	259	2.112332	-1.15288	down	-0.02504	0.02504	source_manifest:COHP/PDOS/Al16/*OH/COHPCAR.lobster
Al16	*OH	Coact-Oads	16	348	1.875883	-1.10276	up	0.00036	-0.00036	source_manifest:COHP/PDOS/Al16/*OH/COHPCAR.lobster
Al16	*OH	Coact-Oads	16	348	1.875883	-1.10276	down	0.05461	-0.05461	source_manifest:COHP/PDOS/Al16/*OH/COHPCAR.lobster
Al16	*OH	Coact-Obridge	16	259	2.069958	-1.10276	up	0.01713	-0.01713	source_manifest:COHP/PDOS/Al16/*OH/COHPCAR.lobster
Al16	*OH	Coact-Obridge	16	259	2.069958	-1.10276	down	0.26378	-0.26378	source_manifest:COHP/PDOS/Al16/*OH/COHPCAR.lobster
Al16	*OH	neighbor-Obridge	51	259	2.112332	-1.10276	up	0.04516	-0.04516	source_manifest:COHP/PDOS/Al16/*OH/COHPCAR.lobster
Al16	*OH	neighbor-Obridge	51	259	2.112332	-1.10276	down	3e-05	-3e-05	source_manifest:COHP/PDOS/Al16/*OH/COHPCAR.lobster
Al16	*OH	Coact-Oads	16	348	1.875883	-1.05263	up	0.00188	-0.00188	source_manifest:COHP/PDOS/Al16/*OH/COHPCAR.lobster
Al16	*OH	Coact-Oads	16	348	1.875883	-1.05263	down	0.02217	-0.02217	source_manifest:COHP/PDOS/Al16/*OH/COHPCAR.lobster
Al16	*OH	Coact-Obridge	16	259	2.069958	-1.05263	up	0.00874	-0.00874	source_manifest:COHP/PDOS/Al16/*OH/COHPCAR.lobster
Al16	*OH	Coact-Obridge	16	259	2.069958	-1.05263	down	0.13619	-0.13619	source_manifest:COHP/PDOS/Al16/*OH/COHPCAR.lobster
Al16	*OH	neighbor-Obridge	51	259	2.112332	-1.05263	up	0.00781	-0.00781	source_manifest:COHP/PDOS/Al16/*OH/COHPCAR.lobster
Al16	*OH	neighbor-Obridge	51	259	2.112332	-1.05263	down	0.00193	-0.00193	source_manifest:COHP/PDOS/Al16/*OH/COHPCAR.lobster
Al16	*OH	Coact-Oads	16	348	1.875883	-1.00251	up	0.00379	-0.00379	source_manifest:COHP/PDOS/Al16/*OH/COHPCAR.lobster
Al16	*OH	Coact-Oads	16	348	1.875883	-1.00251	down	0.01645	-0.01645	source_manifest:COHP/PDOS/Al16/*OH/COHPCAR.lobster
Al16	*OH	Coact-Obridge	16	259	2.069958	-1.00251	up	0.00477	-0.00477	source_manifest:COHP/PDOS/Al16/*OH/COHPCAR.lobster
Al16	*OH	Coact-Obridge	16	259	2.069958	-1.00251	down	0.01413	-0.01413	source_manifest:COHP/PDOS/Al16/*OH/COHPCAR.lobster
Al16	*OH	neighbor-Obridge	51	259	2.112332	-1.00251	up	0.00307	-0.00307	source_manifest:COHP/PDOS/Al16/*OH/COHPCAR.lobster
Al16	*OH	neighbor-Obridge	51	259	2.112332	-1.00251	down	0.0013	-0.0013	source_manifest:COHP/PDOS/Al16/*OH/COHPCAR.lobster
Al16	*OH	Coact-Oads	16	348	1.875883	-0.95238	up	0.00723	-0.00723	source_manifest:COHP/PDOS/Al16/*OH/COHPCAR.lobster
Al16	*OH	Coact-Oads	16	348	1.875883	-0.95238	down	0.03561	-0.03561	source_manifest:COHP/PDOS/Al16/*OH/COHPCAR.lobster
Al16	*OH	Coact-Obridge	16	259	2.069958	-0.95238	up	0.00255	-0.00255	source_manifest:COHP/PDOS/Al16/*OH/COHPCAR.lobster
Al16	*OH	Coact-Obridge	16	259	2.069958	-0.95238	down	0.00092	-0.00092	source_manifest:COHP/PDOS/Al16/*OH/COHPCAR.lobster
Al16	*OH	neighbor-Obridge	51	259	2.112332	-0.95238	up	0.00106	-0.00106	source_manifest:COHP/PDOS/Al16/*OH/COHPCAR.lobster
Al16	*OH	neighbor-Obridge	51	259	2.112332	-0.95238	down	0.00043	-0.00043	source_manifest:COHP/PDOS/Al16/*OH/COHPCAR.lobster
Al16	*OH	Coact-Oads	16	348	1.875883	-0.90226	up	0.00681	-0.00681	source_manifest:COHP/PDOS/Al16/*OH/COHPCAR.lobster
Al16	*OH	Coact-Oads	16	348	1.875883	-0.90226	down	0.05202	-0.05202	source_manifest:COHP/PDOS/Al16/*OH/COHPCAR.lobster
Al16	*OH	Coact-Obridge	16	259	2.069958	-0.90226	up	-0.00121	0.00121	source_manifest:COHP/PDOS/Al16/*OH/COHPCAR.lobster
Al16	*OH	Coact-Obridge	16	259	2.069958	-0.90226	down	0.01025	-0.01025	source_manifest:COHP/PDOS/Al16/*OH/COHPCAR.lobster
Al16	*OH	neighbor-Obridge	51	259	2.112332	-0.90226	up	0.00012	-0.00012	source_manifest:COHP/PDOS/Al16/*OH/COHPCAR.lobster
Al16	*OH	neighbor-Obridge	51	259	2.112332	-0.90226	down	7e-05	-7e-05	source_manifest:COHP/PDOS/Al16/*OH/COHPCAR.lobster
Al16	*OH	Coact-Oads	16	348	1.875883	-0.85213	up	0.00962	-0.00962	source_manifest:COHP/PDOS/Al16/*OH/COHPCAR.lobster
Al16	*OH	Coact-Oads	16	348	1.875883	-0.85213	down	0.09914	-0.09914	source_manifest:COHP/PDOS/Al16/*OH/COHPCAR.lobster
Al16	*OH	Coact-Obridge	16	259	2.069958	-0.85213	up	0.00395	-0.00395	source_manifest:COHP/PDOS/Al16/*OH/COHPCAR.lobster
Al16	*OH	Coact-Obridge	16	259	2.069958	-0.85213	down	0.08271	-0.08271	source_manifest:COHP/PDOS/Al16/*OH/COHPCAR.lobster
Al16	*OH	neighbor-Obridge	51	259	2.112332	-0.85213	up	-0.00013	0.00013	source_manifest:COHP/PDOS/Al16/*OH/COHPCAR.lobster
Al16	*OH	neighbor-Obridge	51	259	2.112332	-0.85213	down	-0.00024	0.00024	source_manifest:COHP/PDOS/Al16/*OH/COHPCAR.lobster
Al16	*OH	Coact-Oads	16	348	1.875883	-0.80201	up	0.00797	-0.00797	source_manifest:COHP/PDOS/Al16/*OH/COHPCAR.lobster
Al16	*OH	Coact-Oads	16	348	1.875883	-0.80201	down	0.08122	-0.08122	source_manifest:COHP/PDOS/Al16/*OH/COHPCAR.lobster
Al16	*OH	Coact-Obridge	16	259	2.069958	-0.80201	up	0.01185	-0.01185	source_manifest:COHP/PDOS/Al16/*OH/COHPCAR.lobster
Al16	*OH	Coact-Obridge	16	259	2.069958	-0.80201	down	0.13866	-0.13866	source_manifest:COHP/PDOS/Al16/*OH/COHPCAR.lobster
Al16	*OH	neighbor-Obridge	51	259	2.112332	-0.80201	up	-0.00016	0.00016	source_manifest:COHP/PDOS/Al16/*OH/COHPCAR.lobster
Al16	*OH	neighbor-Obridge	51	259	2.112332	-0.80201	down	-0.00081	0.00081	source_manifest:COHP/PDOS/Al16/*OH/COHPCAR.lobster
Al16	*OH	Coact-Oads	16	348	1.875883	-0.75188	up	0.00326	-0.00326	source_manifest:COHP/PDOS/Al16/*OH/COHPCAR.lobster
Al16	*OH	Coact-Oads	16	348	1.875883	-0.75188	down	0.01537	-0.01537	source_manifest:COHP/PDOS/Al16/*OH/COHPCAR.lobster
Al16	*OH	Coact-Obridge	16	259	2.069958	-0.75188	up	0.00455	-0.00455	source_manifest:COHP/PDOS/Al16/*OH/COHPCAR.lobster
Al16	*OH	Coact-Obridge	16	259	2.069958	-0.75188	down	0.04569	-0.04569	source_manifest:COHP/PDOS/Al16/*OH/COHPCAR.lobster
Al16	*OH	neighbor-Obridge	51	259	2.112332	-0.75188	up	-3e-05	3e-05	source_manifest:COHP/PDOS/Al16/*OH/COHPCAR.lobster
Al16	*OH	neighbor-Obridge	51	259	2.112332	-0.75188	down	-0.00026	0.00026	source_manifest:COHP/PDOS/Al16/*OH/COHPCAR.lobster
Al16	*OH	Coact-Oads	16	348	1.875883	-0.70175	up	0.00369	-0.00369	source_manifest:COHP/PDOS/Al16/*OH/COHPCAR.lobster
Al16	*OH	Coact-Oads	16	348	1.875883	-0.70175	down	0.00454	-0.00454	source_manifest:COHP/PDOS/Al16/*OH/COHPCAR.lobster
Al16	*OH	Coact-Obridge	16	259	2.069958	-0.70175	up	0.00061	-0.00061	source_manifest:COHP/PDOS/Al16/*OH/COHPCAR.lobster
Al16	*OH	Coact-Obridge	16	259	2.069958	-0.70175	down	0.003	-0.003	source_manifest:COHP/PDOS/Al16/*OH/COHPCAR.lobster
Al16	*OH	neighbor-Obridge	51	259	2.112332	-0.70175	up	1e-05	-1e-05	source_manifest:COHP/PDOS/Al16/*OH/COHPCAR.lobster
Al16	*OH	neighbor-Obridge	51	259	2.112332	-0.70175	down	0.00073	-0.00073	source_manifest:COHP/PDOS/Al16/*OH/COHPCAR.lobster
Al16	*OH	Coact-Oads	16	348	1.875883	-0.65163	up	-0.00276	0.00276	source_manifest:COHP/PDOS/Al16/*OH/COHPCAR.lobster
Al16	*OH	Coact-Oads	16	348	1.875883	-0.65163	down	0.00616	-0.00616	source_manifest:COHP/PDOS/Al16/*OH/COHPCAR.lobster
Al16	*OH	Coact-Obridge	16	259	2.069958	-0.65163	up	0.00042	-0.00042	source_manifest:COHP/PDOS/Al16/*OH/COHPCAR.lobster
Al16	*OH	Coact-Obridge	16	259	2.069958	-0.65163	down	0.00034	-0.00034	source_manifest:COHP/PDOS/Al16/*OH/COHPCAR.lobster
Al16	*OH	neighbor-Obridge	51	259	2.112332	-0.65163	up	-0	0	source_manifest:COHP/PDOS/Al16/*OH/COHPCAR.lobster
Al16	*OH	neighbor-Obridge	51	259	2.112332	-0.65163	down	0.00107	-0.00107	source_manifest:COHP/PDOS/Al16/*OH/COHPCAR.lobster
Al16	*OH	Coact-Oads	16	348	1.875883	-0.60150	up	-0.00786	0.00786	source_manifest:COHP/PDOS/Al16/*OH/COHPCAR.lobster
Al16	*OH	Coact-Oads	16	348	1.875883	-0.60150	down	0.00641	-0.00641	source_manifest:COHP/PDOS/Al16/*OH/COHPCAR.lobster
Al16	*OH	Coact-Obridge	16	259	2.069958	-0.60150	up	0.0002	-0.0002	source_manifest:COHP/PDOS/Al16/*OH/COHPCAR.lobster
Al16	*OH	Coact-Obridge	16	259	2.069958	-0.60150	down	0.00099	-0.00099	source_manifest:COHP/PDOS/Al16/*OH/COHPCAR.lobster
Al16	*OH	neighbor-Obridge	51	259	2.112332	-0.60150	up	0	-0	source_manifest:COHP/PDOS/Al16/*OH/COHPCAR.lobster
Al16	*OH	neighbor-Obridge	51	259	2.112332	-0.60150	down	0.00031	-0.00031	source_manifest:COHP/PDOS/Al16/*OH/COHPCAR.lobster
Al16	*OH	Coact-Oads	16	348	1.875883	-0.55138	up	-0.00068	0.00068	source_manifest:COHP/PDOS/Al16/*OH/COHPCAR.lobster
Al16	*OH	Coact-Oads	16	348	1.875883	-0.55138	down	0.00496	-0.00496	source_manifest:COHP/PDOS/Al16/*OH/COHPCAR.lobster
Al16	*OH	Coact-Obridge	16	259	2.069958	-0.55138	up	0.00162	-0.00162	source_manifest:COHP/PDOS/Al16/*OH/COHPCAR.lobster
Al16	*OH	Coact-Obridge	16	259	2.069958	-0.55138	down	0.01624	-0.01624	source_manifest:COHP/PDOS/Al16/*OH/COHPCAR.lobster
Al16	*OH	neighbor-Obridge	51	259	2.112332	-0.55138	up	5e-05	-5e-05	source_manifest:COHP/PDOS/Al16/*OH/COHPCAR.lobster
Al16	*OH	neighbor-Obridge	51	259	2.112332	-0.55138	down	0.0002	-0.0002	source_manifest:COHP/PDOS/Al16/*OH/COHPCAR.lobster
Al16	*OH	Coact-Oads	16	348	1.875883	-0.50125	up	0.01877	-0.01877	source_manifest:COHP/PDOS/Al16/*OH/COHPCAR.lobster
Al16	*OH	Coact-Oads	16	348	1.875883	-0.50125	down	0.00851	-0.00851	source_manifest:COHP/PDOS/Al16/*OH/COHPCAR.lobster
Al16	*OH	Coact-Obridge	16	259	2.069958	-0.50125	up	0.00596	-0.00596	source_manifest:COHP/PDOS/Al16/*OH/COHPCAR.lobster
Al16	*OH	Coact-Obridge	16	259	2.069958	-0.50125	down	0.05981	-0.05981	source_manifest:COHP/PDOS/Al16/*OH/COHPCAR.lobster
Al16	*OH	neighbor-Obridge	51	259	2.112332	-0.50125	up	0.00017	-0.00017	source_manifest:COHP/PDOS/Al16/*OH/COHPCAR.lobster
Al16	*OH	neighbor-Obridge	51	259	2.112332	-0.50125	down	0.0007	-0.0007	source_manifest:COHP/PDOS/Al16/*OH/COHPCAR.lobster
Al16	*OH	Coact-Oads	16	348	1.875883	-0.45113	up	0.02842	-0.02842	source_manifest:COHP/PDOS/Al16/*OH/COHPCAR.lobster
Al16	*OH	Coact-Oads	16	348	1.875883	-0.45113	down	0.0153	-0.0153	source_manifest:COHP/PDOS/Al16/*OH/COHPCAR.lobster
Al16	*OH	Coact-Obridge	16	259	2.069958	-0.45113	up	0.00428	-0.00428	source_manifest:COHP/PDOS/Al16/*OH/COHPCAR.lobster
Al16	*OH	Coact-Obridge	16	259	2.069958	-0.45113	down	0.04081	-0.04081	source_manifest:COHP/PDOS/Al16/*OH/COHPCAR.lobster
Al16	*OH	neighbor-Obridge	51	259	2.112332	-0.45113	up	0.00012	-0.00012	source_manifest:COHP/PDOS/Al16/*OH/COHPCAR.lobster
Al16	*OH	neighbor-Obridge	51	259	2.112332	-0.45113	down	0.00047	-0.00047	source_manifest:COHP/PDOS/Al16/*OH/COHPCAR.lobster
Al16	*OH	Coact-Oads	16	348	1.875883	-0.40100	up	0.01545	-0.01545	source_manifest:COHP/PDOS/Al16/*OH/COHPCAR.lobster
Al16	*OH	Coact-Oads	16	348	1.875883	-0.40100	down	0.01131	-0.01131	source_manifest:COHP/PDOS/Al16/*OH/COHPCAR.lobster
Al16	*OH	Coact-Obridge	16	259	2.069958	-0.40100	up	0.00124	-0.00124	source_manifest:COHP/PDOS/Al16/*OH/COHPCAR.lobster
Al16	*OH	Coact-Obridge	16	259	2.069958	-0.40100	down	0.0056	-0.0056	source_manifest:COHP/PDOS/Al16/*OH/COHPCAR.lobster
Al16	*OH	neighbor-Obridge	51	259	2.112332	-0.40100	up	-0	0	source_manifest:COHP/PDOS/Al16/*OH/COHPCAR.lobster
Al16	*OH	neighbor-Obridge	51	259	2.112332	-0.40100	down	0.00013	-0.00013	source_manifest:COHP/PDOS/Al16/*OH/COHPCAR.lobster
Al16	*OH	Coact-Oads	16	348	1.875883	-0.35088	up	0.00721	-0.00721	source_manifest:COHP/PDOS/Al16/*OH/COHPCAR.lobster
Al16	*OH	Coact-Oads	16	348	1.875883	-0.35088	down	0.00961	-0.00961	source_manifest:COHP/PDOS/Al16/*OH/COHPCAR.lobster
Al16	*OH	Coact-Obridge	16	259	2.069958	-0.35088	up	0.00022	-0.00022	source_manifest:COHP/PDOS/Al16/*OH/COHPCAR.lobster
Al16	*OH	Coact-Obridge	16	259	2.069958	-0.35088	down	0.00059	-0.00059	source_manifest:COHP/PDOS/Al16/*OH/COHPCAR.lobster
Al16	*OH	neighbor-Obridge	51	259	2.112332	-0.35088	up	-0	0	source_manifest:COHP/PDOS/Al16/*OH/COHPCAR.lobster
Al16	*OH	neighbor-Obridge	51	259	2.112332	-0.35088	down	0.00048	-0.00048	source_manifest:COHP/PDOS/Al16/*OH/COHPCAR.lobster
Al16	*OH	Coact-Oads	16	348	1.875883	-0.30075	up	0.0039	-0.0039	source_manifest:COHP/PDOS/Al16/*OH/COHPCAR.lobster
Al16	*OH	Coact-Oads	16	348	1.875883	-0.30075	down	0.03549	-0.03549	source_manifest:COHP/PDOS/Al16/*OH/COHPCAR.lobster
Al16	*OH	Coact-Obridge	16	259	2.069958	-0.30075	up	-0.00021	0.00021	source_manifest:COHP/PDOS/Al16/*OH/COHPCAR.lobster
Al16	*OH	Coact-Obridge	16	259	2.069958	-0.30075	down	0.00034	-0.00034	source_manifest:COHP/PDOS/Al16/*OH/COHPCAR.lobster
Al16	*OH	neighbor-Obridge	51	259	2.112332	-0.30075	up	2e-05	-2e-05	source_manifest:COHP/PDOS/Al16/*OH/COHPCAR.lobster
Al16	*OH	neighbor-Obridge	51	259	2.112332	-0.30075	down	0.00034	-0.00034	source_manifest:COHP/PDOS/Al16/*OH/COHPCAR.lobster
Al16	*OH	Coact-Oads	16	348	1.875883	-0.25063	up	0.00588	-0.00588	source_manifest:COHP/PDOS/Al16/*OH/COHPCAR.lobster
Al16	*OH	Coact-Oads	16	348	1.875883	-0.25063	down	0.10509	-0.10509	source_manifest:COHP/PDOS/Al16/*OH/COHPCAR.lobster
Al16	*OH	Coact-Obridge	16	259	2.069958	-0.25063	up	-6e-05	6e-05	source_manifest:COHP/PDOS/Al16/*OH/COHPCAR.lobster
Al16	*OH	Coact-Obridge	16	259	2.069958	-0.25063	down	8e-05	-8e-05	source_manifest:COHP/PDOS/Al16/*OH/COHPCAR.lobster
Al16	*OH	neighbor-Obridge	51	259	2.112332	-0.25063	up	1e-05	-1e-05	source_manifest:COHP/PDOS/Al16/*OH/COHPCAR.lobster
Al16	*OH	neighbor-Obridge	51	259	2.112332	-0.25063	down	6e-05	-6e-05	source_manifest:COHP/PDOS/Al16/*OH/COHPCAR.lobster
Al16	*OH	Coact-Oads	16	348	1.875883	-0.20050	up	0.01165	-0.01165	source_manifest:COHP/PDOS/Al16/*OH/COHPCAR.lobster
Al16	*OH	Coact-Oads	16	348	1.875883	-0.20050	down	0.25218	-0.25218	source_manifest:COHP/PDOS/Al16/*OH/COHPCAR.lobster
Al16	*OH	Coact-Obridge	16	259	2.069958	-0.20050	up	2e-05	-2e-05	source_manifest:COHP/PDOS/Al16/*OH/COHPCAR.lobster
Al16	*OH	Coact-Obridge	16	259	2.069958	-0.20050	down	2e-05	-2e-05	source_manifest:COHP/PDOS/Al16/*OH/COHPCAR.lobster
Al16	*OH	neighbor-Obridge	51	259	2.112332	-0.20050	up	3e-05	-3e-05	source_manifest:COHP/PDOS/Al16/*OH/COHPCAR.lobster
Al16	*OH	neighbor-Obridge	51	259	2.112332	-0.20050	down	2e-05	-2e-05	source_manifest:COHP/PDOS/Al16/*OH/COHPCAR.lobster
Al16	*OH	Coact-Oads	16	348	1.875883	-0.15038	up	0.00921	-0.00921	source_manifest:COHP/PDOS/Al16/*OH/COHPCAR.lobster
Al16	*OH	Coact-Oads	16	348	1.875883	-0.15038	down	0.225	-0.225	source_manifest:COHP/PDOS/Al16/*OH/COHPCAR.lobster
Al16	*OH	Coact-Obridge	16	259	2.069958	-0.15038	up	0.0002	-0.0002	source_manifest:COHP/PDOS/Al16/*OH/COHPCAR.lobster
Al16	*OH	Coact-Obridge	16	259	2.069958	-0.15038	down	0.00017	-0.00017	source_manifest:COHP/PDOS/Al16/*OH/COHPCAR.lobster
Al16	*OH	neighbor-Obridge	51	259	2.112332	-0.15038	up	0.00279	-0.00279	source_manifest:COHP/PDOS/Al16/*OH/COHPCAR.lobster
Al16	*OH	neighbor-Obridge	51	259	2.112332	-0.15038	down	0.00125	-0.00125	source_manifest:COHP/PDOS/Al16/*OH/COHPCAR.lobster
Al16	*OH	Coact-Oads	16	348	1.875883	-0.10025	up	0.00285	-0.00285	source_manifest:COHP/PDOS/Al16/*OH/COHPCAR.lobster
Al16	*OH	Coact-Oads	16	348	1.875883	-0.10025	down	0.04469	-0.04469	source_manifest:COHP/PDOS/Al16/*OH/COHPCAR.lobster
Al16	*OH	Coact-Obridge	16	259	2.069958	-0.10025	up	-0.00038	0.00038	source_manifest:COHP/PDOS/Al16/*OH/COHPCAR.lobster
Al16	*OH	Coact-Obridge	16	259	2.069958	-0.10025	down	0.00039	-0.00039	source_manifest:COHP/PDOS/Al16/*OH/COHPCAR.lobster
Al16	*OH	neighbor-Obridge	51	259	2.112332	-0.10025	up	0.03831	-0.03831	source_manifest:COHP/PDOS/Al16/*OH/COHPCAR.lobster
Al16	*OH	neighbor-Obridge	51	259	2.112332	-0.10025	down	0.01705	-0.01705	source_manifest:COHP/PDOS/Al16/*OH/COHPCAR.lobster
Al16	*OH	Coact-Oads	16	348	1.875883	-0.05013	up	0.00223	-0.00223	source_manifest:COHP/PDOS/Al16/*OH/COHPCAR.lobster
Al16	*OH	Coact-Oads	16	348	1.875883	-0.05013	down	0.0049	-0.0049	source_manifest:COHP/PDOS/Al16/*OH/COHPCAR.lobster
Al16	*OH	Coact-Obridge	16	259	2.069958	-0.05013	up	-0.00191	0.00191	source_manifest:COHP/PDOS/Al16/*OH/COHPCAR.lobster
Al16	*OH	Coact-Obridge	16	259	2.069958	-0.05013	down	0.00028	-0.00028	source_manifest:COHP/PDOS/Al16/*OH/COHPCAR.lobster
Al16	*OH	neighbor-Obridge	51	259	2.112332	-0.05013	up	0.09207	-0.09207	source_manifest:COHP/PDOS/Al16/*OH/COHPCAR.lobster
Al16	*OH	neighbor-Obridge	51	259	2.112332	-0.05013	down	0.0409	-0.0409	source_manifest:COHP/PDOS/Al16/*OH/COHPCAR.lobster
Al16	*OH	Coact-Oads	16	348	1.875883	0.00000	up	0.00146	-0.00146	source_manifest:COHP/PDOS/Al16/*OH/COHPCAR.lobster
Al16	*OH	Coact-Oads	16	348	1.875883	0.00000	down	0.00126	-0.00126	source_manifest:COHP/PDOS/Al16/*OH/COHPCAR.lobster
Al16	*OH	Coact-Obridge	16	259	2.069958	0.00000	up	-0.00088	0.00088	source_manifest:COHP/PDOS/Al16/*OH/COHPCAR.lobster
Al16	*OH	Coact-Obridge	16	259	2.069958	0.00000	down	9e-05	-9e-05	source_manifest:COHP/PDOS/Al16/*OH/COHPCAR.lobster
Al16	*OH	neighbor-Obridge	51	259	2.112332	0.00000	up	0.04042	-0.04042	source_manifest:COHP/PDOS/Al16/*OH/COHPCAR.lobster
Al16	*OH	neighbor-Obridge	51	259	2.112332	0.00000	down	0.0179	-0.0179	source_manifest:COHP/PDOS/Al16/*OH/COHPCAR.lobster
Al16	*OH	Coact-Oads	16	348	1.875883	0.05013	up	0.00046	-0.00046	source_manifest:COHP/PDOS/Al16/*OH/COHPCAR.lobster
Al16	*OH	Coact-Oads	16	348	1.875883	0.05013	down	0.00024	-0.00024	source_manifest:COHP/PDOS/Al16/*OH/COHPCAR.lobster
Al16	*OH	Coact-Obridge	16	259	2.069958	0.05013	up	-6e-05	6e-05	source_manifest:COHP/PDOS/Al16/*OH/COHPCAR.lobster
Al16	*OH	Coact-Obridge	16	259	2.069958	0.05013	down	1e-05	-1e-05	source_manifest:COHP/PDOS/Al16/*OH/COHPCAR.lobster
Al16	*OH	neighbor-Obridge	51	259	2.112332	0.05013	up	0.0032	-0.0032	source_manifest:COHP/PDOS/Al16/*OH/COHPCAR.lobster
Al16	*OH	neighbor-Obridge	51	259	2.112332	0.05013	down	0.00138	-0.00138	source_manifest:COHP/PDOS/Al16/*OH/COHPCAR.lobster
Al16	*OH	Coact-Oads	16	348	1.875883	0.10025	up	6e-05	-6e-05	source_manifest:COHP/PDOS/Al16/*OH/COHPCAR.lobster
Al16	*OH	Coact-Oads	16	348	1.875883	0.10025	down	2e-05	-2e-05	source_manifest:COHP/PDOS/Al16/*OH/COHPCAR.lobster
Al16	*OH	Coact-Obridge	16	259	2.069958	0.10025	up	-0	0	source_manifest:COHP/PDOS/Al16/*OH/COHPCAR.lobster
Al16	*OH	Coact-Obridge	16	259	2.069958	0.10025	down	0	-0	source_manifest:COHP/PDOS/Al16/*OH/COHPCAR.lobster
Al16	*OH	neighbor-Obridge	51	259	2.112332	0.10025	up	5e-05	-5e-05	source_manifest:COHP/PDOS/Al16/*OH/COHPCAR.lobster
Al16	*OH	neighbor-Obridge	51	259	2.112332	0.10025	down	2e-05	-2e-05	source_manifest:COHP/PDOS/Al16/*OH/COHPCAR.lobster
Al16	*OH	Coact-Oads	16	348	1.875883	0.15038	up	0	-0	source_manifest:COHP/PDOS/Al16/*OH/COHPCAR.lobster
Al16	*OH	Coact-Oads	16	348	1.875883	0.15038	down	0	-0	source_manifest:COHP/PDOS/Al16/*OH/COHPCAR.lobster
Al16	*OH	Coact-Obridge	16	259	2.069958	0.15038	up	0	-0	source_manifest:COHP/PDOS/Al16/*OH/COHPCAR.lobster
Al16	*OH	Coact-Obridge	16	259	2.069958	0.15038	down	0	-0	source_manifest:COHP/PDOS/Al16/*OH/COHPCAR.lobster
Al16	*OH	neighbor-Obridge	51	259	2.112332	0.15038	up	0	-0	source_manifest:COHP/PDOS/Al16/*OH/COHPCAR.lobster
Al16	*OH	neighbor-Obridge	51	259	2.112332	0.15038	down	0	-0	source_manifest:COHP/PDOS/Al16/*OH/COHPCAR.lobster
Al16	*OH	Coact-Oads	16	348	1.875883	0.20050	up	0	-0	source_manifest:COHP/PDOS/Al16/*OH/COHPCAR.lobster
Al16	*OH	Coact-Oads	16	348	1.875883	0.20050	down	0	-0	source_manifest:COHP/PDOS/Al16/*OH/COHPCAR.lobster
Al16	*OH	Coact-Obridge	16	259	2.069958	0.20050	up	0	-0	source_manifest:COHP/PDOS/Al16/*OH/COHPCAR.lobster
Al16	*OH	Coact-Obridge	16	259	2.069958	0.20050	down	0	-0	source_manifest:COHP/PDOS/Al16/*OH/COHPCAR.lobster
Al16	*OH	neighbor-Obridge	51	259	2.112332	0.20050	up	0	-0	source_manifest:COHP/PDOS/Al16/*OH/COHPCAR.lobster
Al16	*OH	neighbor-Obridge	51	259	2.112332	0.20050	down	0	-0	source_manifest:COHP/PDOS/Al16/*OH/COHPCAR.lobster
Al16	*OH	Coact-Oads	16	348	1.875883	0.25063	up	0	-0	source_manifest:COHP/PDOS/Al16/*OH/COHPCAR.lobster
Al16	*OH	Coact-Oads	16	348	1.875883	0.25063	down	0	-0	source_manifest:COHP/PDOS/Al16/*OH/COHPCAR.lobster
Al16	*OH	Coact-Obridge	16	259	2.069958	0.25063	up	0	-0	source_manifest:COHP/PDOS/Al16/*OH/COHPCAR.lobster
Al16	*OH	Coact-Obridge	16	259	2.069958	0.25063	down	0	-0	source_manifest:COHP/PDOS/Al16/*OH/COHPCAR.lobster
Al16	*OH	neighbor-Obridge	51	259	2.112332	0.25063	up	0	-0	source_manifest:COHP/PDOS/Al16/*OH/COHPCAR.lobster
Al16	*OH	neighbor-Obridge	51	259	2.112332	0.25063	down	0	-0	source_manifest:COHP/PDOS/Al16/*OH/COHPCAR.lobster
Al16	*OH	Coact-Oads	16	348	1.875883	0.30075	up	0	-0	source_manifest:COHP/PDOS/Al16/*OH/COHPCAR.lobster
Al16	*OH	Coact-Oads	16	348	1.875883	0.30075	down	0	-0	source_manifest:COHP/PDOS/Al16/*OH/COHPCAR.lobster
Al16	*OH	Coact-Obridge	16	259	2.069958	0.30075	up	-0	0	source_manifest:COHP/PDOS/Al16/*OH/COHPCAR.lobster
Al16	*OH	Coact-Obridge	16	259	2.069958	0.30075	down	0	-0	source_manifest:COHP/PDOS/Al16/*OH/COHPCAR.lobster
Al16	*OH	neighbor-Obridge	51	259	2.112332	0.30075	up	0	-0	source_manifest:COHP/PDOS/Al16/*OH/COHPCAR.lobster
Al16	*OH	neighbor-Obridge	51	259	2.112332	0.30075	down	0	-0	source_manifest:COHP/PDOS/Al16/*OH/COHPCAR.lobster
Al16	*OH	Coact-Oads	16	348	1.875883	0.35088	up	0	-0	source_manifest:COHP/PDOS/Al16/*OH/COHPCAR.lobster
Al16	*OH	Coact-Oads	16	348	1.875883	0.35088	down	0	-0	source_manifest:COHP/PDOS/Al16/*OH/COHPCAR.lobster
Al16	*OH	Coact-Obridge	16	259	2.069958	0.35088	up	0	-0	source_manifest:COHP/PDOS/Al16/*OH/COHPCAR.lobster
Al16	*OH	Coact-Obridge	16	259	2.069958	0.35088	down	0	-0	source_manifest:COHP/PDOS/Al16/*OH/COHPCAR.lobster
Al16	*OH	neighbor-Obridge	51	259	2.112332	0.35088	up	0	-0	source_manifest:COHP/PDOS/Al16/*OH/COHPCAR.lobster
Al16	*OH	neighbor-Obridge	51	259	2.112332	0.35088	down	0	-0	source_manifest:COHP/PDOS/Al16/*OH/COHPCAR.lobster
Al16	*OH	Coact-Oads	16	348	1.875883	0.40100	up	0	-0	source_manifest:COHP/PDOS/Al16/*OH/COHPCAR.lobster
Al16	*OH	Coact-Oads	16	348	1.875883	0.40100	down	0	-0	source_manifest:COHP/PDOS/Al16/*OH/COHPCAR.lobster
Al16	*OH	Coact-Obridge	16	259	2.069958	0.40100	up	0	-0	source_manifest:COHP/PDOS/Al16/*OH/COHPCAR.lobster
Al16	*OH	Coact-Obridge	16	259	2.069958	0.40100	down	0	-0	source_manifest:COHP/PDOS/Al16/*OH/COHPCAR.lobster
Al16	*OH	neighbor-Obridge	51	259	2.112332	0.40100	up	0	-0	source_manifest:COHP/PDOS/Al16/*OH/COHPCAR.lobster
Al16	*OH	neighbor-Obridge	51	259	2.112332	0.40100	down	0	-0	source_manifest:COHP/PDOS/Al16/*OH/COHPCAR.lobster
Al16	*OH	Coact-Oads	16	348	1.875883	0.45113	up	0	-0	source_manifest:COHP/PDOS/Al16/*OH/COHPCAR.lobster
Al16	*OH	Coact-Oads	16	348	1.875883	0.45113	down	0	-0	source_manifest:COHP/PDOS/Al16/*OH/COHPCAR.lobster
Al16	*OH	Coact-Obridge	16	259	2.069958	0.45113	up	0	-0	source_manifest:COHP/PDOS/Al16/*OH/COHPCAR.lobster
Al16	*OH	Coact-Obridge	16	259	2.069958	0.45113	down	0	-0	source_manifest:COHP/PDOS/Al16/*OH/COHPCAR.lobster
Al16	*OH	neighbor-Obridge	51	259	2.112332	0.45113	up	0	-0	source_manifest:COHP/PDOS/Al16/*OH/COHPCAR.lobster
Al16	*OH	neighbor-Obridge	51	259	2.112332	0.45113	down	0	-0	source_manifest:COHP/PDOS/Al16/*OH/COHPCAR.lobster
Al16	*OH	Coact-Oads	16	348	1.875883	0.50125	up	0	-0	source_manifest:COHP/PDOS/Al16/*OH/COHPCAR.lobster
Al16	*OH	Coact-Oads	16	348	1.875883	0.50125	down	0	-0	source_manifest:COHP/PDOS/Al16/*OH/COHPCAR.lobster
Al16	*OH	Coact-Obridge	16	259	2.069958	0.50125	up	0	-0	source_manifest:COHP/PDOS/Al16/*OH/COHPCAR.lobster
Al16	*OH	Coact-Obridge	16	259	2.069958	0.50125	down	0	-0	source_manifest:COHP/PDOS/Al16/*OH/COHPCAR.lobster
Al16	*OH	neighbor-Obridge	51	259	2.112332	0.50125	up	0	-0	source_manifest:COHP/PDOS/Al16/*OH/COHPCAR.lobster
Al16	*OH	neighbor-Obridge	51	259	2.112332	0.50125	down	0	-0	source_manifest:COHP/PDOS/Al16/*OH/COHPCAR.lobster
Al16	*OH	Coact-Oads	16	348	1.875883	0.55138	up	0	-0	source_manifest:COHP/PDOS/Al16/*OH/COHPCAR.lobster
Al16	*OH	Coact-Oads	16	348	1.875883	0.55138	down	0	-0	source_manifest:COHP/PDOS/Al16/*OH/COHPCAR.lobster
Al16	*OH	Coact-Obridge	16	259	2.069958	0.55138	up	0	-0	source_manifest:COHP/PDOS/Al16/*OH/COHPCAR.lobster
Al16	*OH	Coact-Obridge	16	259	2.069958	0.55138	down	0	-0	source_manifest:COHP/PDOS/Al16/*OH/COHPCAR.lobster
Al16	*OH	neighbor-Obridge	51	259	2.112332	0.55138	up	0	-0	source_manifest:COHP/PDOS/Al16/*OH/COHPCAR.lobster
Al16	*OH	neighbor-Obridge	51	259	2.112332	0.55138	down	0	-0	source_manifest:COHP/PDOS/Al16/*OH/COHPCAR.lobster
Al16	*OH	Coact-Oads	16	348	1.875883	0.60150	up	0	-0	source_manifest:COHP/PDOS/Al16/*OH/COHPCAR.lobster
Al16	*OH	Coact-Oads	16	348	1.875883	0.60150	down	0	-0	source_manifest:COHP/PDOS/Al16/*OH/COHPCAR.lobster
Al16	*OH	Coact-Obridge	16	259	2.069958	0.60150	up	0	-0	source_manifest:COHP/PDOS/Al16/*OH/COHPCAR.lobster
Al16	*OH	Coact-Obridge	16	259	2.069958	0.60150	down	0	-0	source_manifest:COHP/PDOS/Al16/*OH/COHPCAR.lobster
Al16	*OH	neighbor-Obridge	51	259	2.112332	0.60150	up	0	-0	source_manifest:COHP/PDOS/Al16/*OH/COHPCAR.lobster
Al16	*OH	neighbor-Obridge	51	259	2.112332	0.60150	down	0	-0	source_manifest:COHP/PDOS/Al16/*OH/COHPCAR.lobster
Al16	*OH	Coact-Oads	16	348	1.875883	0.65163	up	0	-0	source_manifest:COHP/PDOS/Al16/*OH/COHPCAR.lobster
Al16	*OH	Coact-Oads	16	348	1.875883	0.65163	down	0	-0	source_manifest:COHP/PDOS/Al16/*OH/COHPCAR.lobster
Al16	*OH	Coact-Obridge	16	259	2.069958	0.65163	up	0	-0	source_manifest:COHP/PDOS/Al16/*OH/COHPCAR.lobster
Al16	*OH	Coact-Obridge	16	259	2.069958	0.65163	down	0	-0	source_manifest:COHP/PDOS/Al16/*OH/COHPCAR.lobster
Al16	*OH	neighbor-Obridge	51	259	2.112332	0.65163	up	0	-0	source_manifest:COHP/PDOS/Al16/*OH/COHPCAR.lobster
Al16	*OH	neighbor-Obridge	51	259	2.112332	0.65163	down	0	-0	source_manifest:COHP/PDOS/Al16/*OH/COHPCAR.lobster
Al16	*OH	Coact-Oads	16	348	1.875883	0.70175	up	0	-0	source_manifest:COHP/PDOS/Al16/*OH/COHPCAR.lobster
Al16	*OH	Coact-Oads	16	348	1.875883	0.70175	down	0	-0	source_manifest:COHP/PDOS/Al16/*OH/COHPCAR.lobster
Al16	*OH	Coact-Obridge	16	259	2.069958	0.70175	up	0	-0	source_manifest:COHP/PDOS/Al16/*OH/COHPCAR.lobster
Al16	*OH	Coact-Obridge	16	259	2.069958	0.70175	down	0	-0	source_manifest:COHP/PDOS/Al16/*OH/COHPCAR.lobster
Al16	*OH	neighbor-Obridge	51	259	2.112332	0.70175	up	0	-0	source_manifest:COHP/PDOS/Al16/*OH/COHPCAR.lobster
Al16	*OH	neighbor-Obridge	51	259	2.112332	0.70175	down	0	-0	source_manifest:COHP/PDOS/Al16/*OH/COHPCAR.lobster
Al16	*OH	Coact-Oads	16	348	1.875883	0.75188	up	0	-0	source_manifest:COHP/PDOS/Al16/*OH/COHPCAR.lobster
Al16	*OH	Coact-Oads	16	348	1.875883	0.75188	down	0	-0	source_manifest:COHP/PDOS/Al16/*OH/COHPCAR.lobster
Al16	*OH	Coact-Obridge	16	259	2.069958	0.75188	up	0	-0	source_manifest:COHP/PDOS/Al16/*OH/COHPCAR.lobster
Al16	*OH	Coact-Obridge	16	259	2.069958	0.75188	down	0	-0	source_manifest:COHP/PDOS/Al16/*OH/COHPCAR.lobster
Al16	*OH	neighbor-Obridge	51	259	2.112332	0.75188	up	0	-0	source_manifest:COHP/PDOS/Al16/*OH/COHPCAR.lobster
Al16	*OH	neighbor-Obridge	51	259	2.112332	0.75188	down	0	-0	source_manifest:COHP/PDOS/Al16/*OH/COHPCAR.lobster
Al16	*OH	Coact-Oads	16	348	1.875883	0.80201	up	0	-0	source_manifest:COHP/PDOS/Al16/*OH/COHPCAR.lobster
Al16	*OH	Coact-Oads	16	348	1.875883	0.80201	down	0	-0	source_manifest:COHP/PDOS/Al16/*OH/COHPCAR.lobster
Al16	*OH	Coact-Obridge	16	259	2.069958	0.80201	up	0	-0	source_manifest:COHP/PDOS/Al16/*OH/COHPCAR.lobster
Al16	*OH	Coact-Obridge	16	259	2.069958	0.80201	down	0	-0	source_manifest:COHP/PDOS/Al16/*OH/COHPCAR.lobster
Al16	*OH	neighbor-Obridge	51	259	2.112332	0.80201	up	0	-0	source_manifest:COHP/PDOS/Al16/*OH/COHPCAR.lobster
Al16	*OH	neighbor-Obridge	51	259	2.112332	0.80201	down	0	-0	source_manifest:COHP/PDOS/Al16/*OH/COHPCAR.lobster
Al16	*OH	Coact-Oads	16	348	1.875883	0.85213	up	0	-0	source_manifest:COHP/PDOS/Al16/*OH/COHPCAR.lobster
Al16	*OH	Coact-Oads	16	348	1.875883	0.85213	down	0	-0	source_manifest:COHP/PDOS/Al16/*OH/COHPCAR.lobster
Al16	*OH	Coact-Obridge	16	259	2.069958	0.85213	up	0	-0	source_manifest:COHP/PDOS/Al16/*OH/COHPCAR.lobster
Al16	*OH	Coact-Obridge	16	259	2.069958	0.85213	down	0	-0	source_manifest:COHP/PDOS/Al16/*OH/COHPCAR.lobster
Al16	*OH	neighbor-Obridge	51	259	2.112332	0.85213	up	0	-0	source_manifest:COHP/PDOS/Al16/*OH/COHPCAR.lobster
Al16	*OH	neighbor-Obridge	51	259	2.112332	0.85213	down	0	-0	source_manifest:COHP/PDOS/Al16/*OH/COHPCAR.lobster
Al16	*OH	Coact-Oads	16	348	1.875883	0.90226	up	0	-0	source_manifest:COHP/PDOS/Al16/*OH/COHPCAR.lobster
Al16	*OH	Coact-Oads	16	348	1.875883	0.90226	down	0	-0	source_manifest:COHP/PDOS/Al16/*OH/COHPCAR.lobster
Al16	*OH	Coact-Obridge	16	259	2.069958	0.90226	up	0	-0	source_manifest:COHP/PDOS/Al16/*OH/COHPCAR.lobster
Al16	*OH	Coact-Obridge	16	259	2.069958	0.90226	down	0	-0	source_manifest:COHP/PDOS/Al16/*OH/COHPCAR.lobster
Al16	*OH	neighbor-Obridge	51	259	2.112332	0.90226	up	0	-0	source_manifest:COHP/PDOS/Al16/*OH/COHPCAR.lobster
Al16	*OH	neighbor-Obridge	51	259	2.112332	0.90226	down	0	-0	source_manifest:COHP/PDOS/Al16/*OH/COHPCAR.lobster
Al16	*OH	Coact-Oads	16	348	1.875883	0.95238	up	0	-0	source_manifest:COHP/PDOS/Al16/*OH/COHPCAR.lobster
Al16	*OH	Coact-Oads	16	348	1.875883	0.95238	down	0	-0	source_manifest:COHP/PDOS/Al16/*OH/COHPCAR.lobster
Al16	*OH	Coact-Obridge	16	259	2.069958	0.95238	up	0	-0	source_manifest:COHP/PDOS/Al16/*OH/COHPCAR.lobster
Al16	*OH	Coact-Obridge	16	259	2.069958	0.95238	down	0	-0	source_manifest:COHP/PDOS/Al16/*OH/COHPCAR.lobster
Al16	*OH	neighbor-Obridge	51	259	2.112332	0.95238	up	0	-0	source_manifest:COHP/PDOS/Al16/*OH/COHPCAR.lobster
Al16	*OH	neighbor-Obridge	51	259	2.112332	0.95238	down	0	-0	source_manifest:COHP/PDOS/Al16/*OH/COHPCAR.lobster
Al16	*OH	Coact-Oads	16	348	1.875883	1.00251	up	0	-0	source_manifest:COHP/PDOS/Al16/*OH/COHPCAR.lobster
Al16	*OH	Coact-Oads	16	348	1.875883	1.00251	down	0	-0	source_manifest:COHP/PDOS/Al16/*OH/COHPCAR.lobster
Al16	*OH	Coact-Obridge	16	259	2.069958	1.00251	up	0	-0	source_manifest:COHP/PDOS/Al16/*OH/COHPCAR.lobster
Al16	*OH	Coact-Obridge	16	259	2.069958	1.00251	down	0	-0	source_manifest:COHP/PDOS/Al16/*OH/COHPCAR.lobster
Al16	*OH	neighbor-Obridge	51	259	2.112332	1.00251	up	0	-0	source_manifest:COHP/PDOS/Al16/*OH/COHPCAR.lobster
Al16	*OH	neighbor-Obridge	51	259	2.112332	1.00251	down	0	-0	source_manifest:COHP/PDOS/Al16/*OH/COHPCAR.lobster
Al16	*OH	Coact-Oads	16	348	1.875883	1.05263	up	0	-0	source_manifest:COHP/PDOS/Al16/*OH/COHPCAR.lobster
Al16	*OH	Coact-Oads	16	348	1.875883	1.05263	down	0	-0	source_manifest:COHP/PDOS/Al16/*OH/COHPCAR.lobster
Al16	*OH	Coact-Obridge	16	259	2.069958	1.05263	up	0	-0	source_manifest:COHP/PDOS/Al16/*OH/COHPCAR.lobster
Al16	*OH	Coact-Obridge	16	259	2.069958	1.05263	down	0	-0	source_manifest:COHP/PDOS/Al16/*OH/COHPCAR.lobster
Al16	*OH	neighbor-Obridge	51	259	2.112332	1.05263	up	0	-0	source_manifest:COHP/PDOS/Al16/*OH/COHPCAR.lobster
Al16	*OH	neighbor-Obridge	51	259	2.112332	1.05263	down	0	-0	source_manifest:COHP/PDOS/Al16/*OH/COHPCAR.lobster
Al16	*OH	Coact-Oads	16	348	1.875883	1.10276	up	0	-0	source_manifest:COHP/PDOS/Al16/*OH/COHPCAR.lobster
Al16	*OH	Coact-Oads	16	348	1.875883	1.10276	down	0	-0	source_manifest:COHP/PDOS/Al16/*OH/COHPCAR.lobster
Al16	*OH	Coact-Obridge	16	259	2.069958	1.10276	up	0	-0	source_manifest:COHP/PDOS/Al16/*OH/COHPCAR.lobster
Al16	*OH	Coact-Obridge	16	259	2.069958	1.10276	down	0	-0	source_manifest:COHP/PDOS/Al16/*OH/COHPCAR.lobster
Al16	*OH	neighbor-Obridge	51	259	2.112332	1.10276	up	0	-0	source_manifest:COHP/PDOS/Al16/*OH/COHPCAR.lobster
Al16	*OH	neighbor-Obridge	51	259	2.112332	1.10276	down	0	-0	source_manifest:COHP/PDOS/Al16/*OH/COHPCAR.lobster
Al16	*OH	Coact-Oads	16	348	1.875883	1.15288	up	0	-0	source_manifest:COHP/PDOS/Al16/*OH/COHPCAR.lobster
Al16	*OH	Coact-Oads	16	348	1.875883	1.15288	down	0	-0	source_manifest:COHP/PDOS/Al16/*OH/COHPCAR.lobster
Al16	*OH	Coact-Obridge	16	259	2.069958	1.15288	up	0	-0	source_manifest:COHP/PDOS/Al16/*OH/COHPCAR.lobster
Al16	*OH	Coact-Obridge	16	259	2.069958	1.15288	down	0	-0	source_manifest:COHP/PDOS/Al16/*OH/COHPCAR.lobster
Al16	*OH	neighbor-Obridge	51	259	2.112332	1.15288	up	0	-0	source_manifest:COHP/PDOS/Al16/*OH/COHPCAR.lobster
Al16	*OH	neighbor-Obridge	51	259	2.112332	1.15288	down	0	-0	source_manifest:COHP/PDOS/Al16/*OH/COHPCAR.lobster
Al16	*OH	Coact-Oads	16	348	1.875883	1.20301	up	0	-0	source_manifest:COHP/PDOS/Al16/*OH/COHPCAR.lobster
Al16	*OH	Coact-Oads	16	348	1.875883	1.20301	down	0	-0	source_manifest:COHP/PDOS/Al16/*OH/COHPCAR.lobster
Al16	*OH	Coact-Obridge	16	259	2.069958	1.20301	up	0	-0	source_manifest:COHP/PDOS/Al16/*OH/COHPCAR.lobster
Al16	*OH	Coact-Obridge	16	259	2.069958	1.20301	down	0	-0	source_manifest:COHP/PDOS/Al16/*OH/COHPCAR.lobster
Al16	*OH	neighbor-Obridge	51	259	2.112332	1.20301	up	0	-0	source_manifest:COHP/PDOS/Al16/*OH/COHPCAR.lobster
Al16	*OH	neighbor-Obridge	51	259	2.112332	1.20301	down	0	-0	source_manifest:COHP/PDOS/Al16/*OH/COHPCAR.lobster
Al16	*OH	Coact-Oads	16	348	1.875883	1.25313	up	0	-0	source_manifest:COHP/PDOS/Al16/*OH/COHPCAR.lobster
Al16	*OH	Coact-Oads	16	348	1.875883	1.25313	down	0	-0	source_manifest:COHP/PDOS/Al16/*OH/COHPCAR.lobster
Al16	*OH	Coact-Obridge	16	259	2.069958	1.25313	up	0	-0	source_manifest:COHP/PDOS/Al16/*OH/COHPCAR.lobster
Al16	*OH	Coact-Obridge	16	259	2.069958	1.25313	down	0	-0	source_manifest:COHP/PDOS/Al16/*OH/COHPCAR.lobster
Al16	*OH	neighbor-Obridge	51	259	2.112332	1.25313	up	0	-0	source_manifest:COHP/PDOS/Al16/*OH/COHPCAR.lobster
Al16	*OH	neighbor-Obridge	51	259	2.112332	1.25313	down	0	-0	source_manifest:COHP/PDOS/Al16/*OH/COHPCAR.lobster
Al16	*OH	Coact-Oads	16	348	1.875883	1.30326	up	0	-0	source_manifest:COHP/PDOS/Al16/*OH/COHPCAR.lobster
Al16	*OH	Coact-Oads	16	348	1.875883	1.30326	down	0	-0	source_manifest:COHP/PDOS/Al16/*OH/COHPCAR.lobster
Al16	*OH	Coact-Obridge	16	259	2.069958	1.30326	up	0	-0	source_manifest:COHP/PDOS/Al16/*OH/COHPCAR.lobster
Al16	*OH	Coact-Obridge	16	259	2.069958	1.30326	down	0	-0	source_manifest:COHP/PDOS/Al16/*OH/COHPCAR.lobster
Al16	*OH	neighbor-Obridge	51	259	2.112332	1.30326	up	0	-0	source_manifest:COHP/PDOS/Al16/*OH/COHPCAR.lobster
Al16	*OH	neighbor-Obridge	51	259	2.112332	1.30326	down	-0	0	source_manifest:COHP/PDOS/Al16/*OH/COHPCAR.lobster
Al16	*OH	Coact-Oads	16	348	1.875883	1.35338	up	0	-0	source_manifest:COHP/PDOS/Al16/*OH/COHPCAR.lobster
Al16	*OH	Coact-Oads	16	348	1.875883	1.35338	down	0	-0	source_manifest:COHP/PDOS/Al16/*OH/COHPCAR.lobster
Al16	*OH	Coact-Obridge	16	259	2.069958	1.35338	up	0	-0	source_manifest:COHP/PDOS/Al16/*OH/COHPCAR.lobster
Al16	*OH	Coact-Obridge	16	259	2.069958	1.35338	down	0	-0	source_manifest:COHP/PDOS/Al16/*OH/COHPCAR.lobster
Al16	*OH	neighbor-Obridge	51	259	2.112332	1.35338	up	0	-0	source_manifest:COHP/PDOS/Al16/*OH/COHPCAR.lobster
Al16	*OH	neighbor-Obridge	51	259	2.112332	1.35338	down	-0	0	source_manifest:COHP/PDOS/Al16/*OH/COHPCAR.lobster
Al16	*OH	Coact-Oads	16	348	1.875883	1.40351	up	0	-0	source_manifest:COHP/PDOS/Al16/*OH/COHPCAR.lobster
Al16	*OH	Coact-Oads	16	348	1.875883	1.40351	down	0	-0	source_manifest:COHP/PDOS/Al16/*OH/COHPCAR.lobster
Al16	*OH	Coact-Obridge	16	259	2.069958	1.40351	up	0	-0	source_manifest:COHP/PDOS/Al16/*OH/COHPCAR.lobster
Al16	*OH	Coact-Obridge	16	259	2.069958	1.40351	down	0	-0	source_manifest:COHP/PDOS/Al16/*OH/COHPCAR.lobster
Al16	*OH	neighbor-Obridge	51	259	2.112332	1.40351	up	1e-05	-1e-05	source_manifest:COHP/PDOS/Al16/*OH/COHPCAR.lobster
Al16	*OH	neighbor-Obridge	51	259	2.112332	1.40351	down	-0	0	source_manifest:COHP/PDOS/Al16/*OH/COHPCAR.lobster
Al16	*OH	Coact-Oads	16	348	1.875883	1.45363	up	0	-0	source_manifest:COHP/PDOS/Al16/*OH/COHPCAR.lobster
Al16	*OH	Coact-Oads	16	348	1.875883	1.45363	down	0	-0	source_manifest:COHP/PDOS/Al16/*OH/COHPCAR.lobster
Al16	*OH	Coact-Obridge	16	259	2.069958	1.45363	up	9e-05	-9e-05	source_manifest:COHP/PDOS/Al16/*OH/COHPCAR.lobster
Al16	*OH	Coact-Obridge	16	259	2.069958	1.45363	down	1e-05	-1e-05	source_manifest:COHP/PDOS/Al16/*OH/COHPCAR.lobster
Al16	*OH	neighbor-Obridge	51	259	2.112332	1.45363	up	0.00257	-0.00257	source_manifest:COHP/PDOS/Al16/*OH/COHPCAR.lobster
Al16	*OH	neighbor-Obridge	51	259	2.112332	1.45363	down	-9e-05	9e-05	source_manifest:COHP/PDOS/Al16/*OH/COHPCAR.lobster
Al16	*OH	Coact-Oads	16	348	1.875883	1.50376	up	0	-0	source_manifest:COHP/PDOS/Al16/*OH/COHPCAR.lobster
Al16	*OH	Coact-Oads	16	348	1.875883	1.50376	down	0	-0	source_manifest:COHP/PDOS/Al16/*OH/COHPCAR.lobster
Al16	*OH	Coact-Obridge	16	259	2.069958	1.50376	up	0.00339	-0.00339	source_manifest:COHP/PDOS/Al16/*OH/COHPCAR.lobster
Al16	*OH	Coact-Obridge	16	259	2.069958	1.50376	down	0.00053	-0.00053	source_manifest:COHP/PDOS/Al16/*OH/COHPCAR.lobster
Al16	*OH	neighbor-Obridge	51	259	2.112332	1.50376	up	0.09441	-0.09441	source_manifest:COHP/PDOS/Al16/*OH/COHPCAR.lobster
Al16	*OH	neighbor-Obridge	51	259	2.112332	1.50376	down	-0.00339	0.00339	source_manifest:COHP/PDOS/Al16/*OH/COHPCAR.lobster
Al16	*OH	Coact-Oads	16	348	1.875883	1.55388	up	0	-0	source_manifest:COHP/PDOS/Al16/*OH/COHPCAR.lobster
Al16	*OH	Coact-Oads	16	348	1.875883	1.55388	down	0	-0	source_manifest:COHP/PDOS/Al16/*OH/COHPCAR.lobster
Al16	*OH	Coact-Obridge	16	259	2.069958	1.55388	up	0.02115	-0.02115	source_manifest:COHP/PDOS/Al16/*OH/COHPCAR.lobster
Al16	*OH	Coact-Obridge	16	259	2.069958	1.55388	down	0.00332	-0.00332	source_manifest:COHP/PDOS/Al16/*OH/COHPCAR.lobster
Al16	*OH	neighbor-Obridge	51	259	2.112332	1.55388	up	0.5789	-0.5789	source_manifest:COHP/PDOS/Al16/*OH/COHPCAR.lobster
Al16	*OH	neighbor-Obridge	51	259	2.112332	1.55388	down	-0.02104	0.02104	source_manifest:COHP/PDOS/Al16/*OH/COHPCAR.lobster
Al16	*OH	Coact-Oads	16	348	1.875883	1.60401	up	0	-0	source_manifest:COHP/PDOS/Al16/*OH/COHPCAR.lobster
Al16	*OH	Coact-Oads	16	348	1.875883	1.60401	down	0	-0	source_manifest:COHP/PDOS/Al16/*OH/COHPCAR.lobster
Al16	*OH	Coact-Obridge	16	259	2.069958	1.60401	up	0.03206	-0.03206	source_manifest:COHP/PDOS/Al16/*OH/COHPCAR.lobster
Al16	*OH	Coact-Obridge	16	259	2.069958	1.60401	down	0.00443	-0.00443	source_manifest:COHP/PDOS/Al16/*OH/COHPCAR.lobster
Al16	*OH	neighbor-Obridge	51	259	2.112332	1.60401	up	0.68225	-0.68225	source_manifest:COHP/PDOS/Al16/*OH/COHPCAR.lobster
Al16	*OH	neighbor-Obridge	51	259	2.112332	1.60401	down	-0.03348	0.03348	source_manifest:COHP/PDOS/Al16/*OH/COHPCAR.lobster
Al16	*OH	Coact-Oads	16	348	1.875883	1.65414	up	0	-0	source_manifest:COHP/PDOS/Al16/*OH/COHPCAR.lobster
Al16	*OH	Coact-Oads	16	348	1.875883	1.65414	down	0	-0	source_manifest:COHP/PDOS/Al16/*OH/COHPCAR.lobster
Al16	*OH	Coact-Obridge	16	259	2.069958	1.65414	up	0.04982	-0.04982	source_manifest:COHP/PDOS/Al16/*OH/COHPCAR.lobster
Al16	*OH	Coact-Obridge	16	259	2.069958	1.65414	down	0.00385	-0.00385	source_manifest:COHP/PDOS/Al16/*OH/COHPCAR.lobster
Al16	*OH	neighbor-Obridge	51	259	2.112332	1.65414	up	0.37911	-0.37911	source_manifest:COHP/PDOS/Al16/*OH/COHPCAR.lobster
Al16	*OH	neighbor-Obridge	51	259	2.112332	1.65414	down	-0.06278	0.06278	source_manifest:COHP/PDOS/Al16/*OH/COHPCAR.lobster
Al16	*OH	Coact-Oads	16	348	1.875883	1.70426	up	0	-0	source_manifest:COHP/PDOS/Al16/*OH/COHPCAR.lobster
Al16	*OH	Coact-Oads	16	348	1.875883	1.70426	down	0	-0	source_manifest:COHP/PDOS/Al16/*OH/COHPCAR.lobster
Al16	*OH	Coact-Obridge	16	259	2.069958	1.70426	up	0.04676	-0.04676	source_manifest:COHP/PDOS/Al16/*OH/COHPCAR.lobster
Al16	*OH	Coact-Obridge	16	259	2.069958	1.70426	down	0.00426	-0.00426	source_manifest:COHP/PDOS/Al16/*OH/COHPCAR.lobster
Al16	*OH	neighbor-Obridge	51	259	2.112332	1.70426	up	0.25253	-0.25253	source_manifest:COHP/PDOS/Al16/*OH/COHPCAR.lobster
Al16	*OH	neighbor-Obridge	51	259	2.112332	1.70426	down	-0.05052	0.05052	source_manifest:COHP/PDOS/Al16/*OH/COHPCAR.lobster
Al16	*OH	Coact-Oads	16	348	1.875883	1.75439	up	0	-0	source_manifest:COHP/PDOS/Al16/*OH/COHPCAR.lobster
Al16	*OH	Coact-Oads	16	348	1.875883	1.75439	down	0	-0	source_manifest:COHP/PDOS/Al16/*OH/COHPCAR.lobster
Al16	*OH	Coact-Obridge	16	259	2.069958	1.75439	up	0.02632	-0.02632	source_manifest:COHP/PDOS/Al16/*OH/COHPCAR.lobster
Al16	*OH	Coact-Obridge	16	259	2.069958	1.75439	down	0.00744	-0.00744	source_manifest:COHP/PDOS/Al16/*OH/COHPCAR.lobster
Al16	*OH	neighbor-Obridge	51	259	2.112332	1.75439	up	0.05959	-0.05959	source_manifest:COHP/PDOS/Al16/*OH/COHPCAR.lobster
Al16	*OH	neighbor-Obridge	51	259	2.112332	1.75439	down	0.0175	-0.0175	source_manifest:COHP/PDOS/Al16/*OH/COHPCAR.lobster
Al16	*OH	Coact-Oads	16	348	1.875883	1.80451	up	0	-0	source_manifest:COHP/PDOS/Al16/*OH/COHPCAR.lobster
Al16	*OH	Coact-Oads	16	348	1.875883	1.80451	down	0	-0	source_manifest:COHP/PDOS/Al16/*OH/COHPCAR.lobster
Al16	*OH	Coact-Obridge	16	259	2.069958	1.80451	up	0.02067	-0.02067	source_manifest:COHP/PDOS/Al16/*OH/COHPCAR.lobster
Al16	*OH	Coact-Obridge	16	259	2.069958	1.80451	down	0.01043	-0.01043	source_manifest:COHP/PDOS/Al16/*OH/COHPCAR.lobster
Al16	*OH	neighbor-Obridge	51	259	2.112332	1.80451	up	0.01615	-0.01615	source_manifest:COHP/PDOS/Al16/*OH/COHPCAR.lobster
Al16	*OH	neighbor-Obridge	51	259	2.112332	1.80451	down	0.02077	-0.02077	source_manifest:COHP/PDOS/Al16/*OH/COHPCAR.lobster
Al16	*OH	Coact-Oads	16	348	1.875883	1.85464	up	0	-0	source_manifest:COHP/PDOS/Al16/*OH/COHPCAR.lobster
Al16	*OH	Coact-Oads	16	348	1.875883	1.85464	down	0	-0	source_manifest:COHP/PDOS/Al16/*OH/COHPCAR.lobster
Al16	*OH	Coact-Obridge	16	259	2.069958	1.85464	up	0.01959	-0.01959	source_manifest:COHP/PDOS/Al16/*OH/COHPCAR.lobster
Al16	*OH	Coact-Obridge	16	259	2.069958	1.85464	down	0.01683	-0.01683	source_manifest:COHP/PDOS/Al16/*OH/COHPCAR.lobster
Al16	*OH	neighbor-Obridge	51	259	2.112332	1.85464	up	0.00569	-0.00569	source_manifest:COHP/PDOS/Al16/*OH/COHPCAR.lobster
Al16	*OH	neighbor-Obridge	51	259	2.112332	1.85464	down	0.00236	-0.00236	source_manifest:COHP/PDOS/Al16/*OH/COHPCAR.lobster
Al16	*OH	Coact-Oads	16	348	1.875883	1.90476	up	0	-0	source_manifest:COHP/PDOS/Al16/*OH/COHPCAR.lobster
Al16	*OH	Coact-Oads	16	348	1.875883	1.90476	down	0	-0	source_manifest:COHP/PDOS/Al16/*OH/COHPCAR.lobster
Al16	*OH	Coact-Obridge	16	259	2.069958	1.90476	up	0.00983	-0.00983	source_manifest:COHP/PDOS/Al16/*OH/COHPCAR.lobster
Al16	*OH	Coact-Obridge	16	259	2.069958	1.90476	down	0.00905	-0.00905	source_manifest:COHP/PDOS/Al16/*OH/COHPCAR.lobster
Al16	*OH	neighbor-Obridge	51	259	2.112332	1.90476	up	0.00232	-0.00232	source_manifest:COHP/PDOS/Al16/*OH/COHPCAR.lobster
Al16	*OH	neighbor-Obridge	51	259	2.112332	1.90476	down	-0.00026	0.00026	source_manifest:COHP/PDOS/Al16/*OH/COHPCAR.lobster
Al16	*OH	Coact-Oads	16	348	1.875883	1.95489	up	0	-0	source_manifest:COHP/PDOS/Al16/*OH/COHPCAR.lobster
Al16	*OH	Coact-Oads	16	348	1.875883	1.95489	down	0	-0	source_manifest:COHP/PDOS/Al16/*OH/COHPCAR.lobster
Al16	*OH	Coact-Obridge	16	259	2.069958	1.95489	up	0.00212	-0.00212	source_manifest:COHP/PDOS/Al16/*OH/COHPCAR.lobster
Al16	*OH	Coact-Obridge	16	259	2.069958	1.95489	down	0.00123	-0.00123	source_manifest:COHP/PDOS/Al16/*OH/COHPCAR.lobster
Al16	*OH	neighbor-Obridge	51	259	2.112332	1.95489	up	0.02597	-0.02597	source_manifest:COHP/PDOS/Al16/*OH/COHPCAR.lobster
Al16	*OH	neighbor-Obridge	51	259	2.112332	1.95489	down	0.00145	-0.00145	source_manifest:COHP/PDOS/Al16/*OH/COHPCAR.lobster
Al16	*OH	Coact-Oads	16	348	1.875883	2.00501	up	0	-0	source_manifest:COHP/PDOS/Al16/*OH/COHPCAR.lobster
Al16	*OH	Coact-Oads	16	348	1.875883	2.00501	down	0	-0	source_manifest:COHP/PDOS/Al16/*OH/COHPCAR.lobster
Al16	*OH	Coact-Obridge	16	259	2.069958	2.00501	up	0.02158	-0.02158	source_manifest:COHP/PDOS/Al16/*OH/COHPCAR.lobster
Al16	*OH	Coact-Obridge	16	259	2.069958	2.00501	down	0.00629	-0.00629	source_manifest:COHP/PDOS/Al16/*OH/COHPCAR.lobster
Al16	*OH	neighbor-Obridge	51	259	2.112332	2.00501	up	0.4987	-0.4987	source_manifest:COHP/PDOS/Al16/*OH/COHPCAR.lobster
Al16	*OH	neighbor-Obridge	51	259	2.112332	2.00501	down	0.02906	-0.02906	source_manifest:COHP/PDOS/Al16/*OH/COHPCAR.lobster
Al16	*OH	Coact-Oads	16	348	1.875883	2.05514	up	0	-0	source_manifest:COHP/PDOS/Al16/*OH/COHPCAR.lobster
Al16	*OH	Coact-Oads	16	348	1.875883	2.05514	down	0	-0	source_manifest:COHP/PDOS/Al16/*OH/COHPCAR.lobster
Al16	*OH	Coact-Obridge	16	259	2.069958	2.05514	up	0.07371	-0.07371	source_manifest:COHP/PDOS/Al16/*OH/COHPCAR.lobster
Al16	*OH	Coact-Obridge	16	259	2.069958	2.05514	down	0.02162	-0.02162	source_manifest:COHP/PDOS/Al16/*OH/COHPCAR.lobster
Al16	*OH	neighbor-Obridge	51	259	2.112332	2.05514	up	1.68051	-1.68051	source_manifest:COHP/PDOS/Al16/*OH/COHPCAR.lobster
Al16	*OH	neighbor-Obridge	51	259	2.112332	2.05514	down	0.09963	-0.09963	source_manifest:COHP/PDOS/Al16/*OH/COHPCAR.lobster
Al16	*OH	Coact-Oads	16	348	1.875883	2.10526	up	9e-05	-9e-05	source_manifest:COHP/PDOS/Al16/*OH/COHPCAR.lobster
Al16	*OH	Coact-Oads	16	348	1.875883	2.10526	down	0.00013	-0.00013	source_manifest:COHP/PDOS/Al16/*OH/COHPCAR.lobster
Al16	*OH	Coact-Obridge	16	259	2.069958	2.10526	up	0.04948	-0.04948	source_manifest:COHP/PDOS/Al16/*OH/COHPCAR.lobster
Al16	*OH	Coact-Obridge	16	259	2.069958	2.10526	down	0.01622	-0.01622	source_manifest:COHP/PDOS/Al16/*OH/COHPCAR.lobster
Al16	*OH	neighbor-Obridge	51	259	2.112332	2.10526	up	1.07179	-1.07179	source_manifest:COHP/PDOS/Al16/*OH/COHPCAR.lobster
Al16	*OH	neighbor-Obridge	51	259	2.112332	2.10526	down	0.06874	-0.06874	source_manifest:COHP/PDOS/Al16/*OH/COHPCAR.lobster
Al16	*OH	Coact-Oads	16	348	1.875883	2.15539	up	0.00541	-0.00541	source_manifest:COHP/PDOS/Al16/*OH/COHPCAR.lobster
Al16	*OH	Coact-Oads	16	348	1.875883	2.15539	down	0.00758	-0.00758	source_manifest:COHP/PDOS/Al16/*OH/COHPCAR.lobster
Al16	*OH	Coact-Obridge	16	259	2.069958	2.15539	up	0.00744	-0.00744	source_manifest:COHP/PDOS/Al16/*OH/COHPCAR.lobster
Al16	*OH	Coact-Obridge	16	259	2.069958	2.15539	down	0.01099	-0.01099	source_manifest:COHP/PDOS/Al16/*OH/COHPCAR.lobster
Al16	*OH	neighbor-Obridge	51	259	2.112332	2.15539	up	0.16949	-0.16949	source_manifest:COHP/PDOS/Al16/*OH/COHPCAR.lobster
Al16	*OH	neighbor-Obridge	51	259	2.112332	2.15539	down	0.02062	-0.02062	source_manifest:COHP/PDOS/Al16/*OH/COHPCAR.lobster
Al16	*OH	Coact-Oads	16	348	1.875883	2.20551	up	0.05815	-0.05815	source_manifest:COHP/PDOS/Al16/*OH/COHPCAR.lobster
Al16	*OH	Coact-Oads	16	348	1.875883	2.20551	down	0.08104	-0.08104	source_manifest:COHP/PDOS/Al16/*OH/COHPCAR.lobster
Al16	*OH	Coact-Obridge	16	259	2.069958	2.20551	up	0.01552	-0.01552	source_manifest:COHP/PDOS/Al16/*OH/COHPCAR.lobster
Al16	*OH	Coact-Obridge	16	259	2.069958	2.20551	down	0.02166	-0.02166	source_manifest:COHP/PDOS/Al16/*OH/COHPCAR.lobster
Al16	*OH	neighbor-Obridge	51	259	2.112332	2.20551	up	0.08315	-0.08315	source_manifest:COHP/PDOS/Al16/*OH/COHPCAR.lobster
Al16	*OH	neighbor-Obridge	51	259	2.112332	2.20551	down	0.03384	-0.03384	source_manifest:COHP/PDOS/Al16/*OH/COHPCAR.lobster
Al16	*OH	Coact-Oads	16	348	1.875883	2.25564	up	0.13195	-0.13195	source_manifest:COHP/PDOS/Al16/*OH/COHPCAR.lobster
Al16	*OH	Coact-Oads	16	348	1.875883	2.25564	down	0.18275	-0.18275	source_manifest:COHP/PDOS/Al16/*OH/COHPCAR.lobster
Al16	*OH	Coact-Obridge	16	259	2.069958	2.25564	up	0.05846	-0.05846	source_manifest:COHP/PDOS/Al16/*OH/COHPCAR.lobster
Al16	*OH	Coact-Obridge	16	259	2.069958	2.25564	down	0.04772	-0.04772	source_manifest:COHP/PDOS/Al16/*OH/COHPCAR.lobster
Al16	*OH	neighbor-Obridge	51	259	2.112332	2.25564	up	0.14917	-0.14917	source_manifest:COHP/PDOS/Al16/*OH/COHPCAR.lobster
Al16	*OH	neighbor-Obridge	51	259	2.112332	2.25564	down	0.08739	-0.08739	source_manifest:COHP/PDOS/Al16/*OH/COHPCAR.lobster
Al16	*OH	Coact-Oads	16	348	1.875883	2.30576	up	0.06648	-0.06648	source_manifest:COHP/PDOS/Al16/*OH/COHPCAR.lobster
Al16	*OH	Coact-Oads	16	348	1.875883	2.30576	down	0.09155	-0.09155	source_manifest:COHP/PDOS/Al16/*OH/COHPCAR.lobster
Al16	*OH	Coact-Obridge	16	259	2.069958	2.30576	up	0.1229	-0.1229	source_manifest:COHP/PDOS/Al16/*OH/COHPCAR.lobster
Al16	*OH	Coact-Obridge	16	259	2.069958	2.30576	down	0.0949	-0.0949	source_manifest:COHP/PDOS/Al16/*OH/COHPCAR.lobster
Al16	*OH	neighbor-Obridge	51	259	2.112332	2.30576	up	0.2291	-0.2291	source_manifest:COHP/PDOS/Al16/*OH/COHPCAR.lobster
Al16	*OH	neighbor-Obridge	51	259	2.112332	2.30576	down	0.1816	-0.1816	source_manifest:COHP/PDOS/Al16/*OH/COHPCAR.lobster
Al16	*OH	Coact-Oads	16	348	1.875883	2.35589	up	0.00707	-0.00707	source_manifest:COHP/PDOS/Al16/*OH/COHPCAR.lobster
Al16	*OH	Coact-Oads	16	348	1.875883	2.35589	down	0.00953	-0.00953	source_manifest:COHP/PDOS/Al16/*OH/COHPCAR.lobster
Al16	*OH	Coact-Obridge	16	259	2.069958	2.35589	up	0.0997	-0.0997	source_manifest:COHP/PDOS/Al16/*OH/COHPCAR.lobster
Al16	*OH	Coact-Obridge	16	259	2.069958	2.35589	down	0.09349	-0.09349	source_manifest:COHP/PDOS/Al16/*OH/COHPCAR.lobster
Al16	*OH	neighbor-Obridge	51	259	2.112332	2.35589	up	0.19783	-0.19783	source_manifest:COHP/PDOS/Al16/*OH/COHPCAR.lobster
Al16	*OH	neighbor-Obridge	51	259	2.112332	2.35589	down	0.15565	-0.15565	source_manifest:COHP/PDOS/Al16/*OH/COHPCAR.lobster
Al16	*OH	Coact-Oads	16	348	1.875883	2.40602	up	0.00252	-0.00252	source_manifest:COHP/PDOS/Al16/*OH/COHPCAR.lobster
Al16	*OH	Coact-Oads	16	348	1.875883	2.40602	down	0.00065	-0.00065	source_manifest:COHP/PDOS/Al16/*OH/COHPCAR.lobster
Al16	*OH	Coact-Obridge	16	259	2.069958	2.40602	up	0.04793	-0.04793	source_manifest:COHP/PDOS/Al16/*OH/COHPCAR.lobster
Al16	*OH	Coact-Obridge	16	259	2.069958	2.40602	down	0.08845	-0.08845	source_manifest:COHP/PDOS/Al16/*OH/COHPCAR.lobster
Al16	*OH	neighbor-Obridge	51	259	2.112332	2.40602	up	0.1436	-0.1436	source_manifest:COHP/PDOS/Al16/*OH/COHPCAR.lobster
Al16	*OH	neighbor-Obridge	51	259	2.112332	2.40602	down	0.09223	-0.09223	source_manifest:COHP/PDOS/Al16/*OH/COHPCAR.lobster
Al16	*OH	Coact-Oads	16	348	1.875883	2.45614	up	0.00852	-0.00852	source_manifest:COHP/PDOS/Al16/*OH/COHPCAR.lobster
Al16	*OH	Coact-Oads	16	348	1.875883	2.45614	down	0.00209	-0.00209	source_manifest:COHP/PDOS/Al16/*OH/COHPCAR.lobster
Al16	*OH	Coact-Obridge	16	259	2.069958	2.45614	up	0.02783	-0.02783	source_manifest:COHP/PDOS/Al16/*OH/COHPCAR.lobster
Al16	*OH	Coact-Obridge	16	259	2.069958	2.45614	down	0.04188	-0.04188	source_manifest:COHP/PDOS/Al16/*OH/COHPCAR.lobster
Al16	*OH	neighbor-Obridge	51	259	2.112332	2.45614	up	0.05487	-0.05487	source_manifest:COHP/PDOS/Al16/*OH/COHPCAR.lobster
Al16	*OH	neighbor-Obridge	51	259	2.112332	2.45614	down	0.03911	-0.03911	source_manifest:COHP/PDOS/Al16/*OH/COHPCAR.lobster
Al16	*OH	Coact-Oads	16	348	1.875883	2.50627	up	0.01399	-0.01399	source_manifest:COHP/PDOS/Al16/*OH/COHPCAR.lobster
Al16	*OH	Coact-Oads	16	348	1.875883	2.50627	down	0.00507	-0.00507	source_manifest:COHP/PDOS/Al16/*OH/COHPCAR.lobster
Al16	*OH	Coact-Obridge	16	259	2.069958	2.50627	up	0.02184	-0.02184	source_manifest:COHP/PDOS/Al16/*OH/COHPCAR.lobster
Al16	*OH	Coact-Obridge	16	259	2.069958	2.50627	down	0.01202	-0.01202	source_manifest:COHP/PDOS/Al16/*OH/COHPCAR.lobster
Al16	*OH	neighbor-Obridge	51	259	2.112332	2.50627	up	0.00903	-0.00903	source_manifest:COHP/PDOS/Al16/*OH/COHPCAR.lobster
Al16	*OH	neighbor-Obridge	51	259	2.112332	2.50627	down	0.01889	-0.01889	source_manifest:COHP/PDOS/Al16/*OH/COHPCAR.lobster
Al16	*OH	Coact-Oads	16	348	1.875883	2.55639	up	0.01063	-0.01063	source_manifest:COHP/PDOS/Al16/*OH/COHPCAR.lobster
Al16	*OH	Coact-Oads	16	348	1.875883	2.55639	down	0.00442	-0.00442	source_manifest:COHP/PDOS/Al16/*OH/COHPCAR.lobster
Al16	*OH	Coact-Obridge	16	259	2.069958	2.55639	up	0.04573	-0.04573	source_manifest:COHP/PDOS/Al16/*OH/COHPCAR.lobster
Al16	*OH	Coact-Obridge	16	259	2.069958	2.55639	down	0.02071	-0.02071	source_manifest:COHP/PDOS/Al16/*OH/COHPCAR.lobster
Al16	*OH	neighbor-Obridge	51	259	2.112332	2.55639	up	0.00942	-0.00942	source_manifest:COHP/PDOS/Al16/*OH/COHPCAR.lobster
Al16	*OH	neighbor-Obridge	51	259	2.112332	2.55639	down	0.03394	-0.03394	source_manifest:COHP/PDOS/Al16/*OH/COHPCAR.lobster
Al16	*OH	Coact-Oads	16	348	1.875883	2.60652	up	0.00784	-0.00784	source_manifest:COHP/PDOS/Al16/*OH/COHPCAR.lobster
Al16	*OH	Coact-Oads	16	348	1.875883	2.60652	down	0.00945	-0.00945	source_manifest:COHP/PDOS/Al16/*OH/COHPCAR.lobster
Al16	*OH	Coact-Obridge	16	259	2.069958	2.60652	up	0.05152	-0.05152	source_manifest:COHP/PDOS/Al16/*OH/COHPCAR.lobster
Al16	*OH	Coact-Obridge	16	259	2.069958	2.60652	down	0.04177	-0.04177	source_manifest:COHP/PDOS/Al16/*OH/COHPCAR.lobster
Al16	*OH	neighbor-Obridge	51	259	2.112332	2.60652	up	0.00761	-0.00761	source_manifest:COHP/PDOS/Al16/*OH/COHPCAR.lobster
Al16	*OH	neighbor-Obridge	51	259	2.112332	2.60652	down	0.04235	-0.04235	source_manifest:COHP/PDOS/Al16/*OH/COHPCAR.lobster
Al16	*OH	Coact-Oads	16	348	1.875883	2.65664	up	0.08932	-0.08932	source_manifest:COHP/PDOS/Al16/*OH/COHPCAR.lobster
Al16	*OH	Coact-Oads	16	348	1.875883	2.65664	down	0.12822	-0.12822	source_manifest:COHP/PDOS/Al16/*OH/COHPCAR.lobster
Al16	*OH	Coact-Obridge	16	259	2.069958	2.65664	up	0.0914	-0.0914	source_manifest:COHP/PDOS/Al16/*OH/COHPCAR.lobster
Al16	*OH	Coact-Obridge	16	259	2.069958	2.65664	down	0.10805	-0.10805	source_manifest:COHP/PDOS/Al16/*OH/COHPCAR.lobster
Al16	*OH	neighbor-Obridge	51	259	2.112332	2.65664	up	0.01474	-0.01474	source_manifest:COHP/PDOS/Al16/*OH/COHPCAR.lobster
Al16	*OH	neighbor-Obridge	51	259	2.112332	2.65664	down	0.08167	-0.08167	source_manifest:COHP/PDOS/Al16/*OH/COHPCAR.lobster
Al16	*OH	Coact-Oads	16	348	1.875883	2.70677	up	0.2336	-0.2336	source_manifest:COHP/PDOS/Al16/*OH/COHPCAR.lobster
Al16	*OH	Coact-Oads	16	348	1.875883	2.70677	down	0.33546	-0.33546	source_manifest:COHP/PDOS/Al16/*OH/COHPCAR.lobster
Al16	*OH	Coact-Obridge	16	259	2.069958	2.70677	up	0.13642	-0.13642	source_manifest:COHP/PDOS/Al16/*OH/COHPCAR.lobster
Al16	*OH	Coact-Obridge	16	259	2.069958	2.70677	down	0.11908	-0.11908	source_manifest:COHP/PDOS/Al16/*OH/COHPCAR.lobster
Al16	*OH	neighbor-Obridge	51	259	2.112332	2.70677	up	0.04508	-0.04508	source_manifest:COHP/PDOS/Al16/*OH/COHPCAR.lobster
Al16	*OH	neighbor-Obridge	51	259	2.112332	2.70677	down	0.10471	-0.10471	source_manifest:COHP/PDOS/Al16/*OH/COHPCAR.lobster
Al16	*OH	Coact-Oads	16	348	1.875883	2.75689	up	0.11522	-0.11522	source_manifest:COHP/PDOS/Al16/*OH/COHPCAR.lobster
Al16	*OH	Coact-Oads	16	348	1.875883	2.75689	down	0.16807	-0.16807	source_manifest:COHP/PDOS/Al16/*OH/COHPCAR.lobster
Al16	*OH	Coact-Obridge	16	259	2.069958	2.75689	up	0.17289	-0.17289	source_manifest:COHP/PDOS/Al16/*OH/COHPCAR.lobster
Al16	*OH	Coact-Obridge	16	259	2.069958	2.75689	down	0.13214	-0.13214	source_manifest:COHP/PDOS/Al16/*OH/COHPCAR.lobster
Al16	*OH	neighbor-Obridge	51	259	2.112332	2.75689	up	0.07675	-0.07675	source_manifest:COHP/PDOS/Al16/*OH/COHPCAR.lobster
Al16	*OH	neighbor-Obridge	51	259	2.112332	2.75689	down	0.1929	-0.1929	source_manifest:COHP/PDOS/Al16/*OH/COHPCAR.lobster
Al16	*OH	Coact-Oads	16	348	1.875883	2.80702	up	0.02322	-0.02322	source_manifest:COHP/PDOS/Al16/*OH/COHPCAR.lobster
Al16	*OH	Coact-Oads	16	348	1.875883	2.80702	down	0.04805	-0.04805	source_manifest:COHP/PDOS/Al16/*OH/COHPCAR.lobster
Al16	*OH	Coact-Obridge	16	259	2.069958	2.80702	up	0.15028	-0.15028	source_manifest:COHP/PDOS/Al16/*OH/COHPCAR.lobster
Al16	*OH	Coact-Obridge	16	259	2.069958	2.80702	down	0.17379	-0.17379	source_manifest:COHP/PDOS/Al16/*OH/COHPCAR.lobster
Al16	*OH	neighbor-Obridge	51	259	2.112332	2.80702	up	0.06736	-0.06736	source_manifest:COHP/PDOS/Al16/*OH/COHPCAR.lobster
Al16	*OH	neighbor-Obridge	51	259	2.112332	2.80702	down	0.28828	-0.28828	source_manifest:COHP/PDOS/Al16/*OH/COHPCAR.lobster
Al16	*OH	Coact-Oads	16	348	1.875883	2.85714	up	0.05095	-0.05095	source_manifest:COHP/PDOS/Al16/*OH/COHPCAR.lobster
Al16	*OH	Coact-Oads	16	348	1.875883	2.85714	down	0.06032	-0.06032	source_manifest:COHP/PDOS/Al16/*OH/COHPCAR.lobster
Al16	*OH	Coact-Obridge	16	259	2.069958	2.85714	up	0.05495	-0.05495	source_manifest:COHP/PDOS/Al16/*OH/COHPCAR.lobster
Al16	*OH	Coact-Obridge	16	259	2.069958	2.85714	down	0.09153	-0.09153	source_manifest:COHP/PDOS/Al16/*OH/COHPCAR.lobster
Al16	*OH	neighbor-Obridge	51	259	2.112332	2.85714	up	0.06504	-0.06504	source_manifest:COHP/PDOS/Al16/*OH/COHPCAR.lobster
Al16	*OH	neighbor-Obridge	51	259	2.112332	2.85714	down	0.20437	-0.20437	source_manifest:COHP/PDOS/Al16/*OH/COHPCAR.lobster
Al16	*OH	Coact-Oads	16	348	1.875883	2.90727	up	0.10593	-0.10593	source_manifest:COHP/PDOS/Al16/*OH/COHPCAR.lobster
Al16	*OH	Coact-Oads	16	348	1.875883	2.90727	down	0.06539	-0.06539	source_manifest:COHP/PDOS/Al16/*OH/COHPCAR.lobster
Al16	*OH	Coact-Obridge	16	259	2.069958	2.90727	up	0.02093	-0.02093	source_manifest:COHP/PDOS/Al16/*OH/COHPCAR.lobster
Al16	*OH	Coact-Obridge	16	259	2.069958	2.90727	down	0.0508	-0.0508	source_manifest:COHP/PDOS/Al16/*OH/COHPCAR.lobster
Al16	*OH	neighbor-Obridge	51	259	2.112332	2.90727	up	0.08708	-0.08708	source_manifest:COHP/PDOS/Al16/*OH/COHPCAR.lobster
Al16	*OH	neighbor-Obridge	51	259	2.112332	2.90727	down	0.3055	-0.3055	source_manifest:COHP/PDOS/Al16/*OH/COHPCAR.lobster
Al16	*OH	Coact-Oads	16	348	1.875883	2.95739	up	0.09936	-0.09936	source_manifest:COHP/PDOS/Al16/*OH/COHPCAR.lobster
Al16	*OH	Coact-Oads	16	348	1.875883	2.95739	down	0.07941	-0.07941	source_manifest:COHP/PDOS/Al16/*OH/COHPCAR.lobster
Al16	*OH	Coact-Obridge	16	259	2.069958	2.95739	up	0.01445	-0.01445	source_manifest:COHP/PDOS/Al16/*OH/COHPCAR.lobster
Al16	*OH	Coact-Obridge	16	259	2.069958	2.95739	down	0.05439	-0.05439	source_manifest:COHP/PDOS/Al16/*OH/COHPCAR.lobster
Al16	*OH	neighbor-Obridge	51	259	2.112332	2.95739	up	0.10712	-0.10712	source_manifest:COHP/PDOS/Al16/*OH/COHPCAR.lobster
Al16	*OH	neighbor-Obridge	51	259	2.112332	2.95739	down	0.35433	-0.35433	source_manifest:COHP/PDOS/Al16/*OH/COHPCAR.lobster
Al16	*OH	Coact-Oads	16	348	1.875883	3.00752	up	0.05296	-0.05296	source_manifest:COHP/PDOS/Al16/*OH/COHPCAR.lobster
Al16	*OH	Coact-Oads	16	348	1.875883	3.00752	down	0.08563	-0.08563	source_manifest:COHP/PDOS/Al16/*OH/COHPCAR.lobster
Al16	*OH	Coact-Obridge	16	259	2.069958	3.00752	up	0.03334	-0.03334	source_manifest:COHP/PDOS/Al16/*OH/COHPCAR.lobster
Al16	*OH	Coact-Obridge	16	259	2.069958	3.00752	down	0.11289	-0.11289	source_manifest:COHP/PDOS/Al16/*OH/COHPCAR.lobster
Al16	*OH	neighbor-Obridge	51	259	2.112332	3.00752	up	0.11524	-0.11524	source_manifest:COHP/PDOS/Al16/*OH/COHPCAR.lobster
Al16	*OH	neighbor-Obridge	51	259	2.112332	3.00752	down	0.18815	-0.18815	source_manifest:COHP/PDOS/Al16/*OH/COHPCAR.lobster
Al16	*OH	Coact-Oads	16	348	1.875883	3.05764	up	0.07629	-0.07629	source_manifest:COHP/PDOS/Al16/*OH/COHPCAR.lobster
Al16	*OH	Coact-Oads	16	348	1.875883	3.05764	down	0.09003	-0.09003	source_manifest:COHP/PDOS/Al16/*OH/COHPCAR.lobster
Al16	*OH	Coact-Obridge	16	259	2.069958	3.05764	up	0.05746	-0.05746	source_manifest:COHP/PDOS/Al16/*OH/COHPCAR.lobster
Al16	*OH	Coact-Obridge	16	259	2.069958	3.05764	down	0.15428	-0.15428	source_manifest:COHP/PDOS/Al16/*OH/COHPCAR.lobster
Al16	*OH	neighbor-Obridge	51	259	2.112332	3.05764	up	0.12693	-0.12693	source_manifest:COHP/PDOS/Al16/*OH/COHPCAR.lobster
Al16	*OH	neighbor-Obridge	51	259	2.112332	3.05764	down	0.09725	-0.09725	source_manifest:COHP/PDOS/Al16/*OH/COHPCAR.lobster
Al16	*OH	Coact-Oads	16	348	1.875883	3.10777	up	0.14087	-0.14087	source_manifest:COHP/PDOS/Al16/*OH/COHPCAR.lobster
Al16	*OH	Coact-Oads	16	348	1.875883	3.10777	down	0.09136	-0.09136	source_manifest:COHP/PDOS/Al16/*OH/COHPCAR.lobster
Al16	*OH	Coact-Obridge	16	259	2.069958	3.10777	up	0.07285	-0.07285	source_manifest:COHP/PDOS/Al16/*OH/COHPCAR.lobster
Al16	*OH	Coact-Obridge	16	259	2.069958	3.10777	down	0.09135	-0.09135	source_manifest:COHP/PDOS/Al16/*OH/COHPCAR.lobster
Al16	*OH	neighbor-Obridge	51	259	2.112332	3.10777	up	0.10161	-0.10161	source_manifest:COHP/PDOS/Al16/*OH/COHPCAR.lobster
Al16	*OH	neighbor-Obridge	51	259	2.112332	3.10777	down	0.12838	-0.12838	source_manifest:COHP/PDOS/Al16/*OH/COHPCAR.lobster
Al16	*OH	Coact-Oads	16	348	1.875883	3.15789	up	0.1587	-0.1587	source_manifest:COHP/PDOS/Al16/*OH/COHPCAR.lobster
Al16	*OH	Coact-Oads	16	348	1.875883	3.15789	down	0.06744	-0.06744	source_manifest:COHP/PDOS/Al16/*OH/COHPCAR.lobster
Al16	*OH	Coact-Obridge	16	259	2.069958	3.15789	up	0.10312	-0.10312	source_manifest:COHP/PDOS/Al16/*OH/COHPCAR.lobster
Al16	*OH	Coact-Obridge	16	259	2.069958	3.15789	down	0.09093	-0.09093	source_manifest:COHP/PDOS/Al16/*OH/COHPCAR.lobster
Al16	*OH	neighbor-Obridge	51	259	2.112332	3.15789	up	0.06949	-0.06949	source_manifest:COHP/PDOS/Al16/*OH/COHPCAR.lobster
Al16	*OH	neighbor-Obridge	51	259	2.112332	3.15789	down	0.15631	-0.15631	source_manifest:COHP/PDOS/Al16/*OH/COHPCAR.lobster
Al16	*OH	Coact-Oads	16	348	1.875883	3.20802	up	0.12583	-0.12583	source_manifest:COHP/PDOS/Al16/*OH/COHPCAR.lobster
Al16	*OH	Coact-Oads	16	348	1.875883	3.20802	down	0.03874	-0.03874	source_manifest:COHP/PDOS/Al16/*OH/COHPCAR.lobster
Al16	*OH	Coact-Obridge	16	259	2.069958	3.20802	up	0.13258	-0.13258	source_manifest:COHP/PDOS/Al16/*OH/COHPCAR.lobster
Al16	*OH	Coact-Obridge	16	259	2.069958	3.20802	down	0.1495	-0.1495	source_manifest:COHP/PDOS/Al16/*OH/COHPCAR.lobster
Al16	*OH	neighbor-Obridge	51	259	2.112332	3.20802	up	0.06207	-0.06207	source_manifest:COHP/PDOS/Al16/*OH/COHPCAR.lobster
Al16	*OH	neighbor-Obridge	51	259	2.112332	3.20802	down	0.12643	-0.12643	source_manifest:COHP/PDOS/Al16/*OH/COHPCAR.lobster
Al16	*OH	Coact-Oads	16	348	1.875883	3.25815	up	0.09507	-0.09507	source_manifest:COHP/PDOS/Al16/*OH/COHPCAR.lobster
Al16	*OH	Coact-Oads	16	348	1.875883	3.25815	down	0.01768	-0.01768	source_manifest:COHP/PDOS/Al16/*OH/COHPCAR.lobster
Al16	*OH	Coact-Obridge	16	259	2.069958	3.25815	up	0.11958	-0.11958	source_manifest:COHP/PDOS/Al16/*OH/COHPCAR.lobster
Al16	*OH	Coact-Obridge	16	259	2.069958	3.25815	down	0.1552	-0.1552	source_manifest:COHP/PDOS/Al16/*OH/COHPCAR.lobster
Al16	*OH	neighbor-Obridge	51	259	2.112332	3.25815	up	0.06189	-0.06189	source_manifest:COHP/PDOS/Al16/*OH/COHPCAR.lobster
Al16	*OH	neighbor-Obridge	51	259	2.112332	3.25815	down	0.10464	-0.10464	source_manifest:COHP/PDOS/Al16/*OH/COHPCAR.lobster
Al16	*OH	Coact-Oads	16	348	1.875883	3.30827	up	0.03476	-0.03476	source_manifest:COHP/PDOS/Al16/*OH/COHPCAR.lobster
Al16	*OH	Coact-Oads	16	348	1.875883	3.30827	down	0.0041	-0.0041	source_manifest:COHP/PDOS/Al16/*OH/COHPCAR.lobster
Al16	*OH	Coact-Obridge	16	259	2.069958	3.30827	up	0.18368	-0.18368	source_manifest:COHP/PDOS/Al16/*OH/COHPCAR.lobster
Al16	*OH	Coact-Obridge	16	259	2.069958	3.30827	down	0.23429	-0.23429	source_manifest:COHP/PDOS/Al16/*OH/COHPCAR.lobster
Al16	*OH	neighbor-Obridge	51	259	2.112332	3.30827	up	0.04155	-0.04155	source_manifest:COHP/PDOS/Al16/*OH/COHPCAR.lobster
Al16	*OH	neighbor-Obridge	51	259	2.112332	3.30827	down	0.08136	-0.08136	source_manifest:COHP/PDOS/Al16/*OH/COHPCAR.lobster
Al16	*OH	Coact-Oads	16	348	1.875883	3.35840	up	0.0242	-0.0242	source_manifest:COHP/PDOS/Al16/*OH/COHPCAR.lobster
Al16	*OH	Coact-Oads	16	348	1.875883	3.35840	down	0.00407	-0.00407	source_manifest:COHP/PDOS/Al16/*OH/COHPCAR.lobster
Al16	*OH	Coact-Obridge	16	259	2.069958	3.35840	up	0.25817	-0.25817	source_manifest:COHP/PDOS/Al16/*OH/COHPCAR.lobster
Al16	*OH	Coact-Obridge	16	259	2.069958	3.35840	down	0.31875	-0.31875	source_manifest:COHP/PDOS/Al16/*OH/COHPCAR.lobster
Al16	*OH	neighbor-Obridge	51	259	2.112332	3.35840	up	0.03296	-0.03296	source_manifest:COHP/PDOS/Al16/*OH/COHPCAR.lobster
Al16	*OH	neighbor-Obridge	51	259	2.112332	3.35840	down	0.0907	-0.0907	source_manifest:COHP/PDOS/Al16/*OH/COHPCAR.lobster
Al16	*OH	Coact-Oads	16	348	1.875883	3.40852	up	0.01611	-0.01611	source_manifest:COHP/PDOS/Al16/*OH/COHPCAR.lobster
Al16	*OH	Coact-Oads	16	348	1.875883	3.40852	down	0.00457	-0.00457	source_manifest:COHP/PDOS/Al16/*OH/COHPCAR.lobster
Al16	*OH	Coact-Obridge	16	259	2.069958	3.40852	up	0.32095	-0.32095	source_manifest:COHP/PDOS/Al16/*OH/COHPCAR.lobster
Al16	*OH	Coact-Obridge	16	259	2.069958	3.40852	down	0.47953	-0.47953	source_manifest:COHP/PDOS/Al16/*OH/COHPCAR.lobster
Al16	*OH	neighbor-Obridge	51	259	2.112332	3.40852	up	0.03271	-0.03271	source_manifest:COHP/PDOS/Al16/*OH/COHPCAR.lobster
Al16	*OH	neighbor-Obridge	51	259	2.112332	3.40852	down	0.08459	-0.08459	source_manifest:COHP/PDOS/Al16/*OH/COHPCAR.lobster
Al16	*OH	Coact-Oads	16	348	1.875883	3.45865	up	0.02928	-0.02928	source_manifest:COHP/PDOS/Al16/*OH/COHPCAR.lobster
Al16	*OH	Coact-Oads	16	348	1.875883	3.45865	down	0.03172	-0.03172	source_manifest:COHP/PDOS/Al16/*OH/COHPCAR.lobster
Al16	*OH	Coact-Obridge	16	259	2.069958	3.45865	up	0.32056	-0.32056	source_manifest:COHP/PDOS/Al16/*OH/COHPCAR.lobster
Al16	*OH	Coact-Obridge	16	259	2.069958	3.45865	down	0.50033	-0.50033	source_manifest:COHP/PDOS/Al16/*OH/COHPCAR.lobster
Al16	*OH	neighbor-Obridge	51	259	2.112332	3.45865	up	0.0554	-0.0554	source_manifest:COHP/PDOS/Al16/*OH/COHPCAR.lobster
Al16	*OH	neighbor-Obridge	51	259	2.112332	3.45865	down	0.04852	-0.04852	source_manifest:COHP/PDOS/Al16/*OH/COHPCAR.lobster
Al16	*OH	Coact-Oads	16	348	1.875883	3.50877	up	0.0982	-0.0982	source_manifest:COHP/PDOS/Al16/*OH/COHPCAR.lobster
Al16	*OH	Coact-Oads	16	348	1.875883	3.50877	down	0.10072	-0.10072	source_manifest:COHP/PDOS/Al16/*OH/COHPCAR.lobster
Al16	*OH	Coact-Obridge	16	259	2.069958	3.50877	up	0.17108	-0.17108	source_manifest:COHP/PDOS/Al16/*OH/COHPCAR.lobster
Al16	*OH	Coact-Obridge	16	259	2.069958	3.50877	down	0.26058	-0.26058	source_manifest:COHP/PDOS/Al16/*OH/COHPCAR.lobster
Al16	*OH	neighbor-Obridge	51	259	2.112332	3.50877	up	0.13679	-0.13679	source_manifest:COHP/PDOS/Al16/*OH/COHPCAR.lobster
Al16	*OH	neighbor-Obridge	51	259	2.112332	3.50877	down	0.06335	-0.06335	source_manifest:COHP/PDOS/Al16/*OH/COHPCAR.lobster
Al16	*OH	Coact-Oads	16	348	1.875883	3.55890	up	0.14259	-0.14259	source_manifest:COHP/PDOS/Al16/*OH/COHPCAR.lobster
Al16	*OH	Coact-Oads	16	348	1.875883	3.55890	down	0.10505	-0.10505	source_manifest:COHP/PDOS/Al16/*OH/COHPCAR.lobster
Al16	*OH	Coact-Obridge	16	259	2.069958	3.55890	up	0.12545	-0.12545	source_manifest:COHP/PDOS/Al16/*OH/COHPCAR.lobster
Al16	*OH	Coact-Obridge	16	259	2.069958	3.55890	down	0.20947	-0.20947	source_manifest:COHP/PDOS/Al16/*OH/COHPCAR.lobster
Al16	*OH	neighbor-Obridge	51	259	2.112332	3.55890	up	0.15426	-0.15426	source_manifest:COHP/PDOS/Al16/*OH/COHPCAR.lobster
Al16	*OH	neighbor-Obridge	51	259	2.112332	3.55890	down	0.0955	-0.0955	source_manifest:COHP/PDOS/Al16/*OH/COHPCAR.lobster
Al16	*OH	Coact-Oads	16	348	1.875883	3.60902	up	0.16486	-0.16486	source_manifest:COHP/PDOS/Al16/*OH/COHPCAR.lobster
Al16	*OH	Coact-Oads	16	348	1.875883	3.60902	down	0.09408	-0.09408	source_manifest:COHP/PDOS/Al16/*OH/COHPCAR.lobster
Al16	*OH	Coact-Obridge	16	259	2.069958	3.60902	up	0.11267	-0.11267	source_manifest:COHP/PDOS/Al16/*OH/COHPCAR.lobster
Al16	*OH	Coact-Obridge	16	259	2.069958	3.60902	down	0.1767	-0.1767	source_manifest:COHP/PDOS/Al16/*OH/COHPCAR.lobster
Al16	*OH	neighbor-Obridge	51	259	2.112332	3.60902	up	0.10713	-0.10713	source_manifest:COHP/PDOS/Al16/*OH/COHPCAR.lobster
Al16	*OH	neighbor-Obridge	51	259	2.112332	3.60902	down	0.09995	-0.09995	source_manifest:COHP/PDOS/Al16/*OH/COHPCAR.lobster
Al16	*OH	Coact-Oads	16	348	1.875883	3.65915	up	0.16335	-0.16335	source_manifest:COHP/PDOS/Al16/*OH/COHPCAR.lobster
Al16	*OH	Coact-Oads	16	348	1.875883	3.65915	down	0.15972	-0.15972	source_manifest:COHP/PDOS/Al16/*OH/COHPCAR.lobster
Al16	*OH	Coact-Obridge	16	259	2.069958	3.65915	up	0.12585	-0.12585	source_manifest:COHP/PDOS/Al16/*OH/COHPCAR.lobster
Al16	*OH	Coact-Obridge	16	259	2.069958	3.65915	down	0.14945	-0.14945	source_manifest:COHP/PDOS/Al16/*OH/COHPCAR.lobster
Al16	*OH	neighbor-Obridge	51	259	2.112332	3.65915	up	0.10501	-0.10501	source_manifest:COHP/PDOS/Al16/*OH/COHPCAR.lobster
Al16	*OH	neighbor-Obridge	51	259	2.112332	3.65915	down	0.0627	-0.0627	source_manifest:COHP/PDOS/Al16/*OH/COHPCAR.lobster
Al16	*OH	Coact-Oads	16	348	1.875883	3.70927	up	0.15036	-0.15036	source_manifest:COHP/PDOS/Al16/*OH/COHPCAR.lobster
Al16	*OH	Coact-Oads	16	348	1.875883	3.70927	down	0.19012	-0.19012	source_manifest:COHP/PDOS/Al16/*OH/COHPCAR.lobster
Al16	*OH	Coact-Obridge	16	259	2.069958	3.70927	up	0.12486	-0.12486	source_manifest:COHP/PDOS/Al16/*OH/COHPCAR.lobster
Al16	*OH	Coact-Obridge	16	259	2.069958	3.70927	down	0.12852	-0.12852	source_manifest:COHP/PDOS/Al16/*OH/COHPCAR.lobster
Al16	*OH	neighbor-Obridge	51	259	2.112332	3.70927	up	0.09671	-0.09671	source_manifest:COHP/PDOS/Al16/*OH/COHPCAR.lobster
Al16	*OH	neighbor-Obridge	51	259	2.112332	3.70927	down	0.04521	-0.04521	source_manifest:COHP/PDOS/Al16/*OH/COHPCAR.lobster
Al16	*OH	Coact-Oads	16	348	1.875883	3.75940	up	0.21455	-0.21455	source_manifest:COHP/PDOS/Al16/*OH/COHPCAR.lobster
Al16	*OH	Coact-Oads	16	348	1.875883	3.75940	down	0.1429	-0.1429	source_manifest:COHP/PDOS/Al16/*OH/COHPCAR.lobster
Al16	*OH	Coact-Obridge	16	259	2.069958	3.75940	up	0.14059	-0.14059	source_manifest:COHP/PDOS/Al16/*OH/COHPCAR.lobster
Al16	*OH	Coact-Obridge	16	259	2.069958	3.75940	down	0.13241	-0.13241	source_manifest:COHP/PDOS/Al16/*OH/COHPCAR.lobster
Al16	*OH	neighbor-Obridge	51	259	2.112332	3.75940	up	0.0924	-0.0924	source_manifest:COHP/PDOS/Al16/*OH/COHPCAR.lobster
Al16	*OH	neighbor-Obridge	51	259	2.112332	3.75940	down	0.0501	-0.0501	source_manifest:COHP/PDOS/Al16/*OH/COHPCAR.lobster
Al16	*OH	Coact-Oads	16	348	1.875883	3.80952	up	0.33957	-0.33957	source_manifest:COHP/PDOS/Al16/*OH/COHPCAR.lobster
Al16	*OH	Coact-Oads	16	348	1.875883	3.80952	down	0.17746	-0.17746	source_manifest:COHP/PDOS/Al16/*OH/COHPCAR.lobster
Al16	*OH	Coact-Obridge	16	259	2.069958	3.80952	up	0.17775	-0.17775	source_manifest:COHP/PDOS/Al16/*OH/COHPCAR.lobster
Al16	*OH	Coact-Obridge	16	259	2.069958	3.80952	down	0.17066	-0.17066	source_manifest:COHP/PDOS/Al16/*OH/COHPCAR.lobster
Al16	*OH	neighbor-Obridge	51	259	2.112332	3.80952	up	0.10366	-0.10366	source_manifest:COHP/PDOS/Al16/*OH/COHPCAR.lobster
Al16	*OH	neighbor-Obridge	51	259	2.112332	3.80952	down	0.05347	-0.05347	source_manifest:COHP/PDOS/Al16/*OH/COHPCAR.lobster
Al16	*OH	Coact-Oads	16	348	1.875883	3.85965	up	0.66862	-0.66862	source_manifest:COHP/PDOS/Al16/*OH/COHPCAR.lobster
Al16	*OH	Coact-Oads	16	348	1.875883	3.85965	down	0.33584	-0.33584	source_manifest:COHP/PDOS/Al16/*OH/COHPCAR.lobster
Al16	*OH	Coact-Obridge	16	259	2.069958	3.85965	up	0.20597	-0.20597	source_manifest:COHP/PDOS/Al16/*OH/COHPCAR.lobster
Al16	*OH	Coact-Obridge	16	259	2.069958	3.85965	down	0.1838	-0.1838	source_manifest:COHP/PDOS/Al16/*OH/COHPCAR.lobster
Al16	*OH	neighbor-Obridge	51	259	2.112332	3.85965	up	0.11642	-0.11642	source_manifest:COHP/PDOS/Al16/*OH/COHPCAR.lobster
Al16	*OH	neighbor-Obridge	51	259	2.112332	3.85965	down	0.10815	-0.10815	source_manifest:COHP/PDOS/Al16/*OH/COHPCAR.lobster
Al16	*OH	Coact-Oads	16	348	1.875883	3.90977	up	0.56043	-0.56043	source_manifest:COHP/PDOS/Al16/*OH/COHPCAR.lobster
Al16	*OH	Coact-Oads	16	348	1.875883	3.90977	down	0.34954	-0.34954	source_manifest:COHP/PDOS/Al16/*OH/COHPCAR.lobster
Al16	*OH	Coact-Obridge	16	259	2.069958	3.90977	up	0.26048	-0.26048	source_manifest:COHP/PDOS/Al16/*OH/COHPCAR.lobster
Al16	*OH	Coact-Obridge	16	259	2.069958	3.90977	down	0.21335	-0.21335	source_manifest:COHP/PDOS/Al16/*OH/COHPCAR.lobster
Al16	*OH	neighbor-Obridge	51	259	2.112332	3.90977	up	0.12342	-0.12342	source_manifest:COHP/PDOS/Al16/*OH/COHPCAR.lobster
Al16	*OH	neighbor-Obridge	51	259	2.112332	3.90977	down	0.22005	-0.22005	source_manifest:COHP/PDOS/Al16/*OH/COHPCAR.lobster
Al16	*OH	Coact-Oads	16	348	1.875883	3.95990	up	0.2506	-0.2506	source_manifest:COHP/PDOS/Al16/*OH/COHPCAR.lobster
Al16	*OH	Coact-Oads	16	348	1.875883	3.95990	down	0.24241	-0.24241	source_manifest:COHP/PDOS/Al16/*OH/COHPCAR.lobster
Al16	*OH	Coact-Obridge	16	259	2.069958	3.95990	up	0.27679	-0.27679	source_manifest:COHP/PDOS/Al16/*OH/COHPCAR.lobster
Al16	*OH	Coact-Obridge	16	259	2.069958	3.95990	down	0.21107	-0.21107	source_manifest:COHP/PDOS/Al16/*OH/COHPCAR.lobster
Al16	*OH	neighbor-Obridge	51	259	2.112332	3.95990	up	0.08921	-0.08921	source_manifest:COHP/PDOS/Al16/*OH/COHPCAR.lobster
Al16	*OH	neighbor-Obridge	51	259	2.112332	3.95990	down	0.22112	-0.22112	source_manifest:COHP/PDOS/Al16/*OH/COHPCAR.lobster
Al16	*OH	Coact-Oads	16	348	1.875883	4.01003	up	0.46402	-0.46402	source_manifest:COHP/PDOS/Al16/*OH/COHPCAR.lobster
Al16	*OH	Coact-Oads	16	348	1.875883	4.01003	down	0.46	-0.46	source_manifest:COHP/PDOS/Al16/*OH/COHPCAR.lobster
Al16	*OH	Coact-Obridge	16	259	2.069958	4.01003	up	0.324	-0.324	source_manifest:COHP/PDOS/Al16/*OH/COHPCAR.lobster
Al16	*OH	Coact-Obridge	16	259	2.069958	4.01003	down	0.2553	-0.2553	source_manifest:COHP/PDOS/Al16/*OH/COHPCAR.lobster
Al16	*OH	neighbor-Obridge	51	259	2.112332	4.01003	up	0.06654	-0.06654	source_manifest:COHP/PDOS/Al16/*OH/COHPCAR.lobster
Al16	*OH	neighbor-Obridge	51	259	2.112332	4.01003	down	0.16526	-0.16526	source_manifest:COHP/PDOS/Al16/*OH/COHPCAR.lobster
Al16	*OH	Coact-Oads	16	348	1.875883	4.06015	up	0.70826	-0.70826	source_manifest:COHP/PDOS/Al16/*OH/COHPCAR.lobster
Al16	*OH	Coact-Oads	16	348	1.875883	4.06015	down	0.45955	-0.45955	source_manifest:COHP/PDOS/Al16/*OH/COHPCAR.lobster
Al16	*OH	Coact-Obridge	16	259	2.069958	4.06015	up	0.25527	-0.25527	source_manifest:COHP/PDOS/Al16/*OH/COHPCAR.lobster
Al16	*OH	Coact-Obridge	16	259	2.069958	4.06015	down	0.30183	-0.30183	source_manifest:COHP/PDOS/Al16/*OH/COHPCAR.lobster
Al16	*OH	neighbor-Obridge	51	259	2.112332	4.06015	up	0.0978	-0.0978	source_manifest:COHP/PDOS/Al16/*OH/COHPCAR.lobster
Al16	*OH	neighbor-Obridge	51	259	2.112332	4.06015	down	0.14625	-0.14625	source_manifest:COHP/PDOS/Al16/*OH/COHPCAR.lobster
Al16	*OH	Coact-Oads	16	348	1.875883	4.11028	up	0.44942	-0.44942	source_manifest:COHP/PDOS/Al16/*OH/COHPCAR.lobster
Al16	*OH	Coact-Oads	16	348	1.875883	4.11028	down	0.25058	-0.25058	source_manifest:COHP/PDOS/Al16/*OH/COHPCAR.lobster
Al16	*OH	Coact-Obridge	16	259	2.069958	4.11028	up	0.26756	-0.26756	source_manifest:COHP/PDOS/Al16/*OH/COHPCAR.lobster
Al16	*OH	Coact-Obridge	16	259	2.069958	4.11028	down	0.45279	-0.45279	source_manifest:COHP/PDOS/Al16/*OH/COHPCAR.lobster
Al16	*OH	neighbor-Obridge	51	259	2.112332	4.11028	up	0.09359	-0.09359	source_manifest:COHP/PDOS/Al16/*OH/COHPCAR.lobster
Al16	*OH	neighbor-Obridge	51	259	2.112332	4.11028	down	0.20166	-0.20166	source_manifest:COHP/PDOS/Al16/*OH/COHPCAR.lobster
Al16	*OH	Coact-Oads	16	348	1.875883	4.16040	up	0.18917	-0.18917	source_manifest:COHP/PDOS/Al16/*OH/COHPCAR.lobster
Al16	*OH	Coact-Oads	16	348	1.875883	4.16040	down	0.22872	-0.22872	source_manifest:COHP/PDOS/Al16/*OH/COHPCAR.lobster
Al16	*OH	Coact-Obridge	16	259	2.069958	4.16040	up	0.30096	-0.30096	source_manifest:COHP/PDOS/Al16/*OH/COHPCAR.lobster
Al16	*OH	Coact-Obridge	16	259	2.069958	4.16040	down	0.3991	-0.3991	source_manifest:COHP/PDOS/Al16/*OH/COHPCAR.lobster
Al16	*OH	neighbor-Obridge	51	259	2.112332	4.16040	up	0.05779	-0.05779	source_manifest:COHP/PDOS/Al16/*OH/COHPCAR.lobster
Al16	*OH	neighbor-Obridge	51	259	2.112332	4.16040	down	0.24765	-0.24765	source_manifest:COHP/PDOS/Al16/*OH/COHPCAR.lobster
Al16	*OH	Coact-Oads	16	348	1.875883	4.21053	up	0.13172	-0.13172	source_manifest:COHP/PDOS/Al16/*OH/COHPCAR.lobster
Al16	*OH	Coact-Oads	16	348	1.875883	4.21053	down	0.22628	-0.22628	source_manifest:COHP/PDOS/Al16/*OH/COHPCAR.lobster
Al16	*OH	Coact-Obridge	16	259	2.069958	4.21053	up	0.28997	-0.28997	source_manifest:COHP/PDOS/Al16/*OH/COHPCAR.lobster
Al16	*OH	Coact-Obridge	16	259	2.069958	4.21053	down	0.26427	-0.26427	source_manifest:COHP/PDOS/Al16/*OH/COHPCAR.lobster
Al16	*OH	neighbor-Obridge	51	259	2.112332	4.21053	up	0.03235	-0.03235	source_manifest:COHP/PDOS/Al16/*OH/COHPCAR.lobster
Al16	*OH	neighbor-Obridge	51	259	2.112332	4.21053	down	0.23292	-0.23292	source_manifest:COHP/PDOS/Al16/*OH/COHPCAR.lobster
Al16	*OH	Coact-Oads	16	348	1.875883	4.26065	up	0.18699	-0.18699	source_manifest:COHP/PDOS/Al16/*OH/COHPCAR.lobster
Al16	*OH	Coact-Oads	16	348	1.875883	4.26065	down	0.24135	-0.24135	source_manifest:COHP/PDOS/Al16/*OH/COHPCAR.lobster
Al16	*OH	Coact-Obridge	16	259	2.069958	4.26065	up	0.27673	-0.27673	source_manifest:COHP/PDOS/Al16/*OH/COHPCAR.lobster
Al16	*OH	Coact-Obridge	16	259	2.069958	4.26065	down	0.30246	-0.30246	source_manifest:COHP/PDOS/Al16/*OH/COHPCAR.lobster
Al16	*OH	neighbor-Obridge	51	259	2.112332	4.26065	up	0.02181	-0.02181	source_manifest:COHP/PDOS/Al16/*OH/COHPCAR.lobster
Al16	*OH	neighbor-Obridge	51	259	2.112332	4.26065	down	0.2072	-0.2072	source_manifest:COHP/PDOS/Al16/*OH/COHPCAR.lobster
Al16	*OH	Coact-Oads	16	348	1.875883	4.31078	up	0.23223	-0.23223	source_manifest:COHP/PDOS/Al16/*OH/COHPCAR.lobster
Al16	*OH	Coact-Oads	16	348	1.875883	4.31078	down	0.3552	-0.3552	source_manifest:COHP/PDOS/Al16/*OH/COHPCAR.lobster
Al16	*OH	Coact-Obridge	16	259	2.069958	4.31078	up	0.27098	-0.27098	source_manifest:COHP/PDOS/Al16/*OH/COHPCAR.lobster
Al16	*OH	Coact-Obridge	16	259	2.069958	4.31078	down	0.28023	-0.28023	source_manifest:COHP/PDOS/Al16/*OH/COHPCAR.lobster
Al16	*OH	neighbor-Obridge	51	259	2.112332	4.31078	up	0.01361	-0.01361	source_manifest:COHP/PDOS/Al16/*OH/COHPCAR.lobster
Al16	*OH	neighbor-Obridge	51	259	2.112332	4.31078	down	0.21527	-0.21527	source_manifest:COHP/PDOS/Al16/*OH/COHPCAR.lobster
Al16	*OH	Coact-Oads	16	348	1.875883	4.36090	up	0.31274	-0.31274	source_manifest:COHP/PDOS/Al16/*OH/COHPCAR.lobster
Al16	*OH	Coact-Oads	16	348	1.875883	4.36090	down	0.44839	-0.44839	source_manifest:COHP/PDOS/Al16/*OH/COHPCAR.lobster
Al16	*OH	Coact-Obridge	16	259	2.069958	4.36090	up	0.26287	-0.26287	source_manifest:COHP/PDOS/Al16/*OH/COHPCAR.lobster
Al16	*OH	Coact-Obridge	16	259	2.069958	4.36090	down	0.27344	-0.27344	source_manifest:COHP/PDOS/Al16/*OH/COHPCAR.lobster
Al16	*OH	neighbor-Obridge	51	259	2.112332	4.36090	up	0.00768	-0.00768	source_manifest:COHP/PDOS/Al16/*OH/COHPCAR.lobster
Al16	*OH	neighbor-Obridge	51	259	2.112332	4.36090	down	0.25982	-0.25982	source_manifest:COHP/PDOS/Al16/*OH/COHPCAR.lobster
Al16	*OH	Coact-Oads	16	348	1.875883	4.41103	up	0.35009	-0.35009	source_manifest:COHP/PDOS/Al16/*OH/COHPCAR.lobster
Al16	*OH	Coact-Oads	16	348	1.875883	4.41103	down	0.47411	-0.47411	source_manifest:COHP/PDOS/Al16/*OH/COHPCAR.lobster
Al16	*OH	Coact-Obridge	16	259	2.069958	4.41103	up	0.2738	-0.2738	source_manifest:COHP/PDOS/Al16/*OH/COHPCAR.lobster
Al16	*OH	Coact-Obridge	16	259	2.069958	4.41103	down	0.32229	-0.32229	source_manifest:COHP/PDOS/Al16/*OH/COHPCAR.lobster
Al16	*OH	neighbor-Obridge	51	259	2.112332	4.41103	up	0.015	-0.015	source_manifest:COHP/PDOS/Al16/*OH/COHPCAR.lobster
Al16	*OH	neighbor-Obridge	51	259	2.112332	4.41103	down	0.32079	-0.32079	source_manifest:COHP/PDOS/Al16/*OH/COHPCAR.lobster
Al16	*OH	Coact-Oads	16	348	1.875883	4.46115	up	0.33456	-0.33456	source_manifest:COHP/PDOS/Al16/*OH/COHPCAR.lobster
Al16	*OH	Coact-Oads	16	348	1.875883	4.46115	down	0.31573	-0.31573	source_manifest:COHP/PDOS/Al16/*OH/COHPCAR.lobster
Al16	*OH	Coact-Obridge	16	259	2.069958	4.46115	up	0.29016	-0.29016	source_manifest:COHP/PDOS/Al16/*OH/COHPCAR.lobster
Al16	*OH	Coact-Obridge	16	259	2.069958	4.46115	down	0.30753	-0.30753	source_manifest:COHP/PDOS/Al16/*OH/COHPCAR.lobster
Al16	*OH	neighbor-Obridge	51	259	2.112332	4.46115	up	0.0268	-0.0268	source_manifest:COHP/PDOS/Al16/*OH/COHPCAR.lobster
Al16	*OH	neighbor-Obridge	51	259	2.112332	4.46115	down	0.30919	-0.30919	source_manifest:COHP/PDOS/Al16/*OH/COHPCAR.lobster
Al16	*OH	Coact-Oads	16	348	1.875883	4.51128	up	0.44299	-0.44299	source_manifest:COHP/PDOS/Al16/*OH/COHPCAR.lobster
Al16	*OH	Coact-Oads	16	348	1.875883	4.51128	down	0.3707	-0.3707	source_manifest:COHP/PDOS/Al16/*OH/COHPCAR.lobster
Al16	*OH	Coact-Obridge	16	259	2.069958	4.51128	up	0.32203	-0.32203	source_manifest:COHP/PDOS/Al16/*OH/COHPCAR.lobster
Al16	*OH	Coact-Obridge	16	259	2.069958	4.51128	down	0.26527	-0.26527	source_manifest:COHP/PDOS/Al16/*OH/COHPCAR.lobster
Al16	*OH	neighbor-Obridge	51	259	2.112332	4.51128	up	0.02556	-0.02556	source_manifest:COHP/PDOS/Al16/*OH/COHPCAR.lobster
Al16	*OH	neighbor-Obridge	51	259	2.112332	4.51128	down	0.29992	-0.29992	source_manifest:COHP/PDOS/Al16/*OH/COHPCAR.lobster
Al16	*OH	Coact-Oads	16	348	1.875883	4.56140	up	0.53886	-0.53886	source_manifest:COHP/PDOS/Al16/*OH/COHPCAR.lobster
Al16	*OH	Coact-Oads	16	348	1.875883	4.56140	down	0.38353	-0.38353	source_manifest:COHP/PDOS/Al16/*OH/COHPCAR.lobster
Al16	*OH	Coact-Obridge	16	259	2.069958	4.56140	up	0.3763	-0.3763	source_manifest:COHP/PDOS/Al16/*OH/COHPCAR.lobster
Al16	*OH	Coact-Obridge	16	259	2.069958	4.56140	down	0.29918	-0.29918	source_manifest:COHP/PDOS/Al16/*OH/COHPCAR.lobster
Al16	*OH	neighbor-Obridge	51	259	2.112332	4.56140	up	0.02271	-0.02271	source_manifest:COHP/PDOS/Al16/*OH/COHPCAR.lobster
Al16	*OH	neighbor-Obridge	51	259	2.112332	4.56140	down	0.38135	-0.38135	source_manifest:COHP/PDOS/Al16/*OH/COHPCAR.lobster
Al16	*OH	Coact-Oads	16	348	1.875883	4.61153	up	0.38889	-0.38889	source_manifest:COHP/PDOS/Al16/*OH/COHPCAR.lobster
Al16	*OH	Coact-Oads	16	348	1.875883	4.61153	down	0.40159	-0.40159	source_manifest:COHP/PDOS/Al16/*OH/COHPCAR.lobster
Al16	*OH	Coact-Obridge	16	259	2.069958	4.61153	up	0.33733	-0.33733	source_manifest:COHP/PDOS/Al16/*OH/COHPCAR.lobster
Al16	*OH	Coact-Obridge	16	259	2.069958	4.61153	down	0.26899	-0.26899	source_manifest:COHP/PDOS/Al16/*OH/COHPCAR.lobster
Al16	*OH	neighbor-Obridge	51	259	2.112332	4.61153	up	0.01329	-0.01329	source_manifest:COHP/PDOS/Al16/*OH/COHPCAR.lobster
Al16	*OH	neighbor-Obridge	51	259	2.112332	4.61153	down	0.3528	-0.3528	source_manifest:COHP/PDOS/Al16/*OH/COHPCAR.lobster
Al16	*OH	Coact-Oads	16	348	1.875883	4.66165	up	0.22973	-0.22973	source_manifest:COHP/PDOS/Al16/*OH/COHPCAR.lobster
Al16	*OH	Coact-Oads	16	348	1.875883	4.66165	down	0.34574	-0.34574	source_manifest:COHP/PDOS/Al16/*OH/COHPCAR.lobster
Al16	*OH	Coact-Obridge	16	259	2.069958	4.66165	up	0.28705	-0.28705	source_manifest:COHP/PDOS/Al16/*OH/COHPCAR.lobster
Al16	*OH	Coact-Obridge	16	259	2.069958	4.66165	down	0.19737	-0.19737	source_manifest:COHP/PDOS/Al16/*OH/COHPCAR.lobster
Al16	*OH	neighbor-Obridge	51	259	2.112332	4.66165	up	0.00904	-0.00904	source_manifest:COHP/PDOS/Al16/*OH/COHPCAR.lobster
Al16	*OH	neighbor-Obridge	51	259	2.112332	4.66165	down	0.3229	-0.3229	source_manifest:COHP/PDOS/Al16/*OH/COHPCAR.lobster
Al16	*OH	Coact-Oads	16	348	1.875883	4.71178	up	0.28327	-0.28327	source_manifest:COHP/PDOS/Al16/*OH/COHPCAR.lobster
Al16	*OH	Coact-Oads	16	348	1.875883	4.71178	down	0.25675	-0.25675	source_manifest:COHP/PDOS/Al16/*OH/COHPCAR.lobster
Al16	*OH	Coact-Obridge	16	259	2.069958	4.71178	up	0.33111	-0.33111	source_manifest:COHP/PDOS/Al16/*OH/COHPCAR.lobster
Al16	*OH	Coact-Obridge	16	259	2.069958	4.71178	down	0.19718	-0.19718	source_manifest:COHP/PDOS/Al16/*OH/COHPCAR.lobster
Al16	*OH	neighbor-Obridge	51	259	2.112332	4.71178	up	0.01187	-0.01187	source_manifest:COHP/PDOS/Al16/*OH/COHPCAR.lobster
Al16	*OH	neighbor-Obridge	51	259	2.112332	4.71178	down	0.41334	-0.41334	source_manifest:COHP/PDOS/Al16/*OH/COHPCAR.lobster
Al16	*OH	Coact-Oads	16	348	1.875883	4.76190	up	0.31582	-0.31582	source_manifest:COHP/PDOS/Al16/*OH/COHPCAR.lobster
Al16	*OH	Coact-Oads	16	348	1.875883	4.76190	down	0.35815	-0.35815	source_manifest:COHP/PDOS/Al16/*OH/COHPCAR.lobster
Al16	*OH	Coact-Obridge	16	259	2.069958	4.76190	up	0.41202	-0.41202	source_manifest:COHP/PDOS/Al16/*OH/COHPCAR.lobster
Al16	*OH	Coact-Obridge	16	259	2.069958	4.76190	down	0.27462	-0.27462	source_manifest:COHP/PDOS/Al16/*OH/COHPCAR.lobster
Al16	*OH	neighbor-Obridge	51	259	2.112332	4.76190	up	0.01191	-0.01191	source_manifest:COHP/PDOS/Al16/*OH/COHPCAR.lobster
Al16	*OH	neighbor-Obridge	51	259	2.112332	4.76190	down	0.50447	-0.50447	source_manifest:COHP/PDOS/Al16/*OH/COHPCAR.lobster
Al16	*OH	Coact-Oads	16	348	1.875883	4.81203	up	0.31561	-0.31561	source_manifest:COHP/PDOS/Al16/*OH/COHPCAR.lobster
Al16	*OH	Coact-Oads	16	348	1.875883	4.81203	down	0.3561	-0.3561	source_manifest:COHP/PDOS/Al16/*OH/COHPCAR.lobster
Al16	*OH	Coact-Obridge	16	259	2.069958	4.81203	up	0.37797	-0.37797	source_manifest:COHP/PDOS/Al16/*OH/COHPCAR.lobster
Al16	*OH	Coact-Obridge	16	259	2.069958	4.81203	down	0.35093	-0.35093	source_manifest:COHP/PDOS/Al16/*OH/COHPCAR.lobster
Al16	*OH	neighbor-Obridge	51	259	2.112332	4.81203	up	1e-05	-1e-05	source_manifest:COHP/PDOS/Al16/*OH/COHPCAR.lobster
Al16	*OH	neighbor-Obridge	51	259	2.112332	4.81203	down	0.46717	-0.46717	source_manifest:COHP/PDOS/Al16/*OH/COHPCAR.lobster
Al16	*OH	Coact-Oads	16	348	1.875883	4.86216	up	0.25727	-0.25727	source_manifest:COHP/PDOS/Al16/*OH/COHPCAR.lobster
Al16	*OH	Coact-Oads	16	348	1.875883	4.86216	down	0.2137	-0.2137	source_manifest:COHP/PDOS/Al16/*OH/COHPCAR.lobster
Al16	*OH	Coact-Obridge	16	259	2.069958	4.86216	up	0.22163	-0.22163	source_manifest:COHP/PDOS/Al16/*OH/COHPCAR.lobster
Al16	*OH	Coact-Obridge	16	259	2.069958	4.86216	down	0.36124	-0.36124	source_manifest:COHP/PDOS/Al16/*OH/COHPCAR.lobster
Al16	*OH	neighbor-Obridge	51	259	2.112332	4.86216	up	-0.00257	0.00257	source_manifest:COHP/PDOS/Al16/*OH/COHPCAR.lobster
Al16	*OH	neighbor-Obridge	51	259	2.112332	4.86216	down	0.33415	-0.33415	source_manifest:COHP/PDOS/Al16/*OH/COHPCAR.lobster
Al16	*OH	Coact-Oads	16	348	1.875883	4.91228	up	0.19858	-0.19858	source_manifest:COHP/PDOS/Al16/*OH/COHPCAR.lobster
Al16	*OH	Coact-Oads	16	348	1.875883	4.91228	down	0.17964	-0.17964	source_manifest:COHP/PDOS/Al16/*OH/COHPCAR.lobster
Al16	*OH	Coact-Obridge	16	259	2.069958	4.91228	up	0.28405	-0.28405	source_manifest:COHP/PDOS/Al16/*OH/COHPCAR.lobster
Al16	*OH	Coact-Obridge	16	259	2.069958	4.91228	down	0.3751	-0.3751	source_manifest:COHP/PDOS/Al16/*OH/COHPCAR.lobster
Al16	*OH	neighbor-Obridge	51	259	2.112332	4.91228	up	0.00357	-0.00357	source_manifest:COHP/PDOS/Al16/*OH/COHPCAR.lobster
Al16	*OH	neighbor-Obridge	51	259	2.112332	4.91228	down	0.38364	-0.38364	source_manifest:COHP/PDOS/Al16/*OH/COHPCAR.lobster
Al16	*OH	Coact-Oads	16	348	1.875883	4.96241	up	0.27053	-0.27053	source_manifest:COHP/PDOS/Al16/*OH/COHPCAR.lobster
Al16	*OH	Coact-Oads	16	348	1.875883	4.96241	down	0.3426	-0.3426	source_manifest:COHP/PDOS/Al16/*OH/COHPCAR.lobster
Al16	*OH	Coact-Obridge	16	259	2.069958	4.96241	up	0.33633	-0.33633	source_manifest:COHP/PDOS/Al16/*OH/COHPCAR.lobster
Al16	*OH	Coact-Obridge	16	259	2.069958	4.96241	down	0.39821	-0.39821	source_manifest:COHP/PDOS/Al16/*OH/COHPCAR.lobster
Al16	*OH	neighbor-Obridge	51	259	2.112332	4.96241	up	-0.00616	0.00616	source_manifest:COHP/PDOS/Al16/*OH/COHPCAR.lobster
Al16	*OH	neighbor-Obridge	51	259	2.112332	4.96241	down	0.35923	-0.35923	source_manifest:COHP/PDOS/Al16/*OH/COHPCAR.lobster
Al16	*OH	Coact-Oads	16	348	1.875883	5.01253	up	0.34953	-0.34953	source_manifest:COHP/PDOS/Al16/*OH/COHPCAR.lobster
Al16	*OH	Coact-Oads	16	348	1.875883	5.01253	down	0.39729	-0.39729	source_manifest:COHP/PDOS/Al16/*OH/COHPCAR.lobster
Al16	*OH	Coact-Obridge	16	259	2.069958	5.01253	up	0.32082	-0.32082	source_manifest:COHP/PDOS/Al16/*OH/COHPCAR.lobster
Al16	*OH	Coact-Obridge	16	259	2.069958	5.01253	down	0.32212	-0.32212	source_manifest:COHP/PDOS/Al16/*OH/COHPCAR.lobster
Al16	*OH	neighbor-Obridge	51	259	2.112332	5.01253	up	-0.01068	0.01068	source_manifest:COHP/PDOS/Al16/*OH/COHPCAR.lobster
Al16	*OH	neighbor-Obridge	51	259	2.112332	5.01253	down	0.33369	-0.33369	source_manifest:COHP/PDOS/Al16/*OH/COHPCAR.lobster

