energy_eV_rel_EF,TDOS_up,TDOS_down,Al_s_up,Al_s_down,Al_px_up,Al_px_down,Al_py_up,Al_py_down,Al_pz_up,Al_pz_down,Al_dxy_up,Al_dxy_down,Al_dyz_up,Al_dyz_down,Al_dz2_up,Al_dz2_down,Al_dxz_up,Al_dxz_down,Al_dx2y2_up,Al_dx2y2_down,Al_p_total_up,Al_p_total_down,Al_d_total_up,Al_d_total_down,Al_total_up,Al_total_down,Co_s_up,Co_s_down,Co_px_up,Co_px_down,Co_py_up,Co_py_down,Co_pz_up,Co_pz_down,Co_dxy_up,Co_dxy_down,Co_dyz_up,Co_dyz_down,Co_dz2_up,Co_dz2_down,Co_dxz_up,Co_dxz_down,Co_dx2y2_up,Co_dx2y2_down,Co_p_total_up,Co_p_total_down,Co_d_total_up,Co_d_total_down,Co_total_up,Co_total_down,H_s_up,H_s_down,H_px_up,H_px_down,H_py_up,H_py_down,H_pz_up,H_pz_down,H_dxy_up,H_dxy_down,H_dyz_up,H_dyz_down,H_dz2_up,H_dz2_down,H_dxz_up,H_dxz_down,H_dx2y2_up,H_dx2y2_down,H_p_total_up,H_p_total_down,H_d_total_up,H_d_total_down,H_total_up,H_total_down,O_s_up,O_s_down,O_px_up,O_px_down,O_py_up,O_py_down,O_pz_up,O_pz_down,O_dxy_up,O_dxy_down,O_dyz_up,O_dyz_down,O_dz2_up,O_dz2_down,O_dxz_up,O_dxz_down,O_dx2y2_up,O_dx2y2_down,O_p_total_up,O_p_total_down,O_d_total_up,O_d_total_down,O_total_up,O_total_down
-22.72015882,0.0,0.0,0.0,0.0,0.0,0.0,0.0,0.0,0.0,0.0,0.0,0.0,0.0,0.0,0.0,0.0,0.0,0.0,0.0,0.0,0.0,0.0,0.0,0.0,0.0,0.0,0.0,0.0,0.0,0.0,0.0,0.0,0.0,0.0,0.0,0.0,0.0,0.0,0.0,0.0,0.0,0.0,0.0,0.0,0.0,0.0,0.0,0.0,0.0,0.0,0.0,0.0,0.0,0.0,0.0,0.0,0.0,0.0,0.0,0.0,0.0,0.0,0.0,0.0,0.0,0.0,0.0,0.0,0.0,0.0,0.0,0.0,0.0,0.0,0.0,0.0,0.0,0.0,0.0,0.0,0.0,0.0,0.0,0.0,0.0,0.0,0.0,0.0,0.0,0.0,0.0,0.0,0.0,0.0,0.0,0.0,0.0,0.0
-22.610158820000002,0.0,0.0,0.0,0.0,0.0,0.0,0.0,0.0,0.0,0.0,0.0,0.0,0.0,0.0,0.0,0.0,0.0,0.0,0.0,0.0,0.0,0.0,0.0,0.0,0.0,0.0,0.0,0.0,0.0,0.0,0.0,0.0,0.0,0.0,0.0,0.0,0.0,0.0,0.0,0.0,0.0,0.0,0.0,0.0,0.0,0.0,0.0,0.0,0.0,0.0,0.0,0.0,0.0,0.0,0.0,0.0,0.0,0.0,0.0,0.0,0.0,0.0,0.0,0.0,0.0,0.0,0.0,0.0,0.0,0.0,0.0,0.0,0.0,0.0,0.0,0.0,0.0,0.0,0.0,0.0,0.0,0.0,0.0,0.0,0.0,0.0,0.0,0.0,0.0,0.0,0.0,0.0,0.0,0.0,0.0,0.0,0.0,0.0
-22.499158819999998,0.0,0.0,0.0,0.0,0.0,0.0,0.0,0.0,0.0,0.0,0.0,0.0,0.0,0.0,0.0,0.0,0.0,0.0,0.0,0.0,0.0,0.0,0.0,0.0,0.0,0.0,0.0,0.0,0.0,0.0,0.0,0.0,0.0,0.0,0.0,0.0,0.0,0.0,0.0,0.0,0.0,0.0,0.0,0.0,0.0,0.0,0.0,0.0,0.0,0.0,0.0,0.0,0.0,0.0,0.0,0.0,0.0,0.0,0.0,0.0,0.0,0.0,0.0,0.0,0.0,0.0,0.0,0.0,0.0,0.0,0.0,0.0,0.0,0.0,0.0,0.0,0.0,0.0,0.0,0.0,0.0,0.0,0.0,0.0,0.0,0.0,0.0,0.0,0.0,0.0,0.0,0.0,0.0,0.0,0.0,0.0,0.0,0.0
-22.38915882,-1.206e-29,0.0,-6.86756053e-32,0.0,-2.0182724560000002e-33,0.0,-3.12585389e-33,0.0,-2.5317631308e-33,0.0,0.0,0.0,0.0,0.0,0.0,0.0,0.0,0.0,0.0,0.0,-7.6758894768e-33,0.0,0.0,0.0,-7.635149477679999e-32,0.0,-2.1337485182e-31,0.0,-1.7411335728999993e-32,0.0,-1.3410481636599998e-32,0.0,-1.0583211160399998e-32,0.0,-1.519835489768e-32,0.0,-7.45900935429e-33,0.0,-2.9164057002900013e-33,0.0,-1.5520000228740001e-32,0.0,-4.218401432850001e-33,0.0,-4.140502852599999e-32,0.0,-4.531217161385e-32,0.0,-3.0009205195985e-31,0.0,-1.2438886342499997e-30,0.0,-2.956203804052999e-32,0.0,-1.55463310789e-32,0.0,-2.0964395812989986e-31,0.0,0.0,0.0,0.0,0.0,0.0,0.0,0.0,0.0,0.0,0.0,-2.5475232724932987e-31,0.0,0.0,0.0,-1.4986409614993297e-30,0.0,-8.465805243e-30,0.0,-4.3618448684410006e-32,0.0,-1.7213703650500004e-32,0.0,-1.2890690177868301e-31,0.0,0.0,0.0,0.0,0.0,0.0,0.0,0.0,0.0,0.0,0.0,-1.8973905411359302e-31,0.0,0.0,0.0,-8.655544297113592e-30,0.0
-22.27915882,-8.278e-26,-6.383e-30,-4.71618327e-28,-3.79745912e-32,-1.3878178020000004e-29,-1.007205789e-33,-2.14780824e-29,-1.65368997e-33,-1.7371458474000004e-29,-1.2776651172200002e-33,0.0,0.0,0.0,0.0,0.0,0.0,0.0,0.0,0.0,0.0,-5.2727718894e-29,-3.93856087622e-33,0.0,0.0,-5.243460458940001e-28,-4.191315207622e-32,-1.4648080298e-27,-1.0719851301199995e-31,-1.1958599508000001e-28,-9.221344552999997e-33,-9.226193464799997e-29,-7.146642217999999e-33,-7.257201540327999e-29,-5.206913851289999e-33,-1.042748035701e-28,-4.798181243921001e-33,-5.121339350809999e-29,-2.108749930350001e-33,-2.0021838430699986e-29,-1.14816967751e-33,-1.0652642243190999e-28,-4.383377730342999e-33,-2.8989894131799997e-29,-1.1733557653499998e-33,-2.8441994513127997e-28,-2.1574900622289995e-32,-3.1102635207260997e-28,-1.3611834347474002e-32,-2.0602543270038898e-27,-1.4238524798176395e-31,-8.540639518460005e-27,-6.646236740399e-31,-2.025871975168e-28,-1.419123987664e-32,-1.0660736143640002e-28,-7.560511438155001e-33,-1.4398533784950004e-27,-1.1406548956879995e-31,0.0,0.0,0.0,0.0,0.0,0.0,0.0,0.0,0.0,0.0,-1.7490479374482005e-27,-1.3581724088359496e-31,0.0,0.0,-1.0289687455908205e-26,-8.00440914923495e-31,-5.812758479189e-26,-4.4839546481490004e-30,-2.990248467143001e-28,-2.1952106425979996e-32,-1.1810179209960002e-28,-8.43614982215e-33,-8.852283431270897e-28,-7.074085233061902e-32,0.0,0.0,0.0,0.0,0.0,0.0,0.0,0.0,0.0,0.0,-1.3023549819409898e-27,-1.0112910857874902e-31,0.0,0.0,-5.942993977383099e-26,-4.5850837567277494e-30
-22.16915882,-3.075e-22,-4.582e-26,-1.751976645e-24,-2.726276474e-28,-5.1601307200000003e-26,-7.25200613e-30,-7.984355900000001e-26,-1.1887625999999999e-29,-6.449312821e-26,-9.160152911600001e-30,0.0,0.0,0.0,0.0,0.0,0.0,0.0,0.0,0.0,0.0,-1.9593799441000001e-25,-2.82997850416e-29,0.0,0.0,-1.94791463941e-24,-3.009274324416e-28,-5.4416503983e-24,-7.693538238600001e-28,-4.444026019e-25,-6.622186957000003e-29,-3.431376732299999e-25,-5.148745749299999e-29,-2.694450264086999e-25,-3.727879306503e-29,-3.8724262371959993e-25,-3.439269580535001e-29,-1.9030196498899998e-25,-1.5139545283199996e-29,-7.438677664779999e-26,-8.2426831293e-30,-3.9570018866709988e-25,-3.143544988309002e-29,-1.0773691989599996e-25,-8.443816843600001e-30,-1.0569853015386998e-24,-1.5498812012803002e-28,-1.1553684739194998e-24,-9.765419094454002e-29,-7.654004173758199e-24,-1.0219961349325701e-27,-3.172449914760001e-23,-4.770848105701004e-27,-7.520496888279999e-25,-1.015269463367e-28,-3.9577497009199995e-25,-5.415680812559998e-29,-5.349392914054001e-24,-8.19236736341e-28,0.0,0.0,0.0,0.0,0.0,0.0,0.0,0.0,0.0,0.0,-6.497217572974001e-24,-9.749204908032999e-28,0.0,0.0,-3.822171672057401e-23,-5.745768596504304e-27,-2.1595429686370004e-22,-3.218637471472999e-26,-1.1101374215129994e-24,-1.5707222079419993e-28,-4.385484470139999e-25,-6.047531616269998e-29,-3.2884436262226997e-24,-5.079044722863001e-28,0.0,0.0,0.0,0.0,0.0,0.0,0.0,0.0,0.0,0.0,-4.837129494749699e-24,-7.254520092431999e-28,0.0,0.0,-2.2079142635844974e-22,-3.291182672397319e-26
-22.058158820000003,-6.186e-19,-1.778e-22,-3.5242154800000005e-21,-1.057527409e-24,-1.039193799e-22,-2.8180988100000007e-26,-1.60696502e-22,-4.61443383e-26,-1.2960228679e-22,-3.5508406287e-26,0.0,0.0,0.0,0.0,0.0,0.0,0.0,0.0,0.0,0.0,-3.9421816869e-22,-1.09833732687e-25,0.0,0.0,-3.918433648690001e-21,-1.167361141687e-24,-1.0945195513099998e-20,-2.9845336572e-24,-8.941133503999998e-22,-2.5698197356000005e-25,-6.914570346199997e-22,-2.0013685043000003e-25,-5.411594688534002e-22,-1.444526405262e-25,-7.7830178320199995e-22,-1.3333516379229998e-25,-3.8279364934700015e-22,-5.874309880999998e-26,-1.4961400417699994e-22,-3.197758005030002e-26,-7.957248099433e-22,-1.2191263172070002e-25,-2.168798621890001e-22,-3.279693410100002e-26,-2.1267298538733996e-21,-6.015714645162001e-25,-2.3233141088583e-21,-3.787654084743e-25,-1.53952394758317e-20,-3.9648705301905e-24,-6.381929465648998e-20,-1.8509127039090004e-23,-1.5103040514269993e-21,-3.9332851123100005e-25,-7.953541346319997e-22,-2.0988243348799995e-25,-1.0764030443500001e-20,-3.1791313026209987e-24,0.0,0.0,0.0,0.0,0.0,0.0,0.0,0.0,0.0,0.0,-1.3069688629559e-20,-3.782342247339999e-24,0.0,0.0,-7.688898328604898e-20,-2.229146928643e-23,-4.343706152079002e-19,-1.2488604619479999e-22,-2.229700875834e-21,-6.086693460650002e-25,-8.815740842710003e-22,-2.3443813462150003e-25,-6.615584009628697e-21,-1.9707886513207007e-24,0.0,0.0,0.0,0.0,0.0,0.0,0.0,0.0,0.0,0.0,-9.726858969733697e-21,-2.813896132007201e-24,0.0,0.0,-4.440974741776339e-19,-1.2769994232680718e-22
-21.948158820000003,-6.732e-16,-3.736e-19,-3.8354932899999995e-18,-2.222275502e-21,-1.1330391630000001e-19,-5.93360897e-23,-1.7507682899999998e-19,-9.706221299999999e-23,-1.4087696589999997e-19,-7.4551739585e-23,0.0,0.0,0.0,0.0,0.0,0.0,0.0,0.0,0.0,0.0,-4.2925771119999994e-19,-2.30950042285e-22,0.0,0.0,-4.2647510012e-18,-2.453225544285e-21,-1.1908255716e-17,-6.270587294599998e-21,-9.734651985999998e-19,-5.401730478999999e-22,-7.546268158e-19,-4.216914130399999e-22,-5.879458786995999e-19,-3.0299105352180013e-22,-8.460690208409998e-19,-2.7979820945729997e-22,-4.166658881509999e-19,-1.2344400324e-22,-1.6282584568100004e-19,-6.719285109649998e-23,-8.655423395478002e-19,-2.559744324937999e-22,-2.362984573260002e-19,-6.903609566299998e-23,-2.3160378930995996e-18,-1.2648555144618e-21,-2.5274015515468002e-18,-7.954455919505999e-22,-1.67516951606464e-17,-8.330888401012398e-21,-6.944279544282001e-17,-3.8894390838170007e-20,-1.6408350997919996e-18,-8.247248408110003e-22,-8.643220589429998e-19,-4.40376922945e-22,-1.1718434720160001e-17,-6.682792628622998e-21,0.0,0.0,0.0,0.0,0.0,0.0,0.0,0.0,0.0,0.0,-1.4223591878895e-17,-7.947894392378999e-21,0.0,0.0,-8.3666387321715e-17,-4.6842285230549e-20,-4.727317119736003e-16,-2.6243776095270005e-19,-2.421902203684e-18,-1.2761660095309989e-21,-9.583592681640003e-19,-4.921375894399997e-22,-7.2003549072526e-18,-4.142271442692898e-21,0.0,0.0,0.0,0.0,0.0,0.0,0.0,0.0,0.0,0.0,-1.05806163791006e-17,-5.910575041663897e-21,0.0,0.0,-4.833123283527009e-16,-2.6834833599436393e-19
-21.838158819999997,-3.834e-13,-4.249e-16,-2.184991045e-15,-2.527606278e-18,-6.47497833e-17,-6.77114908e-20,-9.991263199999999e-17,-1.10537621e-19,-8.009452218e-17,-8.4664345654e-20,0.0,0.0,0.0,0.0,0.0,0.0,0.0,0.0,0.0,0.0,-2.4475693748e-16,-2.62913457454e-19,0.0,0.0,-2.4297479824799997e-15,-2.790519735454e-18,-6.779575833199997e-15,-7.130048700200002e-18,-5.549179097e-16,-6.147617349000001e-19,-4.318636216299998e-16,-4.8156946789e-19,-3.338932178856999e-16,-3.4381164821210003e-19,-4.810314776210001e-16,-3.177061868019001e-19,-2.37464543599e-16,-1.4043390723399998e-19,-9.274261582600001e-17,-7.64340820559e-20,-4.925360709552e-16,-2.9085034103209993e-19,-1.348967477839999e-16,-7.874335055700001e-20,-1.3206747492156997e-15,-1.4401428510021002e-18,-1.4386714557852e-15,-9.041678676809e-19,-9.538922038200897e-15,-9.474359418883002e-18,-3.954640664432997e-14,-4.423155913699999e-17,-9.310839457460003e-16,-9.350707840840001e-19,-4.910194890950003e-16,-4.996977184260001e-19,-6.677828313130004e-15,-7.604486663370995e-18,0.0,0.0,0.0,0.0,0.0,0.0,0.0,0.0,0.0,0.0,-8.099931747971005e-15,-9.039255165880995e-18,0.0,0.0,-4.764633839230098e-14,-5.327081430288098e-17,-2.692805967905999e-13,-2.985003726197e-16,-1.3753777315749993e-15,-1.4476158909850004e-18,-5.449369069199997e-16,-5.590387903630001e-19,-4.102071061033698e-15,-4.712466140359196e-18,0.0,0.0,0.0,0.0,0.0,0.0,0.0,0.0,0.0,0.0,-6.022385699528697e-15,-6.719120821707196e-18,0.0,0.0,-2.7530298249012857e-13,-3.052194934414072e-16
-21.72715882,-1.209e-10,-2.534e-13,-6.8906561e-13,-1.507040663e-15,-2.051462234e-14,-4.05929394e-17,-3.15847437e-14,-6.60495e-17,-2.5193854483999996e-14,-5.0366113382e-17,0.0,0.0,0.0,0.0,0.0,0.0,0.0,0.0,0.0,0.0,-7.729322052399999e-14,-1.57008552782e-16,0.0,0.0,-7.66358830524e-13,-1.664049215782e-15,-2.1376179778999995e-12,-4.2488442225999994e-15,-1.7522847299000006e-13,-3.6685473641000004e-16,-1.371607869200001e-13,-2.8908365266000006e-16,-1.0485297573009997e-13,-2.0411674618399995e-16,-1.5139081296929995e-13,-1.889456536641e-16,-7.499930491900002e-14,-8.376308400100001e-17,-2.9251774454400003e-14,-4.5574543481799996e-17,-1.551931578879e-13,-1.7311643190570004e-16,-4.269268506240001e-14,-4.715971840399999e-17,-4.172422356401001e-13,-8.600551352540001e-16,-4.53527735293e-13,-5.385594314566e-16,-3.0083879488330997e-12,-5.647458789310599e-15,-1.2472763424899998e-11,-2.6370154067270016e-14,-2.922823468695999e-13,-5.546249784589995e-16,-1.5440209939099997e-13,-2.9686950456199984e-16,-2.108195253911001e-12,-4.538217765968999e-15,0.0,0.0,0.0,0.0,0.0,0.0,0.0,0.0,0.0,0.0,-2.554879700171601e-12,-5.389712248989999e-15,0.0,0.0,-1.50276431250716e-11,-3.175986631626001e-14,-8.494177174229998e-11,-1.779926779606001e-13,-4.316356593889e-13,-8.589405181340001e-16,-1.7148028698529997e-13,-3.3258030152439986e-16,-1.2942033807828996e-12,-2.8108932895103994e-15,0.0,0.0,0.0,0.0,0.0,0.0,0.0,0.0,0.0,0.0,-1.8973193271570995e-12,-4.0024141091688e-15,0.0,0.0,-8.683909106945708e-11,-1.8199509206976889e-13
-21.61715882,-2.051e-08,-8.361e-11,-1.168566518e-10,-4.972268199999999e-13,-3.5068794499999998e-12,-1.3485581050000002e-14,-5.376120079999999e-12,-2.18475547e-14,-4.253995821e-12,-1.6567686892e-14,0.0,0.0,0.0,0.0,0.0,0.0,0.0,0.0,0.0,0.0,-1.3136995351e-11,-5.1900822642000004e-14,0.0,0.0,-1.29993647151e-10,-5.491276426419999e-13,-3.6215268124000007e-10,-1.4010193953e-12,-2.9768023783999995e-11,-1.2118871897999999e-13,-2.352893908299999e-11,-9.624777445e-14,-1.7657087157750008e-11,-6.700887981259999e-14,-2.5566427741809997e-11,-6.21291743947e-14,-1.2745165032000002e-11,-2.7663635616100005e-14,-4.959595435280002e-12,-1.5038262003700003e-14,-2.6265444858240007e-11,-5.69913428821e-14,-7.280774747700001e-12,-1.5656085555199997e-14,-7.095405002474999e-11,-2.844453732426e-13,-7.681740781503001e-11,-1.774785004518e-13,-5.0992413907978e-10,-1.8629432689944e-12,-2.114506568734e-09,-8.701529027570001e-12,-4.9164038725700046e-11,-1.8186817693840004e-13,-2.602838491650001e-11,-9.75175204909e-14,-3.579654095809999e-10,-1.499179184233e-12,0.0,0.0,0.0,0.0,0.0,0.0,0.0,0.0,0.0,0.0,-4.3315783322319997e-10,-1.7785648816622999e-12,0.0,0.0,-2.5476644019572e-09,-1.0480093909232302e-11,-1.4405423362220001e-08,-5.874280368104006e-11,-7.264609931730003e-11,-2.817407416611e-13,-2.897171446673e-11,-1.0942812562050001e-13,-2.195703532803301e-10,-9.280189362871694e-13,0.0,0.0,0.0,0.0,0.0,0.0,0.0,0.0,0.0,0.0,-3.211881670643601e-10,-1.3191878035687695e-12,0.0,0.0,-1.4726611529284361e-08,-6.006199148460883e-11
-21.50715882,-1.864e-06,-1.486e-08,-1.0621486440000002e-08,-8.83521738e-11,-3.22757834e-10,-2.422620849e-12,-4.91409549e-10,-3.89703925e-12,-3.8417291630000004e-10,-2.9319701224e-12,0.0,0.0,0.0,0.0,0.0,0.0,0.0,0.0,0.0,0.0,-1.1983402993e-09,-9.2516302214e-12,0.0,0.0,-1.1819826739300001e-08,-9.76038040214e-11,-3.2861051695e-08,-2.486399522700001e-10,-2.7133854835000014e-09,-2.157418625e-11,-2.1787442069999993e-09,-1.7346898981999997e-11,-1.586400922242e-09,-1.1804357001979996e-11,-2.3086701248600006e-09,-1.0977510554719994e-11,-1.1629124613699996e-09,-4.9232175814900004e-12,-4.5067099265400007e-10,-2.67180027102e-12,-2.3795002800980014e-09,-1.0093175130170001e-11,-6.682308223500001e-10,-2.8091296647000003e-12,-6.478530612742001e-09,-5.072544223397999e-11,-6.969984681332002e-09,-3.14748332021e-11,-4.6309566989074e-08,-3.3084022770608005e-10,-1.921045233626001e-07,-1.5457906785759997e-09,-4.412489923430002e-09,-3.197997133939995e-11,-2.34550844519e-09,-1.7205554059300006e-11,-3.260457676389001e-08,-2.6681600937689997e-10,0.0,0.0,0.0,0.0,0.0,0.0,0.0,0.0,0.0,0.0,-3.936257513251001e-08,-3.160015347755999e-10,0.0,0.0,-2.314670984951101e-07,-1.8617922133515997e-09,-1.3093167085489993e-06,-1.0439206870740004e-08,-6.5246132535499975e-09,-4.9575090838600003e-11,-2.6180357922549997e-09,-1.9359557460800006e-11,-1.996982541964999e-08,-1.6504410519283986e-10,0.0,0.0,0.0,0.0,0.0,0.0,0.0,0.0,0.0,0.0,-2.9112474465454986e-08,-2.339787534922399e-10,0.0,0.0,-1.3384291830144542e-06,-1.0673185624232245e-08
-21.39715882,-9.028e-05,-1.417e-06,-5.14562897e-07,-8.42244054e-09,-1.595620965e-08,-2.3480289309999997e-10,-2.39891007e-08,-3.7355527800000003e-10,-1.8428353709999998e-08,-2.7782912920000004e-10,0.0,0.0,0.0,0.0,0.0,0.0,0.0,0.0,0.0,0.0,-5.837366406e-08,-8.861873003e-10,0.0,0.0,-5.7293656106e-07,-9.308627840300001e-09,-1.5869851583e-06,-2.3659814513e-08,-1.3211073432999996e-07,-2.0630147122999997e-09,-1.0882035115999998e-07,-1.6904457053999994e-09,-7.545767507360003e-08,-1.111271815933e-09,-1.106662374529e-07,-1.0378920310549994e-09,-5.6782004508e-08,-4.710616676020001e-10,-2.1809217909199994e-08,-2.5457834052900016e-10,-1.1465287128739997e-07,-9.570109485920001e-10,-3.292191753099999e-08,-2.7210860756999996e-10,-3.163887605636e-07,-4.864732233632999e-09,-3.3683224868849997e-07,-2.9926515953479996e-09,-2.2402061675521e-06,-3.1517198341980997e-08,-9.300639866050003e-06,-1.4735609057179996e-07,-2.095071334626999e-07,-3.0042281920899993e-09,-1.1208360095229998e-07,-1.62317065664e-09,-1.584494653768999e-06,-2.5501594586489992e-08,0.0,0.0,0.0,0.0,0.0,0.0,0.0,0.0,0.0,0.0,-1.9060853881839988e-06,-3.012899343521999e-08,0.0,0.0,-1.1206725254234002e-05,-1.7748508400701996e-07,-6.34304790836e-05,-9.956862872680006e-07,-3.1015786787760005e-07,-4.661093483420002e-09,-1.2575137449079999e-07,-1.8346097714070007e-09,-9.686032577823395e-07,-1.5756231439463007e-08,0.0,0.0,0.0,0.0,0.0,0.0,0.0,0.0,0.0,0.0,-1.4045125001507396e-06,-2.225193469429001e-08,0.0,0.0,-6.483499158375075e-05,-1.0179382219622905e-06
-21.286158819999997,-0.002307,-7.212e-05,-1.3147155369999999e-05,-4.2858465300000003e-07,-4.21431375e-07,-1.2252504130000001e-08,-6.201757300000001e-07,-1.91503875e-08,-4.6451550820000003e-07,-1.4027038677e-08,0.0,0.0,0.0,0.0,0.0,0.0,0.0,0.0,0.0,0.0,-1.5061226132000002e-06,-4.5429930307e-08,0.0,0.0,-1.4653277983199998e-05,-4.7401458330700005e-07,-4.0327329630999995e-05,-1.1998583179999997e-06,-3.4060209822000016e-06,-1.0549829283999998e-07,-2.9231305534999982e-06,-8.898332768000001e-08,-1.8716251589080003e-06,-5.5479985782700004e-08,-2.7812043780999983e-06,-5.21558669435e-08,-1.4734909362499996e-06,-2.4138446992500004e-08,-5.5635051336e-07,-1.2948153005700003e-08,-2.9043030349400004e-06,-4.82965515495e-08,-8.666679021100001e-07,-1.41953772661e-08,-8.200776694608e-06,-2.499616063027e-07,-8.582016764759999e-06,-1.517343957573e-07,-5.711012309036799e-05,-1.6015543200599997e-06,-0.0002375026004615002,-7.4978298451999965e-06,-5.189947876229998e-06,-1.495128064566999e-07,-2.8041003306100006e-06,-8.134573061059997e-08,-4.070711913563999e-05,-1.3026558066970006e-06,0.0,0.0,0.0,0.0,0.0,0.0,0.0,0.0,0.0,0.0,-4.870116734247999e-05,-1.5335143437643005e-06,0.0,0.0,-0.0002862037678039802,-9.031344188964297e-06,-0.0016216566196779999,-5.0690568610370015e-05,-7.6940247512e-06,-2.3236988883159995e-07,-3.1734593852099982e-06,-9.257330664840003e-08,-2.4809936660962014e-05,-8.036063451577403e-07,0.0,0.0,0.0,0.0,0.0,0.0,0.0,0.0,0.0,0.0,-3.5677420797372015e-05,-1.1285495406377402e-06,0.0,0.0,-0.0016573340404753719,-5.1819118151007756e-05
-21.176158819999998,-0.03045,-0.001941,-0.000173462647,-1.152523171e-05,-5.86864672e-06,-3.421712e-07,-8.3085331e-06,-5.19728e-07,-6.008836758999999e-06,-3.732720491999999e-07,0.0,0.0,0.0,0.0,0.0,0.0,0.0,0.0,0.0,0.0,-2.0186016579e-05,-1.2351712492e-06,0.0,0.0,-0.000193648663579,-1.27604029592e-05,-0.0005261790482900004,-3.2071591839e-05,-4.5739670200000006e-05,-2.8624671977999998e-06,-4.1874325147000015e-05,-2.5213035333999994e-06,-2.34822797291e-05,-1.449059602761e-06,-3.56813150613e-05,-1.3758776893529996e-06,-2.0040291698400004e-05,-6.582826471500006e-07,-7.3082424918000004e-06,-3.47485972294e-07,-3.774970144389998e-05,-1.282881255079e-06,-1.2054892281700002e-05,-3.9748696091999994e-07,-0.00011109627507610002,-6.832830333960999e-06,-0.00011283444297709999,-4.062014524796e-06,-0.0007501097663432004,-4.2966436697757e-05,-0.0031307981424969988,-0.00020169048505289997,-6.505731173979999e-05,-3.892490954430001e-06,-3.5773076036699985e-05,-2.1395978656700005e-06,-0.0005415998669249997,-3.523180205474e-05,0.0,0.0,0.0,0.0,0.0,0.0,0.0,0.0,0.0,0.0,-0.0006424302547014996,-4.1263890874840005e-05,0.0,0.0,-0.0037732283971984985,-0.00024295437592773998,-0.02141325015456999,-0.0013645774356469988,-9.668420592160001e-05,-6.0601998954999995e-06,-4.110158440360001e-05,-2.461430877247999e-06,-0.00032883130743447986,-2.1694700591632985e-05,0.0,0.0,0.0,0.0,0.0,0.0,0.0,0.0,0.0,0.0,-0.00046661709775967986,-3.0216331364380982e-05,0.0,0.0,-0.021879867252329672,-0.0013947937670113798
-21.06615882,-0.1962,-0.02705,-0.001117087453,-0.00016043080169999999,-4.13688597e-05,-5.04321773e-06,-5.4585284000000004e-05,-7.312223499999999e-06,-3.761901606e-05,-5.130650927e-06,0.0,0.0,0.0,0.0,0.0,0.0,0.0,0.0,0.0,0.0,-0.00013357315976,-1.7486092157e-05,0.0,0.0,-0.00125066061276,-0.000177916893857,-0.0033027610645,-0.00044122365099999987,-0.00030704257975000006,-4.0534696849999994e-05,-0.0003101964749000002,-3.8087734943e-05,-0.0001377173116271,-1.926110797195e-05,-0.00021847706075499995,-1.8578054933699998e-05,-0.00013725558923099998,-9.4187185369e-06,-4.646039628300001e-05,-4.813172821799999e-06,-0.00023646310231699994,-1.75042896805e-05,-8.5617453936e-05,-5.909224644200001e-06,-0.0007549563662771002,-9.788353976494999e-05,-0.0007242736025219998,-5.62234606171e-05,-0.0047819910332991,-0.0005953306513820499,-0.020150696222280006,-0.0028089173295479998,-0.00038233711184800016,-5.157300505119999e-05,-0.00021715932702300012,-2.8809017417e-05,-0.00353898027339,-0.0004947366555820003,0.0,0.0,0.0,0.0,0.0,0.0,0.0,0.0,0.0,0.0,-0.0041384767122610005,-0.0005751186780502003,0.0,0.0,-0.024289172934541005,-0.0033840360075982003,-0.13811033924820007,-0.01903062006579002,-0.0005703574476570001,-8.053078851990003e-05,-0.0002577046308019999,-3.377430219849999e-05,-0.0021370282060857015,-0.0003039373581805201,0.0,0.0,0.0,0.0,0.0,0.0,0.0,0.0,0.0,0.0,-0.0029650902845447013,-0.0004182424488989201,0.0,0.0,-0.14107542953274477,-0.01944886251468894
-20.95515882,-0.4947,-0.1851,-0.0028147616799999997,-0.0010964205909999999,-0.000125722579,-3.77007582e-05,-0.000142654824,-5.0458692e-05,-9.0256048e-05,-3.459038357999999e-05,0.0,0.0,0.0,0.0,0.0,0.0,0.0,0.0,0.0,0.0,-0.000358633451,-0.00012274983377999997,0.0,0.0,-0.0031733951309999998,-0.00121917042478,-0.007602427070999998,-0.0029357354515999997,-0.0008945378698000002,-0.00028830973964,-0.0010490474875999988,-0.0002972633030000001,-0.00026686601827499994,-0.00012148235106979998,-0.0004843350664700001,-0.000120479280263,-0.00040385866471000014,-6.797723165899998e-05,-0.00011089780481,-3.243866238599999e-05,-0.0005568054501600003,-0.00011557490424099996,-0.00027080615471,-4.518685733899998e-05,-0.002210451375674999,-0.0007070553937098001,-0.0018267031408600006,-0.00038165693588799993,-0.011639581587534998,-0.0040244477811978,-0.050759270468800015,-0.019219553680700004,-0.0007507614071970001,-0.00032478461115300006,-0.0004708538901980001,-0.00018664566740300004,-0.009228930963790004,-0.0034268128537630004,0.0,0.0,0.0,0.0,0.0,0.0,0.0,0.0,0.0,0.0,-0.010450546261185004,-0.0039382431323190005,0.0,0.0,-0.06120981672998502,-0.023157796813019004,-0.34934231763300017,-0.13039843762889997,-0.0011290165393699992,-0.0005096148492109995,-0.0006204223598959996,-0.0002268579191860001,-0.005534165106433999,-0.0021013077392441986,0.0,0.0,0.0,0.0,0.0,0.0,0.0,0.0,0.0,0.0,-0.007283604005699999,-0.002837780507641198,0.0,0.0,-0.35662592163870016,-0.13323621813654116
-20.84515882,0.4179,-0.5106,0.00244208265,-0.0030161007400000004,9.661889999999997e-06,-0.00012347784700000001,7.9388776e-05,-0.00014009039699999998,9.228888310000001e-05,-9.392524130000001e-05,0.0,0.0,0.0,0.0,0.0,0.0,0.0,0.0,0.0,0.0,0.0001813395491,-0.0003574934853,0.0,0.0,0.0026234221990999998,-0.0033735942253,0.010899034183000002,-0.007394575906000004,-0.00010375346279999995,-0.0009061194423,-0.00041160394589999995,-0.0010641847541999997,0.000571726198478,-0.0002745059214490001,0.0006839619914699999,-0.00029303698826,5.2528290680000004e-05,-0.00021347258555200007,0.00013850340955,-8.453894432799999e-05,0.0006157139608999999,-0.00029418718048000004,-4.93192249e-05,-0.00015734133486000005,5.636878977800013e-05,-0.002244810117949,0.0014413884276999998,-0.00104257703348,0.012396791400478002,-0.010681963057429003,0.042606615706100054,-0.05304607346979999,0.001608583492178,-0.0007352338162300003,0.000753283234115,-0.0004551249251019999,0.006290361374300005,-0.009701794892319999,0.0,0.0,0.0,0.0,0.0,0.0,0.0,0.0,0.0,0.0,0.008652228100593004,-0.010892153633651999,0.0,0.0,0.05125884380669306,-0.06393822710345198,0.2892396431560001,-0.36052791297500003,0.0023934659475000003,-0.0011648187360499998,0.0006022283638600001,-0.000614791993991,0.0037822183963800004,-0.005952002263208995,0.0,0.0,0.0,0.0,0.0,0.0,0.0,0.0,0.0,0.0,0.006777912707740001,-0.007731612993249995,0.0,0.0,0.29601755586374007,-0.36825952596825
-20.735158820000002,4.886,0.2786,0.0287284504,0.0017173950800000001,0.00100776315,-2.0433361999999996e-05,0.0011215089500000001,5.633007599999999e-05,0.000934489505,5.4352088399999984e-05,0.0,0.0,0.0,0.0,0.0,0.0,0.0,0.0,0.0,0.0,0.003063761605,9.024880239999998e-05,0.0,0.0,0.031792212005,0.0018076438824000001,0.08718880275130002,0.008197077966000003,0.006324801454,-0.00029245289499999996,0.007617529907999998,-0.0005756701615,0.0032223786685500002,0.00039545473976099985,0.005191807387277999,0.0003165980722800001,0.0033327165329659998,-1.0088786106999998e-05,0.0012312039746300001,7.847843352800001e-05,0.005567939970299999,0.0002510457182099999,0.002026794906999999,-7.479990487e-05,0.017164710030549996,-0.00047266831673900014,0.017350462772174,0.0005612335330410001,0.12170397555402401,0.008285643182302002,0.49942717473700016,0.02825040861370001,0.009573860408326989,0.0011020631223986996,0.0054665868815970044,0.0005097750347069998,0.0875005095351,0.0040950098027800015,0.0,0.0,0.0,0.0,0.0,0.0,0.0,0.0,0.0,0.0,0.10254095682502398,0.005706847959885701,0.0,0.0,0.6019681315620241,0.03395725657358571,3.4334754656900004,0.19159218788999993,0.014412498227569993,0.0017108565761900002,0.006240933853830002,0.0003151654217,0.05205508355802502,0.002344926868895001,0.0,0.0,0.0,0.0,0.0,0.0,0.0,0.0,0.0,0.0,0.07270851563942501,0.004370948866785001,0.0,0.0,3.5061839813294253,0.19596313675678492
-20.624158819999998,11.48,4.736,0.069621679,0.0288771191,0.0025870943400000002,0.0009205135529999999,0.0024984736000000004,0.00105899807,0.00213646361,0.000892398592,0.0,0.0,0.0,0.0,0.0,0.0,0.0,0.0,0.0,0.0,0.007222031550000001,0.0028719102149999997,0.0,0.0,0.07684371055,0.031749029315,0.17850937894000002,0.07968085645689998,0.020960063862000004,0.006082273265,0.024565649754000003,0.007440061624999999,0.005649133220699999,0.0029198269510900005,0.010764951090999996,0.002945485461590001,0.009040025799910003,0.0017075393458199995,0.0026117192047,0.0008780065519700001,0.012162427658539997,0.0028053178831899997,0.006048361699999999,0.0010904978485000002,0.051174846836700004,0.01644216184109,0.04062748545414999,0.00942684709107,0.27031171123085,0.10554986538905999,1.1754415816300003,0.4892736189560001,0.017821021653069997,0.008380226823065004,0.011142330899840002,0.004819229231917,0.21289440677100002,0.08702219537019995,0.0,0.0,0.0,0.0,0.0,0.0,0.0,0.0,0.0,0.0,0.24185775932391002,0.10022165142518195,0.0,0.0,1.4172993409539103,0.589495270381182,8.095735639999996,3.328791064729999,0.02692229911659999,0.013276090350649996,0.014712960878299998,0.005574237543857999,0.12670834677473997,0.052631055725903576,0.0,0.0,0.0,0.0,0.0,0.0,0.0,0.0,0.0,0.0,0.16834360676963994,0.07148138362041156,0.0,0.0,8.264079246769635,3.4002724483504108
-20.51415882,16.15,11.62,0.09581442300000001,0.07300860599999999,0.0037492778999999995,0.00249413852,0.0049179558,0.0023360919,0.0026915503999999997,0.00218919766,0.0,0.0,0.0,0.0,0.0,0.0,0.0,0.0,0.0,0.0,0.0113587841,0.00701942808,0.0,0.0,0.10717320710000001,0.08002803407999999,0.20675211050000003,0.16883037081,0.04111082847,0.020962097523870002,0.04054294733,0.02482797838449999,0.006834002083000002,0.00560612563119,0.015465437549000004,0.0063151920427999995,0.013954202789100001,0.0048039851835,0.003098232946,0.0019407764128999993,0.018298834994999996,0.0063013855722,0.009999418000000001,0.0035167142730000004,0.08848777788300001,0.051396201539559996,0.060816126279100005,0.022878053484399998,0.3560560146621,0.24310462583395998,1.664908726325,1.2048519818500003,0.020724410699330002,0.016837769428109998,0.013845754379,0.010459333714869998,0.30863061914839984,0.21992755503400005,0.0,0.0,0.0,0.0,0.0,0.0,0.0,0.0,0.0,0.0,0.34320078422672984,0.24722465817698006,0.0,0.0,2.00810951055173,1.4520766400269804,11.442912344129992,8.194866866820004,0.03088336294400002,0.026870254867099992,0.021611946095899993,0.014271071387800005,0.18638997760980006,0.13396112615628988,0.0,0.0,0.0,0.0,0.0,0.0,0.0,0.0,0.0,0.0,0.23888528664970007,0.17510245241118988,0.0,0.0,11.681797630779691,8.369969319231194
-20.40415882,19.63,16.24,0.08889869400000001,0.100740744,0.00660718326,0.0036490407999999995,0.0121997628,0.0044019776,0.0025330382,0.002779924,0.0,0.0,0.0,0.0,0.0,0.0,0.0,0.0,0.0,0.0,0.02133998426,0.0108309424,0.0,0.0,0.11023867826000001,0.1115716864,0.19898685599999993,0.1942767408,0.05931212217999998,0.04040378093000001,0.05183103034999998,0.04064880017,0.010845171794999995,0.0070384132923,0.02320812562,0.008875992084999998,0.019723820734,0.007181400207000002,0.003000947199999999,0.002323308301,0.028588790630000003,0.0091811147656,0.014390199519999996,0.005793043905999998,0.12198832432499995,0.0880909943923,0.088911883704,0.033354859264599995,0.4098870640289999,0.3157225944569,2.0563783017899997,1.6948330697300007,0.023880413252380005,0.019979593859810994,0.015327312285,0.013213634594860009,0.38608765350099994,0.31515130473734,0.0,0.0,0.0,0.0,0.0,0.0,0.0,0.0,0.0,0.0,0.42529537903837994,0.348344533192011,0.0,0.0,2.4816736808283797,2.043177602922012,14.028227428399996,11.497637156311002,0.033527029380400024,0.031555391663000025,0.0265461652545,0.02156499322879999,0.243115629491,0.19502267240670004,0.0,0.0,0.0,0.0,0.0,0.0,0.0,0.0,0.0,0.0,0.30318882412590004,0.24814305729850006,0.0,0.0,14.331416252525896,11.745780213609503
-20.29415882,25.58,19.21,0.061462892,0.091514516,0.014295684999999999,0.0066067530999999995,0.023584915499999998,0.0115700959,0.0045389325,0.0024920481,0.0,0.0,0.0,0.0,0.0,0.0,0.0,0.0,0.0,0.0,0.042419532999999995,0.0206688971,0.0,0.0,0.103882425,0.1121834131,0.22558902199999994,0.18088249800000006,0.0740706833,0.05763749449999999,0.06554891690000002,0.051043050000000006,0.02401826883000001,0.011074081878999999,0.033793087189999994,0.013065247699000002,0.029968925549999994,0.009481736333000004,0.003334181329999999,0.00220711985,0.043036691599999996,0.013852282844999998,0.021320203211,0.008062600310000003,0.16363786903000002,0.119754626379,0.131453088881,0.04666898703700001,0.5206799799109999,0.34730611141600004,2.73166426415,2.039463905800001,0.02995386927600001,0.022570183828799998,0.017744023686700007,0.01459121704739999,0.5182762755460004,0.38334050805400005,0.0,0.0,0.0,0.0,0.0,0.0,0.0,0.0,0.0,0.0,0.5659741685087004,0.42050190893020006,0.0,0.0,3.2976384326587005,2.459965814730201,18.43596989011,13.725332168699996,0.039643172,0.033343297660099996,0.030079839601000004,0.026490926221199997,0.34489317305800005,0.24748642749000005,0.0,0.0,0.0,0.0,0.0,0.0,0.0,0.0,0.0,0.0,0.4146161846590001,0.30732065137130005,0.0,0.0,18.850586074769,14.032652820071297
-20.183158820000003,35.7,25.19,0.05029432,0.06130254,0.023781245,0.0149086667,0.030733491,0.0242636222,0.013612845,0.0039997908,0.0,0.0,0.0,0.0,0.0,0.0,0.0,0.0,0.0,0.0,0.068127581,0.043172079700000004,0.0,0.0,0.11842190100000001,0.10447461970000001,0.29686677000000006,0.20697998599999992,0.09769661600000001,0.0736590604,0.08502693200000001,0.06476314413999999,0.051698882333999996,0.023624621509999996,0.04356016199999999,0.019732577649999992,0.047712322831000006,0.014242399624000002,0.004324801099999999,0.002493333000000001,0.05704370340000001,0.0213402591,0.033723289399999995,0.012060291780000005,0.234422430334,0.16204682604999998,0.186364278731,0.069868861154,0.7176534790650001,0.4388956732039999,3.849118180500001,2.7296693117100004,0.034975220037000015,0.029203514912000003,0.02521664137560001,0.017352881407629993,0.7357826249000001,0.5175083514500001,0.0,0.0,0.0,0.0,0.0,0.0,0.0,0.0,0.0,0.0,0.7959744863126001,0.5640647477696301,0.0,0.0,4.645092666812602,3.2937340594796303,25.796032912999998,18.16891172040002,0.046117842247999995,0.039901008931000015,0.03860989098500002,0.030607533023,0.51121312048,0.35328878318699997,0.0,0.0,0.0,0.0,0.0,0.0,0.0,0.0,0.0,0.0,0.595940853713,0.423797325141,0.0,0.0,26.391973766712997,18.592709045541017
-20.073158820000003,48.81,34.85,0.07047991999999999,0.04856565,0.0285509,0.02432609,0.030423823000000003,0.032944603,0.026198779000000002,0.01160816,0.0,0.0,0.0,0.0,0.0,0.0,0.0,0.0,0.0,0.0,0.08517350200000001,0.068878853,0.0,0.0,0.15565342199999999,0.117444503,0.37535090000000004,0.27462341,0.13590732,0.094859688,0.11216449000000005,0.08254015500000003,0.08514635079999996,0.04858068398,0.057477319,0.025816476400000007,0.07596335242999998,0.022111236399999998,0.005668168,0.0033835300999999996,0.07627286700000004,0.02850086250000001,0.054396243,0.018980730300000002,0.3332181608,0.22598052698000004,0.26977794943,0.09879283570000001,0.97834701023,0.59939677268,5.286785458000003,3.8100395040000024,0.043042058468000015,0.03442131992999998,0.04710825412220002,0.022531977896199994,0.9999896982000004,0.7295227524000004,0.0,0.0,0.0,0.0,0.0,0.0,0.0,0.0,0.0,0.0,1.0901400107902004,0.7864760502262004,0.0,0.0,6.376925468790204,4.596515554226203,35.25327186999998,25.204921420000005,0.05790134989999999,0.04637342614999999,0.06506873360000001,0.03714818945200001,0.7193575853799997,0.5170103868499998,0.0,0.0,0.0,0.0,0.0,0.0,0.0,0.0,0.0,0.0,0.8423276688799998,0.6005320024519998,0.0,0.0,36.09559953887998,25.805453422452004
-19.963158819999997,58.71,46.42,0.07808478,0.06895244000000002,0.02641681,0.027903749999999998,0.028176326999999998,0.03193638,0.029502374999999997,0.023587573999999997,0.0,0.0,0.0,0.0,0.0,0.0,0.0,0.0,0.0,0.0,0.084095512,0.08342770399999999,0.0,0.0,0.162180292,0.15238014400000002,0.4051530099999999,0.3363483000000001,0.15911126000000003,0.12392145000000002,0.13705579599999998,0.10433029800000003,0.10416871659999996,0.0798025909,0.07662262,0.033249139000000004,0.1077074795,0.035281524430000016,0.006341788000000002,0.004459492000000001,0.1034627868,0.037669390999999997,0.07745375999999998,0.030742392099999995,0.4003357726,0.30805433890000006,0.3715884343,0.14140193853000002,1.1770772169,0.7858045774300002,6.417102917000002,5.094082386999998,0.054638982030000005,0.03899767407199999,0.07118367099600004,0.037267297071900005,1.19737099,0.9725233091000003,0.0,0.0,0.0,0.0,0.0,0.0,0.0,0.0,0.0,0.0,1.323193643026,1.0487882802439004,0.0,0.0,7.740296560026002,6.142870667243898,42.466312819999985,33.55786370000001,0.07243231970000004,0.054564566,0.09125792119999995,0.05633720428900001,0.8941380832999999,0.7106468029100005,0.0,0.0,0.0,0.0,0.0,0.0,0.0,0.0,0.0,0.0,1.0578283242,0.8215485731990005,0.0,0.0,43.52414114419999,34.379412273199016
-19.85215882,62.84,55.49,0.044843259999999996,0.07787743,0.022700787999999996,0.02600679,0.027944225000000003,0.027378132,0.024557377000000002,0.029849267000000006,0.0,0.0,0.0,0.0,0.0,0.0,0.0,0.0,0.0,0.0,0.07520239000000001,0.083234189,0.0,0.0,0.12004565,0.161111619,0.3997157000000001,0.3540405999999999,0.15396598000000003,0.14308708,0.14798685,0.12342871999999998,0.11015733100000001,0.09859593845000002,0.09458106000000002,0.04435319400000001,0.13551353930000004,0.05310915210000001,0.0058809920000000016,0.004971061000000001,0.131530444,0.052022453999999996,0.097247276,0.04520257899999999,0.41211016100000003,0.36511173845,0.4647533113000001,0.1996584401,1.2765791723000002,0.9188107785499999,6.964582169000001,6.146677967,0.06848782323300003,0.04770877804,0.079724361869,0.05936065206599998,1.2897656822000008,1.1576401654,0.0,0.0,0.0,0.0,0.0,0.0,0.0,0.0,0.0,0.0,1.4379778673020007,1.264709595506,0.0,0.0,8.402560036302,7.4113875625059995,45.605855440000006,40.17896233000001,0.08653364707000002,0.0673774294,0.09635755489999995,0.08099722789999997,1.0033123643400004,0.8794280913500001,0.0,0.0,0.0,0.0,0.0,0.0,0.0,0.0,0.0,0.0,1.1862035663100003,1.02780274865,0.0,0.0,46.792059006310005,41.20676507865001
-19.74215882,62.01,58.62,0.0127441,0.045682270000000004,0.024328721,0.022644524000000003,0.027018016000000006,0.026087858,0.022187011099999997,0.026976854,0.0,0.0,0.0,0.0,0.0,0.0,0.0,0.0,0.0,0.0,0.0735337481,0.075709236,0.0,0.0,0.0862778481,0.12139150600000001,0.4402817900000002,0.3352144999999999,0.13865177999999995,0.14051352999999997,0.149413,0.13036183999999992,0.10743231099999999,0.10132848799999998,0.099145251,0.05466031399999999,0.14284655019999998,0.06867638400000002,0.005473694,0.004700194000000001,0.14039994809999998,0.06649742800000003,0.10395238399999997,0.05683283599999999,0.3954970909999999,0.3722038579999999,0.4918178272999999,0.25136715600000004,1.3275967083,0.9587855139999998,6.925412436,6.585763461999997,0.08285635784100004,0.06303161926200002,0.08554086030000002,0.07291841368099997,1.2586603355000001,1.2208740988000004,0.0,0.0,0.0,0.0,0.0,0.0,0.0,0.0,0.0,0.0,1.4270575536410002,1.3568241317430003,0.0,0.0,8.352469989641001,7.9425875937429975,44.99271680000001,42.601601529999975,0.09984290209,0.08493616699999999,0.10458603965000003,0.09135319339999998,1.00581023964,0.9681068109999998,0.0,0.0,0.0,0.0,0.0,0.0,0.0,0.0,0.0,0.0,1.21023918138,1.1443961713999997,0.0,0.0,46.20295598138001,43.74599770139997
-19.63215882,51.7,58.22,0.00361222,0.014460045,0.025711724,0.023279822000000006,0.018165648,0.026744763999999997,0.0204845562,0.022660602470000003,0.0,0.0,0.0,0.0,0.0,0.0,0.0,0.0,0.0,0.0,0.0643619282,0.07268518847000001,0.0,0.0,0.0679741482,0.08714523347,0.4840179299999999,0.34314431100000004,0.10545074999999998,0.13247526999999998,0.13450351160000001,0.13728359,0.08836567199999998,0.09842874239999998,0.07778742900000002,0.05914105099999999,0.11561740900000002,0.07461465840000002,0.005085068799999999,0.0047053124,0.112647078,0.07364580940000001,0.08781497400000002,0.06219454600000001,0.3283199336,0.3681876024,0.39895195880000006,0.27430137720000003,1.2112898224,0.9856332906,5.769288515900003,6.601053677,0.08287509354399998,0.08062451921999994,0.09383557593400003,0.07960673280999998,1.0049074109700005,1.1987830740999996,0.0,0.0,0.0,0.0,0.0,0.0,0.0,0.0,0.0,0.0,1.1816180804480005,1.3590143261299996,0.0,0.0,6.950906596348004,7.96006800313,37.346240154,42.354192051199995,0.09626070590000003,0.10309202857929994,0.12204022228,0.09804484564299998,0.815271421009,0.9777171674790001,0.0,0.0,0.0,0.0,0.0,0.0,0.0,0.0,0.0,0.0,1.033572349189,1.1788540417013,0.0,0.0,38.379812503189,43.533046092901294
-19.521158819999997,43.08,51.29,0.003955289999999999,0.00489316,0.017589958,0.026473131899999995,0.007270265,0.019629101,0.01440884,0.0211366857,0.0,0.0,0.0,0.0,0.0,0.0,0.0,0.0,0.0,0.0,0.039269063,0.0672389186,0.0,0.0,0.043224353,0.0721320786,0.4968903999999999,0.360839485,0.08281065,0.11010916999999998,0.13890184999999997,0.13382700599999997,0.07824128,0.08522093600000001,0.061817588000000014,0.05077797559999999,0.09555523000000002,0.0650182188,0.0044319392,0.004935070600000001,0.09298402599999998,0.06425588187999999,0.079727048,0.056772269000000014,0.29995377999999995,0.329157112,0.3345158312,0.24175941588,1.1313600112,0.93175601288,4.814926792,5.827595082999998,0.07862275837000003,0.07910170250799997,0.11086568598999995,0.08446778981699996,0.7883897299999995,1.0309878965000006,0.0,0.0,0.0,0.0,0.0,0.0,0.0,0.0,0.0,0.0,0.9778781743599995,1.1945573888250005,0.0,0.0,5.792804966359999,7.022152471824998,30.95561900000001,37.21740847500001,0.08978454120000001,0.09690264180000002,0.14729888859999996,0.10679871379500003,0.6582020152620005,0.854196418669,0.0,0.0,0.0,0.0,0.0,0.0,0.0,0.0,0.0,0.0,0.8952854450620005,1.0578977742640001,0.0,0.0,31.85090444506201,38.27530624926401
-19.411158819999997,47.18,38.99,0.005238699999999999,0.0030637299999999998,0.00719541,0.020231475000000002,0.003283096,0.00840516,0.007487281,0.017511238999999998,0.0,0.0,0.0,0.0,0.0,0.0,0.0,0.0,0.0,0.0,0.017965787,0.046147874,0.0,0.0,0.023204487,0.049211604,0.5286501599999999,0.3570164600000001,0.10735358999999998,0.07355179999999997,0.18794333099999994,0.10764428799999996,0.09948310299999998,0.06618689,0.07937904999999999,0.034344412,0.11591649000000002,0.04500966399999999,0.004702103699999999,0.0042869488999999995,0.113876656,0.04484368699999999,0.10009701400000004,0.04093082199999999,0.3947800239999999,0.24738297799999992,0.41397131370000007,0.16941553389999997,1.3374014976999997,0.7738149719,5.307910629999999,4.430650192,0.08988875615099999,0.063051221769,0.1379170453890001,0.08027418381,0.844766269,0.7587323811999998,0.0,0.0,0.0,0.0,0.0,0.0,0.0,0.0,0.0,0.0,1.0725720705400001,0.9020577867789997,0.0,0.0,6.380482700539999,5.332707978778999,33.85059840000001,28.165510590000007,0.10273819903999999,0.07371898880000002,0.18307663259999998,0.10472680889999991,0.7234423747899997,0.6396100284300003,0.0,0.0,0.0,0.0,0.0,0.0,0.0,0.0,0.0,0.0,1.0092572064299996,0.8180558261300002,0.0,0.0,34.85985560643001,28.983566416130007
-19.301158819999998,49.94,35.25,0.0052414,0.0036705600000000002,0.0025871949999999996,0.008117193,0.0027132399999999996,0.0032733160000000005,0.0032700199999999994,0.00942195,0.0,0.0,0.0,0.0,0.0,0.0,0.0,0.0,0.0,0.0,0.008570454999999998,0.020812459000000002,0.0,0.0,0.013811854999999998,0.024483019,0.5379228000000001,0.4136679,0.15040186000000005,0.062742236,0.20547907000000004,0.11462954400000001,0.11887538999999994,0.06480494700000002,0.09688835000000001,0.029728201,0.13285355,0.039452509999999996,0.0056963842,0.0034246131000000004,0.127234474,0.040719638999999995,0.10543629500000001,0.03522363599999999,0.47475632,0.24217672700000004,0.4681090532,0.14854859909999998,1.4807881732000001,0.8043932261,5.622431984999998,4.0234370639999995,0.09711877120899998,0.06535199354200004,0.12924867894999997,0.09072745192200003,0.9077402919999996,0.6551720382999997,0.0,0.0,0.0,0.0,0.0,0.0,0.0,0.0,0.0,0.0,1.1341077421589996,0.8112514837639998,0.0,0.0,6.756539727158997,4.834688547763999,35.81350566000001,25.333035340000016,0.10940244349999999,0.07494741966999997,0.18061231390000015,0.12252062711999999,0.7699311301699998,0.5650553561000001,0.0,0.0,0.0,0.0,0.0,0.0,0.0,0.0,0.0,0.0,1.0599458875699999,0.7625234028900001,0.0,0.0,36.87345154757001,26.095558742890017
-19.19115882,49.04,41.18,0.015577899999999999,0.00614611,0.00193074,0.0023662199999999996,0.00216676,0.00244389,0.0017572950000000003,0.00295971,0.0,0.0,0.0,0.0,0.0,0.0,0.0,0.0,0.0,0.0,0.005854795,0.00776982,0.0,0.0,0.021432694999999998,0.01391593,0.5419710999999998,0.49954839999999995,0.19085867099999998,0.09248287000000001,0.19008615999999998,0.17270899999999995,0.11911433999999999,0.08076246800000002,0.09351475599999998,0.03957457699999998,0.12702122000000002,0.05448532559999999,0.006970451000000002,0.0032903040400000002,0.11464101100000001,0.054193168,0.08956268999999999,0.0493410255,0.500059171,0.345954338,0.43171012799999997,0.20088440013999997,1.4737403989999998,1.0463871381399998,5.494262700000002,4.730289560000002,0.08950929845999997,0.08069181694800007,0.097626228738,0.12479602159899994,0.9210907399999999,0.74124501,0.0,0.0,0.0,0.0,0.0,0.0,0.0,0.0,0.0,0.0,1.1082262671979999,0.946732848547,0.0,0.0,6.602488967198002,5.677022408547002,35.1308874,29.487593999999998,0.09997641000000002,0.09360587956599999,0.15124811999999996,0.16643940714000013,0.7571255902000004,0.6536082773000002,0.0,0.0,0.0,0.0,0.0,0.0,0.0,0.0,0.0,0.0,1.0083501202000003,0.9136535640060003,0.0,0.0,36.1392375202,30.401247564006
-19.08015882,55.59,48.84,0.04504144000000001,0.021451300000000003,0.0027178699999999994,0.00187809,0.001777802,0.0022151799999999998,0.0021839790000000004,0.0013145936,0.0,0.0,0.0,0.0,0.0,0.0,0.0,0.0,0.0,0.0,0.006679651,0.0054078636,0.0,0.0,0.05172109100000001,0.026859163600000003,0.57950603,0.5496951099999999,0.22808942000000001,0.15478860599999997,0.20519744000000004,0.2113357,0.14618939999999994,0.10265992600000003,0.09753402900000001,0.051540917,0.14211212699999998,0.06979049200000002,0.009405291499999996,0.0039327266,0.12149548999999998,0.06630432599999998,0.09746766330000002,0.06140582000000001,0.57947626,0.46878423199999997,0.4680146008,0.2529742816,1.6269968908,1.2714536236,6.222889511999996,5.609563185000001,0.09583956261429999,0.09390767967999998,0.10771039109,0.1356637691499999,1.0506503873000004,0.8909975204000006,0.0,0.0,0.0,0.0,0.0,0.0,0.0,0.0,0.0,0.0,1.2542003410043003,1.1205689692300005,0.0,0.0,7.477089853004296,6.730132154230001,39.78728804000001,34.92176550000001,0.10610457300000005,0.10855310839999999,0.1753381030000001,0.18124190859999992,0.8650997064000001,0.7843614959999996,0.0,0.0,0.0,0.0,0.0,0.0,0.0,0.0,0.0,0.0,1.1465423824000003,1.0741565129999995,0.0,0.0,40.93383042240001,35.995922013000005
-18.97015882,65.75,55.31,0.06174385,0.055257499999999994,0.0039021399999999997,0.00253781,0.0017001901000000001,0.0019215499999999997,0.002551647,0.00168836,0.0,0.0,0.0,0.0,0.0,0.0,0.0,0.0,0.0,0.0,0.0081539771,0.00614772,0.0,0.0,0.0698978271,0.061405219999999996,0.5614082600000001,0.5991051,0.25017635,0.21429895000000004,0.24161997999999996,0.21206229999999993,0.21265095,0.11670726000000003,0.12186016000000001,0.05644997999999998,0.18497976000000002,0.07333479999999999,0.012501888500000006,0.0047156467,0.16740026,0.06706816,0.13204514000000003,0.059739199999999985,0.7044472799999999,0.54306851,0.6187872085,0.2613077867,1.8846427485000001,1.4034813967,7.402216189,6.319420340000002,0.11338865313499998,0.10693063299700002,0.14216594068999996,0.119222434867,1.2354063780000009,1.0369092079999997,0.0,0.0,0.0,0.0,0.0,0.0,0.0,0.0,0.0,0.0,1.4909609718250008,1.2630622758639998,0.0,0.0,8.893177160825001,7.582482615864002,47.11498302950001,39.513654499999994,0.12377891599999999,0.12126180080000001,0.23206824545999996,0.16424744299999994,1.0465847408000004,0.8977952558,0.0,0.0,0.0,0.0,0.0,0.0,0.0,0.0,0.0,0.0,1.4024319022600005,1.1833044996,0.0,0.0,48.51741493176001,40.69695899959999
-18.860158820000002,71.88,56.62,0.04255072999999999,0.06843943,0.006993535000000001,0.0034836900000000002,0.004122654999999999,0.0018912852,0.0017008929999999998,0.001689516,0.0,0.0,0.0,0.0,0.0,0.0,0.0,0.0,0.0,0.0,0.012817083,0.0070644912,0.0,0.0,0.05536781299999999,0.07550392119999999,0.4537885099999999,0.5674694680000001,0.26618655,0.22895152000000002,0.2761571100000001,0.21329713200000006,0.26314669800000007,0.1180642,0.142056403,0.058790661000000015,0.21377532999999996,0.0752712,0.014197604900000002,0.004620452100000002,0.20919687299999998,0.06705421999999998,0.15839796,0.060435029,0.8054903580000001,0.560312852,0.7376241709,0.2661715621,1.9969030389,1.3939538821000002,8.151415288999994,6.467804904,0.10822469008300005,0.10882085251499998,0.15299592948800003,0.11237198794600003,1.3839500837,1.0727354010999999,0.0,0.0,0.0,0.0,0.0,0.0,0.0,0.0,0.0,0.0,1.6451707032710001,1.2939282415609998,0.0,0.0,9.796585992270995,7.761733145561,51.72470018000002,40.489761910000006,0.12027094769999994,0.12149306790000002,0.24514718600000002,0.15777834300500004,1.187999202,0.9302350477000003,0.0,0.0,0.0,0.0,0.0,0.0,0.0,0.0,0.0,0.0,1.5534173357,1.2095064586050004,0.0,0.0,53.27811751570002,41.699268368605004
-18.749158819999998,75.81,62.68,0.022075679999999997,0.041937048,0.012874032999999998,0.0075527500000000004,0.010787432,0.004606354000000001,0.0008613275000000001,0.0012608631,0.0,0.0,0.0,0.0,0.0,0.0,0.0,0.0,0.0,0.0,0.024522792499999998,0.013419967100000001,0.0,0.0,0.046598472499999995,0.0553570151,0.3245325199999999,0.48587195999999994,0.27248264749999995,0.24805876999999998,0.30034018,0.2424990318,0.29894978,0.16828641900000005,0.15274456829999997,0.07524019899999998,0.22897146599999998,0.09592594300000001,0.016153948300000002,0.005910177899999999,0.23028028499999995,0.08903459899999999,0.16657919899999998,0.07899614479999999,0.8717726075,0.6588442208,0.7947294665999999,0.3451070637,1.9910345940999998,1.4898232445,8.624986227700006,7.240627439000005,0.094222467842,0.11140717846600001,0.15517251862000003,0.133948141422,1.497305984,1.2045387082999994,0.0,0.0,0.0,0.0,0.0,0.0,0.0,0.0,0.0,0.0,1.746700970462,1.4498940281879995,0.0,0.0,10.371687198162006,8.690521467188004,54.80518489200003,45.01574141000002,0.10898170619999997,0.12294045425,0.23151146866999991,0.20472553747,1.2898024679999993,1.0670507685999997,0.0,0.0,0.0,0.0,0.0,0.0,0.0,0.0,0.0,0.0,1.6302956428699993,1.3947167603199997,0.0,0.0,56.435480534870024,46.41045817032002
-18.63915882,79.48,76.97,0.017053944000000005,0.01874332,0.016185849,0.015392777000000002,0.016795500999999997,0.011918960999999999,0.0006903549000000001,0.000953976,0.0,0.0,0.0,0.0,0.0,0.0,0.0,0.0,0.0,0.0,0.033671704899999995,0.028265714,0.0,0.0,0.0507256489,0.047009034,0.21906198140000002,0.42720091999999993,0.25613548299999994,0.28545191500000006,0.2907927450000001,0.28480901999999997,0.35268883498000003,0.282712606,0.17609351839999995,0.09387636900000003,0.2670522766,0.12291421,0.02210191879999999,0.010559926773,0.2765232409999999,0.11951484900000003,0.17223791709999994,0.10044361299999999,0.89961706298,0.852973541,0.9140088718999998,0.44730896777300005,2.03268791628,1.7274834287729999,9.032337135999999,8.996482546000001,0.09416379871699998,0.12182010528000001,0.1705152063408,0.16928831760400004,1.5719653440999999,1.5109635265999994,0.0,0.0,0.0,0.0,0.0,0.0,0.0,0.0,0.0,0.0,1.8366443491578,1.8020719494839994,0.0,0.0,10.868981485157798,10.798554495484,57.64780743590002,55.47275851000002,0.10767581757000001,0.13525492969999983,0.24781005251599997,0.2835369562939999,1.3580799652000004,1.3621983063999996,0.0,0.0,0.0,0.0,0.0,0.0,0.0,0.0,0.0,0.0,1.7135658352860004,1.7809901923939992,0.0,0.0,59.36137327118602,57.25374870239402
-18.52915882,70.5,80.98,0.011976954000000001,0.01386958,0.012673143,0.018211769,0.016712322499999998,0.018245941,0.00056759985,0.0007704389999999999,0.0,0.0,0.0,0.0,0.0,0.0,0.0,0.0,0.0,0.0,0.02995306535,0.037228149,0.0,0.0,0.04193001935,0.051097729,0.12762272400000002,0.32331354,0.21046369300000003,0.265866266,0.21827010000000002,0.28807799,0.3354229920000001,0.35331750000000006,0.18060501249999997,0.09789264210000001,0.2870011490000001,0.13397948340000002,0.025333290480000006,0.014568865040000002,0.32068967500000006,0.1306321018,0.14978143,0.10599105700000001,0.7641567850000002,0.907261756,0.9634105569800001,0.48306414934,1.8551900659800002,1.7136394453400001,8.029244571799998,9.494374132,0.0870362724412,0.11158151279000007,0.1773693274607,0.17481475187999995,1.3748266963000002,1.6201577649999992,0.0,0.0,0.0,0.0,0.0,0.0,0.0,0.0,0.0,0.0,1.6392322962019001,1.9065540296699992,0.0,0.0,9.668476868001898,11.40092816167,51.23011735530003,58.53998415000001,0.0939481523,0.12626104896999998,0.2898032777680002,0.29664964803500005,1.18466112736,1.466705875,0.0,0.0,0.0,0.0,0.0,0.0,0.0,0.0,0.0,0.0,1.5684125574280003,1.889616572005,0.0,0.0,52.79852991272803,60.429600722005006
-18.418158820000002,46.87,73.13,0.004814341,0.01050303,0.005878772,0.012054784000000002,0.010461578000000003,0.016895943,0.0003438641,0.0006291239999999999,0.0,0.0,0.0,0.0,0.0,0.0,0.0,0.0,0.0,0.0,0.016684214100000004,0.029579851,0.0,0.0,0.021498555100000004,0.040082881,0.094830991,0.19615048999999998,0.13525923410000001,0.20969290000000002,0.11788504500000002,0.24441532200000002,0.23366835799999996,0.3529407949999999,0.13144890580000002,0.1044740032,0.24792951200000002,0.1393080651,0.0170953936,0.017377679596999995,0.28725701730000003,0.1374598755,0.08515459800000001,0.10550799459999996,0.4868126371,0.807049017,0.7688854267,0.5041276179969999,1.3505290548000002,1.507327124997,5.402069864599999,8.5265383379,0.07084937596999998,0.08559564743199999,0.16359553262200002,0.15499517393100007,0.8696898860919998,1.4838132161000002,0.0,0.0,0.0,0.0,0.0,0.0,0.0,0.0,0.0,0.0,1.1041347946839999,1.7244040374630003,0.0,0.0,6.506204659283998,10.250942375363,34.02175704800001,53.11962616999999,0.09147596364199999,0.09757626724999999,0.31880222846,0.24858671691499992,0.7281441463999999,1.3314884798000002,0.0,0.0,0.0,0.0,0.0,0.0,0.0,0.0,0.0,0.0,1.1384223385019998,1.6776514639650002,0.0,0.0,35.16017938650201,54.79727763396499
-18.308158820000003,33.81,55.76,0.0009947629999999999,0.005978457,0.001106948,0.0045914301,0.0030105749999999997,0.009883972800000002,0.00033439999999999994,0.00048385100000000004,0.0,0.0,0.0,0.0,0.0,0.0,0.0,0.0,0.0,0.0,0.004451923,0.014959253900000002,0.0,0.0,0.005446685999999999,0.020937710900000003,0.172866732,0.108377153,0.077754728,0.15051287500000005,0.0761214763,0.16476363630000002,0.2177368980000001,0.30972631500000003,0.07645748800000002,0.09275059279999999,0.235996146,0.1194798967,0.007311480803999998,0.019009743820000008,0.20513426299999996,0.12183450799999998,0.045955495900000004,0.08715082920000002,0.3716131023000001,0.6250028263,0.570854873704,0.44022557052,1.1153347080040001,1.17360554982,3.9673748590000004,6.471601068690001,0.07813191520600002,0.0637212895256,0.16747617098999998,0.12946824794500003,0.5620625216000001,1.1231595987099996,0.0,0.0,0.0,0.0,0.0,0.0,0.0,0.0,0.0,0.0,0.8076706077960001,1.3163491361805997,0.0,0.0,4.7750454667960005,7.787950204870601,24.374539250999995,40.632306923,0.15391746382000002,0.07320722815000001,0.34844969781999996,0.20268807867400002,0.42971468008999997,1.00171210459,0.0,0.0,0.0,0.0,0.0,0.0,0.0,0.0,0.0,0.0,0.93208184173,1.277607411414,0.0,0.0,25.306621092729994,41.909914334414005
-18.198158820000003,33.1,31.7,0.000307949,0.0024279385,-0.00022950699999999997,0.0008018655999999999,-0.00021051600000000003,0.0030610057,0.00035000200000000003,0.00024193670000000002,0.0,0.0,0.0,0.0,0.0,0.0,0.0,0.0,0.0,0.0,-9.002099999999997e-05,0.004104808,0.0,0.0,0.00021792800000000005,0.0065327465,0.20798451700000004,0.08042209,0.06308466130000001,0.07839253239999998,0.091037317,0.07892655000000003,0.22130574009999995,0.221739363,0.0629085732,0.0482872362,0.274094687,0.08181802478099999,0.0051669058499999995,0.01310387772,0.1493178402,0.07802151543,0.058454776000000014,0.0451799095,0.3754277184,0.3790584454,0.54994278225,0.26641056363099996,1.13335501765,0.725891099031,3.8962137173299998,3.7162483730999996,0.07882513067250004,0.055261767078,0.17218666766500001,0.09669789215,0.5442361852000003,0.60249583249,0.0,0.0,0.0,0.0,0.0,0.0,0.0,0.0,0.0,0.0,0.7952479835375004,0.7544554917180001,0.0,0.0,4.6914617008675,4.470703864818,23.837884343,23.03485222998001,0.18224922435799992,0.07695865984280599,0.35265613286399994,0.17425327045200006,0.4022303774699999,0.5332127981900001,0.0,0.0,0.0,0.0,0.0,0.0,0.0,0.0,0.0,0.0,0.9371357346919997,0.7844247284848062,0.0,0.0,24.775020077691998,23.819276958464815
-18.088158819999997,26.55,23.99,3.193300000000001e-05,6.927399999999999e-05,-0.000133539,-0.0001473184,-0.00032031799999999994,-1.4118999999999993e-05,3.6088e-05,-0.00032106050000000003,0.0,0.0,0.0,0.0,0.0,0.0,0.0,0.0,0.0,0.0,-0.00041776899999999996,-0.0004824979,0.0,0.0,-0.00038583599999999997,-0.00041322390000000003,0.10147523499999998,0.13397113550000003,0.05809793330000001,0.04217414929999999,0.10587163000000001,0.05497224899999999,0.10931419700000003,0.18622376799999998,0.067769866,0.0208361543,0.27089588500000006,0.10338839799999996,0.004902376700000001,0.004943198319999998,0.11329666,0.0753921566,0.084012775,0.022451104000000003,0.27328376030000007,0.28337016629999995,0.5408775627000001,0.22701101121999995,0.9156365580000001,0.64435231302,3.1117738161400004,2.905317554799999,0.0529187674956,0.07173659504219995,0.13371276891210002,0.10565001422300001,0.45633169139,0.40637631439999994,0.0,0.0,0.0,0.0,0.0,0.0,0.0,0.0,0.0,0.0,0.6429632277977,0.5837629236651999,0.0,0.0,3.7547370439377006,3.489080478465199,19.22972900500001,17.269077067999998,0.12338533447399999,0.127009626671,0.2721868288399999,0.227426975139,0.3417016056999999,0.33737659705999995,0.0,0.0,0.0,0.0,0.0,0.0,0.0,0.0,0.0,0.0,0.7372737690139998,0.6918131988699999,0.0,0.0,19.96700277401401,17.96089026687
-17.97715882,26.4,28.38,-0.001131802,-0.0017654079999999998,-1.2344999999999998e-05,-2.2223400000000005e-05,-5.856469999999999e-05,-0.00022951500000000001,-0.0009578348999999998,-0.0018189687999999999,0.0,0.0,0.0,0.0,0.0,0.0,0.0,0.0,0.0,0.0,-0.0010287445999999998,-0.0020707072,0.0,0.0,-0.0021605465999999995,-0.0038361152,0.011203029400000003,0.180148074,0.0989991944,0.04984425800000001,0.13857620100000004,0.06726735299999999,0.0148930378,0.18667633400000003,0.108839526,0.023866105,0.2762779438999999,0.1464047258,0.0037462260299999995,0.00198509491,0.169164894,0.10921300099999996,0.12507966920000002,0.02275118494,0.25246843320000006,0.303787945,0.68310825913,0.30422011164999996,0.9467797217299999,0.78815613065,3.0727179402900013,3.476116091620002,0.06723366981349999,0.07728315599469995,0.15396642872127,0.1375031402905,0.42001347920999993,0.48095579861000015,0.0,0.0,0.0,0.0,0.0,0.0,0.0,0.0,0.0,0.0,0.64121357774477,0.6957420948952001,0.0,0.0,3.713931518034771,4.171858186515202,19.219659550499998,20.395316234000006,0.1356605972080001,0.14958244018570008,0.288184646459,0.29783524704329994,0.29932078686000013,0.3890895307999999,0.0,0.0,0.0,0.0,0.0,0.0,0.0,0.0,0.0,0.0,0.7231660305270002,0.836507218029,0.0,0.0,19.942825581026998,21.231823452029005
-17.86715882,36.61,25.37,-0.0028412439,0.00105044,2.6861200000000003e-05,0.00010123300000000001,3.649918e-05,-7.346000000000001e-06,-0.0024181009900000002,0.0007996124,0.0,0.0,0.0,0.0,0.0,0.0,0.0,0.0,0.0,0.0,-0.0023547406100000003,0.0008934994,0.0,0.0,-0.00519598451,0.0019439394,0.0008480211999999995,0.12375552709999996,0.19268589059999996,0.054003027999999995,0.1694599711,0.06447892740000001,0.001856780900000001,0.11894787899999999,0.18781083799,0.03508840099999999,0.30051950880000006,0.13591659879999995,0.0031283376200000003,0.0014448108999999994,0.32769037419999997,0.11442347680000002,0.1533673286,0.027000618100000005,0.3640026426,0.23742983439999998,0.97251638721,0.31387390559999995,1.33736705101,0.6750592671,4.243174963641997,3.1151652813000004,0.10680381865200006,0.051187939933199984,0.2388900727409,0.129523463756,0.5382783442,0.44411692847299983,0.0,0.0,0.0,0.0,0.0,0.0,0.0,0.0,0.0,0.0,0.8839722355929001,0.6248283321621998,0.0,0.0,5.127147199234897,3.7399936134622003,26.6403313134,18.289296073000003,0.2071988403379999,0.10387843541069994,0.4245032955269999,0.27415062935900003,0.3650858012599998,0.36422589639000014,0.0,0.0,0.0,0.0,0.0,0.0,0.0,0.0,0.0,0.0,0.9967879371249996,0.7422549611597001,0.0,0.0,27.637119250525,19.0315510341597
-17.75715882,32.55,25.76,0.0054915427,0.021985269,3.53356e-05,0.00011832700000000001,4.5185952999999995e-05,2.2680700000000005e-05,0.004373639490000001,0.021066427,0.0,0.0,0.0,0.0,0.0,0.0,0.0,0.0,0.0,0.0,0.004454161043000001,0.0212074347,0.0,0.0,0.009945703743,0.0431927037,0.006968087800000001,0.038781928,0.18574167959999996,0.06266877999999998,0.12906215330000007,0.08663141650000002,0.006588260099999998,0.0376049923,0.17128051143,0.0568052734,0.2238089928,0.137558866,0.0021307314400000003,0.0016652003490000003,0.31709007980000004,0.09740582098000004,0.11100375029999998,0.05169817699999998,0.32139209300000005,0.1869051888,0.82531406577,0.345133337729,1.15367424657,0.570820454529,3.764479147510001,3.1329107510000007,0.09478989441889998,0.04431041475890003,0.21325634876500002,0.15399074776550006,0.4732181805990002,0.43893447230000004,0.0,0.0,0.0,0.0,0.0,0.0,0.0,0.0,0.0,0.0,0.7812644237829003,0.6372356348244002,0.0,0.0,4.545743571292901,3.770146385824401,23.6382961488,18.673915952,0.1841711923373,0.098914336684,0.3787079175190001,0.29398700556300006,0.3186769015130001,0.35649100851000004,0.0,0.0,0.0,0.0,0.0,0.0,0.0,0.0,0.0,0.0,0.8815560113693002,0.7493923507570001,0.0,0.0,24.5198521601693,19.423308302757
-17.646158819999997,16.87,37.45,0.037234665199999996,0.04770881400000001,2.59084e-05,0.0001298188,1.8018460000000004e-05,-3.4449999999999984e-06,0.030450318230000002,0.046139919,0.0,0.0,0.0,0.0,0.0,0.0,0.0,0.0,0.0,0.0,0.030494245090000004,0.046266292800000004,0.0,0.0,0.06772891029,0.09397510680000001,0.005783165000000001,0.010608239600000001,0.07060405156999999,0.11571694099999999,0.0498827608,0.13102717669999997,0.00445802068,0.012339969699999998,0.062295783040000004,0.0980643735,0.08527449996999993,0.17214033950000002,0.0006743580078999999,0.0025909376400000002,0.11990418921999998,0.12854664500000004,0.038986712859999995,0.0839504026,0.12494483305,0.25908408739999994,0.3071355430978999,0.48529269824000004,0.4378635411478999,0.75498502524,1.9565101953999997,4.514559193660002,0.05311159200511998,0.07614283009459993,0.10315487456170001,0.25014391134314995,0.24184612483000006,0.5983283257200002,0.0,0.0,0.0,0.0,0.0,0.0,0.0,0.0,0.0,0.0,0.39811259139682004,0.92461506715775,0.0,0.0,2.3546227867968197,5.439174260817752,12.1162705437,27.18212057412,0.11181213723749997,0.172965500177,0.18865848695500007,0.43483889953299987,0.16352989180999994,0.4715794360360001,0.0,0.0,0.0,0.0,0.0,0.0,0.0,0.0,0.0,0.0,0.4640005160025,1.079383835746,0.0,0.0,12.5802710597025,28.261504409866
-17.536158819999997,7.982,42.7,0.059264738647,0.03890254200000001,-4.3874343e-05,-0.00021914693999999996,-4.7213379999999996e-05,-0.000340974,0.0486442617852,0.037801122,0.0,0.0,0.0,0.0,0.0,0.0,0.0,0.0,0.0,0.0,0.04855317406220001,0.03724100106,0.0,0.0,0.1078179127092,0.07614354306000001,0.0038830109999999996,0.011357961,-0.0005829914119999998,0.18283337399999997,0.003455980369999998,0.1415864387,0.002266162306,0.011812969900000001,-0.001571174975000002,0.12807327740000002,0.004798182649999998,0.17006550179999996,-3.5464534e-05,0.0026245905,-0.0016802303919999987,0.1943555815,0.0012248159970000016,0.08682665420000003,0.005139151263999999,0.3362327826,0.002736128745999999,0.5819456054000001,0.011758291009999996,0.929536349,0.9383916133099998,5.1426951971,0.02934217404765999,0.10458553822740002,0.044138619400270016,0.29685110520510005,0.108283118862,0.6534481534,0.0,0.0,0.0,0.0,0.0,0.0,0.0,0.0,0.0,0.0,0.18176391230993,1.0548847968325,0.0,0.0,1.1201555256199298,6.1975799939325,5.57457260772,31.039143448000004,0.0746260024733,0.22145674208300006,0.08428212047715004,0.4896395432499999,0.07385377489200001,0.5052099974600002,0.0,0.0,0.0,0.0,0.0,0.0,0.0,0.0,0.0,0.0,0.23276189784245005,1.2163062827930002,0.0,0.0,5.807334505562451,32.255449730793
-17.426158819999998,3.245,31.83,0.0352124698,0.010218318999999998,-0.00047998227,-0.0009607158,-0.000427863802,-0.0010788940999999998,0.028957677072,0.009929955699999998,0.0,0.0,0.0,0.0,0.0,0.0,0.0,0.0,0.0,0.0,0.028049831,0.007890345799999999,0.0,0.0,0.0632623008,0.018108664799999997,0.0018884926600000003,0.008738325699999997,-0.0072231148423000015,0.17020899593999997,-0.0044647266189999976,0.11646893329999995,0.0010280638570000001,0.007735078115999998,-0.006742496804,0.10284668680700003,-0.008204743740000003,0.12886267682,-7.819564700000001e-05,0.0015337086359999998,-0.012572323903000003,0.18122149507000004,-0.003888767358999999,0.06522488412000002,-0.0106597776043,0.2944130073559999,-0.031486527453000006,0.47968945145300007,-0.0402578123973,0.782840784509,0.3846342199249997,3.8297055421999997,0.012295848626830004,0.09683493476519998,0.01783879044148001,0.21969621354303998,0.04211086303599999,0.47015578989999995,0.0,0.0,0.0,0.0,0.0,0.0,0.0,0.0,0.0,0.0,0.07224550210431001,0.7866869382082399,0.0,0.0,0.4568797220293097,4.61639248040824,2.2237139820799996,23.178165697999997,0.03544198070777999,0.18538272879000006,0.034270566683000006,0.3496233253429999,0.028817302415800005,0.3574983950699999,0.0,0.0,0.0,0.0,0.0,0.0,0.0,0.0,0.0,0.0,0.09852984980658,0.8925044492029999,0.0,0.0,2.3222438318865795,24.070670147202996
-17.31615882,-0.4915,14.99,0.004281248929999999,-0.0017113016300000002,-0.0013346677109999999,0.00128197488,-0.0013202407742000002,0.0014737582399999998,0.0035599040689999997,-0.0018569578200000002,0.0,0.0,0.0,0.0,0.0,0.0,0.0,0.0,0.0,0.0,0.0009049955837999997,0.0008987752999999995,0.0,0.0,0.005186244513799999,-0.0008125263300000007,8.71041418e-05,0.00399513456,-0.0020151926624,0.07772316637700001,-0.0017699827239000003,0.06460998796999998,3.458110460000001e-05,0.0029286778999999996,-0.0018181897786000007,0.041666700456999994,-0.003090633487,0.06727005564999995,-2.3811980100000005e-05,0.00045211826780000005,-0.0034326523205000007,0.08167106443,-0.0013969022213999995,0.03300958038999999,-0.0037505942817000005,0.14526183224699998,-0.0097621897876,0.22406951919479992,-0.013425679927500002,0.3733264860017999,-0.058264841023,1.79867545909,-0.0021995253061049998,0.0572349970584,-0.00315013522877317,0.09389678151625999,-0.0073761524697,0.21808754781999987,0.0,0.0,0.0,0.0,0.0,0.0,0.0,0.0,0.0,0.0,-0.01272581300457817,0.3692193263946599,0.0,0.0,-0.07099065402757818,2.16789478548466,-0.37591430759000016,10.932772519399999,-0.0022635964844,0.0989024294082,-0.004881560667995002,0.15195789164899992,-0.005132815057500001,0.16286291293199998,0.0,0.0,0.0,0.0,0.0,0.0,0.0,0.0,0.0,0.0,-0.012277972209895002,0.4137232339891999,0.0,0.0,-0.3881922797998952,11.346495753389199
-17.20515882,0.2195,8.591,-0.0029218500390000004,-0.0005777539399999999,0.0016270886364999997,0.01163882282,0.0009213720459999999,0.01318583867,-0.0024340146985299994,-0.00114819164,0.0,0.0,0.0,0.0,0.0,0.0,0.0,0.0,0.0,0.0,0.00011444598397000012,0.02367646985,0.0,0.0,-0.0028074040550300004,0.02309871591,-0.00012511533262000004,0.0015838813899999998,-0.0002648166371999999,0.00794567182,-0.00030500869239999997,0.014335492388999994,-9.526811310000002e-05,0.0007566137500000003,-0.00022577284580000003,0.002734776356,-0.0005102941668000001,0.013787859153000001,-2.76963122e-06,-5.07397e-06,-0.0004446394408000002,0.007547975610000003,-0.00022696088970000004,0.006428294909999998,-0.0006650934426999999,0.023037777958999993,-0.0014104369743200005,0.030493832059,-0.0022006457496400005,0.055115491408,0.0269405990599,1.018997135008,-0.00034807857244989964,0.03926481192628001,0.0012350505475342795,0.04436119186992001,0.005063078737699999,0.12533745917999997,0.0,0.0,0.0,0.0,0.0,0.0,0.0,0.0,0.0,0.0,0.0059500507127843785,0.2089634629762,0.0,0.0,0.03289064977268438,1.2279605979842,0.17376497072000002,6.284375270059998,-0.001629031860069,0.06486744758140005,0.0023201856679300006,0.07914912201760002,0.004241653294000001,0.08944309941099998,0.0,0.0,0.0,0.0,0.0,0.0,0.0,0.0,0.0,0.0,0.004932807101861001,0.23345966901000004,0.0,0.0,0.17869777782186103,6.517834939069998
-17.09515882,7.565,11.8,-0.000786180516,0.0010656180999999998,0.015392599485984,0.022498282142,0.0140229317993,0.024938363617999997,-0.0008712369334100001,0.00020947069,0.0,0.0,0.0,0.0,0.0,0.0,0.0,0.0,0.0,0.0,0.028544294351874,0.04764611645,0.0,0.0,0.027758113835874,0.048711734549999997,0.0008545517306999998,0.0015545087900000008,0.00027768099278200004,-0.006175397349999999,0.00022537208095999999,-0.0033681379100000005,0.00037540879998000003,0.0006322443370000001,0.00023345045041999992,-0.003764511765600001,0.00024013592066999992,-0.004104184979999999,2.1986572650000003e-05,-3.16068874e-05,0.0003017973849300001,-0.006932645734,0.00017316317100000002,-0.0019960495420999996,0.000878461873722,-0.008911290922999998,0.00097053349967,-0.016828998909099998,0.002703547104092,-0.024185781042099997,0.9052610991881702,1.3967535415597996,0.030412945726749997,0.055576501195269995,0.04602827761242,0.06740559703163006,0.10836168403894,0.1638588267020001,0.0,0.0,0.0,0.0,0.0,0.0,0.0,0.0,0.0,0.0,0.18480290737811,0.2868409249289002,0.0,0.0,1.0900640065662803,1.6835944664886997,5.529746297570393,8.64044681835,0.05432507292634699,0.09754203282970003,0.07688318116872103,0.11205553977390001,0.07677225737439,0.11308854976050005,0.0,0.0,0.0,0.0,0.0,0.0,0.0,0.0,0.0,0.0,0.207980511469458,0.3226861223641001,0.0,0.0,5.7377268090398506,8.9631329407141
-16.985158820000002,15.1,10.79,0.000354700741275,0.0009362871000000001,0.028543940951613,0.02052742436,0.029181417369709996,0.02111982332,-5.2764238882e-05,0.00039840008200000003,0.0,0.0,0.0,0.0,0.0,0.0,0.0,0.0,0.0,0.0,0.057672594082441,0.042045647762,0.0,0.0,0.058027294823716,0.042981934862000006,0.0017866052752507995,0.0013900261449999998,0.0005882061546605001,-0.0022333423249999997,0.0005292214188559999,-0.002196258990000001,0.0008051067438160003,0.0006335553929999999,0.0004907815108199999,-0.0012356373119999998,0.000594303666266,-0.0025430524399999996,4.8280053164900005e-05,8.592046099999996e-06,0.0006578289564059998,-0.0025645873910000007,0.0004062660432995001,-0.0011438020120000001,0.0019225343173325002,-0.0037960459220000007,0.0021974602299564,-0.0074784871089,0.0059065998225397,-0.0098845068859,1.807820011676702,1.2824338717380002,0.06883384167881997,0.05417524976283,0.09313639254483001,0.07003841344326998,0.20674513975333994,0.13889069962864,0.0,0.0,0.0,0.0,0.0,0.0,0.0,0.0,0.0,0.0,0.36871537397698995,0.26310436283474,0.0,0.0,2.176535385653692,1.5455382345727402,11.026244665463702,7.894936035236,0.12303135819435003,0.09981846099359995,0.15147197354901798,0.1051844978538,0.14355958969948895,0.093031161264,0.0,0.0,0.0,0.0,0.0,0.0,0.0,0.0,0.0,0.0,0.41806292144285695,0.29803412011139996,0.0,0.0,11.44430758690656,8.1929701553474
-16.874158819999998,11.78,4.941,0.00028733724646000006,0.0003516868829999999,0.021112211677918,0.009925063172,0.023950794259231002,0.008699957581,3.599041095050001e-05,0.0002226769776,0.0,0.0,0.0,0.0,0.0,0.0,0.0,0.0,0.0,0.0,0.0450989963480995,0.0188476977306,0.0,0.0,0.0453863335945595,0.0191993846136,0.0013827681829700004,0.0006052217978,0.00044385143416299987,-0.00023726049749999995,0.0004225094702149999,-0.0003180694770000002,0.0006207445498242002,0.0002835247638,0.000370376426014,-0.00012591332272000001,0.00047279513805199993,-0.00042956099999000026,4.0524866499e-05,1.072474138e-05,0.0004909497146700001,-0.00033506425130000006,0.00032746295658899995,-0.00016106052309999998,0.0014871054542022,-0.00027180521070000016,0.001702109101824,-0.0010408743557300004,0.004571982738996201,-0.0007074577686300005,1.4113943661714086,0.5903327420195003,0.059604677274930004,0.027029345661418014,0.07363343838385,0.03707308433806,0.15462143171584,0.05675025044350999,0.0,0.0,0.0,0.0,0.0,0.0,0.0,0.0,0.0,0.0,0.28785954737462,0.120852680442988,0.0,0.0,1.6992539135460285,0.7111854224624883,8.60115321414115,3.6107294775861,0.10605023695854798,0.052748725089200005,0.11664962355030697,0.04933661646234996,0.10524626974925501,0.035947696537799986,0.0,0.0,0.0,0.0,0.0,0.0,0.0,0.0,0.0,0.0,0.32794613025811,0.13803303808934994,0.0,0.0,8.92909934439926,3.74876251567545
-16.76415882,3.067,0.7349,3.8281781319e-05,4.2130299030000006e-05,0.0050442268943190005,0.0017795766056779997,0.006721081026607,0.0010081180697,6.855507341699999e-06,5.194895550200001e-05,0.0,0.0,0.0,0.0,0.0,0.0,0.0,0.0,0.0,0.0,0.011772163428267701,0.0028396436308799995,0.0,0.0,0.0118104452095867,0.0028817739299099995,0.000353581619531,7.226977255000001e-05,0.00010878606572100001,-1.555129169999999e-05,0.00011309605595750003,-1.8090102870000016e-05,0.00015732097358004402,3.1892786399999995e-05,9.084953885879999e-05,-7.997956810000004e-06,0.000125624123814,-3.409082116e-05,1.17038528553e-05,2.12867766e-06,0.00011771576965770002,-2.5966859270000007e-05,8.895845183699998e-05,-8.234517710000001e-06,0.00037920309525854405,-1.7486081700000113e-06,0.0004348517370228,-7.416147729000001e-05,0.0011676364518123442,-3.6403129100000065e-06,0.36802199706318606,0.08879983852629003,0.017905160711250003,0.0046142547884390995,0.019588328557779,0.0071889751623653055,0.03756040229799699,0.006263886276579997,0.0,0.0,0.0,0.0,0.0,0.0,0.0,0.0,0.0,0.0,0.075053891567026,0.018067116227384404,0.0,0.0,0.443075888630212,0.10686695475367443,2.2389294469006105,0.5358050255412,0.03167405360362699,0.010032133108143902,0.02976950676473299,0.007731521582192999,0.02467298099028002,0.003216319339259999,0.0,0.0,0.0,0.0,0.0,0.0,0.0,0.0,0.0,0.0,0.08611654135864,0.0209799740295969,0.0,0.0,2.3250459882592507,0.556784999570797
-16.65415882,-0.5768,-0.365,-2.4034340058000002e-05,-2.84673336e-05,-0.0011431938206044,-0.0006491768510640001,-0.0010558696906338,-0.0006897278255899999,-3.2034352564099996e-06,-1.2237350732999999e-05,0.0,0.0,0.0,0.0,0.0,0.0,0.0,0.0,0.0,0.0,-0.00220226694649461,-0.001351142027387,0.0,0.0,-0.00222630128655261,-0.001379609360987,-6.93397825149e-05,-5.0576911799999976e-05,-2.341202344030001e-05,-1.8012690448e-05,-1.99501694759e-05,-1.8158241835999998e-05,-3.1479407692083e-05,-2.4968522808000002e-05,-1.9523273228799997e-05,-9.354200719000002e-06,-2.2564950741400005e-05,-1.1963052586000001e-05,-1.7037789779000006e-06,-8.912298447e-07,-2.654659488230001e-05,-1.1311364690999993e-05,-1.5145870570199996e-05,-8.645377041999999e-06,-7.484160060828301e-05,-6.1139455092e-05,-8.548446840060001e-05,-4.216522488269999e-05,-0.000229665851523783,-0.00015388159177469996,-0.0689983396383328,-0.043412492879627985,-0.0023368167051360006,-0.0018454580994439996,-0.003503310671290001,-0.002347782563361001,-0.008232775940881799,-0.004715110553871999,0.0,0.0,0.0,0.0,0.0,0.0,0.0,0.0,0.0,0.0,-0.014072903317307801,-0.008908351216677,0.0,0.0,-0.0830712429556406,-0.05232084409630498,-0.4212997099384502,-0.26709453684751006,-0.004202159349497,-0.0033652440454032,-0.005860844479244203,-0.0035564873037140002,-0.005823460694114398,-0.0031733756252470013,0.0,0.0,0.0,0.0,0.0,0.0,0.0,0.0,0.0,0.0,-0.015886464522855602,-0.010095106974364202,0.0,0.0,-0.43718617446130575,-0.2771896438218743
-16.543158820000002,-0.45,-0.198,-9.520245303e-06,-1.5069543368999998e-05,-0.0007850681135184001,-0.0003964409728237,-0.0009375244445958,-0.0003352541521656,-1.46833838363e-06,-9.542024897e-06,0.0,0.0,0.0,0.0,0.0,0.0,0.0,0.0,0.0,0.0,-0.00172406089649783,-0.0007412371498862999,0.0,0.0,-0.00173358114180083,-0.0007563066932553,-5.25307885082e-05,-2.4922018945999998e-05,-1.6642745571889997e-05,-7.688438116940003e-06,-1.6290509160499995e-05,-8.54248095377e-06,-2.3518756533010002e-05,-1.2019942863249998e-05,-1.3889394659600004e-05,-3.9777422189199994e-06,-1.8185421409000004e-05,-5.0077723204e-06,-1.6020543263500004e-06,-5.210695906700001e-07,-1.82875012466e-05,-4.418945980260001e-06,-1.2685872184499998e-05,-4.151177225800001e-06,-5.64520112654e-05,-2.825086193396e-05,-6.465024382605001e-05,-1.807670733605e-05,-0.00017363304359965,-7.124958821601e-05,-0.05394887047941678,-0.02366674359924131,-0.0023884813306050004,-0.001066628798961,-0.002831997738684999,-0.0014940330929799999,-0.005780142941398001,-0.002281654762234001,0.0,0.0,0.0,0.0,0.0,0.0,0.0,0.0,0.0,0.0,-0.011000622010688,-0.004842316654175001,0.0,0.0,-0.06494949249010477,-0.02850906025341631,-0.32853114622561896,-0.14468948374540602,-0.004241372177223301,-0.0020968277919714007,-0.004427792084819598,-0.0019824583672342993,-0.003892210631762201,-0.0014514259762424995,0.0,0.0,0.0,0.0,0.0,0.0,0.0,0.0,0.0,0.0,-0.0125613748938051,-0.0055307121354482,0.0,0.0,-0.34109252111942406,-0.15022019588085422
-16.433158820000003,-0.08713,-0.03721,-1.3620638906e-06,-2.8840269966e-06,-0.00014658887733271,-7.664286112279501e-05,-0.00018731318215806,-6.105035540574e-05,-2.2977350850999999e-07,-1.951122422367e-06,0.0,0.0,0.0,0.0,0.0,0.0,0.0,0.0,0.0,0.0,-0.00033413183299928,-0.000139644338950902,0.0,0.0,-0.00033549389688988,-0.000142528365947502,-1.0090864744099998e-05,-4.57532338132e-06,-3.13883293635e-06,-1.381357343385e-06,-3.192033297430001e-06,-1.5880098148700001e-06,-4.500916163262502e-06,-2.194373041636e-06,-2.6197918455699992e-06,-7.12972592354e-07,-3.5511616475e-06,-9.183166391399999e-07,-3.2426077034e-07,-9.9327739943e-08,-3.4152881385100008e-06,-7.846416938189999e-07,-2.5011276041e-06,-7.7536667642e-07,-1.0831782397042504e-05,-5.163740199891e-06,-1.241163000602e-05,-3.290625341676e-06,-3.33342771471625e-05,-1.3029688922887e-05,-0.010450343397361894,-0.004454312556147439,-0.0004916898597748999,-0.00020241894646379996,-0.0005538190015795999,-0.00029058562741340004,-0.0010857683968800995,-0.00041769037218571017,0.0,0.0,0.0,0.0,0.0,0.0,0.0,0.0,0.0,0.0,-0.0021312772582345995,-0.0009106949460629102,0.0,0.0,-0.012581620655596494,-0.0053650075022103495,-0.06361265178856253,-0.027186778955198432,-0.0008709712297190998,-0.0004045806165886201,-0.0008499682949682805,-0.00037513495747614026,-0.0007199177675596698,-0.00026186316133168004,0.0,0.0,0.0,0.0,0.0,0.0,0.0,0.0,0.0,0.0,-0.00244085729224705,-0.0010415787353964404,0.0,0.0,-0.06605350908080958,-0.028228357690594872
-16.323158820000003,-0.00767,-0.003305,-9.446932022e-08,-2.59813257507e-07,-1.2627555403069001e-05,-6.8802429007546996e-06,-1.6781199022876004e-05,-5.352719731342e-06,-1.7268216449100004e-08,-1.791405739608e-07,0.0,0.0,0.0,0.0,0.0,0.0,0.0,0.0,0.0,0.0,-2.9426022642394106e-05,-1.24121032060575e-05,0.0,0.0,-2.9520491962614105e-05,-1.26719164635645e-05,-8.84179984416e-07,-4.0305617693209995e-07,-2.719690113593001e-07,-1.208464310031e-07,-2.8303114618e-07,-1.4063701754609998e-07,-3.935052522698099e-07,-1.928714970001e-07,-2.2697965245800005e-07,-6.230137509829998e-08,-3.1419229479600005e-07,-8.10383698275e-08,-2.9277816956e-08,-8.855184174300001e-09,-2.9410718303700007e-07,-6.846436102019998e-08,-2.22497144621e-07,-6.8757432258e-08,-9.485054098091099e-07,-4.543549455493e-07,-1.0870540918680001e-06,-2.894167223783e-07,-2.91973948609311e-06,-1.1468278448596999e-06,-0.0009201782337996743,-0.0003958084764153329,-4.4801560908970014e-05,-1.7997929885110008e-05,-4.9055039195570004e-05,-2.6117319718119998e-05,-9.383496943359999e-05,-3.6768030594871e-05,0.0,0.0,0.0,0.0,0.0,0.0,0.0,0.0,0.0,0.0,-0.00018769156953814001,-8.088328019810101e-05,0.0,0.0,-0.0011078698033378143,-0.0004766917566134339,-0.005598334854194481,-0.0024142629996122215,-7.9271685020807e-05,-3.6228540067617004e-05,-7.444029756567002e-05,-3.3402634919455e-05,-6.1602805962251e-05,-2.2941963502393202e-05,0.0,0.0,0.0,0.0,0.0,0.0,0.0,0.0,0.0,0.0,-0.00021531478854872803,-9.257313848946521e-05,0.0,0.0,-0.005813649642743209,-0.0025068361381016865
-16.213158819999997,-0.0003407,-0.0001486,-3.4315611423000003e-09,-1.17770591256e-08,-5.530179519860002e-07,-3.1083040389395007e-07,-7.536064405736e-07,-2.393507030384101e-07,-6.755353415300002e-10,-8.176577903279998e-09,0.0,0.0,0.0,0.0,0.0,0.0,0.0,0.0,0.0,0.0,-1.3072999279011302e-06,-5.583576848356402e-07,0.0,0.0,-1.3107314890434301e-06,-5.701347439612402e-07,-3.9150483473800004e-08,-1.8061351462839996e-08,-1.195276516645e-08,-5.4038848744020014e-09,-1.263294773198e-08,-6.3162578406709996e-09,-1.7403139386552996e-08,-8.636953877975001e-09,-9.97311132395e-09,-2.7837094736900006e-09,-1.40018183371e-08,-3.6342863486200005e-09,-1.3219572474799999e-09,-3.9863337625999996e-10,-1.286961418036e-08,-3.05892856975e-09,-9.951178864200002e-09,-3.0889212635700002e-09,-4.1988852284982996e-08,-2.0357096593048003e-08,-4.8117679953090004e-08,-1.2964479031890001e-08,-1.2925701571187302e-07,-5.1382927087778e-08,-4.0887165618683105e-05,-1.780451073840435e-05,-2.0341165592359996e-06,-8.094690928207999e-07,-2.188265067484e-06,-1.180035428505901e-06,-4.116053620035601e-06,-1.6483541410038995e-06,0.0,0.0,0.0,0.0,0.0,0.0,0.0,0.0,0.0,0.0,-8.3384352467556e-06,-3.6378586623306e-06,0.0,0.0,-4.922560086543871e-05,-2.144236940073495e-05,-0.000248687719800568,-0.00010855120644323792,-3.5972457360741005e-06,-1.633224444434749e-06,-3.2950602908775013e-06,-1.5040739951993e-06,-2.6841159116259e-06,-1.0266283233444595e-06,0.0,0.0,0.0,0.0,0.0,0.0,0.0,0.0,0.0,0.0,-9.576421938577501e-06,-4.163926762978509e-06,0.0,0.0,-0.0002582641417391455,-0.00011271513320621644
-16.10215882,-7.915e-06,-3.479e-06,-6.737123639e-11,-2.7711974882599997e-10,-1.2729310106234999e-08,-7.2908783842083e-09,-1.7628111551606e-08,-5.58881489772e-09,-1.41485493638e-11,-1.926927418761e-10,0.0,0.0,0.0,0.0,0.0,0.0,0.0,0.0,0.0,0.0,-3.03715702072048e-08,-1.30723860238044e-08,0.0,0.0,-3.04389414435948e-08,-1.33495057726304e-08,-9.074906495420001e-10,-4.2222654768500005e-10,-2.7567326091059995e-10,-1.2619161331301e-10,-2.94418701047e-10,-1.4776816821618999e-10,-4.0304665467124e-10,-2.0185222774103002e-10,-2.2993468854400005e-10,-6.499979942369999e-11,-3.26003850318e-10,-8.49723225024e-11,-3.1044078348e-11,-9.3337045259e-12,-2.958798565189999e-10,-7.14184378288e-11,-2.32245760981e-10,-7.226641812099998e-11,-9.7313861662884e-10,-4.7581200927023e-10,-1.11510823471e-09,-3.0299068240179996e-10,-2.99573750088084e-09,-1.20102923935703e-09,-9.498577990535939e-07,-4.1669478993832697e-07,-4.794488184642005e-08,-1.8947323717015002e-08,-5.098388157335001e-08,-2.767474559627999e-08,-9.478942534225e-08,-3.8541226502901e-08,0.0,0.0,0.0,0.0,0.0,0.0,0.0,0.0,0.0,0.0,-1.9371818876202007e-07,-8.516329581619599e-08,0.0,0.0,-1.143575987815614e-06,-5.01858085754523e-07,-5.776785797405877e-06,-2.5415500930734387e-06,-8.476945768975903e-08,-3.8276358056108845e-08,-7.638886900350101e-08,-3.521525588335318e-08,-6.1516646985912e-08,-2.399123616286761e-08,0.0,0.0,0.0,0.0,0.0,0.0,0.0,0.0,0.0,0.0,-2.2267497367917204e-07,-9.748285010232964e-08,0.0,0.0,-5.99946077108505e-06,-2.6390329431757685e-06
-15.992158819999998,-9.767e-08,-4.302e-08,-7.240723185e-13,-3.4342630951699996e-12,-1.561629182114e-10,-9.022533005794301e-11,-2.1844105521348998e-10,-6.901897695464e-11,-1.60484104065e-13,-2.3906476341550003e-12,0.0,0.0,0.0,0.0,0.0,0.0,0.0,0.0,0.0,0.0,-3.7476445752895495e-10,-1.61634954646738e-10,0.0,0.0,-3.7548852984745495e-10,-1.65069217741908e-10,-1.1182330511149997e-11,-5.217272621514e-12,-3.3854469233019995e-12,-1.5585323332759e-12,-3.6418736780799996e-12,-1.8266028922815005e-12,-4.9642415451011e-12,-2.4936701954988995e-12,-2.82253357988e-12,-8.02690701655e-13,-4.029035985480001e-12,-1.0499380444879997e-12,-3.8584047970999995e-13,-1.15415851244e-13,-3.62528199348e-12,-8.821562047319999e-13,-2.87466298846e-12,-8.933367925499999e-13,-1.19915621464831e-11,-5.8788054210562996e-12,-1.373735502701e-11,-3.743537594668999e-12,-3.69112476846431e-11,-1.4839615637239298e-11,-1.1722548765084444e-08,-5.1518884077283886e-09,-5.974321762943002e-10,-2.3415304635784994e-10,-6.307114669273997e-10,-3.4253040381719986e-10,-1.1624544962684001e-09,-4.762983293472701e-10,0.0,0.0,0.0,0.0,0.0,0.0,0.0,0.0,0.0,0.0,-2.3905981394901002e-09,-1.05298177952232e-09,0.0,0.0,-1.4113146904574543e-08,-6.204870187250708e-09,-7.130221548877861e-08,-3.141608449012496e-08,-1.05617564854808e-09,-4.733914613268071e-10,-9.4116711864234e-10,-4.3552740745556595e-10,-7.519508909863795e-10,-2.963237952305109e-10,0.0,0.0,0.0,0.0,0.0,0.0,0.0,0.0,0.0,0.0,-2.7492936581767995e-09,-1.2052426640128839e-09,0.0,0.0,-7.405150914695541e-08,-3.262132715413785e-08
-15.882158819999999,-6.453e-10,-2.833e-10,-4.2813216569999995e-15,-2.264997014569e-14,-1.0282151387695e-12,-5.945536219993299e-13,-1.4467055223183e-12,-4.5439594776082e-13,-9.894725230000002e-16,-1.5772681936410003e-14,0.0,0.0,0.0,0.0,0.0,0.0,0.0,0.0,0.0,0.0,-2.4759101336108e-12,-1.06472225169656e-12,0.0,0.0,-2.4801914552678e-12,-1.0873722218422498e-12,-7.38094478629e-14,-3.435247989633001e-14,-2.2295184004319994e-14,-1.0261015218481001e-14,-2.4104608556799995e-14,-1.2028878044396002e-14,-3.2761913136850997e-14,-1.6420399642188e-14,-1.858076826473e-14,-5.284393901739999e-15,-2.6649165938499997e-14,-6.91417383942e-15,-2.5616448749299995e-15,-7.602218088000001e-16,-2.3835019900020002e-14,-5.80771677457e-15,-1.9033046818299995e-14,-5.8824973311999996e-15,-7.916170569797098e-14,-3.8710292905065005e-14,-9.065964579648e-14,-2.4649003655729997e-14,-2.43630799357351e-13,-9.7711776457125e-14,-7.744385578551762e-11,-3.3934773673663214e-11,-3.971719257002001e-12,-1.5422968160826987e-12,-4.174584294904998e-12,-2.2570486071504998e-12,-7.649405466493002e-12,-3.136446447321497e-12,0.0,0.0,0.0,0.0,0.0,0.0,0.0,0.0,0.0,0.0,-1.57957090184e-11,-6.9357918705546956e-12,0.0,0.0,-9.323956480391762e-11,-4.087056554421791e-11,-4.710417142255849e-10,-2.069884323827338e-10,-7.022477720204997e-12,-3.1181574431354016e-12,-6.213038073759098e-12,-2.8683754017772893e-12,-4.935774673160199e-12,-1.95173009376937e-12,0.0,0.0,0.0,0.0,0.0,0.0,0.0,0.0,0.0,0.0,-1.8171290467124294e-11,-7.93826293868206e-12,0.0,0.0,-4.892130046927092e-10,-2.1492669532141588e-10
-15.771158819999998,-2.295e-12,-9.985e-13,-1.4046420891e-17,-7.992955892743e-17,-3.651044540482e-15,-2.0960073922851005e-15,-5.150016445180999e-15,-1.60000641375801e-15,-3.33355097411e-18,-5.56640547894e-17,0.0,0.0,0.0,0.0,0.0,0.0,0.0,0.0,0.0,0.0,-8.804394536637108e-15,-3.751677860832511e-15,0.0,0.0,-8.81844095752811e-15,-3.8316074197599406e-15,-2.6234711823899996e-16,-1.2104247554505998e-16,-7.91505702868e-17,-3.6149568225752005e-17,-8.581885109339998e-17,-4.2387732616509996e-17,-1.1644310186759394e-16,-5.7849357192376e-17,-6.593031149640001e-17,-1.8613796451119995e-17,-9.48255362585e-17,-2.43586522722e-17,-9.134171541400002e-18,-2.6788078077e-18,-8.45105001333e-17,-2.0462332034839998e-17,-6.776897861420001e-17,-2.07289770163e-17,-2.814125232477939e-16,-1.36386658034638e-16,-3.2216949804380004e-16,-8.684256558215999e-17,-8.659291395305938e-16,-3.44271699161858e-16,-2.754675557124058e-13,-1.196003898678623e-13,-1.4177138296275004e-14,-5.434506540878399e-15,-1.4870177017108e-14,-7.955942552786006e-15,-2.7130777566716992e-14,-1.1052245528636407e-14,0.0,0.0,0.0,0.0,0.0,0.0,0.0,0.0,0.0,0.0,-5.61780928801e-14,-2.4442694622300813e-14,0.0,0.0,-3.316456485925058e-13,-1.4404308449016311e-13,-1.6753373730461278e-12,-7.292861236049128e-13,-2.5070183737541e-14,-1.0991005869615297e-14,-2.2086799574518e-14,-1.0110051501813502e-14,-1.7482313198736004e-14,-6.8752030952939615e-15,0.0,0.0,0.0,0.0,0.0,0.0,0.0,0.0,0.0,0.0,-6.4639296510795e-14,-2.797626046672276e-14,0.0,0.0,-1.7399766695569229e-12,-7.572623840716356e-13
-15.661158819999999,-4.026e-15,-2.013e-15,-2.4632093336e-20,-1.6113944625394003e-19,-6.2620518697819996e-18,-4.2260149027551e-18,-9.216016694665999e-18,-3.2260129312936e-18,-6.8101421904e-21,-1.12208173177e-19,0.0,0.0,0.0,0.0,0.0,0.0,0.0,0.0,0.0,0.0,-1.54848787066384e-17,-7.5642360072257e-18,0.0,0.0,-1.55095107999744e-17,-7.72537545347964e-18,-4.59433362753e-19,-2.4401190843030997e-19,-1.378131415866e-19,-7.287976756956998e-20,-1.5047927149269997e-19,-8.545125059180202e-20,-2.0313317416730006e-19,-1.16632747980614e-19,-1.153656119839e-19,-3.7527236736500004e-20,-1.6668819631200003e-19,-4.9110398457039994e-20,-1.62041930628e-20,-5.400539693099998e-21,-1.4731683280999994e-19,-4.1253372052300013e-20,-1.1944781415199997e-19,-4.17957819069e-20,-4.914255872466e-19,-2.74963766141986e-19,-5.650226483206999e-19,-1.7508732884584e-19,-1.5158815983203e-18,-6.94063003418136e-19,-4.83450942142207e-16,-2.4114560267134097e-16,-2.52468024865e-17,-1.0956976354608599e-17,-2.593424825426e-17,-1.6043792377532995e-17,-4.7427984013333006e-17,-2.2279577217073992e-17,0.0,0.0,0.0,0.0,0.0,0.0,0.0,0.0,0.0,0.0,-9.8609034754093e-17,-4.9280345949215585e-17,0.0,0.0,-5.820599768963001e-16,-2.9042594862055656e-16,-2.9384781301021424e-15,-1.4700386331818237e-15,-4.4496297107452e-17,-2.2161248504782904e-17,-3.860718415422594e-17,-2.0381379854501107e-17,-3.0474272272243e-17,-1.3860400552221391e-17,0.0,0.0,0.0,0.0,0.0,0.0,0.0,0.0,0.0,0.0,-1.1357775353392094e-16,-5.64030289115054e-17,0.0,0.0,-3.0520558836360635e-15,-1.526441662093329e-15
-15.55115882,0.0,0.0,0.0,0.0,0.0,0.0,0.0,0.0,0.0,0.0,0.0,0.0,0.0,0.0,0.0,0.0,0.0,0.0,0.0,0.0,0.0,0.0,0.0,0.0,0.0,0.0,0.0,0.0,0.0,0.0,0.0,0.0,0.0,0.0,0.0,0.0,0.0,0.0,0.0,0.0,0.0,0.0,0.0,0.0,0.0,0.0,0.0,0.0,0.0,0.0,0.0,0.0,0.0,0.0,0.0,0.0,0.0,0.0,0.0,0.0,0.0,0.0,0.0,0.0,0.0,0.0,0.0,0.0,0.0,0.0,0.0,0.0,0.0,0.0,0.0,0.0,0.0,0.0,0.0,0.0,0.0,0.0,0.0,0.0,0.0,0.0,0.0,0.0,0.0,0.0,0.0,0.0,0.0,0.0,0.0,0.0,0.0,0.0
-15.440158819999999,0.0,0.0,0.0,0.0,0.0,0.0,0.0,0.0,0.0,0.0,0.0,0.0,0.0,0.0,0.0,0.0,0.0,0.0,0.0,0.0,0.0,0.0,0.0,0.0,0.0,0.0,0.0,0.0,0.0,0.0,0.0,0.0,0.0,0.0,0.0,0.0,0.0,0.0,0.0,0.0,0.0,0.0,0.0,0.0,0.0,0.0,0.0,0.0,0.0,0.0,0.0,0.0,0.0,0.0,0.0,0.0,0.0,0.0,0.0,0.0,0.0,0.0,0.0,0.0,0.0,0.0,0.0,0.0,0.0,0.0,0.0,0.0,0.0,0.0,0.0,0.0,0.0,0.0,0.0,0.0,0.0,0.0,0.0,0.0,0.0,0.0,0.0,0.0,0.0,0.0,0.0,0.0,0.0,0.0,0.0,0.0,0.0,0.0
-15.33015882,0.0,0.0,0.0,0.0,0.0,0.0,0.0,0.0,0.0,0.0,0.0,0.0,0.0,0.0,0.0,0.0,0.0,0.0,0.0,0.0,0.0,0.0,0.0,0.0,0.0,0.0,0.0,0.0,0.0,0.0,0.0,0.0,0.0,0.0,0.0,0.0,0.0,0.0,0.0,0.0,0.0,0.0,0.0,0.0,0.0,0.0,0.0,0.0,0.0,0.0,0.0,0.0,0.0,0.0,0.0,0.0,0.0,0.0,0.0,0.0,0.0,0.0,0.0,0.0,0.0,0.0,0.0,0.0,0.0,0.0,0.0,0.0,0.0,0.0,0.0,0.0,0.0,0.0,0.0,0.0,0.0,0.0,0.0,0.0,0.0,0.0,0.0,0.0,0.0,0.0,0.0,0.0,0.0,0.0,0.0,0.0,0.0,0.0
-15.22015882,0.0,0.0,0.0,0.0,0.0,0.0,0.0,0.0,0.0,0.0,0.0,0.0,0.0,0.0,0.0,0.0,0.0,0.0,0.0,0.0,0.0,0.0,0.0,0.0,0.0,0.0,0.0,0.0,0.0,0.0,0.0,0.0,0.0,0.0,0.0,0.0,0.0,0.0,0.0,0.0,0.0,0.0,0.0,0.0,0.0,0.0,0.0,0.0,0.0,0.0,0.0,0.0,0.0,0.0,0.0,0.0,0.0,0.0,0.0,0.0,0.0,0.0,0.0,0.0,0.0,0.0,0.0,0.0,0.0,0.0,0.0,0.0,0.0,0.0,0.0,0.0,0.0,0.0,0.0,0.0,0.0,0.0,0.0,0.0,0.0,0.0,0.0,0.0,0.0,0.0,0.0,0.0,0.0,0.0,0.0,0.0,0.0,0.0
-15.11015882,0.0,0.0,0.0,0.0,0.0,0.0,0.0,0.0,0.0,0.0,0.0,0.0,0.0,0.0,0.0,0.0,0.0,0.0,0.0,0.0,0.0,0.0,0.0,0.0,0.0,0.0,0.0,0.0,0.0,0.0,0.0,0.0,0.0,0.0,0.0,0.0,0.0,0.0,0.0,0.0,0.0,0.0,0.0,0.0,0.0,0.0,0.0,0.0,0.0,0.0,0.0,0.0,0.0,0.0,0.0,0.0,0.0,0.0,0.0,0.0,0.0,0.0,0.0,0.0,0.0,0.0,0.0,0.0,0.0,0.0,0.0,0.0,0.0,0.0,0.0,0.0,0.0,0.0,0.0,0.0,0.0,0.0,0.0,0.0,0.0,0.0,0.0,0.0,0.0,0.0,0.0,0.0,0.0,0.0,0.0,0.0,0.0,0.0
-14.99915882,0.0,0.0,0.0,0.0,0.0,0.0,0.0,0.0,0.0,0.0,0.0,0.0,0.0,0.0,0.0,0.0,0.0,0.0,0.0,0.0,0.0,0.0,0.0,0.0,0.0,0.0,0.0,0.0,0.0,0.0,0.0,0.0,0.0,0.0,0.0,0.0,0.0,0.0,0.0,0.0,0.0,0.0,0.0,0.0,0.0,0.0,0.0,0.0,0.0,0.0,0.0,0.0,0.0,0.0,0.0,0.0,0.0,0.0,0.0,0.0,0.0,0.0,0.0,0.0,0.0,0.0,0.0,0.0,0.0,0.0,0.0,0.0,0.0,0.0,0.0,0.0,0.0,0.0,0.0,0.0,0.0,0.0,0.0,0.0,0.0,0.0,0.0,0.0,0.0,0.0,0.0,0.0,0.0,0.0,0.0,0.0,0.0,0.0
-14.88915882,0.0,0.0,0.0,0.0,0.0,0.0,0.0,0.0,0.0,0.0,0.0,0.0,0.0,0.0,0.0,0.0,0.0,0.0,0.0,0.0,0.0,0.0,0.0,0.0,0.0,0.0,0.0,0.0,0.0,0.0,0.0,0.0,0.0,0.0,0.0,0.0,0.0,0.0,0.0,0.0,0.0,0.0,0.0,0.0,0.0,0.0,0.0,0.0,0.0,0.0,0.0,0.0,0.0,0.0,0.0,0.0,0.0,0.0,0.0,0.0,0.0,0.0,0.0,0.0,0.0,0.0,0.0,0.0,0.0,0.0,0.0,0.0,0.0,0.0,0.0,0.0,0.0,0.0,0.0,0.0,0.0,0.0,0.0,0.0,0.0,0.0,0.0,0.0,0.0,0.0,0.0,0.0,0.0,0.0,0.0,0.0,0.0,0.0
-14.779158820000001,0.0,0.0,0.0,0.0,0.0,0.0,0.0,0.0,0.0,0.0,0.0,0.0,0.0,0.0,0.0,0.0,0.0,0.0,0.0,0.0,0.0,0.0,0.0,0.0,0.0,0.0,0.0,0.0,0.0,0.0,0.0,0.0,0.0,0.0,0.0,0.0,0.0,0.0,0.0,0.0,0.0,0.0,0.0,0.0,0.0,0.0,0.0,0.0,0.0,0.0,0.0,0.0,0.0,0.0,0.0,0.0,0.0,0.0,0.0,0.0,0.0,0.0,0.0,0.0,0.0,0.0,0.0,0.0,0.0,0.0,0.0,0.0,0.0,0.0,0.0,0.0,0.0,0.0,0.0,0.0,0.0,0.0,0.0,0.0,0.0,0.0,0.0,0.0,0.0,0.0,0.0,0.0,0.0,0.0,0.0,0.0,0.0,0.0
-14.66815882,0.0,0.0,0.0,0.0,0.0,0.0,0.0,0.0,0.0,0.0,0.0,0.0,0.0,0.0,0.0,0.0,0.0,0.0,0.0,0.0,0.0,0.0,0.0,0.0,0.0,0.0,0.0,0.0,0.0,0.0,0.0,0.0,0.0,0.0,0.0,0.0,0.0,0.0,0.0,0.0,0.0,0.0,0.0,0.0,0.0,0.0,0.0,0.0,0.0,0.0,0.0,0.0,0.0,0.0,0.0,0.0,0.0,0.0,0.0,0.0,0.0,0.0,0.0,0.0,0.0,0.0,0.0,0.0,0.0,0.0,0.0,0.0,0.0,0.0,0.0,0.0,0.0,0.0,0.0,0.0,0.0,0.0,0.0,0.0,0.0,0.0,0.0,0.0,0.0,0.0,0.0,0.0,0.0,0.0,0.0,0.0,0.0,0.0
-14.558158820000001,0.0,0.0,0.0,0.0,0.0,0.0,0.0,0.0,0.0,0.0,0.0,0.0,0.0,0.0,0.0,0.0,0.0,0.0,0.0,0.0,0.0,0.0,0.0,0.0,0.0,0.0,0.0,0.0,0.0,0.0,0.0,0.0,0.0,0.0,0.0,0.0,0.0,0.0,0.0,0.0,0.0,0.0,0.0,0.0,0.0,0.0,0.0,0.0,0.0,0.0,0.0,0.0,0.0,0.0,0.0,0.0,0.0,0.0,0.0,0.0,0.0,0.0,0.0,0.0,0.0,0.0,0.0,0.0,0.0,0.0,0.0,0.0,0.0,0.0,0.0,0.0,0.0,0.0,0.0,0.0,0.0,0.0,0.0,0.0,0.0,0.0,0.0,0.0,0.0,0.0,0.0,0.0,0.0,0.0,0.0,0.0,0.0,0.0
-14.448158820000002,0.0,0.0,0.0,0.0,0.0,0.0,0.0,0.0,0.0,0.0,0.0,0.0,0.0,0.0,0.0,0.0,0.0,0.0,0.0,0.0,0.0,0.0,0.0,0.0,0.0,0.0,0.0,0.0,0.0,0.0,0.0,0.0,0.0,0.0,0.0,0.0,0.0,0.0,0.0,0.0,0.0,0.0,0.0,0.0,0.0,0.0,0.0,0.0,0.0,0.0,0.0,0.0,0.0,0.0,0.0,0.0,0.0,0.0,0.0,0.0,0.0,0.0,0.0,0.0,0.0,0.0,0.0,0.0,0.0,0.0,0.0,0.0,0.0,0.0,0.0,0.0,0.0,0.0,0.0,0.0,0.0,0.0,0.0,0.0,0.0,0.0,0.0,0.0,0.0,0.0,0.0,0.0,0.0,0.0,0.0,0.0,0.0,0.0
-14.33715882,0.0,0.0,0.0,0.0,0.0,0.0,0.0,0.0,0.0,0.0,0.0,0.0,0.0,0.0,0.0,0.0,0.0,0.0,0.0,0.0,0.0,0.0,0.0,0.0,0.0,0.0,0.0,0.0,0.0,0.0,0.0,0.0,0.0,0.0,0.0,0.0,0.0,0.0,0.0,0.0,0.0,0.0,0.0,0.0,0.0,0.0,0.0,0.0,0.0,0.0,0.0,0.0,0.0,0.0,0.0,0.0,0.0,0.0,0.0,0.0,0.0,0.0,0.0,0.0,0.0,0.0,0.0,0.0,0.0,0.0,0.0,0.0,0.0,0.0,0.0,0.0,0.0,0.0,0.0,0.0,0.0,0.0,0.0,0.0,0.0,0.0,0.0,0.0,0.0,0.0,0.0,0.0,0.0,0.0,0.0,0.0,0.0,0.0
-14.227158820000001,0.0,0.0,0.0,0.0,0.0,0.0,0.0,0.0,0.0,0.0,0.0,0.0,0.0,0.0,0.0,0.0,0.0,0.0,0.0,0.0,0.0,0.0,0.0,0.0,0.0,0.0,0.0,0.0,0.0,0.0,0.0,0.0,0.0,0.0,0.0,0.0,0.0,0.0,0.0,0.0,0.0,0.0,0.0,0.0,0.0,0.0,0.0,0.0,0.0,0.0,0.0,0.0,0.0,0.0,0.0,0.0,0.0,0.0,0.0,0.0,0.0,0.0,0.0,0.0,0.0,0.0,0.0,0.0,0.0,0.0,0.0,0.0,0.0,0.0,0.0,0.0,0.0,0.0,0.0,0.0,0.0,0.0,0.0,0.0,0.0,0.0,0.0,0.0,0.0,0.0,0.0,0.0,0.0,0.0,0.0,0.0,0.0,0.0
-14.117158819999998,0.0,0.0,0.0,0.0,0.0,0.0,0.0,0.0,0.0,0.0,0.0,0.0,0.0,0.0,0.0,0.0,0.0,0.0,0.0,0.0,0.0,0.0,0.0,0.0,0.0,0.0,0.0,0.0,0.0,0.0,0.0,0.0,0.0,0.0,0.0,0.0,0.0,0.0,0.0,0.0,0.0,0.0,0.0,0.0,0.0,0.0,0.0,0.0,0.0,0.0,0.0,0.0,0.0,0.0,0.0,0.0,0.0,0.0,0.0,0.0,0.0,0.0,0.0,0.0,0.0,0.0,0.0,0.0,0.0,0.0,0.0,0.0,0.0,0.0,0.0,0.0,0.0,0.0,0.0,0.0,0.0,0.0,0.0,0.0,0.0,0.0,0.0,0.0,0.0,0.0,0.0,0.0,0.0,0.0,0.0,0.0,0.0,0.0
-14.007158819999999,0.0,0.0,0.0,0.0,0.0,0.0,0.0,0.0,0.0,0.0,0.0,0.0,0.0,0.0,0.0,0.0,0.0,0.0,0.0,0.0,0.0,0.0,0.0,0.0,0.0,0.0,0.0,0.0,0.0,0.0,0.0,0.0,0.0,0.0,0.0,0.0,0.0,0.0,0.0,0.0,0.0,0.0,0.0,0.0,0.0,0.0,0.0,0.0,0.0,0.0,0.0,0.0,0.0,0.0,0.0,0.0,0.0,0.0,0.0,0.0,0.0,0.0,0.0,0.0,0.0,0.0,0.0,0.0,0.0,0.0,0.0,0.0,0.0,0.0,0.0,0.0,0.0,0.0,0.0,0.0,0.0,0.0,0.0,0.0,0.0,0.0,0.0,0.0,0.0,0.0,0.0,0.0,0.0,0.0,0.0,0.0,0.0,0.0
-13.896158819999998,0.0,0.0,0.0,0.0,0.0,0.0,0.0,0.0,0.0,0.0,0.0,0.0,0.0,0.0,0.0,0.0,0.0,0.0,0.0,0.0,0.0,0.0,0.0,0.0,0.0,0.0,0.0,0.0,0.0,0.0,0.0,0.0,0.0,0.0,0.0,0.0,0.0,0.0,0.0,0.0,0.0,0.0,0.0,0.0,0.0,0.0,0.0,0.0,0.0,0.0,0.0,0.0,0.0,0.0,0.0,0.0,0.0,0.0,0.0,0.0,0.0,0.0,0.0,0.0,0.0,0.0,0.0,0.0,0.0,0.0,0.0,0.0,0.0,0.0,0.0,0.0,0.0,0.0,0.0,0.0,0.0,0.0,0.0,0.0,0.0,0.0,0.0,0.0,0.0,0.0,0.0,0.0,0.0,0.0,0.0,0.0,0.0,0.0
-13.786158819999999,0.0,0.0,0.0,0.0,0.0,0.0,0.0,0.0,0.0,0.0,0.0,0.0,0.0,0.0,0.0,0.0,0.0,0.0,0.0,0.0,0.0,0.0,0.0,0.0,0.0,0.0,0.0,0.0,0.0,0.0,0.0,0.0,0.0,0.0,0.0,0.0,0.0,0.0,0.0,0.0,0.0,0.0,0.0,0.0,0.0,0.0,0.0,0.0,0.0,0.0,0.0,0.0,0.0,0.0,0.0,0.0,0.0,0.0,0.0,0.0,0.0,0.0,0.0,0.0,0.0,0.0,0.0,0.0,0.0,0.0,0.0,0.0,0.0,0.0,0.0,0.0,0.0,0.0,0.0,0.0,0.0,0.0,0.0,0.0,0.0,0.0,0.0,0.0,0.0,0.0,0.0,0.0,0.0,0.0,0.0,0.0,0.0,0.0
-13.67615882,0.0,0.0,0.0,0.0,0.0,0.0,0.0,0.0,0.0,0.0,0.0,0.0,0.0,0.0,0.0,0.0,0.0,0.0,0.0,0.0,0.0,0.0,0.0,0.0,0.0,0.0,0.0,0.0,0.0,0.0,0.0,0.0,0.0,0.0,0.0,0.0,0.0,0.0,0.0,0.0,0.0,0.0,0.0,0.0,0.0,0.0,0.0,0.0,0.0,0.0,0.0,0.0,0.0,0.0,0.0,0.0,0.0,0.0,0.0,0.0,0.0,0.0,0.0,0.0,0.0,0.0,0.0,0.0,0.0,0.0,0.0,0.0,0.0,0.0,0.0,0.0,0.0,0.0,0.0,0.0,0.0,0.0,0.0,0.0,0.0,0.0,0.0,0.0,0.0,0.0,0.0,0.0,0.0,0.0,0.0,0.0,0.0,0.0
-13.565158819999999,0.0,0.0,0.0,0.0,0.0,0.0,0.0,0.0,0.0,0.0,0.0,0.0,0.0,0.0,0.0,0.0,0.0,0.0,0.0,0.0,0.0,0.0,0.0,0.0,0.0,0.0,0.0,0.0,0.0,0.0,0.0,0.0,0.0,0.0,0.0,0.0,0.0,0.0,0.0,0.0,0.0,0.0,0.0,0.0,0.0,0.0,0.0,0.0,0.0,0.0,0.0,0.0,0.0,0.0,0.0,0.0,0.0,0.0,0.0,0.0,0.0,0.0,0.0,0.0,0.0,0.0,0.0,0.0,0.0,0.0,0.0,0.0,0.0,0.0,0.0,0.0,0.0,0.0,0.0,0.0,0.0,0.0,0.0,0.0,0.0,0.0,0.0,0.0,0.0,0.0,0.0,0.0,0.0,0.0,0.0,0.0,0.0,0.0
-13.45515882,0.0,0.0,0.0,0.0,0.0,0.0,0.0,0.0,0.0,0.0,0.0,0.0,0.0,0.0,0.0,0.0,0.0,0.0,0.0,0.0,0.0,0.0,0.0,0.0,0.0,0.0,0.0,0.0,0.0,0.0,0.0,0.0,0.0,0.0,0.0,0.0,0.0,0.0,0.0,0.0,0.0,0.0,0.0,0.0,0.0,0.0,0.0,0.0,0.0,0.0,0.0,0.0,0.0,0.0,0.0,0.0,0.0,0.0,0.0,0.0,0.0,0.0,0.0,0.0,0.0,0.0,0.0,0.0,0.0,0.0,0.0,0.0,0.0,0.0,0.0,0.0,0.0,0.0,0.0,0.0,0.0,0.0,0.0,0.0,0.0,0.0,0.0,0.0,0.0,0.0,0.0,0.0,0.0,0.0,0.0,0.0,0.0,0.0
-13.34515882,0.0,0.0,0.0,0.0,0.0,0.0,0.0,0.0,0.0,0.0,0.0,0.0,0.0,0.0,0.0,0.0,0.0,0.0,0.0,0.0,0.0,0.0,0.0,0.0,0.0,0.0,0.0,0.0,0.0,0.0,0.0,0.0,0.0,0.0,0.0,0.0,0.0,0.0,0.0,0.0,0.0,0.0,0.0,0.0,0.0,0.0,0.0,0.0,0.0,0.0,0.0,0.0,0.0,0.0,0.0,0.0,0.0,0.0,0.0,0.0,0.0,0.0,0.0,0.0,0.0,0.0,0.0,0.0,0.0,0.0,0.0,0.0,0.0,0.0,0.0,0.0,0.0,0.0,0.0,0.0,0.0,0.0,0.0,0.0,0.0,0.0,0.0,0.0,0.0,0.0,0.0,0.0,0.0,0.0,0.0,0.0,0.0,0.0
-13.23515882,0.0,0.0,0.0,0.0,0.0,0.0,0.0,0.0,0.0,0.0,0.0,0.0,0.0,0.0,0.0,0.0,0.0,0.0,0.0,0.0,0.0,0.0,0.0,0.0,0.0,0.0,0.0,0.0,0.0,0.0,0.0,0.0,0.0,0.0,0.0,0.0,0.0,0.0,0.0,0.0,0.0,0.0,0.0,0.0,0.0,0.0,0.0,0.0,0.0,0.0,0.0,0.0,0.0,0.0,0.0,0.0,0.0,0.0,0.0,0.0,0.0,0.0,0.0,0.0,0.0,0.0,0.0,0.0,0.0,0.0,0.0,0.0,0.0,0.0,0.0,0.0,0.0,0.0,0.0,0.0,0.0,0.0,0.0,0.0,0.0,0.0,0.0,0.0,0.0,0.0,0.0,0.0,0.0,0.0,0.0,0.0,0.0,0.0
-13.12415882,0.0,0.0,0.0,0.0,0.0,0.0,0.0,0.0,0.0,0.0,0.0,0.0,0.0,0.0,0.0,0.0,0.0,0.0,0.0,0.0,0.0,0.0,0.0,0.0,0.0,0.0,0.0,0.0,0.0,0.0,0.0,0.0,0.0,0.0,0.0,0.0,0.0,0.0,0.0,0.0,0.0,0.0,0.0,0.0,0.0,0.0,0.0,0.0,0.0,0.0,0.0,0.0,0.0,0.0,0.0,0.0,0.0,0.0,0.0,0.0,0.0,0.0,0.0,0.0,0.0,0.0,0.0,0.0,0.0,0.0,0.0,0.0,0.0,0.0,0.0,0.0,0.0,0.0,0.0,0.0,0.0,0.0,0.0,0.0,0.0,0.0,0.0,0.0,0.0,0.0,0.0,0.0,0.0,0.0,0.0,0.0,0.0,0.0
-13.01415882,0.0,0.0,0.0,0.0,0.0,0.0,0.0,0.0,0.0,0.0,0.0,0.0,0.0,0.0,0.0,0.0,0.0,0.0,0.0,0.0,0.0,0.0,0.0,0.0,0.0,0.0,0.0,0.0,0.0,0.0,0.0,0.0,0.0,0.0,0.0,0.0,0.0,0.0,0.0,0.0,0.0,0.0,0.0,0.0,0.0,0.0,0.0,0.0,0.0,0.0,0.0,0.0,0.0,0.0,0.0,0.0,0.0,0.0,0.0,0.0,0.0,0.0,0.0,0.0,0.0,0.0,0.0,0.0,0.0,0.0,0.0,0.0,0.0,0.0,0.0,0.0,0.0,0.0,0.0,0.0,0.0,0.0,0.0,0.0,0.0,0.0,0.0,0.0,0.0,0.0,0.0,0.0,0.0,0.0,0.0,0.0,0.0,0.0
-12.904158820000001,0.0,0.0,0.0,0.0,0.0,0.0,0.0,0.0,0.0,0.0,0.0,0.0,0.0,0.0,0.0,0.0,0.0,0.0,0.0,0.0,0.0,0.0,0.0,0.0,0.0,0.0,0.0,0.0,0.0,0.0,0.0,0.0,0.0,0.0,0.0,0.0,0.0,0.0,0.0,0.0,0.0,0.0,0.0,0.0,0.0,0.0,0.0,0.0,0.0,0.0,0.0,0.0,0.0,0.0,0.0,0.0,0.0,0.0,0.0,0.0,0.0,0.0,0.0,0.0,0.0,0.0,0.0,0.0,0.0,0.0,0.0,0.0,0.0,0.0,0.0,0.0,0.0,0.0,0.0,0.0,0.0,0.0,0.0,0.0,0.0,0.0,0.0,0.0,0.0,0.0,0.0,0.0,0.0,0.0,0.0,0.0,0.0,0.0
-12.79315882,0.0,0.0,0.0,0.0,0.0,0.0,0.0,0.0,0.0,0.0,0.0,0.0,0.0,0.0,0.0,0.0,0.0,0.0,0.0,0.0,0.0,0.0,0.0,0.0,0.0,0.0,0.0,0.0,0.0,0.0,0.0,0.0,0.0,0.0,0.0,0.0,0.0,0.0,0.0,0.0,0.0,0.0,0.0,0.0,0.0,0.0,0.0,0.0,0.0,0.0,0.0,0.0,0.0,0.0,0.0,0.0,0.0,0.0,0.0,0.0,0.0,0.0,0.0,0.0,0.0,0.0,0.0,0.0,0.0,0.0,0.0,0.0,0.0,0.0,0.0,0.0,0.0,0.0,0.0,0.0,0.0,0.0,0.0,0.0,0.0,0.0,0.0,0.0,0.0,0.0,0.0,0.0,0.0,0.0,0.0,0.0,0.0,0.0
-12.683158820000001,0.0,0.0,0.0,0.0,0.0,0.0,0.0,0.0,0.0,0.0,0.0,0.0,0.0,0.0,0.0,0.0,0.0,0.0,0.0,0.0,0.0,0.0,0.0,0.0,0.0,0.0,0.0,0.0,0.0,0.0,0.0,0.0,0.0,0.0,0.0,0.0,0.0,0.0,0.0,0.0,0.0,0.0,0.0,0.0,0.0,0.0,0.0,0.0,0.0,0.0,0.0,0.0,0.0,0.0,0.0,0.0,0.0,0.0,0.0,0.0,0.0,0.0,0.0,0.0,0.0,0.0,0.0,0.0,0.0,0.0,0.0,0.0,0.0,0.0,0.0,0.0,0.0,0.0,0.0,0.0,0.0,0.0,0.0,0.0,0.0,0.0,0.0,0.0,0.0,0.0,0.0,0.0,0.0,0.0,0.0,0.0,0.0,0.0
-12.57315882,0.0,0.0,0.0,0.0,0.0,0.0,0.0,0.0,0.0,0.0,0.0,0.0,0.0,0.0,0.0,0.0,0.0,0.0,0.0,0.0,0.0,0.0,0.0,0.0,0.0,0.0,0.0,0.0,0.0,0.0,0.0,0.0,0.0,0.0,0.0,0.0,0.0,0.0,0.0,0.0,0.0,0.0,0.0,0.0,0.0,0.0,0.0,0.0,0.0,0.0,0.0,0.0,0.0,0.0,0.0,0.0,0.0,0.0,0.0,0.0,0.0,0.0,0.0,0.0,0.0,0.0,0.0,0.0,0.0,0.0,0.0,0.0,0.0,0.0,0.0,0.0,0.0,0.0,0.0,0.0,0.0,0.0,0.0,0.0,0.0,0.0,0.0,0.0,0.0,0.0,0.0,0.0,0.0,0.0,0.0,0.0,0.0,0.0
-12.46215882,0.0,0.0,0.0,0.0,0.0,0.0,0.0,0.0,0.0,0.0,0.0,0.0,0.0,0.0,0.0,0.0,0.0,0.0,0.0,0.0,0.0,0.0,0.0,0.0,0.0,0.0,0.0,0.0,0.0,0.0,0.0,0.0,0.0,0.0,0.0,0.0,0.0,0.0,0.0,0.0,0.0,0.0,0.0,0.0,0.0,0.0,0.0,0.0,0.0,0.0,0.0,0.0,0.0,0.0,0.0,0.0,0.0,0.0,0.0,0.0,0.0,0.0,0.0,0.0,0.0,0.0,0.0,0.0,0.0,0.0,0.0,0.0,0.0,0.0,0.0,0.0,0.0,0.0,0.0,0.0,0.0,0.0,0.0,0.0,0.0,0.0,0.0,0.0,0.0,0.0,0.0,0.0,0.0,0.0,0.0,0.0,0.0,0.0
-12.35215882,0.0,0.0,0.0,0.0,0.0,0.0,0.0,0.0,0.0,0.0,0.0,0.0,0.0,0.0,0.0,0.0,0.0,0.0,0.0,0.0,0.0,0.0,0.0,0.0,0.0,0.0,0.0,0.0,0.0,0.0,0.0,0.0,0.0,0.0,0.0,0.0,0.0,0.0,0.0,0.0,0.0,0.0,0.0,0.0,0.0,0.0,0.0,0.0,0.0,0.0,0.0,0.0,0.0,0.0,0.0,0.0,0.0,0.0,0.0,0.0,0.0,0.0,0.0,0.0,0.0,0.0,0.0,0.0,0.0,0.0,0.0,0.0,0.0,0.0,0.0,0.0,0.0,0.0,0.0,0.0,0.0,0.0,0.0,0.0,0.0,0.0,0.0,0.0,0.0,0.0,0.0,0.0,0.0,0.0,0.0,0.0,0.0,0.0
-12.24215882,0.0,0.0,0.0,0.0,0.0,0.0,0.0,0.0,0.0,0.0,0.0,0.0,0.0,0.0,0.0,0.0,0.0,0.0,0.0,0.0,0.0,0.0,0.0,0.0,0.0,0.0,0.0,0.0,0.0,0.0,0.0,0.0,0.0,0.0,0.0,0.0,0.0,0.0,0.0,0.0,0.0,0.0,0.0,0.0,0.0,0.0,0.0,0.0,0.0,0.0,0.0,0.0,0.0,0.0,0.0,0.0,0.0,0.0,0.0,0.0,0.0,0.0,0.0,0.0,0.0,0.0,0.0,0.0,0.0,0.0,0.0,0.0,0.0,0.0,0.0,0.0,0.0,0.0,0.0,0.0,0.0,0.0,0.0,0.0,0.0,0.0,0.0,0.0,0.0,0.0,0.0,0.0,0.0,0.0,0.0,0.0,0.0,0.0
-12.13215882,0.0,0.0,0.0,0.0,0.0,0.0,0.0,0.0,0.0,0.0,0.0,0.0,0.0,0.0,0.0,0.0,0.0,0.0,0.0,0.0,0.0,0.0,0.0,0.0,0.0,0.0,0.0,0.0,0.0,0.0,0.0,0.0,0.0,0.0,0.0,0.0,0.0,0.0,0.0,0.0,0.0,0.0,0.0,0.0,0.0,0.0,0.0,0.0,0.0,0.0,0.0,0.0,0.0,0.0,0.0,0.0,0.0,0.0,0.0,0.0,0.0,0.0,0.0,0.0,0.0,0.0,0.0,0.0,0.0,0.0,0.0,0.0,0.0,0.0,0.0,0.0,0.0,0.0,0.0,0.0,0.0,0.0,0.0,0.0,0.0,0.0,0.0,0.0,0.0,0.0,0.0,0.0,0.0,0.0,0.0,0.0,0.0,0.0
-12.02115882,0.0,0.0,0.0,0.0,0.0,0.0,0.0,0.0,0.0,0.0,0.0,0.0,0.0,0.0,0.0,0.0,0.0,0.0,0.0,0.0,0.0,0.0,0.0,0.0,0.0,0.0,0.0,0.0,0.0,0.0,0.0,0.0,0.0,0.0,0.0,0.0,0.0,0.0,0.0,0.0,0.0,0.0,0.0,0.0,0.0,0.0,0.0,0.0,0.0,0.0,0.0,0.0,0.0,0.0,0.0,0.0,0.0,0.0,0.0,0.0,0.0,0.0,0.0,0.0,0.0,0.0,0.0,0.0,0.0,0.0,0.0,0.0,0.0,0.0,0.0,0.0,0.0,0.0,0.0,0.0,0.0,0.0,0.0,0.0,0.0,0.0,0.0,0.0,0.0,0.0,0.0,0.0,0.0,0.0,0.0,0.0,0.0,0.0
-11.91115882,0.0,0.0,0.0,0.0,0.0,0.0,0.0,0.0,0.0,0.0,0.0,0.0,0.0,0.0,0.0,0.0,0.0,0.0,0.0,0.0,0.0,0.0,0.0,0.0,0.0,0.0,0.0,0.0,0.0,0.0,0.0,0.0,0.0,0.0,0.0,0.0,0.0,0.0,0.0,0.0,0.0,0.0,0.0,0.0,0.0,0.0,0.0,0.0,0.0,0.0,0.0,0.0,0.0,0.0,0.0,0.0,0.0,0.0,0.0,0.0,0.0,0.0,0.0,0.0,0.0,0.0,0.0,0.0,0.0,0.0,0.0,0.0,0.0,0.0,0.0,0.0,0.0,0.0,0.0,0.0,0.0,0.0,0.0,0.0,0.0,0.0,0.0,0.0,0.0,0.0,0.0,0.0,0.0,0.0,0.0,0.0,0.0,0.0
-11.80115882,0.0,0.0,0.0,0.0,0.0,0.0,0.0,0.0,0.0,0.0,0.0,0.0,0.0,0.0,0.0,0.0,0.0,0.0,0.0,0.0,0.0,0.0,0.0,0.0,0.0,0.0,0.0,0.0,0.0,0.0,0.0,0.0,0.0,0.0,0.0,0.0,0.0,0.0,0.0,0.0,0.0,0.0,0.0,0.0,0.0,0.0,0.0,0.0,0.0,0.0,0.0,0.0,0.0,0.0,0.0,0.0,0.0,0.0,0.0,0.0,0.0,0.0,0.0,0.0,0.0,0.0,0.0,0.0,0.0,0.0,0.0,0.0,0.0,0.0,0.0,0.0,0.0,0.0,0.0,0.0,0.0,0.0,0.0,0.0,0.0,0.0,0.0,0.0,0.0,0.0,0.0,0.0,0.0,0.0,0.0,0.0,0.0,0.0
-11.69015882,0.0,0.0,0.0,0.0,0.0,0.0,0.0,0.0,0.0,0.0,0.0,0.0,0.0,0.0,0.0,0.0,0.0,0.0,0.0,0.0,0.0,0.0,0.0,0.0,0.0,0.0,0.0,0.0,0.0,0.0,0.0,0.0,0.0,0.0,0.0,0.0,0.0,0.0,0.0,0.0,0.0,0.0,0.0,0.0,0.0,0.0,0.0,0.0,0.0,0.0,0.0,0.0,0.0,0.0,0.0,0.0,0.0,0.0,0.0,0.0,0.0,0.0,0.0,0.0,0.0,0.0,0.0,0.0,0.0,0.0,0.0,0.0,0.0,0.0,0.0,0.0,0.0,0.0,0.0,0.0,0.0,0.0,0.0,0.0,0.0,0.0,0.0,0.0,0.0,0.0,0.0,0.0,0.0,0.0,0.0,0.0,0.0,0.0
-11.58015882,0.0,0.0,0.0,0.0,0.0,0.0,0.0,0.0,0.0,0.0,0.0,0.0,0.0,0.0,0.0,0.0,0.0,0.0,0.0,0.0,0.0,0.0,0.0,0.0,0.0,0.0,0.0,0.0,0.0,0.0,0.0,0.0,0.0,0.0,0.0,0.0,0.0,0.0,0.0,0.0,0.0,0.0,0.0,0.0,0.0,0.0,0.0,0.0,0.0,0.0,0.0,0.0,0.0,0.0,0.0,0.0,0.0,0.0,0.0,0.0,0.0,0.0,0.0,0.0,0.0,0.0,0.0,0.0,0.0,0.0,0.0,0.0,0.0,0.0,0.0,0.0,0.0,0.0,0.0,0.0,0.0,0.0,0.0,0.0,0.0,0.0,0.0,0.0,0.0,0.0,0.0,0.0,0.0,0.0,0.0,0.0,0.0,0.0
-11.47015882,0.0,0.0,0.0,0.0,0.0,0.0,0.0,0.0,0.0,0.0,0.0,0.0,0.0,0.0,0.0,0.0,0.0,0.0,0.0,0.0,0.0,0.0,0.0,0.0,0.0,0.0,0.0,0.0,0.0,0.0,0.0,0.0,0.0,0.0,0.0,0.0,0.0,0.0,0.0,0.0,0.0,0.0,0.0,0.0,0.0,0.0,0.0,0.0,0.0,0.0,0.0,0.0,0.0,0.0,0.0,0.0,0.0,0.0,0.0,0.0,0.0,0.0,0.0,0.0,0.0,0.0,0.0,0.0,0.0,0.0,0.0,0.0,0.0,0.0,0.0,0.0,0.0,0.0,0.0,0.0,0.0,0.0,0.0,0.0,0.0,0.0,0.0,0.0,0.0,0.0,0.0,0.0,0.0,0.0,0.0,0.0,0.0,0.0
-11.35915882,0.0,0.0,0.0,0.0,0.0,0.0,0.0,0.0,0.0,0.0,0.0,0.0,0.0,0.0,0.0,0.0,0.0,0.0,0.0,0.0,0.0,0.0,0.0,0.0,0.0,0.0,0.0,0.0,0.0,0.0,0.0,0.0,0.0,0.0,0.0,0.0,0.0,0.0,0.0,0.0,0.0,0.0,0.0,0.0,0.0,0.0,0.0,0.0,0.0,0.0,0.0,0.0,0.0,0.0,0.0,0.0,0.0,0.0,0.0,0.0,0.0,0.0,0.0,0.0,0.0,0.0,0.0,0.0,0.0,0.0,0.0,0.0,0.0,0.0,0.0,0.0,0.0,0.0,0.0,0.0,0.0,0.0,0.0,0.0,0.0,0.0,0.0,0.0,0.0,0.0,0.0,0.0,0.0,0.0,0.0,0.0,0.0,0.0
-11.24915882,0.0,0.0,0.0,0.0,0.0,0.0,0.0,0.0,0.0,0.0,0.0,0.0,0.0,0.0,0.0,0.0,0.0,0.0,0.0,0.0,0.0,0.0,0.0,0.0,0.0,0.0,0.0,0.0,0.0,0.0,0.0,0.0,0.0,0.0,0.0,0.0,0.0,0.0,0.0,0.0,0.0,0.0,0.0,0.0,0.0,0.0,0.0,0.0,0.0,0.0,0.0,0.0,0.0,0.0,0.0,0.0,0.0,0.0,0.0,0.0,0.0,0.0,0.0,0.0,0.0,0.0,0.0,0.0,0.0,0.0,0.0,0.0,0.0,0.0,0.0,0.0,0.0,0.0,0.0,0.0,0.0,0.0,0.0,0.0,0.0,0.0,0.0,0.0,0.0,0.0,0.0,0.0,0.0,0.0,0.0,0.0,0.0,0.0
-11.13915882,0.0,0.0,0.0,0.0,0.0,0.0,0.0,0.0,0.0,0.0,0.0,0.0,0.0,0.0,0.0,0.0,0.0,0.0,0.0,0.0,0.0,0.0,0.0,0.0,0.0,0.0,0.0,0.0,0.0,0.0,0.0,0.0,0.0,0.0,0.0,0.0,0.0,0.0,0.0,0.0,0.0,0.0,0.0,0.0,0.0,0.0,0.0,0.0,0.0,0.0,0.0,0.0,0.0,0.0,0.0,0.0,0.0,0.0,0.0,0.0,0.0,0.0,0.0,0.0,0.0,0.0,0.0,0.0,0.0,0.0,0.0,0.0,0.0,0.0,0.0,0.0,0.0,0.0,0.0,0.0,0.0,0.0,0.0,0.0,0.0,0.0,0.0,0.0,0.0,0.0,0.0,0.0,0.0,0.0,0.0,0.0,0.0,0.0
-11.02915882,-2.508e-29,0.0,-1.169059124841e-30,0.0,-1.0762589690000001e-32,0.0,-2.1650322120000002e-32,0.0,-2.5281474000000003e-34,0.0,0.0,0.0,0.0,0.0,0.0,0.0,0.0,0.0,0.0,0.0,-3.2665726550000004e-32,0.0,0.0,0.0,-1.201724851391e-30,0.0,-5.375089934800002e-31,0.0,-7.977227401499999e-32,0.0,-1.0875964118300002e-31,0.0,-7.044016119e-34,0.0,-2.35044199988e-31,0.0,-2.6764398275e-33,0.0,-6.9163203790999975e-31,0.0,-4.898228166299998e-33,0.0,-1.2414918833399997e-31,0.0,-1.8923631680990001e-31,0.0,-1.0584000942257998e-30,0.0,-1.7851454045157e-30,0.0,-4.199974082918999e-30,0.0,-7.225339360199996e-33,0.0,-6.881965556479996e-33,0.0,-4.680804946447795e-31,0.0,0.0,0.0,0.0,0.0,0.0,0.0,0.0,0.0,0.0,0.0,-4.8218779956145955e-31,0.0,0.0,0.0,-4.6821618824804584e-30,0.0,-7.426612376829996e-32,0.0,-4.216049453489303e-31,0.0,-5.581024553719998e-31,0.0,-1.0452135757979999e-29,0.0,0.0,0.0,0.0,0.0,0.0,0.0,0.0,0.0,0.0,0.0,-1.1431843158700928e-29,0.0,0.0,0.0,-1.1506109282469229e-29,0.0
-10.91815882,-1.663e-25,-1.163e-29,-7.75624153699e-27,-5.9206203189700005e-31,-7.15389977e-29,-4.93658688e-33,-1.4282155596000001e-28,-9.303808712e-33,-1.66315654e-30,-9.7545687e-35,0.0,0.0,0.0,0.0,0.0,0.0,0.0,0.0,0.0,0.0,-2.160237102e-28,-1.4337941279e-32,0.0,0.0,-7.972265247190001e-27,-6.06399973176e-31,-3.5641882096000006e-27,-2.1624710425700002e-31,-5.291049492900001e-28,-4.0270066132e-32,-7.216354023599998e-28,-5.433169027599997e-32,-4.7619225391999994e-30,-2.9130837632999994e-34,-1.55515288758e-27,-2.842739066850001e-32,-1.8200590916000005e-29,-2.7336499290999995e-33,-4.586145956399999e-27,-2.0873815598000012e-31,-3.2371220653999996e-29,-4.6692214845400005e-33,-8.284460659000001e-28,-1.82577764506e-32,-1.2555022741891998e-27,-9.489306478432997e-32,-7.02031672145e-27,-2.6282619451274015e-31,-1.1840007205239199e-26,-5.739663635540701e-31,-2.785240998467e-26,-1.9716278585600003e-30,-4.801502940699999e-29,-2.7525288897899987e-33,-4.5985945643399993e-29,-2.6013671373400015e-33,-3.1037933546336004e-27,-2.194365027228499e-31,0.0,0.0,0.0,0.0,0.0,0.0,0.0,0.0,0.0,0.0,-3.1977943296840006e-27,-2.247903987499799e-31,0.0,0.0,-3.1050204314353997e-26,-2.19641825730998e-30,-4.92055631236e-28,-4.1204341923799977e-32,-2.8013643291031005e-27,-2.2026188816020017e-31,-3.710543347454e-27,-2.8936113712500014e-31,-6.929997879040001e-26,-4.877425195306998e-30,0.0,0.0,0.0,0.0,0.0,0.0,0.0,0.0,0.0,0.0,-7.581188646695711e-26,-5.3870482205921984e-30,0.0,0.0,-7.630394209819311e-26,-5.4282525625159984e-30
-10.808158820000001,-5.987e-22,-8.102e-26,-2.79333009537e-23,-4.12642495359e-27,-2.58221409e-25,-3.43975813e-29,-5.111374927e-25,-6.445655731e-29,-5.928615e-27,-6.7484228e-31,0.0,0.0,0.0,0.0,0.0,0.0,0.0,0.0,0.0,0.0,-7.752875167e-25,-9.952898089e-29,0.0,0.0,-2.87085884704e-23,-4.22595393448e-27,-1.2826378897000004e-23,-1.50729989637e-27,-1.9050563649000003e-24,-2.806529312999999e-28,-2.5988077583e-24,-3.7857551069000013e-28,-1.7523354061999996e-26,-2.0689888443000004e-30,-5.5821134821699995e-24,-1.9783002285500004e-28,-6.740243447300001e-26,-1.9088100311999994e-29,-1.6501992393e-23,-1.45523746398e-27,-1.1602670174000007e-25,-3.255546559069999e-29,-3.0034253000600007e-24,-1.27349123148e-28,-4.521387477262e-24,-6.612974308343001e-28,-2.5270960311443e-23,-1.8320601758857e-27,-4.2618726685705005e-23,-4.00065750309e-27,-1.0024099962640007e-22,-1.3737437695039998e-26,-1.7325266675e-25,-1.926305171559999e-29,-1.6697645091100004e-25,-1.8313349960100014e-29,-1.1171070901729993e-23,-1.5286494671298006e-27,0.0,0.0,0.0,0.0,0.0,0.0,0.0,0.0,0.0,0.0,-1.1511300019390993e-23,-1.5662258688055005e-27,0.0,0.0,-1.1175229964579106e-22,-1.53036635638455e-26,-1.7695356197520006e-24,-2.8686391319919983e-28,-1.0105068235778013e-23,-1.5370621304950001e-27,-1.3391120344539988e-23,-2.0191385308850007e-27,-2.493821623147001e-22,-3.397946057098002e-26,0.0,0.0,0.0,0.0,0.0,0.0,0.0,0.0,0.0,0.0,-2.7287835089501807e-22,-3.753566123236002e-26,0.0,0.0,-2.746478865147701e-22,-3.7822525145559224e-26
-10.69815882,-1.169e-18,-3.064e-22,-5.456262064679999e-20,-1.560893915307e-23,-5.05816033e-22,-1.301081114e-25,-9.911882729e-22,-2.4217086979999997e-25,-1.1446054499999999e-23,-2.5299539e-27,0.0,0.0,0.0,0.0,0.0,0.0,0.0,0.0,0.0,0.0,-1.5084503604e-21,-3.7480893509999994e-25,0.0,0.0,-5.607107100719999e-20,-1.5983748088169998e-23,-2.504022345699999e-20,-5.7028321453999986e-24,-3.721318447699999e-21,-1.06153634648e-24,-5.077679634e-21,-1.431816840800001e-24,-3.5082769944e-23,-7.999775347000002e-27,-1.0865167495499998e-20,-7.46928532511e-25,-1.3590194708e-22,-7.238220102900003e-26,-3.221306139000001e-20,-5.5069162518000015e-24,-2.254478023800001e-22,-1.2325208815499997e-25,-5.911827598399998e-21,-4.821802414349999e-25,-8.834080851644e-21,-2.501352962627001e-24,-4.935140623336e-20,-6.931659314930001e-24,-8.3225710542004e-20,-1.5135844422957e-23,-1.9572889648909988e-19,-5.1952413751499994e-23,-3.3927086269099995e-22,-7.321354030190002e-26,-3.293354044159998e-22,-7.0106415318e-26,-2.180652352796601e-20,-5.780906040549998e-24,0.0,0.0,0.0,0.0,0.0,0.0,0.0,0.0,0.0,0.0,-2.247512979507301e-20,-5.924225996169898e-24,0.0,0.0,-2.1820402628417287e-19,-5.787663974766989e-23,-3.45097147974e-21,-1.0837131666479995e-24,-1.978187951922599e-20,-5.823191843500001e-24,-2.6227022856409976e-20,-7.652229326730005e-24,-4.868216187426999e-19,-1.2847624106189999e-22,0.0,0.0,0.0,0.0,0.0,0.0,0.0,0.0,0.0,0.0,-5.328305211183359e-19,-1.4195166223213e-22,0.0,0.0,-5.362814925980759e-19,-1.4303537539877798e-22
-10.58715882,-1.238e-15,-6.287e-19,-5.77876997242e-17,-3.2039168112899997e-20,-5.37270167e-19,-2.6697635e-22,-1.0407328322e-18,-4.927416409e-22,-1.19555717e-20,-5.137196499999999e-24,0.0,0.0,0.0,0.0,0.0,0.0,0.0,0.0,0.0,0.0,-1.5899585709e-18,-7.648551874e-22,0.0,0.0,-5.93776582951e-17,-3.28040233003e-20,-2.6501227704999992e-17,-1.17043586589e-20,-3.9397792234e-18,-2.1782410529000004e-21,-5.3784265474999975e-18,-2.9377428917000006e-21,-3.8198380839000007e-20,-1.6837494203e-23,-1.1459464618799997e-17,-1.5297545476099995e-21,-1.4913611687e-19,-1.4896299473e-22,-3.408807100700001e-17,-1.1306541560800001e-20,-2.372870062799999e-19,-2.531240215110001e-22,-6.3176156052999974e-18,-9.905795868399995e-22,-9.356404151738998e-18,-5.132821438803001e-21,-5.2251574354250005e-17,-1.4228962711491e-20,-8.8109206210989e-17,-3.1066142809194e-20,-2.0716343359669982e-16,-1.065886138063e-19,-3.6030601630099987e-19,-1.511106657540001e-22,-3.526371764129998e-19,-1.4586373336000006e-22,-2.3076268001401e-17,-1.185577794278e-20,0.0,0.0,0.0,0.0,0.0,0.0,0.0,0.0,0.0,0.0,-2.3789211194115e-17,-1.2152752341894e-20,0.0,0.0,-2.309526447908148e-16,-1.18741366148194e-19,-3.648245351550001e-18,-2.220975127963998e-21,-2.1002445599078992e-17,-1.197317405503e-20,-2.786796424549999e-17,-1.5734194234260007e-20,-5.150434964799998e-16,-2.6352914817329996e-19,0.0,0.0,0.0,0.0,0.0,0.0,0.0,0.0,0.0,0.0,-5.639139063245788e-16,-2.9123651646258997e-19,0.0,0.0,-5.675621516761289e-16,-2.9345749159055397e-19
-10.47715882,-6.868e-13,-6.994e-16,-3.2090228272399996e-14,-3.56558130309e-17,-2.99483919e-16,-2.9696958400000003e-19,-5.720844675e-16,-5.428970886e-19,-6.5298302e-18,-5.6446102999999995e-21,0.0,0.0,0.0,0.0,0.0,0.0,0.0,0.0,0.0,0.0,-8.780982167e-16,-8.455112829e-19,0.0,0.0,-3.29683264891e-14,-3.6501324313799996e-17,-1.4703410856000012e-14,-1.3025364278999995e-17,-2.1871720374e-15,-2.423129907199999e-18,-2.9870821917e-15,-3.2672513185999998e-18,-2.1886260196000006e-17,-1.9285313687999997e-20,-6.33252424628e-15,-1.6978471438200004e-18,-8.616702966399999e-17,-1.662836314400001e-19,-1.8910085014999997e-14,-1.2585193427e-17,-1.3080985548000002e-16,-2.8195836164699997e-19,-3.544215840310001e-15,-1.1035586635799995e-18,-5.196140489296e-15,-5.709666539487999e-18,-2.9003801986734e-14,-1.5834841227487e-17,-4.890335333203001e-14,-3.4569872045974993e-17,-1.1495955261629994e-13,-1.185629099220999e-16,-2.0071318781600008e-16,-1.6924689813099997e-19,-1.9831698725599986e-16,-1.6493718413000004e-19,-1.2803249594904997e-14,-1.3184058102872996e-17,0.0,0.0,0.0,0.0,0.0,0.0,0.0,0.0,0.0,0.0,-1.3202279769976996e-14,-1.3518242185133996e-17,0.0,0.0,-1.2816183238627694e-13,-1.320811521072339e-16,-2.0215042992029995e-15,-2.4664798950900003e-18,-1.1694789654835998e-14,-1.3351145810510003e-17,-1.552878956291001e-14,-1.7546264305149997e-17,-2.857256098329998e-13,-2.930411205536002e-16,0.0,0.0,0.0,0.0,0.0,0.0,0.0,0.0,0.0,0.0,-3.129491890507458e-13,-3.2393853066926024e-16,0.0,0.0,-3.149706933499488e-13,-3.2640501056435023e-16
-10.36715882,-2.114e-10,-4.083e-13,-9.88499309675e-12,-2.08238334801e-14,-9.25977722e-14,-1.7339734799999999e-16,-1.741777789e-13,-3.1331354269999996e-16,-1.97384827e-15,-3.2460031899999998e-18,0.0,0.0,0.0,0.0,0.0,0.0,0.0,0.0,0.0,0.0,-2.6874939937e-13,-4.8995689389e-16,0.0,0.0,-1.015374249612e-11,-2.131379037399e-14,-4.523450875699998e-12,-7.609022064300001e-15,-6.734128791400004e-13,-1.4149086746499998e-15,-9.2022838328e-13,-1.9075930307000006e-15,-6.975356626000001e-15,-1.1643618809000004e-17,-1.93906515444e-12,-9.8856512575e-16,-2.7707491910999996e-14,-9.749882462999996e-17,-5.8172949179e-12,-7.3543580744e-15,-3.9956351959e-14,-1.6482169731389997e-16,-1.1042477895200003e-12,-6.4543270285e-16,-1.6006166190460004e-12,-3.3341453241590005e-15,-8.92827170573e-12,-9.2506764249439e-15,-1.5052339200476e-11,-2.01938438134029e-14,-3.53755114845e-11,-6.921721498489998e-14,-6.203596566400002e-14,-9.960800238700001e-17,-6.193704699199997e-14,-9.814445008299994e-17,-3.938272097805296e-12,-7.693551300836997e-15,0.0,0.0,0.0,0.0,0.0,0.0,0.0,0.0,0.0,0.0,-4.062245110461296e-12,-7.891303753306997e-15,0.0,0.0,-3.94377565949613e-11,-7.710851873820697e-14,-6.210804041470001e-13,-1.4374303070799997e-15,-3.612678587306999e-12,-7.817300317649993e-15,-4.802541258490003e-12,-1.0275737738670006e-14,-8.789700915550004e-11,-1.7101237884670017e-13,0.0,0.0,0.0,0.0,0.0,0.0,0.0,0.0,0.0,0.0,-9.631222900129705e-11,-1.8910541690302017e-13,0.0,0.0,-9.693330940544405e-11,-1.9054284721010018e-13
-10.25615882,-3.499e-08,-1.321e-10,-1.63768118845e-09,-6.73923449727e-12,-1.5411750599999998e-11,-5.6095952e-14,-2.846706878e-11,-1.0001306440000001e-13,-3.1988981e-13,-1.03222427e-15,0.0,0.0,0.0,0.0,0.0,0.0,0.0,0.0,0.0,0.0,-4.419870919e-11,-1.5714124067000002e-13,0.0,0.0,-1.6818798976400001e-09,-6.89637573794e-12,-7.485127887000005e-10,-2.462829806529999e-12,-1.1152939358000003e-10,-4.577920849399998e-13,-1.5249073492000003e-10,-6.170843262100001e-13,-1.1999855945000003e-12,-3.9093834862000016e-15,-3.1920485736e-10,-3.188924265140001e-13,-4.8107986557999995e-12,-3.1696271351999993e-14,-9.62434919e-10,-2.3815156207999994e-12,-6.556737873999999e-12,-5.3402199789300004e-14,-1.85293604034e-10,-2.0924124198100006e-13,-2.6522011409450005e-10,-1.0787857946362e-12,-1.4783009169238e-09,-2.9947477604362993e-12,-2.4920338197183005e-09,-6.536363361602498e-12,-5.854015238539999e-09,-2.2387846018589996e-11,-1.0319010956800002e-11,-3.2521625598099994e-14,-1.0425017481899997e-11,-3.2432863793000004e-14,-6.516217608046001e-10,-2.4876069959539987e-12,0.0,0.0,0.0,0.0,0.0,0.0,0.0,0.0,0.0,0.0,-6.723657892433001e-10,-2.5525614853450986e-12,0.0,0.0,-6.526381027783299e-09,-2.4940407503935095e-11,-1.0259483555910008e-10,-4.640771466179993e-13,-6.006257332933003e-10,-2.53711732559e-12,-7.992413034879997e-10,-3.3358248627079994e-12,-1.4540941337590002e-08,-5.5296298337279975e-11,0.0,0.0,0.0,0.0,0.0,0.0,0.0,0.0,0.0,0.0,-1.5940808374371303e-08,-6.116924052557798e-11,0.0,0.0,-1.6043403209930402e-08,-6.163331767219598e-11
-10.14615882,-3.099e-06,-2.301e-08,-1.4522898688e-07,-1.174503695025e-09,-1.3729802099999998e-09,-9.770122220000001e-12,-2.484380851e-09,-1.714386529e-11,-2.7638135999999998e-11,-1.76123289e-13,0.0,0.0,0.0,0.0,0.0,0.0,0.0,0.0,0.0,0.0,-3.884999197e-09,-2.7090110799000003e-11,0.0,0.0,-1.49113986077e-07,-1.201593805824e-09,-6.626963349000003e-08,-4.292376860599999e-10,-9.883598084000006e-09,-7.9746535825e-11,-1.3522017155000004e-08,-1.0746671477699999e-10,-1.1083260696000001e-10,-7.097900539e-13,-2.8084183146799995e-08,-5.5334468886999987e-11,-4.4858775426000006e-10,-5.551348455800001e-12,-8.518670872000002e-08,-4.1528921556e-10,-5.748545379999999e-10,-9.319678362209997e-12,-1.6665668104600005e-08,-3.6532758793300003e-11,-2.3516447845960012e-08,-1.879230406559e-10,-1.3096000226366003e-07,-5.2202747005831e-10,-2.2074608359962007e-07,-1.13918819677421e-09,-5.184354376349998e-07,-3.898961201300004e-09,-9.189728934000004e-10,-5.724431825930002e-12,-9.406353091600007e-10,-5.7870007854e-12,-5.768669524609e-08,-4.330304669010999e-10,0.0,0.0,0.0,0.0,0.0,0.0,0.0,0.0,0.0,0.0,-5.954630344865e-08,-4.445418995124299e-10,0.0,0.0,-5.779817410836499e-07,-4.343503100812434e-09,-9.06461207365e-09,-8.062577769239998e-11,-5.346073541752e-08,-4.435795424159999e-10,-7.120946127000001e-08,-5.833548028119999e-10,-1.2868959612389986e-06,-9.62558551255e-09,0.0,0.0,0.0,0.0,0.0,0.0,0.0,0.0,0.0,0.0,-1.4115661579265186e-06,-1.0652519857778e-08,0.0,0.0,-1.4206307700001686e-06,-1.07331456354704e-08
-10.03615882,-0.0001455,-2.146e-06,-6.8236312113000005e-06,-1.096362484983e-07,-6.48865577e-08,-9.11330652e-10,-1.1467580758e-07,-1.569816661e-09,-1.26105105e-09,-1.60370632e-11,0.0,0.0,0.0,0.0,0.0,0.0,0.0,0.0,0.0,0.0,-1.8082341633000002e-07,-2.4971843762e-09,0.0,0.0,-7.0044546276300005e-06,-1.121334328745e-07,-3.1094084185999997e-06,-4.007040568000001e-08,-4.6417779297999986e-07,-7.438514272200002e-09,-6.356275822400002e-07,-1.00226267029e-08,-5.444587463e-09,-6.9300078557e-11,-1.30853370716e-06,-5.140409360879999e-09,-2.2258758739000003e-08,-5.211002826599996e-10,-3.9958351604e-06,-3.879185839199999e-08,-2.667678973699999e-08,-8.712321617550001e-10,-7.9559793254e-07,-3.4168276153499982e-09,-1.1052499626830001e-06,-1.7530441053657e-08,-6.1489023485759995e-06,-4.8741427812644985e-08,-1.0363560729859e-05,-1.06342274546302e-07,-2.4330982616000003e-05,-3.636317563450001e-07,-4.340634776900001e-08,-5.404185481020002e-10,-4.506642522809995e-08,-5.546921251609998e-10,-2.706117366731799e-06,-4.0364714628569954e-08,0.0,0.0,0.0,0.0,0.0,0.0,0.0,0.0,0.0,0.0,-2.794590139728899e-06,-4.1459825301832954e-08,0.0,0.0,-2.71255727557289e-05,-4.0509158164683306e-07,-4.2437473393500023e-07,-7.500346310190002e-09,-2.5230332368575998e-06,-4.155878116019999e-08,-3.3660198654399955e-06,-5.465530467039999e-08,-6.036756858950001e-05,-8.972057256609997e-07,0.0,0.0,0.0,0.0,0.0,0.0,0.0,0.0,0.0,0.0,-6.625662169179761e-05,-9.934198114915998e-07,0.0,0.0,-6.66809964257326e-05,-1.0009201578017897e-06
-9.92615882,-0.003555,-0.0001063,-0.000166896445845,-5.43274646637e-06,-1.5980263999999998e-06,-4.51314148e-08,-2.748444563e-06,-7.606786901e-08,-2.9791353e-08,-7.718232400000001e-10,0.0,0.0,0.0,0.0,0.0,0.0,0.0,0.0,0.0,0.0,-4.376262316e-06,-1.2197110705e-07,0.0,0.0,-0.000171272708161,-5.55471757342e-06,-7.594675630000001e-05,-1.986036864959999e-06,-1.1351140117999995e-05,-3.6838459698999995e-07,-1.5555539869000002e-05,-4.962352430099997e-07,-1.3980268489999995e-07,-3.6072150168000005e-09,-3.1706953628100014e-05,-2.532700749260001e-07,-5.775029636700001e-07,-2.598946357900001e-08,-9.757378547000002e-05,-1.9236791662000005e-06,-6.434835124e-07,-4.324398545380001e-08,-1.9819397380700002e-05,-1.6970221898599994e-07,-2.70464826719e-05,-8.682270550167996e-07,-0.00015032112295487003,-2.4158849091448005e-06,-0.00025331436192677006,-5.2701488291216e-06,-0.0005944851740349994,-1.8002205539559986e-05,-1.0682603338099994e-06,-2.7125678522099992e-08,-1.1269273212600002e-06,-2.8310888905100002e-08,-6.608862798008007e-05,-1.9972098578341997e-06,0.0,0.0,0.0,0.0,0.0,0.0,0.0,0.0,0.0,0.0,-6.828381563515007e-05,-2.0526464252613997e-06,0.0,0.0,-0.0006627689896701494,-2.0054851964821385e-05,-1.0340543902150002e-05,-3.7019011709599997e-07,-6.204310128172998e-05,-2.0677527836699995e-06,-8.288592134590002e-05,-2.7204143959410024e-06,-0.0014739251549079995,-4.4393316943900006e-05,0.0,0.0,0.0,0.0,0.0,0.0,0.0,0.0,0.0,0.0,-0.0016188541775356295,-4.918148412351101e-05,0.0,0.0,-0.0016291947214377796,-4.9551674240607004e-05
-9.81515882,-0.04353,-0.002747,-0.00204650396046,-0.0001405401167337,-1.9748253499999998e-05,-1.166439241e-06,-3.2879920769999995e-05,-1.9165477859999997e-06,-3.5006697e-07,-1.92820194e-08,0.0,0.0,0.0,0.0,0.0,0.0,0.0,0.0,0.0,0.0,-5.2978241239999995e-05,-3.1022690463999995e-06,0.0,0.0,-0.0020994822017,-0.0001436423857801,-0.0009294197400999997,-5.139028925400001e-05,-0.00013912430640000006,-9.524243542899998e-06,-0.00019076782077999998,-1.2824327960499996e-05,-1.8093400430999993e-06,-9.848240722999999e-08,-0.00038435843158000015,-6.510110667299997e-06,-7.562048834e-06,-6.773121185999998e-07,-0.0011935711056999996,-4.981234207300001e-05,-7.766541707000002e-06,-1.120815070641e-06,-0.00024809558877200006,-4.4022698046e-06,-0.00033170146722310005,-2.2447053910629992e-05,-0.0018413537165929998,-6.252284973414101e-05,-0.0031024749239160995,-0.00013636019289877101,-0.007276659644099996,-0.00046521982553699977,-1.31895612166e-05,-7.121044365070004e-07,-1.4169702337399999e-05,-7.569411080999998e-07,-0.0008085504181600998,-5.1573286215890034e-05,0.0,0.0,0.0,0.0,0.0,0.0,0.0,0.0,0.0,0.0,-0.0008359096817140998,-5.3042331760497036e-05,0.0,0.0,-0.008112569325814096,-0.0005182621572974968,-0.00012617528721539997,-9.530907497999995e-06,-0.0007651563126572001,-5.3745241651899996e-05,-0.0010238390238699996,-7.074222066040001e-05,-0.018026618665399997,-0.0011464224210599992,0.0,0.0,0.0,0.0,0.0,0.0,0.0,0.0,0.0,0.0,-0.019815614001927197,-0.0012709098833722991,0.0,0.0,-0.019941789289142597,-0.0012804407908702992
-9.70515882,-0.2407,-0.03577,-0.0113316645761,-0.0018318291904900002,-0.000110911096,-1.519590549e-05,-0.0001763402557,-2.4198713429999997e-05,-1.82818649e-06,-2.4086893799999997e-07,0.0,0.0,0.0,0.0,0.0,0.0,0.0,0.0,0.0,0.0,-0.00028907953819,-3.9635487858e-05,0.0,0.0,-0.01162074411429,-0.0018714646783480002,-0.005142437073000001,-0.0006701372351099998,-0.0007712666815999999,-0.00012406768571199993,-0.0010561443284999997,-0.00016696196242000003,-1.0733949972999999e-05,-1.3637862775999994e-06,-0.00209623577455,-8.421897514000001e-05,-4.5666595545000006e-05,-8.906285875000004e-06,-0.006592616526000002,-0.0006500291553000001,-4.246324249e-05,-1.4643349082899997e-05,-0.0014120742627199995,-5.7582975423999986e-05,-0.0018381449600729997,-0.0002923934344096,-0.010189056401305002,-0.0008153807408219,-0.017169638434378003,-0.0017779114103414998,-0.040217720479899986,-0.006056956340579996,-7.384650942700008e-05,-9.443060731499993e-06,-8.119405897900004e-05,-1.0248112691399998e-05,-0.004465315003059,-0.0006708879100628002,0.0,0.0,0.0,0.0,0.0,0.0,0.0,0.0,0.0,0.0,-0.004620355571465,-0.0006905790834857002,0.0,0.0,-0.044838076051364986,-0.0067475354240656964,-0.0006951998265429998,-0.00012357785895899986,-0.004271136317746998,-0.0007046699736570001,-0.005721605720649999,-0.0009276784063509998,-0.09953688729419993,-0.014913805914530006,0.0,0.0,0.0,0.0,0.0,0.0,0.0,0.0,0.0,0.0,-0.10952962933259693,-0.016546154294538006,0.0,0.0,-0.11022482915913993,-0.016669732153497006
-9.59515882,-0.3488,-0.2136,-0.016345841717,-0.010953818475100002,-0.00017367180399999998,-9.10094803e-05,-0.0002377728,-0.0001385902221,-2.2314788e-06,-1.35862182e-06,0.0,0.0,0.0,0.0,0.0,0.0,0.0,0.0,0.0,0.0,-0.0004136760828,-0.00023095832422,0.0,0.0,-0.016759517799800002,-0.011184776799320001,-0.007564023291,-0.004011724895300001,-0.0011456274594000004,-0.0007417185157799998,-0.0015186869795,-0.00099638741222,-1.8692196590000006e-05,-8.791389971999996e-06,-0.002920293995699999,-0.00049881993827,-8.655855059999997e-05,-5.384019198999999e-05,-0.009540924364,-0.0038939968094,-6.637470366999998e-05,-8.781550559100001e-05,-0.0022151476269400006,-0.00034608927776299994,-0.0026830066354900004,-0.0017468973179719997,-0.01482929924091,-0.004880561723014,-0.025076329167399998,-0.010639183936286,-0.058224582188399994,-0.03616852547369999,-0.00011260907168500002,-5.7828151499799985e-05,-0.00013109913371599994,-6.437817074400003e-05,-0.006442187554387001,-0.004001613610766,0.0,0.0,0.0,0.0,0.0,0.0,0.0,0.0,0.0,0.0,-0.006685895759788001,-0.0041238199330097996,0.0,0.0,-0.064910477948188,-0.04029234540670979,-0.0010106538379699996,-0.0007342584013089999,-0.0063384832961200024,-0.004245499049919999,-0.008428333162600008,-0.00558874416,-0.1438796860400001,-0.08896184804550002,0.0,0.0,0.0,0.0,0.0,0.0,0.0,0.0,0.0,0.0,-0.15864650249872012,-0.09879609125542002,0.0,0.0,-0.15965715633669011,-0.09953034965672902
-9.48415882,1.529,-0.3749,0.0734292709166,-0.0192003664925,0.00061739147,-0.000165025036,0.001103562384,-0.00022039869850000001,1.2091116e-05,-2.0644789000000004e-06,0.0,0.0,0.0,0.0,0.0,0.0,0.0,0.0,0.0,0.0,0.00173304497,-0.0003874882134,0.0,0.0,0.0751623158866,-0.0195878547059,0.0313886404423,-0.007132553178000002,0.004645856844900001,-0.0013138187163999999,0.006898627101000003,-0.0017351736058,6.070176323999998e-05,-1.8296247675e-05,0.013528966671239994,-0.0008600511879900002,0.00020491505240000007,-9.658350979000004e-05,0.04170404024689,-0.006885259569000002,0.00019074712210999996,-0.00015479175367800002,0.0086062414071,-0.0006209128374200001,0.011605185709140004,-0.003067288569875,0.06423491049973999,-0.008617598857878002,0.10722873665117999,-0.018817440605753005,0.2554300829530002,-0.06344350618760002,0.0004398202557899999,-0.00010918052206599999,0.000471519667191,-0.00012809542832000007,0.028476266049587005,-0.006993784902425997,0.0,0.0,0.0,0.0,0.0,0.0,0.0,0.0,0.0,0.0,0.029387605972568006,-0.007231060852811997,0.0,0.0,0.2848176889255682,-0.07067456704041201,0.004268519215239999,-0.0012795978423699996,0.027002627154769993,-0.007595386427490001,0.03721289539384004,-0.009940170820099998,0.6312412407965997,-0.15572994591230002,0.0,0.0,0.0,0.0,0.0,0.0,0.0,0.0,0.0,0.0,0.6954567633452098,-0.17326550315989003,0.0,0.0,0.6997252825604497,-0.17454510100226003
-9.37415882,5.94,1.238,0.2857901076657,0.064346301529,0.00248233212,0.000463928548,0.00400444716,0.000818805528,4.1189121000000006e-05,8.192307800000002e-06,0.0,0.0,0.0,0.0,0.0,0.0,0.0,0.0,0.0,0.0,0.006527968400999999,0.0012909263838,0.0,0.0,0.2923180760667,0.06563722791280001,0.12229732089000005,0.022457005458000008,0.018162020794000002,0.004169064230500001,0.026756449405,0.0059174807127,0.0002718902332,4.389525868200001e-05,0.051155623286000006,0.0028908608337499995,0.0009842815612000004,0.00031561572660999997,0.16174394405999998,0.022416012967620004,0.0007163424560500001,0.0005159799272120001,0.03540305848959998,0.0019283795750499998,0.045190360432200004,0.010130440201882002,0.25000324985284994,0.028066849030242005,0.41749093117505004,0.06065429469012401,0.9913916642430006,0.20950263478000003,0.0017530585762699994,0.0003008284635429999,0.001968557555011999,0.000323106206271,0.11036647094259003,0.02329283924838301,0.0,0.0,0.0,0.0,0.0,0.0,0.0,0.0,0.0,0.0,0.11408808707387202,0.02391677391819701,0.0,0.0,1.1054797513168726,0.23341940869819705,0.01644265702795,0.004175090724119995,0.10695961904319998,0.024453524628809998,0.14747518433509996,0.032967231328279986,2.4457380414360004,0.5149180173069998,0.0,0.0,0.0,0.0,0.0,0.0,0.0,0.0,0.0,0.0,2.7001728448143005,0.5723387732640898,0.0,0.0,2.7166155018422504,0.5765138639882098
-9.26415882,7.728,5.587,0.36460806645,0.291394169393,0.003631535029,0.0020794245400000003,0.00525055681,0.00330520877,5.03984692e-05,3.1325174000000005e-05,0.0,0.0,0.0,0.0,0.0,0.0,0.0,0.0,0.0,0.0,0.0089324903082,0.005415958484,0.0,0.0,0.37354055675819997,0.296810127877,0.16660601122000004,0.10182091467799996,0.02484087625599999,0.018815874985,0.033163724782,0.026615586322,0.0003843009156600001,0.00023778916689999992,0.06569472067599996,0.012790510164909997,0.0016144534649000005,0.0014659475589999997,0.21209806194999997,0.10194418262699997,0.0012830684374999998,0.0023493468626099995,0.047445511026,0.008827229767989999,0.05838890195365999,0.045669250473900004,0.3281358155543999,0.12737721698150997,0.55313072872806,0.27486738213340994,1.2903560462610004,0.9447171985489998,0.002381926456169001,0.0014394704004800005,0.0027123556036369994,0.0016435499901799996,0.14321563133719994,0.10478685831399998,0.0,0.0,0.0,0.0,0.0,0.0,0.0,0.0,0.0,0.0,0.14830991339700594,0.10786987870465997,0.0,0.0,1.4386659596580065,1.0525870772536599,0.02199384121169999,0.018532847616709994,0.14012043817619987,0.1127748694176,0.187304282652,0.15201649392100008,3.18659512574,2.3155318228480004,0.0,0.0,0.0,0.0,0.0,0.0,0.0,0.0,0.0,0.0,3.5140198465681998,2.5803231861866003,0.0,0.0,3.5360136877798998,2.5988560338033104
-9.15415882,6.812,7.574,0.27191231495,0.39331451772799997,0.0054896685,0.00293984018,0.0063920873,0.004241719245,5.9320787e-05,3.7415473e-05,0.0,0.0,0.0,0.0,0.0,0.0,0.0,0.0,0.0,0.0,0.011941076587,0.007218974898,0.0,0.0,0.283853391537,0.40053349262599997,0.18931009144000002,0.141015043153,0.02928382899,0.025758205419700007,0.021415591740000003,0.035105006486,0.00037774124050000003,0.0003512017462999998,0.058001683040000016,0.017310218918899997,0.0029420344500000004,0.0019889725686999997,0.19657906830000002,0.13958639865000003,0.003633217572000001,0.0031758175204999995,0.04238380019999999,0.0121963344067,0.0510771619705,0.061214413652000005,0.303539803562,0.17425774206480002,0.5439270569725001,0.37648719886980003,1.1446383346299998,1.2807771861799997,0.002673093629900001,0.002040748130400001,0.00291858194702,0.002367708510780001,0.124499512007,0.14179815273896004,0.0,0.0,0.0,0.0,0.0,0.0,0.0,0.0,0.0,0.0,0.13009118758392,0.14620660938014005,0.0,0.0,1.2747295222139197,1.4269837955601397,0.02447674383900001,0.025052588355199995,0.118085651141,0.15463055726290004,0.122100259673,0.20589819317500005,2.877549977842001,3.1365544260199996,0.0,0.0,0.0,0.0,0.0,0.0,0.0,0.0,0.0,0.0,3.117735888656001,3.4970831764579,0.0,0.0,3.142212632495001,3.5221357648130995
-9.04315882,8.158,6.092,0.2750791941,0.28009280071,0.008698616,0.0046923479,0.0095387865,0.004683427,0.00010422100000000002,4.5407408000000004e-05,0.0,0.0,0.0,0.0,0.0,0.0,0.0,0.0,0.0,0.0,0.0183416235,0.009421182308,0.0,0.0,0.2934208176,0.28951398301799997,0.2625181090000001,0.14193910447000002,0.0434196445,0.024987211099999997,0.023200762199999996,0.021665374249999998,0.00047528012999999993,0.00031332048059999997,0.06982682950000002,0.015231015922000003,0.005570102910999999,0.0012507328631000004,0.23932472000000002,0.11542080818,0.007212016482000001,0.0022438876239999996,0.04997185039999999,0.011779789450000003,0.06709568683,0.046965905830599994,0.37190551929300003,0.14592623403910002,0.7015193151230001,0.3348312443397,1.3783671325999998,1.0376087817799997,0.004225331138099999,0.0023189994131299994,0.0044476132572999994,0.0025249983458599996,0.14614778578,0.11250829536087006,0.0,0.0,0.0,0.0,0.0,0.0,0.0,0.0,0.0,0.0,0.15482073017540002,0.11735229311986006,0.0,0.0,1.5331878627753999,1.1549610748998598,0.03561664470999999,0.024204228221399993,0.12870487010099996,0.1179918476952,0.09337695337299996,0.12812375239339996,3.5407449974999996,2.5849389597719976,0.0,0.0,0.0,0.0,0.0,0.0,0.0,0.0,0.0,0.0,3.7628268209739995,2.8310545598605974,0.0,0.0,3.7984434656839996,2.8552587880819975
-8.933158820000001,9.023,7.625,0.33021589500000004,0.28753023730000005,0.0072623062,0.009932795,0.010070578649999998,0.0089602199,0.0001362681,0.000115537829,0.0,0.0,0.0,0.0,0.0,0.0,0.0,0.0,0.0,0.0,0.017469152949999997,0.019008552729,0.0,0.0,0.34768504795000005,0.30653879002900003,0.24705442680000006,0.21609165284999995,0.0471715929,0.039542479499999984,0.045434614899999996,0.022724815899999994,0.000494632102,0.00041873779899999987,0.08030603770000004,0.021179361649999996,0.00689243528,0.0009214990078,0.23962487299999996,0.14050074800000006,0.007896032179999998,0.0021761740899999987,0.052134154200000025,0.018133382689999995,0.093100839902,0.06268603319899997,0.38685353236000003,0.18291116543780006,0.7270087990620001,0.4616888514868,1.5197724169999998,1.3121882883999991,0.005750453948800001,0.004312359116099999,0.006127556984,0.004567976827099998,0.15870709060000002,0.1372317072672,0.0,0.0,0.0,0.0,0.0,0.0,0.0,0.0,0.0,0.0,0.17058510153280002,0.1461120432104,0.0,0.0,1.6903575185327997,1.458300331610399,0.03944132425100001,0.03910374902000001,0.1267464479740001,0.12822706021299995,0.10217851133000003,0.08878363117600002,3.944903110000002,3.3687931653,0.0,0.0,0.0,0.0,0.0,0.0,0.0,0.0,0.0,0.0,4.173828069304002,3.585803856689,0.0,0.0,4.213269393555002,3.624907605709
-8.82315882,8.828,10.04,0.323551824,0.39779473433,0.006898256299999999,0.0109598671,0.018425601200000002,0.012068555799999998,0.00015144609400000002,0.00019433219999999998,0.0,0.0,0.0,0.0,0.0,0.0,0.0,0.0,0.0,0.0,0.025475303594,0.0232227551,0.0,0.0,0.349027127594,0.42101748943,0.19297373509999996,0.24650536649999996,0.04450608090000001,0.05324240215999999,0.0668017561,0.0493346048,0.00046054066,0.000539953532,0.09559688938999998,0.0277146926,0.0074434719900000005,0.0012465387900000007,0.207863166,0.16274785239999998,0.010476760500000005,0.0025128174,0.050873555600000016,0.023783310970000006,0.11176837766,0.10311696049199999,0.37225384348,0.21800521216,0.67699595624,0.5676275391519999,1.4825536522999991,1.7233110545000003,0.0063128526096000006,0.0063551011593,0.007025233145499997,0.007123459743100002,0.15260432517999994,0.17815556018200002,0.0,0.0,0.0,0.0,0.0,0.0,0.0,0.0,0.0,0.0,0.16594241093509995,0.19163412108440003,0.0,0.0,1.6484960632350991,1.9149451755844002,0.04309496743000002,0.052276309910000054,0.10381087792000003,0.15610097312,0.10857339545299997,0.11658168003999994,3.8996412625000003,4.460256586999998,0.0,0.0,0.0,0.0,0.0,0.0,0.0,0.0,0.0,0.0,4.112025535873,4.732939240159998,0.0,0.0,4.155120503303,4.785215550069998
-8.71215882,12.73,8.906,0.285687693,0.38895196162999995,0.0322059461,0.005677585299999999,0.05624092659999999,0.011289328687000002,0.0002231354,0.000192984196,0.0,0.0,0.0,0.0,0.0,0.0,0.0,0.0,0.0,0.0,0.08867000809999999,0.017159898183,0.0,0.0,0.3743577011,0.40611185981299996,0.34157153,0.164329873,0.0695552918,0.04717386679999999,0.083268156,0.06812263200000002,0.0008764287399999998,0.00043843723999999987,0.164969855,0.0245827948,0.0131940169,0.0013285375899999999,0.33016280000000003,0.12009333500000002,0.024614486000000005,0.0018486198499999998,0.104819175,0.019976387900000003,0.15369987654,0.11573493604000001,0.6377603329,0.16782967514000002,1.13303173944,0.44789448418,2.1492958410000016,1.5219336943499997,0.007314759674999995,0.006017074748700002,0.008362481355400003,0.007348198342899997,0.22150281059999993,0.15612908728199998,0.0,0.0,0.0,0.0,0.0,0.0,0.0,0.0,0.0,0.0,0.23718005163039993,0.16949436037359997,0.0,0.0,2.3864758926304015,1.6914280547235996,0.08900053077999996,0.045344354950000026,0.14436479060000004,0.12478813285000002,0.15593282559999994,0.12094371178999995,5.703620739,3.9613425259999997,0.0,0.0,0.0,0.0,0.0,0.0,0.0,0.0,0.0,0.0,6.0039183552,4.20707437064,0.0,0.0,6.09291888598,4.25241872559
-8.60215882,21.67,8.997,0.32782499600000004,0.2913894136,0.082879732,0.0183999779,0.105487085,0.0293452056,0.0003881699,0.00016197323,0.0,0.0,0.0,0.0,0.0,0.0,0.0,0.0,0.0,0.0,0.1887549869,0.04790715673,0.0,0.0,0.5165799829000001,0.33929657033,0.6589176409999998,0.1924251906,0.12895857400000002,0.0509313536,0.121938983,0.06823660499999996,0.0016094046300000001,0.0005082274988999999,0.28298409999999996,0.027714788000000004,0.025183127000000003,0.0014744038,0.5805691000000002,0.13530621000000004,0.042921483999999996,0.0015913240999999997,0.24096083999999998,0.021152249,0.25250696163,0.11967618609889996,1.172618651,0.18723897490000005,2.08404325363,0.4993403515989,3.666616380000002,1.5485275979999995,0.010144999940000005,0.005141558407000002,0.011515226960000003,0.006583550594000001,0.37968182100000003,0.1581697151000001,0.0,0.0,0.0,0.0,0.0,0.0,0.0,0.0,0.0,0.0,0.40134204790000005,0.1698948241010001,0.0,0.0,4.067958427900002,1.7184224221009996,0.17816323010000004,0.06491469289999999,0.254416337,0.11295522695000002,0.27158780500000024,0.12771537530000004,9.7403693,4.067706489,0.0,0.0,0.0,0.0,0.0,0.0,0.0,0.0,0.0,0.0,10.266373441999999,4.30837709125,0.0,0.0,10.4445366721,4.37329178415
-8.49215882,25.48,16.88,0.358960707,0.3020741617,0.10578061899999999,0.0686859869,0.11819444400000001,0.088430109,0.00051747857,0.00023189890000000003,0.0,0.0,0.0,0.0,0.0,0.0,0.0,0.0,0.0,0.0,0.22449254157,0.1573479948,0.0,0.0,0.58345324857,0.4594221565,0.759723874,0.4714974350000001,0.163434858,0.10176823120000003,0.15106415500000006,0.09991577900000001,0.0014437817129999994,0.00118729324,0.3535616499999998,0.058213808,0.031381189399999995,0.002497798400000001,0.6315494000000001,0.30000022000000004,0.04326777799999999,0.0029125598,0.37024137,0.04661304699999999,0.3159427947130001,0.20287130344000004,1.4300013874,0.41023743320000006,2.505668056113,1.0846061716400002,4.296111850000001,2.9354766999999993,0.011355342550000003,0.007467760989999998,0.012604254929999998,0.009196662860000007,0.44590021709999994,0.3002843144000001,0.0,0.0,0.0,0.0,0.0,0.0,0.0,0.0,0.0,0.0,0.4698598145799999,0.3169487382500001,0.0,0.0,4.765971664580001,3.2524254382499995,0.22305631730000008,0.16303185990000016,0.3061935829999997,0.21633446160000003,0.3471410410000002,0.2317544996000001,11.428222959999994,7.752602740000002,0.0,0.0,0.0,0.0,0.0,0.0,0.0,0.0,0.0,0.0,12.081557583999993,8.200691701200002,0.0,0.0,12.304613901299994,8.363723561100002
-8.38115882,19.21,23.55,0.217937141,0.35367606929999995,0.08526264,0.10506728500000001,0.09137853200000001,0.136974737,0.0004505498,0.00031209600000000004,0.0,0.0,0.0,0.0,0.0,0.0,0.0,0.0,0.0,0.0,0.17709172180000002,0.24235411800000004,0.0,0.0,0.3950288628,0.5960301873,0.532526996,0.6638735509999999,0.13617274440000002,0.14851012680000003,0.13135107300000007,0.141358427,0.0010943733,0.0015537825000000003,0.330912493,0.08586624400000002,0.03567770939999999,0.0031878988000000005,0.41705630000000005,0.40345059999999994,0.033126973000000004,0.0041198814999999995,0.39335375300000003,0.071958673,0.2686181907000001,0.29142233630000003,1.2101272284,0.5685832973,2.0112724151,1.5238791846,3.2135805589999995,4.102190940000002,0.009189241606,0.009969177790000002,0.009163452349999998,0.012022986,0.33261098180000004,0.42014937569999977,0.0,0.0,0.0,0.0,0.0,0.0,0.0,0.0,0.0,0.0,0.350963675756,0.4421415394899998,0.0,0.0,3.5645442347559997,4.544332479490001,0.1890624273,0.24385686800000003,0.25273488333,0.3161865377000001,0.30207528000000017,0.33450257900000024,8.575958005000002,10.854753229999996,0.0,0.0,0.0,0.0,0.0,0.0,0.0,0.0,0.0,0.0,9.130768168330002,11.505442346699997,0.0,0.0,9.319830595630002,11.749299214699997
-8.27115882,15.46,19.38,0.063202278,0.22987244400000004,0.071860939,0.08974930789999999,0.063882362,0.127923025,0.0003739752,0.000233613,0.0,0.0,0.0,0.0,0.0,0.0,0.0,0.0,0.0,0.0,0.1361172762,0.21790594589999998,0.0,0.0,0.1993195542,0.4477783899,0.35967080300000004,0.5326121667999998,0.110700048,0.1388976205,0.11898212899999996,0.130456115,0.0045507000479999985,0.0007202034800000001,0.4563788740000002,0.07645163969999996,0.10359202399999996,0.0024558084999999996,0.30339829999999995,0.2917946799999999,0.11133685419999996,0.0038212441199999996,0.4909988840000001,0.07002171900000001,0.23423287704799997,0.27007393898000004,1.4657049362,0.44454509131999986,2.059608616248,1.2472311970999996,2.5168116417,3.379054223,0.011938374312000004,0.008659623770000001,0.008744450896999996,0.009598756580000001,0.24877680729999993,0.3461431774000001,0.0,0.0,0.0,0.0,0.0,0.0,0.0,0.0,0.0,0.0,0.26945963250899996,0.3644015577500001,0.0,0.0,2.7862712742089997,3.7434557807499997,0.19793632679999998,0.22118412710000004,0.2912315773,0.283637091,0.3078147439000001,0.2937923598,6.669127123899998,8.989409535,0.0,0.0,0.0,0.0,0.0,0.0,0.0,0.0,0.0,0.0,7.268173445099999,9.5668389858,0.0,0.0,7.4661097718999985,9.7880231129
-8.16115882,24.95,13.34,0.040310679999999995,0.06689288430000001,0.09378813,0.0740513112,0.07094091899999999,0.09573455800000001,0.000695454,0.00010488660000000001,0.0,0.0,0.0,0.0,0.0,0.0,0.0,0.0,0.0,0.0,0.165424503,0.16989075580000002,0.0,0.0,0.205735183,0.23678364010000003,0.5532517800000001,0.35724509008099986,0.16057811,0.11220142369999998,0.16122193,0.11237769890000002,0.011943705599999998,0.0010485410999999999,1.04051631,0.05567869299999999,0.28113067499999994,0.0018482309399999997,0.51040767,0.16728272,0.36854683139999994,0.0031799190000000007,0.9591875949999998,0.05986088510000001,0.33374374560000003,0.2256276637,3.1597890813999996,0.28785044804,4.046784607,0.8707232018209998,3.9298883010000014,2.332111440999999,0.025000649529,0.007666309108,0.01716425379999999,0.006694407544,0.37032389700000024,0.23640805564300005,0.0,0.0,0.0,0.0,0.0,0.0,0.0,0.0,0.0,0.0,0.4124888003290002,0.25076877229500005,0.0,0.0,4.342377101329002,2.582880213294999,0.3600945965000001,0.18134092040000002,0.5786043030000005,0.21781744862000005,0.5406768610000005,0.22548062400000002,10.309711440000001,6.259068729999999,0.0,0.0,0.0,0.0,0.0,0.0,0.0,0.0,0.0,0.0,11.428992604000001,6.702366802619999,0.0,0.0,11.789087200500003,6.88370772302
-8.05115882,37.78,12.11,0.0838866,0.017203851,0.11010668000000001,0.085185735,0.09092151000000001,0.06684544900000002,0.00145821,0.00012308514000000003,0.0,0.0,0.0,0.0,0.0,0.0,0.0,0.0,0.0,0.0,0.2024864,0.15215426914000002,0.0,0.0,0.28637300000000004,0.16935812014,0.8651419999999997,0.301635502,0.23287794,0.09902034599999998,0.20145642,0.120483913,0.018643112999999996,0.006447219290000001,1.8596700999999998,0.041841265999999995,0.5165250050000002,0.00233133356,0.7760161999999997,0.16233778000000001,0.7410481170000002,0.0031923217799999996,1.5180173600000002,0.05250211249999999,0.452977473,0.22595147828999998,5.411276782,0.26220481384,6.729396255,0.78979179413,5.793386580000001,2.12263996,0.03708001537999997,0.012848124926999993,0.029997881400000006,0.008738950361999995,0.5382658890000002,0.20293384519999993,0.0,0.0,0.0,0.0,0.0,0.0,0.0,0.0,0.0,0.0,0.6053437857800001,0.2245209204889999,0.0,0.0,6.3987303657800005,2.3471608804889996,0.5552029269999998,0.18714010000000014,0.9539247590000004,0.21877572900000014,0.8605835600000005,0.26377759570000003,15.1567399,5.629536500000001,0.0,0.0,0.0,0.0,0.0,0.0,0.0,0.0,0.0,0.0,16.971248219,6.112089824700002,0.0,0.0,17.526451146,6.299229924700001
-7.940158820000001,43.39,16.63,0.1121774,0.037730490000000005,0.08746034,0.11339950000000001,0.08274778,0.06169288899999999,0.00240103,0.00039962900000000003,0.0,0.0,0.0,0.0,0.0,0.0,0.0,0.0,0.0,0.0,0.17260915000000002,0.175492018,0.0,0.0,0.28478655,0.213222508,0.8915361,0.4300657899999999,0.24411108509999996,0.13281238200000003,0.20544816999999999,0.14372675699999998,0.0265242548,0.014011122099999997,2.8257032000000004,0.050580100000000024,0.9264576769999999,0.004367124500000001,0.826455,0.27347627999999996,1.3049336461,0.0053290964,1.9079234999999999,0.06756876,0.4760835098999999,0.29055026110000004,7.7914730231,0.4013213609,9.159092633,1.1219374119999999,6.27349477,2.9057653639999987,0.040749108,0.02399533004,0.04701502230029998,0.016050500260000003,0.5618831830000003,0.26163287083000003,0.0,0.0,0.0,0.0,0.0,0.0,0.0,0.0,0.0,0.0,0.6496473133003002,0.30167870113000006,0.0,0.0,6.9231420833003,3.207444065129999,0.6676714490000002,0.2703231836999999,1.33373168,0.3121101213000001,1.1567841750000007,0.41067654249999985,16.2338262,7.5995023700000015,0.0,0.0,0.0,0.0,0.0,0.0,0.0,0.0,0.0,0.0,18.724342055,8.3222890338,0.0,0.0,19.392013504,8.592612217500001
-7.830158819999999,50.71,24.1,0.1229973,0.07102131,0.05705641000000001,0.12585925999999997,0.06718167999999998,0.082510653,0.00322124,0.0010885519999999998,0.0,0.0,0.0,0.0,0.0,0.0,0.0,0.0,0.0,0.0,0.12745932999999998,0.20945846499999998,0.0,0.0,0.25045663,0.280479775,0.7887573,0.6608847,0.24461984999999997,0.19887598000000004,0.24510216,0.17062096,0.03786661399999999,0.017816167999999993,4.5677679,0.12527515,2.0627407660000006,0.007884762000000002,0.837601,0.4042331110000001,2.2174528799999997,0.009842289500000002,2.6167745,0.13718715000000004,0.527588624,0.387313108,12.302337046,0.6844224625000002,13.61868297,1.7326202705000002,6.676104629999999,4.1759909900000025,0.04269797501,0.03154039717000001,0.0756552236,0.025139957179999988,0.5652529190000002,0.3728525792,0.0,0.0,0.0,0.0,0.0,0.0,0.0,0.0,0.0,0.0,0.6836061176100002,0.42953293355,0.0,0.0,7.359710747609999,4.6055239235500025,0.7915549580000002,0.4230167805000003,1.8375016539999995,0.46924304300000014,1.5915744799999996,0.5799405190000001,16.9908049,10.984629750000002,0.0,0.0,0.0,0.0,0.0,0.0,0.0,0.0,0.0,0.0,20.419881034,12.033813312000001,0.0,0.0,21.211435992,12.456830092500002
-7.72015882,67.66,28.72,0.1283562,0.0977684,0.04462023,0.09488398,0.06207540000000001,0.08554672,0.0038170900000000004,0.002113555,0.0,0.0,0.0,0.0,0.0,0.0,0.0,0.0,0.0,0.0,0.11051272000000001,0.18254425500000002,0.0,0.0,0.23886892,0.280312655,0.8449491000000001,0.7313429999999999,0.30043120000000006,0.2328796,0.3489282499999999,0.18451048,0.049694650000000014,0.0228966345,7.249080600000003,0.27345721,4.2698214844999995,0.012926429,0.9790599999999999,0.42433383,3.4259876300000003,0.017165960999999997,4.3529353,0.25972926,0.6990541,0.4402867145,20.276885014500003,0.9876126900000001,21.820888214500002,2.1592424045,8.241749500000005,4.897978499999998,0.048756662299999996,0.03218098889999999,0.11072377810000003,0.03256629869999998,0.6859290099999998,0.4309724329999999,0.0,0.0,0.0,0.0,0.0,0.0,0.0,0.0,0.0,0.0,0.8454094503999998,0.49571972059999986,0.0,0.0,9.087158950400005,5.3936982205999975,0.9764168240000003,0.5957290583999996,2.4922854800000014,0.6827883070000001,2.314351090000001,0.7717047629999993,20.746792,12.898679499999998,0.0,0.0,0.0,0.0,0.0,0.0,0.0,0.0,0.0,0.0,25.55342857,14.353172569999998,0.0,0.0,26.529845394000002,14.948901628399998
-7.609158819999999,84.17,31.73,0.12016430000000002,0.11973889999999998,0.04401402,0.05525389,0.05027179,0.06769419,0.00459159,0.00280104,0.0,0.0,0.0,0.0,0.0,0.0,0.0,0.0,0.0,0.0,0.0988774,0.12574912,0.0,0.0,0.2190417,0.24548801999999997,0.9863329999999998,0.7166004,0.35729170000000005,0.2478101699999999,0.43748229999999994,0.20077390000000003,0.05608565000000001,0.03344562900000001,9.245483999999998,0.39831425000000015,6.178052099999999,0.022605203999999997,1.1128780000000005,0.41689840000000017,4.5742007000000005,0.030866230999999994,7.151871000000002,0.3765632,0.85085965,0.482029699,28.2624858,1.2452472850000003,30.09967845,2.4438773840000003,9.720561020000002,5.3329663,0.05947790800000002,0.03337890879999999,0.13242433899999997,0.040344569000000025,0.81170003,0.45326747199999984,0.0,0.0,0.0,0.0,0.0,0.0,0.0,0.0,0.0,0.0,1.003602277,0.5269909497999998,0.0,0.0,10.724163297000002,5.8599572498,1.1120768190000003,0.7738815249999997,3.0244844699999995,0.9702806379999998,3.1162276099999993,1.0406913249999998,24.2762181,13.834057900000005,0.0,0.0,0.0,0.0,0.0,0.0,0.0,0.0,0.0,0.0,30.41693018,15.845029863000004,0.0,0.0,31.529006999,16.618911388000004
-7.49915882,88.62,34.91,0.0969281,0.14659410000000003,0.0453959,0.04041135,0.0362745,0.055274390000000014,0.0054285900000000005,0.0027914399999999996,0.0,0.0,0.0,0.0,0.0,0.0,0.0,0.0,0.0,0.0,0.08709899,0.09847718000000001,0.0,0.0,0.18402709,0.24507128000000006,1.014876,0.7867197,0.35952800000000007,0.27844675999999996,0.4512956,0.2433643,0.052237240000000004,0.04035111699999999,9.646939000000001,0.41131545999999997,6.8125269999999984,0.035813772,1.1591579999999997,0.4691558,5.14159257,0.045104586,9.212197,0.42913789999999985,0.86306084,0.5621621769999999,31.97241357,1.3905275179999999,33.85035041,2.739409395,9.747108699999998,5.834846139999999,0.06881298000000004,0.03486447360000001,0.13633061100000002,0.04655434259999998,0.80037123,0.48701330799999976,0.0,0.0,0.0,0.0,0.0,0.0,0.0,0.0,0.0,0.0,1.005514821,0.5684321241999998,0.0,0.0,10.752623520999999,6.403278264199999,1.1199133099999998,0.8979670919999999,3.2382475399999997,1.2294405895000002,3.4449489100000004,1.2345750900000003,24.170673999999984,14.893740050000007,0.0,0.0,0.0,0.0,0.0,0.0,0.0,0.0,0.0,0.0,30.853870449999985,17.357755729500006,0.0,0.0,31.973783759999982,18.255722821500008
-7.3891588200000005,87.91,38.05,0.0696077,0.1622972,0.0422084,0.04258639,0.0285006,0.04602597,0.005624100000000001,0.00302891,0.0,0.0,0.0,0.0,0.0,0.0,0.0,0.0,0.0,0.0,0.0763331,0.09164127,0.0,0.0,0.1459408,0.25393847,0.993448,0.9032102999999998,0.3682524,0.33160380000000006,0.446182,0.3261147000000001,0.05123189,0.039544476999999995,9.679683999999998,0.38610189999999994,6.7242273,0.04657002000000001,1.4080503000000002,0.5262129999999999,5.484594899999999,0.049894223999999994,9.238115,0.4640304700000001,0.8656662900000001,0.6972629770000002,32.5346715,1.472809614,34.393785789999995,3.073282891,9.4200443,6.363839440999996,0.07466271200000002,0.031569571000000005,0.13243020000000003,0.045241306199999984,0.7518075499999998,0.5406146269999998,0.0,0.0,0.0,0.0,0.0,0.0,0.0,0.0,0.0,0.0,0.9589004619999998,0.6174255041999999,0.0,0.0,10.378944762,6.981264945199996,1.1584071800000006,0.9866002520000002,3.429424400000001,1.3061313499999998,3.2619395000000004,1.23180871,23.27298099999999,16.35889786000001,0.0,0.0,0.0,0.0,0.0,0.0,0.0,0.0,0.0,0.0,29.964344899999993,18.89683792000001,0.0,0.0,31.122752079999994,19.88343817200001
-7.27815882,89.66,41.83,0.05341,0.13665980000000003,0.03376610000000001,0.046400340000000005,0.023830500000000008,0.0421761,0.0061005999999999986,0.005764849999999999,0.0,0.0,0.0,0.0,0.0,0.0,0.0,0.0,0.0,0.0,0.06369720000000001,0.09434129000000001,0.0,0.0,0.11710720000000001,0.23100109000000002,1.047822,0.9453123999999999,0.4153588200000001,0.3698969000000001,0.46326000000000006,0.431071,0.06527449999999999,0.03883888000000002,9.126607999999997,0.4214515999999998,5.510678000000002,0.05819585000000001,2.0278133,0.5323660000000002,6.388121,0.05349282000000001,9.35764,0.5294363000000001,0.9438933200000001,0.8398067800000001,32.410860299999996,1.5949425700000002,34.40257562,3.3800617500000003,9.599355200000003,7.048762000000006,0.084775061,0.027401400000000003,0.120961549,0.0403492096,0.7547648319999999,0.6098464249999999,0.0,0.0,0.0,0.0,0.0,0.0,0.0,0.0,0.0,0.0,0.9605014419999999,0.6775970345999999,0.0,0.0,10.559856642000003,7.726359034600006,1.3578954700000008,1.154681311,3.6434405000000005,1.2648472299999998,3.3017703000000007,1.1625903640000002,23.571230099999998,18.492137399999983,0.0,0.0,0.0,0.0,0.0,0.0,0.0,0.0,0.0,0.0,30.5164409,20.919574993999984,0.0,0.0,31.874336369999998,22.074256304999984
-7.16815882,89.16,43.61,0.053094999999999996,0.0945092,0.023675999999999996,0.04079469999999999,0.0192484,0.0436164,0.0090162,0.01080206,0.0,0.0,0.0,0.0,0.0,0.0,0.0,0.0,0.0,0.0,0.051940599999999996,0.09521315999999999,0.0,0.0,0.10503559999999999,0.18972235999999998,1.0084389999999999,0.8508807900000002,0.45064861999999994,0.34971070000000015,0.46337529999999993,0.48188380000000003,0.0787463,0.043479279999999995,7.93261,0.48777450000000006,4.205647999999998,0.07508433000000003,2.5775666999999993,0.4749483,6.988003999999998,0.05869326999999999,10.602209,0.5647957000000001,0.9927702199999999,0.8750737800000001,32.3060377,1.6612961000000002,34.30724692,3.3872506700000007,9.287742699999999,7.417527099999999,0.09196163599999999,0.027773198999999988,0.10626116199999998,0.0389878361,0.7234113999999998,0.6323358500000001,0.0,0.0,0.0,0.0,0.0,0.0,0.0,0.0,0.0,0.0,0.9216341979999998,0.6990968851000001,0.0,0.0,10.209376897999999,8.116623985099999,1.543174670000001,1.33816972,3.5826697000000003,1.2944528499999999,3.6861569999999992,1.1564689999999989,22.567447500000004,19.550545320000005,0.0,0.0,0.0,0.0,0.0,0.0,0.0,0.0,0.0,0.0,29.836274200000002,22.001467170000005,0.0,0.0,31.379448870000004,23.339636890000005
-7.058158820000001,80.97,42.59,0.062681,0.0733053,0.017457700000000003,0.0337008,0.0161327,0.039819999999999994,0.0129161,0.01456499,0.0,0.0,0.0,0.0,0.0,0.0,0.0,0.0,0.0,0.0,0.046506500000000006,0.08808579,0.0,0.0,0.1091875,0.16139109000000001,0.8007129999999999,0.7319294,0.4656641,0.32185910000000006,0.43032170000000003,0.44677639999999985,0.07494197000000001,0.05695622,6.497789999999999,0.5101841,4.015733999999999,0.09311624000000002,2.673878,0.45147261000000005,6.280539999999999,0.05442039,10.390539999999996,0.536388,0.9709277700000001,0.8255917199999999,29.858481999999995,1.6455813400000001,31.630122769999993,3.2031024599999998,8.1798685,7.266012039999999,0.08202113000000001,0.03286399329,0.09008737099999999,0.04588982840000001,0.6411700199999997,0.5900234539999999,0.0,0.0,0.0,0.0,0.0,0.0,0.0,0.0,0.0,0.0,0.8132785209999996,0.6687772756899999,0.0,0.0,8.993147020999999,7.934789315689999,1.49176553,1.4209928530000004,3.1583268000000007,1.3931008899999995,3.6347527000000013,1.2671962199999995,19.874356399999993,18.844017000000004,0.0,0.0,0.0,0.0,0.0,0.0,0.0,0.0,0.0,0.0,26.667435899999994,21.504314110000003,0.0,0.0,28.159201429999996,22.925306963000004
-6.94815882,71.61,42.97,0.08742000000000001,0.067571,0.0173025,0.032173700000000006,0.0160354,0.0291084,0.012913,0.0180419,0.0,0.0,0.0,0.0,0.0,0.0,0.0,0.0,0.0,0.0,0.0462509,0.079324,0.0,0.0,0.1336709,0.146895,0.6505359999999998,0.701141,0.4775083,0.34010959999999985,0.4184108000000001,0.3942556,0.062300289999999994,0.08143295,5.119250000000001,0.5338181999999998,4.340846999999999,0.11415612,2.6163680000000005,0.5344972,5.473194000000001,0.051674080000000004,8.222520000000003,0.5433492,0.9582193900000001,0.8157981499999998,25.772179000000005,1.7774947999999997,27.380934390000004,3.2944339499999997,7.290537200000002,7.281822999999999,0.06921609499999999,0.04018809199999998,0.07414624899999998,0.06095323299999998,0.5886789499999997,0.555416978,0.0,0.0,0.0,0.0,0.0,0.0,0.0,0.0,0.0,0.0,0.7320412939999996,0.656558303,0.0,0.0,8.022578494000001,7.938381302999999,1.3118355400000001,1.5049058998399996,2.7755335999999997,1.5435975999999996,3.3313154000000003,1.5825673999999996,17.961561000000014,18.379210200000003,0.0,0.0,0.0,0.0,0.0,0.0,0.0,0.0,0.0,0.0,24.068410000000014,21.505375200000003,0.0,0.0,25.380245540000015,23.01028109984
-6.837158820000001,67.13,49.54,0.12917099999999998,0.074401,0.019895799999999998,0.030268100000000006,0.017787700000000004,0.021447400000000002,0.01044,0.0231226,0.0,0.0,0.0,0.0,0.0,0.0,0.0,0.0,0.0,0.0,0.0481235,0.0748381,0.0,0.0,0.1772945,0.1492391,0.6363751999999999,0.8348149999999996,0.43845189999999995,0.39293960000000006,0.43291509999999994,0.39343970000000006,0.053756809999999995,0.10227496,4.659129999999999,0.656959,4.537414999999999,0.15175117,2.7652422,0.6653619999999999,5.167065000000002,0.08350305000000001,6.371979999999999,0.6825438000000001,0.9251238099999999,0.8886542600000001,23.500832199999998,2.24011902,25.06233121,3.9635882799999997,6.8071569,8.297853300000007,0.06908378099999998,0.055841930000000005,0.067970381,0.07995951299999997,0.5564031629999998,0.60333918,0.0,0.0,0.0,0.0,0.0,0.0,0.0,0.0,0.0,0.0,0.6934573249999998,0.7391406229999999,0.0,0.0,7.500614225,9.036993923000008,1.1954806599999992,1.7937027100000003,2.707319,2.0761875,3.244154800000002,2.12897294,17.191264199999996,20.358615900000014,0.0,0.0,0.0,0.0,0.0,0.0,0.0,0.0,0.0,0.0,23.142737999999998,24.563776340000015,0.0,0.0,24.338218659999995,26.357479050000016
-6.72715882,60.99,56.83,0.167737,0.088873,0.022412779999999997,0.0251885,0.01994928,0.021214199999999996,0.011942,0.0243366,0.0,0.0,0.0,0.0,0.0,0.0,0.0,0.0,0.0,0.0,0.054304059999999994,0.07073929999999999,0.0,0.0,0.22204105999999998,0.15961229999999998,0.6803200000000001,1.008322,0.3171524999999999,0.41672739999999997,0.37690140000000005,0.41332749999999985,0.05170136000000002,0.09691371,4.475925999999999,0.7718729999999999,4.3691834,0.19288750000000005,2.7603634,0.7090327999999999,4.856786,0.15219159999999998,5.1677599999999995,0.8461909999999998,0.7457552599999999,0.9269686099999999,21.6300188,2.6721758999999996,23.05609406,4.607466509999999,5.780075199999998,9.4545406,0.071501105,0.08026861499999997,0.06898882800000002,0.09635040599999993,0.4630264300000003,0.65804683,0.0,0.0,0.0,0.0,0.0,0.0,0.0,0.0,0.0,0.0,0.6035163630000003,0.8346658509999999,0.0,0.0,6.383591562999999,10.289206451,1.0482617300000003,2.1295836500000007,2.92166311,2.81338253,3.200476000000002,2.6266736,14.8867799,22.644334999999995,0.0,0.0,0.0,0.0,0.0,0.0,0.0,0.0,0.0,0.0,21.008919010000003,28.084391129999993,0.0,0.0,22.057180740000003,30.213974779999994
-6.61715882,54.57,56.78,0.183409,0.093682,0.02390491,0.0203868,0.026736110000000004,0.022428800000000002,0.017968100000000004,0.020936,0.0,0.0,0.0,0.0,0.0,0.0,0.0,0.0,0.0,0.0,0.06860912000000001,0.0637516,0.0,0.0,0.25201812,0.1574336,0.79972209,0.9727760000000001,0.1970356,0.41565669999999993,0.2596288,0.4148903999999999,0.057992729999999985,0.07387880000000002,4.028656400000001,0.7649732,4.256878,0.21069846999999997,2.364276999999999,0.6130863000000001,5.311943,0.19700910000000002,4.285122999999999,0.8936149999999998,0.51465713,0.9044258999999999,20.2468774,2.67938207,21.561256619999998,4.55658397,4.517479300000001,9.436414800000003,0.071459592,0.09169781599999999,0.07348283000000004,0.10268072000000006,0.34996161000000015,0.6314937200000004,0.0,0.0,0.0,0.0,0.0,0.0,0.0,0.0,0.0,0.0,0.4949040320000002,0.8258722560000005,0.0,0.0,5.012383332000001,10.262287056000003,0.8672312859999993,2.195871560000001,3.4482595999999983,2.9205354700000017,3.5602927,2.8108241000000005,11.393171299999995,22.354047,0.0,0.0,0.0,0.0,0.0,0.0,0.0,0.0,0.0,0.0,18.401723599999993,28.085406570000004,0.0,0.0,19.268954885999992,30.281278130000004
-6.50615882,53.45,51.82,0.181788,0.089997,0.02298496,0.018407800000000002,0.037836749999999995,0.019542700000000003,0.022914,0.018682699999999997,0.0,0.0,0.0,0.0,0.0,0.0,0.0,0.0,0.0,0.0,0.08373570999999999,0.0566332,0.0,0.0,0.26552371,0.1466302,0.9457115,0.7894229999999999,0.14929037,0.4647404,0.19213170000000004,0.4124077,0.06985165,0.05432352,3.724489999999999,0.7305067999999999,4.589192000000001,0.20771699999999996,2.0229898,0.44427390000000005,6.313446999999999,0.17145429999999998,4.035715,0.8817941000000002,0.41127372000000006,0.93147162,20.685833799999997,2.4357461000000002,22.04281902,4.15664072,3.8944477,8.600565199999997,0.07533822600000002,0.07670887199999997,0.08309586600000007,0.09487400559999999,0.28859675000000007,0.5828854000000001,0.0,0.0,0.0,0.0,0.0,0.0,0.0,0.0,0.0,0.0,0.44703084200000015,0.7544682776,0.0,0.0,4.341478542,9.355033477599997,0.7950313299999999,2.006842450000001,3.936746530000002,2.3495708999999994,4.189529940000001,2.7471984999999988,9.497220499999996,20.656871000000006,0.0,0.0,0.0,0.0,0.0,0.0,0.0,0.0,0.0,0.0,17.623496969999998,25.753640400000005,0.0,0.0,18.4185283,27.760482850000006
-6.39615882,55.48,47.22,0.20159999999999997,0.082849,0.026169949999999997,0.015087900000000001,0.04141925,0.014907,0.023825,0.017459,0.0,0.0,0.0,0.0,0.0,0.0,0.0,0.0,0.0,0.0,0.0914142,0.0474539,0.0,0.0,0.29301419999999995,0.1303029,1.0519597,0.7167505999999999,0.1561156,0.49922540000000004,0.1838988,0.41460589000000003,0.07673233999999998,0.04494093000000001,3.6642500000000005,0.7232751999999999,5.9230849999999995,0.20565429999999998,1.8665441999999997,0.3057153583,6.584257000000001,0.13735020000000003,4.0442730000000005,0.8792318999999998,0.41674674,0.9587722200000001,22.0824092,2.2512269582999997,23.551115640000003,3.9267497782999996,3.7256538000000003,7.768443899999999,0.08594845900000007,0.057313482000000006,0.09521301200000006,0.08000480300000001,0.25758005999999994,0.55228247,0.0,0.0,0.0,0.0,0.0,0.0,0.0,0.0,0.0,0.0,0.4387415310000001,0.689600755,0.0,0.0,4.164395331000001,8.458044655,0.8030124920000002,1.7797244999999997,4.230359800000003,1.9178779999999995,4.453495900000001,2.749221929999998,9.279889950000003,18.892468299999997,0.0,0.0,0.0,0.0,0.0,0.0,0.0,0.0,0.0,0.0,17.963745650000007,23.559568229999996,0.0,0.0,18.766758142000008,25.339292729999993
-6.286158820000001,59.89,45.7,0.25152399999999997,0.06603700000000001,0.040519099999999995,0.0106426,0.03707203,0.0126055,0.023353200000000005,0.0155899,0.0,0.0,0.0,0.0,0.0,0.0,0.0,0.0,0.0,0.0,0.10094433,0.038838,0.0,0.0,0.35246833,0.10487500000000001,1.2278973,0.80214535,0.18756740000000005,0.41374009999999994,0.19814379999999995,0.4145269650000001,0.07977634,0.05041271999999998,3.6935619999999996,0.71969743,8.019423000000002,0.23992052000000008,1.8019428999999993,0.25975814999999997,6.430135999999998,0.15722168,3.9593830000000008,0.8257655000000003,0.46548754000000003,0.878679785,23.9044469,2.20236328,25.59783174,3.8831884150000002,3.8380301000000006,7.475458886000001,0.10566671800000003,0.05760226300000001,0.11299278099999996,0.07587564240000003,0.24191201999999998,0.5278569530000002,0.0,0.0,0.0,0.0,0.0,0.0,0.0,0.0,0.0,0.0,0.460571519,0.6613348584000003,0.0,0.0,4.298601619,8.136793744400002,0.8436850499999998,1.739472114600001,4.6872891,2.1095948999999994,4.7101103099999975,3.047116569999999,9.82605324,17.6394415,0.0,0.0,0.0,0.0,0.0,0.0,0.0,0.0,0.0,0.0,19.22345265,22.796152969999998,0.0,0.0,20.067137699999996,24.5356250846
-6.17515882,67.05,46.05,0.30760000000000004,0.0594732,0.05165,0.008970500000000001,0.03664370000000001,0.011313199999999999,0.0253018,0.014151999999999998,0.0,0.0,0.0,0.0,0.0,0.0,0.0,0.0,0.0,0.0,0.11359550000000002,0.0344357,0.0,0.0,0.42119550000000006,0.09390889999999999,1.5004183,0.8662655499999999,0.2241828000000001,0.28009154999999997,0.23993080000000003,0.3794393,0.08826633000000002,0.0688491,3.8854409999999997,0.7022056699999999,9.260475,0.27134367000000004,1.7397341000000002,0.26246775000000006,6.936210000000001,0.18808530999999998,3.967270000000001,0.721134868,0.5523799300000002,0.7283799499999999,25.7891301,2.145237268,27.841928330000002,3.7398827679999997,4.33825669,7.5585968999999995,0.12877065629999992,0.06969119,0.138792354,0.082922171,0.25598937999999993,0.5028955499999999,0.0,0.0,0.0,0.0,0.0,0.0,0.0,0.0,0.0,0.0,0.5235523902999999,0.6555089109999999,0.0,0.0,4.8618090803,8.214105811,0.9429447400000004,1.8624790280000003,5.375399999999999,2.7109501699999994,5.634039900000002,3.4070017699999995,10.877629199999998,16.8758673,0.0,0.0,0.0,0.0,0.0,0.0,0.0,0.0,0.0,0.0,21.887069099999998,22.993819239999997,0.0,0.0,22.83001384,24.856298268
-6.065158820000001,77.49,48.43,0.39042000000000004,0.14097849999999998,0.048856000000000004,0.011911109999999999,0.041674,0.00976113,0.0313595,0.0161327,0.0,0.0,0.0,0.0,0.0,0.0,0.0,0.0,0.0,0.0,0.12188950000000001,0.037804939999999995,0.0,0.0,0.5123095000000001,0.17878344,1.6609269999999994,0.86081217,0.283007,0.21767110000000003,0.311993,0.3482906199999999,0.09302489999999998,0.09171076000000002,4.535167000000001,0.67291971,10.276879999999997,0.2781826299999999,1.5418743000000006,0.29840949,8.543581000000005,0.23122890000000001,4.620849999999997,0.6398032005000001,0.6880249,0.6576724799999999,29.5183523,2.1205439305,31.8673042,3.6390285804999998,4.930011000000001,7.8282782000000015,0.14591650999999994,0.08295894399999994,0.1727392999999999,0.09893513800000002,0.28328670000000006,0.4918840800000001,0.0,0.0,0.0,0.0,0.0,0.0,0.0,0.0,0.0,0.0,0.6019425099999999,0.6737781620000001,0.0,0.0,5.531953510000001,8.502056362000001,1.0732529999999998,2.056287169999999,6.119473999999997,3.5167404899999997,7.303187999999997,4.01137,12.081171000000007,16.7054368,0.0,0.0,0.0,0.0,0.0,0.0,0.0,0.0,0.0,0.0,25.503833,24.23354729,0.0,0.0,26.577086,26.28983446
-5.955158819999999,91.46,50.18,0.47725,0.34188799999999997,0.044122999999999996,0.016906509999999996,0.04506899999999999,0.009304300000000001,0.0413355,0.025028500000000002,0.0,0.0,0.0,0.0,0.0,0.0,0.0,0.0,0.0,0.0,0.1305275,0.051239309999999996,0.0,0.0,0.6077775,0.39312730999999995,1.6653050000000007,0.8672321000000001,0.379127,0.2011258,0.381224,0.33197015,0.08761379999999999,0.09760042299999999,5.57217,0.6218763999999999,12.775259999999996,0.28952609999999995,1.428148,0.3422792999999999,11.204164999999998,0.3090521000000001,5.928590000000001,0.5652133999999999,0.8479648,0.630696373,36.90833299999999,2.1279472999999998,39.421602799999995,3.6258757729999997,5.277729999999999,7.676283799999998,0.16027616,0.088192707,0.20744600999999993,0.113235917,0.2990512000000001,0.47665643999999974,0.0,0.0,0.0,0.0,0.0,0.0,0.0,0.0,0.0,0.0,0.66677337,0.6780850639999998,0.0,0.0,5.944503369999999,8.354368863999998,1.1906420000000004,2.10781492,7.10052,4.1285385,9.153626000000001,4.80439026,13.035436999999995,16.184022,0.0,0.0,0.0,0.0,0.0,0.0,0.0,0.0,0.0,0.0,29.289582999999997,25.116950759999998,0.0,0.0,30.480224999999997,27.224765679999997
-5.84515882,97.01,50.27,0.47152,0.537749,0.043232,0.01921497,0.042356,0.0124264,0.052584000000000006,0.036293900000000004,0.0,0.0,0.0,0.0,0.0,0.0,0.0,0.0,0.0,0.0,0.13817200000000002,0.06793527,0.0,0.0,0.609692,0.60568427,1.544807,1.1148853,0.41773399999999994,0.18084540000000002,0.38108899999999996,0.2694467,0.08011029999999997,0.08640449999999995,6.191820000000001,0.5880368,14.71025,0.2960711,1.4349209999999994,0.4616519,13.36186,0.36580035999999994,6.532520000000001,0.4997827000000001,0.8789332999999999,0.5366966,42.231371,2.2113428600000002,44.6551113,3.86292476,4.8088029999999975,7.017894900000001,0.16185133999999998,0.08964299299999998,0.2077844999999999,0.123113477,0.27372920000000006,0.45012589999999997,0.0,0.0,0.0,0.0,0.0,0.0,0.0,0.0,0.0,0.0,0.6433650399999999,0.6628823699999999,0.0,0.0,5.452168039999997,7.680777270000001,1.1656207,1.9500788200000003,7.928543000000001,4.4333690599999995,9.783320999999997,5.383695599999997,11.981053000000001,15.331233000000001,0.0,0.0,0.0,0.0,0.0,0.0,0.0,0.0,0.0,0.0,29.692917,25.148297659999997,0.0,0.0,30.8585377,27.09837648
-5.734158819999999,89.04,53.75,0.37638499999999997,0.5787019999999998,0.043002,0.018881199999999997,0.036052,0.0165792,0.063848,0.035838,0.0,0.0,0.0,0.0,0.0,0.0,0.0,0.0,0.0,0.0,0.142902,0.0712984,0.0,0.0,0.5192869999999999,0.6500003999999998,1.3069279999999999,1.5439637999999996,0.36458700000000005,0.19125055000000005,0.327232,0.23152299999999992,0.0757226,0.08046130000000003,5.964579999999999,0.6741268999999998,14.485359999999996,0.33354619999999996,1.3831099999999998,0.6439690095999999,13.865549999999999,0.3752984999999999,6.010269999999997,0.5002754,0.7675416,0.50323485,41.70886999999999,2.5272160095999996,43.78333959999999,4.5744146595999995,3.5000790000000013,7.050740399999999,0.14416227999999998,0.10708112000000006,0.17248850000000004,0.15157378000000002,0.20585588000000005,0.4523306999999999,0.0,0.0,0.0,0.0,0.0,0.0,0.0,0.0,0.0,0.0,0.5225066600000001,0.7109856,0.0,0.0,4.022585660000002,7.761725999999999,0.9689809999999994,1.9236894999999992,8.081769999999999,4.850246500000003,9.0798712,5.7906545,8.653252,16.288134000000003,0.0,0.0,0.0,0.0,0.0,0.0,0.0,0.0,0.0,0.0,25.8148932,26.929035000000006,0.0,0.0,26.7838742,28.852724500000004
-5.62415882,81.79,58.83,0.278395,0.57731,0.043944,0.0181174,0.032709,0.016307000000000002,0.08582089999999999,0.027462999999999998,0.0,0.0,0.0,0.0,0.0,0.0,0.0,0.0,0.0,0.0,0.1624739,0.061887399999999995,0.0,0.0,0.4408689,0.6391974,1.1269029999999998,1.5688578170000003,0.329745,0.25861809999999996,0.327924,0.26110570000000005,0.08189969999999996,0.07690280000000001,5.60599,0.9667220999999998,13.570010000000003,0.4072849000000001,1.3942990000000004,0.5994465000000001,13.719889999999996,0.41346799999999995,5.4435400000000005,0.5653478000000001,0.7395687,0.5966266,39.733729000000004,2.9522693,41.6002007,5.117753717,2.5960310000000004,7.699063600000003,0.13132547,0.135491809,0.14670400000000003,0.19555921,0.1633516,0.45982310999999987,0.0,0.0,0.0,0.0,0.0,0.0,0.0,0.0,0.0,0.0,0.44138107000000004,0.7908741289999999,0.0,0.0,3.0374120700000002,8.489937729000003,0.8476056,2.076532400000001,8.236922700000001,5.361226599999994,8.556435299999999,6.2822026,6.186762000000002,17.9283193,0.0,0.0,0.0,0.0,0.0,0.0,0.0,0.0,0.0,0.0,22.98012,29.57174849999999,0.0,0.0,23.8277256,31.648280899999992
-5.5141588200000005,82.4,58.99,0.21125,0.701659,0.04677,0.0164177,0.035824,0.013402699999999998,0.1218439,0.0280576,0.0,0.0,0.0,0.0,0.0,0.0,0.0,0.0,0.0,0.0,0.2044379,0.057878,0.0,0.0,0.4156879,0.759537,1.059613,1.1273437,0.3522719999999999,0.3440975,0.42742,0.2776839999999999,0.10267729999999999,0.06586276999999999,5.61408,1.2763817200000003,12.95739,0.4224469000000001,1.5386456999999996,0.35686780000000007,13.772009999999995,0.5183639000000002,5.3251800000000005,0.61828002,0.8823692999999999,0.6876442699999998,39.20730569999999,3.1923403400000008,41.149288,5.00732831,2.6430197999999994,7.659422329999999,0.13439929400000006,0.15178624299999996,0.14648560000000005,0.22570031300000004,0.17777330000000005,0.41870980999999974,0.0,0.0,0.0,0.0,0.0,0.0,0.0,0.0,0.0,0.0,0.4586581940000002,0.7961963659999998,0.0,0.0,3.1016779939999997,8.455618695999998,0.9209778000000002,2.0660502700000007,8.857085499999998,5.543105999999997,8.7034814,6.7531852999999975,6.027809,17.405367605000002,0.0,0.0,0.0,0.0,0.0,0.0,0.0,0.0,0.0,0.0,23.5883759,29.701658904999995,0.0,0.0,24.5093537,31.767709174999997
-5.40315882,85.97,51.02,0.17853,0.761895,0.050216000000000004,0.013398999999999998,0.043081,0.0114807,0.1423134,0.034683099999999994,0.0,0.0,0.0,0.0,0.0,0.0,0.0,0.0,0.0,0.0,0.2356104,0.05956279999999999,0.0,0.0,0.4141404,0.8214578,1.070441,0.7634689000000001,0.3892520000000001,0.3369693000000001,0.563641,0.2800910200000001,0.127989,0.05412597600000002,5.796959999999999,1.1833495539999999,12.576910000000003,0.3521643399999999,1.8082059999999998,0.20788478999999999,14.150009999999998,0.5578725000000001,5.38548,0.5747500700000002,1.0808820000000001,0.6711862960000001,39.717566,2.8760212540000003,41.868889,4.310676450000001,2.9864889999999993,6.364002899999998,0.14036755900000003,0.140796095,0.15833850000000008,0.21075027900000007,0.20787790000000003,0.33492353999999985,0.0,0.0,0.0,0.0,0.0,0.0,0.0,0.0,0.0,0.0,0.5065839590000001,0.6864699139999999,0.0,0.0,3.4930729589999996,7.050472813999998,1.0467981,1.7172696039999986,9.412773200000004,5.0995047,9.066821300000003,6.330918509999997,6.7601260000000005,14.35274759999999,0.0,0.0,0.0,0.0,0.0,0.0,0.0,0.0,0.0,0.0,25.239720500000008,25.783170809999987,0.0,0.0,26.286518600000008,27.500440413999986
-5.29315882,88.51,41.65,0.19865,0.5817300000000001,0.052113,0.0115809,0.05019999999999999,0.013444660000000002,0.1327127,0.05314209999999999,0.0,0.0,0.0,0.0,0.0,0.0,0.0,0.0,0.0,0.0,0.23502569999999998,0.07816766,0.0,0.0,0.4336757,0.65989766,1.165519,0.7328388999999996,0.442416,0.25119699,0.637101,0.33359533,0.14548589999999997,0.05185941,6.091850000000002,0.84210932,12.116449999999999,0.30462308000000005,2.2922520000000004,0.1950426100000001,14.4001,0.5106751000000003,5.338120000000003,0.4777954900000001,1.2250029,0.6366517300000001,40.238772000000004,2.3302456000000005,42.6292939,3.69973623,3.194832999999999,4.777293200000001,0.14335382500000007,0.11868407999999998,0.17138179999999997,0.17098104599999997,0.22338949999999996,0.2655130640000001,0.0,0.0,0.0,0.0,0.0,0.0,0.0,0.0,0.0,0.0,0.538125125,0.55517819,0.0,0.0,3.7329581249999992,5.332471390000001,1.1262447,1.2997409399999995,9.573334000000003,4.810054899999999,9.399467999999999,5.713405500000001,7.30722,10.757925999999998,0.0,0.0,0.0,0.0,0.0,0.0,0.0,0.0,0.0,0.0,26.280022000000002,21.2813864,0.0,0.0,27.406266700000003,22.58112734
-5.183158820000001,90.35,43.43,0.24914,0.36918,0.051976,0.0123253,0.05535899999999999,0.025351799999999997,0.133879,0.1205084,0.0,0.0,0.0,0.0,0.0,0.0,0.0,0.0,0.0,0.0,0.24121399999999998,0.1581855,0.0,0.0,0.490354,0.5273655,1.2326970000000002,0.9359815,0.5272869999999998,0.2677951,0.657218,0.4494757,0.16131289999999995,0.07077303,6.523650000000001,0.7613496600000002,11.391630000000001,0.36391149999999994,2.811055,0.23594903999999997,13.643500000000001,0.5124415600000002,5.276220000000001,0.5124089900000001,1.3458178999999997,0.78804383,39.646055000000004,2.3860607500000004,42.224569900000006,4.11008608,3.5668850000000014,4.457190280000001,0.14927467,0.12121321899999997,0.18201140000000007,0.16998115200000002,0.24661669999999997,0.2772349857,0.0,0.0,0.0,0.0,0.0,0.0,0.0,0.0,0.0,0.0,0.57790277,0.5684293566999999,0.0,0.0,4.1447877700000015,5.025619636700001,1.2517595000000006,1.2211274499999998,9.708165999999999,5.9721465,9.781254999999996,6.987596230000002,8.092680000000001,9.544655499999996,0.0,0.0,0.0,0.0,0.0,0.0,0.0,0.0,0.0,0.0,27.582100999999994,22.50439823,0.0,0.0,28.833860499999997,23.725525679999997
-5.07315882,93.41,52.41,0.2616,0.27781370000000005,0.053184,0.0170288,0.059345999999999996,0.0457303,0.16648999999999997,0.20207219999999998,0.0,0.0,0.0,0.0,0.0,0.0,0.0,0.0,0.0,0.0,0.27902,0.2648313,0.0,0.0,0.54062,0.542645,1.1982550000000003,1.1247970000000005,0.6252850000000001,0.34439231,0.706612,0.5833428449999999,0.1912566,0.0967593,7.075169999999999,0.8447524999999999,10.64785,0.4495126999999998,3.1125909999999997,0.28197629999999996,11.910079999999997,0.54556749,5.621489999999999,0.6239248,1.5231536,1.024494455,38.367180999999995,2.7457337899999996,41.08858959999999,4.895025245,4.334159,5.235684499999998,0.16149681000000002,0.13762180699999998,0.1935401,0.20284367600000006,0.29751690000000003,0.34663205999999996,0.0,0.0,0.0,0.0,0.0,0.0,0.0,0.0,0.0,0.0,0.65255381,0.687097543,0.0,0.0,4.986712809999999,5.922782042999998,1.4951830000000013,1.4260939400000003,10.119712999999999,7.5173679,10.427442,9.023853599999999,9.520669999999996,10.908666100000003,0.0,0.0,0.0,0.0,0.0,0.0,0.0,0.0,0.0,0.0,30.067824999999992,27.449887600000004,0.0,0.0,31.563007999999996,28.87598154
-4.962158820000001,96.05,50.65,0.22196000000000002,0.19360709999999998,0.057894,0.0422748,0.063393,0.07472349999999998,0.19131999999999996,0.21160359,0.0,0.0,0.0,0.0,0.0,0.0,0.0,0.0,0.0,0.0,0.31260699999999997,0.32860189,0.0,0.0,0.534567,0.52220899,1.1950479999999999,1.1087196000000008,0.7010290000000002,0.29746170000000005,0.744585,0.5643513000000001,0.23032600000000006,0.10561496999999999,7.3500299999999985,0.7128272999999998,10.14598,0.4257984000000001,3.3047190000000004,0.28030859999999996,9.949180000000002,0.48186660000000003,6.347649999999999,0.5566467000000002,1.6759400000000004,0.9674279700000001,37.097559,2.4574476,39.968547,4.533595170000001,5.003458,4.9429723,0.17281052000000002,0.13035513000000007,0.20869319999999997,0.19847870900000003,0.33792020000000006,0.3358377189999998,0.0,0.0,0.0,0.0,0.0,0.0,0.0,0.0,0.0,0.0,0.7194239200000001,0.6646715579999999,0.0,0.0,5.72288192,5.607643858,1.7274909999999994,1.3429085600000004,10.397644000000005,7.306997099999998,11.278871,8.9954238,10.706579999999995,10.479942600000001,0.0,0.0,0.0,0.0,0.0,0.0,0.0,0.0,0.0,0.0,32.383095,26.7823635,0.0,0.0,34.110586,28.125272059999997
-4.85215882,94.79,44.04,0.17681,0.1075381,0.074142,0.10464910000000001,0.071039,0.12767445,0.185876,0.2089422,0.0,0.0,0.0,0.0,0.0,0.0,0.0,0.0,0.0,0.0,0.33105700000000005,0.44126575,0.0,0.0,0.5078670000000001,0.54880385,1.2803250000000006,1.1160763,0.677487,0.21438999999999994,0.6749259999999997,0.3742479000000001,0.26448530000000003,0.13787661999999995,7.1067,0.46417729999999996,9.529349999999999,0.3620275,3.5639909999999997,0.27879560000000003,8.572840000000001,0.41270880000000004,6.859029999999999,0.4201689,1.6168982999999997,0.7265145199999999,35.631911,1.9378781,38.529134299999996,3.78046892,5.047011000000001,3.5702303000000004,0.17379806,0.13001995700000002,0.2191825,0.17614527199999994,0.32868280000000005,0.2443055600000001,0.0,0.0,0.0,0.0,0.0,0.0,0.0,0.0,0.0,0.0,0.7216633600000001,0.550470789,0.0,0.0,5.768674360000001,4.120701089000001,1.805867,0.9869284999999999,10.078401999999999,7.042436600000001,11.873510999999995,8.789416779999996,10.637369999999999,7.660901000000001,0.0,0.0,0.0,0.0,0.0,0.0,0.0,0.0,0.0,0.0,32.589282999999995,23.492754379999997,0.0,0.0,34.395149999999994,24.47968288
-4.74215882,93.74,47.07,0.15791,0.08211900000000001,0.10808600000000002,0.16316045,0.092509,0.17744147,0.166297,0.2577193,0.0,0.0,0.0,0.0,0.0,0.0,0.0,0.0,0.0,0.0,0.366892,0.59832122,0.0,0.0,0.524802,0.68044022,1.4136499999999999,1.3782895,0.5470349999999999,0.22575073999999998,0.525705,0.25077299999999997,0.31289469999999997,0.21484909999999996,7.423779999999998,0.36412766999999996,8.74719,0.40864769999999995,4.0474440000000005,0.37260859,8.281679999999998,0.48415189999999997,7.2742999999999975,0.43187521000000006,1.3856346999999998,0.6913728399999999,35.774393999999994,2.06141107,38.573678699999995,4.13107341,4.796026000000001,2.8129168400000006,0.17288393999999993,0.16367596799999995,0.2245421999999999,0.18913369099999994,0.29652610000000007,0.19040872399999997,0.0,0.0,0.0,0.0,0.0,0.0,0.0,0.0,0.0,0.0,0.6939522399999999,0.5432183829999999,0.0,0.0,5.489978240000001,3.3561352230000003,1.8147749999999991,0.8350778999999996,9.752958999999993,8.714054099999998,12.188614000000001,10.4214171,9.92663,6.097754500000002,0.0,0.0,0.0,0.0,0.0,0.0,0.0,0.0,0.0,0.0,31.868202999999994,25.2332257,0.0,0.0,33.68297799999999,26.0683036
-4.6311588200000005,97.08,51.58,0.15578399999999998,0.07502800000000001,0.123723,0.16878980000000002,0.119992,0.16903782,0.150026,0.26692170000000004,0.0,0.0,0.0,0.0,0.0,0.0,0.0,0.0,0.0,0.0,0.393741,0.60474932,0.0,0.0,0.5495249999999999,0.6797773200000001,1.5722000000000005,1.7522603,0.429616,0.26614264899999995,0.40143900000000005,0.2295499,0.40392930000000005,0.27264081000000007,8.95636,0.42350395999999996,8.325750000000001,0.5627447299999999,4.9083820000000005,0.51190128,8.523830000000002,0.63449778,8.187399999999998,0.5034644,1.2349843,0.768333359,38.901722,2.6361121499999998,41.7089063,5.156705809,4.605785999999998,2.343248799999999,0.17947817,0.19105679150000002,0.22992030000000002,0.20255127500000009,0.27120890000000014,0.159531565,0.0,0.0,0.0,0.0,0.0,0.0,0.0,0.0,0.0,0.0,0.6806073700000002,0.5531396315000001,0.0,0.0,5.286393369999999,2.8963884314999992,1.845896,0.8012479000000001,10.065668,10.5654735,12.383007000000001,11.617948199999997,9.415729999999998,5.484942399999999,0.0,0.0,0.0,0.0,0.0,0.0,0.0,0.0,0.0,0.0,31.864404999999998,27.668364099999994,0.0,0.0,33.710301,28.469611999999994
-4.52115882,99.83,54.3,0.15205,0.05630600000000001,0.094482,0.161187,0.122008,0.136722,0.13619399999999998,0.214854,0.0,0.0,0.0,0.0,0.0,0.0,0.0,0.0,0.0,0.0,0.352684,0.512763,0.0,0.0,0.504734,0.569069,1.7013500000000001,2.104739,0.3810859999999999,0.28994640000000005,0.34547999999999995,0.23817689999999997,0.53328,0.30862080000000003,10.71603,0.5875746999999999,8.060809999999998,0.7991335000000003,6.253303000000002,0.6201606000000001,8.2768,0.8002659999999999,9.2956,0.5535760000000001,1.2598459999999998,0.8367441,42.602543,3.3607108,45.563739,6.3021939,4.195529,1.7717522,0.18432424999999997,0.20821689000000002,0.22790959999999993,0.20915601000000014,0.23958520000000008,0.12307412999999998,0.0,0.0,0.0,0.0,0.0,0.0,0.0,0.0,0.0,0.0,0.65181905,0.5404470300000002,0.0,0.0,4.84734805,2.31219923,1.7945289999999994,0.7500788999999998,10.548658,12.064512100000004,12.121954,12.248519999999996,8.693849000000002,4.887708999999997,0.0,0.0,0.0,0.0,0.0,0.0,0.0,0.0,0.0,0.0,31.364461000000002,29.200741099999995,0.0,0.0,33.15899,29.950819999999997
-4.41115882,98.01,62.15,0.148223,0.0434092,0.058623999999999996,0.182496,0.092819,0.14238699999999999,0.120934,0.19795189999999996,0.0,0.0,0.0,0.0,0.0,0.0,0.0,0.0,0.0,0.0,0.272377,0.5228348999999999,0.0,0.0,0.4206,0.5662440999999999,1.7593499999999997,2.3436690000000002,0.3572140000000001,0.33283810000000014,0.3209850000000001,0.2915171000000001,0.6926530000000001,0.3986754,11.751329999999996,0.8176667,7.17055,1.0584179999999996,7.8812050000000005,0.6955749999999998,7.106750000000001,1.009392,9.84418,0.6567181,1.3708520000000002,1.0230306000000002,43.754014999999995,4.2377698,46.884217,7.6044694,3.5483590000000005,1.5712930000000003,0.18551228999999997,0.24676924999999997,0.21893860000000007,0.24113264000000004,0.19882110000000008,0.11150914999999995,0.0,0.0,0.0,0.0,0.0,0.0,0.0,0.0,0.0,0.0,0.6032719900000001,0.5994110399999999,0.0,0.0,4.151630990000001,2.1707040400000004,1.6256650000000004,0.793789,10.813353000000003,14.539904000000003,11.479469999999997,14.052384999999996,7.6183499999999995,5.123677999999998,0.0,0.0,0.0,0.0,0.0,0.0,0.0,0.0,0.0,0.0,29.911172999999998,33.715967,0.0,0.0,31.536838,34.509755999999996
-4.30015882,95.77,65.91,0.14985600000000002,0.037679,0.0451009,0.18518700000000002,0.06197300000000001,0.14968599999999999,0.11480900000000001,0.21407340000000002,0.0,0.0,0.0,0.0,0.0,0.0,0.0,0.0,0.0,0.0,0.22188290000000002,0.5489464000000001,0.0,0.0,0.37173890000000004,0.5866254000000001,1.7648699999999997,2.1840640000000002,0.3349959999999999,0.3727810999999999,0.3031180000000001,0.34623460000000006,0.8730719999999998,0.4943657899999999,12.031699999999999,0.9366530000000001,5.988800000000001,1.116655,9.281962,0.6945663000000003,5.849690000000001,1.1189760000000002,9.734070000000001,0.7322275,1.511186,1.21338149,42.886222000000004,4.599077800000001,46.162278,7.996523290000001,3.110149,1.5043851000000008,0.19195936000000005,0.2687930500000001,0.21607899999999983,0.2582947500000001,0.17193640000000002,0.11083199999999997,0.0,0.0,0.0,0.0,0.0,0.0,0.0,0.0,0.0,0.0,0.5799747599999999,0.6379198000000001,0.0,0.0,3.6901237599999996,2.142304900000001,1.489804000000001,0.8248247999999999,11.193043,15.771384000000005,11.246025999999992,14.879616500000004,6.9388850000000035,5.410928200000001,0.0,0.0,0.0,0.0,0.0,0.0,0.0,0.0,0.0,0.0,29.377953999999995,36.06192870000001,0.0,0.0,30.867757999999995,36.88675350000001
-4.19015882,94.71,60.68,0.14923799999999998,0.032738,0.0444577,0.136639,0.046197,0.11771999999999999,0.112051,0.1854544,0.0,0.0,0.0,0.0,0.0,0.0,0.0,0.0,0.0,0.0,0.2027057,0.4398134,0.0,0.0,0.35194369999999997,0.4725514,1.7312900000000004,1.8316040000000005,0.321297,0.3928690000000001,0.309704,0.3690072,0.9923410999999998,0.4966629000000001,11.491380000000003,0.9583660000000002,5.247419000000002,0.9848999999999998,9.993920000000003,0.6605170000000001,5.37398,1.080464,9.14393,0.7855625999999996,1.6233420999999997,1.2585391000000001,41.250629,4.4698096,44.60526110000001,7.5599527,3.0010899999999996,1.2814490999999997,0.19874722999999983,0.24810719999999992,0.2164231,0.23938391000000012,0.16553480000000007,0.10027616999999998,0.0,0.0,0.0,0.0,0.0,0.0,0.0,0.0,0.0,0.0,0.5807051299999999,0.58776728,0.0,0.0,3.5817951299999997,1.8692163799999997,1.4673500000000002,0.7604083000000003,11.587036999999999,14.446692000000004,11.470015,13.734782000000003,6.816203,5.1334789999999995,0.0,0.0,0.0,0.0,0.0,0.0,0.0,0.0,0.0,0.0,29.873255,33.314953,0.0,0.0,31.340605,34.075361300000004
-4.08015882,92.01,63.84,0.139773,0.03313000000000001,0.04488679999999999,0.09306899999999997,0.040171,0.08547399999999998,0.103969,0.13516309999999998,0.0,0.0,0.0,0.0,0.0,0.0,0.0,0.0,0.0,0.0,0.1890268,0.31370609999999993,0.0,0.0,0.3287998,0.3468360999999999,1.6460649999999997,1.9178719999999998,0.32045199999999996,0.45366819999999997,0.326319,0.44064300000000006,0.9893315000000001,0.4994058000000001,10.101429999999999,1.1852910000000003,4.840859000000001,1.0449270000000002,10.155750000000001,0.7758579999999997,5.31107,1.1347629999999997,8.19148,1.2036260000000003,1.6361025000000002,1.393717,38.600589,5.3444650000000005,41.8827565,8.656054000000001,2.9058260000000007,1.1968734000000003,0.19670115000000005,0.247346367,0.21479099999999998,0.26017387999999997,0.16133199999999998,0.10196397000000006,0.0,0.0,0.0,0.0,0.0,0.0,0.0,0.0,0.0,0.0,0.57282415,0.609484217,0.0,0.0,3.478650150000001,1.8063576170000004,1.4902740000000008,0.8057040999999998,11.478808,14.626954999999999,11.946646,15.014828000000001,6.5808,5.385138000000001,0.0,0.0,0.0,0.0,0.0,0.0,0.0,0.0,0.0,0.0,30.006254,35.026921,0.0,0.0,31.496528,35.8326251
-3.97015882,90.41,79.09,0.12762800000000002,0.038479,0.04431000000000001,0.08693499999999998,0.0430708,0.086175,0.09715499999999999,0.11136299999999998,0.0,0.0,0.0,0.0,0.0,0.0,0.0,0.0,0.0,0.0,0.1845358,0.284473,0.0,0.0,0.3121638,0.32295199999999996,1.5476779999999997,2.2097959999999994,0.34066700000000005,0.5738870000000001,0.333243,0.5777379999999999,0.9632778000000001,0.6122259000000001,8.748820000000002,1.5617509999999994,4.713230000000001,1.3840430000000001,10.64128,1.0486039999999999,5.277469999999999,1.3285820000000002,7.2674199999999995,1.994588,1.6371878000000002,1.7638509,36.64822,7.317568,39.8330858,11.2912149,2.6716389999999985,1.307513,0.19437713000000018,0.28927712,0.22317689999999987,0.33666069999999976,0.15145290000000006,0.12141394,0.0,0.0,0.0,0.0,0.0,0.0,0.0,0.0,0.0,0.0,0.5690069300000001,0.7473517599999997,0.0,0.0,3.2406459299999986,2.0548647599999996,1.5046579999999994,0.9778924999999999,11.307092000000003,17.662324999999992,13.113168000000005,19.647950999999996,6.0537829999999975,6.260040000000002,0.0,0.0,0.0,0.0,0.0,0.0,0.0,0.0,0.0,0.0,30.474043000000005,43.57031599999999,0.0,0.0,31.978701000000004,44.54820849999999
-3.85915882,92.95,89.05,0.12223600000000001,0.04026299999999999,0.04596,0.08430699999999999,0.053105,0.09339700000000001,0.08898599999999998,0.08434939999999999,0.0,0.0,0.0,0.0,0.0,0.0,0.0,0.0,0.0,0.0,0.18805099999999997,0.2620534,0.0,0.0,0.310287,0.3023164,1.471994,2.1119410000000007,0.37663899999999995,0.674171,0.3417274999999999,0.6646689999999998,1.0060010000000004,0.7612786000000001,8.522790000000002,1.7250500000000002,4.912989999999999,1.7382929999999994,11.937210000000006,1.3738550000000003,5.37975,1.489319,6.782399999999998,2.5660159999999994,1.7243675000000003,2.1001186,37.535140000000006,8.892533,40.73150150000001,13.1045926,2.3979669999999995,1.3009756000000001,0.20144599000000005,0.3233135799999999,0.23899168999999992,0.3861906999999998,0.14160709999999999,0.13150103000000005,0.0,0.0,0.0,0.0,0.0,0.0,0.0,0.0,0.0,0.0,0.5820447799999999,0.8410053099999997,0.0,0.0,2.9800117799999994,2.14198091,1.5092539999999994,1.0655978,11.629452,19.977681,14.484017000000001,22.718760000000003,5.611182999999998,6.668913000000001,0.0,0.0,0.0,0.0,0.0,0.0,0.0,0.0,0.0,0.0,31.724652,49.365354,0.0,0.0,33.233906,50.4309518
-3.74915882,96.21,89.54,0.117806,0.039883999999999996,0.052024999999999995,0.071219,0.063724,0.08453300000000001,0.074491,0.0458783,0.0,0.0,0.0,0.0,0.0,0.0,0.0,0.0,0.0,0.0,0.19024,0.2016303,0.0,0.0,0.308046,0.24151430000000002,1.4121890000000004,1.7929090000000005,0.405716,0.701938,0.34962899999999997,0.6613290000000001,1.0660549999999998,0.8925943000000001,9.043880000000003,1.649117,5.043839999999999,1.9997399999999999,13.74863,1.7839269999999998,5.427288999999999,1.5966960000000001,6.69208,2.575887999999999,1.8213999999999997,2.2558613000000003,39.955719,9.605367999999999,43.189308000000004,13.6541383,2.1825480000000006,1.1540313999999998,0.21187838999999997,0.3392278899999998,0.24438816500000007,0.3830429,0.13520510000000005,0.12762856999999997,0.0,0.0,0.0,0.0,0.0,0.0,0.0,0.0,0.0,0.0,0.5914716550000001,0.8498993599999998,0.0,0.0,2.774019655000001,2.00393076,1.4924780000000002,1.0474530000000002,12.103555999999998,20.781547,14.906598000000002,22.601674999999997,5.4109130000000025,6.448324000000002,0.0,0.0,0.0,0.0,0.0,0.0,0.0,0.0,0.0,0.0,32.421067,49.831545999999996,0.0,0.0,33.913545,50.878999
-3.6391588200000005,96.68,89.07,0.102492,0.046437,0.06098099999999999,0.061178,0.07478199999999999,0.069642,0.058127000000000005,0.0243502,0.0,0.0,0.0,0.0,0.0,0.0,0.0,0.0,0.0,0.0,0.19388999999999998,0.1551702,0.0,0.0,0.296382,0.2016072,1.3433499999999998,1.5377509999999996,0.4267439999999999,0.6876589999999999,0.36057469999999997,0.62522,1.0935937999999996,1.0583632000000003,9.07666,1.5700710000000004,4.870989999999998,2.1234160000000006,14.980500000000003,2.3125040000000006,5.158912999999999,1.711998,6.724529999999999,2.3182580000000006,1.8809124999999995,2.3712422,40.811593,10.036247000000003,44.0358555,13.945240200000002,2.0002600000000004,1.0504468999999999,0.22004880000000002,0.36161782999999986,0.24066614000000003,0.37238720000000014,0.13011520000000004,0.12058639999999994,0.0,0.0,0.0,0.0,0.0,0.0,0.0,0.0,0.0,0.0,0.5908301400000001,0.8545914299999999,0.0,0.0,2.5910901400000004,1.9050383299999998,1.4328520000000005,0.9815091,12.501618000000002,21.789390999999984,14.675089999999996,21.93677100000001,5.221682000000002,5.968386000000004,0.0,0.0,0.0,0.0,0.0,0.0,0.0,0.0,0.0,0.0,32.39839,49.694548,0.0,0.0,33.831242,50.6760571
-3.52815882,99.27,94.43,0.087364,0.064034,0.072909,0.059412,0.082458,0.066018,0.04700100000000001,0.023290700000000004,0.0,0.0,0.0,0.0,0.0,0.0,0.0,0.0,0.0,0.0,0.20236800000000002,0.14872069999999998,0.0,0.0,0.289732,0.2127547,1.30834,1.3650720000000003,0.47431900000000016,0.681249,0.4032840000000002,0.6258269999999998,1.1766929999999998,1.3192167000000006,8.749339999999998,1.6508648999999997,4.866300000000001,2.1070860000000002,15.350640000000002,3.0282239999999994,4.921947999999999,1.921064,7.051959999999998,2.3536420000000002,2.054296,2.6262927000000005,40.940188,11.060880899999999,44.302824,15.052245600000001,1.8758780000000006,1.1124977999999999,0.24183388000000003,0.3947213000000001,0.2502953,0.40160949999999984,0.12827189999999994,0.11971044999999995,0.0,0.0,0.0,0.0,0.0,0.0,0.0,0.0,0.0,0.0,0.6204010799999999,0.9160412499999999,0.0,0.0,2.4962790800000008,2.0285390499999996,1.4063680000000003,0.9260470000000003,13.685196999999999,23.482280000000006,15.428259999999995,23.437912,5.021212999999998,5.775149999999999,0.0,0.0,0.0,0.0,0.0,0.0,0.0,0.0,0.0,0.0,34.13466999999999,52.695342000000004,0.0,0.0,35.54103799999999,53.62138900000001
-3.4181588200000004,104.6,102.5,0.08347099999999999,0.07904899999999998,0.082592,0.062004000000000004,0.077708,0.06962299999999999,0.039872000000000005,0.027180999999999997,0.0,0.0,0.0,0.0,0.0,0.0,0.0,0.0,0.0,0.0,0.20017200000000002,0.158808,0.0,0.0,0.283643,0.23785699999999999,1.289693,1.2023840000000001,0.545584,0.6724960000000001,0.45764699999999997,0.6661699999999998,1.2661400000000003,1.5892104999999994,8.46319,1.895657,5.097440000000001,2.06234,16.41265,3.741960000000001,4.8400929999999995,2.18129,7.654070000000001,2.737943,2.269371,2.927876499999999,42.467443,12.619190000000001,46.026507,16.749450500000002,1.7801329999999993,1.2713075,0.27322349999999995,0.41814580000000007,0.26406339999999995,0.4508302000000002,0.12710131000000002,0.12602649999999996,0.0,0.0,0.0,0.0,0.0,0.0,0.0,0.0,0.0,0.0,0.6643882099999999,0.9950025000000002,0.0,0.0,2.444521209999999,2.2663100000000003,1.416038,0.8882446999999996,15.414209000000005,24.97399099999999,16.44181,26.080319999999997,4.833751999999999,5.973571200000002,0.0,0.0,0.0,0.0,0.0,0.0,0.0,0.0,0.0,0.0,36.68977100000001,57.02788219999999,0.0,0.0,38.105809,57.91612689999999
-3.30815882,108.4,103.2,0.08638499999999999,0.07621200000000002,0.083423,0.06598399999999999,0.069738,0.065425,0.0323686,0.024174,0.0,0.0,0.0,0.0,0.0,0.0,0.0,0.0,0.0,0.0,0.1855296,0.15558299999999997,0.0,0.0,0.2719146,0.231795,1.1663439999999998,0.9814849999999997,0.6066249999999999,0.6394190000000001,0.4825440000000001,0.659529,1.204701,1.6550079999999996,8.35567,2.2585020000000005,5.184679999999999,2.02814,19.896289999999997,3.915389999999999,4.800357000000001,2.2541700000000002,8.74107,2.9565779999999995,2.29387,2.953956,46.978066999999996,13.41278,50.438280999999996,17.348221,1.636812000000001,1.2971956,0.2812101000000001,0.41339539999999997,0.2552390999999999,0.4515106999999998,0.12297089,0.12567057000000004,0.0,0.0,0.0,0.0,0.0,0.0,0.0,0.0,0.0,0.0,0.65942009,0.9905766699999998,0.0,0.0,2.296232090000001,2.2877722699999996,1.3513769999999992,0.7905441,16.040236000000004,25.195694000000007,15.85919,26.216327,4.571421000000001,5.814647599999999,0.0,0.0,0.0,0.0,0.0,0.0,0.0,0.0,0.0,0.0,36.470847000000006,57.2266686,0.0,0.0,37.822224000000006,58.0172127
-3.1971588200000003,114.0,95.94,0.09494199999999998,0.06638799999999999,0.082952,0.06707300000000001,0.076891,0.05855099999999999,0.026496000000000002,0.0172692,0.0,0.0,0.0,0.0,0.0,0.0,0.0,0.0,0.0,0.0,0.186339,0.1428932,0.0,0.0,0.281281,0.2092812,0.9963390000000002,0.7746738999999999,0.653125,0.610483,0.504509,0.597907,1.105323,1.49285,8.797870000000003,2.6679880000000007,5.225480000000001,1.95322,25.540850000000002,3.705330000000001,4.83827,2.1187399999999994,10.708790000000002,2.8110499999999994,2.262957,2.70124,55.11126000000001,13.256328,58.37055600000001,16.732241900000002,1.5391053000000008,1.1568486000000004,0.2705396000000002,0.38998578000000034,0.23916249999999992,0.40123961,0.12354317000000004,0.11538450000000001,0.0,0.0,0.0,0.0,0.0,0.0,0.0,0.0,0.0,0.0,0.6332452700000002,0.9066098900000004,0.0,0.0,2.1723505700000008,2.063458490000001,1.2506380000000004,0.6590319280000001,15.847553000000005,24.169558000000006,14.829509999999999,23.710780000000003,4.427832000000003,5.0771705,0.0,0.0,0.0,0.0,0.0,0.0,0.0,0.0,0.0,0.0,35.104895000000006,52.95750850000001,0.0,0.0,36.35553300000001,53.61654042800001
-3.08715882,121.1,91.76,0.104475,0.062738,0.086412,0.063513,0.09321,0.0598,0.025476,0.0138164,0.0,0.0,0.0,0.0,0.0,0.0,0.0,0.0,0.0,0.0,0.205098,0.1371294,0.0,0.0,0.309573,0.1998674,0.9383029999999999,0.6642651,0.6777120000000001,0.6270549999999996,0.5460229999999999,0.5571430000000002,1.1093278000000002,1.3549310000000003,9.373030000000004,2.9695200000000006,5.368339999999999,1.8970499999999995,29.93837,4.0953100000000004,4.7022710000000005,2.17167,12.742909999999997,2.809659999999999,2.3330628000000004,2.539129,62.124921,13.94321,65.3962868,17.1466041,1.5249297999999998,1.0469904999999995,0.2655422999999999,0.3783007000000002,0.23859229999999992,0.3690167,0.12959607999999995,0.11161303999999997,0.0,0.0,0.0,0.0,0.0,0.0,0.0,0.0,0.0,0.0,0.6337306799999998,0.8589304400000002,0.0,0.0,2.1586604799999995,1.9059209399999997,1.1989570000000003,0.5870819,15.990290000000005,23.266925999999994,14.874279999999999,22.23795000000001,4.437433000000001,4.5018311,0.0,0.0,0.0,0.0,0.0,0.0,0.0,0.0,0.0,0.0,35.302003000000006,50.0067071,0.0,0.0,36.500960000000006,50.593789
-2.9771588199999997,123.4,99.07,0.11250100000000002,0.06704399999999999,0.088015,0.061148,0.09790700000000001,0.06610899999999999,0.028803000000000002,0.016343,0.0,0.0,0.0,0.0,0.0,0.0,0.0,0.0,0.0,0.0,0.214725,0.14359999999999998,0.0,0.0,0.327226,0.21064399999999997,0.9753720000000001,0.6288760000000001,0.657327,0.7723269999999999,0.5786780000000001,0.5771339999999997,1.1239430000000001,1.3731559999999998,9.663479999999998,3.2433469999999995,5.4982700000000015,1.99095,30.812879999999993,5.1686700000000005,4.309133999999999,2.949429999999999,14.029540000000004,3.239742,2.359948,2.7226169999999996,64.313304,16.592139,67.648624,19.943631999999997,1.5015060999999996,1.0910688999999998,0.2570415,0.4075160000000001,0.24427919999999997,0.3927872,0.1330868399999999,0.12983480000000006,0.0,0.0,0.0,0.0,0.0,0.0,0.0,0.0,0.0,0.0,0.6344075399999999,0.9301380000000001,0.0,0.0,2.1359136399999996,2.0212069,1.1786409999999998,0.6401876999999997,15.8645,24.48976000000001,15.288480000000005,23.982430000000008,4.328801999999998,4.666477200000003,0.0,0.0,0.0,0.0,0.0,0.0,0.0,0.0,0.0,0.0,35.481782,53.13866720000002,0.0,0.0,36.660423,53.77885490000002
-2.86715882,120.4,108.1,0.123517,0.07562299999999998,0.084268,0.05814300000000001,0.09163700000000001,0.064982,0.040854999999999995,0.027308000000000002,0.0,0.0,0.0,0.0,0.0,0.0,0.0,0.0,0.0,0.0,0.21676,0.150433,0.0,0.0,0.340277,0.22605599999999998,0.9883249999999998,0.586579,0.634618,1.008324,0.6039450000000001,0.6189889999999999,1.1226559999999999,1.3698640000000002,9.88565,3.343938,5.26027,2.19023,28.894059999999993,5.5441400000000005,3.9892349999999994,4.03973,13.910829999999997,3.4864579999999985,2.361219,2.997177,61.94004499999999,18.604495999999997,65.28958899999999,22.188252,1.4161648999999996,1.1328661000000002,0.24612590000000006,0.4452892999999999,0.24929200000000015,0.4304351000000001,0.13494471000000008,0.15147504000000006,0.0,0.0,0.0,0.0,0.0,0.0,0.0,0.0,0.0,0.0,0.6303626100000003,1.02719944,0.0,0.0,2.0465275099999998,2.16006554,1.1792490000000002,0.7430555000000001,15.526630000000003,26.40635999999999,15.669658999999998,26.42838,4.091505,5.003873799999997,0.0,0.0,0.0,0.0,0.0,0.0,0.0,0.0,0.0,0.0,35.287794,57.83861379999999,0.0,0.0,36.467043,58.58166929999999
-2.7561588200000005,115.7,104.1,0.13026000000000001,0.08216299999999999,0.08163800000000002,0.048358,0.085302,0.051532,0.06895599999999999,0.04687129999999999,0.0,0.0,0.0,0.0,0.0,0.0,0.0,0.0,0.0,0.0,0.235896,0.14676129999999998,0.0,0.0,0.36615600000000004,0.22892429999999997,0.924602,0.5065329999999999,0.6799769999999997,1.065826,0.6502569999999999,0.6089219999999999,1.1446119999999997,1.2240910000000003,9.850397,2.9918619999999994,4.53756,2.337455,25.752239999999993,4.540769999999999,3.8630390000000006,4.055789999999999,12.346179999999997,3.0936700000000004,2.4748459999999994,2.898839,56.34941599999999,17.019547,59.74886399999999,20.424919,1.2737223999999996,0.9868609999999999,0.2506999000000001,0.4381986,0.2588006000000001,0.42197903999999997,0.13737551,0.14001600999999997,0.0,0.0,0.0,0.0,0.0,0.0,0.0,0.0,0.0,0.0,0.6468760100000002,1.00019365,0.0,0.0,1.9205984099999998,1.9870546499999997,1.1662399999999995,0.7115998000000003,15.999240000000004,26.177659999999992,16.340876999999995,25.68057,3.912677999999999,4.6370153,0.0,0.0,0.0,0.0,0.0,0.0,0.0,0.0,0.0,0.0,36.252795,56.49524529999999,0.0,0.0,37.419035,57.206845099999995
-2.64615882,109.8,89.79,0.12543500000000002,0.07734049999999999,0.080037,0.0369219,0.07465300000000001,0.0365179,0.10926300000000001,0.07298539999999999,0.0,0.0,0.0,0.0,0.0,0.0,0.0,0.0,0.0,0.0,0.263953,0.14642519999999998,0.0,0.0,0.38938800000000007,0.22376569999999998,0.8081531000000001,0.414805,0.7497069999999998,0.8628220000000003,0.7158340000000002,0.5512749999999998,1.0512819999999998,1.0029559999999997,9.609828999999998,2.5438150000000004,3.8936200000000007,2.347289999999999,21.848664999999997,3.1814149999999994,3.771681000000001,2.9414409999999998,11.047030000000001,2.4628400000000004,2.5168229999999996,2.417053,50.170825,13.476800999999998,53.495801099999994,16.308659,1.1269452999999996,0.7168542900000001,0.25754765999999985,0.39701883000000004,0.2631801999999998,0.36750418999999984,0.13340528999999995,0.10128262,0.0,0.0,0.0,0.0,0.0,0.0,0.0,0.0,0.0,0.0,0.6541331499999996,0.8658056399999999,0.0,0.0,1.7810784499999992,1.58265993,1.0989659999999997,0.5286015999999999,16.548491,24.372545999999993,16.645481999999998,21.919571000000015,3.7885909999999994,3.667502100000001,0.0,0.0,0.0,0.0,0.0,0.0,0.0,0.0,0.0,0.0,36.982563999999996,49.95961910000001,0.0,0.0,38.081529999999994,50.48822070000001
-2.53615882,100.5,75.72,0.10895300000000001,0.06696490000000001,0.0664706,0.027924,0.055088,0.029563999999999997,0.134551,0.1171749,0.0,0.0,0.0,0.0,0.0,0.0,0.0,0.0,0.0,0.0,0.2561096,0.1746629,0.0,0.0,0.3650626,0.2416278,0.6729355000000002,0.32576959999999994,0.7557249999999996,0.6215437199999998,0.7556609999999998,0.5115022,0.7754189999999999,0.7396718,9.391261000000002,2.1309790000000004,3.5398570000000005,2.2527699999999995,16.920606,2.443215,3.5348029999999997,2.0348790000000005,10.483769999999998,1.9819470000000001,2.2868049999999993,1.8727177199999998,43.870297,10.84379,46.830037499999996,13.04227732,0.9904146999999998,0.48712841200000007,0.25166030000000006,0.34498002000000005,0.25004930000000003,0.3110759910000001,0.11868691000000002,0.07174581139000002,0.0,0.0,0.0,0.0,0.0,0.0,0.0,0.0,0.0,0.0,0.6203965100000001,0.7278018223900002,0.0,0.0,1.6108112099999998,1.2149302343900001,1.0044986,0.35568879999999997,16.10867,21.6745221,15.811617000000002,18.330170400000004,3.6555010000000014,2.863637659999999,0.0,0.0,0.0,0.0,0.0,0.0,0.0,0.0,0.0,0.0,35.575788,42.868330160000006,0.0,0.0,36.5802866,43.22401896
-2.42515882,88.71,67.14,0.079466,0.06159470000000001,0.048232000000000004,0.021756,0.034776,0.027646099999999996,0.12135,0.1666743,0.0,0.0,0.0,0.0,0.0,0.0,0.0,0.0,0.0,0.0,0.204358,0.2160764,0.0,0.0,0.283824,0.2776711,0.541061,0.2653805999999999,0.6967770000000001,0.4877687,0.7421120000000001,0.5238945999999999,0.49544599999999994,0.4870776,8.510743,1.932257,3.3179619999999996,2.1512570000000006,11.887204999999998,2.94089,3.17169,1.9013799000000005,9.407998,1.8371640000000005,1.9343350000000001,1.4987408999999998,36.295598,10.762947900000002,38.770993999999995,12.527069400000002,0.8290000999999997,0.37688290999999996,0.24267970000000003,0.29696748199999995,0.23618289999999995,0.269626583,0.1005643,0.06533123940000003,0.0,0.0,0.0,0.0,0.0,0.0,0.0,0.0,0.0,0.0,0.5794269,0.6319253043999999,0.0,0.0,1.4084269999999997,1.0088082144,0.9118373000000001,0.29794040999999993,15.181700000000001,18.663000900000007,14.703223000000007,16.1012915,3.5924951999999992,2.6250132000000015,0.0,0.0,0.0,0.0,0.0,0.0,0.0,0.0,0.0,0.0,33.47741820000001,37.38930560000001,0.0,0.0,34.389255500000004,37.68724601000001
-2.3151588199999997,78.77,68.34,0.045534,0.053239999999999996,0.040114,0.019867300000000004,0.023518,0.0259334,0.08802300000000002,0.16545738000000001,0.0,0.0,0.0,0.0,0.0,0.0,0.0,0.0,0.0,0.0,0.151655,0.21125808000000001,0.0,0.0,0.197189,0.26449808,0.4431415999999999,0.2518108,0.6343059999999997,0.4558350000000001,0.7083450000000001,0.5514367000000002,0.34938299999999994,0.3417163200000001,6.78467,2.6038680000000003,3.388891,2.3124690000000006,8.0242,6.51189,2.9439940000000004,2.314683000000001,7.579822999999999,2.4551810000000005,1.6920339999999998,1.3489880200000004,28.721578,16.198091,30.8567536,17.798889820000003,0.678026,0.4018924000000003,0.23639643000000002,0.27498113,0.24029988999999993,0.23711123099999998,0.08610992999999996,0.07273962000000003,0.0,0.0,0.0,0.0,0.0,0.0,0.0,0.0,0.0,0.0,0.56280625,0.584831981,0.0,0.0,1.24083225,0.9867243810000004,0.8475509999999998,0.3380189159999999,14.435101999999993,17.075017999999993,14.560307000000002,14.489099999999995,3.5308969999999986,2.8781979999999994,0.0,0.0,0.0,0.0,0.0,0.0,0.0,0.0,0.0,0.0,32.52630599999999,34.44231599999999,0.0,0.0,33.373856999999994,34.78033491599999
-2.2051588200000003,71.03,80.52,0.021567999999999997,0.044157,0.03674,0.021008100000000002,0.0215309,0.0250417,0.0560957,0.11211748999999999,0.0,0.0,0.0,0.0,0.0,0.0,0.0,0.0,0.0,0.0,0.1143666,0.15816729,0.0,0.0,0.1359346,0.20232429,0.3795055,0.2661449,0.6069009999999998,0.524829,0.6589740000000003,0.56287432,0.29888249999999994,0.33152883999999994,5.118225000000001,3.9982329999999995,3.5954460000000004,2.816326,5.655403699999998,13.286457999999996,2.9504646,3.0657308,5.763052000000001,3.784746899999999,1.5647575,1.41923216,23.0825913,26.951494699999994,25.0268543,28.636871759999995,0.5800406000000001,0.5304092000000001,0.22846750000000002,0.2828255899999999,0.2427481,0.2310016609999999,0.07404452,0.08918180000000002,0.0,0.0,0.0,0.0,0.0,0.0,0.0,0.0,0.0,0.0,0.54526012,0.6030090509999998,0.0,0.0,1.1253007200000003,1.133418251,0.8146827000000003,0.43004999999999993,13.793750999999999,17.522751619999998,14.470799999999992,14.161450999999998,3.3308250000000004,3.4766926,0.0,0.0,0.0,0.0,0.0,0.0,0.0,0.0,0.0,0.0,31.59537599999999,35.16089521999999,0.0,0.0,32.41005869999999,35.590945219999995
-2.09515882,65.94,95.34,0.011640000000000001,0.042316700000000006,0.032535,0.022971600000000002,0.0259142,0.0255161,0.032846,0.056517099999999994,0.0,0.0,0.0,0.0,0.0,0.0,0.0,0.0,0.0,0.0,0.09129519999999999,0.1050048,0.0,0.0,0.1029352,0.1473215,0.32677399999999995,0.2921669999999999,0.5881479999999998,0.637279,0.5936719999999999,0.5985432,0.27830600000000005,0.45102929999999997,3.975538999999999,5.431927,3.833006999999999,3.2602999999999995,4.027048,18.622410000000002,3.1676800000000003,3.7255849999999993,4.377330000000001,4.924081950000001,1.4601259999999998,1.6868515,19.380603999999998,35.96430395,21.167503999999997,37.943322450000004,0.5213732000000002,0.6752987999999999,0.23059400000000002,0.2974357289999999,0.2360341,0.2623340610000001,0.06897537,0.11318000000000004,0.0,0.0,0.0,0.0,0.0,0.0,0.0,0.0,0.0,0.0,0.53560347,0.6729497900000001,0.0,0.0,1.0569766700000003,1.3482485899999999,0.8285788999999996,0.5287471999999999,13.72824,18.594859400000008,13.857491999999995,16.196187,3.3403530000000012,4.121992100000003,0.0,0.0,0.0,0.0,0.0,0.0,0.0,0.0,0.0,0.0,30.926084999999997,38.913038500000006,0.0,0.0,31.754663899999997,39.44178570000001
-1.9841588200000002,67.58,103.9,0.0096449,0.039596099999999995,0.029759699999999997,0.024112100000000004,0.035808700000000006,0.024724599999999996,0.0257321,0.0233956,0.0,0.0,0.0,0.0,0.0,0.0,0.0,0.0,0.0,0.0,0.0913005,0.0722323,0.0,0.0,0.1009454,0.1118284,0.29206970000000004,0.32333900000000004,0.568045,0.653821,0.557694,0.6600989999999998,0.27391999999999994,0.6721450000000002,3.262429,6.7339080000000004,4.484660999999999,3.4005199999999998,2.7542240000000007,19.946300000000004,3.7979179999999997,3.8703679999999987,3.6001400000000006,5.380904000000001,1.399659,1.986065,17.899372,39.33200000000001,19.5911007,41.641404,0.5058640000000002,0.7790726000000002,0.2610952999999999,0.2924446099999999,0.2461534,0.3022208249999999,0.07727960999999997,0.13813760000000003,0.0,0.0,0.0,0.0,0.0,0.0,0.0,0.0,0.0,0.0,0.5845283099999998,0.7328030349999999,0.0,0.0,1.0903923100000001,1.511875635,0.9309135000000001,0.5990608999999999,15.130878,18.386700000000005,14.007306000000002,19.51171799999999,3.979738000000001,4.497642400000001,0.0,0.0,0.0,0.0,0.0,0.0,0.0,0.0,0.0,0.0,33.117922,42.396060399999996,0.0,0.0,34.0488355,42.995121299999994
-1.87415882,72.3,101.6,0.0086875,0.03119042,0.029825100000000004,0.022385500000000003,0.0433923,0.020139700000000003,0.029856999999999998,0.011647400000000002,0.0,0.0,0.0,0.0,0.0,0.0,0.0,0.0,0.0,0.0,0.10307440000000001,0.05417260000000001,0.0,0.0,0.1117619,0.08536302000000001,0.2694855,0.33232600000000007,0.5543199999999999,0.5510938999999999,0.5379600000000001,0.6624689999999999,0.280206,0.8181339999999999,2.8524800000000003,7.431486000000002,5.236422999999999,3.2189899999999994,1.916099,18.446289999999998,4.817005999999999,3.587136,3.232629300000001,5.244813599999998,1.372486,2.0316968999999996,18.0546373,37.9287156,19.6966088,40.2927385,0.5189543000000003,0.7861940979999996,0.29984909000000015,0.2659319,0.26489889999999994,0.30408528999999973,0.08782044,0.15062337800000003,0.0,0.0,0.0,0.0,0.0,0.0,0.0,0.0,0.0,0.0,0.6525684300000001,0.7206405679999998,0.0,0.0,1.1715227300000004,1.5068346659999994,1.045543,0.5970502,16.967414000000005,16.715803000000005,14.474923999999998,20.77531600000002,4.860517000000002,4.3801187000000015,0.0,0.0,0.0,0.0,0.0,0.0,0.0,0.0,0.0,0.0,36.30285500000001,41.87123770000003,0.0,0.0,37.348398,42.46828790000003
-1.7641588200000005,71.7,85.67,0.00659,0.023350919999999997,0.0339042,0.017677,0.0406624,0.0145939,0.0318255,0.0085272,0.0,0.0,0.0,0.0,0.0,0.0,0.0,0.0,0.0,0.0,0.1063921,0.0407981,0.0,0.0,0.1129821,0.06414902,0.23291029999999993,0.2761690999999999,0.5093030000000001,0.39733790000000013,0.4939169999999999,0.5790412999999999,0.27626500000000004,0.6556040000000001,2.546947,6.536559000000001,5.467926,2.7277539999999996,1.3653739999999996,15.510809999999998,5.595282999999999,3.0546538,2.776028000000001,4.792117499999999,1.279485,1.6319832,17.751558,32.621894299999994,19.2639533,34.5300466,0.5119180999999998,0.65176912,0.30971893000000017,0.21340294999999984,0.2630674,0.25345081,0.08539709,0.13443956999999995,0.0,0.0,0.0,0.0,0.0,0.0,0.0,0.0,0.0,0.0,0.6581834200000002,0.6012933299999998,0.0,0.0,1.17010152,1.2530624499999998,1.0564577000000002,0.47604937,17.222188,13.504423999999991,13.87604,17.768717900000002,5.201296999999998,3.6800935,0.0,0.0,0.0,0.0,0.0,0.0,0.0,0.0,0.0,0.0,36.299524999999996,34.9532354,0.0,0.0,37.3559827,35.429284769999995
-1.6531588199999998,67.07,68.12,0.0050169,0.01950343,0.039749999999999994,0.013315900000000002,0.0337286,0.011192,0.030696400000000002,0.0057605,0.0,0.0,0.0,0.0,0.0,0.0,0.0,0.0,0.0,0.0,0.10417499999999999,0.0302684,0.0,0.0,0.1091919,0.04977183,0.1896968,0.17846559999999992,0.42786630000000003,0.24246970000000007,0.432166,0.49033930000000003,0.26398,0.3031732999999999,2.3253340000000007,4.329298499999999,5.2883830000000005,2.3772431000000007,1.0023100000000003,16.431936000000004,5.884818,2.3436060000000007,2.3031860000000006,4.925187499999999,1.1240123,1.0359823000000001,16.804031000000002,30.407271100000003,18.117740100000002,31.621719000000002,0.48028200000000004,0.5063451199999998,0.29652659999999986,0.14130363000000007,0.2511784000000001,0.18835933999999996,0.07308401000000002,0.09991699000000004,0.0,0.0,0.0,0.0,0.0,0.0,0.0,0.0,0.0,0.0,0.62078901,0.4295799600000001,0.0,0.0,1.10107101,0.9359250799999999,0.9921442000000004,0.318668186,16.188915000000005,9.067110499999997,12.879300000000006,13.003134744999997,4.982616000000001,2.772619899999999,0.0,0.0,0.0,0.0,0.0,0.0,0.0,0.0,0.0,0.0,34.05083100000001,24.842865144999994,0.0,0.0,35.042975200000015,25.161533330999994
-1.5431588200000004,64.64,66.53,0.005148400000000001,0.021328999999999997,0.04361,0.014753399999999998,0.03747879999999999,0.009983500000000001,0.0337789,0.004352970000000001,0.0,0.0,0.0,0.0,0.0,0.0,0.0,0.0,0.0,0.0,0.11486769999999999,0.02908987,0.0,0.0,0.1200161,0.05041887,0.1554147,0.12528865000000003,0.33968310000000007,0.14982409999999996,0.3706690000000001,0.3950369599999999,0.2624630000000001,0.08885743,2.293499,3.6097125199999995,5.112566,2.7548766,0.7473213999999997,23.93975900000001,6.060006999999998,1.9160084000000002,2.080302,7.2936358,0.9728151000000003,0.6337184899999998,16.293695399999997,39.51399232000001,17.421925199999997,40.27299946000001,0.4571753,0.5293116509999997,0.2898568499999998,0.09205176200000001,0.2517262000000002,0.14068461199999996,0.06615230999999999,0.07072550400000001,0.0,0.0,0.0,0.0,0.0,0.0,0.0,0.0,0.0,0.0,0.60773536,0.30346187799999996,0.0,0.0,1.06491066,0.8327735289999997,0.9438653999999997,0.269249649,15.507255400000002,5.7872881000000005,12.543406000000001,9.311939999999998,4.8948459999999985,2.2480865399999996,0.0,0.0,0.0,0.0,0.0,0.0,0.0,0.0,0.0,0.0,32.945507400000004,17.347314639999997,0.0,0.0,33.889372800000004,17.616564289
-1.43315882,63.88,78.43,0.0064946,0.0297122,0.0464736,0.026938899999999998,0.0516876,0.013894,0.03747160000000001,0.0050653,0.0,0.0,0.0,0.0,0.0,0.0,0.0,0.0,0.0,0.0,0.1356328,0.0458982,0.0,0.0,0.14212740000000001,0.0756104,0.13180570000000003,0.14116008999999996,0.2640021,0.1325994,0.32181709999999997,0.25959767,0.264859,0.054965669999999994,2.334905000000001,6.262367299999999,4.947322000000001,3.7403382999999994,0.5581718000000001,31.11222840000001,6.1219529999999995,2.2473377,1.9620439999999992,11.870726999999999,0.8506781999999999,0.44716274,15.924395800000001,55.23299870000001,16.9068797,55.821321530000006,0.44333150000000004,0.6722370489999999,0.29005475999999997,0.08808710700000005,0.25361560000000005,0.11308461220000003,0.06947233200000003,0.05399835180000001,0.0,0.0,0.0,0.0,0.0,0.0,0.0,0.0,0.0,0.0,0.613142692,0.2551700710000001,0.0,0.0,1.056474192,0.92740712,0.9119027999999997,0.32060418900000004,15.292957999999999,4.961323659999997,12.406411899999997,6.817265099999999,5.074105499999999,2.349722760000001,0.0,0.0,0.0,0.0,0.0,0.0,0.0,0.0,0.0,0.0,32.773475399999995,14.128311519999997,0.0,0.0,33.685378199999995,14.448915708999998
-1.3221588200000003,59.56,95.54,0.0080001,0.03928999999999999,0.04682879999999999,0.046458299999999994,0.05297929999999999,0.0300897,0.03545280000000001,0.0071433,0.0,0.0,0.0,0.0,0.0,0.0,0.0,0.0,0.0,0.0,0.1352609,0.0836913,0.0,0.0,0.143261,0.12298129999999999,0.11111489999999996,0.18773988,0.19969069999999994,0.15577769999999996,0.2758015,0.17204439,0.24958150000000007,0.0799634,2.1798919999999997,10.104373900000002,4.463307,4.757053770000001,0.41674959999999994,33.842948199999995,5.589580000000001,3.104579349999999,1.7774929999999998,15.761708800000003,0.7250737,0.40778549,14.4270216,67.57066402,15.2632102,68.16618939,0.39436586000000007,0.80023101,0.27237061999999995,0.13118692299999998,0.237122,0.12252071300000003,0.07565351,0.066727453,0.0,0.0,0.0,0.0,0.0,0.0,0.0,0.0,0.0,0.0,0.5851461299999999,0.320435089,0.0,0.0,0.97951199,1.120666099,0.8131830899999997,0.3912170620000001,14.184328999999995,6.610298400000002,11.56240199999999,6.998838200000001,5.136533999999999,3.306282750000002,0.0,0.0,0.0,0.0,0.0,0.0,0.0,0.0,0.0,0.0,30.883264999999984,16.915419350000004,0.0,0.0,31.696448089999983,17.306636412000007
-1.21215882,55.43,109.7,0.009400600000000002,0.0409864,0.041668100000000007,0.057292499999999996,0.041205,0.0589229,0.0308535,0.0092333,0.0,0.0,0.0,0.0,0.0,0.0,0.0,0.0,0.0,0.0,0.11372660000000001,0.1254487,0.0,0.0,0.1231272,0.1664351,0.09565490000000001,0.21527937999999996,0.14726939999999997,0.19330909999999998,0.2352441,0.1687709,0.2270559,0.10603309000000001,1.8917209999999998,12.3553145,3.9989890000000003,5.1381893000000005,0.31448889999999996,32.45293900000001,4.684509999999999,3.723372999999999,1.6974189999999991,16.527799888,0.6095694,0.46811309,12.587127899999999,70.19761568800001,13.292352199999998,70.88100815800001,0.32324063000000014,0.8303232599999999,0.25217221999999995,0.20891916999999996,0.2264625699999998,0.16419453800000008,0.08771011000000004,0.11008116500000001,0.0,0.0,0.0,0.0,0.0,0.0,0.0,0.0,0.0,0.0,0.5663448999999998,0.4831948730000001,0.0,0.0,0.88958553,1.3135181329999999,0.6736911299999999,0.4243618099999998,12.761344099999995,10.055309000000003,11.2193981,9.960877799999995,5.4463618999999985,4.8487611999999976,0.0,0.0,0.0,0.0,0.0,0.0,0.0,0.0,0.0,0.0,29.427104099999994,24.864947999999995,0.0,0.0,30.100795229999992,25.289309809999995
-1.1021588199999997,57.16,108.3,0.009694000000000003,0.032333999999999995,0.0332138,0.05013479999999999,0.033042800000000004,0.08116510000000002,0.025090900000000003,0.0089771,0.0,0.0,0.0,0.0,0.0,0.0,0.0,0.0,0.0,0.0,0.09134750000000001,0.140277,0.0,0.0,0.1010415,0.17261100000000001,0.09117970000000002,0.20294595300000004,0.1269498,0.2121407,0.2011828,0.17985080000000003,0.21206080000000002,0.10966210000000004,1.6952455100000003,12.206391000000004,4.0830959,4.7530622,0.27395272000000004,26.465261099999992,3.945132000000001,3.533929000000001,1.8444426999999997,14.982154000000003,0.5401934,0.5016536,11.841868830000001,61.9407973,12.47324193,62.645396853,0.27778581,0.72391762,0.26213334299999996,0.25922115,0.2405192899999999,0.190624916,0.10587801700000003,0.139907141,0.0,0.0,0.0,0.0,0.0,0.0,0.0,0.0,0.0,0.0,0.60853065,0.589753207,0.0,0.0,0.88631646,1.3136708270000002,0.5777070240000001,0.3845380899999997,12.988449599999994,12.380598999999998,12.404922400000007,12.089373700000003,6.001055100000002,5.58863486,0.0,0.0,0.0,0.0,0.0,0.0,0.0,0.0,0.0,0.0,31.3944271,30.058607560000002,0.0,0.0,31.972134124000004,30.44314565
-0.9921588200000002,63.3,93.26,0.007476999999999999,0.018992500000000002,0.024662899999999995,0.0311249,0.02844,0.0720235,0.0176008,0.0061735,0.0,0.0,0.0,0.0,0.0,0.0,0.0,0.0,0.0,0.0,0.0707037,0.1093219,0.0,0.0,0.07818069999999999,0.1283144,0.08961950000000002,0.1756896,0.136496,0.19368396999999998,0.16093890000000002,0.16690801,0.19068919999999998,0.0871974,1.6509860000000003,10.259303999999998,4.276096300000001,3.9022475000000005,0.29792393,21.2977189,3.5346909999999996,2.9289506999999992,1.9964768,12.462271909999998,0.4881241,0.44778937999999996,11.75617403,50.850493009999994,12.33391763,51.473971989999995,0.2485164200000001,0.5677846710000002,0.30213351999999993,0.24217993499999993,0.25961771999999994,0.18084235100000012,0.1314165958,0.12835270299999998,0.0,0.0,0.0,0.0,0.0,0.0,0.0,0.0,0.0,0.0,0.6931678357999999,0.551374989,0.0,0.0,0.9416842558,1.1191596600000002,0.5045579839999998,0.2977275299999998,15.473641999999996,12.058599400000002,14.106948499999998,11.185250899999998,6.583197000000001,4.795471889999996,0.0,0.0,0.0,0.0,0.0,0.0,0.0,0.0,0.0,0.0,36.1637875,28.039322189999996,0.0,0.0,36.66834548399999,28.337049719999996
-0.8811588200000005,72.19,80.71,0.005120799999999999,0.009379,0.0183829,0.0147969,0.0299494,0.037752360000000006,0.0123921,0.0035244,0.0,0.0,0.0,0.0,0.0,0.0,0.0,0.0,0.0,0.0,0.0607244,0.056073660000000004,0.0,0.0,0.0658452,0.06545266000000001,0.08699349999999996,0.15898110000000001,0.14930437000000005,0.16151275999999998,0.13632009999999997,0.14809753000000003,0.16247299999999998,0.06281587000000001,1.8486017000000003,9.1103947,4.1576939999999984,2.8755148999999998,0.37220630000000005,19.981259,3.6833050000000003,2.9220988000000006,2.0142920000000006,9.474193942000001,0.44809747,0.37242616,12.076099,44.363461342,12.61118997,44.894868602,0.22117192000000005,0.47190694600000005,0.3493317600000001,0.2101735329999999,0.28098334599999986,0.16775787632,0.172115274,0.10357713600000001,0.0,0.0,0.0,0.0,0.0,0.0,0.0,0.0,0.0,0.0,0.80243038,0.4815085453199999,0.0,0.0,1.0236023,0.9534154913199999,0.4392335300000001,0.23106324199999997,18.904827000000004,11.557184500000004,16.14009099999999,8.899268963,7.6402377,3.8190962599999985,0.0,0.0,0.0,0.0,0.0,0.0,0.0,0.0,0.0,0.0,42.685155699999996,24.275549723000005,0.0,0.0,43.12438923,24.506612965000002
-0.7711588200000001,74.08,68.28,0.004169769999999999,0.005704539999999999,0.013080399999999999,0.00756691,0.0294686,0.01061105,0.010115499999999998,0.00220948,0.0,0.0,0.0,0.0,0.0,0.0,0.0,0.0,0.0,0.0,0.052664499999999996,0.02038744,0.0,0.0,0.05683427,0.02609198,0.07555746000000003,0.13975916000000005,0.14385954000000004,0.129728138,0.12456769999999996,0.12334064,0.13742037999999998,0.05112288000000001,2.0882050000000003,8.647259609999999,3.9460506,2.1782673,0.3776816,15.970636299999999,3.935931499999999,3.1876982900000006,2.0176772,6.965645500000001,0.40584761999999996,0.30419165800000003,12.365545899999999,36.949507,12.846950979999999,37.393457818,0.18404828999999992,0.38266985950000015,0.3458388500000001,0.17930369740000002,0.2881186500000001,0.1565312035999999,0.18456051599999998,0.08946233674000004,0.0,0.0,0.0,0.0,0.0,0.0,0.0,0.0,0.0,0.0,0.8185180160000002,0.42529723773999994,0.0,0.0,1.002566306,0.8079670972400002,0.37731219999999993,0.1815607771,19.497645099999996,10.59820503,17.224383100000004,6.988761139999998,7.5826056999999984,3.442952259999999,0.0,0.0,0.0,0.0,0.0,0.0,0.0,0.0,0.0,0.0,44.3046339,21.02991843,0.0,0.0,44.6819461,21.2114792071
-0.6611588200000003,66.97,47.11,0.0042388999999999994,0.00407164,0.010478500000000002,0.006024734,0.0183935,0.00113388,0.0087656,0.0012719199999999997,0.0,0.0,0.0,0.0,0.0,0.0,0.0,0.0,0.0,0.0,0.0376376,0.008430534,0.0,0.0,0.041876500000000004,0.012502174,0.05776409999999998,0.10312414000000003,0.12856429999999996,0.08510457199999999,0.11052053000000003,0.07893200800000001,0.12124530000000001,0.039316146999999996,2.204134,6.0650748000000005,4.1814789999999995,1.72880023,0.25508709999999996,8.0591738,3.893292999999999,2.47986272,2.2804847999999995,4.949747960000001,0.36033013,0.203352727,12.814477899999998,23.282659510000002,13.232572129999998,23.589136377000003,0.13880498,0.22738355,0.29922329000000003,0.1203869184,0.27423273000000015,0.11565220169999998,0.14337632299999997,0.09122483779000001,0.0,0.0,0.0,0.0,0.0,0.0,0.0,0.0,0.0,0.0,0.7168323430000001,0.32726395789,0.0,0.0,0.8556373230000002,0.55464750789,0.3295098300000001,0.11396849600000004,17.3381404,7.571674908999999,16.715913099999998,5.433802857,5.355221499999996,3.071587869,0.0,0.0,0.0,0.0,0.0,0.0,0.0,0.0,0.0,0.0,39.409274999999994,16.077065634999997,0.0,0.0,39.73878482999999,16.191034131
-0.55015882,63.89,30.94,0.00637223,0.00498627,0.0127339,0.01505147,0.0094906,0.0007633300000000001,0.0092052,0.0014145030000000001,0.0,0.0,0.0,0.0,0.0,0.0,0.0,0.0,0.0,0.0,0.0314297,0.017229303,0.0,0.0,0.03780193,0.022215573000000002,0.05242949999999999,0.06880144700000003,0.12613414,0.038646035999999995,0.11863225999999999,0.035882701,0.11264324,0.024266280000000008,2.581341,2.379964780000001,4.6869164,1.0537222780000002,0.13070391999999997,2.3478306989999997,4.176832000000001,1.1016665200000002,2.6754959999999994,2.70693907,0.35740964,0.09879501700000001,14.251289320000001,9.590123347,14.66112846,9.757719811000001,0.10903066400000003,0.09322162091000002,0.2868188349999999,0.09548361899999996,0.2658966919999999,0.06929902701000003,0.10689311700000004,0.12530096810999997,0.0,0.0,0.0,0.0,0.0,0.0,0.0,0.0,0.0,0.0,0.6596086439999997,0.29008361411999994,0.0,0.0,0.7686393079999998,0.38330523502999997,0.33767722999999994,0.06347786520000001,16.781015999999997,6.582181111000001,16.420268359999998,4.81969193,3.3607071999999993,3.1694160329999996,0.0,0.0,0.0,0.0,0.0,0.0,0.0,0.0,0.0,0.0,36.561991559999996,14.571289074000001,0.0,0.0,36.89966878999999,14.6347669392
-0.4401588200000002,64.26,30.19,0.00918829,0.00994695,0.0159304,0.031008497,0.0075019,0.005621483,0.010290999999999998,0.00350099,0.0,0.0,0.0,0.0,0.0,0.0,0.0,0.0,0.0,0.0,0.0337233,0.04013097,0.0,0.0,0.04291159,0.05007792,0.05901110999999999,0.051723209999999985,0.1284864,0.015010366999999998,0.14709214999999998,0.018987828899999996,0.093927376,0.016467226000000005,3.129539700000001,0.3275288699999999,4.609736,0.37964206900000014,0.073800213,0.6141970360000001,4.678778200000002,0.23230224,2.5661020000000003,0.76514421,0.369505926,0.0504654219,15.057956113000003,2.3188144250000002,15.486473149000004,2.4210030569,0.09068054900000001,0.0580019559,0.29456947,0.14426370993999993,0.25580370089999993,0.061054561,0.10805075689999996,0.16960250599,0.0,0.0,0.0,0.0,0.0,0.0,0.0,0.0,0.0,0.0,0.6584239277999999,0.3749207769299999,0.0,0.0,0.7491044767999999,0.43292273282999993,0.3537777300000002,0.06075150800000002,17.117243500000004,9.695589204000001,16.1409496,5.6731321900000005,3.168766500000001,3.887153856,0.0,0.0,0.0,0.0,0.0,0.0,0.0,0.0,0.0,0.0,36.4269596,19.255875250000003,0.0,0.0,36.78073733000001,19.316626758
-0.33015881999999985,60.77,29.58,0.011007599999999998,0.012626595,0.019229400000000004,0.029076860000000003,0.007245,0.011139768100000001,0.009718,0.004869905399999999,0.0,0.0,0.0,0.0,0.0,0.0,0.0,0.0,0.0,0.0,0.0361924,0.045086533500000005,0.0,0.0,0.0472,0.0577131285,0.0597804,0.03744199900000001,0.13278090000000004,0.010536814999999998,0.16839256,0.016552544,0.06647419999999998,0.013650945000000001,2.994338,-0.06705064499999999,4.206722000000001,0.09243150999999998,0.05275512000000001,0.3290666201000001,4.446395000000001,0.03440602599999998,2.1329646,-0.002802210000000001,0.36764766000000004,0.040740304,13.833174720000002,0.3860513011000001,14.260602780000001,0.4642336041000001,0.073103437,0.061679497929999966,0.265344453,0.16267093440000002,0.24088769499999999,0.07046160128,0.12736495000000003,0.15958270647999998,0.0,0.0,0.0,0.0,0.0,0.0,0.0,0.0,0.0,0.0,0.633597098,0.39271524216,0.0,0.0,0.706700535,0.45439474008999997,0.31673160000000006,0.0650314021,15.339480800000008,10.631422182000001,15.379359199999998,5.993327717,4.0458836,3.6885503380000007,0.0,0.0,0.0,0.0,0.0,0.0,0.0,0.0,0.0,0.0,34.7647236,20.313300237,0.0,0.0,35.08145520000001,20.3783316391
-0.2191588200000001,64.23,20.11,0.014790799999999998,0.008549865000000002,0.02227766,0.0110490101,0.0105814,0.010637776,0.0092002,0.0032342226699999996,0.0,0.0,0.0,0.0,0.0,0.0,0.0,0.0,0.0,0.0,0.04205926,0.02492100877,0.0,0.0,0.05685006,0.03347087377,0.0564252,0.019648566599999997,0.17086859999999998,0.008218993522000001,0.19109530000000002,0.011609351300000001,0.056040899999999984,0.009120329999999996,2.4234709999999997,-0.013358647999999994,4.526383900000001,0.04002272000000001,0.04863085999999999,0.10001355300000002,4.160493,0.046366767,2.1005384999999994,-0.040929719999999996,0.4180048,0.028948674821999996,13.259517259999999,0.13211467200000004,13.733947259999999,0.18071191342200005,0.07671275799999998,0.04231244001999999,0.25623749669,0.11308600621000005,0.2637649860000001,0.06158870069999999,0.17424556500000013,0.09706152864999998,0.0,0.0,0.0,0.0,0.0,0.0,0.0,0.0,0.0,0.0,0.6942480476900003,0.27173623556000004,0.0,0.0,0.7709608056900003,0.31404867558,0.31109260000000016,0.053463706,15.228277219999997,7.1981865769999995,16.534019890000003,4.399005851900001,5.784815800000001,2.3911343589,0.0,0.0,0.0,0.0,0.0,0.0,0.0,0.0,0.0,0.0,37.54711291,13.9883267878,0.0,0.0,37.858205510000005,14.0417904938
-0.10915882000000021,73.16,16.24,0.018389000000000003,0.004043626,0.0187405,0.0009170557999999998,0.01640494,0.006486144,0.009439930000000001,0.0011322573,0.0,0.0,0.0,0.0,0.0,0.0,0.0,0.0,0.0,0.0,0.04458537,0.0085354571,0.0,0.0,0.06297437,0.0125790831,0.05370420999999999,0.012891057459999997,0.19475723300000003,0.005945954999999999,0.1852909100000001,0.010301916,0.05970544999999999,0.007519039200000001,2.009838616,0.026840918600000006,5.061690600000001,0.0464700567,0.05313878999999999,-0.00014602399999999992,4.220617499999999,0.07899838402000002,2.2094310000000004,0.018061816000000005,0.4397535930000001,0.023766910199999998,13.554716506,0.17022515132000002,14.048174309,0.20688311898000003,0.10153166699999995,0.02112985913,0.302458165,0.10727231353999996,0.29296235299999995,0.05337619746999998,0.22325565869999994,0.062666038811,0.0,0.0,0.0,0.0,0.0,0.0,0.0,0.0,0.0,0.0,0.8186761766999999,0.22331454982099994,0.0,0.0,0.9202078436999999,0.24444440895099992,0.3634152199999999,0.06333635159999998,18.547813699999995,6.2055667809,17.910318289999996,3.264244328,7.219615130000002,1.8834228536999995,0.0,0.0,0.0,0.0,0.0,0.0,0.0,0.0,0.0,0.0,43.67774711999999,11.3532339626,0.0,0.0,44.04116233999999,11.4165703142
0.000841180000000108,61.0,16.79,0.0140066,0.002185638,0.00937393,-3.9306100000000054e-05,0.01473643,0.0030184933,0.006960973999999998,0.000351952,0.0,0.0,0.0,0.0,0.0,0.0,0.0,0.0,0.0,0.0,0.031071334,0.0033311391999999995,0.0,0.0,0.045077934,0.0055167772,0.038491151,0.013308300426000001,0.13678677870000003,0.004429870799999999,0.11516313899999998,0.011972965999999998,0.04809040999999999,0.008184802599999999,1.3598525400000003,0.03642135900000001,4.1131931999999995,0.05958491619999999,0.04570199400000001,0.012461689799999998,3.2348022700000003,0.09245068870000002,1.7460354,0.044107578000000015,0.3000403277,0.024587639399999996,10.499585404,0.24502623170000004,10.8381168827,0.282922171526,0.09358617499999997,0.011847372880000002,0.28757131300000005,0.13035554720299997,0.22676214790000007,0.04618528593999999,0.18516324490000002,0.053745109511000005,0.0,0.0,0.0,0.0,0.0,0.0,0.0,0.0,0.0,0.0,0.6994967058000001,0.23028594265399996,0.0,0.0,0.7930828808000001,0.24213331553399997,0.32540156,0.0758621545,17.54675637,7.149280438400001,13.66613514,2.7489216721000007,5.731454727000002,1.84811951101,0.0,0.0,0.0,0.0,0.0,0.0,0.0,0.0,0.0,0.0,36.944346237000005,11.74632162151,0.0,0.0,37.269747797,11.822183776010002
0.11084117999999998,27.08,9.657,0.004848045,0.0007771169999999999,0.00206623897,0.0001012893,0.005845886000000001,0.0005863980000000001,0.0024068189,7.73316e-05,0.0,0.0,0.0,0.0,0.0,0.0,0.0,0.0,0.0,0.0,0.010318943870000001,0.0007650189000000001,0.0,0.0,0.01516698887,0.0015421359000000001,0.014408178,0.007759160200000003,0.047730727,0.0018085127000000006,0.035938585,0.007521401700000002,0.020360586,0.004946102850000001,0.5140836677,0.018923572000000007,1.8286698019999998,0.037284090000000006,0.0218579665,0.014035472399999999,1.3339060800000002,0.05119435279999999,0.78066777,0.030242613,0.10402989800000001,0.014276017250000004,4.4791852862,0.1516801002,4.5976233622,0.17371527765,0.041892599759999996,0.003998885477,0.15000846290000003,0.08275100447200001,0.09058026865,0.02222583161,0.0752710833,0.026801070002999992,0.0,0.0,0.0,0.0,0.0,0.0,0.0,0.0,0.0,0.0,0.31585981485000003,0.131777906085,0.0,0.0,0.35775241461,0.135776791562,0.15797085600000005,0.045299385681,8.910944738000001,4.444658535,5.422388451000001,1.3319864143000002,2.2279991949999993,0.9991187455700001,0.0,0.0,0.0,0.0,0.0,0.0,0.0,0.0,0.0,0.0,16.561332384,6.775763694870001,0.0,0.0,16.719303240000002,6.821063080551
0.22184117999999975,2.441,1.469,-0.00010462000000000001,-3.7554800000000015e-05,-0.000378142,-4.176652999999999e-05,0.00011468299999999997,-0.00023428539999999996,-7.4194e-05,-3.2292179e-05,0.0,0.0,0.0,0.0,0.0,0.0,0.0,0.0,0.0,0.0,-0.00033765300000000004,-0.00030834410899999994,0.0,0.0,-0.000442273,-0.000345898909,0.0003732736,0.0011667636800000002,0.0007374974899999997,3.617995000000001e-05,-0.000634538800000002,0.00136792301,0.0014622162999999998,0.00083803502,0.023147489999999996,0.0016845607800000002,0.17704767199999996,0.006459658449999997,0.0026256460000000006,0.0022460859599999997,0.09693545199999998,0.006857816,0.07995613000000001,0.005766424479999999,0.0015651749899999975,0.00224213798,0.37971238999999996,0.023014545669999997,0.38165083858999993,0.026423447329999995,0.003056196519999998,-0.000326264144,0.021569957200000003,0.015070945342,0.0046327938999999995,0.0021856639256999997,0.0035385593000000003,0.0026687420074000003,0.0,0.0,0.0,0.0,0.0,0.0,0.0,0.0,0.0,0.0,0.029741310400000002,0.0199253512751,0.0,0.0,0.032797506920000004,0.0195990871311,0.019237494000000004,0.007360661330699999,1.1860342710000003,0.781148370955,0.2679433360000002,0.1288459194,0.07746695599999998,0.131572271409,0.0,0.0,0.0,0.0,0.0,0.0,0.0,0.0,0.0,0.0,1.5314445630000004,1.041566561764,0.0,0.0,1.5506820570000004,1.0489272230947
0.33184118000000007,-2.557,-0.7772,-0.000574574,-0.00011160779999999999,-0.000368508,-4.726501e-05,-0.000620122,-0.00013692269999999998,-0.0002960144,-2.3372140000000002e-05,0.0,0.0,0.0,0.0,0.0,0.0,0.0,0.0,0.0,0.0,-0.0012846443999999999,-0.00020755984999999997,0.0,0.0,-0.0018592183999999999,-0.00031916765,-0.0016170867,-0.0006399233000000001,-0.0054045419,-0.00020746200000000003,-0.0045271758,-0.0005503458499999999,-0.002029906,-0.00037838902,-0.05675069799999999,-0.0018621609999999998,-0.17164788,-0.0028446234,-0.0019289143999999998,-0.0015633487000000007,-0.13309114,-0.0042493750000000005,-0.07320201,-0.0022396632,-0.0119616237,-0.00113619687,-0.4366206424,-0.0127591713,-0.4501993528,-0.014535291470000001,-0.004027176439999999,-0.0006026067749999999,-0.012225668639999996,-0.006005174877999999,-0.00942855086,-0.0020610335990000005,-0.007729052380000003,-0.002540303221199999,0.0,0.0,0.0,0.0,0.0,0.0,0.0,0.0,0.0,0.0,-0.02938327188,-0.010606511698199999,0.0,0.0,-0.03341044832,-0.011209118473199999,-0.013732738400000005,-0.003444698790000001,-0.7445076400000004,-0.33117020694,-0.5692855979999997,-0.12584435740000002,-0.23609583799999995,-0.08500630918000002,0.0,0.0,0.0,0.0,0.0,0.0,0.0,0.0,0.0,0.0,-1.549889076,-0.5420208735200001,0.0,0.0,-1.5636218144,-0.54546557231
0.44184117999999994,-0.9985,-0.3568,-0.00016657429999999997,-3.273415e-05,-9.66351e-05,-1.3276920000000001e-05,-0.00019141919999999998,-2.5337120000000003e-05,-8.394560000000001e-05,-5.303010000000001e-06,0.0,0.0,0.0,0.0,0.0,0.0,0.0,0.0,0.0,0.0,-0.0003719999,-4.391705e-05,0.0,0.0,-0.0005385742,-7.665120000000001e-05,-0.0005419587999999999,-0.00029223125,-0.0018123381599999997,-6.678581499999999e-05,-0.0014640769999999996,-0.00028137836000000007,-0.0007569927999999998,-0.00018488530699999997,-0.020602864,-0.0007042103299999997,-0.068704804,-0.00140781642,-0.0008284851100000001,-0.00071024002,-0.050753317000000006,-0.0018218130699999998,-0.029895681,-0.0011802197600000001,-0.004033407959999999,-0.000533049482,-0.17078515111,-0.005824299599999999,-0.17536051787,-0.006649580332,-0.0014503497700000005,-0.00016538715999999998,-0.0055914458100000015,-0.0030484018419999993,-0.0033280642999999983,-0.0008100633590000004,-0.0026398271170000004,-0.0009983357295,0.0,0.0,0.0,0.0,0.0,0.0,0.0,0.0,0.0,0.0,-0.011559337227,-0.0048568009305,0.0,0.0,-0.013009686997000001,-0.005022188090499999,-0.0058729965,-0.0016265842769999986,-0.3285517381,-0.16434249143000007,-0.20033236409999994,-0.049241746229999994,-0.07901842360000001,-0.03667512041,0.0,0.0,0.0,0.0,0.0,0.0,0.0,0.0,0.0,0.0,-0.6079025257999999,-0.25025935807000005,0.0,0.0,-0.6137755223,-0.25188594234700007
0.5528411800000002,-0.1519,-0.0571,-2.14128e-05,-4.353762e-06,-1.2345329999999999e-05,-1.753025e-06,-2.5269150000000002e-05,-2.243364e-06,-1.0595850000000001e-05,-5.92798e-07,0.0,0.0,0.0,0.0,0.0,0.0,0.0,0.0,0.0,0.0,-4.8210330000000004e-05,-4.5891869999999995e-06,0.0,0.0,-6.962313e-05,-8.942949e-06,-7.682931e-05,-4.682239299999999e-05,-0.000260974085,-9.237866e-06,-0.00020849343999999995,-4.6751761999999984e-05,-0.00011297365,-3.0294198800000003e-05,-0.0030980019,-0.00010452047000000003,-0.010556814400000001,-0.00023197030000000006,-0.00013177307000000003,-0.000115577277,-0.0077422871,-0.00028222049700000015,-0.0046405408,-0.00019913668599999998,-0.0005824411749999999,-8.628382679999999e-05,-0.026169417270000002,-0.0009334252300000003,-0.026828687755,-0.0010665314498,-0.00020914730099999993,-2.1074040599999994e-05,-0.0009043598160000001,-0.00050220486988,-0.000483101186,-0.0001229472196,-0.00037369659299999993,-0.00015139278817999998,0.0,0.0,0.0,0.0,0.0,0.0,0.0,0.0,0.0,0.0,-0.001761157595,-0.0007765448776599999,0.0,0.0,-0.001970304896,-0.00079761891826,-0.0009253210099999999,-0.00026083935850000005,-0.052427625590000006,-0.026915269178000002,-0.029035884889999985,-0.007463048068999998,-0.011118844900000003,-0.005752948767,0.0,0.0,0.0,0.0,0.0,0.0,0.0,0.0,0.0,0.0,-0.09258235538,-0.040131266014,0.0,0.0,-0.09350767638999999,-0.0403921053725
0.66284118,-0.01134,-0.004351,-1.4172049999999999e-06,-3.000082e-07,-8.35646e-07,-1.2101079999999999e-07,-1.7012390000000001e-06,-1.063543e-07,-6.91331e-07,-3.601593e-08,0.0,0.0,0.0,0.0,0.0,0.0,0.0,0.0,0.0,0.0,-3.2282160000000003e-06,-2.6338103e-07,0.0,0.0,-4.645421e-06,-5.6338923e-07,-5.474837000000001e-06,-3.5755753000000003e-06,-1.89353922e-05,-6.497661799999997e-07,-1.4998179299999999e-05,-3.639410199999999e-06,-8.337614e-06,-2.34094278e-06,-0.00023162764900000005,-7.6411692e-06,-0.0007902891500000001,-1.79965724e-05,-1.0133570099999997e-05,-8.970376199999999e-06,-0.0005824982,-2.1036969099999992e-05,-0.00034960992699999995,-1.5690494999999995e-05,-4.22711855e-05,-6.630119159999999e-06,-0.0019641584961,-7.133558189999998e-05,-0.0020119045186000003,-8.154127635999999e-05,-1.4998544699999995e-05,-1.4134072099999994e-06,-7.005100089999999e-05,-3.8790487831e-05,-3.496590067e-05,-9.127056662999999e-06,-2.6561580319999986e-05,-1.1226996542e-05,0.0,0.0,0.0,0.0,0.0,0.0,0.0,0.0,0.0,0.0,-0.00013157848188999997,-5.9144541036e-05,0.0,0.0,-0.00014657702658999998,-6.0557948246e-05,-7.0389536e-05,-1.981866245e-05,-0.004030834677000001,-0.0020732533913000012,-0.002098952254999999,-0.00055382422754,-0.000787850417,-0.00043417812959999996,0.0,0.0,0.0,0.0,0.0,0.0,0.0,0.0,0.0,0.0,-0.006917637349,-0.003061255748440001,0.0,0.0,-0.006988026885,-0.0030810744108900013
0.7728411799999999,-0.000441,-0.0001741,-5.037760000000001e-08,-1.513962e-08,-3.060091e-08,-4.8063609999999994e-09,-6.12829e-08,-3.970920000000001e-09,-2.4363230000000002e-08,-1.931552e-09,0.0,0.0,0.0,0.0,0.0,0.0,0.0,0.0,0.0,0.0,-1.1624704000000001e-07,-1.0708833e-08,0.0,0.0,-1.6662464000000002e-07,-2.5848453e-08,-2.0555692e-07,-1.4553885799999998e-07,-7.227340900000005e-07,-3.2643987000000003e-08,-5.6698795e-07,-1.4678997400000002e-07,-3.2160302999999995e-07,-9.897461e-08,-9.045456300000001e-06,-1.3552472299999995e-06,-3.0652998e-05,-8.4109784e-07,-4.025240599999999e-07,-1.1518032600000003e-06,-2.28152165e-05,-8.9261623e-07,-1.36251853e-05,-1.990579230000001e-06,-1.6113250700000005e-06,-2.78408571e-07,-7.654138016000001e-05,-6.2313437900000015e-06,-7.835826215e-05,-6.655291219000001e-06,-5.660135380000002e-07,-6.608690039999998e-08,-2.793190429e-06,-1.5269316809000008e-06,-1.3283913760000003e-06,-3.552995463e-07,-9.973720210000007e-07,-4.35938453e-07,0.0,0.0,0.0,0.0,0.0,0.0,0.0,0.0,0.0,0.0,-5.118953826000001e-06,-2.318169680200001e-06,0.0,0.0,-5.684967364000001e-06,-2.3842565806000007e-06,-2.76479776e-06,-7.965223464e-07,-0.00016002139100000003,-8.145518362999998e-05,-7.967490416999999e-05,-2.1505929060000002e-05,-2.949315180999999e-05,-1.6994083470000006e-05,0.0,0.0,0.0,0.0,0.0,0.0,0.0,0.0,0.0,0.0,-0.00026918944698,-0.00011995519615999999,0.0,0.0,-0.00027195424474,-0.00012075171850639999
0.8838411800000001,-9.133e-06,-0.0002306,-9.757910000000001e-10,-2.0767256999999998e-07,-6.094967999999998e-10,-1.662853e-08,-1.2004030000000002e-09,-5.5680250000000007e-08,-4.707755999999999e-10,-3.546576e-08,0.0,0.0,0.0,0.0,0.0,0.0,0.0,0.0,0.0,0.0,-2.2806754e-09,-1.0777454e-07,0.0,0.0,-3.2564664e-09,-3.1544711e-07,-4.1395393e-09,-3.0015319999999996e-07,-1.47602298e-08,-4.17943423e-07,-1.1455790800000001e-08,-1.5444226e-07,-6.623269e-09,-3.4213567e-07,-1.8808116499999997e-07,-5.685666430000001e-05,-6.311685699999999e-07,-6.560586499999999e-06,-8.4695249e-09,-3.906955353e-05,-4.7531578199999994e-07,-4.8625743700000015e-06,-2.8149016299999997e-07,-6.686636440000002e-05,-3.28392896e-08,-9.145213529999999e-07,-1.5845252048999998e-06,-0.00017421574310000004,-1.6215040337999997e-06,-0.00017543041765300004,-1.1471599389999995e-08,-7.63850961e-07,-5.894309017e-08,-2.5212840899999997e-07,-2.700535881000001e-08,-2.2743863410000002e-07,-2.0151187149999986e-08,-2.411696314e-07,0.0,0.0,0.0,0.0,0.0,0.0,0.0,0.0,0.0,0.0,-1.0609963612999999e-07,-7.207366744999999e-07,0.0,0.0,-1.1757123551999999e-07,-1.4845876355e-06,-5.756360409999998e-08,-1.3676036049999999e-06,-3.3681473419999996e-06,-1.0878177169999998e-05,-1.6192487809999997e-06,-1.09062279e-05,-5.936506390000002e-07,-8.081360379999998e-06,0.0,0.0,0.0,0.0,0.0,0.0,0.0,0.0,0.0,0.0,-5.581046762e-06,-2.9865765449999994e-05,0.0,0.0,-5.638610366099999e-06,-3.1233369055e-05
0.99384118,-1.018e-07,-0.006073,-1.0349919999999999e-11,-5.527277e-06,-6.609919999999999e-12,-4.3532199999999996e-07,-1.284382e-11,-1.4440654e-06,-5.005407e-12,-9.198202000000001e-07,0.0,0.0,0.0,0.0,0.0,0.0,0.0,0.0,0.0,0.0,-2.4459146999999998e-11,-2.7992076e-06,0.0,0.0,-3.4809067e-11,-8.3264846e-06,-4.5073190999999987e-11,-8.127054000000003e-06,-1.6258238200000001e-10,-1.0848997499999999e-05,-1.2475853300000002e-10,-4.183003000000001e-06,-7.352759000000001e-11,-8.905006800000003e-06,-2.10243149e-09,-0.001616009541,-6.976185499999999e-09,-0.00017358779399999997,-9.5496596e-11,-0.0010045182090000003,-5.31841264e-09,-0.000150892318,-3.12024284e-09,-0.0017269853490000007,-3.60868505e-10,-2.3937007300000002e-05,-1.7612769066e-08,-0.004671993211000001,-1.8018710762e-08,-0.004704057272300001,-1.259004651e-10,-2.0793941959999986e-05,-6.667301577e-10,-5.840622095e-06,-2.9639112980000005e-10,-5.801499493000002e-06,-2.206802994000001e-10,-6.1071546399999995e-06,0.0,0.0,0.0,0.0,0.0,0.0,0.0,0.0,0.0,0.0,-1.1838015869000003e-09,-1.7749276228000003e-05,0.0,0.0,-1.3097020520000003e-09,-3.854321818799999e-05,-6.4294366e-10,-3.54757709e-05,-3.804247079e-08,-0.0002445350546999999,-1.7770678540000002e-08,-0.00027344769519999996,-6.470769310000001e-09,-0.00020584847420000003,0.0,0.0,0.0,0.0,0.0,0.0,0.0,0.0,0.0,0.0,-6.228391864e-08,-0.0007238312240999999,0.0,0.0,-6.29268623e-08,-0.0007593069949999999
1.1038411799999999,-6.141e-10,-0.08441,-7.257100000000001e-14,-7.636786999999999e-05,-3.907524999999999e-14,-5.9545040000000004e-06,-7.523896000000001e-14,-1.9000080999999996e-05,-2.930024e-14,-1.2244402999999999e-05,0.0,0.0,0.0,0.0,0.0,0.0,0.0,0.0,0.0,0.0,-1.4361445e-13,-3.7198987999999995e-05,0.0,0.0,-2.1618545e-13,-0.00011356685799999999,-2.796355e-13,-0.00011618642000000004,-9.703255300000003e-13,-0.00014431650699999994,-7.360499399999999e-13,-6.1630492e-05,-4.421370599999999e-13,-0.00012052211799999997,-1.26981332e-11,-0.024019387660000002,-4.16501037e-11,-0.0024032963400000005,-5.807521600000001e-13,-0.01317951971,-3.2140178099999995e-11,-0.002552168659999999,-1.8669631000000002e-11,-0.023084362929999998,-2.14851253e-12,-0.00032646911699999993,-1.0573879816e-10,-0.0652387353,-1.0816694619e-10,-0.065681390837,-7.548100500000001e-13,-0.0002948623509999999,-4.069711695e-12,-8.033882039999993e-05,-1.7634215430000007e-12,-7.891932649999995e-05,-1.3192550399999997e-12,-8.237186100000002e-05,0.0,0.0,0.0,0.0,0.0,0.0,0.0,0.0,0.0,0.0,-7.1523882780000005e-12,-0.00024163000789999988,0.0,0.0,-7.907198328e-12,-0.0005364923588999998,-3.909655299999999e-12,-0.00047844042099999995,-2.319477529400001e-10,-0.0033680939529999996,-1.0573944040000003e-10,-0.0036703211900000004,-3.831813649000001e-11,-0.0028144661650000005,0.0,0.0,0.0,0.0,0.0,0.0,0.0,0.0,0.0,0.0,-3.760053298300001e-10,-0.009852881308000001,0.0,0.0,-3.7991498513000013e-10,-0.010331321729
1.2138411799999997,-9.169e-11,-0.5804,-3.9207350000000005e-12,-0.0005221627,-1.36164e-14,-4.061796000000001e-05,-2.5919799999999996e-14,-0.00011770056000000001,-8.99567e-15,-7.929194e-05,0.0,0.0,0.0,0.0,0.0,0.0,0.0,0.0,0.0,0.0,-4.8531869999999994e-14,-0.00023761046000000003,0.0,0.0,-3.9692668700000005e-12,-0.00075977316,-4.186192e-12,-0.0008300372999999999,-1.152986e-13,-0.0009179223500000002,-9.98781e-14,-0.0004699314199999998,-8.899172300000001e-14,-0.0007976539000000001,-8.636674999999998e-14,-0.1781974873,-1.7903407999999997e-13,-0.016709377299999998,-3.1780625000000006e-14,-0.0820322357,-1.6448681000000002e-13,-0.022712890700000005,-9.088586e-14,-0.1524417702,-3.04168423e-13,-0.00218550767,-5.52554125e-13,-0.4520937612,-5.042914548e-12,-0.45510930617,-1.2783593e-12,-0.0020737460900000005,-1.2765788299999997e-13,-0.0005483876240000003,-1.7078268699999998e-13,-0.0005244636994,-1.7521956999999997e-12,-0.00053590533,0.0,0.0,0.0,0.0,0.0,0.0,0.0,0.0,0.0,0.0,-2.0506362699999995e-12,-0.0016087566534000004,0.0,0.0,-3.3289955699999997e-12,-0.003682502743400001,-1.0126272999999997e-11,-0.0031223922799999988,-3.645328900000002e-12,-0.022869458460000002,-2.7072438999999995e-12,-0.023846870990000005,-1.1143297899999994e-12,-0.018589770779999997,0.0,0.0,0.0,0.0,0.0,0.0,0.0,0.0,0.0,0.0,-7.466902590000002e-12,-0.06530610023,0.0,0.0,-1.759317559e-11,-0.06842849251000001
1.32484118,-1.523e-08,-1.649,-6.662339999999999e-10,-0.0014881704,-2.30552e-12,-0.00011929743000000002,-4.38423e-12,-0.0002543490800000001,-1.51307e-12,-0.0002074014,0.0,0.0,0.0,0.0,0.0,0.0,0.0,0.0,0.0,0.0,-8.20282e-12,-0.0005810479100000001,0.0,0.0,-6.744368199999999e-10,-0.00206921831,-7.099240000000002e-10,-0.002513146,-1.9186049999999995e-11,-0.0021244903,-1.6634310000000005e-11,-0.0016469177,-1.48520518e-11,-0.0020848608,-7.648905000000004e-12,-0.5591363060000001,-7.613997100000004e-12,-0.05090035200000001,-5.0563598e-12,-0.17943691899999997,-1.0097084999999998e-11,-0.09515804700000001,-5.176219e-12,-0.42106585499999993,-5.06724118e-11,-0.0058562688,-3.559256590000001e-11,-1.305697479,-7.961889777000002e-10,-1.3140668938,-2.1677893999999993e-10,-0.0061052052300000015,-1.9393915e-11,-0.001557647526000001,-2.80511273e-11,-0.0013821778280000007,-2.968832500000002e-10,-0.0013255336400000003,0.0,0.0,0.0,0.0,0.0,0.0,0.0,0.0,0.0,0.0,-3.443282923000002e-10,-0.0042653589940000024,0.0,0.0,-5.611072323000001e-10,-0.010370564224000003,-1.7169284e-09,-0.00786617761,-4.915520500000001e-10,-0.06335313610000001,-4.0282307000000014e-10,-0.05958048209999998,-1.6849311700000007e-10,-0.047026590000000014,0.0,0.0,0.0,0.0,0.0,0.0,0.0,0.0,0.0,0.0,-1.0628682370000003e-09,-0.16996020820000002,0.0,0.0,-2.779796637e-09,-0.17782638581000001
1.4348411799999998,-1.383e-06,0.6112,-6.053320000000001e-08,0.0004777817399999999,-2.10746e-10,6.025490000000001e-06,-4.00378e-10,0.00042846436,-1.3748200000000002e-10,9.848191999999999e-05,0.0,0.0,0.0,0.0,0.0,0.0,0.0,0.0,0.0,0.0,-7.48606e-10,0.00053297177,0.0,0.0,-6.128180600000002e-08,0.00101075351,-6.436570999999999e-08,0.00036479559999999956,-1.7554939999999997e-09,0.00303368848,-1.5172960000000003e-09,-0.0007806983999999999,-1.3465436999999997e-09,0.0016184923599999994,-6.961753999999997e-10,0.07562764659999983,-6.9566109e-10,-0.007198999300000002,-4.573481700000002e-10,0.31078694300000004,-9.153866e-10,-0.08692073139999999,-4.699268000000001e-10,0.10008450740000004,-4.6193336999999995e-09,0.0038714824399999994,-3.23449806e-09,0.3923793662999999,-7.221954175999999e-08,0.3966156443399999,-1.9689838999999998e-08,0.00136682608,-1.7602729700000002e-09,0.0005196535442999997,-2.5482457099999986e-09,0.0009792609046999998,-2.6957752000000006e-08,0.0013476907899999998,0.0,0.0,0.0,0.0,0.0,0.0,0.0,0.0,0.0,0.0,-3.1266270680000006e-08,0.0028466052389999994,0.0,0.0,-5.0956109680000004e-08,0.004213431318999999,-1.558078099999999e-07,0.007002305639999998,-4.4867201e-08,0.03072079139000002,-3.6669711000000014e-08,0.056306054549999984,-1.5310513200000004e-08,0.04444693974,0.0,0.0,0.0,0.0,0.0,0.0,0.0,0.0,0.0,0.0,-9.684742520000002e-08,0.13147378568,0.0,0.0,-2.5265523519999995e-07,0.13847609132
1.54484118,-6.652e-05,15.23,-2.912884e-06,0.013799678999999999,-1.02092e-08,0.0010180142,-1.93715e-08,0.0030141358000000005,-6.614119999999999e-09,0.001913523,0.0,0.0,0.0,0.0,0.0,0.0,0.0,0.0,0.0,0.0,-3.6194819999999996e-08,0.005945673,0.0,0.0,-2.94907882e-06,0.019745352,-3.0897209999999998e-06,0.021957411500000006,-8.512567000000001e-08,0.0244060298,-7.332163999999998e-08,0.012366129400000004,-6.464626059999998e-08,0.021260342699999994,-3.356317199999999e-08,5.0189345219999995,-3.36809e-08,0.39666861600000003,-2.1896106e-08,2.1921388306000007,-4.393701199999999e-08,0.647149447,-2.2592228999999995e-08,3.62012225,-2.2309357059999997e-07,0.0580325019,-1.5566941899999997e-07,11.875013665600001,-3.4684839895999998e-06,11.955003579,-9.4709691e-07,0.054292887709999994,-8.460020800000002e-08,0.014250938906000002,-1.2257243300000006e-07,0.013740180833999992,-1.2961908199999993e-06,0.013961988670000003,0.0,0.0,0.0,0.0,0.0,0.0,0.0,0.0,0.0,0.0,-1.5033634609999994e-06,0.041953108409999995,0.0,0.0,-2.450460370999999e-06,0.09624599612,-7.487378999999998e-06,0.0803641097,-2.1695635999999988e-06,0.6022036959999999,-1.7681534999999993e-06,0.6190134104,-7.367957300000002e-07,0.4885845632,0.0,0.0,0.0,0.0,0.0,0.0,0.0,0.0,0.0,0.0,-4.674512829999998e-06,1.7098016696,0.0,0.0,-1.2161891829999996e-05,1.7901657792999999
1.65584118,-0.001664,41.5,-7.292210000000001e-05,0.038345348,-2.57666e-07,0.0031719649999999997,-4.881189999999999e-07,0.006280025999999999,-1.65586e-07,0.005534577,0.0,0.0,0.0,0.0,0.0,0.0,0.0,0.0,0.0,0.0,-9.113709999999999e-07,0.014986567999999999,0.0,0.0,-7.383347100000001e-05,0.053331916,-7.715210000000003e-05,0.06236453999999999,-2.1491249999999995e-06,0.05108102799999999,-1.8449880000000002e-06,0.04212681699999999,-1.6140455700000003e-06,0.052156109999999985,-8.420854e-07,13.81673076,-8.4899353e-07,1.3165405000000003,-5.450642900000001e-07,4.39258641,-1.0970626000000001e-06,2.3740452000000003,-5.651346999999998e-07,11.02456546,-5.60815857e-06,0.14536395499999996,-3.89834052e-06,32.92446833,-8.665859909000003e-05,33.132196825,-2.3701292e-05,0.15420033680000003,-2.1153147400000013e-06,0.03934916010000001,-3.0674647299999996e-06,0.034502519389999986,-3.2426192999999985e-05,0.0327908293,0.0,0.0,0.0,0.0,0.0,0.0,0.0,0.0,0.0,0.0,-3.7608972469999984e-05,0.10664250878999999,0.0,0.0,-6.131026446999998e-05,0.26084284559000004,-0.00018716734,0.19476663399999997,-5.461869200000001e-05,1.58707231,-4.4380653000000005e-05,1.483066365,-1.84506929e-05,1.1577937170000001,0.0,0.0,0.0,0.0,0.0,0.0,0.0,0.0,0.0,0.0,-0.00011745003790000001,4.227932392,0.0,0.0,-0.0003046173779,4.422699026
1.76584118,-0.02087,58.89,-0.000915261,0.05187053999999999,-3.27146e-06,0.004846336999999999,-6.17746e-06,0.007552709,-2.0776999999999996e-06,0.008570189999999998,0.0,0.0,0.0,0.0,0.0,0.0,0.0,0.0,0.0,0.0,-1.152662e-05,0.020969236,0.0,0.0,-0.00092678762,0.072839776,-0.000965419,0.09038288000000001,-2.7243560000000005e-05,0.058097127999999984,-2.3323309999999998e-05,0.06620038,-2.0194572100000007e-05,0.06744960000000003,-1.0597441e-05,18.2184111,-1.0744801e-05,2.21935697,-6.7939617e-06,4.786921229999999,-1.3731799000000004e-05,3.5024980999999986,-7.091904e-06,18.457128599999997,-7.076144210000001e-05,0.191747108,-4.89599067e-05,47.184315999999995,-0.0010851403488,47.466445988,-0.00029739560999999994,0.22445740300000006,-2.6522828000000006e-05,0.05627690039999996,-3.8484399299999986e-05,0.04654077020000001,-0.00040674578000000016,0.0422288913,0.0,0.0,0.0,0.0,0.0,0.0,0.0,0.0,0.0,0.0,-0.00047175300730000017,0.14504656189999998,0.0,0.0,-0.0007691486173000001,0.36950396490000004,-0.0023452925000000003,0.25688153900000005,-0.0006899122000000002,2.1716542940000005,-0.0005592222599999997,1.9645402800000007,-0.00023178587900000004,1.5034383019999993,0.0,0.0,0.0,0.0,0.0,0.0,0.0,0.0,0.0,0.0,-0.0014809203389999999,5.639632876,0.0,0.0,-0.0038262128390000004,5.896514415
1.8758411799999999,-0.1191,48.21,-0.005221873,0.03414243000000001,-1.91552e-05,0.003937476,-3.5806600000000004e-05,0.005723921999999999,-1.1836800000000002e-05,0.0072954640000000015,0.0,0.0,0.0,0.0,0.0,0.0,0.0,0.0,0.0,0.0,-6.679860000000001e-05,0.016956862,0.0,0.0,-0.0052886716,0.05109929200000001,-0.005485552,0.07598798999999996,-0.0001575844,0.043553305000000014,-0.00013511500000000002,0.058714410000000015,-0.00011463587099999999,0.050536819999999996,-6.0701550000000005e-05,12.915473260000002,-6.206076999999996e-05,2.1406815999999997,-3.8338435999999984e-05,3.0043680800000003,-7.817017999999999e-05,2.94878794,-4.0574489999999995e-05,17.799904600000012,-0.000407335271,0.15280453500000002,-0.00027984542599999995,38.80921548000001,-0.0061727326970000005,39.038008005000016,-0.0016968545999999994,0.18169680850000003,-0.00015128646499999995,0.04754993560000002,-0.00021941337900000004,0.03729289914099999,-0.0023207136000000005,0.03182186829999999,0.0,0.0,0.0,0.0,0.0,0.0,0.0,0.0,0.0,0.0,-0.0026914134440000005,0.116664703041,0.0,0.0,-0.004388268044,0.29836151154100005,-0.013350702000000002,0.20371458363,-0.003971175199999999,1.7506901030000006,-0.0032209866000000014,1.5782401099999992,-0.00132696621,1.152987204,0.0,0.0,0.0,0.0,0.0,0.0,0.0,0.0,0.0,0.0,-0.00851912801,4.481917417,0.0,0.0,-0.021869830010000004,4.68563200063
1.98584118,-0.1918,23.99,-0.00837777,0.01377163,-3.57028e-05,0.0021214199999999997,-6.23367e-05,0.0036929600000000003,-1.87461e-05,0.003805348,0.0,0.0,0.0,0.0,0.0,0.0,0.0,0.0,0.0,0.0,-0.0001167856,0.009619728000000001,0.0,0.0,-0.0084945556,0.023391358,-0.00868232,0.0399616,-0.00026432790000000005,0.03877424077000001,-0.00023683760000000006,0.03499969,-0.0001798511529999999,0.024944332000000003,-9.881952999999997e-05,4.6489502940000005,-0.00010425507,1.49469223,-5.857737000000001e-05,0.9862254029999998,-0.00012612347,2.97929015,-6.728554999999997e-05,8.60099631,-0.000681016653,0.09871826277000001,-0.00045506098999999997,18.710154387,-0.009818397643,18.84883424977,-0.0027323829,0.07854509102000001,-0.000245079226,0.03059357327,-0.000350787903,0.020935084025000005,-0.0037506417999999993,0.01788276826,0.0,0.0,0.0,0.0,0.0,0.0,0.0,0.0,0.0,0.0,-0.004346508928999999,0.069411425555,0.0,0.0,-0.007078891828999999,0.14795651657500003,-0.021270204999999993,0.16370290313999994,-0.006554353000000002,1.1229872911000003,-0.005494304999999999,0.9221094280000001,-0.0021922116599999986,0.58034556,0.0,0.0,0.0,0.0,0.0,0.0,0.0,0.0,0.0,0.0,-0.014240869659999999,2.6254422791000005,0.0,0.0,-0.035511074659999996,2.7891451822400004
2.09684118,0.6868,15.43,0.030458940000000004,0.04801297,7.962199999999999e-05,0.002071338,0.00017911120000000001,0.003802766,7.0801e-05,0.0024481950000000002,0.0,0.0,0.0,0.0,0.0,0.0,0.0,0.0,0.0,0.0,0.0003295342,0.008322299,0.0,0.0,0.030788474200000002,0.056335269,0.03248882,0.036994648,0.0008726594999999998,0.057706240000000006,0.00065874195,0.028357415,0.0006910060059999998,0.0205204772,0.00034743360999999997,1.3571334900000005,0.0003399928,1.6700206240000004,0.00023900598999999993,0.5743566526999999,0.00044354602200000014,5.163730342599998,0.0002196106600000001,1.439287608,0.0022224074559999995,0.10658413220000001,0.001589589082,10.204528717299999,0.036300816538,10.3481074975,0.009812186000000002,0.04125858257,0.00086055386,0.03158990942,0.001288663581999999,0.019245055700000003,0.013296863199999995,0.027047545700000005,0.0,0.0,0.0,0.0,0.0,0.0,0.0,0.0,0.0,0.0,0.015446080641999994,0.07788251082,0.0,0.0,0.025258266641999996,0.11914109339000001,0.07849785999999999,0.297767097,0.022448125700000016,1.24488208,0.016601104399999993,0.8965268629999997,0.00728337558,0.48144633179999996,0.0,0.0,0.0,0.0,0.0,0.0,0.0,0.0,0.0,0.0,0.04633260568000001,2.6228552747999996,0.0,0.0,0.12483046568,2.9206223717999995
2.2068411799999996,2.956,20.97,0.1304916,0.1422833,0.00041659,0.00280813,0.0008391340000000001,0.003673458999999999,0.000298229,0.0021079600000000003,0.0,0.0,0.0,0.0,0.0,0.0,0.0,0.0,0.0,0.0,0.001553953,0.008589548999999998,0.0,0.0,0.132045553,0.150872849,0.1377625,0.08702150000000004,0.003873031000000001,0.06727684999999999,0.0031245910000000003,0.035303746,0.00290526452,0.027353241999999996,0.0015060089300000003,1.95135898,0.0015180045,2.5619778199999987,0.0009835835,0.9961459800000001,0.0019125479,6.911720100000001,0.0009758231997728996,0.7450168400000002,0.009902886520000001,0.12993383799999997,0.0068959680297729,13.16621972,0.1545613545497729,13.383175058,0.04220629200000002,0.07140904109999997,0.00372892871,0.040085738900000015,0.005502185189999998,0.025954835199999998,0.057415816,0.05799177999999997,0.0,0.0,0.0,0.0,0.0,0.0,0.0,0.0,0.0,0.0,0.0666469299,0.12403235409999999,0.0,0.0,0.10885322190000002,0.19544139519999995,0.33451130999999984,0.5151604700000002,0.09823438700000002,1.56822867,0.0761346295,1.1505521500000002,0.03212267649999999,0.6188863330000001,0.0,0.0,0.0,0.0,0.0,0.0,0.0,0.0,0.0,0.0,0.206491693,3.3376671530000004,0.0,0.0,0.5410030029999998,3.8528276230000005
2.31684118,4.352,26.53,0.1901796,0.22248049999999997,0.00081204,0.0030118000000000002,0.00142186,0.0029844100000000003,0.00041432900000000006,0.00192108,0.0,0.0,0.0,0.0,0.0,0.0,0.0,0.0,0.0,0.0,0.002648229,0.00791729,0.0,0.0,0.192827829,0.23039778999999996,0.1981018,0.15896310000000002,0.005799442000000001,0.058202239999999995,0.005434343,0.039840376000000004,0.004093598499999998,0.027893565999999988,0.0022261708000000002,2.884702020000001,0.002324697,3.7041957,0.0013425075000000001,1.0780613599999997,0.0028628833999999994,6.6108180999999995,0.0015301441000000005,2.8149201000000006,0.0153273835,0.12593618199999998,0.0102864028,17.09269728,0.2237155863,17.377596562,0.06206462199999997,0.098928729,0.005568844899999999,0.040185301,0.00792975984,0.029541238800000008,0.08502713300000002,0.08899507799999999,0.0,0.0,0.0,0.0,0.0,0.0,0.0,0.0,0.0,0.0,0.09852573774000002,0.1587216178,0.0,0.0,0.16059035974,0.2576503468,0.484092,0.6563084400000002,0.14509613499999996,1.5266227300000004,0.1261127,1.1683055699999996,0.04922769219999999,0.592358705,0.0,0.0,0.0,0.0,0.0,0.0,0.0,0.0,0.0,0.0,0.32043652719999993,3.287287005,0.0,0.0,0.8045285272,3.943595445
2.4278411799999997,4.204,28.55,0.17910940000000003,0.2346078,0.0013330500000000001,0.0028080800000000006,0.00191407,0.0031671200000000007,0.000339106,0.00238999,0.0,0.0,0.0,0.0,0.0,0.0,0.0,0.0,0.0,0.0,0.003586226,0.008365190000000002,0.0,0.0,0.18269562600000003,0.24297299,0.1770713,0.20174069999999988,0.0059690859999999984,0.05105397999999999,0.00763628,0.04462950363,0.003397498068999999,0.0229678357,0.0021945331000000007,3.15083065,0.002503157999999999,4.892797352,0.0009981533000000002,0.9770223307999999,0.0029595148999999993,5.3915163,0.0017389482999999994,4.50237834,0.017002864068999996,0.11865131932999999,0.010394307599999998,18.914544972799998,0.20446847166899998,19.23493699213,0.05984762100000002,0.10276104799999998,0.005579968499999999,0.03404976510000002,0.007148838699999995,0.030955129489999976,0.08361115100000001,0.10482907949999999,0.0,0.0,0.0,0.0,0.0,0.0,0.0,0.0,0.0,0.0,0.0963399582,0.16983397408999998,0.0,0.0,0.1561875792,0.27259502208999997,0.44289089000000015,0.68673699,0.143701273,1.3125088599999999,0.1619421200000001,1.0999668443000006,0.053372898260000017,0.46884980700000006,0.0,0.0,0.0,0.0,0.0,0.0,0.0,0.0,0.0,0.0,0.3590162912600001,2.8813255113000005,0.0,0.0,0.8019071812600003,3.5680625013000005
2.53784118,4.219,27.11,0.1714694,0.23052369999999997,0.001906847,0.0029524899999999995,0.0023586300000000004,0.00378912,0.00032633300000000005,0.0031582470000000003,0.0,0.0,0.0,0.0,0.0,0.0,0.0,0.0,0.0,0.0,0.00459181,0.009899857,0.0,0.0,0.17606121,0.24042355699999998,0.16015249999999998,0.202243,0.007058424000000001,0.047626260999999996,0.009522699999999999,0.048942814499999994,0.00274875276,0.017529600000000003,0.0022630645,2.824684810000001,0.002800329,5.270210180000001,0.0006566757,0.9354995099999998,0.003206243800000001,4.0489006000000005,0.0019879860000000006,4.859871610000001,0.01932987676,0.1140986755,0.010914299000000002,17.939166710000002,0.19039667575999997,18.255508385500004,0.05909366400000003,0.09716622799999995,0.005794072681999999,0.0276267518,0.0067452474,0.02978521170000001,0.08597902900000001,0.112612904,0.0,0.0,0.0,0.0,0.0,0.0,0.0,0.0,0.0,0.0,0.09851834908200001,0.1700248675,0.0,0.0,0.15761201308200004,0.2671910955,0.4115699,0.6688437300000002,0.16119426999999997,1.0923345999999998,0.19162295100000007,1.0266016999999998,0.0623112947,0.3696600949999999,0.0,0.0,0.0,0.0,0.0,0.0,0.0,0.0,0.0,0.0,0.41512851570000003,2.4885963949999996,0.0,0.0,0.8266984157,3.157440125
2.64784118,4.76,23.69,0.17372500000000002,0.2512199,0.00240398,0.00408778,0.0023138699999999996,0.004204179999999999,0.00044174,0.00507954,0.0,0.0,0.0,0.0,0.0,0.0,0.0,0.0,0.0,0.0,0.0051595899999999995,0.013371499999999998,0.0,0.0,0.17888459,0.2645914,0.1699098,0.1802499,0.009881323999999999,0.04026287999999999,0.009385600000000001,0.047994346,0.0027300084,0.012499812599999993,0.002472966,2.37779717,0.003280799,4.595280808000001,0.0005290593999999999,0.9622808230000003,0.003776185000000001,2.8882667800000004,0.0023771378999999995,4.326143790000001,0.0219969324,0.10075703859999999,0.0124361473,15.149769371000001,0.2043428797,15.430776309600002,0.0630143,0.09514407999999998,0.006793511500000002,0.02257677579999999,0.007840608399999999,0.025971865,0.09984462999999999,0.11998326699999998,0.0,0.0,0.0,0.0,0.0,0.0,0.0,0.0,0.0,0.0,0.1144787499,0.16853190779999996,0.0,0.0,0.17749304989999998,0.26367598779999996,0.43241489999999994,0.64013161,0.21448376999999996,0.8678718900000003,0.18754295000000004,0.8493851400000001,0.08179469109999997,0.29744849299999987,0.0,0.0,0.0,0.0,0.0,0.0,0.0,0.0,0.0,0.0,0.4838214111,2.0147055230000004,0.0,0.0,0.9162363110999999,2.654837133
2.75884118,5.964,22.79,0.1977779,0.2790915,0.00295081,0.006226087999999999,0.00224557,0.004763590000000001,0.00053815,0.009126522,0.0,0.0,0.0,0.0,0.0,0.0,0.0,0.0,0.0,0.0,0.00573453,0.0201162,0.0,0.0,0.20351243,0.29920769999999997,0.2022642,0.18388949999999996,0.01421921,0.03839211000000003,0.009848879999999999,0.05145477299999999,0.0033532622999999998,0.011591832840000003,0.0028702309999999996,2.561091440000001,0.004737502000000002,3.8862636999999998,0.0005573678999999999,1.0746185890999997,0.004899307000000001,2.726356360000001,0.0034210243000000005,3.3738743800000006,0.0274213523,0.10143871584000003,0.016485432200000004,13.622204469100001,0.2461709845,13.907532684940001,0.07519995999999997,0.10658338200000002,0.008990228399999998,0.022165364599999994,0.01031956842,0.027487131899999986,0.12812363100000002,0.14591563100000005,0.0,0.0,0.0,0.0,0.0,0.0,0.0,0.0,0.0,0.0,0.14743342782000002,0.19556812750000002,0.0,0.0,0.22263338781999997,0.3021515095,0.5124847000000002,0.6884125599999998,0.29398699999999983,0.7968330199999999,0.1996035800000001,0.7546387200000001,0.114544381,0.301856905,0.0,0.0,0.0,0.0,0.0,0.0,0.0,0.0,0.0,0.0,0.608134961,1.853328645,0.0,0.0,1.120619661,2.5417412049999997
2.86884118,7.465,28.89,0.23715229999999998,0.2998569,0.00323172,0.0077391,0.0026376800000000003,0.0054315399999999995,0.00111998,0.01444791,0.0,0.0,0.0,0.0,0.0,0.0,0.0,0.0,0.0,0.0,0.00698938,0.02761855,0.0,0.0,0.24414167999999997,0.32747545,0.22405580000000003,0.23615799999999998,0.018453740000000003,0.04328658699999999,0.012911189999999996,0.05473112,0.005402133999999999,0.019629622500000003,0.003649832000000001,4.62915253,0.007591619999999999,3.8850783999999994,0.000654029,1.2328551930000002,0.006345009999999999,4.2117764000000015,0.005137594399999999,3.151687371,0.036767064,0.1176473295,0.023378085399999998,17.110549894000002,0.2842009494,17.4643552235,0.09096301999999998,0.13549926729999992,0.011867317300000003,0.028440963025999993,0.013387705899999996,0.0348249155,0.163936415,0.2026140359999999,0.0,0.0,0.0,0.0,0.0,0.0,0.0,0.0,0.0,0.0,0.1891914382,0.2658799145259999,0.0,0.0,0.28015445819999996,0.4013791818259998,0.5985394,0.8336503399999996,0.3700847,0.9023148489999996,0.2590203399999999,0.8231514825999996,0.16948875769999996,0.4081847660000001,0.0,0.0,0.0,0.0,0.0,0.0,0.0,0.0,0.0,0.0,0.7985937976999998,2.133651097599999,0.0,0.0,1.3971331976999999,2.967301437599999
2.97884118,9.214,45.42,0.259764,0.3252872,0.0031471399999999997,0.00798574,0.00369863,0.007740269999999999,0.00426126,0.0223663,0.0,0.0,0.0,0.0,0.0,0.0,0.0,0.0,0.0,0.0,0.01110703,0.03809231,0.0,0.0,0.27087103,0.36337951,0.22381399999999999,0.29914,0.02028314,0.05834364,0.01733142,0.06432226000000003,0.012359130000000003,0.039438200000000014,0.005539279000000002,8.840980399999998,0.00981289,6.280922470000002,0.0008358960000000004,1.3172829799999997,0.008597380000000005,7.967531400000001,0.006590089999999999,4.854694600000001,0.04997369,0.16210410000000006,0.031375535,29.261411850000002,0.305163225,29.72265595,0.10131472999999999,0.18182320000000007,0.015461946999999998,0.04330167589999999,0.0180434396,0.0481666562,0.20911083000000003,0.26706815000000006,0.0,0.0,0.0,0.0,0.0,0.0,0.0,0.0,0.0,0.0,0.24261621660000002,0.35853648210000005,0.0,0.0,0.3439309466,0.5403596821000001,0.6527216,1.0648964000000003,0.41154810000000003,1.2154062200000004,0.33866250000000014,1.15522737,0.28724046000000025,0.6269697900000002,0.0,0.0,0.0,0.0,0.0,0.0,0.0,0.0,0.0,0.0,1.0374510600000004,2.9976033800000006,0.0,0.0,1.6901726600000004,4.062499780000001
3.0888411799999997,11.02,70.05,0.24831519999999999,0.346609,0.0028884999999999996,0.010015300000000001,0.00522796,0.013394800000000002,0.009985039999999999,0.03354,0.0,0.0,0.0,0.0,0.0,0.0,0.0,0.0,0.0,0.0,0.0181015,0.056950100000000003,0.0,0.0,0.2664167,0.4035591,0.21937900000000005,0.34481,0.01851751,0.0875963,0.020687800000000006,0.09652390000000002,0.023939039999999998,0.06423994000000001,0.008087679999999996,13.752856999999999,0.009846579999999999,11.750471000000001,0.0011514740000000002,1.297401,0.011242270000000002,13.367215999999997,0.007387731,8.185604000000003,0.06314435,0.24836014000000003,0.037715735,48.353549,0.32023908500000003,48.94671914,0.10294047999999997,0.24140741999999996,0.0195587177,0.06601622750000002,0.023960099000000002,0.0697055,0.25747633000000014,0.3151423599999999,0.0,0.0,0.0,0.0,0.0,0.0,0.0,0.0,0.0,0.0,0.30099514670000016,0.45086408749999995,0.0,0.0,0.4039356267000001,0.6922715074999999,0.6815589999999997,1.3952630000000008,0.3970455000000003,1.8087815000000003,0.39942780000000017,1.8982393999999998,0.45404024999999987,0.9293016399999997,0.0,0.0,0.0,0.0,0.0,0.0,0.0,0.0,0.0,0.0,1.2505135500000004,4.63632254,0.0,0.0,1.93207255,6.031585540000001
3.19984118,11.85,88.3,0.22419579999999997,0.31924100000000005,0.0029788699999999998,0.015088899999999999,0.00588662,0.018093199999999997,0.01320465,0.042881300000000004,0.0,0.0,0.0,0.0,0.0,0.0,0.0,0.0,0.0,0.0,0.022070140000000002,0.0760634,0.0,0.0,0.24626593999999996,0.39530440000000006,0.21071790000000007,0.35318599999999994,0.016721100000000003,0.10147260000000002,0.022037880000000006,0.12035549999999999,0.03083431,0.07940290000000003,0.009226962,17.09446,0.009786760000000002,16.180974,0.0013843892999999996,1.3087870000000008,0.012149530000000002,17.214039999999997,0.008070236,11.349937000000002,0.06959329,0.301231,0.0406178773,63.148198,0.3209290673000001,63.802615,0.09976446000000004,0.2856497699999999,0.021960030000000002,0.08127195099999997,0.026609750999999997,0.08590618000000001,0.28039782999999996,0.3339735499999999,0.0,0.0,0.0,0.0,0.0,0.0,0.0,0.0,0.0,0.0,0.32896761099999994,0.5011516809999998,0.0,0.0,0.428732071,0.7868014509999998,0.6732999999999997,1.6224897,0.37562120000000015,2.269361000000001,0.4162048800000001,2.5139831999999984,0.5523196599999999,1.1021104700000002,0.0,0.0,0.0,0.0,0.0,0.0,0.0,0.0,0.0,0.0,1.34414574,5.88545467,0.0,0.0,2.01744574,7.50794437
3.30984118,11.98,92.59,0.21852799999999997,0.264985,0.003986089999999999,0.019530099999999998,0.005385899999999999,0.0178367,0.0124979,0.0452769,0.0,0.0,0.0,0.0,0.0,0.0,0.0,0.0,0.0,0.0,0.021869889999999996,0.0826437,0.0,0.0,0.24039788999999998,0.3476287,0.20132899999999995,0.328762,0.018287179999999997,0.0840348,0.02282088,0.10850499999999999,0.031254180000000006,0.08119940000000002,0.009021163999999998,17.99759,0.010875169999999998,17.111251000000003,0.0014728031,1.3522899999999995,0.01202394,17.87589,0.00842728,13.209855,0.07236224000000001,0.2737392,0.0418203571,67.546876,0.31551159709999993,68.1493772,0.10098787999999999,0.2953810299999999,0.022501381199999997,0.08025993499999995,0.026900597999999977,0.08917801,0.2826042999999999,0.3295242199999998,0.0,0.0,0.0,0.0,0.0,0.0,0.0,0.0,0.0,0.0,0.3320062791999999,0.4989621649999998,0.0,0.0,0.4329941591999999,0.7943431949999996,0.6614637,1.620068299999999,0.40128080000000016,2.2973957999999994,0.40597539999999993,2.5791166,0.5660479999999998,1.0750742000000002,0.0,0.0,0.0,0.0,0.0,0.0,0.0,0.0,0.0,0.0,1.3733041999999998,5.9515866,0.0,0.0,2.0347679,7.571654899999999
3.41984118,12.48,86.23,0.21666900000000003,0.21902400000000005,0.00607471,0.0211111,0.0054663,0.0148833,0.01173713,0.0395809,0.0,0.0,0.0,0.0,0.0,0.0,0.0,0.0,0.0,0.0,0.02327814,0.0755753,0.0,0.0,0.23994714000000003,0.29459930000000006,0.20438069999999997,0.30054500000000006,0.020445820000000003,0.05889415,0.023930899999999995,0.07904224,0.03081744000000001,0.0746846,0.009123795,16.559912000000008,0.011448509999999995,16.047900000000002,0.0015001519999999996,1.2388709999999998,0.01226452,16.122139999999998,0.008505180000000001,12.758145,0.07519416000000001,0.21262099,0.042842157,62.72696800000001,0.322417017,63.24013399000001,0.10759039000000005,0.27550440000000004,0.023082338099999992,0.07269588000000005,0.03072223099999999,0.08655576999999999,0.2908965999999999,0.3303516999999999,0.0,0.0,0.0,0.0,0.0,0.0,0.0,0.0,0.0,0.0,0.34470116909999987,0.48960334999999994,0.0,0.0,0.4522915590999999,0.76510775,0.6841139000000003,1.4977321999999993,0.4235865999999998,2.0534286999999987,0.4002323000000001,2.339432899999999,0.5877385000000002,1.0426323000000004,0.0,0.0,0.0,0.0,0.0,0.0,0.0,0.0,0.0,0.0,1.4115574,5.435493899999998,0.0,0.0,2.0956713000000002,6.933226099999997
3.53084118,13.37,73.04,0.20465699999999998,0.18685900000000003,0.00847289,0.0217551,0.006078320000000001,0.012542300000000001,0.012171539999999998,0.0306202,0.0,0.0,0.0,0.0,0.0,0.0,0.0,0.0,0.0,0.0,0.02672275,0.0649176,0.0,0.0,0.23137974999999997,0.2517766,0.20406958,0.27586000000000005,0.021104759999999993,0.044035300000000006,0.02373789999999999,0.05353993800000003,0.03060216,0.0681128,0.010550977000000001,12.4564403,0.01071205,14.339055999999998,0.0015142279999999996,0.9262782,0.012625450000000002,12.681144999999999,0.00887296,10.425296900000001,0.07544481999999998,0.16568803800000004,0.044275665000000006,50.828216399999995,0.32379006499999996,51.269764437999996,0.11193059999999999,0.24089920000000017,0.02407991900000001,0.0666245,0.038825488999999984,0.08288294999999996,0.3080861,0.35543559999999985,0.0,0.0,0.0,0.0,0.0,0.0,0.0,0.0,0.0,0.0,0.37099150799999997,0.5049430499999998,0.0,0.0,0.48292210799999996,0.7458422499999999,0.7028090000000002,1.3723918999999996,0.4123755999999998,1.7302533,0.3980342000000001,2.0092115,0.6594947000000001,1.09912,0.0,0.0,0.0,0.0,0.0,0.0,0.0,0.0,0.0,0.0,1.4699045,4.8385848000000005,0.0,0.0,2.1727135000000004,6.2109767
3.64084118,14.21,64.89,0.215944,0.18836199999999997,0.0094312,0.0217137,0.00586467,0.0127423,0.01281804,0.0246096,0.0,0.0,0.0,0.0,0.0,0.0,0.0,0.0,0.0,0.0,0.02811391,0.059065599999999996,0.0,0.0,0.24405791,0.24742759999999997,0.18269879999999994,0.246681,0.022238399999999995,0.03828439,0.021819820000000004,0.03862027000000001,0.02968773000000001,0.06544200000000001,0.012583849999999999,9.204035,0.011059720000000002,13.413920000000003,0.0017208070000000002,0.6689703,0.012844719999999999,9.868569999999997,0.01006821,10.247766,0.07374595,0.14234666,0.048277307,43.4032613,0.30472205699999994,43.79228896,0.11365968999999994,0.2223948,0.024361623000000002,0.06164695000000002,0.046998335000000016,0.08110312000000001,0.3249948000000002,0.37655589999999983,0.0,0.0,0.0,0.0,0.0,0.0,0.0,0.0,0.0,0.0,0.3963547580000002,0.5193059699999999,0.0,0.0,0.5100144480000002,0.7417007699999999,0.6877155000000001,1.2894436999999996,0.4220638000000001,1.5191944000000002,0.4021556999999999,1.7420560000000007,0.7546266999999998,1.1408413000000004,0.0,0.0,0.0,0.0,0.0,0.0,0.0,0.0,0.0,0.0,1.5788461999999996,4.4020917000000015,0.0,0.0,2.2665617,5.691535400000001
3.75084118,15.15,65.64,0.2813286,0.21616599999999997,0.009708550000000002,0.019836899999999998,0.00592752,0.0147512,0.013368530000000002,0.021756,0.0,0.0,0.0,0.0,0.0,0.0,0.0,0.0,0.0,0.0,0.029004600000000005,0.0563441,0.0,0.0,0.3103332,0.2725101,0.168132,0.217867,0.025454119999999993,0.03779750000000002,0.0222748,0.03493030000000001,0.027414440000000012,0.06616249999999999,0.013296089999999998,8.957328,0.01462348,13.656620000000002,0.002196655,0.6110768,0.01323986,9.339118999999997,0.01303161,11.585446,0.07514336,0.13889030000000002,0.056387695,44.1495898,0.299663055,44.5063471,0.12393945999999995,0.22933129999999993,0.02341557499999999,0.05723071000000001,0.05232972999999999,0.08477401,0.34047161000000015,0.3814915000000001,0.0,0.0,0.0,0.0,0.0,0.0,0.0,0.0,0.0,0.0,0.41621691500000013,0.5234962200000001,0.0,0.0,0.540156375,0.7528275200000001,0.6944254999999997,1.2872109999999997,0.4841884999999998,1.4919551,0.45853710000000014,1.7000316000000009,0.8225537600000001,1.1217385999999996,0.0,0.0,0.0,0.0,0.0,0.0,0.0,0.0,0.0,0.0,1.76527936,4.313725300000001,0.0,0.0,2.4597048599999995,5.6009363
3.86184118,16.74,67.82,0.3931992,0.254587,0.010822740000000003,0.0184605,0.0078827,0.0175954,0.01639032,0.023300199999999997,0.0,0.0,0.0,0.0,0.0,0.0,0.0,0.0,0.0,0.0,0.035095760000000004,0.059356099999999995,0.0,0.0,0.42829496,0.31394310000000003,0.1728716,0.21601199999999995,0.02909613,0.04326109999999998,0.027408019999999995,0.0406836,0.027703779999999997,0.07486260000000002,0.014209110000000004,8.389936000000002,0.01843284,15.04875,0.0031997000000000006,0.7024322,0.014988009999999996,10.607519999999996,0.017471519999999994,10.042040000000005,0.08420792999999999,0.15880729999999998,0.06830117999999999,44.7906782,0.32538070999999996,45.1654975,0.14314779999999994,0.2629738000000001,0.024154059999999984,0.05881375999999998,0.05473611599999998,0.09376490000000005,0.3649789599999999,0.4056510000000003,0.0,0.0,0.0,0.0,0.0,0.0,0.0,0.0,0.0,0.0,0.4438691359999999,0.5582296600000003,0.0,0.0,0.5870169359999998,0.8212034600000004,0.7522299999999998,1.5070380000000008,0.5725812999999998,1.6137780000000006,0.5744174000000002,1.8132069999999991,0.8986972999999997,1.1153291999999992,0.0,0.0,0.0,0.0,0.0,0.0,0.0,0.0,0.0,0.0,2.0456959999999995,4.542314199999999,0.0,0.0,2.7979259999999995,6.0493521999999995
3.97184118,19.69,72.79,0.503971,0.294412,0.01381273,0.0196852,0.0119389,0.0227611,0.0231262,0.028701300000000003,0.0,0.0,0.0,0.0,0.0,0.0,0.0,0.0,0.0,0.0,0.04887783,0.0711476,0.0,0.0,0.55284883,0.3655596,0.18621599999999996,0.24863600000000005,0.03199961,0.05350109999999998,0.0345218,0.050989799999999995,0.033981199999999996,0.0878401,0.017910599999999995,6.829224000000002,0.01961793,18.199250000000006,0.005666826000000001,0.9232159000000002,0.01839317999999999,13.728529999999997,0.02170653,7.294449999999999,0.10050260999999999,0.19233099999999997,0.08329506599999999,46.9746699,0.37001367599999996,47.4156369,0.16556249999999992,0.32578579999999996,0.02954265299999999,0.07049574000000002,0.060212346000000014,0.10410220999999996,0.4174882000000002,0.4418553999999999,0.0,0.0,0.0,0.0,0.0,0.0,0.0,0.0,0.0,0.0,0.5072431990000003,0.6164533499999999,0.0,0.0,0.6728056990000001,0.9422391499999998,0.8431339999999998,1.9241429999999995,0.6422099000000002,1.9078169999999999,0.6923809999999997,1.990463,1.0911548999999996,1.1836160999999992,0.0,0.0,0.0,0.0,0.0,0.0,0.0,0.0,0.0,0.0,2.4257457999999996,5.081896099999999,0.0,0.0,3.2688797999999992,7.006039099999999
4.08184118,23.52,82.23,0.571357,0.34308,0.0190308,0.0230205,0.0175085,0.0281737,0.026901099999999997,0.031694,0.0,0.0,0.0,0.0,0.0,0.0,0.0,0.0,0.0,0.0,0.0634404,0.0828882,0.0,0.0,0.6347974,0.4259682,0.21887899999999996,0.2861370000000001,0.036459599999999995,0.0624194,0.041213,0.060306900000000004,0.04139157,0.09535679999999999,0.022107089999999996,6.353636,0.020423750000000008,21.632710000000003,0.008974656999999999,1.1594626000000001,0.0221053,17.840809000000007,0.023528099999999993,6.37158,0.11906417,0.2180831,0.097138897,53.35819760000001,0.43508206699999996,53.86241770000001,0.1946240000000001,0.3821407999999999,0.036959725000000006,0.08741766000000002,0.07106013400000002,0.11601537999999997,0.49035740000000005,0.46656720000000007,0.0,0.0,0.0,0.0,0.0,0.0,0.0,0.0,0.0,0.0,0.598377259,0.67000024,0.0,0.0,0.7930012590000002,1.05214104,0.9682410000000001,2.231004,0.7054447000000001,2.345085999999998,0.7789893,2.300898000000001,1.3435692000000004,1.3717226,0.0,0.0,0.0,0.0,0.0,0.0,0.0,0.0,0.0,0.0,2.8280032000000004,6.017706599999999,0.0,0.0,3.7962442000000007,8.248710599999999
4.19184118,24.44,90.06,0.582075,0.424884,0.0217822,0.027592,0.021424699999999998,0.0310065,0.0216413,0.028836,0.0,0.0,0.0,0.0,0.0,0.0,0.0,0.0,0.0,0.0,0.0648482,0.0874345,0.0,0.0,0.6469232,0.5123185,0.2410395,0.2966889999999999,0.0395991,0.06623599999999999,0.044040200000000015,0.06503159999999998,0.04085119999999999,0.09249010000000002,0.022410680000000002,7.075670999999999,0.020861400000000002,23.097620000000003,0.010064397,1.2369526,0.023688630000000002,20.861622999999998,0.021838500000000007,6.652213000000001,0.1244905,0.2237577,0.09886360700000002,58.9240796,0.464393607,59.4445263,0.20932639999999997,0.39626839999999997,0.039549941000000026,0.10048573000000001,0.07291154000000001,0.1292314,0.49976810000000005,0.4695244000000001,0.0,0.0,0.0,0.0,0.0,0.0,0.0,0.0,0.0,0.0,0.6122295810000001,0.6992415300000001,0.0,0.0,0.821555981,1.0955099300000002,1.0060438999999999,2.2080790000000015,0.7383525999999998,2.7677969999999985,0.7822140000000001,2.7501469999999992,1.377541,1.6112299999999997,0.0,0.0,0.0,0.0,0.0,0.0,0.0,0.0,0.0,0.0,2.8981076,7.129173999999997,0.0,0.0,3.9041514999999998,9.337252999999999
4.30284118,23.55,93.49,0.6683629999999999,0.52012,0.02150486,0.031348,0.0212799,0.03102,0.014889699999999999,0.023981,0.0,0.0,0.0,0.0,0.0,0.0,0.0,0.0,0.0,0.0,0.05767446,0.086349,0.0,0.0,0.7260374599999999,0.606469,0.23604799999999998,0.2839781,0.04243780000000002,0.06604649999999998,0.0455342,0.0647185,0.03741989999999999,0.08180310000000002,0.021491400000000004,7.910457999999998,0.021609900000000005,22.999179999999996,0.00964625,1.1646204,0.02447364,22.21348,0.0210809,7.123514,0.1253919,0.21256809999999998,0.09830209000000001,61.411252399999995,0.45974199,61.90779859999999,0.21119459999999993,0.3775334000000002,0.040737232000000005,0.10614751,0.066015693,0.13916566000000002,0.4615640000000001,0.4506495,0.0,0.0,0.0,0.0,0.0,0.0,0.0,0.0,0.0,0.0,0.5683169250000001,0.69596267,0.0,0.0,0.779511525,1.0734960700000002,0.9777532000000002,1.9798569999999995,0.7847218999999995,3.0263679999999997,0.7695481,3.191986,1.279788,1.8113529999999998,0.0,0.0,0.0,0.0,0.0,0.0,0.0,0.0,0.0,0.0,2.8340579999999993,8.029707,0.0,0.0,3.8118111999999997,10.009564
4.41284118,24.63,93.19,0.866498,0.627985,0.0236268,0.0314,0.019563499999999998,0.028689000000000003,0.013648599999999999,0.021641,0.0,0.0,0.0,0.0,0.0,0.0,0.0,0.0,0.0,0.0,0.0568389,0.08173,0.0,0.0,0.9233369,0.709715,0.22627819999999998,0.26783000000000007,0.04932159999999999,0.06469160000000002,0.05074090000000002,0.063389,0.03919830000000001,0.071016,0.02339100000000001,8.382483,0.024897199999999994,21.490029999999997,0.01087525,1.0329797,0.026540270000000005,22.677575,0.023810399999999995,7.119127,0.13926080000000002,0.1990966,0.10951412,60.7021947,0.47505312,61.1691213,0.22673769999999996,0.34791990000000006,0.04481285099999998,0.10970490000000002,0.06296428900000003,0.13931072,0.4652994999999998,0.43421419999999994,0.0,0.0,0.0,0.0,0.0,0.0,0.0,0.0,0.0,0.0,0.5730766399999998,0.68322982,0.0,0.0,0.7998143399999997,1.03114972,1.0018481999999997,1.7704410000000004,0.9019809999999998,3.1893039999999995,0.8533870000000002,3.31981,1.30366,1.968058,0.0,0.0,0.0,0.0,0.0,0.0,0.0,0.0,0.0,0.0,3.059028,8.477172,0.0,0.0,4.0608762,10.247613
4.52284118,26.64,87.93,0.968555,0.7750060000000001,0.0290479,0.028895,0.0209876,0.025537999999999998,0.0148498,0.0195913,0.0,0.0,0.0,0.0,0.0,0.0,0.0,0.0,0.0,0.0,0.0648853,0.0740243,0.0,0.0,1.0334403,0.8490303000000001,0.22260820000000003,0.247698,0.05912100000000002,0.0644003,0.05619529999999999,0.0643648,0.042346600000000005,0.06110369999999999,0.026912800000000004,8.104701999999998,0.028055400000000005,18.320539999999998,0.0129816,0.8741283000000002,0.028941999999999996,21.780276000000004,0.027067200000000013,6.227667000000002,0.15766290000000002,0.18986879999999998,0.12395900000000001,55.307313300000004,0.5042301,55.7448801,0.2550474999999999,0.3175305999999999,0.047997922,0.11322682,0.06366319,0.12876997999999995,0.5064825999999999,0.4329944999999998,0.0,0.0,0.0,0.0,0.0,0.0,0.0,0.0,0.0,0.0,0.6181437119999998,0.6749912999999997,0.0,0.0,0.8731912119999998,0.9925218999999996,1.0294680000000003,1.5984199999999995,1.0322460000000002,3.2839699999999996,0.9528120000000003,3.066733,1.384635000000001,2.048701,0.0,0.0,0.0,0.0,0.0,0.0,0.0,0.0,0.0,0.0,3.3696930000000016,8.399404,0.0,0.0,4.399161000000002,9.997824
4.63384118,29.68,79.8,0.962603,0.895509,0.0337359,0.027918,0.0267575,0.02258,0.018092900000000002,0.015613400000000001,0.0,0.0,0.0,0.0,0.0,0.0,0.0,0.0,0.0,0.0,0.0785863,0.0661114,0.0,0.0,1.0411893,0.9616204,0.23920510000000003,0.22061099999999997,0.06996500000000001,0.0654632,0.061354,0.06636099999999999,0.047349300000000025,0.05251759999999999,0.0313951,6.857326999999999,0.0298795,15.894435,0.01489175,0.7009033,0.031087100000000013,18.660282000000002,0.030707699999999987,5.405125,0.17866830000000003,0.18434179999999997,0.13796115,47.5180723,0.55583455,47.923025100000004,0.29023719999999986,0.2922059,0.053001339999999994,0.10978756,0.06871380599999999,0.11721206999999999,0.5678065999999998,0.4413145000000002,0.0,0.0,0.0,0.0,0.0,0.0,0.0,0.0,0.0,0.0,0.6895217459999998,0.6683141300000002,0.0,0.0,0.9797589459999997,0.9605200300000002,1.0676820000000002,1.411445999999999,1.1405262,3.142175999999999,1.0221384999999998,2.831114999999999,1.5178360000000002,2.0491919999999997,0.0,0.0,0.0,0.0,0.0,0.0,0.0,0.0,0.0,0.0,3.6805007,8.022482999999998,0.0,0.0,4.7481827,9.433928999999997
4.74384118,32.92,71.41,0.9433480000000001,0.955486,0.033353400000000005,0.028985000000000004,0.031723,0.021724000000000004,0.0242792,0.012771000000000001,0.0,0.0,0.0,0.0,0.0,0.0,0.0,0.0,0.0,0.0,0.08935560000000001,0.06348000000000001,0.0,0.0,1.0327036,1.018966,0.2618091,0.1959540000000001,0.07497319999999999,0.06528199999999999,0.06570179999999999,0.06596910000000002,0.0533046,0.04903549999999999,0.03506170000000001,5.2213140000000005,0.0300689,14.004048000000003,0.016280919999999997,0.47552170000000005,0.031289,13.70974,0.03353099999999999,5.045463999999999,0.19397959999999997,0.1802866,0.14623152,38.456087700000005,0.60202022,38.8323283,0.308925,0.27623310000000006,0.05926530000000002,0.09669246000000005,0.075105885,0.10955474999999996,0.6055967999999999,0.4695647000000003,0.0,0.0,0.0,0.0,0.0,0.0,0.0,0.0,0.0,0.0,0.7399679849999999,0.6758119100000003,0.0,0.0,1.048892985,0.9520450100000004,1.099483,1.225504,1.1471058999999997,2.741624,1.0579129,2.6758300000000004,1.6579150000000005,2.0753519999999996,0.0,0.0,0.0,0.0,0.0,0.0,0.0,0.0,0.0,0.0,3.8629338000000004,7.492806,0.0,0.0,4.9624168,8.718309999999999
4.85384118,34.61,61.81,0.885652,0.9847670000000002,0.029621299999999996,0.029715000000000002,0.0324346,0.0245449,0.0290961,0.0138716,0.0,0.0,0.0,0.0,0.0,0.0,0.0,0.0,0.0,0.0,0.091152,0.0681315,0.0,0.0,0.976804,1.0528985000000002,0.2608789999999999,0.177956,0.07086919999999998,0.061512199999999996,0.0653789,0.06078130000000001,0.05497070000000002,0.04667939999999999,0.0365392,3.671448,0.02763229999999999,9.778076000000002,0.016092160000000005,0.2315031,0.028974099999999996,8.403056,0.033680199999999993,3.990574000000001,0.1912188,0.16897289999999998,0.14291795999999998,26.074657100000003,0.5950157599999999,26.421586,0.29785629999999985,0.26988969999999995,0.06126491999999998,0.08068919999999997,0.07602824,0.10032500999999998,0.5858055999999999,0.5148378000000003,0.0,0.0,0.0,0.0,0.0,0.0,0.0,0.0,0.0,0.0,0.72309876,0.6958520100000003,0.0,0.0,1.0209550599999997,0.9657417100000003,1.045116,1.050411,1.0338489999999998,2.237401,1.0109382999999998,2.268485999999999,1.6704810000000003,2.126472,0.0,0.0,0.0,0.0,0.0,0.0,0.0,0.0,0.0,0.0,3.7152683,6.632358999999999,0.0,0.0,4.7603843,7.68277
4.96484118,37.74,52.37,0.875966,0.9512384,0.029122099999999998,0.028725799999999996,0.0338395,0.027787700000000002,0.0303982,0.0171785,0.0,0.0,0.0,0.0,0.0,0.0,0.0,0.0,0.0,0.0,0.09335979999999999,0.073692,0.0,0.0,0.9693258,1.0249304000000001,0.2589640000000001,0.16633209999999995,0.0664765,0.056184600000000015,0.0671042,0.05400189999999999,0.05842160000000002,0.041637399999999984,0.038600499999999996,2.3474290000000004,0.025900599999999996,4.598903,0.015186639999999998,0.08945288999999998,0.027581299999999993,4.452915999999998,0.0348117,2.231415,0.19200230000000001,0.15182389999999998,0.14208073999999998,13.720115889999999,0.5930470400000001,14.038271889999999,0.2963008999999999,0.2643071000000001,0.062140160000000035,0.06851965999999998,0.07741909000000002,0.08763341000000004,0.5735818000000003,0.5375343,0.0,0.0,0.0,0.0,0.0,0.0,0.0,0.0,0.0,0.0,0.7131410500000003,0.69368737,0.0,0.0,1.0094419500000003,0.9579944700000002,0.9919750000000002,0.893561,0.9502849999999998,1.7591640000000006,0.9825290000000003,1.6925309999999991,1.683148,2.077626999999999,0.0,0.0,0.0,0.0,0.0,0.0,0.0,0.0,0.0,0.0,3.615962,5.529321999999999,0.0,0.0,4.607937000000001,6.422882999999999
5.07484118,42.78,46.8,0.9620540000000001,0.8969125,0.032341,0.027464500000000003,0.038153900000000004,0.0286354,0.032783599999999996,0.0203437,0.0,0.0,0.0,0.0,0.0,0.0,0.0,0.0,0.0,0.0,0.1032785,0.0764436,0.0,0.0,1.0653325,0.9733561,0.273507,0.1624504,0.06713430000000001,0.053558200000000014,0.07232620000000001,0.0516496,0.0694524,0.038742300000000014,0.04096240000000001,1.368253,0.0266587,1.6349319999999996,0.015310699999999998,0.05070689,0.027754400000000002,2.164099,0.038194999999999986,1.0052859999999997,0.2089129,0.14395010000000003,0.1488812,6.223276889999999,0.6313011000000001,6.52967739,0.3154153,0.2594531000000001,0.06462758000000002,0.06319180999999997,0.08276572999999993,0.07887366000000001,0.5912983000000003,0.5387177000000001,0.0,0.0,0.0,0.0,0.0,0.0,0.0,0.0,0.0,0.0,0.7386916100000003,0.6807831700000001,0.0,0.0,1.0541069100000002,0.9402362700000002,1.0078680000000007,0.7879189999999997,0.9453500000000006,1.398609999999999,1.019681,1.313236,1.7755130000000001,1.9865580000000005,0.0,0.0,0.0,0.0,0.0,0.0,0.0,0.0,0.0,0.0,3.7405440000000008,4.698404,0.0,0.0,4.748412000000002,5.486323
5.184841179999999,45.21,47.62,0.9727775999999998,0.9426279000000001,0.0350607,0.0284875,0.040775700000000005,0.030618199999999998,0.037169100000000004,0.0231561,0.0,0.0,0.0,0.0,0.0,0.0,0.0,0.0,0.0,0.0,0.11300550000000001,0.0822618,0.0,0.0,1.0857830999999998,1.0248897000000001,0.28150799999999987,0.16716959999999997,0.0681037,0.0545564,0.07142080000000002,0.05573130000000001,0.07765350000000001,0.043082000000000016,0.039352599999999995,0.8766400000000001,0.026791800000000015,0.8478279999999997,0.015772229999999998,0.0466599,0.026251499999999997,1.159184,0.039154299999999996,0.6188030000000001,0.21717800000000004,0.15336970000000003,0.14732243,3.5491148999999997,0.6460084299999999,3.8696542,0.32109929999999987,0.27126450000000024,0.06372960999999999,0.0661242411,0.08230651999999997,0.08127464400000002,0.5720275000000002,0.5634615,0.0,0.0,0.0,0.0,0.0,0.0,0.0,0.0,0.0,0.0,0.7180636300000002,0.7108603850999999,0.0,0.0,1.03916293,0.9821248851000002,0.9970729999999993,0.7701859999999998,0.9081,1.2479439999999995,0.9882570000000003,1.2293759999999998,1.7488439999999998,2.0502600000000006,0.0,0.0,0.0,0.0,0.0,0.0,0.0,0.0,0.0,0.0,3.645201,4.52758,0.0,0.0,4.642274,5.297765999999999
5.29484118,44.94,50.06,0.8327344000000001,1.0034528,0.039828,0.030173600000000002,0.0435403,0.034253099999999995,0.040228299999999995,0.0246841,0.0,0.0,0.0,0.0,0.0,0.0,0.0,0.0,0.0,0.0,0.1235966,0.08911079999999999,0.0,0.0,0.956331,1.0925636,0.29835690000000004,0.17234470000000005,0.07127520000000001,0.055209,0.07017400000000001,0.059137400000000014,0.07575829999999999,0.048635000000000005,0.0353715,0.6939729999999998,0.025426599999999994,0.7505390000000001,0.015705999999999994,0.046105200000000006,0.0240339,0.853851,0.036801999999999994,0.550382,0.2172075,0.16298140000000003,0.13734,2.8948502,0.6529044,3.2301763,0.3317430999999999,0.28803500000000015,0.05999027999999997,0.06935762999999998,0.07850161000000004,0.08617838699999998,0.5314161000000002,0.5766032999999999,0.0,0.0,0.0,0.0,0.0,0.0,0.0,0.0,0.0,0.0,0.6699079900000002,0.7321393169999999,0.0,0.0,1.0016510900000002,1.020174317,0.9750260000000001,0.7810830000000001,0.8438119999999999,1.177592,0.9019190000000002,1.2095619999999994,1.5882830000000001,2.115443000000001,0.0,0.0,0.0,0.0,0.0,0.0,0.0,0.0,0.0,0.0,3.3340140000000003,4.502597,0.0,0.0,4.30904,5.28368
5.4058411799999995,46.79,49.14,0.7107990000000001,0.9055958999999999,0.0523237,0.0329617,0.0506162,0.03780909999999999,0.04255300000000001,0.0255282,0.0,0.0,0.0,0.0,0.0,0.0,0.0,0.0,0.0,0.0,0.1454929,0.096299,0.0,0.0,0.8562919000000001,1.0018949,0.348764,0.17904529999999996,0.08539180000000002,0.0566273,0.08134659999999999,0.059033399999999986,0.07324629999999999,0.04736299999999999,0.03521080000000001,0.537673,0.025687400000000003,0.640975,0.016251219999999997,0.04222939999999999,0.024863899999999998,0.6648440000000001,0.035621799999999995,0.46145900000000006,0.2399847,0.16302369999999997,0.13763512,2.3471804,0.72638382,2.6892494,0.3936585999999999,0.3018469,0.06244570000000003,0.06575510000000004,0.08546675999999999,0.08465656999999997,0.5528923000000002,0.5461272000000003,0.0,0.0,0.0,0.0,0.0,0.0,0.0,0.0,0.0,0.0,0.7008047600000002,0.6965388700000003,0.0,0.0,1.0944633600000002,0.9983857700000003,1.0599399999999997,0.7667509999999998,0.9014760000000002,1.051894,0.9080700000000003,1.0932900000000003,1.5372670000000002,1.962044000000001,0.0,0.0,0.0,0.0,0.0,0.0,0.0,0.0,0.0,0.0,3.3468130000000005,4.107228000000001,0.0,0.0,4.406753,4.873979000000001
5.51584118,53.0,49.61,0.738437,0.7675160000000001,0.06671590000000001,0.042931899999999995,0.060534899999999996,0.0432743,0.049248,0.029086,0.0,0.0,0.0,0.0,0.0,0.0,0.0,0.0,0.0,0.0,0.1764988,0.1152922,0.0,0.0,0.9149358,0.8828082,0.41614300000000004,0.20140780000000008,0.1067032,0.0670513,0.10066620000000001,0.06548179999999998,0.08057120000000001,0.045984799999999985,0.0403482,0.412364,0.028553099999999998,0.523791,0.017123700000000002,0.0384479,0.028099500000000003,0.512895,0.0382382,0.36381499999999994,0.2879406,0.17851789999999995,0.15236270000000002,1.8513129,0.8564463000000001,2.2312386,0.4870193999999998,0.3475465,0.07366180999999998,0.06466617999999995,0.10359742000000001,0.08822550999999997,0.6350039999999998,0.5481249000000001,0.0,0.0,0.0,0.0,0.0,0.0,0.0,0.0,0.0,0.0,0.8122632299999998,0.70101659,0.0,0.0,1.2992826299999995,1.04856309,1.2280059999999997,0.8113159999999997,1.0858970000000001,1.0309169999999999,1.0248150000000003,1.0330890000000006,1.6779180000000002,1.8298919999999996,0.0,0.0,0.0,0.0,0.0,0.0,0.0,0.0,0.0,0.0,3.7886300000000004,3.893898,0.0,0.0,5.016636,4.705214
5.62584118,58.41,55.22,0.784911,0.75807,0.0703348,0.05813039999999999,0.0685293,0.052497100000000005,0.068167,0.039414000000000005,0.0,0.0,0.0,0.0,0.0,0.0,0.0,0.0,0.0,0.0,0.20703110000000002,0.1500415,0.0,0.0,0.9919421,0.9081115000000001,0.4709220000000001,0.23841670000000006,0.11841009999999999,0.08540080000000001,0.1116012,0.08085759999999999,0.0965131,0.05530169999999999,0.04436439999999999,0.37325,0.030463799999999996,0.47647400000000006,0.016763700000000003,0.03802650000000001,0.029465399999999985,0.456903,0.04108499999999998,0.3205259999999999,0.3265244,0.22156009999999998,0.16214229999999996,1.6651795,0.9595887000000001,2.1251563,0.5409829999999997,0.4299942000000002,0.08303475999999999,0.07423519000000003,0.11626602999999996,0.10458769999999998,0.6839128,0.619883,0.0,0.0,0.0,0.0,0.0,0.0,0.0,0.0,0.0,0.0,0.88321359,0.7987058899999999,0.0,0.0,1.4241965899999995,1.2287000900000002,1.321039000000001,0.9479609999999998,1.175844,1.1933090000000002,1.1053579999999996,1.1220360000000003,1.7842119999999995,1.9439539999999997,0.0,0.0,0.0,0.0,0.0,0.0,0.0,0.0,0.0,0.0,4.065413999999999,4.259299,0.0,0.0,5.3864529999999995,5.20726
5.73684118,59.24,60.25,0.730061,0.7675379999999999,0.0683576,0.0654855,0.0757848,0.0620577,0.104157,0.060531,0.0,0.0,0.0,0.0,0.0,0.0,0.0,0.0,0.0,0.0,0.2482994,0.1880742,0.0,0.0,0.9783603999999999,0.9556121999999999,0.509995,0.27102000000000004,0.11925939999999999,0.09700270000000004,0.11572799999999996,0.0926927,0.11963969999999997,0.07336999999999998,0.0429987,0.35492300000000004,0.029960499999999987,0.4442040000000001,0.01575663,0.03703840000000001,0.028265499999999992,0.42416000000000004,0.04112829999999999,0.30328099999999997,0.3546270999999999,0.2630654,0.15810962999999997,1.5636064,1.0227317299999998,2.0976918,0.55354,0.4909108000000002,0.08593080000000002,0.08451490000000006,0.11715637000000001,0.11880476999999999,0.6714393000000002,0.6778976000000001,0.0,0.0,0.0,0.0,0.0,0.0,0.0,0.0,0.0,0.0,0.8745264700000002,0.8812172700000002,0.0,0.0,1.4280664700000003,1.3721280700000003,1.3276759999999999,1.0516470000000002,1.105192,1.2916159999999994,1.101199,1.1971260000000001,1.7267199999999996,2.066809,0.0,0.0,0.0,0.0,0.0,0.0,0.0,0.0,0.0,0.0,3.9331109999999994,4.5555509999999995,0.0,0.0,5.260787,5.607198
5.84684118,60.05,60.91,0.641915,0.6990209999999999,0.0821407,0.06505219999999999,0.09010560000000001,0.0702044,0.150328,0.092508,0.0,0.0,0.0,0.0,0.0,0.0,0.0,0.0,0.0,0.0,0.3225743,0.22776459999999998,0.0,0.0,0.9644893,0.9267855999999999,0.5684319999999999,0.28788899999999995,0.1283327,0.09775089999999999,0.1322283,0.09797609999999998,0.152264,0.09368559999999998,0.0405798,0.309448,0.029857399999999996,0.3849699999999999,0.015436189999999999,0.03331560000000001,0.027550599999999998,0.36337,0.040852599999999996,0.273645,0.412825,0.28941259999999996,0.15427659,1.3647486,1.1355335899999999,1.9420502,0.6006910000000001,0.5104017999999999,0.08886538999999999,0.08802630999999998,0.11830912000000002,0.12130845000000004,0.6743756000000001,0.6739018999999999,0.0,0.0,0.0,0.0,0.0,0.0,0.0,0.0,0.0,0.0,0.88155011,0.88323666,0.0,0.0,1.4822411100000001,1.3936384599999998,1.409315,1.0715790000000003,1.070308,1.208977,1.123653,1.1686980000000002,1.6679029999999997,1.9994969999999996,0.0,0.0,0.0,0.0,0.0,0.0,0.0,0.0,0.0,0.0,3.8618639999999997,4.377172,0.0,0.0,5.271179,5.448751
5.95684118,63.85,61.84,0.5523500000000001,0.609986,0.1133399,0.07712959999999999,0.10633699999999999,0.0848033,0.182152,0.12892900000000002,0.0,0.0,0.0,0.0,0.0,0.0,0.0,0.0,0.0,0.0,0.4018289,0.2908619,0.0,0.0,0.9541789,0.9008479,0.6510910000000001,0.313253,0.15157669999999998,0.10397360000000003,0.1585234,0.11047889999999999,0.1850330000000001,0.1171943,0.04050939999999999,0.267845,0.030779200000000007,0.33117099999999994,0.016519710000000003,0.03070289999999999,0.028156200000000003,0.30693899999999996,0.042264,0.24239,0.4951331000000001,0.3316468,0.15822851,1.1790478999999998,1.3044526100000002,1.8239477,0.6987590000000002,0.5546920000000002,0.09362635999999996,0.09056210000000003,0.12445891000000002,0.12305194,0.7234079999999995,0.6788829999999996,0.0,0.0,0.0,0.0,0.0,0.0,0.0,0.0,0.0,0.0,0.9414932699999995,0.8924970399999996,0.0,0.0,1.6402522699999997,1.4471890399999998,1.585242,1.1402290000000008,1.1252749999999998,1.1471730000000002,1.1847379999999998,1.1592759999999998,1.7184899999999999,1.9227839999999998,0.0,0.0,0.0,0.0,0.0,0.0,0.0,0.0,0.0,0.0,4.028503,4.229233,0.0,0.0,5.613745,5.369462
6.06684118,65.92,65.11,0.442058,0.503833,0.1348358,0.10804430000000001,0.10685069999999998,0.10235469999999999,0.18397999999999998,0.15324,0.0,0.0,0.0,0.0,0.0,0.0,0.0,0.0,0.0,0.0,0.42566649999999995,0.363639,0.0,0.0,0.8677245,0.867472,0.7309050000000004,0.35988499999999995,0.17082000000000003,0.12342559999999997,0.170147,0.1309487,0.20154200000000003,0.13931000000000002,0.03994170000000002,0.24468499999999993,0.030078300000000006,0.30062600000000006,0.018362309999999996,0.03144220000000001,0.0282208,0.27477000000000007,0.0427179,0.2257060000000001,0.542509,0.3936843,0.15932101,1.0772292,1.4327350100000005,1.8307985000000002,0.7663619999999997,0.651132,0.09566025000000002,0.09499819999999999,0.12717303000000005,0.12869547000000003,0.7457239999999996,0.7289220000000004,0.0,0.0,0.0,0.0,0.0,0.0,0.0,0.0,0.0,0.0,0.9685572799999996,0.9526156700000005,0.0,0.0,1.7349192799999993,1.6037476700000004,1.6873530000000003,1.3004290000000003,1.1343040000000002,1.181551,1.1740019999999993,1.2102449999999998,1.7494739999999998,1.948794,0.0,0.0,0.0,0.0,0.0,0.0,0.0,0.0,0.0,0.0,4.057779999999999,4.34059,0.0,0.0,5.745132999999999,5.641019
6.17784118,65.14,65.76,0.369937,0.38123699999999994,0.1352249,0.13171449999999998,0.0995577,0.1038026,0.179787,0.156507,0.0,0.0,0.0,0.0,0.0,0.0,0.0,0.0,0.0,0.0,0.4145696,0.3920241,0.0,0.0,0.7845066,0.7732610999999999,0.8252280000000001,0.40258199999999994,0.17940100000000003,0.14024710000000004,0.16912000000000002,0.1403371,0.20941300000000004,0.14899099999999998,0.038628499999999996,0.215599,0.028744100000000005,0.266394,0.02007948,0.0323289,0.027843399999999994,0.24259799999999995,0.041395600000000005,0.21016299999999996,0.5579340000000002,0.42957520000000005,0.15669108,0.9670829,1.53985308,1.7992401,0.7882220000000004,0.7183559999999999,0.09580199999999997,0.09611271000000005,0.12649324000000003,0.12948464999999998,0.723851,0.7493360000000007,0.0,0.0,0.0,0.0,0.0,0.0,0.0,0.0,0.0,0.0,0.94614624,0.9749333600000007,0.0,0.0,1.7343682400000004,1.6932893600000005,1.7017079999999987,1.3924819999999998,1.1072499999999998,1.1730959999999995,1.1170500000000005,1.1986990000000002,1.7098530000000003,1.9208619999999998,0.0,0.0,0.0,0.0,0.0,0.0,0.0,0.0,0.0,0.0,3.9341530000000007,4.292656999999999,0.0,0.0,5.635860999999999,5.6851389999999995
6.28784118,68.09,65.65,0.35563100000000003,0.30316099999999996,0.1334052,0.1341791,0.1081426,0.0985878,0.202494,0.157522,0.0,0.0,0.0,0.0,0.0,0.0,0.0,0.0,0.0,0.0,0.44404180000000004,0.3902889,0.0,0.0,0.7996728000000001,0.6934499,0.964451,0.459049,0.19151300000000002,0.14779,0.180466,0.140713,0.22473900000000002,0.156042,0.040120199999999995,0.18792000000000003,0.03061249999999999,0.229995,0.02214806,0.032813800000000004,0.029246499999999998,0.20933899999999994,0.041824499999999994,0.189984,0.5967180000000001,0.44454499999999997,0.16395175999999997,0.8500517999999999,1.72512076,1.7536458,0.8375510000000002,0.7456390000000003,0.10070935999999998,0.09604901999999998,0.13200818999999994,0.1289405,0.7316319999999997,0.7368819999999999,0.0,0.0,0.0,0.0,0.0,0.0,0.0,0.0,0.0,0.0,0.9643495499999997,0.9618715199999999,0.0,0.0,1.8019005499999998,1.7075105200000003,1.7808590000000004,1.4156669999999996,1.1506559999999997,1.1326540000000003,1.1537040000000005,1.1435799999999996,1.7357609999999999,1.8488790000000006,0.0,0.0,0.0,0.0,0.0,0.0,0.0,0.0,0.0,0.0,4.040121,4.125113000000001,0.0,0.0,5.8209800000000005,5.54078
6.39784118,74.42,70.39,0.35607,0.28976599999999997,0.13911579999999998,0.1352579,0.126005,0.10829609999999999,0.245188,0.178495,0.0,0.0,0.0,0.0,0.0,0.0,0.0,0.0,0.0,0.0,0.5103088,0.42204899999999995,0.0,0.0,0.8663788,0.711815,1.139141,0.5647930000000001,0.20880699999999994,0.15706470000000006,0.201262,0.15108300000000002,0.2373179999999999,0.16998499999999994,0.04268690000000001,0.181008,0.0343101,0.21632899999999997,0.0244794,0.036174,0.0317618,0.197678,0.04415220000000001,0.17732699999999998,0.6473869999999998,0.4781327,0.1773904,0.8085159999999999,1.9639183999999998,1.8514417,0.9109199999999998,0.8070340000000001,0.1095724799999999,0.10285414999999998,0.14182024000000001,0.13621820999999998,0.7651110000000002,0.7559550000000004,0.0,0.0,0.0,0.0,0.0,0.0,0.0,0.0,0.0,0.0,1.0165037200000002,0.9950273600000004,0.0,0.0,1.92742372,1.8020613600000004,1.9082469999999996,1.515693,1.2259860000000005,1.1667420000000006,1.2736300000000005,1.1774460000000004,1.8304170000000002,1.8767399999999992,0.0,0.0,0.0,0.0,0.0,0.0,0.0,0.0,0.0,0.0,4.330033000000001,4.220928000000001,0.0,0.0,6.2382800000000005,5.736621
6.50884118,78.29,75.19,0.345832,0.312067,0.155698,0.1440947,0.1430008,0.123799,0.28464900000000004,0.22118799999999997,0.0,0.0,0.0,0.0,0.0,0.0,0.0,0.0,0.0,0.0,0.5833478000000001,0.48908169999999995,0.0,0.0,0.9291798,0.8011486999999999,1.3029690000000003,0.696644,0.22788499999999998,0.16926610000000003,0.21891900000000003,0.16675500000000004,0.24316599999999994,0.17977800000000005,0.0442142,0.176612,0.035958299999999985,0.21212600000000004,0.025870600000000004,0.040363,0.0334426,0.195302,0.046116000000000004,0.168748,0.68997,0.5157991000000002,0.1856017,0.793151,2.1785407,2.0055941,0.9911580000000001,0.8851830000000004,0.11629919999999999,0.11168896000000005,0.15003649000000005,0.14518310999999995,0.786656,0.7770619999999997,0.0,0.0,0.0,0.0,0.0,0.0,0.0,0.0,0.0,0.0,1.05299169,1.0339340699999997,0.0,0.0,2.0441496900000002,1.91911707,2.0098500000000006,1.6457619999999993,1.2993729999999997,1.2292830000000008,1.3713410000000004,1.2676610000000001,1.8952119999999995,1.927035,0.0,0.0,0.0,0.0,0.0,0.0,0.0,0.0,0.0,0.0,4.565925999999999,4.423979000000001,0.0,0.0,6.575776,6.0697410000000005
6.61884118,79.61,76.91,0.32864699999999997,0.33028,0.176771,0.159197,0.1593537,0.14054709999999998,0.320623,0.276383,0.0,0.0,0.0,0.0,0.0,0.0,0.0,0.0,0.0,0.0,0.6567476999999999,0.5761271,0.0,0.0,0.9853947,0.9064071,1.4049680000000004,0.8079940000000001,0.24980000000000002,0.18477100000000002,0.233648,0.18069130000000005,0.263053,0.18775199999999992,0.04645970000000001,0.169873,0.0363579,0.20079600000000003,0.026430599999999995,0.0418419,0.03464330000000001,0.18886399999999995,0.047758099999999984,0.16037500000000002,0.746501,0.5532143,0.1916496,0.7617499,2.3431186000000004,2.1229582000000002,1.0929369999999994,0.968185,0.1227944,0.11749861999999996,0.1593039,0.15349510000000005,0.8173180000000005,0.792961,0.0,0.0,0.0,0.0,0.0,0.0,0.0,0.0,0.0,0.0,1.0994163000000006,1.0639547200000001,0.0,0.0,2.1923532999999997,2.03213972,2.0949280000000003,1.7493509999999992,1.403817,1.3139019999999995,1.4347109999999998,1.3517290000000006,1.9442570000000003,1.9603469999999994,0.0,0.0,0.0,0.0,0.0,0.0,0.0,0.0,0.0,0.0,4.7827850000000005,4.625978,0.0,0.0,6.877713000000001,6.375328999999999
6.72884118,80.12,78.18,0.307228,0.325372,0.18124300000000002,0.17373899999999998,0.170439,0.16008029999999998,0.363185,0.327225,0.0,0.0,0.0,0.0,0.0,0.0,0.0,0.0,0.0,0.0,0.714867,0.6610442999999999,0.0,0.0,1.022095,0.9864162999999999,1.4439340000000003,0.864142,0.269976,0.20237600000000003,0.24516900000000005,0.19116200000000005,0.30730299999999994,0.20799600000000001,0.04876799999999999,0.17121499999999995,0.03781040000000001,0.189332,0.027254099999999996,0.0413265,0.0367891,0.183109,0.0492789,0.15599300000000002,0.822448,0.6015340000000001,0.19990049999999998,0.7409755,2.4662825,2.2066515,1.1901710000000005,1.0626349999999998,0.1305872,0.12467760000000003,0.16918949999999996,0.1634753,0.8559859999999995,0.831699,0.0,0.0,0.0,0.0,0.0,0.0,0.0,0.0,0.0,0.0,1.1557626999999995,1.1198519,0.0,0.0,2.3459337,2.1824869,2.14636,1.8300040000000002,1.4998089999999995,1.4293149999999988,1.497866,1.4316469999999994,1.9954720000000004,2.0271219999999994,0.0,0.0,0.0,0.0,0.0,0.0,0.0,0.0,0.0,0.0,4.993147,4.888083999999997,0.0,0.0,7.139507,6.718087999999998
6.8398411800000005,80.83,79.44,0.276394,0.297692,0.177364,0.177127,0.17797700000000002,0.175837,0.42668,0.365468,0.0,0.0,0.0,0.0,0.0,0.0,0.0,0.0,0.0,0.0,0.7820210000000001,0.718432,0.0,0.0,1.058415,1.016124,1.461898,0.8773090000000003,0.28300000000000003,0.21608199999999997,0.257441,0.19811000000000004,0.35679199999999994,0.24602499999999997,0.0501063,0.171056,0.04044700000000001,0.18109500000000003,0.027762100000000005,0.040492700000000006,0.04104269999999998,0.178264,0.050266,0.15300600000000006,0.897233,0.6602169999999999,0.20962409999999998,0.7239137000000001,2.5687550999999997,2.2614397000000004,1.2644499999999996,1.1420910000000004,0.13581109999999993,0.13134840000000006,0.17742999999999998,0.17124989999999995,0.8749860000000004,0.8652319999999999,0.0,0.0,0.0,0.0,0.0,0.0,0.0,0.0,0.0,0.0,1.1882271000000002,1.1678302999999999,0.0,0.0,2.4526771,2.3099213000000005,2.154143999999999,1.8671509999999991,1.5514609999999993,1.4912350000000003,1.567799,1.4987879999999996,2.012171,2.0667659999999994,0.0,0.0,0.0,0.0,0.0,0.0,0.0,0.0,0.0,0.0,5.131430999999999,5.056788999999999,0.0,0.0,7.285574999999998,6.923939999999998
6.94984118,82.68,81.37,0.25320400000000004,0.263144,0.18259899999999998,0.18095100000000003,0.180431,0.18762399999999999,0.506637,0.41339099999999995,0.0,0.0,0.0,0.0,0.0,0.0,0.0,0.0,0.0,0.0,0.869667,0.7819659999999999,0.0,0.0,1.122871,1.04511,1.4944919999999997,0.8891579999999999,0.2902620000000001,0.22643000000000002,0.27304999999999996,0.21010400000000004,0.3874599999999999,0.28906099999999996,0.05133700000000001,0.16417499999999996,0.04274069999999999,0.17549299999999995,0.027398099999999995,0.0396912,0.0451358,0.17676,0.05105790000000001,0.14882,0.950772,0.725595,0.21766950000000002,0.7049391999999999,2.6629335,2.3196922,1.3206529999999994,1.21499,0.1397894000000001,0.13530749999999994,0.18468520000000013,0.17908789999999994,0.8783899999999993,0.882168,0.0,0.0,0.0,0.0,0.0,0.0,0.0,0.0,0.0,0.0,1.2028645999999996,1.1965633999999998,0.0,0.0,2.523517599999999,2.4115534,2.1402010000000002,1.8849729999999996,1.5798769999999998,1.5151239999999995,1.6241600000000003,1.5600110000000005,2.0199090000000006,2.0681089999999998,0.0,0.0,0.0,0.0,0.0,0.0,0.0,0.0,0.0,0.0,5.223946000000001,5.143243999999999,0.0,0.0,7.364147000000001,7.028217
7.059841179999999,85.56,84.62,0.23603500000000002,0.242336,0.192418,0.19406199999999998,0.17943900000000002,0.19373,0.56564,0.48806000000000005,0.0,0.0,0.0,0.0,0.0,0.0,0.0,0.0,0.0,0.0,0.937497,0.8758520000000001,0.0,0.0,1.173532,1.118188,1.5626780000000002,0.9227720000000003,0.30347799999999997,0.23713,0.285257,0.227185,0.40307000000000004,0.316807,0.05323689999999999,0.15705100000000002,0.04349489999999999,0.17227099999999995,0.027503200000000002,0.03906719999999999,0.0457846,0.175874,0.0528803,0.14464000000000002,0.991805,0.781122,0.22289989999999998,0.6889031999999999,2.7773829,2.3927972000000004,1.37014,1.2855220000000003,0.1447123000000001,0.1406876,0.18909350000000005,0.18808170000000002,0.8897350000000003,0.9001009999999997,0.0,0.0,0.0,0.0,0.0,0.0,0.0,0.0,0.0,0.0,1.2235408000000003,1.2288702999999996,0.0,0.0,2.5936808000000005,2.5143923,2.1388210000000005,1.9110400000000003,1.5968809999999998,1.5615370000000004,1.646447,1.6130259999999996,2.078241999999999,2.1008000000000004,0.0,0.0,0.0,0.0,0.0,0.0,0.0,0.0,0.0,0.0,5.321569999999999,5.2753630000000005,0.0,0.0,7.4603909999999996,7.186403
7.169841180000001,88.29,87.37,0.21378999999999998,0.220531,0.19384,0.20278,0.178328,0.194781,0.5744440000000001,0.559331,0.0,0.0,0.0,0.0,0.0,0.0,0.0,0.0,0.0,0.0,0.946612,0.9568920000000001,0.0,0.0,1.160402,1.177423,1.6955990000000003,0.971942,0.321015,0.25041199999999997,0.28748699999999994,0.23820499999999997,0.416527,0.33357900000000024,0.055178099999999994,0.15194400000000002,0.0439573,0.16764299999999996,0.0286868,0.039116200000000004,0.044931599999999995,0.168511,0.05519789999999999,0.14078000000000002,1.025029,0.8221960000000001,0.22795169999999998,0.6679942,2.9485797000000002,2.4621322,1.4131900000000004,1.3364360000000006,0.1478923,0.14548340000000004,0.18983580000000003,0.19057229999999992,0.9065810000000001,0.9163589999999997,0.0,0.0,0.0,0.0,0.0,0.0,0.0,0.0,0.0,0.0,1.2443091000000002,1.2524146999999997,0.0,0.0,2.6574991000000003,2.5888507,2.1526569999999996,1.9366620000000008,1.600155,1.5925689999999992,1.6492719999999998,1.629305000000001,2.1658749999999998,2.149891,0.0,0.0,0.0,0.0,0.0,0.0,0.0,0.0,0.0,0.0,5.415302,5.371765,0.0,0.0,7.567958999999999,7.308427000000001
7.2808411799999995,90.58,87.91,0.193045,0.188898,0.18624,0.200624,0.17428900000000003,0.192948,0.563325,0.5831329999999999,0.0,0.0,0.0,0.0,0.0,0.0,0.0,0.0,0.0,0.0,0.923854,0.9767049999999999,0.0,0.0,1.116899,1.165603,1.9148149999999997,1.0287089999999999,0.32553300000000013,0.26041499999999995,0.2882219999999999,0.236567,0.43111000000000005,0.345646,0.0564156,0.14703699999999997,0.046500900000000005,0.16003700000000004,0.030026699999999996,0.03904270000000001,0.0460628,0.15850100000000006,0.057033799999999996,0.13614199999999999,1.0448650000000002,0.8426279999999999,0.2360398,0.6407597,3.1957198,2.5120967,1.4428740000000002,1.3635110000000001,0.1487014999999999,0.14540649999999994,0.1928068999999999,0.18667780000000003,0.916667,0.9211029999999998,0.0,0.0,0.0,0.0,0.0,0.0,0.0,0.0,0.0,0.0,1.2581753999999998,1.2531872999999998,0.0,0.0,2.7010494,2.6166983,2.162442,1.936864,1.6097029999999999,1.5795620000000001,1.6884840000000003,1.6108560000000003,2.2499799999999994,2.169492,0.0,0.0,0.0,0.0,0.0,0.0,0.0,0.0,0.0,0.0,5.548166999999999,5.35991,0.0,0.0,7.710609,7.296774
7.39084118,92.31,87.88,0.18056800000000003,0.163476,0.179983,0.194432,0.16861,0.188281,0.5615209999999999,0.589892,0.0,0.0,0.0,0.0,0.0,0.0,0.0,0.0,0.0,0.0,0.910114,0.9726049999999999,0.0,0.0,1.090682,1.136081,2.1986120000000002,1.1213860000000004,0.314313,0.260955,0.29959399999999986,0.23307899999999998,0.43057699999999993,0.3540320000000002,0.058242299999999976,0.14267600000000003,0.04959029999999999,0.15582600000000008,0.031176699999999995,0.038671599999999993,0.047314999999999996,0.15495199999999995,0.05810300000000001,0.132366,1.0444839999999997,0.8480660000000002,0.24442729999999996,0.6244916,3.4875233,2.5939436000000007,1.4521459999999997,1.3830760000000002,0.1483928,0.1432332,0.19863490000000006,0.18708750000000002,0.9149029999999999,0.9237269999999997,0.0,0.0,0.0,0.0,0.0,0.0,0.0,0.0,0.0,0.0,1.2619307,1.2540476999999997,0.0,0.0,2.7140766999999997,2.6371237,2.1616239999999998,1.9226470000000004,1.613522,1.570363,1.7509760000000003,1.6234120000000003,2.3422079999999994,2.200971,0.0,0.0,0.0,0.0,0.0,0.0,0.0,0.0,0.0,0.0,5.706706,5.3947460000000005,0.0,0.0,7.868329999999999,7.317393000000001
7.50084118,91.83,88.7,0.17944399999999996,0.15673700000000002,0.17549199999999998,0.19057899999999997,0.15680800000000003,0.184291,0.532722,0.6143580000000001,0.0,0.0,0.0,0.0,0.0,0.0,0.0,0.0,0.0,0.0,0.8650220000000001,0.989228,0.0,0.0,1.044466,1.1459650000000001,2.4550369999999986,1.2989180000000002,0.303378,0.256298,0.30858300000000005,0.24195399999999997,0.394534,0.352826,0.05934970000000001,0.14047299999999996,0.0487962,0.15374100000000004,0.0317569,0.040042100000000004,0.045699199999999995,0.15297299999999997,0.0569727,0.12882299999999997,1.0064950000000001,0.851078,0.2425747,0.6160521,3.7041066999999988,2.7660481000000003,1.4285219999999994,1.4061300000000005,0.14692239999999998,0.1419324,0.2004528,0.19370620000000005,0.8954609999999998,0.9267449999999995,0.0,0.0,0.0,0.0,0.0,0.0,0.0,0.0,0.0,0.0,1.2428361999999997,1.2623835999999995,0.0,0.0,2.6713581999999993,2.6685136000000003,2.125069999999999,1.9291949999999998,1.5738959999999989,1.567363,1.738286000000001,1.6776970000000002,2.4162229999999996,2.2834349999999994,0.0,0.0,0.0,0.0,0.0,0.0,0.0,0.0,0.0,0.0,5.7284049999999995,5.5284949999999995,0.0,0.0,7.853474999999999,7.4576899999999995
7.61184118,90.1,89.65,0.18431299999999998,0.16633199999999998,0.17144899999999996,0.19087200000000004,0.141438,0.177268,0.4396729999999999,0.605027,0.0,0.0,0.0,0.0,0.0,0.0,0.0,0.0,0.0,0.0,0.7525599999999999,0.973167,0.0,0.0,0.9368729999999998,1.139499,2.6365119999999997,1.5249730000000006,0.302944,0.253803,0.298559,0.25327099999999997,0.34210100000000004,0.32819100000000007,0.05709459999999999,0.13672900000000002,0.04403119999999999,0.14533799999999997,0.031829099999999985,0.04266259999999998,0.0421193,0.14242100000000002,0.054805,0.12209999999999999,0.9436040000000001,0.835265,0.22987919999999995,0.5892506,3.8099952,2.9494886000000005,1.3910040000000001,1.4138799999999998,0.14721510000000007,0.14257370000000008,0.19896670000000014,0.19839490000000007,0.8729840000000001,0.919976,0.0,0.0,0.0,0.0,0.0,0.0,0.0,0.0,0.0,0.0,1.2191658000000003,1.2609446000000002,0.0,0.0,2.6101698000000004,2.6748246,2.0566469999999994,1.9393679999999989,1.5130390000000011,1.5314919999999996,1.6539920000000004,1.6800420000000003,2.454770999999999,2.384129000000001,0.0,0.0,0.0,0.0,0.0,0.0,0.0,0.0,0.0,0.0,5.621802000000001,5.595663000000001,0.0,0.0,7.6784490000000005,7.535031
7.72184118,91.2,90.74,0.18261500000000003,0.177113,0.17537,0.194855,0.13783499999999999,0.16570400000000002,0.3478399999999999,0.521996,0.0,0.0,0.0,0.0,0.0,0.0,0.0,0.0,0.0,0.0,0.6610449999999999,0.882555,0.0,0.0,0.84366,1.059668,2.795617,1.6843409999999999,0.310522,0.25647100000000006,0.28279899999999997,0.24953100000000006,0.3225630000000001,0.2914859999999999,0.054949100000000015,0.127338,0.040479100000000004,0.12970099999999998,0.033590699999999994,0.0440781,0.040467899999999994,0.12622,0.055606,0.11480699999999998,0.9158840000000001,0.797488,0.2250928,0.5421441,3.9365938000000003,3.0239731,1.3992850000000006,1.4048430000000005,0.15371240000000008,0.1463440999999999,0.20275219999999994,0.19838260000000013,0.8778799999999998,0.910777,0.0,0.0,0.0,0.0,0.0,0.0,0.0,0.0,0.0,0.0,1.2343445999999998,1.2555037,0.0,0.0,2.6336296000000003,2.6603467000000003,2.0157810000000005,1.9162049999999993,1.5062710000000004,1.4672690000000002,1.6060909999999993,1.609816,2.5386099999999994,2.459198999999999,0.0,0.0,0.0,0.0,0.0,0.0,0.0,0.0,0.0,0.0,5.650971999999999,5.536283999999999,0.0,0.0,7.666753,7.452488999999998
7.83184118,95.66,92.28,0.17779,0.175786,0.182879,0.203982,0.145844,0.158729,0.35405899999999996,0.432129,0.0,0.0,0.0,0.0,0.0,0.0,0.0,0.0,0.0,0.0,0.682782,0.79484,0.0,0.0,0.860572,0.970626,2.977459,1.7597649999999998,0.318254,0.26268,0.287536,0.23901999999999998,0.35514299999999993,0.27346699999999996,0.05804019999999999,0.120018,0.04169970000000001,0.114464,0.037726300000000004,0.045151100000000007,0.043707800000000005,0.11501799999999998,0.059187,0.11246500000000001,0.9609329999999999,0.7751669999999999,0.24036100000000002,0.5071161,4.178753,3.0420480999999997,1.4821789999999997,1.422737,0.16475979999999998,0.15171869999999996,0.21441650000000004,0.19971339999999985,0.9159850000000002,0.9192199999999997,0.0,0.0,0.0,0.0,0.0,0.0,0.0,0.0,0.0,0.0,1.2951613000000002,1.2706520999999995,0.0,0.0,2.7773402999999997,2.693389099999999,2.030785999999999,1.8849850000000008,1.5877639999999993,1.426978999999999,1.6523350000000006,1.5493589999999993,2.718474999999998,2.544669999999999,0.0,0.0,0.0,0.0,0.0,0.0,0.0,0.0,0.0,0.0,5.958573999999998,5.5210079999999975,0.0,0.0,7.989359999999997,7.405992999999999
7.94284118,100.6,95.15,0.18624000000000002,0.17003,0.18293900000000002,0.21186699999999997,0.15269699999999997,0.160772,0.40592000000000006,0.41936399999999996,0.0,0.0,0.0,0.0,0.0,0.0,0.0,0.0,0.0,0.0,0.7415560000000001,0.7920029999999999,0.0,0.0,0.9277960000000001,0.9620329999999999,3.2082710000000008,1.846241,0.32058199999999987,0.268013,0.31129999999999997,0.24335700000000007,0.40874400000000005,0.292086,0.0646232,0.12105400000000001,0.0453964,0.108949,0.0425705,0.0479174,0.04931899999999999,0.11528699999999997,0.06184190000000002,0.11488999999999999,1.0406259999999998,0.8034560000000001,0.263751,0.5080974,4.512648,3.1577944000000002,1.5772559999999995,1.492853,0.17509779999999997,0.15775919999999996,0.22522340000000013,0.20661790000000002,0.9528979999999998,0.9487930000000001,0.0,0.0,0.0,0.0,0.0,0.0,0.0,0.0,0.0,0.0,1.3532191999999998,1.3131701,0.0,0.0,2.9304751999999996,2.8060231,2.0586620000000004,1.8958439999999994,1.7058890000000002,1.4577819999999997,1.7478909999999994,1.5572930000000003,2.8969210000000003,2.69519,0.0,0.0,0.0,0.0,0.0,0.0,0.0,0.0,0.0,0.0,6.350701,5.710265,0.0,0.0,8.409363,7.606109
8.05284118,102.1,99.2,0.19348,0.18152,0.180508,0.21267899999999998,0.155393,0.16926599999999997,0.4001,0.436986,0.0,0.0,0.0,0.0,0.0,0.0,0.0,0.0,0.0,0.0,0.736001,0.818931,0.0,0.0,0.929481,1.000451,3.3906199999999997,1.9966329999999999,0.31228900000000004,0.270156,0.32019899999999996,0.263013,0.4490199999999999,0.330727,0.06847349999999999,0.12338500000000001,0.047468399999999994,0.110646,0.04667599999999999,0.0525933,0.05252009999999999,0.12138700000000001,0.061240200000000015,0.11586599999999998,1.081508,0.863896,0.27637819999999996,0.5238773,4.7485062,3.3844062999999998,1.5814989999999995,1.571526,0.17738690000000004,0.1651018999999999,0.2250147999999998,0.21462380000000006,0.9365540000000003,0.9771950000000003,0.0,0.0,0.0,0.0,0.0,0.0,0.0,0.0,0.0,0.0,1.3389557,1.3569207000000003,0.0,0.0,2.9204546999999996,2.9284467000000003,2.0102650000000004,1.939196,1.7426000000000004,1.5381839999999998,1.7796500000000006,1.6159170000000007,2.921579999999999,2.852840000000001,0.0,0.0,0.0,0.0,0.0,0.0,0.0,0.0,0.0,0.0,6.44383,6.006941000000001,0.0,0.0,8.454095,7.946137000000001
8.162841180000001,90.53,100.9,0.16349,0.19265999999999997,0.162638,0.213914,0.14147300000000002,0.17814700000000003,0.326667,0.41609,0.0,0.0,0.0,0.0,0.0,0.0,0.0,0.0,0.0,0.0,0.6307780000000001,0.8081510000000001,0.0,0.0,0.794268,1.0008110000000001,3.061177999999999,2.09322,0.26708000000000004,0.26695,0.27515800000000007,0.26966199999999996,0.42033400000000004,0.357069,0.06163400000000001,0.11835700000000003,0.042425899999999996,0.10834599999999997,0.04425200000000001,0.0566319,0.04701020000000001,0.12122199999999997,0.05352260000000002,0.10964100000000003,0.9625720000000002,0.893681,0.24884470000000003,0.5141979,4.272594699999999,3.5010989,1.3599840000000003,1.5767190000000002,0.15351810000000007,0.16735450000000004,0.19650760000000006,0.21532319999999994,0.7915539999999995,0.9579460000000002,0.0,0.0,0.0,0.0,0.0,0.0,0.0,0.0,0.0,0.0,1.1415796999999996,1.3406237,0.0,0.0,2.5015637,2.9173427000000003,1.7031569999999994,1.9182029999999999,1.5103889999999995,1.5637900000000013,1.5606360000000004,1.6226759999999993,2.5329780000000004,2.866889999999999,0.0,0.0,0.0,0.0,0.0,0.0,0.0,0.0,0.0,0.0,5.6040030000000005,6.053355999999999,0.0,0.0,7.30716,7.971558999999999
8.27284118,56.61,89.0,0.091825,0.15975,0.101172,0.19003,0.09095299999999999,0.16200199999999998,0.19485400000000005,0.34339,0.0,0.0,0.0,0.0,0.0,0.0,0.0,0.0,0.0,0.0,0.3869790000000001,0.695422,0.0,0.0,0.47880400000000006,0.8551719999999999,1.8693039999999994,1.845822999999999,0.16032239999999998,0.23087400000000002,0.16387320000000002,0.229303,0.2675219999999999,0.31921,0.038051700000000015,0.09710499999999998,0.0259784,0.0907104,0.0284173,0.05121879999999999,0.028495799999999998,0.10076519999999999,0.0332659,0.0895004,0.5917176,0.779387,0.15420910000000002,0.42929979999999995,2.6152306999999992,3.054509799999999,0.8160400000000001,1.3519029999999996,0.09143880000000004,0.14383980000000002,0.1209888,0.18796539999999998,0.4670130000000001,0.80089,0.0,0.0,0.0,0.0,0.0,0.0,0.0,0.0,0.0,0.0,0.6794406000000002,1.1326952,0.0,0.0,1.4954806000000003,2.4845981999999998,1.0059100000000005,1.6225989999999997,0.8978990000000001,1.3442430000000003,0.9519459999999996,1.391618000000001,1.5221950000000006,2.451624999999999,0.0,0.0,0.0,0.0,0.0,0.0,0.0,0.0,0.0,0.0,3.37204,5.187486,0.0,0.0,4.377950000000001,6.810085
8.383841180000001,17.43,53.82,0.023400999999999998,0.08516799999999998,0.0288566,0.11013500000000001,0.028828399999999997,0.09925229999999999,0.057313,0.201732,0.0,0.0,0.0,0.0,0.0,0.0,0.0,0.0,0.0,0.0,0.114998,0.41111929999999997,0.0,0.0,0.138399,0.4962873,0.5391657999999999,1.097922,0.04613779999999999,0.13641749999999997,0.04751520000000002,0.1338071,0.08121290000000003,0.18876599999999996,0.011098869999999999,0.05544699999999999,0.00753072,0.05251049999999998,0.008658979999999998,0.030563200000000002,0.00803499,0.05657619999999999,0.009998880000000002,0.05108519999999999,0.17486590000000005,0.4589905999999999,0.04532244,0.24618209999999996,0.75935414,1.8030947,0.23443129999999995,0.792604,0.025883,0.08346240000000002,0.03616387,0.11280929999999995,0.13102470000000002,0.45949600000000035,0.0,0.0,0.0,0.0,0.0,0.0,0.0,0.0,0.0,0.0,0.19307157000000003,0.6557677000000003,0.0,0.0,0.42750287,1.4483717000000003,0.282257,0.9371119999999998,0.25064290000000006,0.7844749999999997,0.27937549999999983,0.8215079999999998,0.4350396000000001,1.4281649999999995,0.0,0.0,0.0,0.0,0.0,0.0,0.0,0.0,0.0,0.0,0.965058,3.034147999999999,0.0,0.0,1.247315,3.9712599999999987
8.49384118,-1.086,15.03,-0.0036161,0.019542999999999998,-0.00309834,0.0268667,-0.0014822,0.027870799999999998,-0.00522768,0.0549539,0.0,0.0,0.0,0.0,0.0,0.0,0.0,0.0,0.0,0.0,-0.00980822,0.1096914,0.0,0.0,-0.01342432,0.1292344,-0.048575141999999995,0.2985724,-0.004374730700000001,0.0366768,-0.0040881380999999994,0.03670899999999999,-0.005784501400000001,0.05088899999999999,-0.0010087992,0.014715999999999998,-0.0006917989599999998,0.014064600000000002,-0.0005937229999999999,0.008214050000000002,-0.000855526,0.014347899999999997,-0.0007932455000000001,0.0134772,-0.014247370200000001,0.12427479999999999,-0.00394309266,0.06481975,-0.06676560486,0.48766695,-0.022151270000000008,0.21328000000000003,-0.0025621678799999993,0.022061700000000004,-0.002773884799999999,0.03118952000000001,-0.013783255999999997,0.12064280000000002,0.0,0.0,0.0,0.0,0.0,0.0,0.0,0.0,0.0,0.0,-0.019119308679999995,0.17389402000000004,0.0,0.0,-0.04127057868,0.38717402000000006,-0.029731114185999996,0.24626629999999997,-0.027183907000000004,0.20933809999999994,-0.02379727509999999,0.22668790000000003,-0.04197305199999999,0.37794630000000007,0.0,0.0,0.0,0.0,0.0,0.0,0.0,0.0,0.0,0.0,-0.09295423409999998,0.8139723000000001,0.0,0.0,-0.12268534828599997,1.0602386
8.60384118,-2.381,-1.749,-0.0038207,-0.0041482,-0.0042289599999999995,-0.0049356700000000005,-0.0038352399999999997,-0.00320918,-0.0083602,-0.007211999999999999,0.0,0.0,0.0,0.0,0.0,0.0,0.0,0.0,0.0,0.0,-0.0164244,-0.015356849999999998,0.0,0.0,-0.0202451,-0.01950505,-0.0772784,-0.038437969999999995,-0.006739980000000001,-0.004950709100000001,-0.006849280000000001,-0.004476129999999999,-0.011134600000000001,-0.006344340999999997,-0.0015864700000000004,-0.0020276089999999997,-0.001083819,-0.0018810959999999994,-0.0011753370000000003,-0.0010755089999999999,-0.0011839899999999998,-0.0022766250000000004,-0.0014072500000000003,-0.0019388049999999996,-0.024723860000000004,-0.015771180099999997,-0.006436866000000001,-0.009199644,-0.108439126,-0.06340879409999998,-0.03414324999999997,-0.028249045,-0.0038034029999999995,-0.0030688489,-0.005077912000000002,-0.0037748689999999984,-0.019534439999999997,-0.017426302000000005,0.0,0.0,0.0,0.0,0.0,0.0,0.0,0.0,0.0,0.0,-0.028415754999999997,-0.024270019900000002,0.0,0.0,-0.06255900499999997,-0.0525190649,-0.0421338,-0.035671579999999994,-0.0373673,-0.028537269999999993,-0.039896299999999996,-0.027145149999999993,-0.0635001,-0.05349084000000003,0.0,0.0,0.0,0.0,0.0,0.0,0.0,0.0,0.0,0.0,-0.1407637,-0.10917326000000002,0.0,0.0,-0.1828975,-0.14484484
8.71484118,-0.6676,-2.263,-0.0009428599999999999,-0.0035317,-0.0010848099999999999,-0.00450065,-0.00108777,-0.0041655400000000006,-0.00222614,-0.0085668,0.0,0.0,0.0,0.0,0.0,0.0,0.0,0.0,0.0,0.0,-0.00439872,-0.01723299,0.0,0.0,-0.00534158,-0.02076469,-0.020802760000000007,-0.04596650999999999,-0.00180168,-0.00573022,-0.001871316,-0.00565948,-0.0030421899999999993,-0.00778904,-0.00042147600000000006,-0.002345550000000001,-0.00028866999999999993,-0.0022137400000000005,-0.00032341600000000004,-0.00126466,-0.000307537,-0.00236443,-0.000380239,-0.0021699999999999996,-0.006715186,-0.01917874,-0.001721338,-0.01035838,-0.029239284000000008,-0.07550362999999999,-0.00914542,-0.03327645999999998,-0.0010161270000000006,-0.0034877659999999993,-0.0013930649999999995,-0.004742003000000001,-0.0051732700000000015,-0.01934551,0.0,0.0,0.0,0.0,0.0,0.0,0.0,0.0,0.0,0.0,-0.007582462000000002,-0.027575279,0.0,0.0,-0.016727882,-0.06085173899999998,-0.011145769999999998,-0.0393742,-0.009790899999999991,-0.032880699999999985,-0.010785139999999999,-0.0346943,-0.016953369999999995,-0.05983999999999999,0.0,0.0,0.0,0.0,0.0,0.0,0.0,0.0,0.0,0.0,-0.037529409999999985,-0.12741499999999997,0.0,0.0,-0.048675179999999985,-0.16678919999999997
8.82484118,-0.08502,-0.5738,-0.00011000300000000001,-0.0008159499999999999,-0.00012908800000000002,-0.00105206,-0.00013876600000000002,-0.0010494100000000002,-0.000271935,-0.00214437,0.0,0.0,0.0,0.0,0.0,0.0,0.0,0.0,0.0,0.0,-0.000539789,-0.004245840000000001,0.0,0.0,-0.0006497920000000001,-0.00506179,-0.0025905419999999995,-0.011465630000000004,-0.000222621,-0.0014218820000000002,-0.000235898,-0.0014381160000000001,-0.0003792400000000001,-0.0019842300000000005,-5.17148e-05,-0.0005895200000000001,-3.5427600000000006e-05,-0.000557046,-4.0753200000000015e-05,-0.000315767,-3.7138800000000004e-05,-0.0005803389999999999,-4.699819999999998e-05,-0.0005380560000000001,-0.0008377590000000001,-0.004844228000000001,-0.0002120326,-0.002580728,-0.0036403335999999997,-0.018890586000000004,-0.001135022,-0.008326589999999998,-0.00012621019999999996,-0.0008687810000000001,-0.00017530700000000003,-0.0011977459999999998,-0.0006387269999999997,-0.004790430000000003,0.0,0.0,0.0,0.0,0.0,0.0,0.0,0.0,0.0,0.0,-0.0009402441999999998,-0.006856957000000002,0.0,0.0,-0.0020752661999999997,-0.015183547,-0.00137173,-0.009712339999999998,-0.001197138,-0.008187380000000001,-0.0013407010000000001,-0.00883088,-0.0020983480000000003,-0.014783989999999997,0.0,0.0,0.0,0.0,0.0,0.0,0.0,0.0,0.0,0.0,-0.004636187,-0.03180225,0.0,0.0,-0.006007917000000001,-0.04151459
8.93484118,-0.005607,-0.06707,-6.7542000000000005e-06,-8.972500000000001e-05,-8.0224e-06,-0.00011691400000000001,-9.117200000000001e-06,-0.000121476,-1.72549e-05,-0.000249498,0.0,0.0,0.0,0.0,0.0,0.0,0.0,0.0,0.0,0.0,-3.4394500000000004e-05,-0.000487888,0.0,0.0,-4.11487e-05,-0.000577613,-0.0001682454,-0.0013260980000000002,-1.4344199999999999e-05,-0.00016386110000000002,-1.5502020000000003e-05,-0.00016853499999999998,-2.4526800000000007e-05,-0.00023550099999999997,-3.31341e-06,-6.904520000000001e-05,-2.2610500000000006e-06,-6.52426e-05,-2.673349999999999e-06,-3.66868e-05,-2.34677e-06,-6.70422e-05,-3.0161299999999994e-06,-6.208779999999999e-05,-5.437302000000001e-05,-0.0005678971,-1.3610709999999999e-05,-0.0003001046,-0.00023622913,-0.0021940997,-7.359270000000002e-05,-0.000968195,-8.19833e-06,-0.00010090989999999999,-1.1475870000000001e-05,-0.00013988129999999995,-4.131100000000001e-05,-0.0005534380000000002,0.0,0.0,0.0,0.0,0.0,0.0,0.0,0.0,0.0,0.0,-6.0985200000000014e-05,-0.0007942292000000001,0.0,0.0,-0.00013457790000000002,-0.0017624242000000001,-8.82456e-05,-0.0011181849999999998,-7.671139999999999e-05,-0.000949176,-8.670270000000002e-05,-0.00103643,-0.00013559790000000006,-0.0017040359999999997,0.0,0.0,0.0,0.0,0.0,0.0,0.0,0.0,0.0,0.0,-0.0002990120000000001,-0.003689642,0.0,0.0,-0.00038725760000000005,-0.004807827
9.04584118,-0.0001991,-0.004051,-2.2588999999999997e-07,-5.1641e-06,-2.7014e-07,-6.80765e-06,-3.21304e-07,-7.24901e-06,-5.9098e-07,-1.5071400000000001e-05,0.0,0.0,0.0,0.0,0.0,0.0,0.0,0.0,0.0,0.0,-1.1824240000000001e-06,-2.912806e-05,0.0,0.0,-1.408314e-06,-3.429216e-05,-5.9019790000000005e-06,-7.948279999999997e-05,-4.996829999999999e-07,-9.78196e-06,-5.505300000000002e-07,-1.019418e-05,-8.552140000000002e-07,-1.4509199999999998e-05,-1.1502529999999999e-07,-4.19694e-06,-7.783949999999995e-08,-3.96317e-06,-9.475550000000003e-08,-2.2110100000000004e-06,-8.043789999999999e-08,-4.03823e-06,-1.0442720000000001e-07,-3.7121199999999997e-06,-1.9054270000000001e-06,-3.4485339999999996e-05,-4.7248539999999995e-07,-1.812147e-05,-8.2798914e-06,-0.00013208960999999998,-2.582434e-06,-5.835290000000002e-05,-2.8830820000000016e-07,-6.083392000000003e-06,-4.0557949999999994e-07,-8.453679999999999e-06,-1.448519000000001e-06,-3.318592e-05,0.0,0.0,0.0,0.0,0.0,0.0,0.0,0.0,0.0,0.0,-2.142406700000001e-06,-4.7722992e-05,0.0,0.0,-4.724840700000002e-06,-0.00010607589200000002,-3.072215e-06,-6.685379999999995e-05,-2.6671220000000004e-06,-5.710230000000004e-05,-3.027305e-06,-6.278369999999997e-05,-4.7389899999999975e-06,-0.00010203120000000001,0.0,0.0,0.0,0.0,0.0,0.0,0.0,0.0,0.0,0.0,-1.0433416999999997e-05,-0.0002219172,0.0,0.0,-1.3505631999999999e-05,-0.00028877099999999995
9.15584118,-3.861e-06,-0.000131,-4.1687e-09,-1.60405e-07,-4.996079999999999e-09,-2.13909e-07,-6.165970000000001e-09,-2.31157e-07,-1.1082400000000001e-08,-4.88831e-07,0.0,0.0,0.0,0.0,0.0,0.0,0.0,0.0,0.0,0.0,-2.2244450000000002e-08,-9.33897e-07,0.0,0.0,-2.641315e-08,-1.0943020000000001e-06,-1.1324639e-07,-2.5549900000000002e-06,-9.53405e-09,-3.1286999999999997e-07,-1.0698259999999998e-08,-3.29583e-07,-1.6307190000000003e-08,-4.790469999999999e-07,-2.1919700000000002e-09,-1.36793e-07,-1.465383e-09,-1.290062e-07,-1.837999e-09,-7.14264e-08,-1.5151800000000003e-09,-1.3078099999999999e-07,-1.97777e-09,-1.189371e-07,-3.65395e-08,-1.1214999999999998e-06,-8.988302000000001e-09,-5.869437e-07,-1.58774192e-07,-4.2634337e-06,-4.965529999999999e-08,-1.884791e-06,-5.555425999999997e-09,-1.9664739999999994e-07,-7.839837e-09,-2.735742e-07,-2.7862270000000008e-08,-1.0673450000000003e-06,0.0,0.0,0.0,0.0,0.0,0.0,0.0,0.0,0.0,0.0,-4.1257533000000005e-08,-1.5375666000000003e-06,0.0,0.0,-9.091283299999999e-08,-3.4223576e-06,-5.860524e-08,-2.14513e-06,-5.0915510000000013e-08,-1.8428850000000004e-06,-5.784929999999999e-08,-2.032294e-06,-9.069619999999996e-08,-3.279801999999999e-06,0.0,0.0,0.0,0.0,0.0,0.0,0.0,0.0,0.0,0.0,-1.9946100999999997e-07,-7.154981e-06,0.0,0.0,-2.5806625e-07,-9.300111e-06
9.265841179999999,-4.109e-08,-2.295e-06,-4.2621e-11,-2.7226e-09,-5.09984e-11,-3.66605e-09,-6.4815e-11,-3.99552e-09,-1.14386e-10,-8.61414e-09,0.0,0.0,0.0,0.0,0.0,0.0,0.0,0.0,0.0,0.0,-2.301994e-10,-1.627571e-08,0.0,0.0,-2.728204e-10,-1.8998310000000002e-08,-1.1934617999999999e-09,-4.461523999999999e-08,-1.0005609999999997e-10,-5.430090000000001e-09,-1.1422709999999997e-10,-5.77273e-09,-1.7092150000000003e-10,-8.571690000000001e-09,-2.3027099999999993e-11,-2.4198299999999995e-09,-1.5162790000000004e-11,-2.2773800000000007e-09,-1.958719999999999e-11,-1.2522849999999999e-09,-1.5749899999999998e-11,-2.3026899999999992e-09,-2.0592899999999994e-11,-2.06839e-09,-3.8520469999999997e-10,-1.9774510000000003e-08,-9.411988999999998e-11,-1.0320574999999999e-08,-1.6727863899999998e-09,-7.471032499999999e-08,-5.251030000000002e-10,-3.3035750000000005e-08,-5.886211999999996e-11,-3.4500420000000017e-09,-8.324565000000003e-11,-4.802658999999999e-09,-2.949920000000001e-10,-1.8641030000000008e-08,0.0,0.0,0.0,0.0,0.0,0.0,0.0,0.0,0.0,0.0,-4.370997700000001e-10,-2.689373100000001e-08,0.0,0.0,-9.622027700000004e-10,-5.992948100000002e-08,-6.150071999999998e-10,-3.739764000000002e-08,-5.355042e-10,-3.230158999999999e-08,-6.078880000000001e-10,-3.562623e-08,-9.544090000000003e-10,-5.730189999999997e-08,0.0,0.0,0.0,0.0,0.0,0.0,0.0,0.0,0.0,0.0,-2.0978012000000003e-09,-1.2522971999999995e-07,0.0,0.0,-2.7128084e-09,-1.6262735999999997e-07
9.37584118,-2.403e-10,-2.192e-08,-2.41358e-13,-2.5355000000000003e-11,-2.87611e-13,-3.43933e-11,-3.7399499999999996e-13,-3.764980000000001e-11,-6.506999999999998e-13,-8.283e-11,0.0,0.0,0.0,0.0,0.0,0.0,0.0,0.0,0.0,0.0,-1.3123059999999998e-12,-1.548731e-10,0.0,0.0,-1.5536639999999998e-12,-1.8022810000000002e-10,-6.9130459999999984e-12,-4.252895999999999e-10,-5.778960000000002e-13,-5.138989999999999e-11,-6.703239999999999e-13,-5.50851e-11,-9.85855e-13,-8.349479999999999e-11,-1.3337500000000002e-13,-2.3335699999999996e-11,-8.634890000000001e-14,-2.1903300000000008e-11,-1.1472939999999996e-13,-1.19714e-11,-9.03581e-14,-2.2126100000000003e-11,-1.17983e-13,-1.9623199999999998e-11,-2.234075e-12,-1.8996979999999998e-10,-5.427944e-13,-9.895970000000001e-11,-9.689915399999999e-12,-7.142190999999999e-10,-3.054807e-12,-3.1571979999999996e-10,-3.430542999999999e-13,-3.300357000000001e-11,-4.858043e-13,-4.596390999999999e-11,-1.7190419999999995e-12,-1.7762909999999998e-10,0.0,0.0,0.0,0.0,0.0,0.0,0.0,0.0,0.0,0.0,-2.5479005999999992e-12,-2.5659658e-10,0.0,0.0,-5.6027075999999995e-12,-5.723163799999999e-10,-3.5520599999999997e-12,-3.558787000000001e-10,-3.1028729999999994e-12,-3.0890370000000003e-10,-3.515783999999998e-12,-3.400857000000001e-10,-5.525516999999996e-12,-5.465970000000001e-10,0.0,0.0,0.0,0.0,0.0,0.0,0.0,0.0,0.0,0.0,-1.2144173999999994e-11,-1.1955864000000003e-09,0.0,0.0,-1.5696233999999992e-11,-1.5514651000000003e-09
9.486841179999999,-7.71e-13,-1.143e-10,-7.5441e-16,-1.2970999999999998e-13,-8.9449e-16,-1.76799e-13,-1.1833299999999998e-15,-1.93913e-13,-2.0349799999999998e-15,-4.3520699999999995e-13,0.0,0.0,0.0,0.0,0.0,0.0,0.0,0.0,0.0,0.0,-4.1128e-15,-8.059189999999999e-13,0.0,0.0,-4.86721e-15,-9.35629e-13,-2.197106e-14,-2.2163890000000002e-12,-1.8331899999999993e-15,-2.6567200000000006e-13,-2.1569529999999995e-15,-2.8692770000000006e-13,-3.123311000000001e-15,-4.4332099999999994e-13,-4.2477899999999996e-16,-1.22863e-13,-2.7012099999999996e-16,-1.149416e-13,-3.6851199999999993e-16,-6.250769999999996e-14,-2.85222e-16,-1.1613580000000002e-13,-3.71365e-16,-1.0175499999999999e-13,-7.113454e-15,-9.959207e-13,-1.719999e-15,-5.182031e-13,-3.0804513e-14,-3.7305128e-12,-9.75164e-15,-1.6478299999999999e-12,-1.0970552000000004e-15,-1.7241049999999995e-13,-1.554938e-15,-2.402265e-13,-5.497762000000001e-15,-9.24859e-13,0.0,0.0,0.0,0.0,0.0,0.0,0.0,0.0,0.0,0.0,-8.149755200000002e-15,-1.337496e-12,0.0,0.0,-1.79013952e-14,-2.985326e-12,-1.1264670000000001e-14,-1.8512250000000003e-12,-9.873390000000002e-15,-1.6141400000000002e-12,-1.1169820000000004e-14,-1.77159e-12,-1.7560040000000005e-14,-2.850631000000001e-12,0.0,0.0,0.0,0.0,0.0,0.0,0.0,0.0,0.0,0.0,-3.860325000000001e-14,-6.236361000000001e-12,0.0,0.0,-4.9867920000000015e-14,-8.087586000000002e-12
9.59684118,-1.007e-15,-3.271e-13,-8.854000000000001e-19,-3.6612999999999995e-16,-9.5891e-19,-4.991800000000001e-16,-1.48389e-18,-5.49472e-16,-2.31233e-18,-1.25346e-15,0.0,0.0,0.0,0.0,0.0,0.0,0.0,0.0,0.0,0.0,-4.75513e-18,-2.3021120000000003e-15,0.0,0.0,-5.64053e-18,-2.668242e-15,-2.768006699999999e-17,-6.337679000000002e-15,-2.1410560000000004e-18,-7.539279999999999e-16,-2.9020427e-18,-8.203200000000001e-16,-3.867279e-18,-1.2876970000000001e-15,-5.317652999999999e-19,-3.5448299999999995e-16,-3.0674559999999994e-19,-3.3033700000000006e-16,-4.811549e-19,-1.7898400000000005e-16,-3.5805799999999994e-19,-3.3379000000000005e-16,-4.253652999999999e-19,-2.90132e-16,-8.9103777e-18,-2.861945e-15,-2.1030890999999996e-18,-1.4877260000000001e-15,-3.8693533799999993e-17,-1.0687350000000002e-14,-1.2351862000000003e-17,-4.717511e-15,-1.4069551000000001e-18,-4.939466000000001e-16,-2.0047340000000006e-18,-6.885001000000001e-16,-7.067672999999998e-18,-2.6434660000000003e-15,0.0,0.0,0.0,0.0,0.0,0.0,0.0,0.0,0.0,0.0,-1.0479362099999999e-17,-3.8259127e-15,0.0,0.0,-2.2831224100000002e-17,-8.543423700000001e-15,-1.3912401e-17,-5.285399000000002e-15,-1.2556994000000003e-17,-4.626222999999998e-15,-1.3892778000000002e-17,-5.062779e-15,-2.1975469999999998e-17,-8.161209999999998e-15,0.0,0.0,0.0,0.0,0.0,0.0,0.0,0.0,0.0,0.0,-4.8425242e-17,-1.7850211999999997e-14,0.0,0.0,-6.233764300000001e-17,-2.3135610999999998e-14
9.70684118,0.0,0.0,0.0,0.0,0.0,0.0,0.0,0.0,0.0,0.0,0.0,0.0,0.0,0.0,0.0,0.0,0.0,0.0,0.0,0.0,0.0,0.0,0.0,0.0,0.0,0.0,0.0,0.0,0.0,0.0,0.0,0.0,0.0,0.0,0.0,0.0,0.0,0.0,0.0,0.0,0.0,0.0,0.0,0.0,0.0,0.0,0.0,0.0,0.0,0.0,0.0,0.0,0.0,0.0,0.0,0.0,0.0,0.0,0.0,0.0,0.0,0.0,0.0,0.0,0.0,0.0,0.0,0.0,0.0,0.0,0.0,0.0,0.0,0.0,0.0,0.0,0.0,0.0,0.0,0.0,0.0,0.0,0.0,0.0,0.0,0.0,0.0,0.0,0.0,0.0,0.0,0.0,0.0,0.0,0.0,0.0,0.0,0.0
9.81784118,0.0,0.0,0.0,0.0,0.0,0.0,0.0,0.0,0.0,0.0,0.0,0.0,0.0,0.0,0.0,0.0,0.0,0.0,0.0,0.0,0.0,0.0,0.0,0.0,0.0,0.0,0.0,0.0,0.0,0.0,0.0,0.0,0.0,0.0,0.0,0.0,0.0,0.0,0.0,0.0,0.0,0.0,0.0,0.0,0.0,0.0,0.0,0.0,0.0,0.0,0.0,0.0,0.0,0.0,0.0,0.0,0.0,0.0,0.0,0.0,0.0,0.0,0.0,0.0,0.0,0.0,0.0,0.0,0.0,0.0,0.0,0.0,0.0,0.0,0.0,0.0,0.0,0.0,0.0,0.0,0.0,0.0,0.0,0.0,0.0,0.0,0.0,0.0,0.0,0.0,0.0,0.0,0.0,0.0,0.0,0.0,0.0,0.0
9.92784118,0.0,0.0,0.0,0.0,0.0,0.0,0.0,0.0,0.0,0.0,0.0,0.0,0.0,0.0,0.0,0.0,0.0,0.0,0.0,0.0,0.0,0.0,0.0,0.0,0.0,0.0,0.0,0.0,0.0,0.0,0.0,0.0,0.0,0.0,0.0,0.0,0.0,0.0,0.0,0.0,0.0,0.0,0.0,0.0,0.0,0.0,0.0,0.0,0.0,0.0,0.0,0.0,0.0,0.0,0.0,0.0,0.0,0.0,0.0,0.0,0.0,0.0,0.0,0.0,0.0,0.0,0.0,0.0,0.0,0.0,0.0,0.0,0.0,0.0,0.0,0.0,0.0,0.0,0.0,0.0,0.0,0.0,0.0,0.0,0.0,0.0,0.0,0.0,0.0,0.0,0.0,0.0,0.0,0.0,0.0,0.0,0.0,0.0
10.037841180000001,0.0,0.0,0.0,0.0,0.0,0.0,0.0,0.0,0.0,0.0,0.0,0.0,0.0,0.0,0.0,0.0,0.0,0.0,0.0,0.0,0.0,0.0,0.0,0.0,0.0,0.0,0.0,0.0,0.0,0.0,0.0,0.0,0.0,0.0,0.0,0.0,0.0,0.0,0.0,0.0,0.0,0.0,0.0,0.0,0.0,0.0,0.0,0.0,0.0,0.0,0.0,0.0,0.0,0.0,0.0,0.0,0.0,0.0,0.0,0.0,0.0,0.0,0.0,0.0,0.0,0.0,0.0,0.0,0.0,0.0,0.0,0.0,0.0,0.0,0.0,0.0,0.0,0.0,0.0,0.0,0.0,0.0,0.0,0.0,0.0,0.0,0.0,0.0,0.0,0.0,0.0,0.0,0.0,0.0,0.0,0.0,0.0,0.0
10.14784118,0.0,0.0,0.0,0.0,0.0,0.0,0.0,0.0,0.0,0.0,0.0,0.0,0.0,0.0,0.0,0.0,0.0,0.0,0.0,0.0,0.0,0.0,0.0,0.0,0.0,0.0,0.0,0.0,0.0,0.0,0.0,0.0,0.0,0.0,0.0,0.0,0.0,0.0,0.0,0.0,0.0,0.0,0.0,0.0,0.0,0.0,0.0,0.0,0.0,0.0,0.0,0.0,0.0,0.0,0.0,0.0,0.0,0.0,0.0,0.0,0.0,0.0,0.0,0.0,0.0,0.0,0.0,0.0,0.0,0.0,0.0,0.0,0.0,0.0,0.0,0.0,0.0,0.0,0.0,0.0,0.0,0.0,0.0,0.0,0.0,0.0,0.0,0.0,0.0,0.0,0.0,0.0,0.0,0.0,0.0,0.0,0.0,0.0
10.258841180000001,0.0,0.0,0.0,0.0,0.0,0.0,0.0,0.0,0.0,0.0,0.0,0.0,0.0,0.0,0.0,0.0,0.0,0.0,0.0,0.0,0.0,0.0,0.0,0.0,0.0,0.0,0.0,0.0,0.0,0.0,0.0,0.0,0.0,0.0,0.0,0.0,0.0,0.0,0.0,0.0,0.0,0.0,0.0,0.0,0.0,0.0,0.0,0.0,0.0,0.0,0.0,0.0,0.0,0.0,0.0,0.0,0.0,0.0,0.0,0.0,0.0,0.0,0.0,0.0,0.0,0.0,0.0,0.0,0.0,0.0,0.0,0.0,0.0,0.0,0.0,0.0,0.0,0.0,0.0,0.0,0.0,0.0,0.0,0.0,0.0,0.0,0.0,0.0,0.0,0.0,0.0,0.0,0.0,0.0,0.0,0.0,0.0,0.0
10.36884118,0.0,0.0,0.0,0.0,0.0,0.0,0.0,0.0,0.0,0.0,0.0,0.0,0.0,0.0,0.0,0.0,0.0,0.0,0.0,0.0,0.0,0.0,0.0,0.0,0.0,0.0,0.0,0.0,0.0,0.0,0.0,0.0,0.0,0.0,0.0,0.0,0.0,0.0,0.0,0.0,0.0,0.0,0.0,0.0,0.0,0.0,0.0,0.0,0.0,0.0,0.0,0.0,0.0,0.0,0.0,0.0,0.0,0.0,0.0,0.0,0.0,0.0,0.0,0.0,0.0,0.0,0.0,0.0,0.0,0.0,0.0,0.0,0.0,0.0,0.0,0.0,0.0,0.0,0.0,0.0,0.0,0.0,0.0,0.0,0.0,0.0,0.0,0.0,0.0,0.0,0.0,0.0,0.0,0.0,0.0,0.0,0.0,0.0
