energy_eV_rel_EF,TDOS_up,TDOS_down,Co_s_up,Co_s_down,Co_dxy_up,Co_dxy_down,Co_dyz_up,Co_dyz_down,Co_dz2_up,Co_dz2_down,Co_dxz_up,Co_dxz_down,Co_dx2y2_up,Co_dx2y2_down,Co_p_total_up,Co_p_total_down,Co_d_total_up,Co_d_total_down,Co_total_up,Co_total_down,H_s_up,H_s_down,H_p_total_up,H_p_total_down,H_d_total_up,H_d_total_down,H_total_up,H_total_down,O_s_up,O_s_down,O_px_up,O_px_down,O_py_up,O_py_down,O_pz_up,O_pz_down,O_p_total_up,O_p_total_down,O_d_total_up,O_d_total_down,O_total_up,O_total_down
-15.03759,0.0,0.0,0.0,0.0,0.0,0.0,0.0,0.0,0.0,0.0,0.0,0.0,0.0,0.0,0,0,0.0,0.0,0.0,0.0,0.0,0.0,0,0,0,0,0.0,0.0,0.0,0.0,0.0,0.0,0.0,0.0,0.0,0.0,0.0,0.0,0,0,0.0,0.0
-14.98747,0.0,0.0,0.0,0.0,0.0,0.0,0.0,0.0,0.0,0.0,0.0,0.0,0.0,0.0,0,0,0.0,0.0,0.0,0.0,0.0,0.0,0,0,0,0,0.0,0.0,0.0,0.0,0.0,0.0,0.0,0.0,0.0,0.0,0.0,0.0,0,0,0.0,0.0
-14.93734,0.0,0.0,0.0,0.0,0.0,0.0,0.0,0.0,0.0,0.0,0.0,0.0,0.0,0.0,0,0,0.0,0.0,0.0,0.0,0.0,0.0,0,0,0,0,0.0,0.0,0.0,0.0,0.0,0.0,0.0,0.0,0.0,0.0,0.0,0.0,0,0,0.0,0.0
-14.88722,0.0,0.0,0.0,0.0,0.0,0.0,0.0,0.0,0.0,0.0,0.0,0.0,0.0,0.0,0,0,0.0,0.0,0.0,0.0,0.0,0.0,0,0,0,0,0.0,0.0,0.0,0.0,0.0,0.0,0.0,0.0,0.0,0.0,0.0,0.0,0,0,0.0,0.0
-14.83709,0.0,0.0,0.0,0.0,0.0,0.0,0.0,0.0,0.0,0.0,0.0,0.0,0.0,0.0,0,0,0.0,0.0,0.0,0.0,0.0,0.0,0,0,0,0,0.0,0.0,0.0,0.0,0.0,0.0,0.0,0.0,0.0,0.0,0.0,0.0,0,0,0.0,0.0
-14.78697,0.0,0.0,0.0,0.0,0.0,0.0,0.0,0.0,0.0,0.0,0.0,0.0,0.0,0.0,0,0,0.0,0.0,0.0,0.0,0.0,0.0,0,0,0,0,0.0,0.0,0.0,0.0,0.0,0.0,0.0,0.0,0.0,0.0,0.0,0.0,0,0,0.0,0.0
-14.73684,0.0,0.0,0.0,0.0,0.0,0.0,0.0,0.0,0.0,0.0,0.0,0.0,0.0,0.0,0,0,0.0,0.0,0.0,0.0,0.0,0.0,0,0,0,0,0.0,0.0,0.0,0.0,0.0,0.0,0.0,0.0,0.0,0.0,0.0,0.0,0,0,0.0,0.0
-14.68672,0.0,0.0,0.0,0.0,0.0,0.0,0.0,0.0,0.0,0.0,0.0,0.0,0.0,0.0,0,0,0.0,0.0,0.0,0.0,0.0,0.0,0,0,0,0,0.0,0.0,0.0,0.0,0.0,0.0,0.0,0.0,0.0,0.0,0.0,0.0,0,0,0.0,0.0
-14.63659,0.0,0.0,0.0,0.0,0.0,0.0,0.0,0.0,0.0,0.0,0.0,0.0,0.0,0.0,0,0,0.0,0.0,0.0,0.0,0.0,0.0,0,0,0,0,0.0,0.0,0.0,0.0,0.0,0.0,0.0,0.0,0.0,0.0,0.0,0.0,0,0,0.0,0.0
-14.58647,0.0,0.0,0.0,0.0,0.0,0.0,0.0,0.0,0.0,0.0,0.0,0.0,0.0,0.0,0,0,0.0,0.0,0.0,0.0,0.0,0.0,0,0,0,0,0.0,0.0,0.0,0.0,0.0,0.0,0.0,0.0,0.0,0.0,0.0,0.0,0,0,0.0,0.0
-14.53634,0.0,0.0,0.0,0.0,0.0,0.0,0.0,0.0,0.0,0.0,0.0,0.0,0.0,0.0,0,0,0.0,0.0,0.0,0.0,0.0,0.0,0,0,0,0,0.0,0.0,0.0,0.0,0.0,0.0,0.0,0.0,0.0,0.0,0.0,0.0,0,0,0.0,0.0
-14.48622,0.0,0.0,0.0,0.0,0.0,0.0,0.0,0.0,0.0,0.0,0.0,0.0,0.0,0.0,0,0,0.0,0.0,0.0,0.0,0.0,0.0,0,0,0,0,0.0,0.0,0.0,0.0,0.0,0.0,0.0,0.0,0.0,0.0,0.0,0.0,0,0,0.0,0.0
-14.43609,0.0,0.0,0.0,0.0,0.0,0.0,0.0,0.0,0.0,0.0,0.0,0.0,0.0,0.0,0,0,0.0,0.0,0.0,0.0,0.0,0.0,0,0,0,0,0.0,0.0,0.0,0.0,0.0,0.0,0.0,0.0,0.0,0.0,0.0,0.0,0,0,0.0,0.0
-14.38596,0.0,0.0,0.0,0.0,0.0,0.0,0.0,0.0,0.0,0.0,0.0,0.0,0.0,0.0,0,0,0.0,0.0,0.0,0.0,0.0,0.0,0,0,0,0,0.0,0.0,0.0,0.0,0.0,0.0,0.0,0.0,0.0,0.0,0.0,0.0,0,0,0.0,0.0
-14.33584,0.0,0.0,0.0,0.0,0.0,0.0,0.0,0.0,0.0,0.0,0.0,0.0,0.0,0.0,0,0,0.0,0.0,0.0,0.0,0.0,0.0,0,0,0,0,0.0,0.0,0.0,0.0,0.0,0.0,0.0,0.0,0.0,0.0,0.0,0.0,0,0,0.0,0.0
-14.28571,0.0,0.0,0.0,0.0,0.0,0.0,0.0,0.0,0.0,0.0,0.0,0.0,0.0,0.0,0,0,0.0,0.0,0.0,0.0,0.0,0.0,0,0,0,0,0.0,0.0,0.0,0.0,0.0,0.0,0.0,0.0,0.0,0.0,0.0,0.0,0,0,0.0,0.0
-14.23559,0.0,0.0,0.0,0.0,0.0,0.0,0.0,0.0,0.0,0.0,0.0,0.0,0.0,0.0,0,0,0.0,0.0,0.0,0.0,0.0,0.0,0,0,0,0,0.0,0.0,0.0,0.0,0.0,0.0,0.0,0.0,0.0,0.0,0.0,0.0,0,0,0.0,0.0
-14.18546,0.0,0.0,0.0,0.0,0.0,0.0,0.0,0.0,0.0,0.0,0.0,0.0,0.0,0.0,0,0,0.0,0.0,0.0,0.0,0.0,0.0,0,0,0,0,0.0,0.0,0.0,0.0,0.0,0.0,0.0,0.0,0.0,0.0,0.0,0.0,0,0,0.0,0.0
-14.13534,0.0,0.0,0.0,0.0,0.0,0.0,0.0,0.0,0.0,0.0,0.0,0.0,0.0,0.0,0,0,0.0,0.0,0.0,0.0,0.0,0.0,0,0,0,0,0.0,0.0,0.0,0.0,0.0,0.0,0.0,0.0,0.0,0.0,0.0,0.0,0,0,0.0,0.0
-14.08521,0.0,0.0,0.0,0.0,0.0,0.0,0.0,0.0,0.0,0.0,0.0,0.0,0.0,0.0,0,0,0.0,0.0,0.0,0.0,0.0,0.0,0,0,0,0,0.0,0.0,0.0,0.0,0.0,0.0,0.0,0.0,0.0,0.0,0.0,0.0,0,0,0.0,0.0
-14.03509,0.0,0.0,0.0,0.0,0.0,0.0,0.0,0.0,0.0,0.0,0.0,0.0,0.0,0.0,0,0,0.0,0.0,0.0,0.0,0.0,0.0,0,0,0,0,0.0,0.0,0.0,0.0,0.0,0.0,0.0,0.0,0.0,0.0,0.0,0.0,0,0,0.0,0.0
-13.98496,0.0,0.0,0.0,0.0,0.0,0.0,0.0,0.0,0.0,0.0,0.0,0.0,0.0,0.0,0,0,0.0,0.0,0.0,0.0,0.0,0.0,0,0,0,0,0.0,0.0,0.0,0.0,0.0,0.0,0.0,0.0,0.0,0.0,0.0,0.0,0,0,0.0,0.0
-13.93484,0.0,0.0,0.0,0.0,0.0,0.0,0.0,0.0,0.0,0.0,0.0,0.0,0.0,0.0,0,0,0.0,0.0,0.0,0.0,0.0,0.0,0,0,0,0,0.0,0.0,0.0,0.0,0.0,0.0,0.0,0.0,0.0,0.0,0.0,0.0,0,0,0.0,0.0
-13.88471,0.0,0.0,0.0,0.0,0.0,0.0,0.0,0.0,0.0,0.0,0.0,0.0,0.0,0.0,0,0,0.0,0.0,0.0,0.0,0.0,0.0,0,0,0,0,0.0,0.0,0.0,0.0,0.0,0.0,0.0,0.0,0.0,0.0,0.0,0.0,0,0,0.0,0.0
-13.83459,0.0,0.0,0.0,0.0,0.0,0.0,0.0,0.0,0.0,0.0,0.0,0.0,0.0,0.0,0,0,0.0,0.0,0.0,0.0,0.0,0.0,0,0,0,0,0.0,0.0,0.0,0.0,0.0,0.0,0.0,0.0,0.0,0.0,0.0,0.0,0,0,0.0,0.0
-13.78446,0.0,0.0,0.0,0.0,0.0,0.0,0.0,0.0,0.0,0.0,0.0,0.0,0.0,0.0,0,0,0.0,0.0,0.0,0.0,0.0,0.0,0,0,0,0,0.0,0.0,0.0,0.0,0.0,0.0,0.0,0.0,0.0,0.0,0.0,0.0,0,0,0.0,0.0
-13.73434,0.0,0.0,0.0,0.0,0.0,0.0,0.0,0.0,0.0,0.0,0.0,0.0,0.0,0.0,0,0,0.0,0.0,0.0,0.0,0.0,0.0,0,0,0,0,0.0,0.0,0.0,0.0,0.0,0.0,0.0,0.0,0.0,0.0,0.0,0.0,0,0,0.0,0.0
-13.68421,0.0,0.0,0.0,0.0,0.0,0.0,0.0,0.0,0.0,0.0,0.0,0.0,0.0,0.0,0,0,0.0,0.0,0.0,0.0,0.0,0.0,0,0,0,0,0.0,0.0,0.0,0.0,0.0,0.0,0.0,0.0,0.0,0.0,0.0,0.0,0,0,0.0,0.0
-13.63409,0.0,0.0,0.0,0.0,0.0,0.0,0.0,0.0,0.0,0.0,0.0,0.0,0.0,0.0,0,0,0.0,0.0,0.0,0.0,0.0,0.0,0,0,0,0,0.0,0.0,0.0,0.0,0.0,0.0,0.0,0.0,0.0,0.0,0.0,0.0,0,0,0.0,0.0
-13.58396,0.0,0.0,0.0,0.0,0.0,0.0,0.0,0.0,0.0,0.0,0.0,0.0,0.0,0.0,0,0,0.0,0.0,0.0,0.0,0.0,0.0,0,0,0,0,0.0,0.0,0.0,0.0,0.0,0.0,0.0,0.0,0.0,0.0,0.0,0.0,0,0,0.0,0.0
-13.53383,0.0,0.0,0.0,0.0,0.0,0.0,0.0,0.0,0.0,0.0,0.0,0.0,0.0,0.0,0,0,0.0,0.0,0.0,0.0,0.0,0.0,0,0,0,0,0.0,0.0,0.0,0.0,0.0,0.0,0.0,0.0,0.0,0.0,0.0,0.0,0,0,0.0,0.0
-13.48371,0.0,0.0,0.0,0.0,0.0,0.0,0.0,0.0,0.0,0.0,0.0,0.0,0.0,0.0,0,0,0.0,0.0,0.0,0.0,0.0,0.0,0,0,0,0,0.0,0.0,0.0,0.0,0.0,0.0,0.0,0.0,0.0,0.0,0.0,0.0,0,0,0.0,0.0
-13.43358,0.0,0.0,0.0,0.0,0.0,0.0,0.0,0.0,0.0,0.0,0.0,0.0,0.0,0.0,0,0,0.0,0.0,0.0,0.0,0.0,0.0,0,0,0,0,0.0,0.0,0.0,0.0,0.0,0.0,0.0,0.0,0.0,0.0,0.0,0.0,0,0,0.0,0.0
-13.38346,0.0,0.0,0.0,0.0,0.0,0.0,0.0,0.0,0.0,0.0,0.0,0.0,0.0,0.0,0,0,0.0,0.0,0.0,0.0,0.0,0.0,0,0,0,0,0.0,0.0,0.0,0.0,0.0,0.0,0.0,0.0,0.0,0.0,0.0,0.0,0,0,0.0,0.0
-13.33333,0.0,0.0,0.0,0.0,0.0,0.0,0.0,0.0,0.0,0.0,0.0,0.0,0.0,0.0,0,0,0.0,0.0,0.0,0.0,0.0,0.0,0,0,0,0,0.0,0.0,0.0,0.0,0.0,0.0,0.0,0.0,0.0,0.0,0.0,0.0,0,0,0.0,0.0
-13.28321,0.0,0.0,0.0,0.0,0.0,0.0,0.0,0.0,0.0,0.0,0.0,0.0,0.0,0.0,0,0,0.0,0.0,0.0,0.0,0.0,0.0,0,0,0,0,0.0,0.0,0.0,0.0,0.0,0.0,0.0,0.0,0.0,0.0,0.0,0.0,0,0,0.0,0.0
-13.23308,0.0,0.0,0.0,0.0,0.0,0.0,0.0,0.0,0.0,0.0,0.0,0.0,0.0,0.0,0,0,0.0,0.0,0.0,0.0,0.0,0.0,0,0,0,0,0.0,0.0,0.0,0.0,0.0,0.0,0.0,0.0,0.0,0.0,0.0,0.0,0,0,0.0,0.0
-13.18296,0.0,0.0,0.0,0.0,0.0,0.0,0.0,0.0,0.0,0.0,0.0,0.0,0.0,0.0,0,0,0.0,0.0,0.0,0.0,0.0,0.0,0,0,0,0,0.0,0.0,0.0,0.0,0.0,0.0,0.0,0.0,0.0,0.0,0.0,0.0,0,0,0.0,0.0
-13.13283,0.0,0.0,0.0,0.0,0.0,0.0,0.0,0.0,0.0,0.0,0.0,0.0,0.0,0.0,0,0,0.0,0.0,0.0,0.0,0.0,0.0,0,0,0,0,0.0,0.0,0.0,0.0,0.0,0.0,0.0,0.0,0.0,0.0,0.0,0.0,0,0,0.0,0.0
-13.08271,0.0,0.0,0.0,0.0,0.0,0.0,0.0,0.0,0.0,0.0,0.0,0.0,0.0,0.0,0,0,0.0,0.0,0.0,0.0,0.0,0.0,0,0,0,0,0.0,0.0,0.0,0.0,0.0,0.0,0.0,0.0,0.0,0.0,0.0,0.0,0,0,0.0,0.0
-13.03258,0.0,0.0,0.0,0.0,0.0,0.0,0.0,0.0,0.0,0.0,0.0,0.0,0.0,0.0,0,0,0.0,0.0,0.0,0.0,0.0,0.0,0,0,0,0,0.0,0.0,0.0,0.0,0.0,0.0,0.0,0.0,0.0,0.0,0.0,0.0,0,0,0.0,0.0
-12.98246,0.0,0.0,0.0,0.0,0.0,0.0,0.0,0.0,0.0,0.0,0.0,0.0,0.0,0.0,0,0,0.0,0.0,0.0,0.0,0.0,0.0,0,0,0,0,0.0,0.0,0.0,0.0,0.0,0.0,0.0,0.0,0.0,0.0,0.0,0.0,0,0,0.0,0.0
-12.93233,0.0,0.0,0.0,0.0,0.0,0.0,0.0,0.0,0.0,0.0,0.0,0.0,0.0,0.0,0,0,0.0,0.0,0.0,0.0,0.0,0.0,0,0,0,0,0.0,0.0,0.0,0.0,0.0,0.0,0.0,0.0,0.0,0.0,0.0,0.0,0,0,0.0,0.0
-12.88221,0.0,0.0,0.0,0.0,0.0,0.0,0.0,0.0,0.0,0.0,0.0,0.0,0.0,0.0,0,0,0.0,0.0,0.0,0.0,0.0,0.0,0,0,0,0,0.0,0.0,0.0,0.0,0.0,0.0,0.0,0.0,0.0,0.0,0.0,0.0,0,0,0.0,0.0
-12.83208,0.0,0.0,0.0,0.0,0.0,0.0,0.0,0.0,0.0,0.0,0.0,0.0,0.0,0.0,0,0,0.0,0.0,0.0,0.0,0.0,0.0,0,0,0,0,0.0,0.0,0.0,0.0,0.0,0.0,0.0,0.0,0.0,0.0,0.0,0.0,0,0,0.0,0.0
-12.78195,0.0,0.0,0.0,0.0,0.0,0.0,0.0,0.0,0.0,0.0,0.0,0.0,0.0,0.0,0,0,0.0,0.0,0.0,0.0,0.0,0.0,0,0,0,0,0.0,0.0,0.0,0.0,0.0,0.0,0.0,0.0,0.0,0.0,0.0,0.0,0,0,0.0,0.0
-12.73183,0.0,0.0,0.0,0.0,0.0,0.0,0.0,0.0,0.0,0.0,0.0,0.0,0.0,0.0,0,0,0.0,0.0,0.0,0.0,0.0,0.0,0,0,0,0,0.0,0.0,0.0,0.0,0.0,0.0,0.0,0.0,0.0,0.0,0.0,0.0,0,0,0.0,0.0
-12.6817,0.0,0.0,0.0,0.0,0.0,0.0,0.0,0.0,0.0,0.0,0.0,0.0,0.0,0.0,0,0,0.0,0.0,0.0,0.0,0.0,0.0,0,0,0,0,0.0,0.0,0.0,0.0,0.0,0.0,0.0,0.0,0.0,0.0,0.0,0.0,0,0,0.0,0.0
-12.63158,0.0,0.0,0.0,0.0,0.0,0.0,0.0,0.0,0.0,0.0,0.0,0.0,0.0,0.0,0,0,0.0,0.0,0.0,0.0,0.0,0.0,0,0,0,0,0.0,0.0,0.0,0.0,0.0,0.0,0.0,0.0,0.0,0.0,0.0,0.0,0,0,0.0,0.0
-12.58145,0.0,0.0,0.0,0.0,0.0,0.0,0.0,0.0,0.0,0.0,0.0,0.0,0.0,0.0,0,0,0.0,0.0,0.0,0.0,0.0,0.0,0,0,0,0,0.0,0.0,0.0,0.0,0.0,0.0,0.0,0.0,0.0,0.0,0.0,0.0,0,0,0.0,0.0
-12.53133,0.0,0.0,0.0,0.0,0.0,0.0,0.0,0.0,0.0,0.0,0.0,0.0,0.0,0.0,0,0,0.0,0.0,0.0,0.0,0.0,0.0,0,0,0,0,0.0,0.0,0.0,0.0,0.0,0.0,0.0,0.0,0.0,0.0,0.0,0.0,0,0,0.0,0.0
-12.4812,0.0,0.0,0.0,0.0,0.0,0.0,0.0,0.0,0.0,0.0,0.0,0.0,0.0,0.0,0,0,0.0,0.0,0.0,0.0,0.0,0.0,0,0,0,0,0.0,0.0,0.0,0.0,0.0,0.0,0.0,0.0,0.0,0.0,0.0,0.0,0,0,0.0,0.0
-12.43108,0.0,0.0,0.0,0.0,0.0,0.0,0.0,0.0,0.0,0.0,0.0,0.0,0.0,0.0,0,0,0.0,0.0,0.0,0.0,0.0,0.0,0,0,0,0,0.0,0.0,0.0,0.0,0.0,0.0,0.0,0.0,0.0,0.0,0.0,0.0,0,0,0.0,0.0
-12.38095,0.0,0.0,0.0,0.0,0.0,0.0,0.0,0.0,0.0,0.0,0.0,0.0,0.0,0.0,0,0,0.0,0.0,0.0,0.0,0.0,0.0,0,0,0,0,0.0,0.0,0.0,0.0,0.0,0.0,0.0,0.0,0.0,0.0,0.0,0.0,0,0,0.0,0.0
-12.33083,0.0,0.0,0.0,0.0,0.0,0.0,0.0,0.0,0.0,0.0,0.0,0.0,0.0,0.0,0,0,0.0,0.0,0.0,0.0,0.0,0.0,0,0,0,0,0.0,0.0,0.0,0.0,0.0,0.0,0.0,0.0,0.0,0.0,0.0,0.0,0,0,0.0,0.0
-12.2807,0.0,0.0,0.0,0.0,0.0,0.0,0.0,0.0,0.0,0.0,0.0,0.0,0.0,0.0,0,0,0.0,0.0,0.0,0.0,0.0,0.0,0,0,0,0,0.0,0.0,0.0,0.0,0.0,0.0,0.0,0.0,0.0,0.0,0.0,0.0,0,0,0.0,0.0
-12.23058,0.0,0.0,0.0,0.0,0.0,0.0,0.0,0.0,0.0,0.0,0.0,0.0,0.0,0.0,0,0,0.0,0.0,0.0,0.0,0.0,0.0,0,0,0,0,0.0,0.0,0.0,0.0,0.0,0.0,0.0,0.0,0.0,0.0,0.0,0.0,0,0,0.0,0.0
-12.18045,0.0,0.0,0.0,0.0,0.0,0.0,0.0,0.0,0.0,0.0,0.0,0.0,0.0,0.0,0,0,0.0,0.0,0.0,0.0,0.0,0.0,0,0,0,0,0.0,0.0,0.0,0.0,0.0,0.0,0.0,0.0,0.0,0.0,0.0,0.0,0,0,0.0,0.0
-12.13033,0.0,0.0,0.0,0.0,0.0,0.0,0.0,0.0,0.0,0.0,0.0,0.0,0.0,0.0,0,0,0.0,0.0,0.0,0.0,0.0,0.0,0,0,0,0,0.0,0.0,0.0,0.0,0.0,0.0,0.0,0.0,0.0,0.0,0.0,0.0,0,0,0.0,0.0
-12.0802,0.0,0.0,0.0,0.0,0.0,0.0,0.0,0.0,0.0,0.0,0.0,0.0,0.0,0.0,0,0,0.0,0.0,0.0,0.0,0.0,0.0,0,0,0,0,0.0,0.0,0.0,0.0,0.0,0.0,0.0,0.0,0.0,0.0,0.0,0.0,0,0,0.0,0.0
-12.03008,0.0,0.0,0.0,0.0,0.0,0.0,0.0,0.0,0.0,0.0,0.0,0.0,0.0,0.0,0,0,0.0,0.0,0.0,0.0,0.0,0.0,0,0,0,0,0.0,0.0,0.0,0.0,0.0,0.0,0.0,0.0,0.0,0.0,0.0,0.0,0,0,0.0,0.0
-11.97995,0.0,0.0,0.0,0.0,0.0,0.0,0.0,0.0,0.0,0.0,0.0,0.0,0.0,0.0,0,0,0.0,0.0,0.0,0.0,0.0,0.0,0,0,0,0,0.0,0.0,0.0,0.0,0.0,0.0,0.0,0.0,0.0,0.0,0.0,0.0,0,0,0.0,0.0
-11.92982,0.0,0.0,0.0,0.0,0.0,0.0,0.0,0.0,0.0,0.0,0.0,0.0,0.0,0.0,0,0,0.0,0.0,0.0,0.0,0.0,0.0,0,0,0,0,0.0,0.0,0.0,0.0,0.0,0.0,0.0,0.0,0.0,0.0,0.0,0.0,0,0,0.0,0.0
-11.8797,0.0,0.0,0.0,0.0,0.0,0.0,0.0,0.0,0.0,0.0,0.0,0.0,0.0,0.0,0,0,0.0,0.0,0.0,0.0,0.0,0.0,0,0,0,0,0.0,0.0,0.0,0.0,0.0,0.0,0.0,0.0,0.0,0.0,0.0,0.0,0,0,0.0,0.0
-11.82957,0.0,0.0,0.0,0.0,0.0,0.0,0.0,0.0,0.0,0.0,0.0,0.0,0.0,0.0,0,0,0.0,0.0,0.0,0.0,0.0,0.0,0,0,0,0,0.0,0.0,0.0,0.0,0.0,0.0,0.0,0.0,0.0,0.0,0.0,0.0,0,0,0.0,0.0
-11.77945,0.0,0.0,0.0,0.0,0.0,0.0,0.0,0.0,0.0,0.0,0.0,0.0,0.0,0.0,0,0,0.0,0.0,0.0,0.0,0.0,0.0,0,0,0,0,0.0,0.0,0.0,0.0,0.0,0.0,0.0,0.0,0.0,0.0,0.0,0.0,0,0,0.0,0.0
-11.72932,0.0,0.0,0.0,0.0,0.0,0.0,0.0,0.0,0.0,0.0,0.0,0.0,0.0,0.0,0,0,0.0,0.0,0.0,0.0,0.0,0.0,0,0,0,0,0.0,0.0,0.0,0.0,0.0,0.0,0.0,0.0,0.0,0.0,0.0,0.0,0,0,0.0,0.0
-11.6792,0.0,0.0,0.0,0.0,0.0,0.0,0.0,0.0,0.0,0.0,0.0,0.0,0.0,0.0,0,0,0.0,0.0,0.0,0.0,0.0,0.0,0,0,0,0,0.0,0.0,0.0,0.0,0.0,0.0,0.0,0.0,0.0,0.0,0.0,0.0,0,0,0.0,0.0
-11.62907,0.0,0.0,0.0,0.0,0.0,0.0,0.0,0.0,0.0,0.0,0.0,0.0,0.0,0.0,0,0,0.0,0.0,0.0,0.0,0.0,0.0,0,0,0,0,0.0,0.0,0.0,0.0,0.0,0.0,0.0,0.0,0.0,0.0,0.0,0.0,0,0,0.0,0.0
-11.57895,0.0,0.0,0.0,0.0,0.0,0.0,0.0,0.0,0.0,0.0,0.0,0.0,0.0,0.0,0,0,0.0,0.0,0.0,0.0,0.0,0.0,0,0,0,0,0.0,0.0,0.0,0.0,0.0,0.0,0.0,0.0,0.0,0.0,0.0,0.0,0,0,0.0,0.0
-11.52882,0.0,0.0,0.0,0.0,0.0,0.0,0.0,0.0,0.0,0.0,0.0,0.0,0.0,0.0,0,0,0.0,0.0,0.0,0.0,0.0,0.0,0,0,0,0,0.0,0.0,0.0,0.0,0.0,0.0,0.0,0.0,0.0,0.0,0.0,0.0,0,0,0.0,0.0
-11.4787,0.0,0.0,0.0,0.0,0.0,0.0,0.0,0.0,0.0,0.0,0.0,0.0,0.0,0.0,0,0,0.0,0.0,0.0,0.0,0.0,0.0,0,0,0,0,0.0,0.0,0.0,0.0,0.0,0.0,0.0,0.0,0.0,0.0,0.0,0.0,0,0,0.0,0.0
-11.42857,0.0,0.0,0.0,0.0,0.0,0.0,0.0,0.0,0.0,0.0,0.0,0.0,0.0,0.0,0,0,0.0,0.0,0.0,0.0,0.0,0.0,0,0,0,0,0.0,0.0,0.0,0.0,0.0,0.0,0.0,0.0,0.0,0.0,0.0,0.0,0,0,0.0,0.0
-11.37845,0.0,0.0,0.0,0.0,0.0,0.0,0.0,0.0,0.0,0.0,0.0,0.0,0.0,0.0,0,0,0.0,0.0,0.0,0.0,0.0,0.0,0,0,0,0,0.0,0.0,0.0,0.0,0.0,0.0,0.0,0.0,0.0,0.0,0.0,0.0,0,0,0.0,0.0
-11.32832,0.0,0.0,0.0,0.0,0.0,0.0,0.0,0.0,0.0,0.0,0.0,0.0,0.0,0.0,0,0,0.0,0.0,0.0,0.0,0.0,0.0,0,0,0,0,0.0,0.0,0.0,0.0,0.0,0.0,0.0,0.0,0.0,0.0,0.0,0.0,0,0,0.0,0.0
-11.2782,0.0,0.0,0.0,0.0,0.0,0.0,0.0,0.0,0.0,0.0,0.0,0.0,0.0,0.0,0,0,0.0,0.0,0.0,0.0,0.0,0.0,0,0,0,0,0.0,0.0,0.0,0.0,0.0,0.0,0.0,0.0,0.0,0.0,0.0,0.0,0,0,0.0,0.0
-11.22807,0.0,0.0,0.0,0.0,0.0,0.0,0.0,0.0,0.0,0.0,0.0,0.0,0.0,0.0,0,0,0.0,0.0,0.0,0.0,0.0,0.0,0,0,0,0,0.0,0.0,0.0,0.0,0.0,0.0,0.0,0.0,0.0,0.0,0.0,0.0,0,0,0.0,0.0
-11.17794,0.0,0.0,0.0,0.0,0.0,0.0,0.0,0.0,0.0,0.0,0.0,0.0,0.0,0.0,0,0,0.0,0.0,0.0,0.0,0.0,0.0,0,0,0,0,0.0,0.0,0.0,0.0,0.0,0.0,0.0,0.0,0.0,0.0,0.0,0.0,0,0,0.0,0.0
-11.12782,0.0,0.0,0.0,0.0,0.0,0.0,0.0,0.0,0.0,0.0,0.0,0.0,0.0,0.0,0,0,0.0,0.0,0.0,0.0,0.0,0.0,0,0,0,0,0.0,0.0,0.0,0.0,0.0,0.0,0.0,0.0,0.0,0.0,0.0,0.0,0,0,0.0,0.0
-11.07769,0.0,0.0,0.0,0.0,0.0,0.0,0.0,0.0,0.0,0.0,0.0,0.0,0.0,0.0,0,0,0.0,0.0,0.0,0.0,0.0,0.0,0,0,0,0,0.0,0.0,0.0,0.0,0.0,0.0,0.0,0.0,0.0,0.0,0.0,0.0,0,0,0.0,0.0
-11.02757,0.0,0.0,0.0,0.0,0.0,0.0,0.0,0.0,0.0,0.0,0.0,0.0,0.0,0.0,0,0,0.0,0.0,0.0,0.0,0.0,0.0,0,0,0,0,0.0,0.0,0.0,0.0,0.0,0.0,0.0,0.0,0.0,0.0,0.0,0.0,0,0,0.0,0.0
-10.97744,0.0,0.0,0.0,0.0,0.0,0.0,0.0,0.0,0.0,0.0,0.0,0.0,0.0,0.0,0,0,0.0,0.0,0.0,0.0,0.0,0.0,0,0,0,0,0.0,0.0,0.0,0.0,0.0,0.0,0.0,0.0,0.0,0.0,0.0,0.0,0,0,0.0,0.0
-10.92732,0.0,0.0,0.0,0.0,0.0,0.0,0.0,0.0,0.0,0.0,0.0,0.0,0.0,0.0,0,0,0.0,0.0,0.0,0.0,0.0,0.0,0,0,0,0,0.0,0.0,0.0,0.0,0.0,0.0,0.0,0.0,0.0,0.0,0.0,0.0,0,0,0.0,0.0
-10.87719,0.0,0.0,0.0,0.0,0.0,0.0,0.0,0.0,0.0,0.0,0.0,0.0,0.0,0.0,0,0,0.0,0.0,0.0,0.0,0.0,0.0,0,0,0,0,0.0,0.0,0.0,0.0,0.0,0.0,0.0,0.0,0.0,0.0,0.0,0.0,0,0,0.0,0.0
-10.82707,0.0,0.0,0.0,0.0,0.0,0.0,0.0,0.0,0.0,0.0,0.0,0.0,0.0,0.0,0,0,0.0,0.0,0.0,0.0,0.0,0.0,0,0,0,0,0.0,0.0,0.0,0.0,0.0,0.0,0.0,0.0,0.0,0.0,0.0,0.0,0,0,0.0,0.0
-10.77694,0.0,0.0,0.0,0.0,0.0,0.0,0.0,0.0,0.0,0.0,0.0,0.0,0.0,0.0,0,0,0.0,0.0,0.0,0.0,0.0,0.0,0,0,0,0,0.0,0.0,0.0,0.0,0.0,0.0,0.0,0.0,0.0,0.0,0.0,0.0,0,0,0.0,0.0
-10.72682,0.0,0.0,0.0,0.0,0.0,0.0,0.0,0.0,0.0,0.0,0.0,0.0,0.0,0.0,0,0,0.0,0.0,0.0,0.0,0.0,0.0,0,0,0,0,0.0,0.0,0.0,0.0,0.0,0.0,0.0,0.0,0.0,0.0,0.0,0.0,0,0,0.0,0.0
-10.67669,0.0,0.0,0.0,0.0,0.0,0.0,0.0,0.0,0.0,0.0,0.0,0.0,0.0,0.0,0,0,0.0,0.0,0.0,0.0,0.0,0.0,0,0,0,0,0.0,0.0,0.0,0.0,0.0,0.0,0.0,0.0,0.0,0.0,0.0,0.0,0,0,0.0,0.0
-10.62657,0.0,0.0,0.0,0.0,0.0,0.0,0.0,0.0,0.0,0.0,0.0,0.0,0.0,0.0,0,0,0.0,0.0,0.0,0.0,0.0,0.0,0,0,0,0,0.0,0.0,0.0,0.0,0.0,0.0,0.0,0.0,0.0,0.0,0.0,0.0,0,0,0.0,0.0
-10.57644,0.0,0.0,0.0,0.0,0.0,0.0,0.0,0.0,0.0,0.0,0.0,0.0,0.0,0.0,0,0,0.0,0.0,0.0,0.0,0.0,0.0,0,0,0,0,0.0,0.0,0.0,0.0,0.0,0.0,0.0,0.0,0.0,0.0,0.0,0.0,0,0,0.0,0.0
-10.52632,0.0,0.0,0.0,0.0,0.0,0.0,0.0,0.0,0.0,0.0,0.0,0.0,0.0,0.0,0,0,0.0,0.0,0.0,0.0,0.0,0.0,0,0,0,0,0.0,0.0,0.0,0.0,0.0,0.0,0.0,0.0,0.0,0.0,0.0,0.0,0,0,0.0,0.0
-10.47619,0.0,0.0,0.0,0.0,0.0,0.0,0.0,0.0,0.0,0.0,0.0,0.0,0.0,0.0,0,0,0.0,0.0,0.0,0.0,0.0,0.0,0,0,0,0,0.0,0.0,0.0,0.0,0.0,0.0,0.0,0.0,0.0,0.0,0.0,0.0,0,0,0.0,0.0
-10.42607,0.0,0.0,0.0,0.0,0.0,0.0,0.0,0.0,0.0,0.0,0.0,0.0,0.0,0.0,0,0,0.0,0.0,0.0,0.0,0.0,0.0,0,0,0,0,0.0,0.0,0.0,0.0,0.0,0.0,0.0,0.0,0.0,0.0,0.0,0.0,0,0,0.0,0.0
-10.37594,0.0,0.0,0.0,0.0,0.0,0.0,0.0,0.0,0.0,0.0,0.0,0.0,0.0,0.0,0,0,0.0,0.0,0.0,0.0,0.0,0.0,0,0,0,0,0.0,0.0,0.0,0.0,0.0,0.0,0.0,0.0,0.0,0.0,0.0,0.0,0,0,0.0,0.0
-10.32581,0.0,0.0,0.0,0.0,0.0,0.0,0.0,0.0,0.0,0.0,0.0,0.0,0.0,0.0,0,0,0.0,0.0,0.0,0.0,0.0,0.0,0,0,0,0,0.0,0.0,0.0,0.0,0.0,0.0,0.0,0.0,0.0,0.0,0.0,0.0,0,0,0.0,0.0
-10.27569,0.0,0.0,0.0,0.0,0.0,0.0,0.0,0.0,0.0,0.0,0.0,0.0,0.0,0.0,0,0,0.0,0.0,0.0,0.0,0.0,0.0,0,0,0,0,0.0,0.0,0.0,0.0,0.0,0.0,0.0,0.0,0.0,0.0,0.0,0.0,0,0,0.0,0.0
-10.22556,0.0,0.0,0.0,0.0,0.0,0.0,0.0,0.0,0.0,0.0,0.0,0.0,0.0,0.0,0,0,0.0,0.0,0.0,0.0,0.0,0.0,0,0,0,0,0.0,0.0,0.0,0.0,0.0,0.0,0.0,0.0,0.0,0.0,0.0,0.0,0,0,0.0,0.0
-10.17544,0.0,0.0,0.0,0.0,0.0,0.0,0.0,0.0,0.0,0.0,0.0,0.0,0.0,0.0,0,0,0.0,0.0,0.0,0.0,0.0,0.0,0,0,0,0,0.0,0.0,0.0,0.0,0.0,0.0,0.0,0.0,0.0,0.0,0.0,0.0,0,0,0.0,0.0
-10.12531,0.0,0.0,0.0,0.0,0.0,0.0,0.0,0.0,0.0,0.0,0.0,0.0,0.0,0.0,0,0,0.0,0.0,0.0,0.0,0.0,0.0,0,0,0,0,0.0,0.0,0.0,0.0,0.0,0.0,0.0,0.0,0.0,0.0,0.0,0.0,0,0,0.0,0.0
-10.07519,0.0,0.0,0.0,0.0,0.0,0.0,0.0,0.0,0.0,0.0,0.0,0.0,0.0,0.0,0,0,0.0,0.0,0.0,0.0,0.0,0.0,0,0,0,0,0.0,0.0,0.0,0.0,0.0,0.0,0.0,0.0,0.0,0.0,0.0,0.0,0,0,0.0,0.0
-10.02506,0.0,0.0,0.0,0.0,0.0,0.0,0.0,0.0,0.0,0.0,0.0,0.0,0.0,0.0,0,0,0.0,0.0,0.0,0.0,0.0,0.0,0,0,0,0,0.0,0.0,0.0,0.0,0.0,0.0,0.0,0.0,0.0,0.0,0.0,0.0,0,0,0.0,0.0
-9.97494,0.0,0.0,0.0,0.0,0.0,0.0,0.0,0.0,0.0,0.0,0.0,0.0,0.0,0.0,0,0,0.0,0.0,0.0,0.0,0.0,0.0,0,0,0,0,0.0,0.0,0.0,0.0,0.0,0.0,0.0,0.0,0.0,0.0,0.0,0.0,0,0,0.0,0.0
-9.92481,0.0,0.0,0.0,0.0,0.0,0.0,0.0,0.0,0.0,0.0,0.0,0.0,0.0,0.0,0,0,0.0,0.0,0.0,0.0,0.0,0.0,0,0,0,0,0.0,0.0,0.0,0.0,0.0,0.0,0.0,0.0,0.0,0.0,0.0,0.0,0,0,0.0,0.0
-9.87469,0.0,0.0,0.0,0.0,0.0,0.0,0.0,0.0,0.0,0.0,0.0,0.0,0.0,0.0,0,0,0.0,0.0,0.0,0.0,0.0,0.0,0,0,0,0,0.0,0.0,0.0,0.0,0.0,0.0,0.0,0.0,0.0,0.0,0.0,0.0,0,0,0.0,0.0
-9.82456,0.0,0.0,0.0,0.0,0.0,0.0,0.0,0.0,0.0,0.0,0.0,0.0,0.0,0.0,0,0,0.0,0.0,0.0,0.0,0.0,0.0,0,0,0,0,0.0,0.0,0.0,0.0,0.0,0.0,0.0,0.0,0.0,0.0,0.0,0.0,0,0,0.0,0.0
-9.77444,0.0,0.0,0.0,0.0,0.0,0.0,0.0,0.0,0.0,0.0,0.0,0.0,0.0,0.0,0,0,0.0,0.0,0.0,0.0,0.0,0.0,0,0,0,0,0.0,0.0,0.0,0.0,0.0,0.0,0.0,0.0,0.0,0.0,0.0,0.0,0,0,0.0,0.0
-9.72431,0.0,0.0,0.0,0.0,0.0,0.0,0.0,0.0,0.0,0.0,0.0,0.0,0.0,0.0,0,0,0.0,0.0,0.0,0.0,0.0,0.0,0,0,0,0,0.0,0.0,0.0,0.0,0.0,0.0,0.0,0.0,0.0,0.0,0.0,0.0,0,0,0.0,0.0
-9.67419,0.0,0.0,0.0,0.0,0.0,0.0,0.0,0.0,0.0,0.0,0.0,0.0,0.0,0.0,0,0,0.0,0.0,0.0,0.0,0.0,0.0,0,0,0,0,0.0,0.0,0.0,0.0,0.0,0.0,0.0,0.0,0.0,0.0,0.0,0.0,0,0,0.0,0.0
-9.62406,0.0,0.0,0.0,0.0,0.0,0.0,0.0,0.0,0.0,0.0,0.0,0.0,0.0,0.0,0,0,0.0,0.0,0.0,0.0,0.0,0.0,0,0,0,0,0.0,0.0,0.0,0.0,0.0,0.0,0.0,0.0,0.0,0.0,0.0,0.0,0,0,0.0,0.0
-9.57393,0.0,0.0,0.0,0.0,0.0,0.0,0.0,0.0,0.0,0.0,0.0,0.0,0.0,0.0,0,0,0.0,0.0,0.0,0.0,0.0,0.0,0,0,0,0,0.0,0.0,0.0,0.0,0.0,0.0,0.0,0.0,0.0,0.0,0.0,0.0,0,0,0.0,0.0
-9.52381,0.0,0.0,0.0,0.0,0.0,0.0,0.0,0.0,0.0,0.0,0.0,0.0,0.0,0.0,0,0,0.0,0.0,0.0,0.0,0.0,0.0,0,0,0,0,0.0,0.0,0.0,0.0,0.0,0.0,0.0,0.0,0.0,0.0,0.0,0.0,0,0,0.0,0.0
-9.47368,0.0,0.0,0.0,0.0,0.0,0.0,0.0,0.0,0.0,0.0,0.0,0.0,0.0,0.0,0,0,0.0,0.0,0.0,0.0,0.0,0.0,0,0,0,0,0.0,0.0,0.0,0.0,0.0,0.0,0.0,0.0,0.0,0.0,0.0,0.0,0,0,0.0,0.0
-9.42356,0.0,0.0,0.0,0.0,0.0,0.0,0.0,0.0,0.0,0.0,0.0,0.0,0.0,0.0,0,0,0.0,0.0,0.0,0.0,0.0,0.0,0,0,0,0,0.0,0.0,0.0,0.0,0.0,0.0,0.0,0.0,0.0,0.0,0.0,0.0,0,0,0.0,0.0
-9.37343,0.0,0.0,0.0,0.0,0.0,0.0,0.0,0.0,0.0,0.0,0.0,0.0,0.0,0.0,0,0,0.0,0.0,0.0,0.0,0.0,0.0,0,0,0,0,0.0,0.0,0.0,0.0,0.0,0.0,0.0,0.0,0.0,0.0,0.0,0.0,0,0,0.0,0.0
-9.32331,0.0,0.0,0.0,0.0,0.0,0.0,0.0,0.0,0.0,0.0,0.0,0.0,0.0,0.0,0,0,0.0,0.0,0.0,0.0,0.0,0.0,0,0,0,0,0.0,0.0,0.0,0.0,0.0,0.0,0.0,0.0,0.0,0.0,0.0,0.0,0,0,0.0,0.0
-9.27318,0.0,0.0,0.0,0.0,0.0,0.0,0.0,0.0,0.0,0.0,0.0,0.0,0.0,0.0,0,0,0.0,0.0,0.0,0.0,0.0,0.0,0,0,0,0,0.0,0.0,0.0,0.0,0.0,0.0,0.0,0.0,0.0,0.0,0.0,0.0,0,0,0.0,0.0
-9.22306,0.0,0.0,0.0,0.0,0.0,0.0,0.0,0.0,0.0,0.0,0.0,0.0,0.0,0.0,0,0,0.0,0.0,0.0,0.0,0.0,0.0,0,0,0,0,0.0,0.0,0.0,0.0,0.0,0.0,0.0,0.0,0.0,0.0,0.0,0.0,0,0,0.0,0.0
-9.17293,0.0,0.0,0.0,0.0,0.0,0.0,0.0,0.0,0.0,0.0,0.0,0.0,0.0,0.0,0,0,0.0,0.0,0.0,0.0,0.0,0.0,0,0,0,0,0.0,0.0,0.0,0.0,0.0,0.0,0.0,0.0,0.0,0.0,0.0,0.0,0,0,0.0,0.0
-9.12281,0.0,0.0,0.0,0.0,0.0,0.0,0.0,0.0,0.0,0.0,0.0,0.0,0.0,0.0,0,0,0.0,0.0,0.0,0.0,0.0,0.0,0,0,0,0,0.0,0.0,0.0,0.0,0.0,0.0,0.0,0.0,0.0,0.0,0.0,0.0,0,0,0.0,0.0
-9.07268,0.0,0.0,0.0,0.0,0.0,0.0,0.0,0.0,0.0,0.0,0.0,0.0,0.0,0.0,0,0,0.0,0.0,0.0,0.0,0.0,0.0,0,0,0,0,0.0,0.0,0.0,0.0,0.0,0.0,0.0,0.0,0.0,0.0,0.0,0.0,0,0,0.0,0.0
-9.02256,0.0,0.0,0.0,0.0,0.0,0.0,0.0,0.0,0.0,0.0,0.0,0.0,0.0,0.0,0,0,0.0,0.0,0.0,0.0,0.0,0.0,0,0,0,0,0.0,0.0,0.0,0.0,0.0,0.0,0.0,0.0,0.0,0.0,0.0,0.0,0,0,0.0,0.0
-8.97243,0.0,0.0,0.0,0.0,0.0,0.0,0.0,0.0,0.0,0.0,0.0,0.0,0.0,0.0,0,0,0.0,0.0,0.0,0.0,0.0,0.0,0,0,0,0,0.0,0.0,0.0,0.0,0.0,0.0,0.0,0.0,0.0,0.0,0.0,0.0,0,0,0.0,0.0
-8.92231,0.0,0.0,0.0,0.0,0.0,0.0,0.0,0.0,0.0,0.0,0.0,0.0,0.0,0.0,0,0,0.0,0.0,0.0,0.0,0.0,0.0,0,0,0,0,0.0,0.0,0.0,0.0,0.0,0.0,0.0,0.0,0.0,0.0,0.0,0.0,0,0,0.0,0.0
-8.87218,0.0,0.0,0.0,0.0,0.0,0.0,0.0,0.0,0.0,0.0,0.0,0.0,0.0,0.0,0,0,0.0,0.0,0.0,0.0,0.0,0.0,0,0,0,0,0.0,0.0,0.0,0.0,0.0,0.0,0.0,0.0,0.0,0.0,0.0,0.0,0,0,0.0,0.0
-8.82206,0.0,0.0,0.0,0.0,0.0,0.0,0.0,0.0,0.0,0.0,0.0,0.0,0.0,0.0,0,0,0.0,0.0,0.0,0.0,0.0,0.0,0,0,0,0,0.0,0.0,0.0,0.0,0.0,0.0,0.0,0.0,0.0,0.0,0.0,0.0,0,0,0.0,0.0
-8.77193,0.0,0.0,0.0,0.0,0.0,0.0,0.0,0.0,0.0,0.0,0.0,0.0,0.0,0.0,0,0,0.0,0.0,0.0,0.0,0.0,0.0,0,0,0,0,0.0,0.0,0.0,0.0,0.0,0.0,0.0,0.0,0.0,0.0,0.0,0.0,0,0,0.0,0.0
-8.7218,0.0,0.0,0.0,0.0,0.0,0.0,0.0,0.0,0.0,0.0,0.0,0.0,0.0,0.0,0,0,0.0,0.0,0.0,0.0,0.0,0.0,0,0,0,0,0.0,0.0,0.0,0.0,0.0,0.0,0.0,0.0,0.0,0.0,0.0,0.0,0,0,0.0,0.0
-8.67168,0.0,0.0,0.0,0.0,0.0,0.0,0.0,0.0,0.0,0.0,0.0,0.0,0.0,0.0,0,0,0.0,0.0,0.0,0.0,0.0,0.0,0,0,0,0,0.0,0.0,0.0,0.0,0.0,0.0,0.0,0.0,0.0,0.0,0.0,0.0,0,0,0.0,0.0
-8.62155,0.0,0.0,0.0,0.0,0.0,0.0,0.0,0.0,0.0,0.0,0.0,0.0,0.0,0.0,0,0,0.0,0.0,0.0,0.0,0.0,0.0,0,0,0,0,0.0,0.0,0.0,0.0,0.0,0.0,0.0,0.0,0.0,0.0,0.0,0.0,0,0,0.0,0.0
-8.57143,0.0,0.0,0.0,0.0,0.0,0.0,0.0,0.0,0.0,0.0,0.0,0.0,0.0,0.0,0,0,0.0,0.0,0.0,0.0,0.0,0.0,0,0,0,0,0.0,0.0,0.0,0.0,0.0,0.0,0.0,0.0,0.0,0.0,0.0,0.0,0,0,0.0,0.0
-8.5213,0.0,0.0,0.0,0.0,0.0,0.0,0.0,0.0,0.0,0.0,0.0,0.0,0.0,0.0,0,0,0.0,0.0,0.0,0.0,0.0,0.0,0,0,0,0,0.0,0.0,0.0,0.0,0.0,0.0,0.0,0.0,0.0,0.0,0.0,0.0,0,0,0.0,0.0
-8.47118,0.0,0.0,0.0,0.0,0.0,0.0,0.0,0.0,0.0,0.0,0.0,0.0,0.0,0.0,0,0,0.0,0.0,0.0,0.0,0.0,0.0,0,0,0,0,0.0,0.0,0.0,0.0,0.0,0.0,0.0,0.0,0.0,0.0,0.0,0.0,0,0,0.0,0.0
-8.42105,0.0,0.0,0.0,0.0,0.0,0.0,0.0,0.0,0.0,0.0,0.0,0.0,0.0,0.0,0,0,0.0,0.0,0.0,0.0,0.0,0.0,0,0,0,0,0.0,0.0,0.0,0.0,0.0,0.0,0.0,0.0,0.0,0.0,0.0,0.0,0,0,0.0,0.0
-8.37093,0.0,0.0,0.0,0.0,0.0,0.0,0.0,0.0,0.0,0.0,0.0,0.0,0.0,0.0,0,0,0.0,0.0,0.0,0.0,0.0,0.0,0,0,0,0,0.0,0.0,0.0,0.0,0.0,0.0,0.0,0.0,0.0,0.0,0.0,0.0,0,0,0.0,0.0
-8.3208,0.0,0.0,0.0,0.0,0.0,0.0,0.0,0.0,0.0,0.0,0.0,0.0,0.0,0.0,0,0,0.0,0.0,0.0,0.0,0.0,0.0,0,0,0,0,0.0,0.0,0.0,0.0,0.0,0.0,0.0,0.0,0.0,0.0,0.0,0.0,0,0,0.0,0.0
-8.27068,0.0,0.0,0.0,0.0,0.0,0.0,0.0,0.0,0.0,0.0,0.0,0.0,0.0,0.0,0,0,0.0,0.0,0.0,0.0,0.0,0.0,0,0,0,0,0.0,0.0,0.0,0.0,0.0,0.0,0.0,0.0,0.0,0.0,0.0,0.0,0,0,0.0,0.0
-8.22055,0.0,0.0,0.0,0.0,0.0,0.0,0.0,0.0,0.0,0.0,0.0,0.0,0.0,0.0,0,0,0.0,0.0,0.0,0.0,0.0,0.0,0,0,0,0,0.0,0.0,0.0,0.0,0.0,0.0,0.0,0.0,0.0,0.0,0.0,0.0,0,0,0.0,0.0
-8.17043,1e-05,0.0,0.0,0.0,0.0,0.0,0.0,0.0,0.0,0.0,0.0,0.0,0.0,0.0,0,0,0.0,0.0,0.0,0.0,0.0,0.0,0,0,0,0,0.0,0.0,0.0,0.0,0.0,0.0,0.0,0.0,0.0,0.0,0.0,0.0,0,0,0.0,0.0
-8.1203,0.00568,0.0,8e-05,0.0,0.00231,0.0,0.00036,0.0,8e-05,0.0,0.00023,0.0,5e-05,0.0,0,0,0.00303,0.0,0.00311,0.0,0.00030000000000000003,0.0,0,0,0,0,0.00030000000000000003,0.0,7.000000000000001e-05,0.0,0.00037,0.0,8e-05,0.0,0.00151,0.0,0.00196,0.0,0,0,0.00203,0.0
-8.07018,0.41939,0.0,0.00804,0.0,0.17139,0.0,0.02707,0.0,0.00724,0.0,0.01735,0.0,0.00422,0.0,0,0,0.22727,0.0,0.23531,0.0,0.02616999999999999,0.0,0,0,0,0,0.02616999999999999,0.0,0.006039999999999996,0.0,0.02736999999999999,0.0,0.00654,0.0,0.11752000000000001,0.0,0.15143,0.0,0,0,0.15747,0.0
-8.02005,5.00137,0.0,0.09673999999999998,0.0,2.0371400000000004,0.0,0.32244,0.0,0.08717,0.0,0.20686999999999997,0.0,0.05079,0.0,0,0,2.70441,0.0,2.8011500000000003,0.0,0.31398999999999994,0.0,0,0,0,0,0.31398999999999994,0.0,0.07315999999999999,0.0,0.32603000000000015,0.0,0.07937000000000005,0.0,1.4074700000000002,0.0,1.8128700000000004,0.0,0,0,1.8860300000000003,0.0
-7.96992,11.32871,0.0,0.2727899999999999,0.0,4.259319999999999,0.0,0.7035899999999998,0.0,0.24779999999999996,0.0,0.45476,0.0,0.12613000000000005,0.0,0,0,5.791599999999999,0.0,6.064389999999999,0.0,0.7702300000000001,0.0,0,0,0,0,0.7702300000000001,0.0,0.16415999999999992,0.0,0.6935699999999998,0.0,0.18393,0.0,3.45231,0.0,4.32981,0.0,0,0,4.49397,0.0
-7.9198,13.16626,0.0,0.7492100000000003,0.0,1.7859800000000001,0.0,0.66703,0.0,0.68944,0.0,0.45661,0.0,0.42985,0.0,0,0,4.02891,0.0,4.77812,0.0,1.3776800000000007,0.0,0,0,0,0,1.3776800000000007,0.0,0.17422000000000012,0.0,0.40568,0.0,0.28863000000000005,0.0,6.1418800000000005,0.0,6.83619,0.0,0,0,7.01041,0.0
-7.86967,24.70113,0.0,1.5821500000000004,0.0,0.5587900000000002,0.0,1.4508700000000003,0.0,1.4290600000000002,0.0,0.9719099999999999,0.0,2.0167199999999994,0.0,0,0,6.427350000000001,0.0,8.009500000000001,0.0,2.803139999999998,0.0,0,0,0,0,2.803139999999998,0.0,0.30224000000000006,0.0,0.395,0.0,0.7879400000000003,0.0,12.40333,0.0,13.58627,0.0,0,0,13.88851,0.0
-7.81955,33.2082,0.00267,2.24917,0.00024,0.7003599999999999,0.0,1.4649200000000002,0.0,1.9387200000000004,0.0,0.95912,0.0,2.8369699999999995,0.0,0,0,7.9000900000000005,0.0,10.14926,0.00024,3.83737,0.00027000000000000006,0,0,0,0,3.83737,0.00027000000000000006,0.43927999999999995,0.0,0.4509799999999998,0.0,1.0110600000000003,0.0,17.32016,0.001720000000000003,18.782200000000003,0.001720000000000003,0,0,19.22148,0.001720000000000003
-7.76942,32.02304,0.24358,2.5635700000000003,0.02267,0.7203099999999999,0.00019,0.4730899999999999,2e-05,2.1101699999999997,0.01268,0.4174399999999999,0.00012,1.4924600000000001,0.00011,0,0,5.213469999999999,0.01312,7.7770399999999995,0.03579,4.033620000000002,0.03568000000000001,0,0,0,0,4.033620000000002,0.03568000000000001,0.4660100000000002,0.004650000000000003,0.41481000000000007,0.0025100000000000027,0.6865699999999998,0.0038600000000000045,18.645070000000004,0.16073000000000004,19.746450000000003,0.16710000000000005,0,0,20.212460000000004,0.17175000000000004
-7.7193,29.89455,4.00879,2.16868,0.3722599999999999,1.0433700000000001,0.004349999999999999,0.17487,0.002020000000000002,1.6235200000000003,0.20818000000000003,1.3986399999999994,0.003190000000000002,2.05372,0.002550000000000001,0,0,6.29412,0.22029000000000004,8.4628,0.5925499999999999,3.5213400000000004,0.58687,0,0,0,0,3.5213400000000004,0.58687,0.4026000000000002,0.07645000000000003,0.6483200000000007,0.04282000000000001,0.8753599999999998,0.06428000000000006,15.984110000000003,2.6458800000000013,17.507790000000004,2.7529800000000013,0,0,17.910390000000003,2.829430000000001
-7.66917,51.28302,14.64081,2.304370000000001,1.35926,4.974720000000002,0.015719999999999994,0.6126699999999998,0.00727,1.6049100000000005,0.7515500000000002,5.688329999999999,0.01156,6.563659999999999,0.00941,0,0,19.44429,0.7955100000000002,21.74866,2.15477,4.66565,2.1410599999999995,0,0,0,0,4.66565,2.1410599999999995,0.5802,0.2800300000000001,2.0499400000000008,0.15852999999999998,2.28465,0.23472000000000012,19.953850000000006,9.671730000000004,24.28844000000001,10.064980000000004,0,0,24.868640000000006,10.345010000000004
-7.61905,73.13851,22.09262,2.3845300000000003,2.047939999999999,14.15875,0.023329999999999993,2.0126900000000005,0.01046,1.6502599999999996,1.0885799999999999,8.047710000000002,0.01675,7.28187,0.01455,0,0,33.15128,1.15367,35.535810000000005,3.201609999999999,5.653150000000002,3.220060000000002,0,0,0,0,5.653150000000002,3.220060000000002,0.7781300000000003,0.42874999999999996,3.730560000000001,0.24959000000000006,2.552660000000002,0.35857000000000033,24.888100000000016,14.634050000000006,31.17132000000002,15.242210000000005,0,0,31.94945000000002,15.670960000000006
-7.56892,63.24886,29.16253,2.291179999999999,2.70081,13.887740000000003,0.029779999999999994,2.239800000000001,0.013179999999999997,1.6543300000000005,1.3721499999999995,5.463110000000003,0.021040000000000007,3.901720000000001,0.02017,0,0,27.14670000000001,1.4563199999999996,29.437880000000007,4.1571299999999995,5.05171,4.2371799999999995,0,0,0,0,5.05171,4.2371799999999995,0.6945000000000003,0.57299,3.1905399999999995,0.34548999999999996,1.6456799999999996,0.4773900000000002,23.22856999999999,19.372299999999996,28.064789999999988,20.195179999999997,0,0,28.75928999999999,20.768169999999994
-7.5188,37.83719,24.49552,2.23433,2.27619,4.725329999999997,0.02275,0.9278199999999993,0.010269999999999998,1.6518100000000002,1.08709,1.88889,0.016279999999999996,1.3641599999999996,0.01731,0,0,10.558009999999996,1.1537,12.792339999999996,3.42989,3.9266899999999985,3.550769999999999,0,0,0,0,3.9266899999999985,3.550769999999999,0.5440299999999999,0.4789599999999999,1.37537,0.30267000000000005,0.9852299999999996,0.39179999999999976,18.2135,16.34145000000001,20.574099999999998,17.035920000000008,0,0,21.11813,17.51488000000001
-7.46867,29.35148,21.55505,1.8191099999999998,2.00397,2.1223600000000014,0.02029,0.8040900000000001,0.00856,1.67167,0.8897100000000002,1.64201,0.013029999999999991,1.03433,0.017230000000000006,0,0,7.274460000000001,0.9488200000000002,9.093570000000001,2.9527900000000002,3.2127999999999997,3.1136200000000005,0,0,0,0,3.2127999999999997,3.1136200000000005,0.5361500000000002,0.43128999999999973,1.0317300000000003,0.2840800000000001,1.0901500000000002,0.3578200000000001,14.387030000000003,14.415599999999998,16.508910000000004,15.057499999999997,0,0,17.045060000000003,15.488789999999998
-7.41855,51.89173,23.53283,2.2270600000000003,2.14877,5.11357,0.03244000000000001,4.258740000000001,0.01042,2.5569500000000005,0.9626299999999999,3.6102600000000007,0.015099999999999999,2.0017200000000006,0.02826999999999999,0,0,17.541240000000002,1.04886,19.768300000000004,3.1976299999999998,5.026329999999999,3.384220000000001,0,0,0,0,5.026329999999999,3.384220000000001,0.9975600000000006,0.5233600000000003,2.58262,0.35930000000000006,2.5172800000000004,0.4688499999999998,20.999580000000012,15.599369999999992,26.099480000000014,16.42751999999999,0,0,27.097040000000014,16.95087999999999
-7.36842,90.67877,24.0732,2.76752,2.1699900000000003,9.54613,0.04027000000000001,13.928159999999997,0.010920000000000004,3.3710400000000003,0.9645099999999996,4.56656,0.01598,2.89189,0.0371,0,0,34.303779999999996,1.0687799999999996,37.071299999999994,3.23877,8.390069999999998,3.4432899999999984,0,0,0,0,8.390069999999998,3.4432899999999984,1.6833299999999995,0.5703300000000003,5.31507,0.41179000000000004,4.55564,0.51248,33.66339000000003,15.89654,43.53410000000003,16.82081,0,0,45.21743000000003,17.39114
-7.3183,94.6419,23.86958,2.4797700000000003,2.1197800000000004,8.192950000000002,0.043620000000000006,16.62893,0.01083,3.24127,0.89673,5.137050000000001,0.015360000000000002,3.6552000000000002,0.044660000000000005,0,0,36.8554,1.0112,39.335170000000005,3.1309800000000005,8.589300000000001,3.385639999999998,0,0,0,0,8.589300000000001,3.385639999999998,1.78165,0.5938699999999999,5.6819099999999985,0.4407699999999999,4.915229999999998,0.54889,34.338629999999995,15.769309999999999,44.93576999999999,16.758969999999998,0,0,46.71741999999999,17.35284
-7.26817,71.84204,24.45815,2.14662,2.0832,4.9394399999999985,0.05752000000000001,7.583900000000002,0.014120000000000004,2.614960000000001,0.9413199999999998,6.953769999999999,0.018510000000000002,3.754159999999999,0.06102,0,0,25.84623,1.0924899999999997,27.992849999999997,3.17569,6.6590500000000015,3.450529999999999,0,0,0,0,6.6590500000000015,3.450529999999999,1.6740100000000002,0.6783699999999997,4.31986,0.5177900000000002,4.0651399999999995,0.6674499999999997,27.130920000000003,15.968170000000013,35.51592,17.15341000000001,0,0,37.189930000000004,17.831780000000013
-7.21805,83.1054,20.17048,2.42982,1.5842499999999993,4.982370000000001,0.07644999999999999,3.4373300000000007,0.016159999999999997,2.4576500000000014,0.8198000000000001,11.924869999999999,0.021640000000000003,5.677209999999999,0.0621,0,0,28.47943,0.9961500000000001,30.90925,2.580399999999999,7.790569999999995,2.8204899999999995,0,0,0,0,7.790569999999995,2.8204899999999995,2.2546699999999995,0.6582899999999999,5.354380000000001,0.52068,5.332110000000002,0.7217699999999999,31.464459999999992,12.868870000000005,42.150949999999995,14.111320000000005,0,0,44.40561999999999,14.769610000000004
-7.16792,122.5982,31.44649,3.3776300000000004,2.36734,8.932409999999997,0.14021999999999998,5.424039999999999,0.027090000000000006,3.6690500000000004,1.1741,10.897989999999998,0.03808,13.565959999999999,0.12158999999999998,0,0,42.48944999999999,1.50108,45.867079999999994,3.86842,11.147029999999999,4.331989999999999,0,0,0,0,11.147029999999999,4.331989999999999,3.2233100000000006,1.0861099999999997,6.917969999999999,0.9306800000000004,7.5196900000000015,1.2603399999999998,47.92309,19.968920000000004,62.36075,22.159940000000006,0,0,65.58406000000001,23.246050000000004
-7.11779,159.07472,40.74981,4.059540000000002,2.94565,14.145310000000004,0.19741,6.564139999999998,0.037439999999999994,5.1178799999999995,1.49965,7.027150000000001,0.053000000000000005,21.804030000000004,0.18939999999999999,0,0,54.65851000000001,1.9768999999999999,58.718050000000005,4.92255,14.195169999999997,5.574059999999999,0,0,0,0,14.195169999999997,5.574059999999999,4.21646,1.4802600000000004,8.217789999999997,1.3136300000000003,9.517569999999996,1.7831100000000002,64.20960000000004,25.67619999999999,81.94496000000004,28.77293999999999,0,0,86.16142000000004,30.253199999999993
-7.06767,143.61501,32.24607,3.575640000000001,2.2361500000000003,13.73873,0.17750999999999997,5.31948,0.02948,4.546680000000001,1.1336100000000002,5.207570000000002,0.04490999999999997,19.256550000000004,0.16518000000000002,0,0,48.069010000000006,1.5506900000000001,51.64465000000001,3.7868400000000007,12.909889999999992,4.371469999999999,0,0,0,0,12.909889999999992,4.371469999999999,3.8928899999999986,1.2170599999999998,6.905089999999999,1.1417000000000006,8.189480000000003,1.517380000000001,60.07303999999999,20.211620000000007,75.16761,22.87070000000001,0,0,79.06049999999999,24.08776000000001
-7.01754,111.1542,26.48856,2.8563100000000006,1.6704900000000003,10.881369999999999,0.16725999999999996,4.33655,0.026640000000000004,3.2961699999999996,0.8224599999999997,4.519190000000001,0.04317999999999998,13.432100000000002,0.17930000000000004,0,0,36.46538,1.2388399999999997,39.321690000000004,2.90933,9.977749999999999,3.521560000000001,0,0,0,0,9.977749999999999,3.521560000000001,3.13087,1.06063,4.8224100000000005,1.0871700000000002,5.598360000000002,1.40148,48.3032,16.50831,58.72397,18.99696,0,0,61.854839999999996,20.05759
-6.96742,103.88087,41.91857,2.6178000000000012,2.460850000000001,10.267389999999999,0.28148999999999996,3.915049999999999,0.046320000000000014,3.2501599999999997,1.11509,4.1642399999999995,0.06738999999999999,9.991770000000002,0.3243400000000001,0,0,31.58861,1.83463,34.20641,4.295480000000001,9.553329999999997,5.472519999999999,0,0,0,0,9.553329999999997,5.472519999999999,3.14588,1.7373399999999994,4.323019999999999,1.8863,4.5796,2.310039999999999,48.07245,26.216930000000005,56.97507,30.413270000000004,0,0,60.12095,32.15061
-6.91729,94.89035,50.30959,1.9596800000000003,2.82501,8.255119999999998,0.37696999999999997,3.45662,0.05903,3.5871400000000015,1.2366599999999999,3.727469999999999,0.07828,8.627520000000002,0.40402000000000005,0,0,27.65387,2.15496,29.61355,4.97997,8.90797,6.50815,0,0,0,0,8.90797,6.50815,3.1305899999999998,2.147709999999999,4.091999999999999,2.3786199999999993,4.6236700000000015,2.968279999999999,44.52258999999999,31.326929999999983,53.23825999999999,36.67382999999998,0,0,56.36884999999999,38.82153999999998
-6.86717,98.22914,41.40244,1.3384199999999997,2.2305099999999998,6.720300000000001,0.34819,3.6358900000000003,0.06203999999999999,5.37799,0.9009900000000001,3.7648099999999998,0.0702,10.129589999999995,0.41978000000000004,0,0,29.628579999999996,1.8012000000000001,30.966999999999995,4.0317099999999995,9.155359999999998,5.315379999999997,0,0,0,0,9.155359999999998,5.315379999999997,3.5340699999999985,1.81787,4.30651,2.1052400000000007,5.421989999999999,2.664200000000002,44.844309999999986,25.46826999999999,54.57280999999998,30.237709999999993,0,0,58.10687999999998,32.05557999999999
-6.81704,103.43049,43.89495,1.0374399999999995,2.085889999999999,7.2578,0.47058000000000005,4.0948899999999995,0.12538,6.636599999999999,0.7759599999999998,3.91742,0.09834000000000002,10.396510000000005,0.6862599999999999,0,0,32.30322,2.1565199999999995,33.34066,4.242409999999999,9.427839999999998,5.629389999999997,0,0,0,0,9.427839999999998,5.629389999999997,3.7868100000000005,2.080220000000001,4.187160000000001,2.6690499999999995,5.23291,3.4424199999999994,47.45528000000001,25.83132999999999,56.87535000000001,31.94279999999999,0,0,60.662160000000014,34.02301999999999
-6.76692,117.05311,70.62492,0.9511000000000003,2.9044499999999993,9.277040000000001,0.9226899999999999,4.77184,0.27004000000000017,4.704119999999999,1.1570700000000003,5.30678,0.17712999999999998,10.857429999999999,1.3482900000000002,0,0,34.91721,3.8752200000000006,35.86831,6.779669999999999,10.813849999999993,9.059930000000001,0,0,0,0,10.813849999999993,9.059930000000001,4.187619999999998,3.5971199999999994,4.792050000000001,4.846150000000002,5.9359100000000025,6.4496500000000045,55.45522000000002,39.89240000000002,66.18318000000002,51.18820000000003,0,0,70.37080000000002,54.78532000000003
-6.71679,143.62381,77.99276,0.8647999999999998,2.9524899999999987,11.76156,1.1170200000000001,5.688989999999999,0.28177,3.003270000000001,1.2350000000000003,6.854959999999999,0.20811999999999997,13.107779999999996,1.6838099999999998,0,0,40.41656,4.525720000000001,41.28135999999999,7.478209999999999,13.506019999999996,9.947640000000002,0,0,0,0,13.506019999999996,9.947640000000002,5.247889999999997,4.065989999999999,5.79947,5.4695800000000006,7.3923200000000024,7.097739999999999,70.39668999999995,43.93357000000003,83.58847999999995,56.500890000000034,0,0,88.83636999999995,60.56688000000003
-6.66667,128.47073,71.58808,0.7644400000000001,2.563950000000001,9.940449999999998,1.0600399999999999,4.619129999999999,0.19192999999999996,2.9154999999999993,1.11153,5.746250000000001,0.21180000000000002,11.614549999999998,1.72588,0,0,34.835879999999996,4.30118,35.600319999999996,6.865130000000001,12.067489999999998,9.03271,0,0,0,0,12.067489999999998,9.03271,4.7889100000000004,3.74198,5.034560000000001,4.780770000000004,6.3003100000000005,5.847049999999999,64.67913000000001,41.32038,76.01400000000001,51.9482,0,0,80.80291000000001,55.690180000000005
-6.61654,80.08151,72.76678,0.7866899999999999,2.4688499999999998,4.807820000000001,1.08611,2.4502300000000004,0.17451,3.858350000000001,1.1362000000000003,3.1040599999999996,0.26180999999999993,6.221570000000001,1.9047599999999996,0,0,20.442030000000003,4.56339,21.228720000000003,7.03224,7.251779999999993,9.115549999999999,0,0,0,0,7.251779999999993,9.115549999999999,3.023609999999999,3.8995099999999985,3.21248,4.690309999999999,3.7724699999999984,5.8788300000000016,41.592439999999996,42.15035999999999,48.577389999999994,52.7195,0,0,51.60099999999999,56.61900999999999
-6.56642,54.10793,78.89047,0.5605500000000001,2.5052999999999996,3.26972,1.20729,1.7337999999999998,0.1830800000000001,2.91739,1.0962199999999998,1.9844400000000006,0.36134,3.89225,2.27044,0,0,13.797600000000001,5.11837,14.35815,7.623669999999999,4.7609400000000015,9.750899999999998,0,0,0,0,4.7609400000000015,9.750899999999998,2.0273900000000005,4.311649999999998,2.1615900000000012,5.056250000000001,2.4392799999999992,6.384499999999999,28.360610000000005,45.763540000000006,32.96148000000001,57.20429000000001,0,0,34.988870000000006,61.51594000000001
-6.51629,46.40559,84.75513,0.30593,2.5320000000000005,3.68842,1.2603299999999997,1.8333000000000002,0.24813999999999992,1.92619,1.08627,1.8833099999999998,0.39219000000000004,3.6136900000000005,2.304659999999999,0,0,12.94491,5.2915899999999985,13.25084,7.823589999999999,4.03693,10.381139999999998,0,0,0,0,4.03693,10.381139999999998,1.7159599999999993,4.697699999999999,1.6839899999999997,5.308579999999999,1.9550600000000002,6.509960000000001,23.762929999999994,50.03410999999999,27.401979999999995,61.85264999999999,0,0,29.117939999999994,66.55035
-6.46617,34.86812,79.50201,0.17983,1.9555400000000003,3.188049999999999,1.19595,1.5009599999999998,0.47500999999999993,1.0976499999999996,0.8165900000000001,1.53716,0.32597000000000004,2.91531,1.7371700000000005,0,0,10.23913,4.55069,10.418959999999998,6.506230000000001,3.0137699999999996,9.871260000000001,0,0,0,0,3.0137699999999996,9.871260000000001,1.2612600000000005,4.676789999999999,1.3028699999999998,5.759360000000001,1.41936,6.51251,17.45190000000001,46.17587999999997,20.17413000000001,58.44774999999997,0,0,21.43539000000001,63.12453999999997
-6.41604,21.84764,82.14311,0.20735999999999996,1.5284799999999996,2.07601,1.1585100000000002,1.0300900000000004,0.6211000000000001,0.41742000000000007,0.60727,1.1064900000000002,0.30138000000000015,2.0257099999999992,1.5986099999999996,0,0,6.65572,4.28687,6.86308,5.81535,1.916909999999999,10.275059999999998,0,0,0,0,1.916909999999999,10.275059999999998,0.73848,5.0114399999999995,1.0170600000000005,6.298950000000004,1.1293300000000004,6.93385,10.182770000000001,47.808519999999994,12.329160000000002,61.04132,0,0,13.067640000000003,66.05275999999999
-6.36591,41.99199,84.85971,1.4441399999999998,1.303,2.4316099999999996,1.2639499999999997,1.8017200000000009,0.5334500000000001,2.1997000000000004,0.57047,2.0713700000000004,0.37348999999999993,2.774400000000001,1.9227100000000004,0,0,11.278800000000002,4.66407,12.722940000000001,5.96707,3.7172799999999997,10.616169999999997,0,0,0,0,3.7172799999999997,10.616169999999997,1.2823499999999997,5.1269599999999995,3.0174500000000015,5.6959,4.032280000000001,6.654839999999999,17.21976,50.79879999999996,24.269490000000005,63.14953999999996,0,0,25.551840000000002,68.27649999999996
-6.31579,75.29601,89.99047,3.05659,1.3554600000000008,3.5900700000000003,1.58899,3.08323,0.58114,4.85958,0.6713800000000001,3.70421,0.40532000000000024,4.296050000000002,2.09938,0,0,19.533140000000003,5.34621,22.589730000000003,6.701670000000001,6.6459,11.303699999999997,0,0,0,0,6.6459,11.303699999999997,2.255699999999998,5.4604,5.958309999999999,5.83168,8.152329999999997,6.837410000000002,29.693959999999997,53.85548,43.80459999999999,66.52457,0,0,46.06029999999999,71.98497
-6.26566,54.02207,82.20371,1.6154100000000002,1.14634,3.2566000000000006,1.5105899999999997,2.28651,0.6646500000000003,2.8015100000000004,0.7003699999999999,2.8401500000000004,0.3883099999999999,4.08331,1.7022699999999997,0,0,15.268080000000001,4.966189999999999,16.883490000000002,6.11253,4.768720000000001,10.424789999999998,0,0,0,0,4.768720000000001,10.424789999999998,1.7166900000000005,5.130720000000002,4.024930000000001,5.404389999999998,5.340089999999997,6.343629999999999,21.28822,48.78742999999999,30.653239999999997,60.53544999999999,0,0,32.36993,65.66617
-6.21554,40.48252,90.41546,0.74466,0.9494499999999998,2.8837,1.76379,1.6650199999999997,0.7915899999999999,1.38429,0.6833999999999999,2.3868599999999995,0.43106000000000005,4.746630000000001,1.87231,0,0,13.0665,5.5421499999999995,13.81116,6.491599999999999,3.465079999999998,11.603130000000002,0,0,0,0,3.465079999999998,11.603130000000002,1.2880800000000003,5.811670000000001,3.1540099999999986,5.889470000000002,4.203990000000002,6.591869999999999,14.560189999999999,54.02770000000004,21.91819,66.50904000000004,0,0,23.20627,72.32071000000005
-6.16541,65.08959,82.9749,1.3916500000000003,0.7794800000000001,4.217460000000001,1.5423400000000003,2.6116,0.6599800000000002,1.57653,0.6983099999999999,3.6432700000000007,0.36422000000000004,7.99257,1.9359000000000002,0,0,20.041430000000002,5.20075,21.43308,5.980230000000001,5.824730000000001,10.524670000000002,0,0,0,0,5.824730000000001,10.524670000000002,2.04814,5.367469999999998,5.370370000000003,5.4234699999999965,8.354580000000002,5.8786200000000015,22.058800000000012,49.80032999999999,35.78375000000002,61.10241999999999,0,0,37.831890000000016,66.46988999999998
-6.11529,85.23478,66.11186,2.5060299999999995,0.7367099999999996,5.77749,1.06696,3.42166,0.47253,1.5121899999999995,0.5974,4.324610000000001,0.3214399999999999,7.152550000000001,1.7168100000000004,0,0,22.1885,4.17514,24.69453,4.91185,8.35866,8.319189999999997,0,0,0,0,8.35866,8.319189999999997,2.8943700000000008,4.284049999999997,8.096630000000003,5.132729999999998,11.859799999999998,5.233070000000001,29.330720000000014,38.23085999999999,49.28715000000001,48.59665999999999,0,0,52.18152000000001,52.880709999999986
-6.06516,84.97509,73.84023,2.509769999999999,1.1840900000000005,8.31809,1.12958,3.29294,0.5072000000000002,1.7171,0.6892299999999999,4.08907,0.39038,3.740359999999999,1.9470800000000004,0,0,21.15756,4.66347,23.66733,5.847560000000001,8.234019999999997,9.333010000000005,0,0,0,0,8.234019999999997,9.333010000000005,3.06082,4.752380000000002,9.971419999999998,7.04324,9.437539999999997,6.957560000000001,30.603870000000004,39.90647999999999,50.01283,53.907279999999986,0,0,53.07365,58.65965999999999
-6.01504,61.70337,62.29819,1.7929599999999997,1.7486599999999992,6.6841,0.9223899999999999,2.6836500000000005,0.30561000000000005,1.2538999999999998,0.5894699999999999,2.8787900000000004,0.23405000000000006,1.9533399999999999,1.5920399999999997,0,0,15.45378,3.6435599999999995,17.24674,5.392219999999999,5.7558599999999975,7.703249999999999,0,0,0,0,5.7558599999999975,7.703249999999999,2.2489600000000003,3.625660000000001,8.232179999999996,6.31177,5.512329999999999,6.60426,22.707269999999994,32.66110000000002,36.451779999999985,45.57713000000002,0,0,38.70073999999999,49.20279000000002
-5.96491,26.89822,54.76928,0.99635,1.68662,2.1007000000000002,0.7944499999999999,1.68029,0.18237,0.5237099999999998,0.36457,1.5275099999999997,0.1599999999999999,1.0620000000000005,1.4573400000000005,0,0,6.89421,2.95873,7.890560000000001,4.6453500000000005,2.3969899999999993,6.853040000000001,0,0,0,0,2.3969899999999993,6.853040000000001,0.9240899999999996,3.1958900000000012,3.4195200000000012,5.8322,2.7551500000000004,5.367909999999999,9.512049999999997,28.874890000000004,15.686719999999998,40.075,0,0,16.610809999999997,43.27089000000001
-5.91479,45.8223,77.56474,1.7968899999999992,1.5875100000000002,3.0667800000000005,1.1010799999999996,4.520400000000001,0.30173,0.9379599999999998,0.27437,3.2039999999999993,0.3495899999999999,2.9993700000000003,2.11863,0,0,14.728510000000002,4.1453999999999995,16.5254,5.7329099999999995,3.3957099999999993,10.202390000000005,0,0,0,0,3.3957099999999993,10.202390000000005,1.35797,5.14352,4.27522,8.255130000000003,5.005459999999998,6.347609999999998,15.262370000000004,41.88333000000001,24.54305,56.48607000000001,0,0,25.901020000000003,61.62959000000001
-5.86466,92.15388,100.3922,3.23738,1.6988500000000002,6.322780000000001,1.60668,9.175379999999995,0.39871999999999985,1.8962300000000003,0.40388,7.09111,0.67401,6.009470000000001,2.41346,0,0,30.49497,5.4967500000000005,33.73235,7.195600000000001,6.67811,13.26448,0,0,0,0,6.67811,13.26448,2.8202499999999993,6.8196900000000005,7.913159999999999,9.70993,9.571879999999998,8.048620000000003,31.438150000000007,55.35397000000002,48.923190000000005,73.11252000000002,0,0,51.74344000000001,79.93221000000003
-5.81454,92.64342,89.94022,2.7754500000000006,1.5665499999999999,6.355890000000001,1.6023399999999994,8.69504,0.31359000000000004,2.094240000000001,0.4504900000000001,7.939169999999999,0.8440799999999998,5.868790000000002,1.8757799999999996,0,0,30.953130000000005,5.086279999999999,33.72858000000001,6.652829999999999,6.689359999999999,11.796679999999997,0,0,0,0,6.689359999999999,11.796679999999997,3.0088000000000017,5.992669999999999,7.618299999999996,7.7001800000000005,8.993910000000001,8.478299999999996,32.60432999999999,49.31955000000001,49.21653999999999,65.49803,0,0,52.22533999999999,71.4907
-5.76441,52.23214,74.85282,1.3548499999999999,1.81691,3.647900000000001,1.4419399999999996,4.64191,0.1930699999999999,1.1547699999999999,0.49222999999999983,4.85419,0.7857499999999997,3.5407900000000003,1.3887199999999997,0,0,17.839560000000002,4.301709999999999,19.19441,6.118619999999999,3.810779999999999,9.704479999999995,0,0,0,0,3.810779999999999,9.704479999999995,1.7574500000000004,4.68842,4.2728899999999985,6.510999999999999,4.55964,9.038789999999999,18.636899999999997,38.79155999999999,27.469429999999996,54.34134999999999,0,0,29.226879999999994,59.029769999999985
-5.71429,23.46037,75.17862,0.47069,2.2711999999999994,1.89938,1.3758,2.08068,0.19009000000000004,0.39818000000000014,0.5668300000000002,4.149310000000001,0.5740200000000001,1.8784200000000002,1.3316500000000004,0,0,10.405970000000002,4.038390000000001,10.876660000000001,6.30959,1.2229999999999996,9.706879999999996,0,0,0,0,1.2229999999999996,9.706879999999996,0.5616099999999999,4.629969999999998,1.83735,6.708459999999999,1.9100599999999994,9.441059999999998,7.051749999999998,38.38262,10.799159999999997,54.53214,0,0,11.360769999999999,59.16211
-5.66416,38.34831,64.24946,0.5947799999999998,1.7333000000000003,3.3228999999999993,1.0775199999999998,3.5961199999999987,0.20483,0.52511,0.5989800000000002,10.436309999999997,0.38323000000000007,3.477710000000002,1.1845700000000001,0,0,21.35815,3.4491300000000003,21.952929999999995,5.18243,0.9373900000000003,8.223309999999998,0,0,0,0,0.9373900000000003,8.223309999999998,0.4481900000000003,4.190890000000004,2.756609999999998,4.16144,3.482789999999999,6.808270000000002,8.77056,35.68297000000002,15.009959999999996,46.65268000000002,0,0,15.458149999999996,50.84357000000003
-5.61404,45.58453,44.87556,0.61308,0.7309400000000001,4.1324700000000005,0.7180799999999999,5.820819999999999,0.17148000000000002,0.5629099999999999,0.30732000000000004,11.100159999999999,0.25398,5.097839999999997,0.8337399999999998,0,0,26.714199999999995,2.2845999999999997,27.327279999999995,3.01554,0.79839,5.8198300000000005,0,0,0,0,0.79839,5.8198300000000005,0.43463999999999997,3.2648000000000015,4.19387,2.2515100000000006,5.387310000000001,3.8657499999999994,7.4431299999999965,26.658279999999994,17.02431,32.77553999999999,0,0,17.458949999999998,36.04033999999999
-5.56391,88.26242,51.56488,1.11881,0.39152,10.495669999999999,0.7696200000000002,15.252310000000003,0.22927,0.9431500000000004,0.14193999999999998,17.74953,0.31281,10.29665,0.7937499999999998,0,0,54.73731,2.24739,55.856120000000004,2.63891,0.78833,6.776170000000001,0,0,0,0,0.78833,6.776170000000001,0.5999800000000005,4.035340000000001,12.581919999999997,3.168089999999999,12.622429999999998,5.711869999999997,5.8138000000000005,29.234380000000005,31.018149999999995,38.11434,0,0,31.618129999999997,42.149680000000004
-5.51378,134.53608,69.31677,1.7544499999999996,0.43873000000000006,15.76139,0.94163,24.46967,0.31512000000000007,1.6569899999999997,0.14559000000000005,26.887800000000002,0.4328,13.606430000000001,0.98933,0,0,82.38228000000001,2.8244700000000003,84.13673,3.2632000000000003,1.2787399999999993,9.0213,0,0,0,0,1.2787399999999993,9.0213,1.02064,5.4732400000000005,21.110649999999993,4.609019999999999,18.64879,8.677119999999997,8.34048,38.272779999999976,48.09992,51.55891999999997,0,0,49.12055999999999,57.032159999999976
-5.46366,156.51338,49.71069,1.7708300000000001,0.31117000000000006,15.757699999999998,0.6062299999999999,30.82468,0.2186300000000001,2.1357100000000004,0.09397000000000001,31.037230000000008,0.29735,14.79324,0.72957,0,0,94.54856000000001,1.94575,96.31939000000001,2.25692,1.7168100000000008,6.475119999999999,0,0,0,0,1.7168100000000008,6.475119999999999,1.3953500000000003,3.962759999999998,23.973079999999996,3.207499999999999,22.712580000000006,5.5358399999999985,10.396009999999999,28.272409999999994,57.08167,37.01574999999999,0,0,58.47702,40.978509999999986
-5.41353,166.58733,24.22143,1.6117100000000002,0.30002,16.98275,0.3203399999999999,35.71498999999999,0.13773999999999997,2.60286,0.06571,29.541470000000004,0.13303000000000004,15.495399999999997,0.5118399999999999,0,0,100.33747,1.1686599999999998,101.94918,1.4686799999999998,1.9361900000000003,2.941280000000001,0,0,0,0,1.9361900000000003,2.941280000000001,1.6338600000000005,1.6708600000000005,23.76232,2.23471,25.89532,2.00721,11.410630000000005,13.898750000000003,61.068270000000005,18.140670000000004,0,0,62.702130000000004,19.811530000000005
-5.36341,124.32792,29.44817,1.3096299999999998,0.4147900000000001,12.69375,0.8532400000000001,26.901580000000003,0.16701999999999997,2.421930000000001,0.11169,18.892110000000002,0.28576,11.226189999999999,0.5623900000000001,0,0,72.13556,1.9801000000000002,73.44519000000001,2.39489,1.8647899999999997,3.37109,0,0,0,0,1.8647899999999997,3.37109,1.4751200000000009,1.8215599999999998,17.433419999999998,3.1298900000000005,20.080480000000016,2.6680000000000006,10.02903,16.06268,47.54293000000001,21.860570000000003,0,0,49.01805000000002,23.68213
-5.31328,86.81712,49.71008,1.1799600000000001,0.4056700000000001,7.389669999999998,2.726009999999999,17.05733,0.18403999999999995,1.8202299999999998,0.21668,12.189319999999995,0.8781999999999994,6.5051,0.27795000000000003,0,0,44.96164999999999,4.282879999999999,46.14160999999999,4.688549999999998,2.0438299999999985,5.817470000000001,0,0,0,0,2.0438299999999985,5.817470000000001,1.4165699999999994,3.3191500000000005,13.173079999999999,4.220109999999997,14.664200000000005,5.86815,9.377889999999999,25.79683,37.21517,35.88509,0,0,38.63174,39.20424
-5.26316,96.07074,42.82461,1.42579,0.31636999999999993,6.721960000000001,2.402790000000001,17.31115,0.15076,1.8156900000000005,0.18491999999999997,15.243970000000003,0.77366,6.43828,0.20160999999999996,0,0,47.53105000000001,3.713740000000001,48.95684000000001,4.0301100000000005,2.5421300000000002,5.04102,0,0,0,0,2.5421300000000002,5.04102,1.7264199999999996,2.8912700000000005,14.73312,3.6107099999999983,17.223290000000002,5.805020000000002,10.888849999999993,21.44649,42.845259999999996,30.86222,0,0,44.57167999999999,33.75349
-5.21303,114.63078,24.4828,1.9060000000000004,0.25061000000000005,8.092689999999997,0.7788099999999999,18.87193,0.09222999999999999,2.47103,0.07320999999999998,21.349890000000002,0.25742999999999994,7.13018,0.37373,0,0,57.91572,1.5754099999999998,59.82172,1.8260199999999998,2.8002700000000003,2.8812800000000007,0,0,0,0,2.8002700000000003,2.8812800000000007,1.95558,1.6215000000000004,17.56962999999999,2.32557,20.402110000000008,5.833310000000002,12.081490000000002,9.99518,50.05323,18.15406,0,0,52.00881,19.775560000000002
-5.16291,114.80206,18.54339,2.14135,0.20362,8.26416,0.37563999999999986,19.347970000000004,0.08219,2.963389999999999,0.05163000000000001,23.578699999999994,0.12589,6.536349999999999,0.33325,0,0,60.690569999999994,0.9685999999999999,62.83192,1.1722199999999998,2.3829000000000002,2.1665300000000007,0,0,0,0,2.3829000000000002,2.1665300000000007,1.7308399999999997,1.2302700000000004,17.568749999999998,1.8346500000000008,19.1947,4.834200000000003,11.092929999999999,7.30563,47.85638,13.974480000000003,0,0,49.587219999999995,15.204750000000004
-5.11278,115.2685,29.06457,1.9698899999999997,0.24536000000000002,8.052650000000002,0.27545,22.412760000000002,0.23022,2.60397,0.13460000000000003,25.24865999999999,0.08084000000000001,5.77799,0.3107299999999999,0,0,64.09603,1.0318399999999999,66.06591999999999,1.2772,2.0999700000000003,3.28284,0,0,0,0,2.0999700000000003,3.28284,1.5938900000000005,2.02901,17.807150000000014,2.9482800000000005,17.653460000000003,4.73415,10.048120000000004,14.793140000000003,45.50873000000002,22.475570000000005,0,0,47.10262000000002,24.504580000000004
-5.06266,130.98332,52.93998,1.6995999999999998,0.4374900000000001,8.75909,0.41975000000000007,27.438469999999995,0.4354399999999999,2.4599699999999993,0.25473000000000007,29.131579999999985,0.11992000000000001,5.99142,0.5192500000000003,0,0,73.78052999999998,1.7490900000000003,75.48012999999997,2.1865800000000006,2.53354,5.962920000000001,0,0,0,0,2.53354,5.962920000000001,1.97571,3.734910000000002,19.686739999999997,5.328720000000002,19.783320000000003,8.092840000000004,11.523739999999997,27.63398000000001,50.99379999999999,41.05554000000002,0,0,52.96951,44.79045000000002
-5.01253,126.41615,29.3574,1.5316899999999996,0.22769999999999987,8.129050000000001,0.20622000000000004,24.674089999999996,0.2191799999999999,2.7719599999999995,0.13399000000000003,26.360889999999998,0.06483,5.780789999999999,0.27403000000000005,0,0,67.71678,0.89825,69.24847,1.12595,3.01907,3.3473000000000006,0,0,0,0,3.01907,3.3473000000000006,2.431909999999999,2.1232699999999998,18.331829999999997,2.9394899999999993,19.94017,4.574240000000001,13.444820000000002,15.247199999999996,51.71682,22.760929999999995,0,0,54.14872999999999,24.884199999999996
-4.96241,108.36408,7.47058,1.3736699999999997,0.04902999999999998,6.48825,0.04619000000000001,18.916890000000006,0.045509999999999995,3.3876300000000006,0.03071,20.65727,0.01725,4.70645,0.06441000000000001,0,0,54.156490000000005,0.20407000000000003,55.53016000000001,0.2531,3.1500899999999987,0.87032,0,0,0,0,3.1500899999999987,0.87032,2.6041799999999995,0.5610400000000002,14.8931,0.7587899999999995,17.915909999999986,1.1936599999999997,14.270709999999998,3.8335699999999986,47.07971999999998,5.786019999999998,0,0,49.68389999999998,6.347059999999998
-4.91228,95.70898,0.64115,1.22436,0.0038500000000000006,5.435890000000002,0.0038000000000000004,16.327260000000003,0.0035800000000000007,4.07765,0.00247,17.733710000000006,0.0015200000000000003,3.7813299999999987,0.005329999999999998,0,0,47.35584000000001,0.0167,48.58020000000001,0.02055,2.8954199999999997,0.07529000000000004,0,0,0,0,2.8954199999999997,0.07529000000000004,2.4681699999999993,0.048720000000000006,12.904619999999996,0.06570000000000002,15.370460000000008,0.10311000000000003,13.49028,0.3272600000000001,41.76536,0.4960700000000002,0,0,44.23353,0.5447900000000002
-4.86216,90.47351,0.0105,1.1359499999999998,5e-05,4.96473,5e-05,15.412070000000002,4e-05,5.200530000000001,4e-05,15.70998,2e-05,3.7851699999999995,8e-05,0,0,45.072480000000006,0.00023,46.20843,0.00028000000000000003,2.8265600000000006,0.0012100000000000001,0,0,0,0,2.8265600000000006,0.0012100000000000001,2.4245700000000006,0.00079,12.025060000000007,0.0010500000000000004,13.883360000000001,0.0016700000000000005,13.105670000000005,0.005279999999999999,39.01409000000001,0.008,0,0,41.43866000000001,0.00879
-4.81203,79.06188,3e-05,1.04443,0.0,4.31874,0.0,13.46446,0.0,5.347370000000002,0.0,11.822250000000002,0.0,3.5930699999999995,0.0,0,0,38.54589000000001,0.0,39.590320000000006,0.0,2.6405900000000004,0.0,0,0,0,0,2.6405900000000004,0.0,2.2644300000000004,0.0,10.224379999999998,0.0,12.263169999999997,0.0,12.079080000000003,0.0,34.566629999999996,0.0,0,0,36.83106,0.0
-4.7619,54.13244,0.0,0.7866499999999998,0.0,3.0589800000000005,0.0,9.120880000000001,0.0,4.191910000000001,0.0,7.566330000000001,0.0,2.49507,0.0,0,0,26.433170000000004,0.0,27.219820000000002,0.0,1.7416299999999996,0.0,0,0,0,0,1.7416299999999996,0.0,1.5827499999999999,0.0,6.76461,0.0,8.515699999999997,0.0,8.30811,0.0,23.588419999999996,0.0,0,0,25.171169999999996,0.0
-4.71178,51.86,0.0009,0.7557499999999998,3.0000000000000004e-05,3.5536899999999987,0.0,8.60882,2e-05,4.50434,2e-05,9.213650000000001,0.0,2.3339700000000003,4e-05,0,0,28.21447,8e-05,28.97022,0.00011000000000000002,1.2897200000000004,0.0,0,0,0,0,1.2897200000000004,0.0,1.3295500000000002,0.0,6.350779999999997,8e-05,7.402800000000002,0.00027000000000000006,6.517050000000001,0.00013000000000000002,20.27063,0.00048000000000000007,0,0,21.60018,0.00048000000000000007
-4.66165,78.41156,0.14743,0.9329299999999998,0.008579999999999994,6.468859999999999,0.0012700000000000005,13.542210000000003,0.00469,5.89917,0.0038100000000000013,15.610860000000006,0.0025800000000000003,4.12328,0.008039999999999995,0,0,45.644380000000005,0.02039,46.57731000000001,0.028969999999999992,1.7935899999999998,0.0022100000000000015,0,0,0,0,1.7935899999999998,0.0022100000000000015,1.90841,0.0031000000000000025,9.111889999999995,0.02247999999999999,10.431630000000002,0.05954000000000005,8.588870000000005,0.03072999999999999,28.13239,0.11275000000000003,0,0,30.040800000000004,0.11585000000000004
-4.61153,105.86467,4.11775,1.02078,0.23536000000000007,9.907079999999997,0.03764,18.36395,0.12944,7.047739999999998,0.10621000000000004,21.34955,0.07206000000000003,6.48646,0.23275,0,0,63.154779999999995,0.5781000000000001,64.17555999999999,0.8134600000000002,2.506099999999999,0.06256000000000003,0,0,0,0,2.506099999999999,0.06256000000000003,2.662690000000001,0.0882400000000001,11.745400000000004,0.6362000000000004,13.216310000000005,1.6553800000000003,11.558589999999995,0.8619399999999999,36.520300000000006,3.1535200000000008,0,0,39.182990000000004,3.2417600000000006
-4.5614,123.00607,23.42444,1.0427899999999999,1.27732,12.456900000000001,0.2403699999999999,21.494929999999997,0.7134199999999999,7.88894,0.59152,24.792170000000002,0.40070000000000006,8.61407,1.3994800000000003,0,0,75.24701,3.3454900000000003,76.2898,4.62281,2.9038099999999996,0.34962999999999994,0,0,0,0,2.9038099999999996,0.34962999999999994,3.0521000000000003,0.4977399999999999,13.180369999999998,3.68015,14.508909999999997,9.318719999999997,13.071050000000003,4.95535,40.760329999999996,17.954219999999996,0,0,43.81243,18.451959999999996
-4.51128,118.81807,38.97935,0.96739,1.8989500000000001,13.929169999999996,0.6378299999999997,20.26709,1.0333700000000001,8.126490000000002,1.04647,23.675789999999992,0.80038,9.537899999999999,2.4256800000000007,0,0,75.53643999999998,5.94373,76.50383,7.8426800000000005,2.5917400000000006,0.58348,0,0,0,0,2.5917400000000006,0.58348,2.671,0.8340899999999998,12.385549999999993,6.737060000000004,13.31321,14.523410000000004,11.352630000000003,8.458779999999997,37.05139,29.719250000000006,0,0,39.72239,30.553340000000006
-4.46115,92.31041,46.75973,0.7210499999999999,1.976829999999999,13.20607,1.841009999999999,14.547219999999998,0.6620400000000002,5.81514,1.8085299999999995,18.350990000000007,2.10147,8.609039999999998,2.18603,0,0,60.52846,8.599079999999999,61.24951,10.575909999999997,1.8733900000000003,0.7991200000000002,0,0,0,0,1.8733900000000003,0.7991200000000002,1.9860700000000011,1.0472000000000001,9.489630000000002,11.443109999999995,9.825210000000002,12.50551,7.886550000000002,10.388760000000001,27.201390000000007,34.337379999999996,0,0,29.18746000000001,35.38458
-4.41103,81.05247,61.43469,0.74156,2.909270000000001,12.47325,2.65569,12.301730000000001,0.7154099999999999,4.254670000000002,2.2204099999999993,14.19481,3.3207300000000006,8.698580000000002,1.8071799999999998,0,0,51.92304000000001,10.71942,52.66460000000001,13.62869,1.69538,1.1982999999999997,0,0,0,0,1.69538,1.1982999999999997,1.9848999999999992,1.4759700000000002,8.69985,17.442619999999998,9.267490000000002,14.743399999999998,6.740109999999999,12.945739999999992,24.70745,45.131759999999986,0,0,26.69235,46.60772999999999
-4.3609,102.35444,61.42286,1.1983100000000004,3.6344899999999996,15.043350000000002,1.6911600000000002,15.151079999999999,1.17057,5.37477,1.2216099999999994,14.26662,2.5659300000000007,12.34849,1.0687100000000003,0,0,62.184309999999996,7.717980000000001,63.38262,11.35247,2.273310000000001,1.3095000000000006,0,0,0,0,2.273310000000001,1.3095000000000006,2.78981,1.623489999999999,11.780139999999994,18.69316,13.039979999999998,17.10821,9.088569999999999,11.336239999999995,33.90868999999999,47.137609999999995,0,0,36.69849999999999,48.76109999999999
-4.31078,112.08335,65.43915,1.29662,4.08224,15.465729999999997,1.7010200000000006,15.769310000000004,2.1376000000000004,7.172999999999999,1.2522700000000002,14.223359999999996,2.13546,13.58785,1.1958399999999998,0,0,66.21925,8.42219,67.51586999999999,12.504430000000001,2.688599999999999,1.2926300000000006,0,0,0,0,2.688599999999999,1.2926300000000006,3.1139800000000015,1.544720000000001,13.214000000000008,20.899729999999987,14.649679999999998,18.44431999999999,10.901210000000003,10.75336,38.76489000000001,50.09740999999998,0,0,41.878870000000006,51.64212999999998
-4.26065,97.37745,60.44476,1.13605,3.863809999999999,12.856150000000001,1.6265500000000002,11.734769999999997,2.51478,9.44839,1.2899899999999997,10.834719999999997,1.67871,10.187320000000003,1.3447800000000003,0,0,55.06135,8.45481,56.1974,12.31862,2.566809999999998,1.075050000000001,0,0,0,0,2.566809999999998,1.075050000000001,2.7317499999999995,1.2143899999999999,12.212420000000005,19.640040000000003,13.484630000000006,17.005710000000004,10.18456,9.191059999999998,35.88161000000001,45.83681000000001,0,0,38.61336000000001,47.05120000000001
-4.21053,95.19787,50.07075,1.3026599999999995,3.2644200000000003,14.032770000000003,1.0214299999999998,9.242780000000003,1.8002699999999998,9.692430000000002,1.00696,9.10532,1.1643900000000003,9.693930000000002,1.2657500000000002,0,0,51.76723000000001,6.2588,53.06989000000001,9.52322,2.5590500000000005,0.8637899999999995,0,0,0,0,2.5590500000000005,0.8637899999999995,2.768690000000001,1.0332000000000001,12.283779999999997,16.73037,14.210989999999999,14.98333,10.305409999999995,6.936839999999998,36.80017999999999,38.65054,0,0,39.56886999999999,39.68374
-4.1604,90.10028,59.60337,1.6816300000000004,3.8635,16.13974,1.0110400000000002,7.3423599999999976,1.8754500000000005,6.37519,1.24287,8.053260000000002,1.1912300000000002,10.13581,1.6643700000000003,0,0,48.04636,6.984960000000001,49.72799,10.848460000000001,2.2907100000000016,0.9688100000000001,0,0,0,0,2.2907100000000016,0.9688100000000001,2.65442,1.23916,11.785380000000002,19.170439999999996,14.064740000000008,20.145460000000007,9.577059999999996,7.230980000000002,35.42718000000001,46.54688,0,0,38.08160000000001,47.78604000000001
-4.11028,86.95432,54.75829,1.8606699999999998,3.579240000000001,17.671359999999996,0.9043699999999999,6.327239999999999,1.6208600000000002,5.4448,1.4087800000000001,7.377300000000002,1.0348600000000001,10.010809999999998,1.48646,0,0,46.831509999999994,6.45533,48.69217999999999,10.03457,2.00097,0.8498300000000001,0,0,0,0,2.00097,0.8498300000000001,2.4035499999999996,1.1209900000000004,11.518429999999992,16.574290000000005,13.789940000000003,19.884459999999994,8.54926,6.293969999999998,33.85762999999999,42.75272,0,0,36.261179999999996,43.873709999999996
-4.06015,89.43126,47.86368,2.0279300000000005,3.1822099999999995,19.243679999999998,0.75973,5.7231700000000005,1.1962300000000003,6.0741700000000005,1.6591900000000002,6.7734099999999975,0.9812299999999999,10.334829999999998,1.2178099999999998,0,0,48.14926,5.81419,50.177189999999996,8.9964,1.9097199999999994,0.7129200000000002,0,0,0,0,1.9097199999999994,0.7129200000000002,2.28577,0.9910599999999998,12.197690000000012,13.709019999999999,14.337759999999996,17.625400000000003,8.52321,5.828869999999998,35.05866000000001,37.16329,0,0,37.34443000000001,38.15435
-4.01003,91.13764,60.0892,2.1725099999999995,3.6988899999999996,18.97573,0.8880300000000002,5.268199999999998,1.2360199999999995,6.177460000000003,2.5571599999999997,6.144409999999998,1.0979800000000002,11.276729999999999,1.77856,0,0,47.84253,7.5577499999999995,50.01504,11.256639999999999,1.9288999999999992,0.8214000000000002,0,0,0,0,1.9288999999999992,0.8214000000000002,2.3175600000000007,1.3890299999999995,13.264970000000002,16.446439999999992,14.567530000000003,22.17057,9.043809999999997,8.00514,36.876310000000004,46.62214999999999,0,0,39.193870000000004,48.011179999999996
-3.9599,92.87702,67.35729,2.2742199999999997,3.9083499999999987,18.631169999999997,1.03403,4.89849,1.25867,6.189349999999999,3.3351099999999985,6.07259,1.1225899999999998,11.86732,2.13491,0,0,47.658919999999995,8.885309999999999,49.933139999999995,12.793659999999997,1.8965699999999988,0.84495,0,0,0,0,1.8965699999999988,0.84495,2.34923,1.5920700000000003,14.624909999999995,18.59008999999999,14.954760000000006,24.538549999999994,9.118620000000004,8.997909999999996,38.69829,52.12654999999998,0,0,41.047520000000006,53.71861999999998
-3.90977,96.39919,63.67095,2.5299900000000006,3.555799999999999,18.749679999999998,1.0399699999999998,4.893,1.34622,6.433179999999998,3.33007,6.779520000000001,1.2052400000000003,11.765119999999996,1.9826000000000006,0,0,48.62049999999999,8.904100000000001,51.15048999999999,12.4599,1.7943200000000006,0.7596299999999998,0,0,0,0,1.7943200000000006,0.7596299999999998,2.3693399999999993,1.3456499999999998,16.107549999999993,18.88514000000001,16.09901,21.987780000000004,8.878520000000002,8.23305,41.08507999999999,49.10597000000001,0,0,43.45441999999999,50.45162000000001
-3.85965,90.06777,73.38659,2.42797,3.5848199999999992,16.351470000000003,1.13529,4.11719,1.9329199999999997,5.926420000000002,4.325179999999999,5.915189999999999,1.4882999999999993,10.16554,2.2040100000000002,0,0,42.47581,11.085699999999997,44.903780000000005,14.670519999999996,1.6719299999999995,0.9234300000000001,0,0,0,0,1.6719299999999995,0.9234300000000001,2.294200000000001,1.4865800000000007,16.42677,21.400660000000002,15.941500000000008,24.882360000000006,8.829420000000002,10.022889999999999,41.19769000000001,56.305910000000004,0,0,43.49189000000001,57.79249000000001
-3.80952,83.63754,75.65042,2.2541499999999997,3.028660000000001,13.20808,1.4235000000000004,3.8053700000000004,2.24528,5.585439999999998,5.06903,4.784929999999999,1.6742100000000002,8.675450000000001,2.1307,0,0,36.05927,12.542720000000001,38.31342,15.571380000000001,1.5776199999999998,1.0142499999999997,0,0,0,0,1.5776199999999998,1.0142499999999997,2.2206499999999996,1.5481500000000004,16.836070000000007,21.00731999999999,16.387199999999993,25.029920000000015,8.302439999999997,11.479320000000001,41.52571,57.516560000000005,0,0,43.746359999999996,59.064710000000005
-3.7594,61.82018,69.12827,1.8133699999999997,2.441010000000001,8.520509999999996,1.24423,3.34184,2.30105,4.514949999999999,4.97088,3.8649000000000004,1.7208899999999998,5.601169999999999,1.6716500000000003,0,0,25.843369999999993,11.9087,27.656739999999996,14.349710000000002,1.07866,0.9497400000000003,0,0,0,0,1.07866,0.9497400000000003,1.6018999999999992,1.3074900000000003,13.23407,19.852640000000008,12.919299999999996,21.81942,5.32961,10.849250000000001,31.482979999999994,52.521310000000014,0,0,33.08487999999999,53.82880000000001
-3.70927,29.39976,70.12158,1.0026000000000002,2.29873,3.3161600000000004,1.07452,1.8289600000000008,2.3334400000000004,2.754509999999999,4.85475,2.1184499999999997,2.1005,2.25411,1.5014899999999998,0,0,12.27219,11.8647,13.27479,14.16343,0.4386399999999999,0.9362200000000003,0,0,0,0,0.4386399999999999,0.9362200000000003,0.7174699999999999,1.1361699999999997,6.433769999999995,21.922859999999996,6.501850000000005,21.619100000000003,2.0331600000000005,10.343779999999997,14.968779999999999,53.88574,0,0,15.68625,55.02191
-3.65915,28.49605,82.45628,0.9986699999999996,2.279289999999999,2.88163,1.5164600000000001,1.8633300000000006,2.8588500000000003,4.1309900000000015,5.802729999999999,1.9211999999999991,2.774789999999999,1.8433199999999996,1.7819900000000004,0,0,12.64047,14.73482,13.639140000000001,17.01411,0.3230000000000001,1.00406,0,0,0,0,0.3230000000000001,1.00406,0.5770299999999998,1.0597100000000006,5.60285,27.37067,6.765169999999999,24.82578,1.5888000000000002,11.18204,13.956819999999999,63.37849,0,0,14.53385,64.43820000000001
-3.60902,65.39683,93.53666,2.1148699999999994,2.3191100000000002,7.069019999999999,1.9903900000000003,4.25445,3.8022600000000004,9.768990000000002,7.7887,4.2046,2.9006600000000007,4.29287,2.0606600000000004,0,0,29.589930000000003,18.54267,31.704800000000002,20.861780000000003,0.7679699999999999,1.0970499999999999,0,0,0,0,0.7679699999999999,1.0970499999999999,1.3393800000000002,1.0932700000000002,12.21757,29.027800000000003,15.498979999999998,28.68747,3.868180000000003,12.769279999999998,31.58473,70.48455,0,0,32.92411,71.57782
-3.5589,85.07419,73.35801,2.5949099999999996,1.6674199999999997,8.896109999999997,1.7116899999999995,4.9867799999999995,3.0438900000000007,12.075769999999993,7.08979,5.2926400000000005,2.19109,5.559159999999999,1.6727999999999998,0,0,36.81045999999999,15.70926,39.40536999999999,17.37668,1.1314,0.8073600000000001,0,0,0,0,1.1314,0.8073600000000001,1.9075500000000003,0.7987599999999996,16.253290000000003,22.572589999999984,20.267879999999995,21.932560000000002,6.108650000000003,9.870090000000005,42.62982,54.37523999999999,0,0,44.53737,55.17399999999999
-3.50877,103.2521,64.70931,2.8074600000000003,1.4012099999999996,10.071670000000003,1.2767799999999998,5.2996099999999995,2.3909199999999995,13.46049,6.320690000000001,5.7825500000000005,2.0135300000000003,6.733990000000001,1.6627699999999994,0,0,41.348310000000005,13.66469,44.155770000000004,15.0659,1.5867800000000003,0.7006999999999994,0,0,0,0,1.5867800000000003,0.7006999999999994,2.6209400000000014,0.5853899999999997,20.367410000000017,20.763080000000006,25.759459999999994,19.83364999999999,8.761670000000002,7.760590000000001,54.88854000000001,48.35732,0,0,57.50948000000002,48.94271
-3.45865,120.69129,76.70516,2.9215700000000004,1.3970299999999998,10.766739999999995,1.18674,5.920010000000002,2.821189999999999,14.276340000000003,6.405329999999998,6.311660000000002,2.6946699999999995,7.941360000000001,2.11728,0,0,45.21611,15.225209999999997,48.13768,16.622239999999998,1.9389900000000009,0.8850199999999999,0,0,0,0,1.9389900000000009,0.8850199999999999,3.2997300000000034,0.6685099999999998,23.904220000000006,24.003119999999996,32.73355999999999,25.01798,10.677249999999994,9.508419999999997,67.31503,58.52951999999999,0,0,70.61475999999999,59.198029999999996
-3.40852,132.73782,88.04037,2.8374200000000007,1.4989499999999998,11.27526,1.1522299999999996,6.829629999999998,3.0499999999999994,14.240719999999996,7.122629999999999,6.7533199999999995,3.280970000000001,9.293760000000002,2.052520000000001,0,0,48.392689999999995,16.65835,51.230109999999996,18.1573,2.1056099999999995,1.01835,0,0,0,0,2.1056099999999995,1.01835,3.642009999999999,0.8189299999999997,26.881490000000003,27.961920000000017,37.571780000000004,29.567009999999993,11.306689999999994,10.516779999999995,75.75996,68.04571,0,0,79.40197,68.86464000000001
-3.3584,132.23636,84.4633,2.42429,1.4142,10.659410000000003,1.2014200000000002,7.206460000000002,2.7094000000000005,13.353789999999996,6.1085199999999995,6.935630000000001,2.7814,9.912370000000001,1.8920499999999998,0,0,48.067660000000004,14.69279,50.49195,16.10699,2.0419500000000004,0.9638300000000003,0,0,0,0,2.0419500000000004,0.9638300000000003,3.507199999999999,0.8490199999999999,28.57695,28.563069999999996,36.84211999999999,28.99121999999999,10.776369999999998,8.989299999999997,76.19543999999999,66.54358999999998,0,0,79.70263999999999,67.39260999999999
-3.30827,110.3451,81.13825,1.9868199999999998,1.31013,8.190690000000002,1.2849300000000003,6.6335999999999995,2.53527,11.584010000000001,3.9616400000000014,6.155070000000002,2.0616900000000005,8.713169999999996,2.1424200000000004,0,0,41.27654,11.985950000000003,43.26336,13.296080000000003,1.5229599999999994,0.8656299999999998,0,0,0,0,1.5229599999999994,0.8656299999999998,2.57967,0.8651099999999997,25.71938999999999,28.77590999999999,29.246320000000008,29.777050000000013,8.01339,7.558590000000001,62.979099999999995,66.11155000000001,0,0,65.55877,66.97666000000001
-3.25815,89.7621,80.39869,1.7130899999999996,1.2697899999999998,6.187499999999999,1.3330200000000003,6.255169999999999,2.1863099999999993,10.766210000000001,3.0655200000000002,5.112720000000001,1.7114799999999997,7.75941,2.2681899999999993,0,0,36.08101,10.564519999999998,37.7941,11.834309999999999,1.0298799999999997,0.8440799999999999,0,0,0,0,1.0298799999999997,0.8440799999999999,1.7167599999999998,0.8960999999999998,21.865780000000008,28.89763000000001,22.015780000000007,31.150199999999998,5.339859999999999,6.776370000000001,49.221420000000016,66.8242,0,0,50.93818000000002,67.72030000000001
-3.20802,82.04086,88.6778,1.6284900000000004,1.29921,6.608430000000002,1.5220700000000003,6.283279999999998,1.88339,12.196919999999997,2.7672499999999998,4.86768,1.5884700000000003,7.407969999999999,2.862469999999999,0,0,37.364279999999994,10.62365,38.99276999999999,11.92286,0.74386,0.8662199999999998,0,0,0,0,0.74386,0.8662199999999998,1.2027799999999997,0.94784,18.828080000000018,31.469950000000008,18.48929,36.88820999999998,3.7841,6.582770000000003,41.10147000000002,74.94093,0,0,42.30425000000002,75.88877
-3.15789,90.87014,100.23223,1.6963599999999999,1.2564900000000003,9.555020000000003,1.7884800000000003,6.597810000000001,1.78412,14.598230000000001,2.7747799999999994,5.57852,1.5223499999999999,8.509099999999998,3.9478700000000004,0,0,44.838680000000004,11.8176,46.53504,13.07409,0.6709699999999996,0.9302099999999998,0,0,0,0,0.6709699999999996,0.9302099999999998,0.9892400000000001,0.9934199999999999,19.49502,34.299170000000004,19.314320000000002,43.80303000000003,3.865560000000002,7.132250000000002,42.67490000000001,85.23445000000004,0,0,43.66414,86.22787000000004
-3.10777,108.27771,107.65529,1.5553000000000003,1.23764,12.437550000000002,2.269210000000001,7.7254700000000005,1.7153900000000004,15.948820000000005,2.8834800000000005,5.69889,1.6488199999999995,10.99297,4.96297,0,0,52.803700000000006,13.479870000000002,54.35900000000001,14.717510000000003,0.8275100000000002,1.0392599999999999,0,0,0,0,0.8275100000000002,1.0392599999999999,1.0676899999999998,1.07807,23.18472000000001,37.513400000000004,23.508879999999987,45.736580000000004,5.329990000000001,7.570510000000001,52.02359,90.82049,0,0,53.09128,91.89856
-3.05764,137.19139,107.21516,1.4671100000000001,1.0660200000000002,15.219359999999998,2.8195499999999996,10.28997,1.4630000000000007,19.701789999999995,2.5627999999999993,6.0506199999999986,1.88129,14.755160000000005,6.310260000000001,0,0,66.01689999999999,15.036900000000001,67.48401,16.10292,1.1477199999999999,1.0151700000000001,0,0,0,0,1.1477199999999999,1.0151700000000001,1.3832000000000002,1.0378900000000004,29.32271999999999,36.7907,29.950759999999995,45.18480000000001,7.902990000000001,7.083860000000001,67.17646999999998,89.05936000000001,0,0,68.55966999999998,90.09725000000002
-3.00752,158.78397,125.86291,1.5037299999999996,0.9289399999999998,15.51717,3.9425700000000004,11.516060000000001,1.5087599999999994,25.155990000000006,2.536879999999999,6.096880000000001,2.7166500000000005,17.987329999999996,9.73775,0,0,76.27343,20.44261,77.77716000000001,21.37155,1.4004999999999999,1.1372700000000004,0,0,0,0,1.4004999999999999,1.1372700000000004,1.66833,1.1184399999999997,33.709649999999975,41.472069999999974,34.6395,53.06898999999997,9.588799999999999,7.694559999999999,77.93794999999997,102.23561999999994,0,0,79.60627999999997,103.35405999999995
-2.95739,169.21778,153.67057,1.4172399999999996,1.03254,14.079959999999996,5.27519,10.299169999999997,2.0618800000000004,31.237329999999996,2.78038,5.693199999999999,3.7767199999999996,19.21749,13.349229999999999,0,0,80.52714999999999,27.243399999999998,81.94438999999998,28.27594,1.5853100000000004,1.3425799999999999,0,0,0,0,1.5853100000000004,1.3425799999999999,1.8020200000000006,1.30277,36.68104,50.56843000000003,37.03685000000001,63.546240000000004,10.168200000000002,8.634529999999998,83.88609000000001,122.74920000000003,0,0,85.68811000000001,124.05197000000003
-2.90727,173.21952,152.11891,1.3690999999999998,1.10375,13.29103,5.43211,8.996329999999999,2.4267399999999997,43.47006999999999,2.905150000000001,5.706480000000002,4.74865,18.180449999999997,12.44355,0,0,89.64435999999999,27.9562,91.01346,29.05995,1.5099000000000007,1.3438499999999995,0,0,0,0,1.5099000000000007,1.3438499999999995,1.6157800000000002,1.37028,34.9098,52.45129,34.83921,59.79984999999999,9.331510000000005,8.093689999999997,79.08052,120.34482999999999,0,0,80.69630000000001,121.71511
-2.85714,185.60405,132.91664,1.4552100000000001,0.94738,13.782120000000003,4.634949999999998,8.669319999999997,2.50095,61.021219999999985,2.87688,6.303659999999999,5.6097899999999985,19.020260000000007,7.997840000000002,0,0,108.79657999999999,23.62041,110.25178999999999,24.56779,1.44357,1.1573400000000003,0,0,0,0,1.44357,1.1573400000000003,1.4743699999999995,1.3195000000000001,32.299879999999995,50.28461000000001,31.323149999999995,48.757600000000004,8.811329999999998,6.829970000000003,72.43435999999998,105.87218000000001,0,0,73.90872999999999,107.19168000000002
-2.80702,179.51726,139.59964,1.43329,0.9010900000000001,13.504760000000001,4.912559999999999,7.637690000000001,3.094370000000001,67.82332000000001,3.2510100000000004,6.03107,5.8205,19.336519999999993,6.2800100000000025,0,0,114.33336,23.358450000000005,115.76665,24.259540000000005,1.3913,1.0576299999999998,0,0,0,0,1.3913,1.0576299999999998,1.3243199999999997,1.2146100000000002,27.258159999999993,57.35061999999998,25.76917999999999,48.92533000000002,8.007830000000002,6.791900000000002,61.03516999999999,113.06784999999999,0,0,62.35948999999999,114.28246
-2.75689,172.08631,160.4559,1.5522099999999999,0.9171299999999999,13.752420000000004,6.523959999999999,6.77764,3.8459199999999996,70.90307000000001,3.91737,5.443769999999999,5.309560000000001,18.17986,6.75163,0,0,115.05676000000003,26.34844,116.60897000000001,27.26557,1.39615,1.0407099999999998,0,0,0,0,1.39615,1.0407099999999998,1.1996799999999996,1.06916,23.82768,68.93462000000001,21.368380000000005,54.72852999999999,7.68548,7.417340000000003,52.88154000000001,131.08049,0,0,54.08122000000001,132.14965
-2.70677,162.76686,165.86621,1.6341199999999991,0.8861099999999998,14.455020000000001,7.587229999999999,5.98117,3.990920000000001,68.13848,4.758139999999999,4.9964900000000005,4.56306,16.501350000000002,6.512690000000001,0,0,110.07251000000001,27.41204,111.70663,28.29815,1.3431000000000004,0.99439,0,0,0,0,1.3431000000000004,0.99439,1.07924,0.9098500000000003,21.99007999999999,73.59675,19.16117,54.72117,7.486520000000005,7.345869999999999,48.63776999999999,135.66379,0,0,49.717009999999995,136.57364
-2.65664,156.7266,150.50689,1.44536,0.8601199999999998,15.808599999999998,6.81228,5.766839999999999,3.518530000000001,58.73264999999998,5.658160000000001,5.2739600000000015,3.9608100000000004,19.42669,5.350250000000001,0,0,105.00873999999997,25.300030000000003,106.45409999999998,26.160150000000005,1.2234,0.9281700000000003,0,0,0,0,1.2234,0.9281700000000003,1.0438799999999997,0.7993200000000003,22.041180000000008,66.14269000000002,18.83834999999999,50.02925999999999,7.125750000000001,6.44715,48.00528,122.6191,0,0,49.04916,123.41842
-2.60652,135.75539,119.72842,1.01322,0.7724600000000001,13.75776,5.0459799999999975,5.665390000000001,2.8122200000000004,42.999129999999994,5.75144,4.729289999999999,2.98276,21.24346000000001,3.953219999999999,0,0,88.39503,20.545619999999996,89.40825000000001,21.318079999999995,1.02927,0.7638499999999999,0,0,0,0,1.02927,0.7638499999999999,0.9890500000000003,0.6928999999999997,20.474860000000007,50.77319999999999,17.392559999999992,41.395549999999986,6.461389999999995,4.784860000000003,44.32881,96.95360999999998,0,0,45.317859999999996,97.64650999999998
-2.55639,111.88276,119.24336,0.8114699999999998,0.8515299999999999,10.514690000000002,4.63009,5.21103,3.1664799999999995,30.779889999999998,6.037149999999999,3.6323400000000006,2.87066,19.40328,3.9131399999999994,0,0,69.54123,20.61752,70.3527,21.469049999999996,0.9413599999999999,0.7569400000000002,0,0,0,0,0.9413599999999999,0.7569400000000002,0.9412500000000008,0.7546100000000006,18.590069999999994,50.984000000000016,15.495090000000005,40.71865999999997,5.56238,4.560050000000001,39.64754,96.26270999999998,0,0,40.588789999999996,97.01731999999998
-2.50627,115.68307,118.28453,0.98675,0.8244200000000002,10.679530000000002,3.9993600000000002,5.49367,3.4347899999999996,28.128610000000005,6.045179999999999,3.8531200000000005,2.79356,20.23389,4.046810000000001,0,0,68.38882000000001,20.3197,69.37557000000001,21.14412,1.1163399999999999,0.6918599999999998,0,0,0,0,1.1163399999999999,0.6918599999999998,1.1375300000000004,0.72208,21.03444,49.016590000000015,17.20668,41.99948,5.812389999999999,4.71032,44.053509999999996,95.72639000000001,0,0,45.19104,96.44847000000001
-2.45614,108.51566,116.91119,0.9801600000000004,0.7346199999999999,10.069400000000002,3.4558799999999996,4.69618,3.211,24.110250000000004,6.0499800000000015,3.55591,2.78352,17.79297,3.73862,0,0,60.22471000000001,19.239,61.20487000000001,19.97362,1.1009799999999996,0.62321,0,0,0,0,1.1009799999999996,0.62321,1.1519799999999998,0.66777,21.006339999999987,47.64438999999998,18.07816999999999,43.21803000000001,5.973389999999999,4.78414,45.057899999999975,95.64656,0,0,46.20987999999998,96.31433
-2.40602,107.92301,125.08171,0.8849599999999997,0.7073900000000002,10.228319999999998,3.372779999999999,4.1346,3.3201699999999996,21.343399999999992,6.795629999999999,3.1921899999999996,3.1298900000000005,17.302920000000004,3.34681,0,0,56.201429999999995,19.96528,57.086389999999994,20.672669999999997,1.1765399999999995,0.6264599999999999,0,0,0,0,1.1765399999999995,0.6264599999999999,1.18147,0.65719,22.119119999999995,51.72064999999997,19.418499999999998,46.17349999999999,6.941000000000005,5.231349999999996,48.47862,103.12549999999996,0,0,49.66009,103.78268999999996
-2.35589,115.41674,123.67604,0.8932200000000001,0.5753900000000003,10.800839999999999,2.9674400000000003,4.54622,3.501879999999999,21.20166,6.79621,3.16709,3.312430000000001,19.735550000000003,3.19727,0,0,59.45136,19.77523,60.34458,20.35062,1.4348499999999993,0.5797499999999999,0,0,0,0,1.4348499999999993,0.5797499999999999,1.3974,0.5677600000000003,23.2601,50.139769999999984,21.371169999999996,46.76695999999997,7.608469999999998,5.271149999999998,52.23974,102.17787999999994,0,0,53.637139999999995,102.74563999999995
-2.30576,104.56558,120.21987,0.8032799999999999,0.5830500000000001,9.738620000000003,2.73074,4.222759999999999,3.726569999999999,19.133220000000005,6.62556,2.7900099999999997,3.5863199999999997,18.09051,3.28961,0,0,53.975120000000004,19.9588,54.778400000000005,20.54185,1.4316600000000002,0.6136200000000002,0,0,0,0,1.4316600000000002,0.6136200000000002,1.3759800000000002,0.5874900000000002,21.099300000000003,47.076050000000016,19.607750000000003,46.064580000000014,6.272579999999999,5.336180000000001,46.97963000000001,98.47681000000003,0,0,48.355610000000006,99.06430000000003
-2.25564,98.00102,115.29538,0.7611299999999999,0.53693,8.779829999999999,2.6299100000000006,3.7947599999999992,3.7710299999999988,17.688180000000003,6.421020000000002,2.8184600000000004,3.707019999999999,15.3183,2.849990000000001,0,0,48.39953,19.378970000000002,49.16066,19.9159,1.3404500000000013,0.6214400000000001,0,0,0,0,1.3404500000000013,0.6214400000000001,1.234280000000001,0.5667399999999997,21.44085,47.35994000000002,19.271670000000015,41.505820000000014,5.553070000000001,5.325589999999999,46.26559000000002,94.19135000000004,0,0,47.499870000000016,94.75809000000004
-2.20551,93.73862,110.48458,0.7139400000000001,0.44786,7.810189999999999,2.6234600000000015,3.3604100000000003,3.7313500000000013,15.991220000000002,6.31243,2.710709999999999,3.6295300000000004,12.98122,2.5583899999999984,0,0,42.85375,18.85516,43.56769,19.30302,1.2329500000000002,0.5919800000000002,0,0,0,0,1.2329500000000002,0.5919800000000002,1.0881599999999996,0.5134599999999999,22.235210000000002,47.17402,20.11321000000001,37.75291,5.501440000000001,5.149150000000001,47.849860000000014,90.07608,0,0,48.938020000000016,90.58954
-2.15539,90.53674,105.99329,0.64801,0.4102600000000001,6.95305,2.71012,3.030800000000001,3.70177,14.272210000000001,6.95255,2.354009999999999,3.4378599999999997,11.183120000000002,2.71228,0,0,37.79319,19.51458,38.4412,19.92484,1.20701,0.5865399999999998,0,0,0,0,1.20701,0.5865399999999998,1.0589299999999995,0.4965900000000001,23.093039999999995,43.216429999999995,21.210950000000004,37.04702999999999,5.525719999999997,4.721840000000001,49.82971,84.9853,0,0,50.888639999999995,85.48188999999999
-2.10526,91.22145,98.45416,0.6750200000000001,0.3829000000000001,6.89142,2.9144300000000003,2.9415999999999993,3.32786,13.327269999999995,7.560889999999999,2.3722899999999996,3.2778599999999996,10.618859999999996,2.6566600000000005,0,0,36.151439999999994,19.7377,36.82645999999999,20.1206,1.28497,0.6073400000000004,0,0,0,0,1.28497,0.6073400000000004,1.1011599999999997,0.49886,24.07347,37.51009999999998,22.428850000000008,35.35016000000002,5.5065100000000005,4.36696,52.00883000000001,77.22722,0,0,53.10999000000001,77.72608
-2.05514,88.83661,99.01396,0.7069799999999999,0.34457000000000004,6.22539,3.24112,3.0679499999999997,2.869630000000001,11.245369999999998,8.48856,2.4431599999999998,3.475689999999999,10.338439999999997,2.422249999999999,0,0,33.32030999999999,20.497249999999998,34.027289999999994,20.84182,1.34591,0.6951600000000002,0,0,0,0,1.34591,0.6951600000000002,1.1521899999999996,0.5673900000000002,23.699689999999993,34.10076999999999,23.277509999999996,37.86387999999999,5.333879999999998,4.94507,52.31107999999999,76.90971999999998,0,0,53.46326999999999,77.47710999999998
-2.00501,77.69649,98.2974,0.6146599999999998,0.3058899999999999,5.162710000000001,3.0094899999999996,2.76015,2.693749999999999,7.911280000000002,8.144339999999998,2.2699999999999996,3.405039999999999,8.441170000000001,2.4485199999999994,0,0,26.545310000000004,19.701139999999995,27.159970000000005,20.007029999999997,1.2649300000000006,0.6594800000000001,0,0,0,0,1.2649300000000006,0.6594800000000001,1.1051400000000002,0.5879699999999999,21.571020000000004,30.70888,21.637939999999986,41.26532000000001,4.9575299999999975,5.068789999999999,48.16648999999999,77.04299,0,0,49.27162999999999,77.63096000000002
-1.95489,74.24304,98.08451,0.5192999999999998,0.28276999999999997,4.7798099999999994,2.57936,2.6524400000000004,2.907389999999999,5.4504800000000015,7.146670000000002,2.29291,2.9684799999999996,7.642670000000002,2.7157199999999997,0,0,22.818310000000004,18.31762,23.33761,18.60039,1.1692100000000003,0.5354199999999999,0,0,0,0,1.1692100000000003,0.5354199999999999,1.0611900000000007,0.5357999999999999,22.20873,32.16447,21.18807999999999,41.682739999999995,5.278110000000001,4.565740000000002,48.674919999999986,78.41295,0,0,49.73610999999999,78.94875
-1.90476,71.20126,101.20912,0.4623000000000001,0.34890999999999994,3.8193900000000003,2.33316,2.7646600000000006,3.1704900000000005,3.88948,7.429510000000001,2.32773,2.523070000000001,6.553769999999998,2.60696,0,0,19.35503,18.063190000000002,19.81733,18.412100000000002,1.0392399999999997,0.4835300000000001,0,0,0,0,1.0392399999999997,0.4835300000000001,0.9707800000000002,0.47872000000000026,23.42087,38.32572,20.453529999999997,38.810510000000015,5.499570000000001,4.69856,49.37397,81.83479000000001,0,0,50.34475,82.31351000000001
-1.85464,69.67616,82.48855,0.46686000000000005,0.3755799999999999,3.103159999999999,1.5641299999999998,2.9780399999999996,2.5830699999999993,2.9649099999999997,6.723079999999999,2.6574400000000002,1.8790499999999994,4.9154599999999995,1.7865900000000001,0,0,16.61901,14.535919999999997,17.08587,14.911499999999997,0.9630100000000005,0.3714900000000001,0,0,0,0,0.9630100000000005,0.3714900000000001,0.9255899999999999,0.3236200000000001,24.585210000000007,34.12081,20.21875,28.188409999999987,5.897649999999998,4.572750000000001,50.70161,66.88196999999998,0,0,51.6272,67.20558999999999
-1.80451,79.73479,60.54017,0.5172099999999998,0.26097,3.2714699999999994,1.0424799999999996,3.3075200000000002,1.7912599999999996,2.7113100000000014,4.586070000000001,3.5040799999999996,1.2011100000000001,4.9990000000000006,1.1077899999999998,0,0,17.793380000000003,9.72871,18.31059,9.98968,1.03674,0.3469000000000001,0,0,0,0,1.03674,0.3469000000000001,1.0367000000000004,0.23554999999999998,28.11487000000001,25.477420000000002,23.914670000000005,19.18668,7.32114,5.3039200000000015,59.35068000000001,49.96802,0,0,60.387380000000014,50.203570000000006
-1.75439,101.21924,56.02833,0.61826,0.14909999999999993,3.8479799999999993,1.03859,4.21756,1.3839100000000004,3.062280000000001,3.267000000000001,4.564860000000002,0.9005900000000002,6.081459999999999,1.0622999999999996,0,0,21.774140000000003,7.6523900000000005,22.392400000000002,7.801490000000001,1.2774400000000008,0.41515000000000024,0,0,0,0,1.2774400000000008,0.41515000000000024,1.3120500000000002,0.18679,35.299880000000016,23.04533999999999,30.846689999999995,16.947269999999996,10.090739999999998,7.632220000000002,76.23731000000001,47.62482999999999,0,0,77.54936000000001,47.811619999999984
-1.70426,96.91554,50.19165,0.5429900000000001,0.11076000000000003,3.3849899999999997,0.7721500000000001,4.19316,1.06493,2.68822,2.7206599999999996,4.594189999999999,0.7866399999999998,5.281869999999998,1.3403099999999992,0,0,20.142429999999997,6.684689999999999,20.685419999999997,6.795449999999999,1.2078000000000002,0.34919999999999995,0,0,0,0,1.2078000000000002,0.34919999999999995,1.2767600000000001,0.12797000000000003,33.682469999999995,18.598129999999998,29.710159999999995,17.053890000000003,10.35297,7.2671,73.7456,42.91912,0,0,75.02235999999999,43.04709
-1.65414,89.02314,45.44294,0.47408,0.11665000000000003,2.9017300000000006,0.6150900000000001,4.071020000000001,0.9721900000000001,2.29323,2.7426399999999997,4.391930000000001,0.6633999999999998,4.231350000000001,1.47686,0,0,17.889260000000004,6.47018,18.363340000000004,6.58683,1.0950999999999995,0.2804300000000001,0,0,0,0,1.0950999999999995,0.2804300000000001,1.16515,0.11821999999999998,30.762820000000012,14.990430000000005,28.19009000000001,17.651740000000004,9.44663,5.815249999999998,68.39954000000002,38.457420000000006,0,0,69.56469000000003,38.57564000000001
-1.60401,76.3314,51.70202,0.35982000000000014,0.15063999999999997,2.4166999999999996,0.7774899999999999,3.993780000000001,1.22629,1.6701100000000002,4.44288,3.5638900000000002,0.9416300000000001,3.28005,1.62124,0,0,14.92453,9.00953,15.284350000000002,9.160169999999999,0.8920200000000001,0.29327,0,0,0,0,0.8920200000000001,0.29327,0.9840700000000002,0.12418000000000001,27.401219999999995,18.450360000000003,24.11408000000001,18.582090000000004,7.6556000000000015,5.091860000000001,59.1709,42.12431000000001,0,0,60.154970000000006,42.24849000000001
-1.55388,80.81287,61.80129,0.2951999999999999,0.13079000000000002,2.3814000000000006,1.06769,4.134239999999998,1.6318199999999998,1.4301299999999997,6.62071,3.26386,1.6408699999999996,3.08993,1.52683,0,0,14.29956,12.487919999999999,14.594759999999999,12.61871,0.8253999999999999,0.28821,0,0,0,0,0.8253999999999999,0.28821,0.9581600000000002,0.12675,31.07399000000002,24.309150000000013,26.520249999999994,20.654140000000005,6.840460000000002,3.80443,64.43470000000002,48.76772000000002,0,0,65.39286000000001,48.89447000000002
-1.50376,97.46277,56.81512,0.3080800000000001,0.07236,2.6907300000000003,1.1992400000000003,5.159320000000001,1.62367,1.7836800000000004,6.539259999999999,4.4281700000000015,1.6844299999999999,3.3445300000000002,1.3458600000000003,0,0,17.406430000000004,12.39246,17.714510000000004,12.46482,1.0119100000000005,0.2460700000000001,0,0,0,0,1.0119100000000005,0.2460700000000001,1.2927699999999993,0.11376999999999998,36.51882000000003,21.37832,32.64944000000001,19.896530000000006,8.275269999999997,2.715600000000001,77.44353000000004,43.99045,0,0,78.73630000000004,44.104220000000005
-1.45363,114.04514,24.92573,0.32089,0.03041,2.9368600000000002,0.6995899999999998,6.707649999999998,0.7165799999999998,2.2105200000000003,3.0494600000000007,6.680589999999998,0.7380799999999996,3.3912600000000004,0.7028399999999999,0,0,21.926879999999997,5.90655,22.247769999999996,5.93696,1.28668,0.12603999999999999,0,0,0,0,1.28668,0.12603999999999999,1.7269300000000003,0.05725,40.47349999999998,7.165769999999996,36.89965,10.391929999999999,11.410679999999997,1.24771,88.78382999999998,18.805409999999995,0,0,90.51075999999998,18.862659999999995
-1.40351,115.07387,19.87207,0.28577000000000014,0.02242,2.574400000000001,0.64056,7.034600000000002,0.6508100000000001,1.97925,3.010069999999999,7.779840000000003,0.35564999999999997,3.056129999999999,0.9870100000000005,0,0,22.424220000000005,5.6441,22.709990000000005,5.666519999999999,1.3738100000000002,0.30965000000000004,0,0,0,0,1.3738100000000002,0.30965000000000004,1.7543900000000014,0.05540000000000001,40.59229999999995,5.23209,35.61862000000001,5.72363,13.02483999999999,2.88469,89.23575999999994,13.84041,0,0,90.99014999999996,13.89581
-1.35338,100.32251,64.14153,0.21106,0.06997,2.1360599999999996,2.06345,5.9270700000000005,2.082280000000001,1.5304899999999995,10.473079999999998,7.3827,1.0114299999999998,2.31103,3.3424300000000002,0,0,19.28735,18.972669999999997,19.49841,19.04264,1.2530400000000004,1.0959000000000003,0,0,0,0,1.2530400000000004,1.0959000000000003,1.4885799999999996,0.17130000000000004,35.43980999999998,17.921709999999997,29.511630000000004,14.90836,13.13114,11.001570000000003,78.08257999999998,43.83164,0,0,79.57115999999998,44.00294
-1.30326,88.86278,90.06783,0.17301999999999998,0.11485999999999996,1.9366000000000003,2.9525100000000006,5.717429999999999,2.4397499999999996,1.3040800000000004,17.453289999999996,6.670060000000003,1.7023599999999999,1.83591,4.251970000000001,0,0,17.464080000000003,28.799879999999998,17.637100000000004,28.914739999999995,1.1813999999999998,1.3327,0,0,0,0,1.1813999999999998,1.3327,1.3395200000000003,0.20845999999999998,30.117500000000007,26.595669999999995,25.78097,18.979820000000004,12.806410000000009,14.036490000000002,68.70488000000002,59.61198,0,0,70.04440000000001,59.82044
-1.25313,91.00333,86.66654,0.19035000000000002,0.2006100000000001,2.06586,3.1019400000000004,6.769010000000001,2.6646799999999997,1.25266,30.904739999999997,7.291339999999998,2.5203999999999995,1.8899999999999997,4.76539,0,0,19.26887,43.95715,19.45922,44.157759999999996,1.27704,1.0078999999999998,0,0,0,0,1.27704,1.0078999999999998,1.4882299999999997,0.21788000000000002,29.132789999999993,19.807129999999994,26.07050999999999,12.911390000000003,13.57556,8.564340000000003,68.77885999999998,41.28286,0,0,70.26708999999998,41.50074
-1.20301,90.14438,121.93348,0.19462000000000007,0.39359,2.1741200000000007,5.87291,7.290710000000002,5.3111299999999995,1.1102099999999997,62.31976,7.0952,4.664399999999999,2.0603700000000003,10.528960000000001,0,0,19.730610000000002,88.69716,19.925230000000003,89.09075,1.24795,1.1634399999999998,0,0,0,0,1.24795,1.1634399999999998,1.5240999999999996,0.4105499999999999,28.929109999999998,14.45725,24.898390000000006,10.833359999999997,13.619570000000005,5.978080000000002,67.44707000000001,31.26869,0,0,68.97117000000001,31.67924
-1.15288,76.55975,147.67317,0.17377,0.42811000000000005,2.0294999999999987,9.39861,6.611650000000002,7.1491999999999996,0.8236899999999999,73.42940000000002,5.6424199999999995,5.78244,2.0583700000000005,17.168839999999996,0,0,17.16563,112.92849000000001,17.3394,113.35660000000001,1.0541800000000001,1.3373199999999998,0,0,0,0,1.0541800000000001,1.3373199999999998,1.3178199999999995,0.5512899999999998,25.0198,14.160710000000002,20.37972,11.873000000000001,11.449039999999993,6.394259999999997,56.84855999999999,32.42797,0,0,58.16637999999999,32.97926
-1.10276,67.87624,143.44635,0.15827999999999998,0.29439,2.0043799999999994,12.050280000000003,5.808580000000004,7.05327,0.60381,64.96525000000003,5.01291,5.3733900000000006,1.9480500000000005,22.206670000000003,0,0,15.377730000000003,111.64886000000003,15.536010000000003,111.94325000000003,0.9697599999999996,1.2059200000000003,0,0,0,0,0.9697599999999996,1.2059200000000003,1.1415700000000004,0.6019899999999999,22.70688000000001,12.653249999999995,17.81526,11.523009999999998,9.706620000000001,5.518879999999998,50.22876000000001,29.695139999999988,0,0,51.37033000000001,30.29712999999999
-1.05263,67.18679,169.83277,0.14135,0.26091,2.14584,16.45202,5.511210000000001,8.382610000000001,0.4852100000000001,68.17493999999999,5.3873999999999995,6.05565,1.8422699999999999,32.245059999999995,0,0,15.37193,131.31027999999998,15.51328,131.57119,0.9769699999999999,1.3708899999999997,0,0,0,0,0.9769699999999999,1.3708899999999997,1.0761000000000003,0.7699199999999997,22.50147000000001,15.63764,18.202629999999985,14.75843,8.916330000000002,5.724649999999999,49.62043,36.12072,0,0,50.696529999999996,36.89064
-1.00251,65.5125,201.01336,0.13584,0.34663999999999995,2.3100000000000005,22.556170000000005,4.836669999999999,10.145849999999998,0.3607499999999999,67.11755,5.447580000000001,7.861040000000001,1.9501400000000002,41.66004000000001,0,0,14.905140000000001,149.34065,15.040980000000001,149.68729000000002,0.9716099999999996,1.5625699999999998,0,0,0,0,0.9716099999999996,1.5625699999999998,0.9979700000000001,0.8937100000000007,22.048799999999996,21.557250000000003,18.347859999999997,20.64340000000002,8.105259999999996,6.669340000000003,48.50191999999999,48.86999000000003,0,0,49.499889999999986,49.76370000000003
-0.95238,69.38607,215.45472,0.14380000000000004,0.4237599999999999,2.5056199999999995,25.413029999999992,4.503299999999999,10.551400000000003,0.2854900000000001,66.90006999999996,6.099829999999998,8.545309999999999,2.0697400000000004,43.81761999999999,0,0,15.463979999999998,155.22742999999994,15.607779999999998,155.65118999999993,1.0129499999999998,1.69977,0,0,0,0,1.0129499999999998,1.69977,0.9913900000000001,0.96604,23.692000000000007,25.663080000000004,20.302549999999997,24.263149999999996,7.779459999999999,7.2114499999999975,51.774010000000004,57.137679999999996,0,0,52.76540000000001,58.103719999999996
-0.90226,72.72798,209.26544,0.15133999999999997,0.3592600000000001,2.50339,23.966890000000003,4.92984,9.325610000000001,0.24555000000000005,71.15293000000003,6.344060000000001,8.16618,2.1060099999999995,37.52376000000001,0,0,16.12885,150.13537000000005,16.28019,150.49463000000003,1.0125399999999996,1.7751499999999998,0,0,0,0,1.0125399999999996,1.7751499999999998,0.9820699999999999,0.9843799999999996,24.308819999999997,25.55027000000001,23.261020000000002,23.508330000000004,6.883330000000001,6.952630000000002,54.45317,56.01123000000001,0,0,55.43524,56.99561000000001
-0.85213,69.97688,193.99513,0.16007000000000002,0.2819600000000001,2.11827,21.544819999999998,6.092889999999999,8.237859999999998,0.22659,70.08993000000001,5.28913,7.952950000000002,2.2182799999999996,29.538339999999994,0,0,15.945159999999998,137.3639,16.10523,137.64586,0.88286,1.60781,0,0,0,0,0.88286,1.60781,0.8743600000000002,0.8519199999999996,22.16188,25.234400000000004,24.328470000000014,22.10968999999999,5.623930000000003,6.545470000000003,52.114280000000015,53.889559999999996,0,0,52.98864000000002,54.741479999999996
-0.80201,75.03623,170.40557,0.18821999999999997,0.29574,2.1469199999999997,17.53176,7.079249999999999,8.60353,0.25081000000000003,57.12168,5.335559999999998,7.80273,2.405299999999999,26.62462,0,0,17.217839999999995,117.68432,17.406059999999997,117.98006,0.8347800000000003,1.2636999999999996,0,0,0,0,0.8347800000000003,1.2636999999999996,0.8357299999999998,0.6332599999999999,24.404819999999994,22.590020000000006,26.141959999999994,21.317729999999987,5.412869999999997,6.620709999999996,55.95964999999998,50.52845999999999,0,0,56.79537999999999,51.16171999999999
-0.75188,89.34454,158.71219,0.22251000000000004,0.35894,2.7269099999999997,16.33365,7.48156,9.781309999999998,0.28559,44.61079999999999,6.897339999999998,8.321389999999997,2.70731,30.033190000000005,0,0,20.098709999999997,109.08033999999999,20.321219999999997,109.43927999999998,0.9321799999999999,1.0501600000000004,0,0,0,0,0.9321799999999999,1.0501600000000004,0.8962100000000004,0.52959,32.021869999999986,19.785019999999996,29.34077000000001,21.11846,5.832230000000001,6.789770000000001,67.19487,47.69324999999999,0,0,68.09107999999999,48.22284
-0.70175,84.91744,118.88023,0.22831999999999997,0.28077,2.68167,14.074440000000001,6.82347,8.267260000000002,0.27002000000000004,25.69704000000001,6.27665,6.871570000000002,2.7251499999999997,27.723580000000002,0,0,18.77696,82.63389000000001,19.00528,82.91466000000001,0.8378400000000003,0.6743699999999999,0,0,0,0,0.8378400000000003,0.6743699999999999,0.7774499999999998,0.3500400000000001,31.490809999999996,14.481909999999992,27.404979999999988,16.10055,5.4010799999999985,4.358629999999999,64.29686999999998,34.94108999999999,0,0,65.07431999999999,35.29112999999999
-0.65163,68.13317,76.22739,0.21267999999999992,0.158,2.417360000000001,9.933580000000001,5.834440000000001,6.420340000000001,0.19685,11.807050000000002,4.81709,4.184340000000001,2.4610299999999996,21.486009999999993,0,0,15.726770000000002,53.83132,15.93945,53.98932,0.6688600000000002,0.3703100000000002,0,0,0,0,0.6688600000000002,0.3703100000000002,0.6159899999999999,0.19829999999999998,24.625539999999994,8.396399999999998,22.179590000000005,11.35799,4.1037,1.9150000000000003,50.908829999999995,21.669389999999996,0,0,51.52482,21.867689999999996
-0.6015,63.32359,59.06062,0.17682,0.10284999999999998,2.6026700000000007,6.914869999999999,5.165110000000001,6.319120000000002,0.14816,8.392709999999997,5.13205,2.6468299999999996,2.3036300000000005,18.020279999999996,0,0,15.351620000000002,42.29380999999999,15.528440000000002,42.39665999999999,0.5839899999999998,0.2077000000000001,0,0,0,0,0.5839899999999998,0.2077000000000001,0.55225,0.11778000000000005,23.36230000000001,4.378110000000001,20.12595,11.130479999999999,3.1705900000000016,0.8298600000000002,46.65884000000001,16.33845,0,0,47.21109000000001,16.45623
-0.55138,60.39036,51.93183,0.12532000000000001,0.07371,2.60836,5.5005,4.4208099999999995,6.397690000000001,0.11359,6.9631300000000005,5.4366900000000005,2.0264699999999998,2.0662100000000003,16.39802,0,0,14.64566,37.28581,14.77098,37.359519999999996,0.4818299999999999,0.13846999999999995,0,0,0,0,0.4818299999999999,0.13846999999999995,0.46679000000000004,0.08523000000000004,23.186730000000008,2.6550000000000002,19.074339999999996,11.26119999999999,2.40967,0.43243,44.67074,14.34862999999999,0,0,45.137530000000005,14.43385999999999
-0.50125,56.60591,17.6697,0.11149000000000003,0.021580000000000005,2.38457,1.7125299999999997,4.16187,2.2254899999999997,0.08421000000000001,2.1616000000000004,5.034279999999999,0.6229099999999997,2.12947,5.515180000000003,0,0,13.7944,12.237710000000002,13.90589,12.259290000000002,0.42153999999999986,0.044339999999999984,0,0,0,0,0.42153999999999986,0.044339999999999984,0.39415000000000017,0.027969999999999984,21.17037000000001,1.1271200000000006,18.701349999999994,4.002859999999997,2.0124999999999993,0.20828000000000002,41.88422,5.338259999999998,0,0,42.27837,5.366229999999998
-0.45113,55.50005,11.87973,0.13383,0.012139999999999996,2.47957,0.17908000000000004,3.9186400000000003,0.2956000000000001,0.06827,0.28201000000000004,4.9464700000000015,0.08120000000000004,2.40407,0.5785999999999997,0,0,13.817020000000001,1.4164899999999998,13.95085,1.4286299999999998,0.4281000000000001,0.06558000000000003,0,0,0,0,0.4281000000000001,0.06558000000000003,0.37145,0.024569999999999977,20.566530000000004,6.35938,18.158330000000003,2.5062699999999998,2.0247300000000004,1.49522,40.749590000000005,10.36087,0,0,41.12104000000001,10.38544
-0.401,61.86724,30.76931,0.14813000000000004,0.031039999999999988,2.90364,0.15085999999999997,4.80044,0.3401,0.06650999999999999,0.34864,5.164739999999998,0.10307,2.40016,0.4079900000000001,0,0,15.335489999999998,1.35066,15.483619999999998,1.3817000000000002,0.48042000000000024,0.18236000000000008,0,0,0,0,0.48042000000000024,0.18236000000000008,0.37408000000000025,0.06558,21.814789999999995,18.39616999999999,21.05043,6.405630000000001,2.6638200000000003,4.33766,45.529039999999995,29.139459999999993,0,0,45.903119999999994,29.205039999999993
-0.35088,70.93226,16.36999,0.14754999999999996,0.016489999999999998,3.2607599999999994,0.07973000000000001,5.816600000000001,0.17973999999999998,0.06862999999999998,0.18475999999999998,5.1868799999999995,0.05466000000000003,2.9373899999999997,0.21416999999999997,0,0,17.27026,0.71306,17.41781,0.7295499999999999,0.5575299999999997,0.09680000000000002,0,0,0,0,0.5575299999999997,0.09680000000000002,0.37900000000000017,0.034869999999999984,22.74758999999999,9.791869999999998,25.988049999999998,3.4075100000000003,3.8423299999999996,2.3092799999999998,52.577969999999986,15.508659999999997,0,0,52.95696999999999,15.543529999999997
-0.30075,77.73373,1.53862,0.14842000000000008,0.0015600000000000006,3.5548899999999994,0.007499999999999997,5.8315300000000025,0.01686999999999999,0.06983,0.017399999999999995,5.589929999999998,0.005119999999999999,3.5831000000000004,0.020130000000000002,0,0,18.62928,0.06701999999999998,18.7777,0.06857999999999999,0.59486,0.00895,0,0,0,0,0.59486,0.00895,0.3604199999999998,0.0031800000000000005,24.585130000000003,0.9201900000000002,28.482979999999998,0.32019000000000003,4.932649999999998,0.21697000000000002,58.00076,1.4573500000000001,0,0,58.36118,1.4605300000000003
-0.25063,78.94787,0.02349,0.12715999999999997,2e-05,3.6433,0.00011,5.51551,0.00027000000000000006,0.06495,0.00024,6.15472,6e-05,2.8803299999999994,0.0003000000000000001,0,0,18.25881,0.0009800000000000002,18.38597,0.0010000000000000002,0.5461600000000001,8e-05,0,0,0,0,0.5461600000000001,8e-05,0.2987299999999999,5e-05,26.120969999999993,0.01399,27.50138000000001,0.0048400000000000006,6.094670000000001,0.00329,59.717020000000005,0.02212,0,0,60.015750000000004,0.022170000000000002
-0.2005,80.64985,6e-05,0.10105999999999998,0.0,3.9874500000000013,0.0,5.614940000000002,0.0,0.05403000000000001,0.0,6.420729999999999,0.0,2.6810099999999992,0.0,0,0,18.75816,0.0,18.85922,0.0,0.44142,0.0,0,0,0,0,0.44142,0.0,0.22717,0.0,28.396379999999994,3.0000000000000004e-05,26.823100000000007,0.0,5.9025399999999975,0.0,61.12202,3.0000000000000004e-05,0,0,61.34919,3.0000000000000004e-05
-0.15038,105.18345,0.00443,0.11198,0.0,5.048319999999999,0.0,7.80632,2e-05,0.05623999999999999,0.0,7.9364599999999985,2e-05,4.576870000000001,1e-05,0,0,25.42421,5e-05,25.536189999999998,5e-05,0.39390999999999987,4e-05,0,0,0,0,0.39390999999999987,4e-05,0.21594999999999998,0.0,37.88361000000002,0.00284,36.05047999999999,0.0007199999999999999,5.10325,0.0007,79.03734000000001,0.00426,0,0,79.25329,0.00426
-0.10025,117.59422,0.45294,0.10849999999999999,0.00064,5.372090000000002,0.0008100000000000003,8.929220000000003,0.00252,0.05128,0.001540000000000001,8.006809999999998,0.0020100000000000005,6.2795000000000005,0.0029200000000000003,0,0,28.638900000000003,0.009800000000000001,28.747400000000003,0.010440000000000001,0.34746,0.00463,0,0,0,0,0.34746,0.00463,0.19112000000000004,0.0009500000000000001,41.523820000000015,0.29184000000000004,42.59633000000003,0.07547,4.188040000000002,0.0693,88.30819000000005,0.43661000000000005,0,0,88.49931000000005,0.43756000000000006
-0.05013,95.90684,7.35015,0.08254000000000002,0.01043,3.588619999999999,0.013489999999999997,7.098750000000001,0.04075,0.041320000000000016,0.025209999999999993,5.006069999999999,0.03291,5.56357,0.047990000000000005,0,0,21.29833,0.16035,21.380869999999998,0.17078,0.4287199999999997,0.07637,0,0,0,0,0.4287199999999997,0.07637,0.19337999999999994,0.01622999999999999,34.25330999999998,4.7358,34.940650000000026,1.2258900000000001,4.70974,1.12467,73.9037,7.086360000000001,0,0,74.09708,7.10259
0.0,83.84286,20.61623,0.07481999999999998,0.029269999999999997,1.8558000000000001,0.03783999999999999,6.625690000000001,0.11425999999999999,0.04655000000000001,0.07091000000000001,3.96505,0.09239000000000004,3.8348299999999997,0.13461000000000004,0,0,16.327920000000002,0.4500100000000001,16.40274,0.47928000000000004,0.8139299999999997,0.21426999999999993,0,0,0,0,0.8139299999999997,0.21426999999999993,0.34913999999999995,0.0457,31.065510000000003,13.283050000000003,28.199769999999976,3.43882,7.011819999999999,3.15477,66.27709999999998,19.876640000000002,0,0,66.62623999999998,19.922340000000002
0.05013,64.5597,10.5197,0.05572000000000001,0.014959999999999998,1.1903099999999998,0.019319999999999993,5.855209999999999,0.058260000000000006,0.04623000000000002,0.036180000000000004,3.914589999999999,0.047170000000000004,2.109680000000001,0.06865000000000002,0,0,13.116019999999999,0.22958000000000003,13.171739999999998,0.24454000000000004,0.9090999999999999,0.10923000000000005,0,0,0,0,0.9090999999999999,0.10923000000000005,0.40696000000000004,0.023319999999999997,23.25457,6.777660000000001,20.419859999999993,1.7548900000000005,6.397359999999998,1.6096900000000003,50.07178999999999,10.142240000000001,0,0,50.47874999999999,10.165560000000001
0.10025,32.12395,0.94288,0.02944000000000001,0.00133,0.59805,0.0017100000000000001,3.3252300000000012,0.005209999999999999,0.03329,0.0032300000000000007,2.0390599999999997,0.00421,1.17662,0.006129999999999999,0,0,7.172250000000001,0.02049,7.201690000000001,0.02182,0.42836,0.009739999999999997,0,0,0,0,0.42836,0.009739999999999997,0.20135000000000006,0.00201,9.59436,0.6073500000000002,10.852859999999998,0.15727,3.8453800000000005,0.1442,24.2926,0.9088200000000002,0,0,24.493949999999998,0.9108300000000001
0.15038,11.18006,0.01365,0.009489999999999998,0.0,0.20158000000000004,0.0,1.3229,6.000000000000001e-05,0.014749999999999994,4e-05,0.6441599999999998,4e-05,0.52846,9e-05,0,0,2.71185,0.00023,2.72134,0.00023,0.11488000000000002,0.00012,0,0,0,0,0.11488000000000002,0.00012,0.05629,2e-05,2.4121500000000005,0.00877,4.273940000000001,0.0022500000000000003,1.6015000000000004,0.0021,8.287590000000002,0.01312,0,0,8.343880000000002,0.01314
0.2005,1.60832,3e-05,0.0011600000000000002,0.0,0.028389999999999995,0.0,0.19766000000000003,0.0,0.0021400000000000004,0.0,0.08857000000000002,0.0,0.08098999999999998,0.0,0,0,0.39775000000000005,0.0,0.39891000000000004,0.0,0.014859999999999996,0.0,0,0,0,0,0.014859999999999996,0.0,0.007249999999999999,0.0,0.31002,2e-05,0.63766,0.0,0.2393300000000001,0.0,1.1870100000000001,2e-05,0,0,1.19426,2e-05
0.25063,0.04702,0.0,2e-05,0.0,0.0008000000000000001,0.0,0.005779999999999998,0.0,6e-05,0.0,0.0025500000000000006,0.0,0.00237,0.0,0,0,0.011559999999999999,0.0,0.011579999999999998,0.0,0.00035999999999999997,0.0,0,0,0,0,0.00035999999999999997,0.0,0.0002,0.0,0.00883,0.0,0.018659999999999996,0.0,0.006959999999999999,0.0,0.034449999999999995,0.0,0,0,0.03464999999999999,0.0
0.30075,0.00102,0.0,0.0,0.0,6.000000000000001e-05,0.0,9e-05,0.0,0.0,0.0,0.00011,0.0,2e-05,0.0,0,0,0.00028000000000000003,0.0,0.00028000000000000003,0.0,0.0,0.0,0,0,0,0,0.0,0.0,0.0,0.0,0.00022,0.0,0.00021,0.0,9e-05,0.0,0.0005200000000000001,0.0,0,0,0.0005200000000000001,0.0
0.35088,0.13648,0.0,0.0004300000000000003,0.0,0.010719999999999997,0.0,0.012220000000000002,0.0,8e-05,0.0,0.021569999999999992,0.0,0.004809999999999999,0.0,0,0,0.04939999999999999,0.0,0.04982999999999999,0.0,0.0017900000000000008,0.0,0,0,0,0,0.0017900000000000008,0.0,0.0016000000000000003,0.0,0.03419999999999998,0.0,0.028769999999999983,0.0,0.019829999999999987,0.0,0.08279999999999996,0.0,0,0,0.08439999999999995,0.0
0.401,4.17569,0.0,0.012939999999999998,0.0,0.3301300000000001,0.0,0.37091,0.0,0.00398,0.0,0.6626999999999997,0.0,0.14836999999999997,0.0,0,0,1.5160899999999997,0.0,1.52903,0.0,0.05594000000000003,0.0,0,0,0,0,0.05594000000000003,0.0,0.04899000000000005,0.0,1.0590299999999992,0.0,0.8759100000000001,0.0,0.6066,0.0,2.5415399999999995,0.0,0,0,2.5905299999999993,0.0
0.45113,27.09058,0.0,0.0775,0.0,2.13547,0.0,2.3891699999999996,0.0,0.02475,0.0,4.282139999999999,0.0,0.9947599999999999,0.0,0,0,9.826289999999998,0.0,9.903789999999999,0.0,0.35068,0.0,0,0,0,0,0.35068,0.0,0.3079100000000002,0.0,6.978240000000002,0.0,5.629430000000001,0.0,3.9205800000000024,0.0,16.528250000000007,0.0,0,0,16.836160000000007,0.0
0.50125,52.33345,0.0,0.1279,0.0,3.6187300000000007,0.0,5.349509999999998,0.0,0.04478000000000002,0.0,7.325819999999997,0.0,2.6583300000000016,0.0,0,0,18.997169999999997,0.0,19.125069999999997,0.0,0.6355600000000003,0.0,0,0,0,0,0.6355600000000003,0.0,0.56369,0.0,13.146460000000005,0.0,11.336350000000003,0.0,7.526279999999998,0.0,32.00909000000001,0.0,0,0,32.57278000000001,0.0
0.55138,52.42524,0.0,0.10650999999999998,0.0,2.4493599999999995,0.0,7.18701,0.0,0.04316,0.0,5.1728499999999995,0.0,4.25445,0.0,0,0,19.10683,0.0,19.21334,0.0,0.59567,0.0,0,0,0,0,0.59567,0.0,0.5370099999999999,0.0,11.846169999999992,0.0,12.737259999999994,0.0,7.4957499999999975,0.0,32.07917999999998,0.0,0,0,32.61618999999998,0.0
0.6015,21.40279,0.0,0.04094,0.0,0.7769299999999999,0.0,3.2876299999999996,0.0,0.01745,0.0,1.7027700000000001,0.0,2.0314799999999997,0.0,0,0,7.81626,0.0,7.8572,0.0,0.23705,0.0,0,0,0,0,0.23705,0.0,0.21580000000000002,0.0,4.550780000000001,0.0,5.487499999999999,0.0,3.05456,0.0,13.09284,0.0,0,0,13.30864,0.0
0.65163,2.00115,0.0,0.003730000000000001,0.0,0.06834000000000001,0.0,0.31406999999999996,0.0,0.0016200000000000006,0.0,0.15136000000000002,0.0,0.19572000000000006,0.0,0,0,0.73111,0.0,0.73484,0.0,0.021849999999999974,0.0,0,0,0,0,0.021849999999999974,0.0,0.019929999999999993,0.0,0.4201500000000004,0.0,0.51858,0.0,0.2853900000000001,0.0,1.2241200000000005,0.0,0,0,1.2440500000000005,0.0
0.70175,0.03374,0.00012,2e-05,0.0,0.0011500000000000004,0.0,0.00524,0.0,1e-05,1e-05,0.0024900000000000005,0.0,0.0033,8e-05,0,0,0.012190000000000001,9e-05,0.01221,9e-05,0.00032,0.0,0,0,0,0,0.00032,0.0,0.00028000000000000003,0.0,0.0070499999999999955,1e-05,0.008669999999999994,0.0,0.0048000000000000004,0.0,0.02051999999999999,1e-05,0,0,0.02079999999999999,1e-05
0.75188,9e-05,0.03105,0.0,0.00031,0.0,0.00015999999999999999,0.0,0.00129,0.0,0.0017200000000000002,0.0,0.00045000000000000004,0.0,0.02092,0,0,0.0,0.024540000000000003,0.0,0.02485,0.0,7.000000000000001e-05,0,0,0,0,0.0,7.000000000000001e-05,0.0,8e-05,0.0,0.00257,0.0,0.00239,0.0,0.0009299999999999999,0.0,0.00589,0,0,0.0,0.00597
0.80201,0.0,1.20766,0.0,0.012190000000000003,0.0,0.006660000000000001,0.0,0.05047,0.0,0.06761,0.0,0.017689999999999997,0.0,0.81426,0,0,0.0,0.95669,0.0,0.96888,0.0,0.0031300000000000004,0,0,0,0,0.0,0.0031300000000000004,0.0,0.0033000000000000004,0.0,0.10041999999999998,0.0,0.09443,0.0,0.03716,0.0,0.23201,0,0,0.0,0.23531
0.85213,0.0,7.78628,0.0,0.07859000000000001,0.0,0.04309000000000001,0.0,0.32558000000000004,0.0,0.43606000000000006,0.0,0.11398000000000001,0.0,5.249889999999999,0,0,0.0,6.168599999999999,0.0,6.247189999999999,0.0,0.020419999999999994,0,0,0,0,0.0,0.020419999999999994,0.0,0.021409999999999995,0.0,0.6478999999999998,0.0,0.6089599999999997,0.0,0.23983000000000007,0.0,1.4966899999999996,0,0,0.0,1.5180999999999996
0.90226,0.0,9.01695,0.0,0.09133,0.0,0.07135999999999999,0.0,0.3763,0.0,0.5036699999999998,0.0,0.13198000000000001,0.0,6.060169999999999,0,0,0.0,7.143479999999999,0.0,7.2348099999999995,0.0,0.02387,0,0,0,0,0.0,0.02387,0.0,0.024939999999999997,0.0,0.7510100000000001,0.0,0.70378,0.0,0.27809000000000006,0.0,1.7328800000000002,0,0,0.0,1.7578200000000002
0.95238,0.0,3.04506,0.0,0.04513,0.0,0.8724,0.0,0.09664999999999999,0.0,0.11721000000000001,0.0,0.042480000000000004,0.0,1.2750399999999997,0,0,0.0,2.40378,0.0,2.4489099999999997,0.0,0.014839999999999999,0,0,0,0,0.0,0.014839999999999999,0.0,0.013969999999999998,0.0,0.28054000000000007,0.0,0.18018000000000006,0.0,0.10609000000000003,0.0,0.5668100000000001,0,0,0.0,0.5807800000000002
1.00251,0.0,7.7705,0.0,0.17309000000000002,0.0,5.66123,0.0,0.12366999999999999,0.0,0.08528999999999999,0.0,0.10006000000000001,0.0,0.12988999999999998,0,0,0.0,6.10014,0.0,6.27323,0.0,0.06594999999999997,0,0,0,0,0.0,0.06594999999999997,0.0,0.05826,0.0,0.8252299999999999,0.0,0.22720000000000007,0.0,0.32014,0.0,1.37257,0,0,0.0,1.43083
1.05263,0.0,9.05345,0.0,0.2026,0.0,6.6513800000000005,0.0,0.1421,0.0,0.09593999999999998,0.0,0.11644,0.0,0.10092000000000001,0,0,0.0,7.1067800000000005,0.0,7.309380000000001,0.0,0.07731999999999999,0,0,0,0,0.0,0.07731999999999999,0.0,0.06825,0.0,0.9632399999999993,0.0,0.2610100000000001,0.0,0.37374999999999997,0.0,1.5979999999999994,0,0,0.0,1.6662499999999993
1.10276,0.0,1.91998,0.0,0.042949999999999995,0.0,1.41061,0.0,0.0301,0.0,0.02034,0.0,0.024700000000000003,0.0,0.02133,0,0,0.0,1.50708,0.0,1.55003,0.0,0.016349999999999993,0,0,0,0,0.0,0.016349999999999993,0.0,0.014469999999999998,0.0,0.20422,0.0,0.05529000000000001,0.0,0.07924,0.0,0.33875000000000005,0,0,0.0,0.35322000000000003
1.15288,0.0,0.06857,0.0,0.0015199999999999999,0.0,0.05036,0.0,0.00107,0.0,0.0007200000000000002,0.0,0.00086,0.0,0.00075,0,0,0.0,0.05376,0.0,0.05528,0.0,0.0005600000000000001,0,0,0,0,0.0,0.0005600000000000001,0.0,0.0005,0.0,0.007259999999999998,0.0,0.00194,0.0,0.00281,0.0,0.012009999999999998,0,0,0.0,0.012509999999999999
1.20301,0.0,0.00267,0.0,1e-05,0.0,0.0015699999999999998,0.0,7.000000000000001e-05,0.0,0.00017,0.0,8e-05,0.0,0.00021999999999999998,0,0,0.0,0.00211,0.0,0.00212,0.0,3.0000000000000004e-05,0,0,0,0,0.0,3.0000000000000004e-05,0.0,0.0,0.0,0.00017,0.0,0.0001,0.0,0.00016999999999999999,0.0,0.00044,0,0,0.0,0.00044
1.25313,0.0,0.28772,0.0,0.00071,0.0,0.16340000000000005,0.0,0.00959,0.0,0.02117999999999999,0.0,0.011629999999999998,0.0,0.027429999999999996,0,0,0.0,0.23323000000000002,0.0,0.23394000000000004,0.0,0.0049700000000000005,0,0,0,0,0.0,0.0049700000000000005,0.0,0.0016400000000000002,0.0,0.01487,0.0,0.012879999999999996,0.0,0.019069999999999997,0.0,0.046819999999999994,0,0,0.0,0.04845999999999999
1.30326,0.0,5.75047,0.0,0.01503,0.0,3.266600000000001,0.0,0.19194000000000003,0.0,0.42432000000000014,0.0,0.23340000000000002,0.0,0.5473699999999999,0,0,0.0,4.663630000000001,0.0,4.678660000000001,0.0,0.10007999999999999,0,0,0,0,0.0,0.10007999999999999,0.0,0.033389999999999996,0.0,0.29873000000000033,0.0,0.25809000000000015,0.0,0.38108999999999993,0.0,0.9379100000000005,0,0,0.0,0.9713000000000004
1.35338,0.0,19.92002,0.0,0.05181999999999999,0.0,11.294259999999996,0.0,0.6666300000000001,0.0,1.47229,0.0,0.81269,0.0,1.91138,0,0,0.0,16.157249999999998,0.0,16.209069999999997,0.0,0.34626999999999997,0,0,0,0,0.0,0.34626999999999997,0.0,0.11563000000000004,0.0,1.0359500000000004,0.0,0.8938999999999998,0.0,1.3189000000000006,0.0,3.2487500000000007,0,0,0.0,3.364380000000001
1.40351,0.0,16.14169,0.0,0.039630000000000006,0.0,7.94314,0.0,0.6714800000000001,0.0,1.1890800000000006,0.0,0.9606400000000005,0.0,2.5242000000000004,0,0,0.0,13.288540000000001,0.0,13.328170000000002,0.0,0.27238,0,0,0,0,0.0,0.27238,0.0,0.08650999999999999,0.0,0.8081699999999997,0.0,0.7035199999999998,0.0,0.9426699999999995,0.0,2.454359999999999,0,0,0.0,2.540869999999999
1.45363,0.0,35.95424,0.0,0.0702,0.0,9.514389999999999,0.0,2.36716,0.0,2.5944199999999995,0.0,4.965649999999999,0.0,11.758940000000003,0,0,0.0,31.20056,0.0,31.27076,0.0,0.5335599999999998,0,0,0,0,0.0,0.5335599999999998,0.0,0.13038000000000005,0.0,1.54609,0.0,1.37773,0.0,1.0957200000000005,0.0,4.01954,0,0,0.0,4.149920000000001
1.50376,0.0,68.34915,0.0,0.12805,0.0,18.98601,0.0,4.032139999999999,0.0,6.07844,0.0,9.730879999999999,0.0,20.189539999999997,0,0,0.0,59.01701,0.0,59.145059999999994,0.0,0.9924499999999998,0,0,0,0,0.0,0.9924499999999998,0.0,0.25626000000000004,0.0,3.06929,0.0,2.9180700000000006,0.0,1.9679699999999996,0.0,7.95533,0,0,0.0,8.211590000000001
1.55388,0.0,52.43613,0.0,0.09263,0.0,15.588080000000003,0.0,1.7347,0.0,8.840100000000001,0.0,4.338740000000001,0.0,12.431890000000006,0,0,0.0,42.93351000000001,0.0,43.02614000000001,0.0,0.7758800000000001,0,0,0,0,0.0,0.7758800000000001,0.0,0.29709,0.0,3.0149,0.0,3.593310000000002,0.0,1.7289499999999993,0.0,8.33716,0,0,0.0,8.634250000000002
1.60401,0.0,51.87284,0.0,0.11170999999999999,0.0,13.746739999999996,0.0,1.6771600000000007,0.0,7.942090000000001,0.0,4.001059999999999,0.0,14.958029999999999,0,0,0.0,42.32507999999999,0.0,42.436789999999995,0.0,0.6740100000000001,0,0,0,0,0.0,0.6740100000000001,0.0,0.28128,0.0,3.3180000000000005,0.0,3.665259999999999,0.0,1.49751,0.0,8.48077,0,0,0.0,8.762049999999999
1.65414,0.0,67.29824,0.0,0.20218999999999998,0.0,15.28541,0.0,3.158220000000001,0.0,5.902159999999999,0.0,10.522549999999999,0.0,21.588170000000005,0,0,0.0,56.45651000000001,0.0,56.6587,0.0,0.7887000000000001,0,0,0,0,0.0,0.7887000000000001,0.0,0.29370999999999997,0.0,4.15933,0.0,3.8936100000000007,0.0,1.5044299999999995,0.0,9.55737,0,0,0.0,9.85108
1.70426,0.0,43.73946,0.0,0.14982,0.0,10.196669999999997,0.0,2.2982400000000003,0.0,1.8311000000000006,0.0,9.093549999999999,0.0,13.941089999999994,0,0,0.0,37.36064999999999,0.0,37.51046999999999,0.0,0.48923,0,0,0,0,0.0,0.48923,0.0,0.15633999999999998,0.0,2.6193100000000005,0.0,2.166830000000001,0.0,0.7972499999999996,0.0,5.583390000000001,0,0,0.0,5.739730000000001
1.75439,0.0,15.57072,0.0,0.0441,0.0,4.261210000000001,0.0,0.80952,0.0,0.16345000000000007,0.0,2.6487799999999995,0.0,5.671560000000001,0,0,0.0,13.554520000000002,0.0,13.598620000000002,0.0,0.1537,0,0,0,0,0.0,0.1537,0.0,0.03397999999999997,0.0,0.9118500000000006,0.0,0.6423500000000001,0.0,0.23015000000000005,0.0,1.7843500000000008,0,0,0.0,1.8183300000000007
1.80451,0.0,1.69601,0.0,0.0041199999999999995,0.0,0.4931300000000001,0.0,0.08611000000000002,0.0,0.00877,0.0,0.23750000000000004,0.0,0.6581799999999998,0,0,0.0,1.48369,0.0,1.4878099999999999,0.0,0.015729999999999994,0,0,0,0,0.0,0.015729999999999994,0.0,0.002780000000000001,0.0,0.09904,0.0,0.06625,0.0,0.023809999999999987,0.0,0.1891,0,0,0.0,0.19188
1.85464,0.0,0.39798,0.0,0.0018200000000000007,0.0,0.027029999999999995,0.0,0.060390000000000006,0.0,0.020179999999999997,0.0,0.1472900000000001,0.0,0.02014,0,0,0.0,0.2750300000000001,0.0,0.2768500000000001,0.0,0.007169999999999992,0,0,0,0,0.0,0.007169999999999992,0.0,0.006119999999999999,0.0,0.047269999999999986,0.0,0.03957999999999998,0.0,0.020479999999999998,0.0,0.10732999999999997,0,0,0.0,0.11344999999999997
1.90476,0.0,8.12029,0.0,0.0393,0.0,0.37774000000000013,0.0,1.39452,0.0,0.4333199999999999,0.0,3.0945600000000004,0.0,0.17604000000000009,0,0,0.0,5.47618,0.0,5.51548,0.0,0.15361000000000008,0,0,0,0,0.0,0.15361000000000008,0.0,0.13935999999999998,0.0,0.9970999999999998,0.0,0.8666799999999999,0.0,0.44807000000000025,0.0,2.3118499999999997,0,0,0.0,2.4512099999999997
1.95489,0.0,37.69003,0.0,0.18684999999999996,0.0,1.6861100000000002,0.0,8.352110000000001,0.0,1.71063,0.0,12.368289999999998,0.0,1.3105500000000003,0,0,0.0,25.427690000000002,0.0,25.61454,0.0,0.6951500000000002,0,0,0,0,0.0,0.6951500000000002,0.0,0.6776099999999998,0.0,4.304049999999998,0.0,4.3155300000000025,0.0,2.0829899999999997,0.0,10.702570000000001,0,0,0.0,11.380180000000001
2.00501,0.0,61.8979,0.0,0.31598999999999994,0.0,2.7096800000000005,0.0,19.79895,0.0,1.776879999999999,0.0,13.632309999999997,0.0,3.8670500000000008,0,0,0.0,41.78487,0.0,42.10086,0.0,1.0789300000000004,0,0,0,0,0.0,1.0789300000000004,0.0,1.2187100000000004,0.0,6.088569999999999,0.0,7.988100000000002,0.0,3.4226499999999995,0.0,17.49932,0,0,0.0,18.718030000000002
2.05514,0.0,66.41831,0.0,0.32713000000000014,0.0,4.85168,0.0,17.27864,0.0,1.7126099999999997,0.0,16.617669999999993,0.0,4.417620000000002,0,0,0.0,44.87821999999999,0.0,45.205349999999996,0.0,1.17156,0,0,0,0,0.0,1.17156,0.0,1.3556,0.0,7.538240000000003,0.0,7.448139999999999,0.0,3.69943,0.0,18.68581,0,0,0.0,20.041410000000003
2.10526,0.0,64.72629,0.0,0.32817,0.0,7.986020000000003,0.0,7.103619999999999,0.0,1.7531900000000002,0.0,23.139960000000002,0.0,3.9355399999999996,0,0,0.0,43.918330000000005,0.0,44.246500000000005,0.0,1.1805000000000012,0,0,0,0,0.0,1.1805000000000012,0.0,1.3625099999999997,0.0,9.316789999999996,0.0,4.90675,0.0,3.713220000000001,0.0,17.936759999999996,0,0,0.0,19.299269999999996
2.15539,0.0,42.34499,0.0,0.22687999999999992,0.0,4.03601,0.0,4.990700000000002,0.0,1.1530100000000003,0.0,15.79577,0.0,2.21673,0,0,0.0,28.192220000000002,0.0,28.4191,0.0,0.7893500000000001,0,0,0,0,0.0,0.7893500000000001,0.0,0.88355,0.0,6.542839999999996,0.0,3.3396499999999993,0.0,2.370490000000001,0.0,12.252979999999997,0,0,0.0,13.136529999999997
2.20551,0.0,15.78777,0.0,0.08649,0.0,0.5889999999999997,0.0,2.7985100000000007,0.0,0.48448,0.0,5.73662,0.0,0.6125699999999997,0,0,0.0,10.22118,0.0,10.30767,0.0,0.30631999999999976,0,0,0,0,0.0,0.30631999999999976,0.0,0.3160299999999999,0.0,2.501609999999999,0.0,1.518670000000001,0.0,0.8374499999999998,0.0,4.85773,0,0,0.0,5.17376
2.25564,0.0,1.85572,0.0,0.010110000000000001,0.0,0.03758,0.0,0.36319000000000007,0.0,0.05894000000000001,0.0,0.6674199999999997,0.0,0.06460999999999999,0,0,0.0,1.1917399999999998,0.0,1.2018499999999999,0.0,0.03628,0,0,0,0,0.0,0.03628,0.0,0.03657000000000001,0.0,0.29550000000000015,0.0,0.18839000000000006,0.0,0.09663000000000002,0.0,0.5805200000000003,0,0,0.0,0.6170900000000002
2.30576,0.0,0.04159,0.0,0.00022,0.0,0.00074,0.0,0.008269999999999998,0.0,0.0013,0.0,0.014890000000000002,0.0,0.0014200000000000005,0,0,0.0,0.02662,0.0,0.02684,0.0,0.0007700000000000002,0,0,0,0,0.0,0.0007700000000000002,0.0,0.0007800000000000002,0.0,0.006559999999999996,0.0,0.0041800000000000006,0.0,0.00211,0.0,0.012849999999999997,0,0,0.0,0.013629999999999996
2.35589,0.0,0.00015,0.0,0.0,0.0,0.0,0.0,3.0000000000000004e-05,0.0,0.0,0.0,5e-05,0.0,0.0,0,0,0.0,8e-05,0.0,8e-05,0.0,0.0,0,0,0,0,0.0,0.0,0.0,0.0,0.0,1e-05,0.0,1e-05,0.0,0.0,0.0,2e-05,0,0,0.0,2e-05
2.40602,0.0,0.0,0.0,0.0,0.0,0.0,0.0,0.0,0.0,0.0,0.0,0.0,0.0,0.0,0,0,0.0,0.0,0.0,0.0,0.0,0.0,0,0,0,0,0.0,0.0,0.0,0.0,0.0,0.0,0.0,0.0,0.0,0.0,0.0,0.0,0,0,0.0,0.0
2.45614,0.0,0.0,0.0,0.0,0.0,0.0,0.0,0.0,0.0,0.0,0.0,0.0,0.0,0.0,0,0,0.0,0.0,0.0,0.0,0.0,0.0,0,0,0,0,0.0,0.0,0.0,0.0,0.0,0.0,0.0,0.0,0.0,0.0,0.0,0.0,0,0,0.0,0.0
2.50627,0.0,0.00131,0.0,0.0,0.0,2e-05,0.0,0.0005200000000000001,0.0,0.0,0.0,0.00031,0.0,4e-05,0,0,0.0,0.0008900000000000001,0.0,0.0008900000000000001,0.0,0.0,0,0,0,0,0.0,0.0,0.0,2e-05,0.0,0.0001,0.0,0.00014000000000000001,0.0,5e-05,0.0,0.00029,0,0,0.0,0.00031
2.55639,0.0,0.17789,0.0,0.0014400000000000003,0.0,0.005819999999999999,0.0,0.07232999999999998,0.0,0.0006200000000000001,0.0,0.04327,0.0,0.0052,0,0,0.0,0.12724,0.0,0.12868,0.0,0.003980000000000002,0,0,0,0,0.0,0.003980000000000002,0.0,0.0038200000000000005,0.0,0.01407,0.0,0.019589999999999996,0.0,0.00731,0.0,0.04096999999999999,0,0,0.0,0.044789999999999996
2.60652,0.0,4.06292,0.0,0.03205999999999999,0.0,0.13374999999999998,0.0,1.65589,0.0,0.014169999999999995,0.0,0.9870699999999996,0.0,0.11989999999999998,0,0,0.0,2.9107799999999995,0.0,2.9428399999999995,0.0,0.08907000000000004,0,0,0,0,0.0,0.08907000000000004,0.0,0.08786999999999998,0.0,0.32388000000000006,0.0,0.4511400000000001,0.0,0.16775,0.0,0.9427700000000001,0,0,0.0,1.0306400000000002
2.65664,0.0,17.67067,0.0,0.13578999999999997,0.0,0.5803800000000001,0.0,7.2487699999999995,0.0,0.06060000000000001,0.0,4.249129999999999,0.0,0.52522,0,0,0.0,12.6641,0.0,12.79989,0.0,0.37315000000000004,0,0,0,0,0.0,0.37315000000000004,0.0,0.3788100000000001,0.0,1.41426,0.0,1.9772199999999998,0.0,0.72718,0.0,4.11866,0,0,0.0,4.49747
2.70677,0.0,18.65981,0.0,0.15778999999999999,0.0,0.5658000000000002,0.0,8.228290000000001,0.0,0.07356,0.0,3.87849,0.0,0.5495399999999999,0,0,0.0,13.29568,0.0,13.453470000000001,0.0,0.42099999999999993,0,0,0,0,0.0,0.42099999999999993,0.0,0.41167000000000015,0.0,1.4919100000000005,0.0,2.1481900000000014,0.0,0.73353,0.0,4.373630000000002,0,0,0.0,4.785300000000002
2.75689,0.00062,12.91289,0.00013000000000000002,0.15831,0.0,0.26818000000000003,0.0,7.110329999999999,0.0,0.07969000000000001,0.0,1.1658800000000002,0.0,0.35627000000000003,0,0,0.0,8.98035,0.00013000000000000002,9.13866,0.00025,0.4055400000000002,0,0,0,0,0.00025,0.4055400000000002,0.0,0.3262099999999999,0.0,1.01288,0.0,1.6064800000000004,0.0,0.42313,0.0,3.0424900000000004,0,0,0.0,3.3687000000000005
2.80702,0.07695,5.79544,0.01679,0.07848,0.0,0.10262999999999999,0.0,3.3930700000000007,0.0,0.04000000000000001,0.0,0.30613999999999997,0.0,0.15630000000000005,0,0,0.0,3.9981400000000007,0.01679,4.076620000000001,0.04673000000000002,0.19977999999999999,0,0,0,0,0.04673000000000002,0.19977999999999999,0.006499999999999999,0.15266000000000002,0.00022,0.45117000000000007,0.0006900000000000006,0.7372099999999995,0.005729999999999995,0.17772000000000013,0.006639999999999995,1.3660999999999996,0,0,0.013139999999999994,1.5187599999999997
2.85714,1.51592,0.94458,0.33022999999999986,0.013019999999999999,0.0004600000000000001,0.029099999999999994,0.00017,0.5079599999999999,0.0005700000000000005,0.007209999999999999,0.00030000000000000014,0.07092000000000001,0.00034000000000000013,0.04420000000000002,0,0,0.001840000000000001,0.6593899999999999,0.33206999999999987,0.6724099999999998,0.9205500000000001,0.03615,0,0,0,0,0.9205500000000001,0.03615,0.12829999999999997,0.02623999999999998,0.007439999999999997,0.06317000000000002,0.01576,0.11804000000000003,0.11168000000000003,0.028279999999999982,0.13488000000000003,0.20949000000000004,0,0,0.26317999999999997,0.23573000000000002
2.90727,5.62268,7.87402,1.2126700000000004,0.13803,0.0016800000000000005,0.3891700000000002,0.0005700000000000001,3.581730000000001,0.002120000000000001,0.06803000000000002,0.0011100000000000005,0.86442,0.0015000000000000005,0.5867099999999998,0,0,0.006980000000000003,5.4900600000000015,1.2196500000000003,5.628090000000001,3.421590000000001,0.4255500000000003,0,0,0,0,3.421590000000001,0.4255500000000003,0.47417999999999993,0.24090999999999993,0.028200000000000024,0.3957100000000002,0.061450000000000005,0.9429999999999997,0.41747999999999974,0.24093999999999993,0.5071299999999997,1.5796499999999998,0,0,0.9813099999999997,1.8205599999999997
2.95739,7.4262,31.1238,1.5219799999999999,0.8645100000000003,0.002270000000000001,1.4565400000000002,0.0009300000000000004,13.38729,0.0028800000000000015,0.25622,0.0015200000000000007,3.2348899999999983,0.0020300000000000006,2.189049999999999,0,0,0.009630000000000005,20.523989999999998,1.53161,21.388499999999997,4.5639699999999985,2.6136700000000013,0,0,0,0,4.5639699999999985,2.6136700000000013,0.6157599999999999,1.0310800000000002,0.04533,1.49209,0.09787999999999998,3.5512499999999996,0.57149,1.0472000000000001,0.7147,6.09054,0,0,1.33046,7.12162
3.00752,8.50575,30.91307,1.6709300000000002,1.5983200000000002,0.0025400000000000015,1.2872000000000001,0.001180000000000001,11.399130000000001,0.003420000000000002,0.23221000000000008,0.0017300000000000006,2.8112099999999995,0.002330000000000001,1.9008000000000003,0,0,0.011200000000000005,17.630550000000003,1.6821300000000003,19.22887,5.261819999999997,4.84236,0,0,0,0,5.261819999999997,4.84236,0.6955700000000005,1.2169700000000006,0.08710999999999999,1.3067799999999996,0.10954000000000007,3.0705399999999976,0.6696199999999995,1.2475900000000004,0.8662699999999997,5.624909999999998,0,0,1.5618400000000001,6.841879999999998
3.05764,5.62696,27.94688,1.0989,1.8316700000000004,0.0015100000000000007,1.1771399999999999,0.0007600000000000007,8.851120000000003,0.002310000000000001,0.20573,0.0011100000000000007,2.3655000000000004,0.0015700000000000009,1.6509899999999997,0,0,0.007260000000000004,14.250480000000003,1.10616,16.082150000000002,3.479179999999998,5.89149,0,0,0,0,3.479179999999998,5.89149,0.45923,1.2197100000000005,0.08166999999999999,1.09,0.05884999999999998,2.4177400000000002,0.4419700000000001,1.2457600000000002,0.5824900000000001,4.753500000000001,0,0,1.04172,5.973210000000001
3.10777,1.25961,24.32949,0.23967000000000002,1.65265,0.0002900000000000001,1.0087900000000003,6.000000000000001e-05,7.388329999999998,0.0005100000000000005,0.16909000000000002,0.00018,1.9925599999999994,0.0003300000000000002,1.40972,0,0,0.0013700000000000008,11.968489999999997,0.24104000000000003,13.621139999999999,0.7815600000000004,5.50436,0,0,0,0,0.7815600000000004,5.50436,0.10174,1.08342,0.02029,0.9553499999999998,0.013939999999999987,2.03312,0.10070000000000004,1.132,0.13493000000000002,4.120469999999999,0,0,0.23667000000000002,5.2038899999999995
3.15789,2.56602,6.74287,0.3932599999999999,0.6018,0.0008800000000000006,0.22729000000000002,0.0003600000000000001,1.6541799999999998,0.0010600000000000008,0.03829000000000001,0.0009100000000000007,0.4479499999999999,0.0008000000000000004,0.31793,0,0,0.004010000000000002,2.68564,0.3972699999999999,3.2874399999999997,1.6424999999999985,2.0394799999999997,0,0,0,0,1.6424999999999985,2.0394799999999997,0.19255999999999998,0.3406100000000001,0.0417,0.23590000000000003,0.05900999999999997,0.4695,0.2328,0.3698,0.33351,1.0752,0,0,0.5260699999999999,1.41581
3.20802,10.41994,2.94765,1.5475700000000006,0.35168000000000005,0.0034300000000000008,0.15443000000000007,0.001880000000000001,0.17756000000000002,0.004280000000000002,0.014709999999999997,0.0033000000000000013,0.12858000000000006,0.0034500000000000012,0.11856,0,0,0.016340000000000007,0.5938400000000001,1.5639100000000006,0.9455200000000001,6.712379999999999,1.4750500000000002,0,0,0,0,6.712379999999999,1.4750500000000002,0.78655,0.17526000000000003,0.15457999999999994,0.04919999999999999,0.26255,0.07836,0.9398700000000006,0.2241500000000001,1.3570000000000007,0.3517100000000001,0,0,2.1435500000000007,0.5269700000000002
3.25815,14.41754,16.08544,2.0572500000000007,1.44951,0.004410000000000001,1.9655999999999998,0.0029800000000000013,1.1749700000000003,0.005949999999999999,0.13554,0.0039400000000000025,1.2524600000000001,0.005049999999999999,1.4981599999999997,0,0,0.022330000000000003,6.02673,2.079580000000001,7.47624,9.357040000000003,6.36294,0,0,0,0,9.357040000000003,6.36294,1.0902699999999994,0.7325900000000001,0.21706999999999999,0.22492000000000006,0.37231,0.33922,1.3012600000000005,0.9495800000000001,1.8906400000000005,1.5137200000000002,0,0,2.9809099999999997,2.2463100000000003
3.30827,10.15623,42.58048,1.3575300000000003,2.30544,0.00301,8.635600000000002,0.0024000000000000024,4.99758,0.00431,0.54593,0.002520000000000002,5.172129999999998,0.003420000000000001,6.67818,0,0,0.015660000000000004,26.029420000000002,1.3731900000000004,28.33486,6.6452199999999975,10.065980000000001,0,0,0,0,6.6452199999999975,10.065980000000001,0.75021,1.16905,0.23276000000000013,0.6373899999999998,0.20489000000000007,0.8551200000000007,0.9498499999999994,1.5181000000000002,1.3874999999999997,3.0106100000000007,0,0,2.1377099999999998,4.17966
3.3584,9.98642,67.75528,1.2872599999999994,1.9657700000000005,0.003090000000000001,17.35654,0.002560000000000002,10.065639999999998,0.004260000000000002,1.2289999999999999,0.0026400000000000013,10.39726,0.0036400000000000013,13.523400000000002,0,0,0.016190000000000006,52.57184,1.3034499999999993,54.53761,6.52554,8.484539999999997,0,0,0,0,6.52554,8.484539999999997,0.6984600000000004,1.0032099999999997,0.2583599999999999,1.1058600000000007,0.20335000000000003,1.2604200000000003,0.9973399999999998,1.3635000000000002,1.4590499999999997,3.729780000000001,0,0,2.1575100000000003,4.732990000000001
3.40852,15.3148,92.47811,1.9764300000000004,2.16587,0.004740000000000002,24.47848,0.0037800000000000025,13.863099999999998,0.005410000000000001,2.3108700000000004,0.0029400000000000016,14.864199999999997,0.006470000000000001,18.414650000000005,0,0,0.023340000000000007,73.93130000000001,1.9997700000000003,76.09717,9.927909999999995,10.272469999999998,0,0,0,0,9.927909999999995,10.272469999999998,0.9443600000000001,1.1446500000000002,0.24622000000000005,1.48057,0.39076,1.6031799999999996,1.8056399999999992,1.8800700000000006,2.4426199999999993,4.96382,0,0,3.3869799999999994,6.1084700000000005
3.45865,16.21871,112.85217,2.21643,2.891789999999999,0.005870000000000002,31.11515,0.002890000000000002,14.279049999999998,0.0038100000000000026,3.3803200000000007,0.002740000000000002,18.49118,0.00645,20.51923,0,0,0.02176000000000001,87.78493,2.23819,90.67672,10.342930000000003,14.24325,0,0,0,0,10.342930000000003,14.24325,0.8750699999999999,1.4631299999999998,0.19681999999999994,1.8138499999999997,0.37118000000000007,1.8023799999999994,2.1945599999999996,2.8528399999999983,2.7625599999999997,6.469069999999998,0,0,3.6376299999999997,7.932199999999997
3.50877,9.95852,122.90345,1.3445899999999997,2.4301499999999994,0.00529,37.4713,0.0012500000000000013,12.976359999999998,0.002060000000000001,4.06042,0.002570000000000001,22.989389999999997,0.003410000000000002,22.369619999999998,0,0,0.014580000000000006,99.86708999999999,1.3591699999999998,102.29723999999999,6.34177,12.832950000000006,0,0,0,0,6.34177,12.832950000000006,0.51588,1.3215800000000002,0.14721000000000006,2.0470500000000005,0.20323000000000002,1.7800799999999997,1.391229999999999,2.62452,1.7416699999999992,6.45165,0,0,2.2575499999999993,7.77323
3.5589,12.31318,121.25882,1.0980899999999998,2.3955800000000007,0.006520000000000002,37.23494999999999,0.0033000000000000017,11.037849999999999,0.0045899999999999995,3.795559999999998,0.003890000000000002,23.230310000000003,0.008010000000000001,19.359119999999997,0,0,0.026310000000000007,94.65778999999999,1.1243999999999998,97.05336999999999,8.285829999999997,15.77155,0,0,0,0,8.285829999999997,15.77155,0.66731,1.5731499999999996,0.27516999999999986,2.0362199999999993,0.3088100000000001,1.76259,1.6515600000000006,3.0618499999999993,2.2355400000000003,6.860659999999998,0,0,2.9028500000000004,8.433809999999998
3.60902,25.85375,107.11504,2.1133,2.7688800000000007,0.01329,33.15625,0.008720000000000002,8.370480000000002,0.01002,2.81934,0.007709999999999999,18.74497,0.02039,11.902779999999998,0,0,0.060129999999999996,74.99382,2.17343,77.7627,17.524150000000002,20.227460000000004,0,0,0,0,17.524150000000002,20.227460000000004,1.3648200000000001,1.9506300000000008,0.54289,1.7773399999999997,0.6926500000000001,1.6320100000000002,3.5558300000000003,3.7648400000000013,4.791370000000001,7.174190000000001,0,0,6.1561900000000005,9.124820000000001
3.65915,29.69872,92.50118,2.552870000000001,2.3371899999999997,0.017660000000000006,28.293529999999997,0.010399999999999998,7.223480000000001,0.010910000000000003,2.33553,0.009689999999999999,15.701200000000002,0.022220000000000004,9.875750000000004,0,0,0.07088000000000001,63.42949,2.6237500000000007,65.76668000000001,20.00401,18.628580000000007,0,0,0,0,20.00401,18.628580000000007,1.5631500000000007,1.7920500000000001,0.6447900000000002,1.5928000000000002,0.7896100000000004,1.3977900000000003,4.07325,3.3231900000000008,5.50765,6.313780000000001,0,0,7.070800000000001,8.105830000000001
3.70927,25.85312,82.30281,2.3677399999999995,1.2451899999999998,0.019139999999999997,26.482670000000002,0.00899,7.504169999999998,0.008850000000000002,2.3248800000000003,0.01022,14.420149999999998,0.01711,13.065710000000001,0,0,0.06431,63.797579999999996,2.4320499999999994,65.04277,17.288390000000003,11.683209999999999,0,0,0,0,17.288390000000003,11.683209999999999,1.3854599999999995,1.1310100000000003,0.5639600000000001,1.33964,0.6933999999999998,1.0900700000000003,3.4896399999999987,2.01612,4.746999999999999,4.44583,0,0,6.132459999999998,5.576840000000001
3.7594,17.47658,93.53813,1.4430700000000005,0.7491800000000001,0.013270000000000004,35.62669,0.00637,9.25698,0.006540000000000002,2.7585900000000003,0.00889,15.828139999999998,0.01043,19.739039999999996,0,0,0.045500000000000006,83.20944,1.4885700000000006,83.95862,11.831859999999997,5.833679999999999,0,0,0,0,11.831859999999997,5.833679999999999,0.97661,0.6296900000000001,0.35031000000000007,1.13915,0.5574299999999998,0.9337499999999997,2.2717299999999994,1.0433400000000002,3.1794699999999994,3.11624,0,0,4.156079999999999,3.74593
3.80952,9.63988,99.58363,0.65073,1.1277300000000003,0.0073999999999999995,39.37619,0.0035800000000000016,9.19844,0.003880000000000003,2.7889300000000006,0.00559,14.99896,0.005350000000000002,22.75761,0,0,0.025800000000000007,89.12013,0.6765300000000001,90.24786,6.642850000000004,5.7529900000000005,0,0,0,0,6.642850000000004,5.7529900000000005,0.5427399999999999,0.6644000000000002,0.1984100000000001,0.9931099999999997,0.34631000000000006,0.8570799999999998,1.2331200000000004,1.06826,1.7778400000000005,2.9184499999999995,0,0,2.3205800000000005,3.5828499999999996
3.85965,7.3341,91.5678,0.41792000000000024,1.4998099999999999,0.007690000000000001,36.38997,0.002050000000000002,7.425969999999998,0.0023900000000000024,2.2625699999999993,0.0040900000000000025,12.451999999999998,0.004120000000000001,20.957899999999995,0,0,0.020340000000000007,79.48840999999999,0.43826000000000026,80.98821999999998,5.067700000000001,6.995599999999998,0,0,0,0,5.067700000000001,6.995599999999998,0.3512499999999999,0.8185799999999996,0.18453,0.8049299999999997,0.24576000000000012,0.7852699999999995,1.04658,1.1750900000000006,1.4768700000000001,2.76529,0,0,1.8281200000000002,3.5838699999999992
3.90977,9.21767,58.80037,0.6663500000000002,2.0702600000000007,0.008000000000000002,19.211040000000004,0.0023500000000000014,4.723750000000002,0.003480000000000003,1.1676699999999998,0.005059999999999999,6.839099999999999,0.004769999999999999,10.961730000000001,0,0,0.023660000000000004,42.903290000000005,0.6900100000000002,44.97355,6.250389999999997,9.858620000000002,0,0,0,0,6.250389999999997,9.858620000000002,0.45965999999999974,1.1634900000000001,0.27001,0.5888100000000003,0.2898100000000002,0.7638400000000001,1.2578299999999998,1.4520900000000005,1.81765,2.8047400000000007,0,0,2.2773099999999995,3.968230000000001
3.9599,10.87051,34.2786,0.8871000000000001,2.6380099999999995,0.007800000000000002,3.8611100000000005,0.0035300000000000028,3.33455,0.0042400000000000024,0.36684,0.005290000000000001,3.09767,0.00582,2.695349999999999,0,0,0.02668000000000001,13.35552,0.9137800000000001,15.99353,7.302940000000004,13.395219999999995,0,0,0,0,7.302940000000004,13.395219999999995,0.5716199999999999,1.5775200000000003,0.2890499999999999,0.5985699999999996,0.33382,0.8630599999999997,1.4593099999999997,1.8509199999999983,2.0821799999999997,3.3125499999999977,0,0,2.6537999999999995,4.890069999999998
4.01003,14.92665,32.45916,1.2917499999999997,2.599710000000001,0.00766,1.54302,0.0067700000000000034,3.6853199999999986,0.005900000000000002,0.2789999999999999,0.005420000000000001,3.1840900000000008,0.009470000000000004,1.43975,0,0,0.03522000000000001,10.131179999999999,1.3269699999999998,12.73089,10.001579999999999,14.420560000000002,0,0,0,0,10.001579999999999,14.420560000000002,0.8217099999999998,1.7098499999999999,0.34354999999999986,0.7373900000000001,0.5114599999999998,0.9003199999999995,1.9215400000000005,1.9601499999999996,2.7765500000000003,3.597859999999999,0,0,3.59826,5.307709999999999
4.06015,18.37576,35.36146,1.6430100000000005,2.32285,0.008039999999999999,1.8160600000000002,0.007700000000000001,5.340639999999999,0.006820000000000004,0.37889000000000006,0.006570000000000001,4.60178,0.012349999999999998,1.67416,0,0,0.04148,13.81153,1.6844900000000005,16.13438,12.296029999999995,13.76533,0,0,0,0,12.296029999999995,13.76533,1.0271299999999999,1.7490999999999994,0.3995100000000001,0.9078400000000005,0.6845400000000001,1.0160700000000003,2.28405,1.7887699999999997,3.3681000000000005,3.7126800000000006,0,0,4.395230000000001,5.46178
4.11028,20.08268,50.69351,1.61548,2.463469999999999,0.012650000000000005,3.1995599999999995,0.0064399999999999995,10.8009,0.0061400000000000005,0.67803,0.007749999999999998,8.455689999999999,0.012330000000000004,3.1386399999999997,0,0,0.04531000000000001,26.27282,1.66079,28.736289999999997,13.59711,15.073870000000003,0,0,0,0,13.59711,15.073870000000003,1.0952099999999998,2.263539999999998,0.49077999999999977,1.3840400000000004,0.6630900000000001,1.5254099999999995,2.5757399999999997,1.7103,3.7296099999999996,4.61975,0,0,4.824819999999999,6.883289999999998
4.1604,23.30377,61.49434,1.7750100000000004,2.6356200000000003,0.015500000000000007,4.637749999999999,0.007949999999999997,13.926379999999998,0.007940000000000001,0.87937,0.008340000000000002,11.67268,0.013480000000000002,3.9086500000000015,0,0,0.05321000000000001,35.02483,1.8282200000000004,37.66045,15.824340000000003,15.895719999999999,0,0,0,0,15.824340000000003,15.895719999999999,1.24352,2.6233499999999994,0.6157600000000001,1.71881,0.7586000000000002,1.9201300000000001,3.0332699999999995,1.67585,4.407629999999999,5.31479,0,0,5.6511499999999995,7.93814
4.21053,21.42197,69.61207,1.6417000000000004,2.706880000000001,0.01136,5.343300000000001,0.00903,16.54012,0.008709999999999997,1.04383,0.006850000000000004,13.993959999999998,0.016140000000000005,4.468979999999999,0,0,0.052090000000000004,41.39019,1.6937900000000004,44.09707,14.475499999999998,16.57371,0,0,0,0,14.475499999999998,16.57371,1.10872,2.841250000000001,0.5842299999999999,2.06258,0.7583699999999998,2.31627,2.801410000000002,1.72113,4.1440100000000015,6.09998,0,0,5.2527300000000015,8.941230000000001
4.26065,15.92549,76.72237,1.4238300000000006,2.4657099999999987,0.009670000000000003,5.491090000000001,0.005780000000000002,22.31133,0.006169999999999999,1.2347100000000002,0.006350000000000001,14.861920000000003,0.01211,5.80519,0,0,0.040080000000000005,49.704240000000006,1.4639100000000007,52.16995000000001,10.551939999999995,15.304829999999994,0,0,0,0,10.551939999999995,15.304829999999994,0.80395,2.95389,0.49907,2.202119999999999,0.5799099999999999,2.4453700000000005,2.02685,1.6462699999999997,3.10583,6.293759999999999,0,0,3.90978,9.247649999999998
4.31078,19.99805,86.4496,2.2554799999999995,2.351069999999999,0.01126,6.16937,0.0059099999999999995,29.39243,0.00856,1.4432099999999992,0.008160000000000002,16.172799999999995,0.012090000000000004,7.307010000000003,0,0,0.04598000000000001,60.48482,2.3014599999999996,62.83589,12.786860000000004,13.971239999999996,0,0,0,0,12.786860000000004,13.971239999999996,0.9891799999999997,3.152660000000001,0.6671900000000001,2.23958,0.8981599999999997,2.2892199999999976,2.3551099999999994,1.9611300000000007,3.9204599999999994,6.489929999999998,0,0,4.909639999999999,9.642589999999998
4.3609,31.55263,113.14122,3.6212800000000005,2.7068999999999988,0.01651,9.616840000000002,0.011979999999999998,36.03609999999999,0.013450000000000005,1.9932100000000006,0.010240000000000004,25.350040000000007,0.02007,8.7801,0,0,0.07225000000000001,81.77629,3.6935300000000004,84.48319,20.124859999999998,16.044269999999997,0,0,0,0,20.124859999999998,16.044269999999997,1.5582700000000016,3.8576700000000006,1.0556699999999999,2.9352799999999992,1.46109,2.8399399999999977,3.6592899999999986,2.9808600000000003,6.176049999999998,8.756079999999997,0,0,7.73432,12.613749999999998
4.41103,24.59271,120.83192,2.5752299999999995,2.93541,0.014850000000000002,11.791659999999998,0.01029,34.28015,0.00988,2.16613,0.008730000000000002,31.948949999999996,0.014870000000000001,8.52922,0,0,0.058620000000000005,88.71611,2.6338499999999994,91.65151999999999,15.934669999999999,15.198990000000002,0,0,0,0,15.934669999999999,15.198990000000002,1.2362099999999998,3.691639999999999,0.8209199999999999,3.283529999999999,1.0632000000000001,3.381819999999999,2.90384,3.6243800000000004,4.78796,10.289729999999999,0,0,6.02417,13.981369999999998
4.46115,11.23835,120.9874,0.8111400000000003,3.9142399999999995,0.008640000000000005,11.431720000000006,0.004520000000000001,33.29646,0.003930000000000004,2.1827199999999998,0.004900000000000002,32.09078000000001,0.007220000000000002,8.535720000000003,0,0,0.029210000000000014,87.53740000000002,0.8403500000000003,91.45164000000003,7.614930000000001,14.84237,0,0,0,0,7.614930000000001,14.84237,0.5849399999999999,3.3293099999999995,0.35137000000000007,3.6668,0.40238999999999997,3.9521799999999985,1.4443199999999998,3.7451300000000005,2.19808,11.364109999999998,0,0,2.7830199999999996,14.693419999999998
4.51128,14.59885,144.26692,0.7440500000000001,3.9838299999999998,0.012550000000000004,12.66234,0.006140000000000004,43.12083,0.004280000000000003,2.8381700000000003,0.006880000000000001,37.92501000000001,0.010110000000000001,11.27611,0,0,0.03996000000000001,107.82246,0.7840100000000001,111.80629,10.151049999999993,14.691030000000012,0,0,0,0,10.151049999999993,14.691030000000012,0.7746000000000003,3.3343799999999995,0.4604899999999998,5.094210000000002,0.49255000000000015,5.54627,1.9361099999999998,3.7946600000000026,2.88915,14.435140000000004,0,0,3.66375,17.769520000000004
4.5614,22.88366,175.46257,1.7491700000000001,2.59962,0.01742,15.265789999999999,0.010150000000000003,57.517970000000005,0.0074,3.5006900000000005,0.011160000000000005,47.39446999999999,0.015570000000000004,15.25692,0,0,0.06170000000000001,138.93583999999998,1.8108700000000002,141.53546,15.370970000000007,12.335880000000005,0,0,0,0,15.370970000000007,12.335880000000005,1.1841400000000002,3.1473500000000016,0.7942000000000005,6.805360000000005,0.8416199999999999,7.863769999999999,2.8818400000000017,3.7747899999999994,4.517660000000002,18.443920000000002,0,0,5.701800000000002,21.591270000000005
4.61153,27.49058,188.97265,2.6869900000000015,1.8909000000000002,0.016900000000000005,17.13780000000001,0.013349999999999996,64.30917,0.00984,3.28504,0.011899999999999997,48.623569999999994,0.020139999999999998,18.710079999999998,0,0,0.07213,152.06566,2.7591200000000016,153.95656,17.92161,10.948739999999997,0,0,0,0,17.92161,10.948739999999997,1.3863200000000007,2.6089099999999985,1.0018799999999999,7.79903,1.0627199999999997,9.928900000000006,3.3589499999999997,3.7304800000000022,5.423549999999999,21.458410000000008,0,0,6.80987,24.067320000000006
4.66165,28.66866,192.70767,2.9917,1.6945300000000005,0.016390000000000002,21.68900000000001,0.012949999999999998,60.79281000000001,0.010970000000000002,2.61135,0.011360000000000002,48.92115999999999,0.018789999999999998,19.37984,0,0,0.07046,153.39416000000003,3.06216,155.08869,18.511440000000004,12.259069999999994,0,0,0,0,18.511440000000004,12.259069999999994,1.4276599999999995,2.2701100000000007,1.0510100000000002,9.083110000000001,1.1677199999999994,10.025839999999997,3.4488099999999986,3.9808999999999997,5.667539999999998,23.08985,0,0,7.0951999999999975,25.359959999999997
4.71178,20.37225,212.77935,1.9564599999999999,1.7158999999999993,0.011970000000000001,27.419199999999996,0.00755,61.406140000000015,0.00809,2.5119400000000005,0.00818,59.411530000000006,0.012889999999999997,19.001569999999997,0,0,0.04868,169.75038,2.00514,171.46628,13.288539999999994,13.381020000000007,0,0,0,0,13.288539999999994,13.381020000000007,1.0029700000000001,2.2789099999999998,0.71748,11.146620000000004,0.8946200000000001,10.24319,2.46357,4.2633300000000025,4.07567,25.653140000000008,0,0,5.07864,27.932050000000007
4.7619,18.7176,207.42601,1.3219699999999996,1.8312899999999994,0.012450000000000001,27.241799999999994,0.005679999999999999,56.12715,0.006119999999999999,2.33784,0.00771,62.015439999999984,0.016810000000000002,17.087429999999998,0,0,0.04877,164.80965999999998,1.3707399999999996,166.64094999999998,12.608560000000002,13.401960000000006,0,0,0,0,12.608560000000002,13.401960000000006,0.8982099999999998,2.1217099999999998,0.6005400000000001,11.14082,0.8416899999999998,9.88189,2.3978699999999997,4.238709999999999,3.8400999999999996,25.26142,0,0,4.738309999999999,27.383129999999998
4.81203,26.9032,144.62959,2.3245500000000003,2.39476,0.017920000000000002,19.72746,0.009070000000000003,32.47126999999999,0.00635,1.4324700000000001,0.008400000000000001,44.26987000000001,0.02365,10.444090000000001,0,0,0.06539,108.34516,2.38994,110.73992,17.717039999999997,13.552610000000001,0,0,0,0,17.717039999999997,13.552610000000001,1.2153200000000002,1.5871699999999995,0.9687499999999998,8.223269999999998,1.1987199999999996,6.461050000000001,3.4136800000000003,4.0657,5.581149999999999,18.75002,0,0,6.796469999999999,20.33719
4.86216,45.13801,85.30956,5.2799,5.1803099999999995,0.027730000000000008,10.04393,0.016020000000000003,12.281069999999998,0.010960000000000006,0.5552199999999999,0.012579999999999997,19.686989999999994,0.03058,4.75099,0,0,0.09787000000000001,47.31819999999999,5.37777,52.49850999999999,28.43006000000002,18.06341,0,0,0,0,28.43006000000002,18.06341,2.0000999999999998,1.3647600000000004,1.8492799999999994,4.825519999999999,2.0397199999999995,3.7189200000000007,5.441009999999999,4.838339999999999,9.330009999999998,13.382779999999999,0,0,11.330109999999998,14.747539999999999
4.91228,50.82582,68.25477,6.957400000000001,7.932260000000001,0.028159999999999998,5.7596300000000005,0.015530000000000002,5.751960000000001,0.012920000000000001,0.27227999999999997,0.015350000000000004,8.912600000000003,0.02572000000000001,2.6992300000000005,0,0,0.09768000000000002,23.395700000000005,7.055080000000001,31.327960000000008,31.040550000000014,22.87947,0,0,0,0,31.040550000000014,22.87947,2.2352200000000004,1.5066199999999998,2.2341899999999995,3.59963,2.4605400000000004,3.179629999999998,5.800479999999999,5.761329999999999,10.49521,12.540589999999998,0,0,12.73043,14.047209999999996
4.96241,34.2856,43.70919,4.36225,6.798949999999998,0.019419999999999993,2.7665399999999996,0.01016,2.4136800000000003,0.009019999999999999,0.13069,0.011160000000000002,4.015879999999998,0.017210000000000003,1.2784499999999999,0,0,0.06697,10.605239999999998,4.429220000000001,17.404189999999996,21.230589999999996,16.740230000000004,0,0,0,0,21.230589999999996,16.740230000000004,1.544440000000001,1.07567,1.4541699999999997,2.247779999999999,1.6182200000000002,2.1431899999999993,4.008949999999999,4.09811,7.081339999999999,8.489079999999998,0,0,8.625779999999999,9.564749999999998
5.01253,29.33725,34.61246,3.5383999999999998,5.660119999999999,0.017650000000000006,1.4894399999999999,0.009420000000000005,1.5690700000000002,0.00948,0.0777,0.00966,2.0713999999999997,0.018010000000000005,0.8478000000000001,0,0,0.06422000000000001,6.05541,3.60262,11.71553,18.331439999999997,14.932300000000003,0,0,0,0,18.331439999999997,14.932300000000003,1.3318100000000008,0.8911499999999997,1.0884799999999997,1.6688799999999997,1.19186,1.7304900000000005,3.7910599999999985,3.674080000000001,6.071399999999998,7.073450000000001,0,0,7.403209999999999,7.964600000000001
