energy_eV_rel_EF	TDOS_up	TDOS_down	Co_s_up	Co_s_down	Co_px_up	Co_px_down	Co_py_up	Co_py_down	Co_pz_up	Co_pz_down	Co_dxy_up	Co_dxy_down	Co_dyz_up	Co_dyz_down	Co_dz2_up	Co_dz2_down	Co_dxz_up	Co_dxz_down	Co_dx2y2_up	Co_dx2y2_down	Co_p_total_up	Co_p_total_down	Co_d_total_up	Co_d_total_down	Co_total_up	Co_total_down	H_s_up	H_s_down	H_px_up	H_px_down	H_py_up	H_py_down	H_pz_up	H_pz_down	H_dxy_up	H_dxy_down	H_dyz_up	H_dyz_down	H_dz2_up	H_dz2_down	H_dxz_up	H_dxz_down	H_dx2y2_up	H_dx2y2_down	H_p_total_up	H_p_total_down	H_d_total_up	H_d_total_down	H_total_up	H_total_down	O_s_up	O_s_down	O_px_up	O_px_down	O_py_up	O_py_down	O_pz_up	O_pz_down	O_dxy_up	O_dxy_down	O_dyz_up	O_dyz_down	O_dz2_up	O_dz2_down	O_dxz_up	O_dxz_down	O_dx2y2_up	O_dx2y2_down	O_p_total_up	O_p_total_down	O_d_total_up	O_d_total_down	O_total_up	O_total_down
-21.610633449999998	0.0	0.0	0.0	0.0	0.0	0.0	0.0	0.0	0.0	0.0	0.0	0.0	0.0	0.0	0.0	0.0	0.0	0.0	0.0	0.0	0.0	0.0	0.0	0.0	0.0	0.0	0.0	0.0	0.0	0.0	0.0	0.0	0.0	0.0	0.0	0.0	0.0	0.0	0.0	0.0	0.0	0.0	0.0	0.0	0.0	0.0	0.0	0.0	0.0	0.0	0.0	0.0	0.0	0.0	0.0	0.0	0.0	0.0	0.0	0.0	0.0	0.0	0.0	0.0	0.0	0.0	0.0	0.0	0.0	0.0	0.0	0.0	0.0	0.0
-21.50563345	0.0	0.0	0.0	0.0	0.0	0.0	0.0	0.0	0.0	0.0	0.0	0.0	0.0	0.0	0.0	0.0	0.0	0.0	0.0	0.0	0.0	0.0	0.0	0.0	0.0	0.0	0.0	0.0	0.0	0.0	0.0	0.0	0.0	0.0	0.0	0.0	0.0	0.0	0.0	0.0	0.0	0.0	0.0	0.0	0.0	0.0	0.0	0.0	0.0	0.0	0.0	0.0	0.0	0.0	0.0	0.0	0.0	0.0	0.0	0.0	0.0	0.0	0.0	0.0	0.0	0.0	0.0	0.0	0.0	0.0	0.0	0.0	0.0	0.0
-21.39963345	0.0	0.0	0.0	0.0	0.0	0.0	0.0	0.0	0.0	0.0	0.0	0.0	0.0	0.0	0.0	0.0	0.0	0.0	0.0	0.0	0.0	0.0	0.0	0.0	0.0	0.0	0.0	0.0	0.0	0.0	0.0	0.0	0.0	0.0	0.0	0.0	0.0	0.0	0.0	0.0	0.0	0.0	0.0	0.0	0.0	0.0	0.0	0.0	0.0	0.0	0.0	0.0	0.0	0.0	0.0	0.0	0.0	0.0	0.0	0.0	0.0	0.0	0.0	0.0	0.0	0.0	0.0	0.0	0.0	0.0	0.0	0.0	0.0	0.0
-21.29463345	-5.422e-30	-3.391e-30	-2.116826e-31	-1.2201721000000003e-31	-5.0195939999999984e-33	-2.6234514999999995e-33	-4.703721199999999e-33	-2.5579082e-33	-4.5668267999999994e-33	-3.305404981e-33	-5.619125999999999e-34	-5.1379258000000005e-34	-1.6421945999999995e-33	-1.0082454980000001e-33	-1.0905288000000005e-33	-6.6203315999999974e-34	-1.3357687999999999e-33	-8.929960900000001e-34	-4.98964e-34	-4.216150199999999e-34	-1.4290141999999997e-32	-8.486764680999999e-33	-5.1293687999999995e-33	-3.498682348e-33	-2.311021108e-31	-1.3400265702900003e-31	-5.908367999999998e-31	-3.7579588000000007e-31	-1.5910689794e-32	-1.2466843219600007e-32	-2.1987689047e-32	-1.4734803231099994e-32	-7.553425000000002e-32	-4.5345711999999986e-32	0.0	0.0	0.0	0.0	0.0	0.0	0.0	0.0	0.0	0.0	-1.13432628841e-31	-7.254735845069999e-32	0.0	0.0	-7.042694288409998e-31	-4.483432384507e-31	-3.714729000000001e-30	-2.3349143999999985e-30	-1.87454965e-32	-1.6244816460000004e-32	-3.040358599999999e-32	-1.691035581e-32	-6.805133e-32	-4.58552293e-32	0.0	0.0	0.0	0.0	0.0	0.0	0.0	0.0	0.0	0.0	-1.1720041249999999e-31	-7.901040157000001e-32	0.0	0.0	-3.831929412500001e-30	-2.4139248015699986e-30
-21.18863345	-3.371e-26	-2.526e-26	-1.3031380000000002e-27	-9.039660999999998e-28	-3.2827869999999984e-29	-2.070452e-29	-3.064013400000001e-29	-2.0169737e-29	-2.7699112e-29	-2.490091359999999e-29	-3.949484e-30	-3.9403579999999995e-30	-1.0805385e-29	-7.687122950000002e-30	-6.921272e-30	-4.875367200000001e-30	-8.884857e-30	-6.864557e-30	-3.558324e-30	-3.246571999999999e-30	-9.1167116e-29	-6.57751706e-29	-3.4119322e-29	-2.661397715e-29	-1.4284244380000002e-27	-9.963552477499997e-28	-3.678583000000001e-27	-2.8021951999999982e-27	-1.0139838845e-28	-9.344693695000005e-29	-1.3774588846e-28	-1.1059378971999998e-28	-4.677900999999998e-28	-3.371146600000002e-28	0.0	0.0	0.0	0.0	0.0	0.0	0.0	0.0	0.0	0.0	-7.069343769099998e-28	-5.411553866700002e-28	0.0	0.0	-4.385517376910001e-27	-3.343350586669998e-27	-2.3109839999999992e-26	-1.7400703999999994e-26	-1.1994819900000004e-28	-1.2194425749999994e-28	-1.859023630000001e-28	-1.269345609e-28	-4.265304e-28	-3.4246595e-28	0.0	0.0	0.0	0.0	0.0	0.0	0.0	0.0	0.0	0.0	-7.3238096200000015e-28	-5.913447683999999e-28	0.0	0.0	-2.3842220961999993e-26	-1.7992048768399993e-26
-21.08363345	-1.036e-22	-8.042e-23	-3.999364e-24	-2.8764079999999992e-24	-1.0179469999999998e-25	-6.621531000000003e-26	-9.512153000000001e-26	-6.453613999999997e-26	-8.501416400000001e-26	-7.934510419999998e-26	-1.2336279999999998e-26	-1.257412e-26	-3.3483991000000003e-26	-2.4522902499999992e-26	-2.1309466999999997e-26	-1.5505625999999998e-26	-2.756984999999999e-26	-2.19076419e-26	-1.1135586999999998e-26	-1.0366353000000001e-26	-2.81930394e-25	-2.1009655419999995e-25	-1.0583517499999998e-25	-8.487664339999999e-26	-4.3871295690000004e-24	-3.171381197599999e-24	-1.1308337e-23	-8.921396999999998e-24	-3.1269573739999995e-25	-2.9766876717e-25	-4.239958123000001e-25	-3.5230452228000006e-25	-1.4370386999999995e-24	-1.0730529000000007e-24	0.0	0.0	0.0	0.0	0.0	0.0	0.0	0.0	0.0	0.0	-2.1737302496999997e-24	-1.723026189450001e-24	0.0	0.0	-1.34820672497e-23	-1.0644423189449999e-23	-7.103706999999998e-23	-5.539975199999999e-23	-3.70092874e-25	-3.884724260000001e-25	-5.705495639999999e-25	-4.0435905099999995e-25	-1.3125429999999994e-24	-1.0905323599999998e-24	0.0	0.0	0.0	0.0	0.0	0.0	0.0	0.0	0.0	0.0	-2.2531854379999994e-24	-1.883363837e-24	0.0	0.0	-7.329025543799998e-23	-5.728311583699999e-23
-20.97763345	-1.823e-19	-1.463e-19	-7.02524e-21	-5.229932000000002e-21	-1.807389e-22	-1.210067e-22	-1.6908563e-22	-1.1799964999999996e-22	-1.4938155999999998e-22	-1.4446542770000006e-22	-2.2076860000000007e-23	-2.2926544000000005e-23	-5.943528999999999e-23	-4.470003770000003e-23	-3.7566619000000017e-23	-2.8178764000000007e-23	-4.9004589999999995e-23	-3.9953315000000004e-23	-1.996844e-23	-1.8912405e-23	-4.992060899999999e-22	-3.8347177770000006e-22	-1.88051799e-22	-1.5467106570000004e-22	-7.712497889e-21	-5.768074843400002e-21	-1.9902631999999994e-20	-1.623088099999999e-20	-5.521825627999998e-22	-5.4174642483e-22	-7.471544804000003e-22	-6.412717518000004e-22	-2.5268089999999996e-21	-1.9517119000000018e-21	0.0	0.0	0.0	0.0	0.0	0.0	0.0	0.0	0.0	0.0	-3.8261460432e-21	-3.134730076630002e-21	0.0	0.0	-2.3728778043199993e-20	-1.936561107662999e-20	-1.2500240000000006e-19	-1.0077993000000007e-19	-6.5388954500000005e-22	-7.071498130000003e-22	-1.002240402e-21	-7.36060894e-22	-2.312286899999999e-21	-1.9842752200000004e-21	0.0	0.0	0.0	0.0	0.0	0.0	0.0	0.0	0.0	0.0	-3.968416846999999e-21	-3.4274859270000004e-21	0.0	0.0	-1.2897081684700005e-19	-1.0420741592700007e-19
-20.87263345	-1.835e-16	-1.519e-16	-7.05882e-18	-5.4287120000000005e-18	-1.8360080000000004e-19	-1.2624439999999996e-19	-1.7197153999999999e-19	-1.2316968e-19	-1.5016958e-19	-1.501615695e-19	-2.262057999999999e-20	-2.3865974999999997e-20	-6.038549e-20	-4.65162741e-20	-3.7890766e-20	-2.923240099999999e-20	-4.986437000000002e-20	-4.1596558999999997e-20	-2.0505620000000004e-20	-1.9698602e-20	-5.0574192e-19	-3.9957564949999993e-19	-1.91266826e-19	-1.609098111e-19	-7.755828745999999e-18	-5.9891974606e-18	-2.0038353000000006e-17	-1.6857185000000003e-17	-5.578855909e-19	-5.629367120299999e-19	-7.532590340000004e-19	-6.6637446650000005e-19	-2.5418359999999996e-18	-2.0264685000000003e-18	0.0	0.0	0.0	0.0	0.0	0.0	0.0	0.0	0.0	0.0	-3.8529806249e-18	-3.2557796785300004e-18	0.0	0.0	-2.3891333624900005e-17	-2.0112964678530002e-17	-1.2583787999999998e-16	-1.0466732000000007e-16	-6.61070412e-19	-7.348733470000002e-19	-1.007103133e-18	-7.6489586699999955e-19	-2.3305158000000003e-18	-2.0610412999999994e-18	0.0	0.0	0.0	0.0	0.0	0.0	0.0	0.0	0.0	0.0	-3.998689345e-18	-3.560810513999999e-18	0.0	0.0	-1.2983656934499997e-16	-1.0822813051400007e-16
-20.76663345	-1.024e-13	-8.76e-14	-3.931748e-15	-3.128722999999999e-15	-1.034375e-16	-7.316012e-17	-9.711084e-17	-7.140651000000001e-17	-8.375595599999999e-17	-8.668014450000001e-17	-1.2878662999999999e-17	-1.379964e-17	-3.4076961000000003e-17	-2.6884262300000013e-17	-2.1194890999999998e-17	-1.6839153000000005e-17	-2.817903000000002e-17	-2.4056398799999987e-17	-1.1705062999999999e-17	-1.1395355000000002e-17	-2.84304296e-16	-2.3124677450000004e-16	-1.0803460800000002e-16	-9.297480910000001e-17	-4.324086904e-15	-3.452944583599999e-15	-1.1186680999999999e-14	-9.72105e-15	-3.126429079000001e-16	-3.247946655100001e-16	-4.211364682000001e-16	-3.845223898000001e-16	-1.4174999e-15	-1.1683118999999997e-15	0.0	0.0	0.0	0.0	0.0	0.0	0.0	0.0	0.0	0.0	-2.1512792761e-15	-1.8776289553099997e-15	0.0	0.0	-1.3337960276099999e-14	-1.159867895531e-14	-7.023723000000003e-14	-6.0355552e-14	-3.7070060900000016e-16	-4.240885530000001e-16	-5.609829e-16	-4.4137525699999994e-16	-1.3025967999999999e-15	-1.1887707500000008e-15	0.0	0.0	0.0	0.0	0.0	0.0	0.0	0.0	0.0	0.0	-2.234280309e-15	-2.054234560000001e-15	0.0	0.0	-7.247151030900003e-14	-6.240978656e-14
-20.66163345	-3.346e-11	-2.93e-11	-1.2822140000000001e-12	-1.0458161000000005e-12	-3.410757000000001e-14	-2.4567320000000003e-14	-3.202676e-14	-2.399431600000001e-14	-2.7376767000000004e-14	-2.9007790399999995e-14	-4.288505e-15	-4.624662e-15	-1.1250111999999997e-14	-9.00706147e-15	-6.940962e-15	-5.624837600000001e-15	-9.319920000000005e-15	-8.0620717e-15	-3.904371999999999e-15	-3.820809000000002e-15	-9.351109700000001e-14	-7.756942640000001e-14	-3.5703871e-14	-3.1139441770000005e-14	-1.4114289680000002e-12	-1.1545249681700004e-12	-3.656285e-12	-3.2510353000000004e-12	-1.0254189539000005e-13	-1.0866786794999992e-13	-1.3782785837000002e-13	-1.2865233308000008e-13	-4.628631e-13	-3.9062755000000007e-13	0.0	0.0	0.0	0.0	0.0	0.0	0.0	0.0	0.0	0.0	-7.0323285376e-13	-6.279477510300001e-13	0.0	0.0	-4.359517853760001e-12	-3.8789830510300005e-12	-2.2952240000000016e-11	-2.0184173000000013e-11	-1.2166266000000003e-13	-1.4189185950000002e-13	-1.8298964e-13	-1.476837567999999e-13	-4.2623330000000003e-13	-3.9761373000000033e-13	0.0	0.0	0.0	0.0	0.0	0.0	0.0	0.0	0.0	0.0	-7.308856e-13	-6.871893463000003e-13	0.0	0.0	-2.3683125600000017e-11	-2.0871362346300012e-11
-20.55563345	-6.21e-09	-5.568e-09	-2.3749240000000007e-10	-1.9866809999999993e-10	-6.389269999999996e-12	-4.690436e-12	-6.006494e-12	-4.583757599999999e-12	-5.095752999999999e-12	-5.518871630000001e-12	-8.131759999999998e-13	-8.811014000000001e-13	-2.1147830999999998e-12	-1.71547593e-12	-1.2914018000000002e-12	-1.0680299999999998e-12	-1.7551741999999995e-12	-1.5362594499999998e-12	-7.420256e-13	-7.283865999999998e-13	-1.7491516999999996e-11	-1.479306523e-11	-6.716560699999999e-12	-5.929253379999999e-12	-2.6170047770000006e-10	-2.1939041860999992e-10	-6.788005999999996e-10	-6.179882500000002e-10	-1.9108268624999997e-11	-2.0665189347999982e-11	-2.5626902435999997e-11	-2.4469100370999993e-11	-8.584807000000004e-11	-7.423175999999998e-11	0.0	0.0	0.0	0.0	0.0	0.0	0.0	0.0	0.0	0.0	-1.3058324106100003e-10	-1.1936604971899995e-10	0.0	0.0	-8.093838410609996e-10	-7.373542997190002e-10	-4.2601900000000024e-09	-3.836184299999999e-09	-2.2686943299999994e-11	-2.698716530000001e-11	-3.390802820000001e-11	-2.8088155900000002e-11	-7.923071000000004e-11	-7.558781700000007e-11	0.0	0.0	0.0	0.0	0.0	0.0	0.0	0.0	0.0	0.0	-1.3582568150000004e-10	-1.3066313820000008e-10	0.0	0.0	-4.396015681500002e-09	-3.966847438199999e-09
-20.450633449999998	-6.529e-07	-5.976e-07	-2.491211000000001e-08	-2.1314509999999995e-08	-6.778300000000002e-10	-5.057355999999999e-10	-6.379642999999999e-10	-4.945035000000001e-10	-5.392867300000002e-10	-5.92918836e-10	-8.753099999999998e-11	-9.479926e-11	-2.2568828000000007e-10	-1.84509572e-10	-1.3607548999999998e-10	-1.1452089999999999e-10	-1.8772889999999997e-10	-1.6531547700000002e-10	-8.005461000000004e-11	-7.841037000000002e-11	-1.8550810300000004e-09	-1.593157936e-09	-7.170782800000001e-10	-6.37555579e-10	-2.748426931000001e-08	-2.3545223514999994e-08	-7.139071999999998e-08	-6.633324200000002e-08	-2.0170581231999994e-09	-2.2191498316e-09	-2.7001138709999995e-09	-2.6279042841999984e-09	-9.019298000000007e-09	-7.966306999999999e-09	0.0	0.0	0.0	0.0	0.0	0.0	0.0	0.0	0.0	0.0	-1.3736469994200005e-08	-1.2813361115799998e-08	0.0	0.0	-8.512718999419999e-08	-7.914660311580002e-08	-4.479783000000001e-07	-4.1177537000000014e-07	-2.3965973999999998e-09	-2.898525170000001e-09	-3.560889049999998e-09	-3.0167151039999998e-09	-8.344326e-09	-8.1148638e-09	0.0	0.0	0.0	0.0	0.0	0.0	0.0	0.0	0.0	0.0	-1.4301812449999999e-08	-1.4030104074e-08	0.0	0.0	-4.622801124500001e-07	-4.2580547407400015e-07
-20.34563345	-3.866e-05	-3.599e-05	-1.4715449999999998e-06	-1.2826847e-06	-4.048981999999999e-08	-3.0592229999999994e-08	-3.814899e-08	-2.992620199999999e-08	-3.2380769000000006e-08	-3.5739853900000006e-08	-5.324039000000001e-09	-5.722938999999998e-09	-1.3614999999999998e-08	-1.1134899299999998e-08	-8.070270000000002e-09	-6.888811e-09	-1.1355765999999994e-08	-9.981621100000001e-09	-4.879929000000001e-09	-4.736105000000001e-09	-1.11019579e-07	-9.62582859e-08	-4.3245003999999996e-08	-3.84643754e-08	-1.6258095829999997e-06	-1.4174073613e-06	-4.229311000000002e-06	-3.994840599999999e-06	-1.1987831244000006e-07	-1.3371950038e-07	-1.6026619793000002e-07	-1.5836029456e-07	-5.337092999999999e-07	-4.795975999999998e-07	0.0	0.0	0.0	0.0	0.0	0.0	0.0	0.0	0.0	0.0	-8.1385381037e-07	-7.716773949399998e-07	0.0	0.0	-5.043164810370002e-06	-4.766517994939999e-06	-2.652899000000001e-05	-2.4798289999999995e-05	-1.42564057e-07	-1.7466752090000005e-07	-2.1082777000000005e-07	-1.8177803839999996e-07	-4.949909999999999e-07	-4.887797899999999e-07	0.0	0.0	0.0	0.0	0.0	0.0	0.0	0.0	0.0	0.0	-8.48382827e-07	-8.452253492999999e-07	0.0	0.0	-2.7377372827000008e-05	-2.5643515349299996e-05
-20.23963345	-0.001277	-0.001203	-4.845535e-05	-4.284752000000002e-05	-1.3481750000000002e-06	-1.0270009999999997e-06	-1.2712584000000005e-06	-1.0052587000000003e-06	-1.09798622e-06	-1.195603701e-06	-1.8161339999999994e-07	-1.9173540000000004e-07	-4.609121999999999e-07	-3.7291318499999993e-07	-2.667832e-07	-2.2998763e-07	-3.858357999999999e-07	-3.344686199999999e-07	-1.6683519999999996e-07	-1.5875833e-07	-3.7174196200000006e-06	-3.2278634009999997e-06	-1.4619797999999997e-06	-1.2878631649999999e-06	-5.3634749420000003e-05	-4.736324656600002e-05	-0.00013974784000000005	-0.00013351375000000002	-3.971674956000002e-06	-4.471159228199999e-06	-5.308645498999997e-06	-5.295695586999999e-06	-1.7614940000000002e-05	-1.6025493999999998e-05	0.0	0.0	0.0	0.0	0.0	0.0	0.0	0.0	0.0	0.0	-2.6895260455e-05	-2.5792348815199997e-05	0.0	0.0	-0.00016664310045500004	-0.0001593060988152	-0.0008762724999999998	-0.0008287305000000002	-4.72813442e-06	-5.841372939999999e-06	-6.97446163e-06	-6.0788172799999985e-06	-1.6383163999999994e-05	-1.6338243500000005e-05	0.0	0.0	0.0	0.0	0.0	0.0	0.0	0.0	0.0	0.0	-2.8085760049999994e-05	-2.825843372e-05	0.0	0.0	-0.0009043582600499998	-0.0008569889337200002
-20.13463345	-0.0231	-0.02186	-0.0008735049999999999	-0.0007783009999999997	-2.4567609999999996e-05	-1.8752649999999997e-05	-2.3176909999999996e-05	-1.8367386999999997e-05	-2.0852510999999997e-05	-2.1752364799999996e-05	-3.429073000000001e-06	-3.493496999999999e-06	-8.643084000000002e-06	-6.792479109999999e-06	-4.8207370000000015e-06	-4.174898199999999e-06	-7.274848e-06	-6.095732900000001e-06	-3.1555990000000014e-06	-2.8945199999999993e-06	-6.859703099999999e-05	-5.887240179999999e-05	-2.7323341000000005e-05	-2.3451127209999997e-05	-0.0009694253719999999	-0.0008606245290099997	-0.002530262999999999	-0.0024266397999999994	-7.200766167999999e-05	-8.13023602e-05	-9.642099189e-05	-9.630419571999999e-05	-0.00031855379999999996	-0.00029117844	0.0	0.0	0.0	0.0	0.0	0.0	0.0	0.0	0.0	0.0	-0.00048698245357	-0.00046878499592	0.0	0.0	-0.0030172454535699993	-0.0028954247959199994	-0.015856497	-0.015061891000000003	-8.582168200000003e-05	-0.00010623290189999999	-0.00012683709200000002	-0.0001105549816	-0.00029719037000000006	-0.0002969989199999999	0.0	0.0	0.0	0.0	0.0	0.0	0.0	0.0	0.0	0.0	-0.0005098491440000001	-0.0005137868034999998	0.0	0.0	-0.016366346144	-0.015575677803500002
-20.02863345	-0.2205	-0.2068	-0.008294399999999999	-0.007359899999999999	-0.00023579819999999997	-0.00017841390000000005	-0.00022239396999999998	-0.00017487459	-0.0002177777699999999	-0.00020612296899999994	-3.492432000000001e-05	-3.3166419999999996e-05	-8.74416e-05	-6.44492732e-05	-4.5728950000000005e-05	-3.9453917000000005e-05	-7.426878e-05	-5.787284800000002e-05	-3.21641e-05	-2.7505020000000007e-05	-0.0006759699399999998	-0.000559411459	-0.00027452775000000003	-0.00022244747820000002	-0.009244897689999998	-0.008141758937199999	-0.024178847	-0.022965861999999997	-0.0006871382623000004	-0.0007698293999999998	-0.0009256187378000003	-0.0009119785899000001	-0.003040463	-0.0027550680000000003	0.0	0.0	0.0	0.0	0.0	0.0	0.0	0.0	0.0	0.0	-0.004653220000100001	-0.0044368759899	0.0	0.0	-0.0288320670001	-0.027402737989899995	-0.15138101000000004	-0.14253828999999996	-0.00082015863	-0.001006017231	-0.0012257861800000001	-0.0010469915889999995	-0.0028468241000000004	-0.0028114468	0.0	0.0	0.0	0.0	0.0	0.0	0.0	0.0	0.0	0.0	-0.00489276891	-0.004864455619999999	0.0	0.0	-0.15627377891000005	-0.14740274561999994
-19.92363345	-1.003	-0.9021	-0.03735804	-0.03206012999999999	-0.001076662	-0.0007859446000000002	-0.0010144268000000004	-0.0007716045	-0.0011894944999999997	-0.00090184014	-0.00018077569999999998	-0.00014569396000000003	-0.0004470474000000001	-0.00028262019599999995	-0.00020348290000000006	-0.00017162602999999993	-0.0003869193	-0.00025393953000000006	-0.00016628200000000002	-0.00012131873999999999	-0.0032805832999999998	-0.00245938924	-0.0013845073000000002	-0.000975198456	-0.0420231306	-0.035494717695999996	-0.11024836999999997	-0.10017291999999997	-0.0031062700489999993	-0.0033593398387999998	-0.004252857629999999	-0.003981015881	-0.013847534999999992	-0.012014218999999998	0.0	0.0	0.0	0.0	0.0	0.0	0.0	0.0	0.0	0.0	-0.02120666267899999	-0.019354574719799997	0.0	0.0	-0.13145503267899997	-0.11952749471979997	-0.6888770000000003	-0.6217031000000001	-0.003714956329999999	-0.004390141200000002	-0.005749961169999998	-0.004572077470000001	-0.01303540899999999	-0.012266619499999996	0.0	0.0	0.0	0.0	0.0	0.0	0.0	0.0	0.0	0.0	-0.022500326499999987	-0.02122883817	0.0	0.0	-0.7113773265000003	-0.64293193817
-19.81763345	-1.278	-0.8324	-0.04506836	-0.02912958	-0.0014195080000000003	-0.0008067939999999998	-0.0013444050000000001	-0.0008086851999999998	-0.0027813143999999993	-0.0008683434000000002	-0.0003933847	-0.00014840125	-0.0009019448999999999	-0.00027823171199999996	-0.00021934937	-0.00015318981	-0.0008309520999999997	-0.00025037199000000005	-0.0003616346	-0.00013253126	-0.0055452274	-0.0024838226	-0.0027072656699999994	-0.000962726022	-0.05332085307	-0.032576128621999996	-0.14203026999999996	-0.09257882999999999	-0.0037768038949999995	-0.0030892729362999994	-0.005599704479	-0.0036796459280000002	-0.017873766999999995	-0.011125361999999991	0.0	0.0	0.0	0.0	0.0	0.0	0.0	0.0	0.0	0.0	-0.027250275373999995	-0.01789428086429999	0.0	0.0	-0.16928054537399995	-0.11047311086429998	-0.8790137999999997	-0.5740725500000001	-0.004525304000000001	-0.004029141600000001	-0.008443298509999999	-0.004265389179999999	-0.017111659999999997	-0.011372953999999998	0.0	0.0	0.0	0.0	0.0	0.0	0.0	0.0	0.0	0.0	-0.030080262509999997	-0.019667484779999998	0.0	0.0	-0.9090940625099997	-0.5937400347800001
-19.71263345	5.084	5.827	0.2026443	0.2118036999999999	0.004591244	0.004255563779999999	0.004123895999999999	0.004006155	0.0016475600799999999	0.0054654230000000005	4.39095e-05	0.0007867179000000001	0.0008100647999999997	0.0016474559800000001	0.0012326263	0.0011603138	0.00046208012999999994	0.0014784214800000002	-5.218000000000193e-07	0.0005549142999999999	0.010362700079999999	0.01372714178	0.0025481589299999998	0.0056278234600000004	0.21555515901	0.2311586652399999	0.5525720709999996	0.6458368490000003	0.01642064586100001	0.021901475540419	0.021354964312000013	0.025787855713999996	0.06863490899999998	0.077016464	0.0	0.0	0.0	0.0	0.0	0.0	0.0	0.0	0.0	0.0	0.106410519173	0.12470579525441901	0.0	0.0	0.6589825901729996	0.7705426442544193	3.4827374599999987	4.011792779999999	0.019772345999999996	0.028764245020000006	0.025590845679999995	0.029174462540000008	0.06392529999999998	0.07872539200000002	0.0	0.0	0.0	0.0	0.0	0.0	0.0	0.0	0.0	0.0	0.10928849167999996	0.13666409956000003	0.0	0.0	3.592025951679999	4.1484568795599985
-19.60663345	20.39	18.36	0.7940118000000002	0.6784676	0.016226169999999998	0.011524736999999997	0.0141175916	0.010464820000000003	0.024838765	0.016614816000000004	0.0015936605999999998	0.002086033999999999	0.007156144999999998	0.004811949299999999	0.004427922899999998	0.0037624691999999993	0.005879014600000001	0.0042756609	0.001171827	0.001237316	0.0551825266	0.038604373000000004	0.020228570099999996	0.016173429399999998	0.8694228967000002	0.7332454023999999	2.236293999999998	2.0330757799999994	0.06274088877	0.06944713939799994	0.08864460357999997	0.08172597128999998	0.27752555	0.24123561000000018	0.0	0.0	0.0	0.0	0.0	0.0	0.0	0.0	0.0	0.0	0.42891104235	0.3924087206880001	0.0	0.0	2.6652050423499976	2.4254845006879995	13.971971	12.636467000000003	0.07567924439999996	0.091642242	0.12013860189999999	0.09161771077000003	0.261914088	0.2469978759999999	0.0	0.0	0.0	0.0	0.0	0.0	0.0	0.0	0.0	0.0	0.4577319342999999	0.4302578287699999	0.0	0.0	14.4297029343	13.066724828770003
-19.50163345	31.99	20.02	1.2163463000000005	0.7667745	0.022339529999999996	0.007707294000000001	0.019754119999999993	0.006283969999999998	0.06410021700000001	0.017162374	0.004609475	0.0012023350000000001	0.017447298	0.004393789	0.005841178099999999	0.004320879759	0.015535193999999997	0.0036129464	0.0042116127	0.0002803365	0.106193867	0.031153638	0.04764475779999999	0.013810286659	1.3701849248000006	0.811738424659	3.5360569000000006	2.2101656000000007	0.09287629952	0.07582254575000001	0.14141242454000003	0.09028412374400001	0.4412464999999997	0.25981036	0.0	0.0	0.0	0.0	0.0	0.0	0.0	0.0	0.0	0.0	0.6755352240599998	0.425917029494	0.0	0.0	4.21159212406	2.636082629494001	21.917538	13.750084999999993	0.11121392173999997	0.10117750300999998	0.21304046955000003	0.09989958179999998	0.4188675300000003	0.26614438680000013	0.0	0.0	0.0	0.0	0.0	0.0	0.0	0.0	0.0	0.0	0.7431219212900003	0.4672214716100001	0.0	0.0	22.66065992129	14.217306471609993
-19.39563345	38.51	17.21	1.2332110000000003	0.5266124	0.0587885	0.02954999	0.06271149999999999	0.033708880000000004	0.09400965000000001	0.024913055000000003	0.01830713	0.005151298999999999	0.037724332	0.008985422800000002	0.004216296700000002	0.002169386999999999	0.03468152	0.007458284199999998	0.020570390999999997	0.007177398999999999	0.21550965	0.08817192500000001	0.1154996697	0.030941791999999996	1.5642203197000002	0.6457261169999999	4.312091300000001	1.933610199999999	0.1091215943000001	0.05788807495	0.1613750965	0.07549678139000002	0.5583998000000001	0.24081900999999997	0.0	0.0	0.0	0.0	0.0	0.0	0.0	0.0	0.0	0.0	0.8288964908000003	0.37420386633999997	0.0	0.0	5.1409877908000015	2.307814066339999	26.577004000000002	11.916583	0.12683305100000009	0.07317371639999995	0.26070533100000004	0.09687251200000001	0.5298800599999999	0.24279622	0.0	0.0	0.0	0.0	0.0	0.0	0.0	0.0	0.0	0.0	0.917418442	0.41284244839999995	0.0	0.0	27.494422442	12.329425448399999
-19.29063345	53.05	40.21	1.157546	0.806502	0.17920950000000005	0.14482469999999995	0.19032779999999996	0.16277010000000003	0.10459994999999998	0.07692134	0.058121640000000016	0.027549900000000006	0.07539928799999998	0.035535845	0.0034412726000000006	0.000989251	0.07236369000000002	0.033158609999999984	0.059396809999999994	0.03520868000000001	0.47413725	0.38451614	0.26872270060000003	0.13244228600000002	1.9004059506	1.323460426	6.003264000000001	4.618570999999998	0.1697533113999999	0.1277287496	0.19657795870000003	0.16289475899999997	0.8107755999999997	0.6114179999999999	0.0	0.0	0.0	0.0	0.0	0.0	0.0	0.0	0.0	0.0	1.1771068700999996	0.9020415085999999	0.0	0.0	7.1803708701	5.520612508599998	37.128999999999984	28.189300000000003	0.19319177799999995	0.1442653769999999	0.29316764	0.23913837699999993	0.7733424999999999	0.6155299000000003	0.0	0.0	0.0	0.0	0.0	0.0	0.0	0.0	0.0	0.0	1.259701918	0.9989336540000001	0.0	0.0	38.38870191799998	29.188233654000005
-19.18463345	65.17	65.73	0.9797933999999999	1.220197	0.2994652	0.25817720000000005	0.2977121999999999	0.28027270000000004	0.11636762	0.11734528000000002	0.11126040000000001	0.051659290000000004	0.10931440999999997	0.05994911000000001	0.00534788	0.0011234289999999998	0.11641277000000001	0.06008581999999999	0.0925657563	0.05894739	0.71354502	0.6557951800000001	0.4349012163	0.231765039	2.1282396363	2.1077572190000002	7.4200820000000025	7.566751999999999	0.2390856741999999	0.22016011530000004	0.21712833799999998	0.25676840660000005	1.0203007999999996	1.0051636	0.0	0.0	0.0	0.0	0.0	0.0	0.0	0.0	0.0	0.0	1.4765148121999994	1.4820921219	0.0	0.0	8.896596812200002	9.048844121899998	46.05804000000001	46.17211000000001	0.26996504869999993	0.2428238639999999	0.28926879000000005	0.3767896490000001	0.9829754799999998	1.0208609700000002	0.0	0.0	0.0	0.0	0.0	0.0	0.0	0.0	0.0	0.0	1.5422093186999999	1.6404744830000002	0.0	0.0	47.600249318700016	47.81258448300001
-19.07963345	62.22	54.87	0.7779009999999997	0.9723729999999999	0.30530419999999997	0.224177	0.2953553	0.22735759999999997	0.11757634000000003	0.1024577	0.13070821400000002	0.05122795	0.11185307999999994	0.04829357199999999	0.00911974	0.0018013812	0.13119057700000003	0.05492996000000001	0.09215710999999999	0.04631899	0.71823584	0.5539923	0.475028721	0.20257185319999998	1.9711655609999996	1.7289371532	7.063616999999999	6.316756	0.22873408499999998	0.1927221765000001	0.1805210757000001	0.19818876319999998	1.0100850240000003	0.8511446000000003	0.0	0.0	0.0	0.0	0.0	0.0	0.0	0.0	0.0	0.0	1.4193401847000005	1.2420555397000004	0.0	0.0	8.4829571847	7.5588115397	44.23619852000002	38.61642999999997	0.25311803400000005	0.21334303499999996	0.22785211499999994	0.291244102	0.94674499	0.85303195	0.0	0.0	0.0	0.0	0.0	0.0	0.0	0.0	0.0	0.0	1.427715139	1.357619087	0.0	0.0	45.66391365900002	39.974049086999976
-18.97463345	60.36	43.94	0.8226509000000001	0.694815	0.2818663000000001	0.16256640000000003	0.3179589999999999	0.15052669999999996	0.10362659999999997	0.16496223000000002	0.10471252000000003	0.046645742999999976	0.0947852	0.0296807696	0.01382142	0.00653452	0.10712356999999999	0.042794014400000004	0.08344894999999997	0.026754803039999997	0.7034519	0.47805533	0.40389166	0.15240985004	1.92999446	1.32528018004	6.723076000000003	5.036890999999998	0.161380314	0.14511456089999997	0.1488195099999999	0.13075139130000005	1.0510354000000002	0.7275890000000003	0.0	0.0	0.0	0.0	0.0	0.0	0.0	0.0	0.0	0.0	1.361235224	1.0034549522000002	0.0	0.0	8.084311224000004	6.040345952199998	43.08662000000002	31.119809999999998	0.1759684277000001	0.18502972000000004	0.18439456	0.19701823999999998	0.8909871999999999	0.6534133000000002	0.0	0.0	0.0	0.0	0.0	0.0	0.0	0.0	0.0	0.0	1.2513501877	1.0354612600000002	0.0	0.0	44.337970187700016	32.15527126
-18.86863345	81.86	64.47	0.969073	0.8639570000000001	0.3701020000000001	0.2147888	0.474155	0.2284693	0.21698171000000002	0.3527386700000001	0.10445120999999999	0.05122699600000001	0.12605079000000005	0.03338769	0.019561600000000005	0.01579357	0.12403389999999997	0.04527964000000001	0.11703246999999999	0.030342	1.06123871	0.7959967700000001	0.49112997	0.17602989600000002	2.52144168	1.8359836660000002	9.079432999999995	7.36588	0.13950040400000005	0.182470372	0.19385404699999995	0.18854712539999988	1.5065677999999998	1.1100399999999997	0.0	0.0	0.0	0.0	0.0	0.0	0.0	0.0	0.0	0.0	1.8399222509999997	1.4810574973999995	0.0	0.0	10.919355250999994	8.846937497399999	58.75550999999998	45.96708000000002	0.18052853999999977	0.26902653	0.25159389000000015	0.27644327999999996	1.1890643999999988	0.926478	0.0	0.0	0.0	0.0	0.0	0.0	0.0	0.0	0.0	0.0	1.6211868299999987	1.47194781	0.0	0.0	60.37669682999998	47.43902781000002
-18.76363345	140.0	89.06	0.9552899999999998	0.9746669999999998	0.572351	0.34154000000000007	0.6895820000000001	0.4174759999999999	0.5893490000000001	0.44011550000000016	0.23632899999999998	0.055637727000000005	0.34230200000000005	0.058755649999999986	0.0299067	0.021082099999999986	0.337315	0.05735632800000001	0.26379199999999997	0.05337503000000001	1.8512820000000003	1.1991315	1.2096447	0.246206835	4.0162167	2.420005335	15.770928999999997	10.16378100000001	0.18311581799999996	0.21634243800000008	0.289329469	0.26288016070000003	2.7225040000000003	1.5658939999999997	0.0	0.0	0.0	0.0	0.0	0.0	0.0	0.0	0.0	0.0	3.194949287	2.0451165987	0.0	0.0	18.965878287	12.20889759870001	101.21285000000002	63.80808999999999	0.29034387999999994	0.32242396	0.40850466000000013	0.37128454	2.166622	1.2896002000000004	0.0	0.0	0.0	0.0	0.0	0.0	0.0	0.0	0.0	0.0	2.86547054	1.9833087000000005	0.0	0.0	104.07832054000002	65.79139869999999
-18.65763345	214.2	113.3	0.7485180000000002	0.8117179999999997	0.7534011000000002	0.519699	0.8153120000000003	0.6383070000000001	1.020782	0.36691489000000016	0.47810700000000017	0.10162589999999999	0.7304275000000001	0.15794500000000003	0.045494299999999994	0.018771100000000002	0.7325920000000001	0.14559632621999996	0.503215	0.12428579999999999	2.5894951000000006	1.5249208900000002	2.4898358000000003	0.5482241262199999	5.827848900000001	2.8848630162199997	24.45734000000001	12.980677000000009	0.2074834820000001	0.21709631100000001	0.34458934399999996	0.30400405300000016	4.412568999999999	2.0942589	0.0	0.0	0.0	0.0	0.0	0.0	0.0	0.0	0.0	0.0	4.9646418259999985	2.615359264	0.0	0.0	29.421981826000007	15.59603626400001	155.60969999999998	81.78122000000002	0.34641222999999965	0.31939175999999997	0.5337924800000001	0.4433042999999998	3.6172060000000013	1.7032610999999993	0.0	0.0	0.0	0.0	0.0	0.0	0.0	0.0	0.0	0.0	4.497410710000001	2.465957159999999	0.0	0.0	160.10711070999997	84.24717716000002
-18.55263345	233.2	167.5	0.42136799999999996	0.6119179999999999	0.730023	0.7302200000000001	0.732936	0.8177069999999999	1.0737999999999999	0.4601720000000003	0.5978760000000002	0.23758300000000002	0.9502951000000002	0.3775855	0.05263113	0.02056889999999999	0.981655	0.3755966000000001	0.603789	0.27801599999999993	2.536759	2.008099	3.1862462300000005	1.28935	6.14437323	3.909367	26.913987999999993	19.409869999999994	0.19053065500000002	0.24913647000000014	0.3514438709999998	0.380487515	4.941233	3.310915	0.0	0.0	0.0	0.0	0.0	0.0	0.0	0.0	0.0	0.0	5.483207526	3.9405389850000003	0.0	0.0	32.39719552599999	23.350408984999994	169.74596999999994	121.85359000000003	0.31038876000000015	0.38557721	0.60919909	0.6046424000000002	4.150642	2.733238	0.0	0.0	0.0	0.0	0.0	0.0	0.0	0.0	0.0	0.0	5.0702298500000005	3.7234576100000005	0.0	0.0	174.81619984999995	125.57704761000002
-18.44663345	172.4	228.2	0.14722500000000005	0.4743395000000001	0.5331239999999998	0.8161729999999997	0.5176720000000001	0.8341880000000002	0.6414909999999999	0.7728032	0.4806760000000001	0.38480970000000003	0.870488	0.5927380400000001	0.03692097000000001	0.032372099999999994	0.9014479999999997	0.6056156199999999	0.46859200000000023	0.43655800000000006	1.6922869999999999	2.4231642	2.75812497	2.05209346	4.59763697	4.94959716	20.10903	26.68658000000001	0.21093014700000004	0.2730971659999999	0.38887762289999994	0.43361628199999996	3.535093999999999	4.752809999999998	0.0	0.0	0.0	0.0	0.0	0.0	0.0	0.0	0.0	0.0	4.134901769899999	5.459523447999998	0.0	0.0	24.2439317699	32.146103448000005	125.71467000000004	166.66388999999998	0.3462905099999999	0.44280853	0.7211160900000003	0.7171666600000001	2.977968099999999	4.049823	0.0	0.0	0.0	0.0	0.0	0.0	0.0	0.0	0.0	0.0	4.045374699999999	5.20979819	0.0	0.0	129.76004470000004	171.87368818999997
-18.34163345	96.73	213.1	0.03144016	0.30845300000000003	0.3342191000000001	0.6227570000000002	0.33660070000000003	0.6138100000000001	0.175683	0.8238536	0.2800963	0.3813863	0.7295079999999999	0.5874220000000001	0.013352612199999999	0.036933549999999996	0.6408224000000001	0.5980610000000002	0.2896369000000001	0.429404	0.8465028000000001	2.0604206000000005	1.9534162122	2.0332068500000005	2.8313591722000004	4.402080450000001	11.353244900000005	25.075849000000016	0.22611521412999994	0.21176876400000003	0.3979815880259999	0.35424470299999994	1.7561202800000002	4.587219900000001	0.0	0.0	0.0	0.0	0.0	0.0	0.0	0.0	0.0	0.0	2.3802170821560003	5.153233367000001	0.0	0.0	13.733461982156005	30.229082367000018	70.6603634	155.97956000000008	0.38728011729999984	0.34496113	0.7467968129999999	0.5934435900000005	1.4149023580000002	4.0084551	0.0	0.0	0.0	0.0	0.0	0.0	0.0	0.0	0.0	0.0	2.5489792883	4.94685982	0.0	0.0	73.2093426883	160.9264198200001
-18.235633449999998	44.75	117.6	0.007877170000000001	0.12021059999999997	0.15939482000000005	0.282376	0.19105869000000003	0.2835349999999999	-0.0011351400000000006	0.44894836999999993	0.119985141	0.2199978	0.530612	0.384203	0.0028674816	0.022033080000000003	0.32003293000000005	0.3776399999999999	0.16026934400000004	0.24167899999999998	0.3493183700000001	1.01485937	1.1337668966	1.24555288	1.4909624366	2.38062285	5.2458651000000005	13.928287999999998	0.13692564609999996	0.10173443499999998	0.2573402921199999	0.20012036550000006	0.7287642300000001	2.5679120599999994	0.0	0.0	0.0	0.0	0.0	0.0	0.0	0.0	0.0	0.0	1.1230301682200001	2.8697668604999995	0.0	0.0	6.36889526822	16.7980548605	32.762043000000006	86.13504499999999	0.24302710524000004	0.15847673199999998	0.4945802546500002	0.3665548800000002	0.5453100429999999	2.2809996099999976	0.0	0.0	0.0	0.0	0.0	0.0	0.0	0.0	0.0	0.0	1.2829174028900001	2.806031221999998	0.0	0.0	34.044960402890005	88.94107622199999
-18.13063345	13.75	37.18	0.0020309517	0.013049321000000003	0.03953476999999999	0.06897609000000003	0.06721068000000001	0.07588423	-0.012452180000000002	0.08478108000000004	0.036829490000000006	0.07078812400000001	0.23691703000000006	0.2286126	0.0014294168900000003	0.004494413900000002	0.07987542	0.18905300000000003	0.06258479	0.07449544299999998	0.09429327	0.22964140000000005	0.41763614689000006	0.5674435809	0.51396036859	0.8101343019000001	1.6031709499999995	4.4975154999999996	0.028612281639999997	0.03043151114300001	0.08512292288000001	0.10317649381760002	0.23442577500000003	0.796422661	0.0	0.0	0.0	0.0	0.0	0.0	0.0	0.0	0.0	0.0	0.34816097952	0.9300306659606	0.0	0.0	1.9513319295199996	5.4275461659605995	10.089567599999997	27.255194200000002	0.056569496259999984	0.03671762973	0.17571928618000002	0.2452924820000001	0.17239475700000015	0.7113256099999999	0.0	0.0	0.0	0.0	0.0	0.0	0.0	0.0	0.0	0.0	0.40468353944000013	0.9933357217300001	0.0	0.0	10.494251139439998	28.24852992173
-18.02463345	7.087	10.65	-0.0004094139999999999	-0.007010766100000001	0.03743210000000001	0.0158533	0.021764770000000006	0.023220533999999998	-0.004281680000000001	-0.024137839999999994	0.05896834200000001	0.015411175000000001	0.0699660368	0.15581920999999999	0.001221222172	-0.0013252055999999999	0.059069180000000006	0.09898446000000004	0.0279842289	0.020218304999999995	0.054915190000000016	0.014935994000000005	0.217209009872	0.28910794440000004	0.27171478587200004	0.29703317230000004	0.83400933	1.3479781000000006	-0.005753390048999999	0.010154008089999996	0.05552813323	0.06439225461999999	0.1273661105	0.20674106999999992	0.0	0.0	0.0	0.0	0.0	0.0	0.0	0.0	0.0	0.0	0.177140853681	0.2812873327099999	0.0	0.0	1.011150183681	1.6292654327100005	5.19155625	7.803870000000004	-0.0007779413900000007	0.005201985499999999	0.11707754000000001	0.17650613272000001	0.09356022100000001	0.17934715999999998	0.0	0.0	0.0	0.0	0.0	0.0	0.0	0.0	0.0	0.0	0.20985981961000003	0.36105527822	0.0	0.0	5.40141606961	8.164925278220004
-17.91963345	13.57	6.283	0.000293981	-0.0025593000000000005	0.08434430899999999	0.015522740999999998	0.033189819300000006	0.020366449999999987	-0.0008673360000000002	-0.015150933	0.117483473	0.013247539999999993	0.070861805	0.08543243000000002	0.0014659140000000002	-0.0006320221000000001	0.13792298700000002	0.045560300000000005	0.04090302799999999	0.014735920000000003	0.1166667923	0.020738257999999985	0.368637207	0.15834416790000003	0.4855979803	0.1765231259	1.604931917	0.7833965999999999	-0.0002362820889999992	0.005007797979999999	0.10667121718799999	0.04546813873199999	0.22996564734	0.115019214	0.0	0.0	0.0	0.0	0.0	0.0	0.0	0.0	0.0	0.0	0.336400582439	0.165495150712	0.0	0.0	1.941332499439	0.9488917507119998	9.92199316	4.618351200000001	0.013005381366500002	0.005891101209999999	0.21594051629	0.10504751659999997	0.16722117000000003	0.09680085900999998	0.0	0.0	0.0	0.0	0.0	0.0	0.0	0.0	0.0	0.0	0.3961670676565	0.20773947681999994	0.0	0.0	10.318160227656499	4.826090676820001
-17.81363345	11.7	9.879	0.0007391866	0.00023127689999999997	0.0706784513	0.040649931000000014	0.029653398600000005	0.033742202699999994	0.0003054141000000001	-0.0027415719999999985	0.09525710015000002	0.041889098000000013	0.06391101567	0.061759176	0.00116783391	0.00052134369	0.11742616144999998	0.04451192819999998	0.03481784794	0.025496046999999997	0.100637264	0.0716505617	0.31257995912000003	0.17417759288999998	0.41395640972000003	0.24605943149	1.3819258499	1.1974704002	0.0030521368734	0.0038423710774	0.089218602868972	0.07506024621190001	0.19747587223000002	0.1745206454	0.0	0.0	0.0	0.0	0.0	0.0	0.0	0.0	0.0	0.0	0.289746611972372	0.2534232626893	0.0	0.0	1.671672461872372	1.4508936628893	8.549283718	7.280134669999999	0.015585461764	0.015194219342	0.1799470717326	0.13179918742	0.14397350466	0.14619187439999998	0.0	0.0	0.0	0.0	0.0	0.0	0.0	0.0	0.0	0.0	0.3395060381566	0.293185281162	0.0	0.0	8.8887897561566	7.573319951161999
-17.70863345	3.175	17.2	0.00023496757999999997	0.00223495244	0.019036378030000002	0.07959243680000004	0.00810860104	0.05228899132500001	0.00014388714999999998	0.0020234909700000006	0.02545054830999999	0.07989653759999998	0.01768606082	0.08125248482999999	0.0003124974838000001	0.0010476321600000002	0.031782715579	0.08624461540000002	0.00943119576	0.04031161000000001	0.027288866220000003	0.13390491909500005	0.08466301795279998	0.28875287999	0.1121868517528	0.42489275152500006	0.37499696339	2.0937961083999994	0.0009923164411	0.0060014882251999985	0.0240325835501	0.13277223657467002	0.05360894251000001	0.30056977106	0.0	0.0	0.0	0.0	0.0	0.0	0.0	0.0	0.0	0.0	0.07863384250120001	0.43934349585987004	0.0	0.0	0.4536308058912	2.5331396042598695	2.3207722645	12.643656166999998	0.0044329674476	0.025628960516999994	0.048508235707	0.23284728509700003	0.039103706787999994	0.25139611008	0.0	0.0	0.0	0.0	0.0	0.0	0.0	0.0	0.0	0.0	0.09204490994259999	0.509872355694	0.0	0.0	2.4128171744426	13.153528522693998
-17.60363345	-0.6759	17.59	-6.449559199999999e-05	0.0033632371499999997	-0.0038762621369999996	0.08590826380410001	-0.0018321784499999998	0.04924730540000001	-6.163278199999999e-05	0.00384000353	-0.005190607799999999	0.08342028869	-0.004179311594	0.07608649409799999	-7.33058129e-05	0.000894109231	-0.00644275816	0.09840119579	-0.0020922566819999997	0.03798835138	-0.0057700733689999995	0.13899557273410001	-0.017978240048899998	0.296790439189	-0.023812809009899998	0.4391492490731	-0.07978247889	2.1512447935999996	-0.00024407242230999998	0.006170338733610002	-0.004977037166849999	0.13776095999940002	-0.011532068347000001	0.304755675184	0.0	0.0	0.0	0.0	0.0	0.0	0.0	0.0	0.0	0.0	-0.01675317793616	0.44868697391701	0.0	0.0	-0.09653565682616	2.5999317675170097	-0.49405346	12.9081712978	-0.0009950004003999998	0.024604720247199993	-0.0100356994426	0.247401302032	-0.008479870184000003	0.25394114422999997	0.0	0.0	0.0	0.0	0.0	0.0	0.0	0.0	0.0	0.0	-0.019510570027000004	0.5259471665091999	0.0	0.0	-0.513564030027	13.434118464309199
-17.49763345	-0.5417	9.14	-4.90520543e-05	0.0022664999506999983	-0.0031571123654999997	0.046412482564000004	-0.0014355472140000008	0.024383342683999994	-4.298284989999998e-05	0.0026974742800000007	-0.0042163341969	0.04415543298500001	-0.0032317068049999994	0.0372701701468	-5.655524601999999e-05	0.0003763981192099999	-0.0052625988439999995	0.05471631589999997	-0.0016487277945000003	0.018701897321	-0.0046356424294000005	0.073493299528	-0.01441592288642	0.15522021447200998	-0.01910061737012	0.23098001395070997	-0.063937961024	1.1193144121160001	-0.00018927267828999997	0.0031516438845600003	-0.004024115169025	0.07280216686662	-0.009206284839799999	0.15669354298840005	0.0	0.0	0.0	0.0	0.0	0.0	0.0	0.0	0.0	0.0	-0.013419672687114999	0.23264735373958004	0.0	0.0	-0.077357633711115	1.3519617658555803	-0.39598333435000005	6.70069581057	-0.0007851992662300002	0.012250344652750003	-0.008121802008650002	0.13257859388048998	-0.006748895169899998	0.1298415663264	0.0	0.0	0.0	0.0	0.0	0.0	0.0	0.0	0.0	0.0	-0.01565589644478	0.27467050485964	0.0	0.0	-0.41163923079478004	6.97536631542964
-17.392633449999998	-0.1137	1.341	-1.0328502250000002e-05	0.0005059056466	-0.0006640277982300002	0.007290963622099998	-0.00030006264613000006	0.0033477863321000004	-9.021779960000003e-06	0.0006234169149999997	-0.0008856258564	0.006740800430700002	-0.0006745093551100002	0.004906144417599998	-1.1796615071000002e-05	2.738064385e-05	-0.0011075347149000002	0.008903216615200006	-0.00034490585915	0.0025156868055899997	-0.0009731122243200002	0.011262166869199999	-0.0030243724006310006	0.023093228912940005	-0.004007813127201	0.034861301428740006	-0.0134151699658	0.163960147872	-3.9614551994000005e-05	0.0004318834692295001	-0.0008450701088449999	0.011090765341699001	-0.00193063878648	0.022383459793100004	0.0	0.0	0.0	0.0	0.0	0.0	0.0	0.0	0.0	0.0	-0.0028153234473189998	0.033906108604028505	0.0	0.0	-0.016230493413119	0.1978662564760285	-0.08308750951300001	0.9819635574480001	-0.000164415491581	0.0016799846560239993	-0.0017063632973140005	0.02057919602193	-0.0014146857414399998	0.0182626602879	0.0	0.0	0.0	0.0	0.0	0.0	0.0	0.0	0.0	0.0	-0.0032854645303350004	0.040521840965854	0.0	0.0	-0.08637297404333501	1.0224853984138542
-17.28663345	-0.01122	-0.7754	-1.0252269059999995e-06	-0.0001473259848	-6.561549805800001e-05	-0.003772726323000001	-2.9542123774999994e-05	-0.0021462847429999997	-8.97125351e-07	-0.000169159303	-8.7464866573e-05	-0.003644866836200001	-6.637539814700002e-05	-0.0033805952407	-1.1601435188999996e-06	-3.925634240000001e-05	-0.00010951545076999999	-0.004379312805799998	-3.3975489696000004e-05	-0.0016581719331000002	-9.6054747184e-05	-0.006088170369000001	-0.00029849134870490004	-0.013102203158199998	-0.0003955713227949	-0.019337699511999998	-0.00132391323162	-0.0949772221602	-3.905871420199999e-06	-0.00027996407314000003	-8.34568678126e-05	-0.00603325586551	-0.00019047983310100004	-0.013479300276780003	0.0	0.0	0.0	0.0	0.0	0.0	0.0	0.0	0.0	0.0	-0.0002778425723338	-0.019792520215430005	0.0	0.0	-0.0016017558039538	-0.11476974237563001	-0.0082004429477	-0.5689013020650001	-1.6207463491490006e-05	-0.0010729039825200003	-0.00016853762552000002	-0.01088943246828	-0.00013954159383900003	-0.011249655059200002	0.0	0.0	0.0	0.0	0.0	0.0	0.0	0.0	0.0	0.0	-0.00032428668285049004	-0.023211991510000002	0.0	0.0	-0.00852472963055049	-0.5921132935750001
-17.18163345	-0.0005802	-0.3893	-5.331583636e-08	-9.848962608e-05	-3.3977359567000004e-06	-0.0019511059154999999	-1.5245919907999997e-06	-0.001055039305	-4.6755059699999985e-08	-0.00011692634960000002	-4.5258757326e-06	-0.0018612036629100002	-3.4235944764000003e-06	-0.0016369410534000002	-5.982581571e-08	-1.5850346680000004e-05	-5.672560473399999e-06	-0.0023031695002000002	-1.7540410077000002e-06	-0.0008067529089000001	-4.9690830072e-06	-0.0031230715701	-1.543589750581e-05	-0.006623917472090001	-2.045829634937e-05	-0.009845478668270001	-6.846393022920001e-05	-0.047599883775599997	-2.0183962926800008e-07	-0.000136492691423	-4.3170944049240005e-06	-0.003080600694203	-9.847048018049998e-06	-0.00668380713022	0.0	0.0	0.0	0.0	0.0	0.0	0.0	0.0	0.0	0.0	-1.4365982052241999e-05	-0.009900900515846	0.0	0.0	-8.2829912281442e-05	-0.057500784291446	-0.000424121322495	-0.2854654801483	-8.372517383930004e-07	-0.0005249215525550004	-8.720817357005e-06	-0.005607529857669999	-7.2126348377900025e-06	-0.00553753370237	0.0	0.0	0.0	0.0	0.0	0.0	0.0	0.0	0.0	0.0	-1.6770703933188002e-05	-0.011669985112595	0.0	0.0	-0.000440892026428188	-0.29713546526089496
-17.075633449999998	-1.636e-05	-0.07187	-1.511382663e-09	-1.9838370788000003e-05	-9.589263447400001e-08	-0.00036282954753999994	-4.289981878099999e-08	-0.00019416737722999995	-1.3282322690000003e-09	-2.3718307750000016e-05	-1.27669489443e-07	-0.0003449032087910001	-9.631919144599994e-08	-0.00030019820212000005	-1.682305512e-09	-2.673467554000002e-06	-1.60192219596e-07	-0.0004304945810799998	-4.93874508959e-08	-0.00014785465083	-1.40120685524e-07	-0.0005807152325199999	-4.352506568929e-07	-0.0012261241103749998	-5.768827250798999e-07	-0.001826677713683	-1.930560539652e-06	-0.008776706979800002	-5.6879228738e-09	-2.4986893629e-05	-1.217922124858e-07	-0.0005714272924724	-2.776244323219e-07	-0.00122878330487	0.0	0.0	0.0	0.0	0.0	0.0	0.0	0.0	0.0	0.0	-4.051045676815e-07	-0.0018251974909714	0.0	0.0	-2.3356651073335003e-06	-0.010601904470771402	-1.1959541530720001e-05	-0.05269673985941	-2.3589775115510005e-08	-9.625097957050003e-05	-2.460599710873e-07	-0.0010425661406559998	-2.0329951114129997e-07	-0.0010152928275520001	0.0	0.0	0.0	0.0	0.0	0.0	0.0	0.0	0.0	0.0	-4.7294925734410996e-07	-0.0021541099477785	0.0	0.0	-1.243249078806411e-05	-0.054850849807188504
-16.97063345	-2.564e-07	-0.006632	-2.3806688409999994e-11	-1.9195438837999994e-06	-1.50437203792e-09	-3.3595307891000035e-05	-6.710971681600001e-10	-1.7913370488600007e-05	-2.0963193629999996e-11	-2.3023231609999987e-06	-2.001458330570001e-09	-3.1875553933800016e-05	-1.5058812663200003e-09	-2.7673094236800005e-05	-2.6293528493000002e-11	-2.3337250097000002e-07	-2.51363945313e-09	-3.996043964200001e-05	-7.7266746114e-10	-1.3604734439700004e-05	-2.19643239971e-09	-5.381100154060004e-05	-6.819940039653001e-09	-0.00011334719475327003	-9.040179127773002e-09	-0.00016907774017767006	-3.02509148786e-08	-0.0008092271621603999	-8.906639377499998e-11	-2.2961197726799994e-06	-1.909179036546e-09	-5.28548779063e-05	-4.34920941629e-09	-0.00011313104664710001	0.0	0.0	0.0	0.0	0.0	0.0	0.0	0.0	0.0	0.0	-6.347454846611e-09	-0.00016828204432608	0.0	0.0	-3.6598369725211004e-08	-0.00097750920648648	-1.874226184812e-07	-0.004863193286805999	-3.69299561874e-10	-8.855359949089997e-06	-3.857407498389e-09	-9.654212579131e-05	-3.18450934691e-09	-9.3317371481e-05	0.0	0.0	0.0	0.0	0.0	0.0	0.0	0.0	0.0	0.0	-7.411216407173e-09	-0.0001987148572214	0.0	0.0	-1.94833834888373e-07	-0.005061908144027399
-16.86463345	-2.256e-09	-0.000329	-2.1047241820000006e-13	-9.806830440999996e-08	-1.3248231991999995e-11	-1.6688252664400001e-06	-5.8944901373e-12	-8.890319129300002e-07	-1.8568723250000007e-13	-1.1785789610000001e-07	-1.76170555489e-11	-1.5827654216799999e-06	-1.3220483987500001e-11	-1.37260393371e-06	-2.3076611067999996e-13	-1.1151551075999997e-08	-2.2145322932499995e-11	-1.9884219922099994e-06	-6.789173113799998e-12	-6.739465291699995e-07	-1.9328409361799997e-11	-2.67571507547e-06	-6.000280169338e-11	-5.628889427845999e-06	-7.954168347337999e-11	-8.402672807725999e-06	-2.6614889684470003e-10	-4.012081318556e-05	-7.831780650500001e-13	-1.1361820892000001e-07	-1.680324457782e-11	-2.6259113811539997e-06	-3.8259026401639995e-11	-5.6041882214470005e-06	0.0	0.0	0.0	0.0	0.0	0.0	0.0	0.0	0.0	0.0	-5.584544904451e-11	-8.343717811521e-06	0.0	0.0	-3.2199434588921e-10	-4.8464530997081004e-05	-1.6491270928920002e-09	-0.0002412296356555	-3.24663744254e-12	-4.384964789849997e-07	-3.396184615165e-11	-4.798625779652001e-06	-2.8005893019200002e-11	-4.617672638771999e-06	0.0	0.0	0.0	0.0	0.0	0.0	0.0	0.0	0.0	0.0	-6.521437661339e-11	-9.854794897409e-06	0.0	0.0	-1.71434146950539e-09	-0.000251084430552909
-16.75963345	-1.122e-11	-9.022e-06	-1.0510926670000004e-15	-2.742426316600001e-09	-6.591804278000001e-14	-4.580426507469999e-08	-2.9250161732199997e-14	-2.4399360961799994e-08	-9.291197169999999e-16	-3.299313109999999e-09	-8.760365018169999e-14	-4.3428000240799996e-08	-6.5589824963e-14	-3.764909208399999e-08	-1.144378977e-15	-2.9808981724999993e-10	-1.1022359230599998e-13	-5.4642569607900015e-08	-3.370264833550001e-14	-1.8468904996999992e-08	-9.60973242292e-14	-7.350293914649998e-08	-2.982640947632e-13	-1.5448665674695e-07	-3.954125116594e-13	-2.3073202221004996e-07	-1.323137589052e-12	-1.0998027823036e-06	-3.8911692569000005e-15	-3.1114602133999996e-09	-8.35542199111e-14	-7.205122446178e-08	-1.9013278239660002e-13	-1.5353132542377997e-07	0.0	0.0	0.0	0.0	0.0	0.0	0.0	0.0	0.0	0.0	-2.7757817156460004e-13	-2.2869401009895998e-07	0.0	0.0	-1.6007157606166e-12	-1.3284967924025601e-06	-8.198785601809999e-12	-6.6157404065860005e-06	-1.612696885371999e-14	-1.2014234577250002e-08	-1.6891245443169999e-13	-1.3175756891737e-07	-1.3916425178919998e-13	-1.264119235777e-07	0.0	0.0	0.0	0.0	0.0	0.0	0.0	0.0	0.0	0.0	-3.2420367507461995e-13	-2.7018372707232e-07	0.0	0.0	-8.522989276884619e-12	-6.8859241336583206e-06
-16.65363345	-3.158e-14	-1.386e-07	-2.9862284630000002e-18	-4.2660543579999996e-11	-1.8597870056100004e-16	-7.041570556300003e-10	-8.204055839400001e-17	-3.7490093232999995e-10	-2.649462152e-18	-5.1373905406e-11	-2.46860742024e-16	-6.672655724320002e-10	-1.8381192847199996e-16	-5.785487398449999e-10	-3.206125483599999e-18	-4.497835598199998e-12	-3.111027329950001e-16	-8.404111073820004e-10	-9.462608669899998e-17	-2.8354378330900004e-10	-2.7066872110700003e-16	-1.1304318933660003e-09	-8.396076156736e-16	-2.3742670385662007e-09	-1.1132625652436e-15	-3.547359475512201e-09	-3.725296327580001e-15	-1.6891089994083e-08	-1.09429390742e-17	-4.7753323905e-11	-2.354031095367e-16	-1.1074936314217e-09	-5.350741410401999e-16	-2.356911717086e-09	0.0	0.0	0.0	0.0	0.0	0.0	0.0	0.0	0.0	0.0	-7.814201896510999e-16	-3.5121586724127e-09	0.0	0.0	-4.506716517231101e-15	-2.04032486664957e-08	-2.3086830722700005e-14	-1.0162637709840001e-07	-4.532780378249999e-17	-1.8442353657710002e-10	-4.760811989712001e-16	-2.0257288317314e-09	-3.9149862610599985e-16	-1.939779688021e-09	0.0	0.0	0.0	0.0	0.0	0.0	0.0	0.0	0.0	0.0	-9.129076288596999e-16	-4.1499320563295e-09	0.0	0.0	-2.3999738351559704e-14	-1.0577630915472951e-07
-16.54863345	0.0	-1.201e-09	0.0	-3.7294626453999996e-13	0.0	-6.1037496106700005e-12	0.0	-3.248525326540001e-12	0.0	-4.4918567837000016e-13	0.0	-5.783283180779998e-12	0.0	-5.014047565590002e-12	0.0	-3.8500249171e-14	0.0	-7.288933783880004e-12	0.0	-2.45683467109e-12	0.0	-9.801460615580001e-12	0.0	-2.0581599450511003e-11	0.0	-3.0756006330631006e-11	0.0	-1.4633907765380003e-10	0.0	-4.135344155400001e-13	0.0	-9.600591552069999e-12	0.0	-2.0415844926439996e-11	0.0	0.0	0.0	0.0	0.0	0.0	0.0	0.0	0.0	0.0	0.0	-3.042997089405e-11	0.0	0.0	0.0	-1.7676904854785e-10	0.0	-8.805358190594998e-10	0.0	-1.5974418904100002e-12	0.0	-1.7563275601844e-11	0.0	-1.6795794314360002e-11	0.0	0.0	0.0	0.0	0.0	0.0	0.0	0.0	0.0	0.0	0.0	-3.5956511806614e-11	0.0	0.0	0.0	-9.164923308661138e-10
-16.44263345	0.0	-5.893e-12	0.0	-1.8407935493e-15	0.0	-2.996228917977001e-14	0.0	-1.5947308905399998e-14	0.0	-2.2182714964000007e-15	0.0	-2.8379983596509998e-14	0.0	-2.4617986360439995e-14	0.0	-1.8734994304e-16	0.0	-3.5784733095700023e-14	0.0	-1.2053914335500006e-14	0.0	-4.812786958157001e-14	0.0	-1.0102396733119002e-13	0.0	-1.5099263046206003e-13	0.0	-7.180457599131e-13	0.0	-2.028088739e-15	0.0	-4.7119070760310006e-14	0.0	-1.0015421824824e-13	0.0	0.0	0.0	0.0	0.0	0.0	0.0	0.0	0.0	0.0	0.0	-1.4930137774755002e-13	0.0	0.0	0.0	-8.6734713766065e-13	0.0	-4.321327012182e-12	0.0	-7.836614712239996e-15	0.0	-8.622605349106999e-14	0.0	-8.237699768982999e-14	0.0	0.0	0.0	0.0	0.0	0.0	0.0	0.0	0.0	0.0	0.0	-1.7643966589313997e-13	0.0	0.0	0.0	-4.49776667807514e-12
-16.33763345	0.0	-1.684e-14	0.0	-5.3267404077e-18	0.0	-8.567310801666001e-17	0.0	-4.5598790542300013e-17	0.0	-6.423144718199996e-18	0.0	-8.113968311168002e-17	0.0	-7.036807131421e-17	0.0	-5.258980271999998e-19	0.0	-1.0241461954932e-16	0.0	-3.4442929556700004e-17	0.0	-1.3769504327716003e-16	0.0	-2.8889120155911e-16	0.0	-4.3191298524397003e-16	0.0	-2.05167175493797e-15	0.0	-5.7900999403e-18	0.0	-1.3474381085766003e-16	0.0	-2.860543118217e-16	0.0	0.0	0.0	0.0	0.0	0.0	0.0	0.0	0.0	0.0	0.0	-4.2658822261966006e-16	0.0	0.0	0.0	-2.47825997755763e-15	0.0	-1.2350945648755999e-14	0.0	-2.2385529740050002e-17	0.0	-2.4661826832402e-16	0.0	-2.3518868358442e-16	0.0	0.0	0.0	0.0	0.0	0.0	0.0	0.0	0.0	0.0	0.0	-5.0419248164849e-16	0.0	0.0	0.0	-1.2855138130404488e-14
-16.232633449999998	0.0	0.0	0.0	0.0	0.0	0.0	0.0	0.0	0.0	0.0	0.0	0.0	0.0	0.0	0.0	0.0	0.0	0.0	0.0	0.0	0.0	0.0	0.0	0.0	0.0	0.0	0.0	0.0	0.0	0.0	0.0	0.0	0.0	0.0	0.0	0.0	0.0	0.0	0.0	0.0	0.0	0.0	0.0	0.0	0.0	0.0	0.0	0.0	0.0	0.0	0.0	0.0	0.0	0.0	0.0	0.0	0.0	0.0	0.0	0.0	0.0	0.0	0.0	0.0	0.0	0.0	0.0	0.0	0.0	0.0	0.0	0.0	0.0	0.0
-16.12663345	0.0	0.0	0.0	0.0	0.0	0.0	0.0	0.0	0.0	0.0	0.0	0.0	0.0	0.0	0.0	0.0	0.0	0.0	0.0	0.0	0.0	0.0	0.0	0.0	0.0	0.0	0.0	0.0	0.0	0.0	0.0	0.0	0.0	0.0	0.0	0.0	0.0	0.0	0.0	0.0	0.0	0.0	0.0	0.0	0.0	0.0	0.0	0.0	0.0	0.0	0.0	0.0	0.0	0.0	0.0	0.0	0.0	0.0	0.0	0.0	0.0	0.0	0.0	0.0	0.0	0.0	0.0	0.0	0.0	0.0	0.0	0.0	0.0	0.0
-16.02163345	0.0	0.0	0.0	0.0	0.0	0.0	0.0	0.0	0.0	0.0	0.0	0.0	0.0	0.0	0.0	0.0	0.0	0.0	0.0	0.0	0.0	0.0	0.0	0.0	0.0	0.0	0.0	0.0	0.0	0.0	0.0	0.0	0.0	0.0	0.0	0.0	0.0	0.0	0.0	0.0	0.0	0.0	0.0	0.0	0.0	0.0	0.0	0.0	0.0	0.0	0.0	0.0	0.0	0.0	0.0	0.0	0.0	0.0	0.0	0.0	0.0	0.0	0.0	0.0	0.0	0.0	0.0	0.0	0.0	0.0	0.0	0.0	0.0	0.0
-15.915633450000001	0.0	0.0	0.0	0.0	0.0	0.0	0.0	0.0	0.0	0.0	0.0	0.0	0.0	0.0	0.0	0.0	0.0	0.0	0.0	0.0	0.0	0.0	0.0	0.0	0.0	0.0	0.0	0.0	0.0	0.0	0.0	0.0	0.0	0.0	0.0	0.0	0.0	0.0	0.0	0.0	0.0	0.0	0.0	0.0	0.0	0.0	0.0	0.0	0.0	0.0	0.0	0.0	0.0	0.0	0.0	0.0	0.0	0.0	0.0	0.0	0.0	0.0	0.0	0.0	0.0	0.0	0.0	0.0	0.0	0.0	0.0	0.0	0.0	0.0
-15.810633450000001	0.0	0.0	0.0	0.0	0.0	0.0	0.0	0.0	0.0	0.0	0.0	0.0	0.0	0.0	0.0	0.0	0.0	0.0	0.0	0.0	0.0	0.0	0.0	0.0	0.0	0.0	0.0	0.0	0.0	0.0	0.0	0.0	0.0	0.0	0.0	0.0	0.0	0.0	0.0	0.0	0.0	0.0	0.0	0.0	0.0	0.0	0.0	0.0	0.0	0.0	0.0	0.0	0.0	0.0	0.0	0.0	0.0	0.0	0.0	0.0	0.0	0.0	0.0	0.0	0.0	0.0	0.0	0.0	0.0	0.0	0.0	0.0	0.0	0.0
-15.70463345	0.0	0.0	0.0	0.0	0.0	0.0	0.0	0.0	0.0	0.0	0.0	0.0	0.0	0.0	0.0	0.0	0.0	0.0	0.0	0.0	0.0	0.0	0.0	0.0	0.0	0.0	0.0	0.0	0.0	0.0	0.0	0.0	0.0	0.0	0.0	0.0	0.0	0.0	0.0	0.0	0.0	0.0	0.0	0.0	0.0	0.0	0.0	0.0	0.0	0.0	0.0	0.0	0.0	0.0	0.0	0.0	0.0	0.0	0.0	0.0	0.0	0.0	0.0	0.0	0.0	0.0	0.0	0.0	0.0	0.0	0.0	0.0	0.0	0.0
-15.599633449999999	0.0	0.0	0.0	0.0	0.0	0.0	0.0	0.0	0.0	0.0	0.0	0.0	0.0	0.0	0.0	0.0	0.0	0.0	0.0	0.0	0.0	0.0	0.0	0.0	0.0	0.0	0.0	0.0	0.0	0.0	0.0	0.0	0.0	0.0	0.0	0.0	0.0	0.0	0.0	0.0	0.0	0.0	0.0	0.0	0.0	0.0	0.0	0.0	0.0	0.0	0.0	0.0	0.0	0.0	0.0	0.0	0.0	0.0	0.0	0.0	0.0	0.0	0.0	0.0	0.0	0.0	0.0	0.0	0.0	0.0	0.0	0.0	0.0	0.0
-15.49363345	0.0	0.0	0.0	0.0	0.0	0.0	0.0	0.0	0.0	0.0	0.0	0.0	0.0	0.0	0.0	0.0	0.0	0.0	0.0	0.0	0.0	0.0	0.0	0.0	0.0	0.0	0.0	0.0	0.0	0.0	0.0	0.0	0.0	0.0	0.0	0.0	0.0	0.0	0.0	0.0	0.0	0.0	0.0	0.0	0.0	0.0	0.0	0.0	0.0	0.0	0.0	0.0	0.0	0.0	0.0	0.0	0.0	0.0	0.0	0.0	0.0	0.0	0.0	0.0	0.0	0.0	0.0	0.0	0.0	0.0	0.0	0.0	0.0	0.0
-15.38863345	0.0	0.0	0.0	0.0	0.0	0.0	0.0	0.0	0.0	0.0	0.0	0.0	0.0	0.0	0.0	0.0	0.0	0.0	0.0	0.0	0.0	0.0	0.0	0.0	0.0	0.0	0.0	0.0	0.0	0.0	0.0	0.0	0.0	0.0	0.0	0.0	0.0	0.0	0.0	0.0	0.0	0.0	0.0	0.0	0.0	0.0	0.0	0.0	0.0	0.0	0.0	0.0	0.0	0.0	0.0	0.0	0.0	0.0	0.0	0.0	0.0	0.0	0.0	0.0	0.0	0.0	0.0	0.0	0.0	0.0	0.0	0.0	0.0	0.0
-15.282633449999999	0.0	0.0	0.0	0.0	0.0	0.0	0.0	0.0	0.0	0.0	0.0	0.0	0.0	0.0	0.0	0.0	0.0	0.0	0.0	0.0	0.0	0.0	0.0	0.0	0.0	0.0	0.0	0.0	0.0	0.0	0.0	0.0	0.0	0.0	0.0	0.0	0.0	0.0	0.0	0.0	0.0	0.0	0.0	0.0	0.0	0.0	0.0	0.0	0.0	0.0	0.0	0.0	0.0	0.0	0.0	0.0	0.0	0.0	0.0	0.0	0.0	0.0	0.0	0.0	0.0	0.0	0.0	0.0	0.0	0.0	0.0	0.0	0.0	0.0
-15.177633449999998	0.0	0.0	0.0	0.0	0.0	0.0	0.0	0.0	0.0	0.0	0.0	0.0	0.0	0.0	0.0	0.0	0.0	0.0	0.0	0.0	0.0	0.0	0.0	0.0	0.0	0.0	0.0	0.0	0.0	0.0	0.0	0.0	0.0	0.0	0.0	0.0	0.0	0.0	0.0	0.0	0.0	0.0	0.0	0.0	0.0	0.0	0.0	0.0	0.0	0.0	0.0	0.0	0.0	0.0	0.0	0.0	0.0	0.0	0.0	0.0	0.0	0.0	0.0	0.0	0.0	0.0	0.0	0.0	0.0	0.0	0.0	0.0	0.0	0.0
-15.07163345	0.0	0.0	0.0	0.0	0.0	0.0	0.0	0.0	0.0	0.0	0.0	0.0	0.0	0.0	0.0	0.0	0.0	0.0	0.0	0.0	0.0	0.0	0.0	0.0	0.0	0.0	0.0	0.0	0.0	0.0	0.0	0.0	0.0	0.0	0.0	0.0	0.0	0.0	0.0	0.0	0.0	0.0	0.0	0.0	0.0	0.0	0.0	0.0	0.0	0.0	0.0	0.0	0.0	0.0	0.0	0.0	0.0	0.0	0.0	0.0	0.0	0.0	0.0	0.0	0.0	0.0	0.0	0.0	0.0	0.0	0.0	0.0	0.0	0.0
-14.96663345	0.0	0.0	0.0	0.0	0.0	0.0	0.0	0.0	0.0	0.0	0.0	0.0	0.0	0.0	0.0	0.0	0.0	0.0	0.0	0.0	0.0	0.0	0.0	0.0	0.0	0.0	0.0	0.0	0.0	0.0	0.0	0.0	0.0	0.0	0.0	0.0	0.0	0.0	0.0	0.0	0.0	0.0	0.0	0.0	0.0	0.0	0.0	0.0	0.0	0.0	0.0	0.0	0.0	0.0	0.0	0.0	0.0	0.0	0.0	0.0	0.0	0.0	0.0	0.0	0.0	0.0	0.0	0.0	0.0	0.0	0.0	0.0	0.0	0.0
-14.86163345	0.0	0.0	0.0	0.0	0.0	0.0	0.0	0.0	0.0	0.0	0.0	0.0	0.0	0.0	0.0	0.0	0.0	0.0	0.0	0.0	0.0	0.0	0.0	0.0	0.0	0.0	0.0	0.0	0.0	0.0	0.0	0.0	0.0	0.0	0.0	0.0	0.0	0.0	0.0	0.0	0.0	0.0	0.0	0.0	0.0	0.0	0.0	0.0	0.0	0.0	0.0	0.0	0.0	0.0	0.0	0.0	0.0	0.0	0.0	0.0	0.0	0.0	0.0	0.0	0.0	0.0	0.0	0.0	0.0	0.0	0.0	0.0	0.0	0.0
-14.755633450000001	0.0	0.0	0.0	0.0	0.0	0.0	0.0	0.0	0.0	0.0	0.0	0.0	0.0	0.0	0.0	0.0	0.0	0.0	0.0	0.0	0.0	0.0	0.0	0.0	0.0	0.0	0.0	0.0	0.0	0.0	0.0	0.0	0.0	0.0	0.0	0.0	0.0	0.0	0.0	0.0	0.0	0.0	0.0	0.0	0.0	0.0	0.0	0.0	0.0	0.0	0.0	0.0	0.0	0.0	0.0	0.0	0.0	0.0	0.0	0.0	0.0	0.0	0.0	0.0	0.0	0.0	0.0	0.0	0.0	0.0	0.0	0.0	0.0	0.0
-14.65063345	0.0	0.0	0.0	0.0	0.0	0.0	0.0	0.0	0.0	0.0	0.0	0.0	0.0	0.0	0.0	0.0	0.0	0.0	0.0	0.0	0.0	0.0	0.0	0.0	0.0	0.0	0.0	0.0	0.0	0.0	0.0	0.0	0.0	0.0	0.0	0.0	0.0	0.0	0.0	0.0	0.0	0.0	0.0	0.0	0.0	0.0	0.0	0.0	0.0	0.0	0.0	0.0	0.0	0.0	0.0	0.0	0.0	0.0	0.0	0.0	0.0	0.0	0.0	0.0	0.0	0.0	0.0	0.0	0.0	0.0	0.0	0.0	0.0	0.0
-14.54463345	0.0	0.0	0.0	0.0	0.0	0.0	0.0	0.0	0.0	0.0	0.0	0.0	0.0	0.0	0.0	0.0	0.0	0.0	0.0	0.0	0.0	0.0	0.0	0.0	0.0	0.0	0.0	0.0	0.0	0.0	0.0	0.0	0.0	0.0	0.0	0.0	0.0	0.0	0.0	0.0	0.0	0.0	0.0	0.0	0.0	0.0	0.0	0.0	0.0	0.0	0.0	0.0	0.0	0.0	0.0	0.0	0.0	0.0	0.0	0.0	0.0	0.0	0.0	0.0	0.0	0.0	0.0	0.0	0.0	0.0	0.0	0.0	0.0	0.0
-14.439633449999999	0.0	0.0	0.0	0.0	0.0	0.0	0.0	0.0	0.0	0.0	0.0	0.0	0.0	0.0	0.0	0.0	0.0	0.0	0.0	0.0	0.0	0.0	0.0	0.0	0.0	0.0	0.0	0.0	0.0	0.0	0.0	0.0	0.0	0.0	0.0	0.0	0.0	0.0	0.0	0.0	0.0	0.0	0.0	0.0	0.0	0.0	0.0	0.0	0.0	0.0	0.0	0.0	0.0	0.0	0.0	0.0	0.0	0.0	0.0	0.0	0.0	0.0	0.0	0.0	0.0	0.0	0.0	0.0	0.0	0.0	0.0	0.0	0.0	0.0
-14.33363345	0.0	0.0	0.0	0.0	0.0	0.0	0.0	0.0	0.0	0.0	0.0	0.0	0.0	0.0	0.0	0.0	0.0	0.0	0.0	0.0	0.0	0.0	0.0	0.0	0.0	0.0	0.0	0.0	0.0	0.0	0.0	0.0	0.0	0.0	0.0	0.0	0.0	0.0	0.0	0.0	0.0	0.0	0.0	0.0	0.0	0.0	0.0	0.0	0.0	0.0	0.0	0.0	0.0	0.0	0.0	0.0	0.0	0.0	0.0	0.0	0.0	0.0	0.0	0.0	0.0	0.0	0.0	0.0	0.0	0.0	0.0	0.0	0.0	0.0
-14.22863345	0.0	0.0	0.0	0.0	0.0	0.0	0.0	0.0	0.0	0.0	0.0	0.0	0.0	0.0	0.0	0.0	0.0	0.0	0.0	0.0	0.0	0.0	0.0	0.0	0.0	0.0	0.0	0.0	0.0	0.0	0.0	0.0	0.0	0.0	0.0	0.0	0.0	0.0	0.0	0.0	0.0	0.0	0.0	0.0	0.0	0.0	0.0	0.0	0.0	0.0	0.0	0.0	0.0	0.0	0.0	0.0	0.0	0.0	0.0	0.0	0.0	0.0	0.0	0.0	0.0	0.0	0.0	0.0	0.0	0.0	0.0	0.0	0.0	0.0
-14.122633449999999	0.0	0.0	0.0	0.0	0.0	0.0	0.0	0.0	0.0	0.0	0.0	0.0	0.0	0.0	0.0	0.0	0.0	0.0	0.0	0.0	0.0	0.0	0.0	0.0	0.0	0.0	0.0	0.0	0.0	0.0	0.0	0.0	0.0	0.0	0.0	0.0	0.0	0.0	0.0	0.0	0.0	0.0	0.0	0.0	0.0	0.0	0.0	0.0	0.0	0.0	0.0	0.0	0.0	0.0	0.0	0.0	0.0	0.0	0.0	0.0	0.0	0.0	0.0	0.0	0.0	0.0	0.0	0.0	0.0	0.0	0.0	0.0	0.0	0.0
-14.017633449999998	0.0	0.0	0.0	0.0	0.0	0.0	0.0	0.0	0.0	0.0	0.0	0.0	0.0	0.0	0.0	0.0	0.0	0.0	0.0	0.0	0.0	0.0	0.0	0.0	0.0	0.0	0.0	0.0	0.0	0.0	0.0	0.0	0.0	0.0	0.0	0.0	0.0	0.0	0.0	0.0	0.0	0.0	0.0	0.0	0.0	0.0	0.0	0.0	0.0	0.0	0.0	0.0	0.0	0.0	0.0	0.0	0.0	0.0	0.0	0.0	0.0	0.0	0.0	0.0	0.0	0.0	0.0	0.0	0.0	0.0	0.0	0.0	0.0	0.0
-13.91163345	0.0	0.0	0.0	0.0	0.0	0.0	0.0	0.0	0.0	0.0	0.0	0.0	0.0	0.0	0.0	0.0	0.0	0.0	0.0	0.0	0.0	0.0	0.0	0.0	0.0	0.0	0.0	0.0	0.0	0.0	0.0	0.0	0.0	0.0	0.0	0.0	0.0	0.0	0.0	0.0	0.0	0.0	0.0	0.0	0.0	0.0	0.0	0.0	0.0	0.0	0.0	0.0	0.0	0.0	0.0	0.0	0.0	0.0	0.0	0.0	0.0	0.0	0.0	0.0	0.0	0.0	0.0	0.0	0.0	0.0	0.0	0.0	0.0	0.0
-13.80663345	0.0	0.0	0.0	0.0	0.0	0.0	0.0	0.0	0.0	0.0	0.0	0.0	0.0	0.0	0.0	0.0	0.0	0.0	0.0	0.0	0.0	0.0	0.0	0.0	0.0	0.0	0.0	0.0	0.0	0.0	0.0	0.0	0.0	0.0	0.0	0.0	0.0	0.0	0.0	0.0	0.0	0.0	0.0	0.0	0.0	0.0	0.0	0.0	0.0	0.0	0.0	0.0	0.0	0.0	0.0	0.0	0.0	0.0	0.0	0.0	0.0	0.0	0.0	0.0	0.0	0.0	0.0	0.0	0.0	0.0	0.0	0.0	0.0	0.0
-13.700633449999998	0.0	0.0	0.0	0.0	0.0	0.0	0.0	0.0	0.0	0.0	0.0	0.0	0.0	0.0	0.0	0.0	0.0	0.0	0.0	0.0	0.0	0.0	0.0	0.0	0.0	0.0	0.0	0.0	0.0	0.0	0.0	0.0	0.0	0.0	0.0	0.0	0.0	0.0	0.0	0.0	0.0	0.0	0.0	0.0	0.0	0.0	0.0	0.0	0.0	0.0	0.0	0.0	0.0	0.0	0.0	0.0	0.0	0.0	0.0	0.0	0.0	0.0	0.0	0.0	0.0	0.0	0.0	0.0	0.0	0.0	0.0	0.0	0.0	0.0
-13.595633450000001	0.0	0.0	0.0	0.0	0.0	0.0	0.0	0.0	0.0	0.0	0.0	0.0	0.0	0.0	0.0	0.0	0.0	0.0	0.0	0.0	0.0	0.0	0.0	0.0	0.0	0.0	0.0	0.0	0.0	0.0	0.0	0.0	0.0	0.0	0.0	0.0	0.0	0.0	0.0	0.0	0.0	0.0	0.0	0.0	0.0	0.0	0.0	0.0	0.0	0.0	0.0	0.0	0.0	0.0	0.0	0.0	0.0	0.0	0.0	0.0	0.0	0.0	0.0	0.0	0.0	0.0	0.0	0.0	0.0	0.0	0.0	0.0	0.0	0.0
-13.49063345	0.0	0.0	0.0	0.0	0.0	0.0	0.0	0.0	0.0	0.0	0.0	0.0	0.0	0.0	0.0	0.0	0.0	0.0	0.0	0.0	0.0	0.0	0.0	0.0	0.0	0.0	0.0	0.0	0.0	0.0	0.0	0.0	0.0	0.0	0.0	0.0	0.0	0.0	0.0	0.0	0.0	0.0	0.0	0.0	0.0	0.0	0.0	0.0	0.0	0.0	0.0	0.0	0.0	0.0	0.0	0.0	0.0	0.0	0.0	0.0	0.0	0.0	0.0	0.0	0.0	0.0	0.0	0.0	0.0	0.0	0.0	0.0	0.0	0.0
-13.384633449999999	0.0	0.0	0.0	0.0	0.0	0.0	0.0	0.0	0.0	0.0	0.0	0.0	0.0	0.0	0.0	0.0	0.0	0.0	0.0	0.0	0.0	0.0	0.0	0.0	0.0	0.0	0.0	0.0	0.0	0.0	0.0	0.0	0.0	0.0	0.0	0.0	0.0	0.0	0.0	0.0	0.0	0.0	0.0	0.0	0.0	0.0	0.0	0.0	0.0	0.0	0.0	0.0	0.0	0.0	0.0	0.0	0.0	0.0	0.0	0.0	0.0	0.0	0.0	0.0	0.0	0.0	0.0	0.0	0.0	0.0	0.0	0.0	0.0	0.0
-13.279633449999999	0.0	0.0	0.0	0.0	0.0	0.0	0.0	0.0	0.0	0.0	0.0	0.0	0.0	0.0	0.0	0.0	0.0	0.0	0.0	0.0	0.0	0.0	0.0	0.0	0.0	0.0	0.0	0.0	0.0	0.0	0.0	0.0	0.0	0.0	0.0	0.0	0.0	0.0	0.0	0.0	0.0	0.0	0.0	0.0	0.0	0.0	0.0	0.0	0.0	0.0	0.0	0.0	0.0	0.0	0.0	0.0	0.0	0.0	0.0	0.0	0.0	0.0	0.0	0.0	0.0	0.0	0.0	0.0	0.0	0.0	0.0	0.0	0.0	0.0
-13.17363345	0.0	0.0	0.0	0.0	0.0	0.0	0.0	0.0	0.0	0.0	0.0	0.0	0.0	0.0	0.0	0.0	0.0	0.0	0.0	0.0	0.0	0.0	0.0	0.0	0.0	0.0	0.0	0.0	0.0	0.0	0.0	0.0	0.0	0.0	0.0	0.0	0.0	0.0	0.0	0.0	0.0	0.0	0.0	0.0	0.0	0.0	0.0	0.0	0.0	0.0	0.0	0.0	0.0	0.0	0.0	0.0	0.0	0.0	0.0	0.0	0.0	0.0	0.0	0.0	0.0	0.0	0.0	0.0	0.0	0.0	0.0	0.0	0.0	0.0
-13.06863345	0.0	0.0	0.0	0.0	0.0	0.0	0.0	0.0	0.0	0.0	0.0	0.0	0.0	0.0	0.0	0.0	0.0	0.0	0.0	0.0	0.0	0.0	0.0	0.0	0.0	0.0	0.0	0.0	0.0	0.0	0.0	0.0	0.0	0.0	0.0	0.0	0.0	0.0	0.0	0.0	0.0	0.0	0.0	0.0	0.0	0.0	0.0	0.0	0.0	0.0	0.0	0.0	0.0	0.0	0.0	0.0	0.0	0.0	0.0	0.0	0.0	0.0	0.0	0.0	0.0	0.0	0.0	0.0	0.0	0.0	0.0	0.0	0.0	0.0
-12.962633449999998	0.0	0.0	0.0	0.0	0.0	0.0	0.0	0.0	0.0	0.0	0.0	0.0	0.0	0.0	0.0	0.0	0.0	0.0	0.0	0.0	0.0	0.0	0.0	0.0	0.0	0.0	0.0	0.0	0.0	0.0	0.0	0.0	0.0	0.0	0.0	0.0	0.0	0.0	0.0	0.0	0.0	0.0	0.0	0.0	0.0	0.0	0.0	0.0	0.0	0.0	0.0	0.0	0.0	0.0	0.0	0.0	0.0	0.0	0.0	0.0	0.0	0.0	0.0	0.0	0.0	0.0	0.0	0.0	0.0	0.0	0.0	0.0	0.0	0.0
-12.857633449999998	0.0	0.0	0.0	0.0	0.0	0.0	0.0	0.0	0.0	0.0	0.0	0.0	0.0	0.0	0.0	0.0	0.0	0.0	0.0	0.0	0.0	0.0	0.0	0.0	0.0	0.0	0.0	0.0	0.0	0.0	0.0	0.0	0.0	0.0	0.0	0.0	0.0	0.0	0.0	0.0	0.0	0.0	0.0	0.0	0.0	0.0	0.0	0.0	0.0	0.0	0.0	0.0	0.0	0.0	0.0	0.0	0.0	0.0	0.0	0.0	0.0	0.0	0.0	0.0	0.0	0.0	0.0	0.0	0.0	0.0	0.0	0.0	0.0	0.0
-12.75163345	0.0	0.0	0.0	0.0	0.0	0.0	0.0	0.0	0.0	0.0	0.0	0.0	0.0	0.0	0.0	0.0	0.0	0.0	0.0	0.0	0.0	0.0	0.0	0.0	0.0	0.0	0.0	0.0	0.0	0.0	0.0	0.0	0.0	0.0	0.0	0.0	0.0	0.0	0.0	0.0	0.0	0.0	0.0	0.0	0.0	0.0	0.0	0.0	0.0	0.0	0.0	0.0	0.0	0.0	0.0	0.0	0.0	0.0	0.0	0.0	0.0	0.0	0.0	0.0	0.0	0.0	0.0	0.0	0.0	0.0	0.0	0.0	0.0	0.0
-12.64663345	0.0	0.0	0.0	0.0	0.0	0.0	0.0	0.0	0.0	0.0	0.0	0.0	0.0	0.0	0.0	0.0	0.0	0.0	0.0	0.0	0.0	0.0	0.0	0.0	0.0	0.0	0.0	0.0	0.0	0.0	0.0	0.0	0.0	0.0	0.0	0.0	0.0	0.0	0.0	0.0	0.0	0.0	0.0	0.0	0.0	0.0	0.0	0.0	0.0	0.0	0.0	0.0	0.0	0.0	0.0	0.0	0.0	0.0	0.0	0.0	0.0	0.0	0.0	0.0	0.0	0.0	0.0	0.0	0.0	0.0	0.0	0.0	0.0	0.0
-12.54063345	0.0	0.0	0.0	0.0	0.0	0.0	0.0	0.0	0.0	0.0	0.0	0.0	0.0	0.0	0.0	0.0	0.0	0.0	0.0	0.0	0.0	0.0	0.0	0.0	0.0	0.0	0.0	0.0	0.0	0.0	0.0	0.0	0.0	0.0	0.0	0.0	0.0	0.0	0.0	0.0	0.0	0.0	0.0	0.0	0.0	0.0	0.0	0.0	0.0	0.0	0.0	0.0	0.0	0.0	0.0	0.0	0.0	0.0	0.0	0.0	0.0	0.0	0.0	0.0	0.0	0.0	0.0	0.0	0.0	0.0	0.0	0.0	0.0	0.0
-12.43563345	0.0	0.0	0.0	0.0	0.0	0.0	0.0	0.0	0.0	0.0	0.0	0.0	0.0	0.0	0.0	0.0	0.0	0.0	0.0	0.0	0.0	0.0	0.0	0.0	0.0	0.0	0.0	0.0	0.0	0.0	0.0	0.0	0.0	0.0	0.0	0.0	0.0	0.0	0.0	0.0	0.0	0.0	0.0	0.0	0.0	0.0	0.0	0.0	0.0	0.0	0.0	0.0	0.0	0.0	0.0	0.0	0.0	0.0	0.0	0.0	0.0	0.0	0.0	0.0	0.0	0.0	0.0	0.0	0.0	0.0	0.0	0.0	0.0	0.0
-12.32963345	0.0	0.0	0.0	0.0	0.0	0.0	0.0	0.0	0.0	0.0	0.0	0.0	0.0	0.0	0.0	0.0	0.0	0.0	0.0	0.0	0.0	0.0	0.0	0.0	0.0	0.0	0.0	0.0	0.0	0.0	0.0	0.0	0.0	0.0	0.0	0.0	0.0	0.0	0.0	0.0	0.0	0.0	0.0	0.0	0.0	0.0	0.0	0.0	0.0	0.0	0.0	0.0	0.0	0.0	0.0	0.0	0.0	0.0	0.0	0.0	0.0	0.0	0.0	0.0	0.0	0.0	0.0	0.0	0.0	0.0	0.0	0.0	0.0	0.0
-12.224633449999999	0.0	0.0	0.0	0.0	0.0	0.0	0.0	0.0	0.0	0.0	0.0	0.0	0.0	0.0	0.0	0.0	0.0	0.0	0.0	0.0	0.0	0.0	0.0	0.0	0.0	0.0	0.0	0.0	0.0	0.0	0.0	0.0	0.0	0.0	0.0	0.0	0.0	0.0	0.0	0.0	0.0	0.0	0.0	0.0	0.0	0.0	0.0	0.0	0.0	0.0	0.0	0.0	0.0	0.0	0.0	0.0	0.0	0.0	0.0	0.0	0.0	0.0	0.0	0.0	0.0	0.0	0.0	0.0	0.0	0.0	0.0	0.0	0.0	0.0
-12.11963345	0.0	0.0	0.0	0.0	0.0	0.0	0.0	0.0	0.0	0.0	0.0	0.0	0.0	0.0	0.0	0.0	0.0	0.0	0.0	0.0	0.0	0.0	0.0	0.0	0.0	0.0	0.0	0.0	0.0	0.0	0.0	0.0	0.0	0.0	0.0	0.0	0.0	0.0	0.0	0.0	0.0	0.0	0.0	0.0	0.0	0.0	0.0	0.0	0.0	0.0	0.0	0.0	0.0	0.0	0.0	0.0	0.0	0.0	0.0	0.0	0.0	0.0	0.0	0.0	0.0	0.0	0.0	0.0	0.0	0.0	0.0	0.0	0.0	0.0
-12.01363345	0.0	0.0	0.0	0.0	0.0	0.0	0.0	0.0	0.0	0.0	0.0	0.0	0.0	0.0	0.0	0.0	0.0	0.0	0.0	0.0	0.0	0.0	0.0	0.0	0.0	0.0	0.0	0.0	0.0	0.0	0.0	0.0	0.0	0.0	0.0	0.0	0.0	0.0	0.0	0.0	0.0	0.0	0.0	0.0	0.0	0.0	0.0	0.0	0.0	0.0	0.0	0.0	0.0	0.0	0.0	0.0	0.0	0.0	0.0	0.0	0.0	0.0	0.0	0.0	0.0	0.0	0.0	0.0	0.0	0.0	0.0	0.0	0.0	0.0
-11.90863345	0.0	0.0	0.0	0.0	0.0	0.0	0.0	0.0	0.0	0.0	0.0	0.0	0.0	0.0	0.0	0.0	0.0	0.0	0.0	0.0	0.0	0.0	0.0	0.0	0.0	0.0	0.0	0.0	0.0	0.0	0.0	0.0	0.0	0.0	0.0	0.0	0.0	0.0	0.0	0.0	0.0	0.0	0.0	0.0	0.0	0.0	0.0	0.0	0.0	0.0	0.0	0.0	0.0	0.0	0.0	0.0	0.0	0.0	0.0	0.0	0.0	0.0	0.0	0.0	0.0	0.0	0.0	0.0	0.0	0.0	0.0	0.0	0.0	0.0
-11.80263345	0.0	0.0	0.0	0.0	0.0	0.0	0.0	0.0	0.0	0.0	0.0	0.0	0.0	0.0	0.0	0.0	0.0	0.0	0.0	0.0	0.0	0.0	0.0	0.0	0.0	0.0	0.0	0.0	0.0	0.0	0.0	0.0	0.0	0.0	0.0	0.0	0.0	0.0	0.0	0.0	0.0	0.0	0.0	0.0	0.0	0.0	0.0	0.0	0.0	0.0	0.0	0.0	0.0	0.0	0.0	0.0	0.0	0.0	0.0	0.0	0.0	0.0	0.0	0.0	0.0	0.0	0.0	0.0	0.0	0.0	0.0	0.0	0.0	0.0
-11.69763345	0.0	0.0	0.0	0.0	0.0	0.0	0.0	0.0	0.0	0.0	0.0	0.0	0.0	0.0	0.0	0.0	0.0	0.0	0.0	0.0	0.0	0.0	0.0	0.0	0.0	0.0	0.0	0.0	0.0	0.0	0.0	0.0	0.0	0.0	0.0	0.0	0.0	0.0	0.0	0.0	0.0	0.0	0.0	0.0	0.0	0.0	0.0	0.0	0.0	0.0	0.0	0.0	0.0	0.0	0.0	0.0	0.0	0.0	0.0	0.0	0.0	0.0	0.0	0.0	0.0	0.0	0.0	0.0	0.0	0.0	0.0	0.0	0.0	0.0
-11.59163345	0.0	0.0	0.0	0.0	0.0	0.0	0.0	0.0	0.0	0.0	0.0	0.0	0.0	0.0	0.0	0.0	0.0	0.0	0.0	0.0	0.0	0.0	0.0	0.0	0.0	0.0	0.0	0.0	0.0	0.0	0.0	0.0	0.0	0.0	0.0	0.0	0.0	0.0	0.0	0.0	0.0	0.0	0.0	0.0	0.0	0.0	0.0	0.0	0.0	0.0	0.0	0.0	0.0	0.0	0.0	0.0	0.0	0.0	0.0	0.0	0.0	0.0	0.0	0.0	0.0	0.0	0.0	0.0	0.0	0.0	0.0	0.0	0.0	0.0
-11.48663345	0.0	0.0	0.0	0.0	0.0	0.0	0.0	0.0	0.0	0.0	0.0	0.0	0.0	0.0	0.0	0.0	0.0	0.0	0.0	0.0	0.0	0.0	0.0	0.0	0.0	0.0	0.0	0.0	0.0	0.0	0.0	0.0	0.0	0.0	0.0	0.0	0.0	0.0	0.0	0.0	0.0	0.0	0.0	0.0	0.0	0.0	0.0	0.0	0.0	0.0	0.0	0.0	0.0	0.0	0.0	0.0	0.0	0.0	0.0	0.0	0.0	0.0	0.0	0.0	0.0	0.0	0.0	0.0	0.0	0.0	0.0	0.0	0.0	0.0
-11.38063345	0.0	0.0	0.0	0.0	0.0	0.0	0.0	0.0	0.0	0.0	0.0	0.0	0.0	0.0	0.0	0.0	0.0	0.0	0.0	0.0	0.0	0.0	0.0	0.0	0.0	0.0	0.0	0.0	0.0	0.0	0.0	0.0	0.0	0.0	0.0	0.0	0.0	0.0	0.0	0.0	0.0	0.0	0.0	0.0	0.0	0.0	0.0	0.0	0.0	0.0	0.0	0.0	0.0	0.0	0.0	0.0	0.0	0.0	0.0	0.0	0.0	0.0	0.0	0.0	0.0	0.0	0.0	0.0	0.0	0.0	0.0	0.0	0.0	0.0
-11.275633449999999	0.0	0.0	0.0	0.0	0.0	0.0	0.0	0.0	0.0	0.0	0.0	0.0	0.0	0.0	0.0	0.0	0.0	0.0	0.0	0.0	0.0	0.0	0.0	0.0	0.0	0.0	0.0	0.0	0.0	0.0	0.0	0.0	0.0	0.0	0.0	0.0	0.0	0.0	0.0	0.0	0.0	0.0	0.0	0.0	0.0	0.0	0.0	0.0	0.0	0.0	0.0	0.0	0.0	0.0	0.0	0.0	0.0	0.0	0.0	0.0	0.0	0.0	0.0	0.0	0.0	0.0	0.0	0.0	0.0	0.0	0.0	0.0	0.0	0.0
-11.16963345	0.0	0.0	0.0	0.0	0.0	0.0	0.0	0.0	0.0	0.0	0.0	0.0	0.0	0.0	0.0	0.0	0.0	0.0	0.0	0.0	0.0	0.0	0.0	0.0	0.0	0.0	0.0	0.0	0.0	0.0	0.0	0.0	0.0	0.0	0.0	0.0	0.0	0.0	0.0	0.0	0.0	0.0	0.0	0.0	0.0	0.0	0.0	0.0	0.0	0.0	0.0	0.0	0.0	0.0	0.0	0.0	0.0	0.0	0.0	0.0	0.0	0.0	0.0	0.0	0.0	0.0	0.0	0.0	0.0	0.0	0.0	0.0	0.0	0.0
-11.06463345	0.0	0.0	0.0	0.0	0.0	0.0	0.0	0.0	0.0	0.0	0.0	0.0	0.0	0.0	0.0	0.0	0.0	0.0	0.0	0.0	0.0	0.0	0.0	0.0	0.0	0.0	0.0	0.0	0.0	0.0	0.0	0.0	0.0	0.0	0.0	0.0	0.0	0.0	0.0	0.0	0.0	0.0	0.0	0.0	0.0	0.0	0.0	0.0	0.0	0.0	0.0	0.0	0.0	0.0	0.0	0.0	0.0	0.0	0.0	0.0	0.0	0.0	0.0	0.0	0.0	0.0	0.0	0.0	0.0	0.0	0.0	0.0	0.0	0.0
-10.958633449999999	0.0	0.0	0.0	0.0	0.0	0.0	0.0	0.0	0.0	0.0	0.0	0.0	0.0	0.0	0.0	0.0	0.0	0.0	0.0	0.0	0.0	0.0	0.0	0.0	0.0	0.0	0.0	0.0	0.0	0.0	0.0	0.0	0.0	0.0	0.0	0.0	0.0	0.0	0.0	0.0	0.0	0.0	0.0	0.0	0.0	0.0	0.0	0.0	0.0	0.0	0.0	0.0	0.0	0.0	0.0	0.0	0.0	0.0	0.0	0.0	0.0	0.0	0.0	0.0	0.0	0.0	0.0	0.0	0.0	0.0	0.0	0.0	0.0	0.0
-10.85363345	0.0	0.0	0.0	0.0	0.0	0.0	0.0	0.0	0.0	0.0	0.0	0.0	0.0	0.0	0.0	0.0	0.0	0.0	0.0	0.0	0.0	0.0	0.0	0.0	0.0	0.0	0.0	0.0	0.0	0.0	0.0	0.0	0.0	0.0	0.0	0.0	0.0	0.0	0.0	0.0	0.0	0.0	0.0	0.0	0.0	0.0	0.0	0.0	0.0	0.0	0.0	0.0	0.0	0.0	0.0	0.0	0.0	0.0	0.0	0.0	0.0	0.0	0.0	0.0	0.0	0.0	0.0	0.0	0.0	0.0	0.0	0.0	0.0	0.0
-10.74763345	0.0	0.0	0.0	0.0	0.0	0.0	0.0	0.0	0.0	0.0	0.0	0.0	0.0	0.0	0.0	0.0	0.0	0.0	0.0	0.0	0.0	0.0	0.0	0.0	0.0	0.0	0.0	0.0	0.0	0.0	0.0	0.0	0.0	0.0	0.0	0.0	0.0	0.0	0.0	0.0	0.0	0.0	0.0	0.0	0.0	0.0	0.0	0.0	0.0	0.0	0.0	0.0	0.0	0.0	0.0	0.0	0.0	0.0	0.0	0.0	0.0	0.0	0.0	0.0	0.0	0.0	0.0	0.0	0.0	0.0	0.0	0.0	0.0	0.0
-10.64263345	0.0	0.0	0.0	0.0	0.0	0.0	0.0	0.0	0.0	0.0	0.0	0.0	0.0	0.0	0.0	0.0	0.0	0.0	0.0	0.0	0.0	0.0	0.0	0.0	0.0	0.0	0.0	0.0	0.0	0.0	0.0	0.0	0.0	0.0	0.0	0.0	0.0	0.0	0.0	0.0	0.0	0.0	0.0	0.0	0.0	0.0	0.0	0.0	0.0	0.0	0.0	0.0	0.0	0.0	0.0	0.0	0.0	0.0	0.0	0.0	0.0	0.0	0.0	0.0	0.0	0.0	0.0	0.0	0.0	0.0	0.0	0.0	0.0	0.0
-10.53763345	0.0	0.0	0.0	0.0	0.0	0.0	0.0	0.0	0.0	0.0	0.0	0.0	0.0	0.0	0.0	0.0	0.0	0.0	0.0	0.0	0.0	0.0	0.0	0.0	0.0	0.0	0.0	0.0	0.0	0.0	0.0	0.0	0.0	0.0	0.0	0.0	0.0	0.0	0.0	0.0	0.0	0.0	0.0	0.0	0.0	0.0	0.0	0.0	0.0	0.0	0.0	0.0	0.0	0.0	0.0	0.0	0.0	0.0	0.0	0.0	0.0	0.0	0.0	0.0	0.0	0.0	0.0	0.0	0.0	0.0	0.0	0.0	0.0	0.0
-10.43163345	0.0	0.0	0.0	0.0	0.0	0.0	0.0	0.0	0.0	0.0	0.0	0.0	0.0	0.0	0.0	0.0	0.0	0.0	0.0	0.0	0.0	0.0	0.0	0.0	0.0	0.0	0.0	0.0	0.0	0.0	0.0	0.0	0.0	0.0	0.0	0.0	0.0	0.0	0.0	0.0	0.0	0.0	0.0	0.0	0.0	0.0	0.0	0.0	0.0	0.0	0.0	0.0	0.0	0.0	0.0	0.0	0.0	0.0	0.0	0.0	0.0	0.0	0.0	0.0	0.0	0.0	0.0	0.0	0.0	0.0	0.0	0.0	0.0	0.0
-10.32663345	0.0	0.0	0.0	0.0	0.0	0.0	0.0	0.0	0.0	0.0	0.0	0.0	0.0	0.0	0.0	0.0	0.0	0.0	0.0	0.0	0.0	0.0	0.0	0.0	0.0	0.0	0.0	0.0	0.0	0.0	0.0	0.0	0.0	0.0	0.0	0.0	0.0	0.0	0.0	0.0	0.0	0.0	0.0	0.0	0.0	0.0	0.0	0.0	0.0	0.0	0.0	0.0	0.0	0.0	0.0	0.0	0.0	0.0	0.0	0.0	0.0	0.0	0.0	0.0	0.0	0.0	0.0	0.0	0.0	0.0	0.0	0.0	0.0	0.0
-10.22063345	0.0	0.0	0.0	0.0	0.0	0.0	0.0	0.0	0.0	0.0	0.0	0.0	0.0	0.0	0.0	0.0	0.0	0.0	0.0	0.0	0.0	0.0	0.0	0.0	0.0	0.0	0.0	0.0	0.0	0.0	0.0	0.0	0.0	0.0	0.0	0.0	0.0	0.0	0.0	0.0	0.0	0.0	0.0	0.0	0.0	0.0	0.0	0.0	0.0	0.0	0.0	0.0	0.0	0.0	0.0	0.0	0.0	0.0	0.0	0.0	0.0	0.0	0.0	0.0	0.0	0.0	0.0	0.0	0.0	0.0	0.0	0.0	0.0	0.0
-10.115633449999999	0.0	0.0	0.0	0.0	0.0	0.0	0.0	0.0	0.0	0.0	0.0	0.0	0.0	0.0	0.0	0.0	0.0	0.0	0.0	0.0	0.0	0.0	0.0	0.0	0.0	0.0	0.0	0.0	0.0	0.0	0.0	0.0	0.0	0.0	0.0	0.0	0.0	0.0	0.0	0.0	0.0	0.0	0.0	0.0	0.0	0.0	0.0	0.0	0.0	0.0	0.0	0.0	0.0	0.0	0.0	0.0	0.0	0.0	0.0	0.0	0.0	0.0	0.0	0.0	0.0	0.0	0.0	0.0	0.0	0.0	0.0	0.0	0.0	0.0
-10.009633449999999	0.0	0.0	0.0	0.0	0.0	0.0	0.0	0.0	0.0	0.0	0.0	0.0	0.0	0.0	0.0	0.0	0.0	0.0	0.0	0.0	0.0	0.0	0.0	0.0	0.0	0.0	0.0	0.0	0.0	0.0	0.0	0.0	0.0	0.0	0.0	0.0	0.0	0.0	0.0	0.0	0.0	0.0	0.0	0.0	0.0	0.0	0.0	0.0	0.0	0.0	0.0	0.0	0.0	0.0	0.0	0.0	0.0	0.0	0.0	0.0	0.0	0.0	0.0	0.0	0.0	0.0	0.0	0.0	0.0	0.0	0.0	0.0	0.0	0.0
-9.90463345	0.0	0.0	0.0	0.0	0.0	0.0	0.0	0.0	0.0	0.0	0.0	0.0	0.0	0.0	0.0	0.0	0.0	0.0	0.0	0.0	0.0	0.0	0.0	0.0	0.0	0.0	0.0	0.0	0.0	0.0	0.0	0.0	0.0	0.0	0.0	0.0	0.0	0.0	0.0	0.0	0.0	0.0	0.0	0.0	0.0	0.0	0.0	0.0	0.0	0.0	0.0	0.0	0.0	0.0	0.0	0.0	0.0	0.0	0.0	0.0	0.0	0.0	0.0	0.0	0.0	0.0	0.0	0.0	0.0	0.0	0.0	0.0	0.0	0.0
-9.79863345	0.0	0.0	0.0	0.0	0.0	0.0	0.0	0.0	0.0	0.0	0.0	0.0	0.0	0.0	0.0	0.0	0.0	0.0	0.0	0.0	0.0	0.0	0.0	0.0	0.0	0.0	0.0	0.0	0.0	0.0	0.0	0.0	0.0	0.0	0.0	0.0	0.0	0.0	0.0	0.0	0.0	0.0	0.0	0.0	0.0	0.0	0.0	0.0	0.0	0.0	0.0	0.0	0.0	0.0	0.0	0.0	0.0	0.0	0.0	0.0	0.0	0.0	0.0	0.0	0.0	0.0	0.0	0.0	0.0	0.0	0.0	0.0	0.0	0.0
-9.69363345	0.0	0.0	0.0	0.0	0.0	0.0	0.0	0.0	0.0	0.0	0.0	0.0	0.0	0.0	0.0	0.0	0.0	0.0	0.0	0.0	0.0	0.0	0.0	0.0	0.0	0.0	0.0	0.0	0.0	0.0	0.0	0.0	0.0	0.0	0.0	0.0	0.0	0.0	0.0	0.0	0.0	0.0	0.0	0.0	0.0	0.0	0.0	0.0	0.0	0.0	0.0	0.0	0.0	0.0	0.0	0.0	0.0	0.0	0.0	0.0	0.0	0.0	0.0	0.0	0.0	0.0	0.0	0.0	0.0	0.0	0.0	0.0	0.0	0.0
-9.58763345	-1.94e-29	0.0	-1.4558267999999997e-30	0.0	-1.5953595000000004e-32	0.0	-2.215349e-32	0.0	-6.1802276e-33	0.0	-1.0459512000000002e-31	0.0	-1.1798828500000003e-32	0.0	-1.6208600000000003e-30	0.0	-4.0089180000000006e-32	0.0	-5.0930773e-32	0.0	-4.4287312600000006e-32	0.0	-1.8282739015000004e-30	0.0	-3.3283880141e-30	0.0	-3.1614801e-30	0.0	-1.4492585949999998e-32	0.0	-1.6328544280000002e-32	0.0	-2.8132363999999985e-31	0.0	0.0	0.0	0.0	0.0	0.0	0.0	0.0	0.0	0.0	0.0	-3.1214477022999987e-31	0.0	0.0	0.0	-3.4736248702299994e-30	0.0	-1.7024666000000009e-31	0.0	-1.3346661099999997e-31	0.0	-1.8026589000000003e-31	0.0	-8.108239399999998e-30	0.0	0.0	0.0	0.0	0.0	0.0	0.0	0.0	0.0	0.0	0.0	-8.421971900999998e-30	0.0	0.0	0.0	-8.592218560999998e-30	0.0
-9.48263345	-8.874e-26	0.0	-6.655401000000002e-27	0.0	-7.419023000000002e-29	0.0	-1.023508e-28	0.0	-2.8272418000000005e-29	0.0	-4.803713800000002e-28	0.0	-5.4739948e-29	0.0	-7.407559999999998e-27	0.0	-1.8397335e-28	0.0	-2.3353898999999995e-28	0.0	-2.0481344800000002e-28	0.0	-8.360183667999998e-27	0.0	-1.5220398116e-26	0.0	-1.4458582000000007e-26	0.0	-6.625078109999996e-29	0.0	-7.4644239e-29	0.0	-1.2866860999999998e-27	0.0	0.0	0.0	0.0	0.0	0.0	0.0	0.0	0.0	0.0	0.0	-1.4275811200999996e-27	0.0	0.0	0.0	-1.5886163120100006e-26	0.0	-7.787323000000001e-28	0.0	-6.1108337e-28	0.0	-8.248941899999998e-28	0.0	-3.708165399999998e-26	0.0	0.0	0.0	0.0	0.0	0.0	0.0	0.0	0.0	0.0	0.0	-3.8517631559999983e-26	0.0	0.0	0.0	-3.929636385999998e-26	0.0
-9.37663345	-2.322e-22	-7.857e-30	-1.740825e-23	-5.756877999999999e-31	-1.9753408999999997e-25	-7.775765999999999e-33	-2.7026329999999996e-25	-1.008321e-32	-7.400561899999999e-26	-2.975404200000001e-33	-1.2619716999999995e-24	-8.772693299999999e-33	-1.4518937500000004e-25	-4.229460000000001e-33	-1.9371100000000003e-23	-4.302039999999999e-31	-4.829449000000001e-25	-6.1541350000000005e-33	-6.127131299999999e-25	-5.499545499999998e-33	-5.418030089999999e-25	-2.08343802e-32	-2.1873919105000003e-23	-4.548598337999999e-31	-3.9823972114e-23	-1.0513820139999999e-30	-3.783122799999999e-23	-1.3405775000000004e-30	-1.7329599540000002e-25	-5.984985790000002e-33	-1.9522358500000008e-25	-7.242791019999998e-33	-3.367146299999999e-24	-1.1567599000000004e-31	0.0	0.0	0.0	0.0	0.0	0.0	0.0	0.0	0.0	0.0	-3.735665880399999e-24	-1.2890376681000005e-31	0.0	0.0	-4.156689388039999e-23	-1.4694812668100005e-30	-2.038112800000001e-24	-8.693920000000004e-32	-1.6009232000000001e-24	-5.863596899999998e-32	-2.1596510000000006e-24	-8.780270300000002e-32	-9.702980999999996e-23	-3.415882999999999e-30	0.0	0.0	0.0	0.0	0.0	0.0	0.0	0.0	0.0	0.0	-1.0079038419999997e-22	-3.562321671999999e-30	0.0	0.0	-1.0282849699999996e-22	-3.649260871999999e-30
-9.27163345	-3.478e-19	-3.812e-26	-2.6068430000000004e-20	-2.791976e-27	-3.019075e-22	-3.828787e-29	-4.089755999999999e-22	-4.937743999999999e-29	-1.109184e-22	-1.4433737999999997e-29	-1.8999046000000005e-21	-4.2552191000000006e-29	-2.2087742400000004e-22	-2.0514409999999995e-29	-2.8998e-20	-2.08575e-27	-7.264276000000001e-22	-2.9833679999999996e-29	-9.208548999999999e-22	-2.6685698e-29	-8.218015e-22	-1.02099048e-28	-3.2766064524e-20	-2.205335979e-27	-5.9656296024e-20	-5.099411027e-27	-5.667441999999996e-20	-6.503530999999998e-27	-2.5949703399999997e-22	-2.90205135e-29	-2.9232356430000006e-22	-3.5116649399999987e-29	-5.044736700000002e-21	-5.612486e-28	0.0	0.0	0.0	0.0	0.0	0.0	0.0	0.0	0.0	0.0	-5.596557298300002e-21	-6.253857629e-28	0.0	0.0	-6.227097729829996e-20	-7.128916762899999e-27	-3.0540261999999995e-21	-4.2183354999999975e-28	-2.401721700000001e-21	-2.846924899999998e-28	-3.2374466000000006e-21	-4.260727099999999e-28	-1.4535985e-19	-1.6572124999999997e-26	0.0	0.0	0.0	0.0	0.0	0.0	0.0	0.0	0.0	0.0	-1.509990183e-19	-1.7282890199999997e-26	0.0	0.0	-1.540530445e-19	-1.7704723749999997e-26
-9.166633449999999	-2.982e-16	-1.058e-22	-2.2340909999999993e-17	-7.746407999999998e-24	-2.6485880000000006e-19	-1.0791921000000003e-25	-3.5478599999999993e-19	-1.3818740000000005e-25	-9.514911799999996e-20	-4.0060649e-26	-1.6398006e-18	-1.1807686000000002e-25	-1.9287599199999994e-19	-5.69259e-26	-2.4840899999999995e-17	-5.785380000000001e-24	-6.259295e-19	-8.274292e-26	-7.927764000000002e-19	-7.409247000000002e-26	-7.14793918e-19	-2.8616725900000006e-25	-2.8092282491999995e-17	-6.117218150000001e-24	-5.114798640999999e-17	-1.4149793408999998e-23	-4.859296999999999e-17	-1.8050960000000005e-23	-2.2238064900000007e-19	-8.050819510000002e-26	-2.505041758000001e-19	-9.740636410000001e-26	-4.325989699999999e-18	-1.5579573999999997e-24	0.0	0.0	0.0	0.0	0.0	0.0	0.0	0.0	0.0	0.0	-4.798874524799999e-18	-1.7358719591999997e-24	0.0	0.0	-5.339184452479999e-17	-1.9786831959200006e-23	-2.6193282e-18	-1.1709550999999996e-24	-2.0629243999999992e-18	-7.908516799999999e-25	-2.7778371e-18	-1.1828419500000003e-24	-1.2463188999999995e-16	-4.599846000000002e-23	0.0	0.0	0.0	0.0	0.0	0.0	0.0	0.0	0.0	0.0	-1.2947265149999996e-16	-4.797215363000002e-23	0.0	0.0	-1.3209197969999995e-16	-4.914310873000002e-23
-9.06063345	-1.415e-13	-1.681e-19	-1.0598165000000002e-14	-1.2304910000000005e-20	-1.2914727999999999e-16	-1.7452840000000003e-22	-1.708445e-16	-2.2161030000000004e-22	-4.5189090000000004e-17	-6.365171999999998e-23	-7.858098000000003e-16	-1.8759610999999996e-22	-9.3685123e-17	-9.043820000000001e-23	-1.1778e-14	-9.18638e-21	-2.9922897e-16	-1.3136545000000001e-22	-3.7834693e-16	-1.1779203999999999e-22	-3.4518087e-16	-4.5979042e-22	-1.3335070823e-14	-9.7135718e-21	-2.4278416693e-14	-2.2478272220000006e-20	-2.3063994000000005e-14	-2.868307000000003e-20	-1.054812526e-16	-1.27855931e-22	-1.1882055499999998e-16	-1.5466951360000002e-22	-2.0536140999999995e-15	-2.4759959000000008e-21	0.0	0.0	0.0	0.0	0.0	0.0	0.0	0.0	0.0	0.0	-2.2779159075999996e-15	-2.758521344600001e-21	0.0	0.0	-2.5341909907600005e-14	-3.144159134460003e-20	-1.2436249e-15	-1.8608939999999987e-21	-9.814413299999998e-16	-1.2578308999999993e-21	-1.3196349999999996e-15	-1.8799954000000002e-21	-5.9157149e-14	-7.309419000000001e-20	0.0	0.0	0.0	0.0	0.0	0.0	0.0	0.0	0.0	0.0	-6.145822533e-14	-7.623201630000001e-20	0.0	0.0	-6.270185023e-14	-7.809291030000001e-20
-8.95563345	-3.953e-11	-1.529e-16	-2.9572449999999997e-12	-1.1185516000000001e-17	-3.72251e-14	-1.6196653999999993e-19	-4.8532419999999996e-14	-2.0369520000000002e-19	-1.2628703999999999e-14	-5.787673999999998e-20	-2.2239282e-13	-1.7056284999999997e-19	-2.6944393999999998e-14	-8.222270000000001e-20	-3.2844300000000004e-12	-8.346929999999998e-18	-8.440694000000002e-14	-1.1934361000000002e-19	-1.0640172000000001e-13	-1.0718107999999999e-19	-9.8386224e-14	-4.235384799999999e-19	-3.724575874e-12	-8.826240239999998e-18	-6.780207098e-12	-2.043529472e-17	-6.440478999999999e-12	-2.6085649999999996e-17	-2.9431340499999996e-14	-1.1619687199999998e-19	-3.315736129999999e-14	-1.4054503439999995e-19	-5.735911900000003e-13	-2.2521273000000017e-18	0.0	0.0	0.0	0.0	0.0	0.0	0.0	0.0	0.0	0.0	-6.361798918000002e-13	-2.5088692064000015e-18	0.0	0.0	-7.076658891799999e-12	-2.85945192064e-17	-3.474263200000001e-13	-1.6927667000000002e-18	-2.7491061e-13	-1.1452295000000003e-18	-3.6891830999999997e-13	-1.7101732000000003e-18	-1.6520125000000003e-11	-6.647519999999995e-17	0.0	0.0	0.0	0.0	0.0	0.0	0.0	0.0	0.0	0.0	-1.7163953920000003e-11	-6.933060269999995e-17	0.0	0.0	-1.7511380240000003e-11	-7.102336939999995e-17
-8.849633449999999	-6.28e-09	-7.715e-14	-4.694129000000001e-10	-5.643260000000001e-15	-6.143793e-12	-8.373289999999999e-17	-7.888760000000001e-12	-1.041878e-16	-2.008881599999999e-12	-2.9207611000000004e-17	-3.6111988999999996e-11	-8.606792e-17	-4.4658015000000015e-12	-4.14883e-17	-5.208540000000002e-10	-4.2091799999999995e-15	-1.3636073000000002e-11	-6.016380999999999e-17	-1.7086223000000003e-11	-5.4148855999999994e-17	-1.60414346e-11	-2.17128311e-16	-5.921540865000002e-10	-4.451048885999999e-15	-1.0776084211000002e-09	-1.0311437197e-14	-1.0231798e-09	-1.3167711999999996e-14	-4.6704552799999994e-12	-5.86032764e-17	-5.264121080000002e-12	-7.086894310000001e-17	-9.1151669e-11	-1.1371590000000001e-15	0.0	0.0	0.0	0.0	0.0	0.0	0.0	0.0	0.0	0.0	-1.0108624536000001e-10	-1.2666312195e-15	0.0	0.0	-1.12426604536e-09	-1.4434343219499997e-14	-5.5225152000000006e-11	-8.546250000000002e-16	-4.387370299999998e-11	-5.788567900000003e-16	-5.8696012e-11	-8.635306500000002e-16	-2.6246962e-09	-3.355708999999999e-14	0.0	0.0	0.0	0.0	0.0	0.0	0.0	0.0	0.0	0.0	-2.727265915e-09	-3.499947743999999e-14	0.0	0.0	-2.782491067e-09	-3.5854102439999993e-14
-8.74463345	-5.678e-07	-2.281e-11	-4.237869000000001e-08	-1.667174e-12	-5.820760000000001e-10	-2.5453019999999994e-14	-7.355840000000002e-10	-3.1286530000000005e-14	-1.8189403999999998e-10	-8.630747999999996e-15	-3.392539699999999e-09	-2.5435544999999997e-14	-4.3149266999999993e-10	-1.2258269999999992e-14	-4.696679999999998e-08	-1.2427400000000002e-12	-1.2707653000000003e-09	-1.775959e-14	-1.5707845999999998e-09	-1.6025266e-14	-1.4995540400000003e-09	-6.5370298e-14	-5.363238226999998e-08	-1.3142186710000002e-12	-9.751062630999999e-08	-3.046762969e-12	-9.249685000000005e-08	-3.892738000000001e-12	-4.215056650000001e-10	-1.730528890000001e-14	-4.755427100000002e-10	-2.0924575129999996e-14	-8.242614699999996e-09	-3.362641500000002e-13	0.0	0.0	0.0	0.0	0.0	0.0	0.0	0.0	0.0	0.0	-9.139663074999996e-09	-3.744940140300002e-13	0.0	0.0	-1.0163651307500005e-07	-4.267232014030001e-12	-4.9952057000000004e-09	-2.5271442e-13	-3.994743e-09	-1.7140188999999996e-13	-5.31675e-09	-2.5536865999999996e-13	-2.372676199999999e-07	-9.920635e-12	0.0	0.0	0.0	0.0	0.0	0.0	0.0	0.0	0.0	0.0	-2.465791129999999e-07	-1.034740555e-11	0.0	0.0	-2.515743186999999e-07	-1.060011997e-11
-8.63863345	-2.912e-05	-3.844e-09	-2.168547e-06	-2.807903e-10	-3.167544e-08	-4.437746000000001e-12	-3.938765e-08	-5.384654e-12	-9.349370999999997e-09	-1.4538995000000002e-12	-1.872149e-07	-4.285758800000001e-12	-2.4800326e-08	-2.0645849999999993e-12	-2.3989499999999997e-06	-2.0913000000000008e-10	-6.922565e-08	-2.9878899999999997e-12	-8.292854000000004e-08	-2.7048926000000005e-12	-8.0412461e-08	-1.1276299500000002e-11	-2.7631194159999996e-06	-2.211731264000001e-10	-5.012078876999999e-06	-5.132397259000001e-10	-4.741544999999997e-06	-6.561863999999999e-10	-2.1559927800000003e-08	-2.912581970000001e-12	-2.4380651300000015e-08	-3.5209742519999993e-12	-4.2278018999999987e-07	-5.670263200000002e-11	0.0	0.0	0.0	0.0	0.0	0.0	0.0	0.0	0.0	0.0	-4.687207690999999e-07	-6.313618822200002e-11	0.0	0.0	-5.210265769099996e-06	-7.193225882219999e-10	-2.5627102e-07	-4.2610097e-11	-2.0743108e-07	-2.894915199999999e-11	-2.734699999999999e-07	-4.306374599999999e-11	-1.2164061000000003e-05	-1.6723756999999996e-09	0.0	0.0	0.0	0.0	0.0	0.0	0.0	0.0	0.0	0.0	-1.2644962080000003e-05	-1.7443885979999997e-09	0.0	0.0	-1.2901233100000003e-05	-1.7869986949999996e-09
-8.53363345	-0.0008427	-3.687e-07	-6.250218999999999e-05	-2.6905260000000002e-08	-9.900724e-07	-4.438372999999999e-10	-1.2122730000000001e-06	-5.313569999999999e-10	-2.7160139e-07	-1.3930101000000003e-10	-6.274307999999999e-06	-4.109067900000001e-10	-8.822854699999999e-07	-1.9779050000000005e-10	-6.895759999999997e-05	-2.00158e-08	-2.2749010000000003e-06	-2.858949e-10	-2.5372361999999996e-06	-2.5993925e-10	-2.4739467900000003e-06	-1.1144953099999998e-09	-8.092633066999997e-05	-2.1170331440000003e-08	-0.00014590246745999996	-4.919008675e-08	-0.00013705630000000003	-6.294684000000002e-08	-6.211503650000001e-07	-2.7878050600000007e-10	-7.066228520000001e-07	-3.3697473270000014e-10	-1.2229816999999997e-05	-5.442131399999999e-09	0.0	0.0	0.0	0.0	0.0	0.0	0.0	0.0	0.0	0.0	-1.3557590216999998e-05	-6.057886638699999e-09	0.0	0.0	-0.00015061389021700004	-6.900472663870002e-08	-7.414706999999998e-06	-4.088794699999997e-09	-6.150695e-06	-2.7839773000000013e-09	-7.952269e-06	-4.132916699999998e-09	-0.00035165363999999983	-1.6044361000000004e-07	0.0	0.0	0.0	0.0	0.0	0.0	0.0	0.0	0.0	0.0	-0.0003657566039999998	-1.6736050400000004e-07	0.0	0.0	-0.00037317131099999984	-1.7144929870000003e-07
-8.42763345	-0.01363	-2.006e-05	-0.0010021695000000002	-1.4619249999999998e-06	-1.7741649999999993e-05	-2.546846e-08	-2.141054e-05	-3.0090240000000004e-08	-4.425932900000001e-06	-7.564592e-09	-0.00013535054	-2.2341543999999996e-08	-2.0610493000000003e-05	-1.074145e-08	-0.0011009199999999998	-1.0858210000000002e-06	-4.774186000000001e-05	-1.5503469e-08	-4.602096000000001e-05	-1.4181938000000003e-08	-4.357812289999999e-05	-6.3123292e-08	-0.0013506438529999997	-1.1485894010000003e-06	-0.0023963914759	-2.673637693e-06	-0.0022089157	-3.425459e-06	-9.963381099999995e-06	-1.5121080399999996e-08	-1.1510805999999995e-05	-1.8277038960000005e-08	-0.00019731408000000003	-2.963682699999999e-07	0.0	0.0	0.0	0.0	0.0	0.0	0.0	0.0	0.0	0.0	-0.00021878826710000003	-3.297663893599999e-07	0.0	0.0	-0.0024277039670999997	-3.7552253893599997e-06	-0.00011962365999999997	-2.225885e-07	-0.00010477782999999995	-1.5200205999999994e-07	-0.00012974784000000002	-2.2504968000000002e-07	-0.005668547800000001	-8.731807999999999e-06	0.0	0.0	0.0	0.0	0.0	0.0	0.0	0.0	0.0	0.0	-0.005903073470000001	-9.108859739999999e-06	0.0	0.0	-0.006022697130000001	-9.331448239999999e-06
-8.32263345	-0.1206	-0.0006154	-0.008685161	-4.478163e-05	-0.00018071610000000002	-8.381129999999999e-07	-0.00021511639999999995	-9.774669999999997e-07	-3.9865248e-05	-2.3133283000000004e-07	-0.0019943539000000007	-6.849724999999999e-07	-0.00033062357000000005	-3.28641e-07	-0.0094753	-3.31758e-05	-0.0006815802000000001	-4.735570999999999e-07	-0.0005187462	-4.3698449999999995e-07	-0.00043569774799999997	-2.0469128299999996e-06	-0.013000603870000002	-3.50999551e-05	-0.022121462618000003	-8.192849793e-05	-0.019346202000000003	-0.00010515361000000004	-8.670408199999999e-05	-4.6183165899999977e-07	-0.00010444030000000002	-5.582298770000001e-07	-0.0017305129999999988	-9.108126000000001e-06	0.0	0.0	0.0	0.0	0.0	0.0	0.0	0.0	0.0	0.0	-0.001921657381999999	-1.0128187536000001e-05	0.0	0.0	-0.021267859382	-0.00011528179753600005	-0.0010485020000000004	-6.836138e-06	-0.0010439806	-4.686952799999999e-06	-0.0011699030000000001	-6.9139326000000005e-06	-0.049665180000000024	-0.00026808079	0.0	0.0	0.0	0.0	0.0	0.0	0.0	0.0	0.0	0.0	-0.051879063600000025	-0.00027968167540000003	0.0	0.0	-0.052927565600000025	-0.0002865178134
-8.21663345	-0.5512	-0.01053	-0.037399779999999994	-0.0007643948	-0.0010150010000000002	-1.576873e-05	-0.0011899860000000005	-1.816854e-05	-0.00019165141000000005	-3.9337926e-06	-0.019925977	-1.1702729000000002e-05	-0.0035534150000000003	-5.596389999999999e-06	-0.04026649999999999	-0.000564087	-0.006612914699999998	-8.048035e-06	-0.0038590079999999993	-7.5261140000000015e-06	-0.002396638410000001	-3.7871062599999996e-05	-0.0742178147	-0.000596960268	-0.11401423310999999	-0.0013992261306	-0.08556714999999995	-0.0018007297000000003	-0.00038093301900000016	-7.843462e-06	-0.000517903294	-9.482465170000004e-06	-0.007665642700000003	-0.00015623990000000006	0.0	0.0	0.0	0.0	0.0	0.0	0.0	0.0	0.0	0.0	-0.008564479013000004	-0.00017356582717000007	0.0	0.0	-0.09413162901299996	-0.0019742955271700004	-0.004635802000000001	-0.00011712169999999999	-0.006289612999999999	-8.078829999999998e-05	-0.005612981999999999	-0.00011850417000000007	-0.21986006000000002	-0.004591691000000002	0.0	0.0	0.0	0.0	0.0	0.0	0.0	0.0	0.0	0.0	-0.231762655	-0.004790983470000002	0.0	0.0	-0.23639845700000003	-0.004908105170000002
-8.11163345	-1.01	-0.09796	-0.051304350000000006	-0.007079630999999997	-0.0027814009999999998	-0.00016772760000000002	-0.0031747570000000003	-0.00019094539999999996	-0.00042921640000000003	-3.6124e-05	-0.12058269	-0.00010852761	-0.023048611999999993	-5.160020000000001e-05	-0.05264209999999999	-0.005189759999999999	-0.038843745999999985	-7.398901999999997e-05	-0.018785418999999998	-7.077122e-05	-0.0063853744	-0.00039479699999999995	-0.25390256699999997	-0.005494648049999999	-0.3115922914	-0.012969076049999995	-0.1338824700000001	-0.016765399999999993	-0.0006002674000000002	-7.1987119e-05	-0.0012896322900000001	-8.706431290000001e-05	-0.011985256000000001	-0.0014589076999999998	0.0	0.0	0.0	0.0	0.0	0.0	0.0	0.0	0.0	0.0	-0.013875155690000002	-0.0016179591318999998	0.0	0.0	-0.1477576256900001	-0.018383359131899993	-0.007221588999999999	-0.0010908741000000004	-0.023032679000000004	-0.0007596717	-0.012348895999999998	-0.0011045854	-0.34521589999999996	-0.042764289999999976	0.0	0.0	0.0	0.0	0.0	0.0	0.0	0.0	0.0	0.0	-0.38059747499999996	-0.04462854709999998	0.0	0.0	-0.387819064	-0.04571942119999998
-8.00563345	1.28	-0.4598	0.16562626	-0.03297304000000001	-0.0008949825999999999	-0.0009727389999999999	-0.0006722759999999998	-0.001090909	4.911030000000001e-05	-0.00016488723	-0.33787285710000003	-0.0005065612000000001	-0.073731524	-0.00023803110000000002	0.18552700000000003	-0.023857800000000002	-0.10345011360000003	-0.00033954889999999983	-0.04657956499999999	-0.0003403487	-0.0015181482999999996	-0.0022285352299999998	-0.3761070597	-0.0252822899	-0.21199894800000005	-0.06048386513000001	0.3054808000000003	-0.07885344000000001	0.0012767627404000003	-0.00032901554999999986	-0.0004324787069999997	-0.0003982399170000003	0.0276948729	-0.0069006449999999995	0.0	0.0	0.0	0.0	0.0	0.0	0.0	0.0	0.0	0.0	0.028539156933400003	-0.007627900466999999	0.0	0.0	0.33401995693340025	-0.08648134046700001	0.0164360152	-0.005133191000000001	-0.03765998251999999	-0.0036392530000000007	0.002495776699999999	-0.00520421	0.7809619999999998	-0.20125804999999994	0.0	0.0	0.0	0.0	0.0	0.0	0.0	0.0	0.0	0.0	0.7457977941799998	-0.21010151299999993	0.0	0.0	0.7622338093799998	-0.21523470399999994
-7.900633449999999	10.89	-0.7678	0.8028377	-0.053569080000000005	0.017683270999999997	-0.002677971	0.020917528	-0.0029141839999999994	0.003299592960000001	-0.00024980330000000004	0.1388818729999999	-0.0008410899999999998	-0.03312738500000001	-0.0003747699999999999	0.8591439999999998	-0.036997999999999996	0.062775894	-0.0005240507	0.027953089	-0.000632253	0.04190039196	-0.005841958299999999	1.0556274709999998	-0.039370163699999995	1.9003655629599996	-0.098781202	1.7699538000000015	-0.13253805000000002	0.007708418543000002	-0.0005000707599999999	0.008740836969999999	-0.0006069920499999996	0.15967123000000005	-0.011811465000000004	0.0	0.0	0.0	0.0	0.0	0.0	0.0	0.0	0.0	0.0	0.17612048551300005	-0.012918527810000004	0.0	0.0	1.9460742855130015	-0.14545657781000002	0.09339269000000001	-0.008660938	0.084931272	-0.006521283000000001	0.09427175	-0.008837611999999998	4.5542934	-0.3389514799999999	0.0	0.0	0.0	0.0	0.0	0.0	0.0	0.0	0.0	0.0	4.733496422	-0.3543103749999999	0.0	0.0	4.826889112	-0.3629713129999999
-7.79563345	28.0	1.695	1.5138502999999994	0.1279879	0.061638910000000005	-0.0005396563999999999	0.06899009999999997	-0.000182032	0.011205324000000003	0.0006607099000000001	3.2229452500000004	0.0017592298999999998	0.43268245	0.0009472879999999999	1.5804700000000003	0.09875969999999998	1.0101001099999998	0.0013986805	0.48442287999999994	0.0008645810900000001	0.14183433399999998	-6.097849999999984e-05	6.73062069	0.10372947948999998	8.386305324	0.23165640098999996	3.7670610000000004	0.28760460000000015	0.017284554600000005	0.0013743621799999993	0.033786592000000004	0.0016536199500000004	0.3381457199999998	0.02447629599999999	0.0	0.0	0.0	0.0	0.0	0.0	0.0	0.0	0.0	0.0	0.3892168665999998	0.02750427812999999	0.0	0.0	4.1562778666	0.31510887813000016	0.1942403	0.018274240899999992	0.5827883999999998	0.011357826239999999	0.30506736999999995	0.018080175900000002	9.743527000000006	0.7318231000000004	0.0	0.0	0.0	0.0	0.0	0.0	0.0	0.0	0.0	0.0	10.631382770000005	0.7612611021400004	0.0	0.0	10.825623070000006	0.7795353430400004
-7.6896334500000005	43.21	9.927	1.7933397	0.7214121000000002	0.11714722000000001	0.017749340000000002	0.1271091	0.020455720000000004	0.020290075	0.003236969700000001	7.652387399999999	0.010053298999999995	1.29091463	0.005061319999999999	1.84569	0.5218260000000001	2.2234775970000005	0.007292031	1.1613863599999996	0.006245793500000001	0.264546395	0.04144202970000001	14.173855987	0.5504784435000001	16.231742082	1.3133325732000003	5.071884999999998	1.7023515000000002	0.02429087999999999	0.0070130409000000015	0.06330201210000001	0.008453281089999995	0.45212117999999996	0.14933898	0.0	0.0	0.0	0.0	0.0	0.0	0.0	0.0	0.0	0.0	0.5397140721	0.16480530199	0.0	0.0	5.611599072099998	1.8671568019900002	0.2626516000000001	0.10829292000000003	1.23777601	0.07486691999999996	0.5570248999999997	0.10798142000000004	13.165906	4.345663000000001	0.0	0.0	0.0	0.0	0.0	0.0	0.0	0.0	0.0	0.0	14.960706909999999	4.5285113400000006	0.0	0.0	15.223358509999999	4.636804260000001
-7.58463345	46.22	19.81	1.7095671	1.4123313000000002	0.16191700000000003	0.05692179	0.1869247	0.0626934	0.024358416000000008	0.005517317000000002	7.82713235	0.019504570000000002	2.5335406400000005	0.009502080000000003	1.7836499999999997	0.983153	2.1178726799999996	0.013497979999999998	1.1562074599999999	0.013533309999999998	0.373200116	0.125132507	15.41840313	1.0391909400000001	17.501170346	2.576654747	5.394414000000001	3.4156650000000006	0.024191979	0.012877247299999998	0.07731223939999998	0.015518075599999995	0.46950156	0.3042795199999999	0.0	0.0	0.0	0.0	0.0	0.0	0.0	0.0	0.0	0.0	0.5710057784	0.33267484289999993	0.0	0.0	5.965419778400001	3.7483398429000006	0.3174916999999998	0.21669895000000017	1.439526272	0.1569156	0.7485590400000002	0.21608830000000004	13.827235	8.734749000000003	0.0	0.0	0.0	0.0	0.0	0.0	0.0	0.0	0.0	0.0	16.015320312	9.107752900000003	0.0	0.0	16.332812012	9.324451850000003
-7.47863345	45.51	24.23	1.5929121999999998	1.6670444	0.19925600000000007	0.10357860000000002	0.27430389999999993	0.11015119999999995	0.030003353	0.0064866499999999975	3.75254774	0.025633410000000013	5.204369800000001	0.011098550000000002	1.8061099999999999	1.120281	1.4486321	0.015285969999999998	0.4802831300000001	0.020861270000000005	0.503563253	0.22021644999999998	12.69194277	1.1931602000000001	14.788418223	3.08042105	5.859258999999999	4.196187	0.02397470400000001	0.014983669000000003	0.09507100719000003	0.018139613200000005	0.47162704999999994	0.3770190100000001	0.0	0.0	0.0	0.0	0.0	0.0	0.0	0.0	0.0	0.0	0.59067276119	0.4101422922000001	0.0	0.0	6.4499317611899984	4.6063292922	0.4596616	0.2741437500000001	1.5140536400000006	0.21017239000000013	1.10707309	0.27739950000000013	14.329653999999996	10.751079000000006	0.0	0.0	0.0	0.0	0.0	0.0	0.0	0.0	0.0	0.0	16.950780729999998	11.238650890000006	0.0	0.0	17.410442329999995	11.512794640000006
-7.37363345	57.32	24.35	1.5788193000000001	1.5433936999999993	0.26365940000000004	0.1466223	0.378833	0.15074949999999995	0.0494263	0.011554351000000004	1.6613375500000003	0.03735629000000001	7.7021486	0.01236562	2.1341099999999997	1.045745	3.082882580000001	0.01590381	1.4423210000000006	0.03419509999999998	0.6919187	0.308926151	16.022799730000003	1.1455658199999998	18.29353773	2.9978856709999993	7.345293	4.212781999999998	0.04091914579999999	0.016869232000000005	0.126878325	0.020943287999999994	0.5420354000000002	0.37173052	0.0	0.0	0.0	0.0	0.0	0.0	0.0	0.0	0.0	0.0	0.7098328708000001	0.40954304	0.0	0.0	8.0551258708	4.622325039999998	0.7657862000000004	0.3124448299999998	2.1699918300000003	0.25869279999999995	1.9960980000000001	0.33821650000000003	17.106188999999997	10.788812000000005	0.0	0.0	0.0	0.0	0.0	0.0	0.0	0.0	0.0	0.0	21.272278829999998	11.385721300000005	0.0	0.0	22.03806503	11.698166130000006
-7.26763345	85.45	25.62	1.7271579999999997	1.3957716	0.40627300000000005	0.1924306	0.486439	0.19683589999999992	0.08904347999999998	0.02918475200000001	4.20629	0.0701203	6.607978	0.01782023	2.7951	1.0515600000000003	6.872369999999998	0.02240505	6.73518	0.063777	0.98175548	0.41845125199999994	27.216918	1.2256825800000002	29.92583148	3.0399054320000003	10.070659999999998	4.390110000000002	0.07945698700000003	0.023646661	0.1444584699999999	0.030659699	0.7397997999999999	0.36508539999999995	0.0	0.0	0.0	0.0	0.0	0.0	0.0	0.0	0.0	0.0	0.9637152569999998	0.41939175999999995	0.0	0.0	11.034375256999999	4.809501760000002	1.2718850000000002	0.40860999999999975	3.22141	0.3745571	3.5179440000000004	0.5027667000000002	23.22622	11.152238999999993	0.0	0.0	0.0	0.0	0.0	0.0	0.0	0.0	0.0	0.0	29.965574000000004	12.029562799999994	0.0	0.0	31.237459	12.438172799999993
-7.1626334499999995	118.1	29.38	2.0083789999999992	1.3328932000000002	0.6052759999999999	0.25554670000000007	0.6464409999999998	0.2649579	0.13485634	0.05878187999999999	8.84278	0.12212919999999997	3.9941380000000004	0.025245749999999997	3.574290000000001	1.15164	8.513020999999998	0.035354390000000006	13.379570000000001	0.10905259999999999	1.3865733399999998	0.57928648	38.303799	1.44342194	41.69875134	3.3556016200000003	13.671819999999995	4.988476	0.11381152	0.033248450000000006	0.14772984000000003	0.044071759999999974	1.0576417	0.3921387000000002	0.0	0.0	0.0	0.0	0.0	0.0	0.0	0.0	0.0	0.0	1.31918306	0.4694589100000002	0.0	0.0	14.991003059999995	5.4579349100000005	1.8376329999999996	0.5577645000000001	4.057584999999999	0.5740732000000001	4.905738999999999	0.7680389	32.20570999999999	12.493386000000001	0.0	0.0	0.0	0.0	0.0	0.0	0.0	0.0	0.0	0.0	41.16903399999999	13.8354981	0.0	0.0	43.006666999999986	14.393262600000002
-7.05663345	128.9	33.49	2.056434	1.2757914000000006	0.7346199999999998	0.3460316	0.783515	0.35982219999999987	0.13658673000000002	0.08645264999999998	11.134269999999999	0.1802434	3.11152	0.032361610000000006	4.103453999999999	1.15745	6.567293999999999	0.048784550000000024	14.41469	0.16717469999999995	1.65472173	0.7923064499999999	39.331227999999996	1.58601426	43.04238373	3.6541121100000007	15.523159999999997	5.69162	0.11972644000000006	0.03850227500000001	0.14013604	0.051338409	1.2459459000000002	0.44469990000000004	0.0	0.0	0.0	0.0	0.0	0.0	0.0	0.0	0.0	0.0	1.5058083800000002	0.534540584	0.0	0.0	17.02896838	6.2261605840000005	2.127932999999999	0.6954523	4.127555999999999	0.8151833	4.869795999999998	1.0441043999999995	37.51413999999999	14.050290000000002	0.0	0.0	0.0	0.0	0.0	0.0	0.0	0.0	0.0	0.0	46.51149199999999	15.909577700000002	0.0	0.0	48.63942499999999	16.605030000000003
-6.951633449999999	117.7	40.25	1.680245	1.2945030000000002	0.7907134	0.46464589999999995	0.794991	0.495863	0.09215971	0.10571278	9.859010000000001	0.2968231000000001	3.235459999999999	0.06814233000000001	4.604404999999999	1.074176	4.531649999999997	0.07104778	11.292220000000004	0.334729	1.67786411	1.06622168	33.522745	1.8449182100000001	36.88085411	4.20564289	14.746259999999998	6.838440999999998	0.11352882	0.04222221299999999	0.12558622000000003	0.06006044200000005	1.1797412	0.5370376999999998	0.0	0.0	0.0	0.0	0.0	0.0	0.0	0.0	0.0	0.0	1.41885624	0.6393203549999998	0.0	0.0	16.165116239999996	7.4777613549999975	2.209755	0.9295782999999999	3.6322639999999984	1.254083000000001	3.97085	1.5745020000000005	36.40844000000003	16.478404	0.0	0.0	0.0	0.0	0.0	0.0	0.0	0.0	0.0	0.0	44.011554000000025	19.306989	0.0	0.0	46.221309000000026	20.2365673
-6.845633449999999	111.2	54.32	1.1665420000000004	1.5227560000000004	0.9140872999999997	0.605705	0.8337150000000001	0.651266	0.059324899999999986	0.12478795	8.05413	0.5699699999999999	3.2562200000000003	0.1645464	4.877320000000002	1.0975560000000002	4.123660000000002	0.1312881	9.936420000000002	0.8207989999999996	1.8071271999999998	1.38175895	30.247750000000007	2.7841594999999995	33.22141920000001	5.688674450000001	14.27845899999999	9.07907	0.11214649000000003	0.05682505999999998	0.11979535000000005	0.08936013999999998	1.1243451999999994	0.6835778000000001	0.0	0.0	0.0	0.0	0.0	0.0	0.0	0.0	0.0	0.0	1.3562870399999996	0.829763	0.0	0.0	15.634746039999989	9.908833	2.403408	1.4817419999999992	3.218892999999998	2.1531629999999993	3.633762000000001	2.7682840000000017	35.907109000000005	21.116759999999992	0.0	0.0	0.0	0.0	0.0	0.0	0.0	0.0	0.0	0.0	42.759764000000004	26.038206999999993	0.0	0.0	45.163172	27.519948999999993
-6.740633449999999	112.2	70.77	0.7730480000000002	1.80844	1.1074820000000003	0.7691148	1.0264298999999997	0.7520309999999999	0.04826188999999999	0.13854454999999996	7.598590000000002	0.9254630000000001	3.1011300000000004	0.2503469	4.044094	1.220188	4.1833399999999985	0.2414758	9.73735	1.587241	2.18217379	1.6596903499999998	28.664504	4.2247147	31.61972579	7.69284505	14.877011189999992	11.600439999999999	0.10255964999999997	0.08007216800000003	0.11137457999999999	0.125775	1.1997236999999998	0.8322310999999998	0.0	0.0	0.0	0.0	0.0	0.0	0.0	0.0	0.0	0.0	1.4136579299999998	1.0380782679999998	0.0	0.0	16.290669119999993	12.638518267999999	2.5565199999999986	2.1794849999999992	2.9155960000000007	3.123836999999999	3.5904450000000003	4.068988000000001	38.122816	26.5746	0.0	0.0	0.0	0.0	0.0	0.0	0.0	0.0	0.0	0.0	44.628857	33.767425	0.0	0.0	47.185377	35.94691
-6.634633449999999	95.43	79.81	0.497644	1.8679700000000004	1.0721767999999998	0.924508	1.0462942000000006	0.7735709999999998	0.03700340000000001	0.12358019	6.584899999999999	1.1439399999999997	2.5586	0.2711257999999999	2.558621000000001	1.2263980000000003	3.429829999999999	0.36878360000000016	7.670579999999999	2.1901669999999993	2.1554744000000006	1.8216591899999999	22.802531	5.2004144	25.4556494	8.89004359	13.010770000000006	12.956990000000001	0.07490923999999997	0.09796437000000002	0.08435150000000002	0.1420211799999999	1.085096	0.9136567999999999	0.0	0.0	0.0	0.0	0.0	0.0	0.0	0.0	0.0	0.0	1.24435674	1.15364235	0.0	0.0	14.255126740000007	14.110632350000001	2.1637512299999995	2.6115679999999997	2.258833	3.4994840000000007	2.8466560000000007	4.557543	33.999517499999996	30.103680000000015	0.0	0.0	0.0	0.0	0.0	0.0	0.0	0.0	0.0	0.0	39.105006499999995	38.160707000000016	0.0	0.0	41.26875773	40.772275000000015
-6.52963345	60.33	84.21	0.4448099999999998	1.6834599999999995	0.6585353000000002	1.0405630000000001	0.6750158999999998	0.84327	0.02468270000000001	0.08544105999999996	4.213963999999999	1.2272330000000002	1.8282819999999997	0.3751771000000001	1.486644	1.0569419999999996	2.1977799999999994	0.44476809999999994	4.406459999999999	2.2934259999999997	1.3582338999999999	1.96927406	14.133129999999998	5.3975462	15.936173899999996	9.05028026	8.15421	13.707739999999998	0.04825805999999998	0.11146483999999998	0.057767650000000025	0.14940601999999997	0.6823472999999995	0.9634060999999996	0.0	0.0	0.0	0.0	0.0	0.0	0.0	0.0	0.0	0.0	0.7883730099999996	1.2242769599999996	0.0	0.0	8.94258301	14.932016959999997	1.3345512000000004	2.8873619999999995	1.4900277999999996	3.624039999999998	1.8304	4.648491	21.670338999999988	32.44994	0.0	0.0	0.0	0.0	0.0	0.0	0.0	0.0	0.0	0.0	24.99076679999999	40.722471	0.0	0.0	26.32531799999999	43.609832999999995
-6.42463345	42.79	88.02	0.9284738000000001	1.4109900000000004	0.25089370000000005	1.064477	0.3084675000000001	1.0350030000000001	0.026744240000000002	0.051419700000000006	2.5512029999999997	1.330121	1.7418400000000003	0.5986158	1.5086481000000003	0.8403549999999997	1.892365	0.42343459999999994	2.9090599999999998	2.0130660000000002	0.5861054400000002	2.1508997	10.6031161	5.2055924000000005	12.117695340000001	8.7674821	5.305374000000004	14.451670000000004	0.05777603999999999	0.12254821000000003	0.06877936999999996	0.15931453999999992	0.4100705	1.011943	0.0	0.0	0.0	0.0	0.0	0.0	0.0	0.0	0.0	0.0	0.5366259099999999	1.29380575	0.0	0.0	5.841999910000004	15.745475750000004	0.8868152999999998	3.153997	1.608739100000001	3.780205	2.147974	4.701631999999998	13.681915000000002	34.71600999999998	0.0	0.0	0.0	0.0	0.0	0.0	0.0	0.0	0.0	0.0	17.438628100000003	43.19784699999998	0.0	0.0	18.3254434	46.35184399999998
-6.31863345	51.49	86.33	1.5184284000000003	1.1192829999999998	0.13811221	0.9444889999999999	0.22219470000000002	1.1874919999999998	0.0510013	0.0325515	2.4223169999999996	1.4584669999999995	2.2527600000000003	0.7437596000000001	1.9725795000000004	0.6657929999999996	2.5282810000000007	0.3612751	4.10217	1.755193	0.41130821000000006	2.1645324999999995	13.2781075	4.984487699999999	15.207844110000002	8.268303199999998	6.106501999999999	14.249899999999998	0.10229173999999995	0.12603403000000002	0.106245	0.16066856	0.4278666	0.993929	0.0	0.0	0.0	0.0	0.0	0.0	0.0	0.0	0.0	0.0	0.63640334	1.28063159	0.0	0.0	6.742905339999999	15.530531589999999	1.0178029800000006	3.1764029999999974	2.6087760999999996	3.5761889999999985	3.8715429999999995	4.298208000000001	14.298157700000003	34.97615000000001	0.0	0.0	0.0	0.0	0.0	0.0	0.0	0.0	0.0	0.0	20.7784768	42.85054700000001	0.0	0.0	21.796279780000003	46.02695000000001
-6.21363345	66.95	79.0	1.6091441	0.9169219999999999	0.20691961999999994	0.7616090000000001	0.27826580000000006	1.1144199999999997	0.09559510000000004	0.03357729999999999	3.7326499999999996	1.4570859999999999	2.64067	0.7151999000000001	1.6242627999999997	0.5532834000000001	3.142465000000001	0.32662039999999987	6.16002	1.7854940000000001	0.58078052	1.9096062999999999	17.3000678	4.8376837	19.48999242	7.664212	8.220190000000002	13.06384	0.14912897	0.13267855000000003	0.14113339999999994	0.14992557999999997	0.5473876999999999	0.9021377000000002	0.0	0.0	0.0	0.0	0.0	0.0	0.0	0.0	0.0	0.0	0.8376500699999998	1.18474183	0.0	0.0	9.057840070000003	14.248581830000001	1.3454361	2.948763	4.029543000000001	3.473306000000001	5.808608999999998	3.775214	17.431509999999992	32.27569	0.0	0.0	0.0	0.0	0.0	0.0	0.0	0.0	0.0	0.0	27.26966199999999	39.52421	0.0	0.0	28.61509809999999	42.472972999999996
-6.10763345	74.6	74.0	1.5101612	1.1600899999999998	0.283385	0.6025440000000001	0.33563280000000006	0.8290360000000002	0.12869580000000003	0.0613501	5.7629600000000005	1.2807520000000003	2.587201	0.5548614000000002	1.0405447	0.5425518	3.1386879999999997	0.31658790000000003	6.09743	2.0219109999999993	0.7477136000000001	1.4929301000000004	18.6268237	4.7166641	20.8846985	7.3696842	9.485021000000001	12.214260000000001	0.16313314	0.15122325000000003	0.16906217000000015	0.13907051	0.6137055	0.8353269999999997	0.0	0.0	0.0	0.0	0.0	0.0	0.0	0.0	0.0	0.0	0.9459008100000001	1.1256207599999997	0.0	0.0	10.430921810000001	13.339880760000002	1.5600556	2.7699120000000006	5.3616120000000045	4.3019620000000005	6.518064000000001	3.9788949999999987	18.956565900000005	29.019200000000016	0.0	0.0	0.0	0.0	0.0	0.0	0.0	0.0	0.0	0.0	30.83624190000001	37.30005700000002	0.0	0.0	32.39629750000001	40.069969000000015
-6.002633449999999	65.43	78.03	1.4589311	1.7750630000000003	0.305616	0.475239	0.3317693	0.5821200000000002	0.10456460000000001	0.10654406999999999	6.060666999999998	1.224256	2.6144140000000005	0.398737	0.9926114000000001	0.5477497000000001	2.6510029999999998	0.35547100000000004	3.9022200000000002	2.2259400000000005	0.7419499	1.1639030700000002	16.2209154	4.752153700000001	18.421796399999998	7.691119770000001	8.103149999999996	12.872019999999997	0.12911143	0.15652368000000003	0.16925807999999992	0.14494164999999995	0.5080847000000001	0.8884658000000003	0.0	0.0	0.0	0.0	0.0	0.0	0.0	0.0	0.0	0.0	0.80645421	1.1899311300000002	0.0	0.0	8.909604209999996	14.061951129999997	1.390134	2.944888	5.1498079999999975	5.648036000000001	5.1651859999999985	4.992482500000002	16.562040000000003	28.99392999999999	0.0	0.0	0.0	0.0	0.0	0.0	0.0	0.0	0.0	0.0	26.877034	39.6344485	0.0	0.0	28.267167999999998	42.5793365
-5.8966334499999995	53.44	84.88	1.52414299	1.9752580000000004	0.3263848000000001	0.3965830000000001	0.30457709999999993	0.5480550000000002	0.05884230000000001	0.13906620000000003	4.456746999999999	1.4659599999999997	3.3606629999999993	0.32974000000000003	1.2263915999999997	0.45770109999999997	2.9543459999999997	0.4993059999999998	2.6863289999999984	2.2135600000000006	0.6898042	1.0837042000000003	14.684476599999996	4.9662671000000005	16.898423789999995	8.025229300000001	5.780515000000002	14.12378	0.09696820000000002	0.1336584799999999	0.15275981899999996	0.15907530000000006	0.3340244999999999	0.9892850999999997	0.0	0.0	0.0	0.0	0.0	0.0	0.0	0.0	0.0	0.0	0.5837525189999999	1.2820188799999996	0.0	0.0	6.364267519000002	15.405798879999999	1.0862958000000003	3.303107	3.7154635	6.022700999999996	3.7105140000000003	5.793786600000002	13.376146999999998	31.522019999999998	0.0	0.0	0.0	0.0	0.0	0.0	0.0	0.0	0.0	0.0	20.802124499999998	43.33850759999999	0.0	0.0	21.8884203	46.6416146
-5.791633449999999	47.17	78.66	1.3784469999999998	1.4801240000000007	0.3055505999999999	0.3304139999999999	0.28471009999999997	0.5341519999999998	0.03441860000000001	0.13572129999999996	3.1519770000000005	1.629442	3.7131440999999996	0.26466900000000004	1.1987106000000003	0.3495251999999999	5.005015	0.6044329999999999	2.8935290000000005	1.8769969999999998	0.6246792999999998	1.0002872999999997	15.9623757	4.7250662	17.965502	7.2054775	4.089954600000001	13.243160000000001	0.09377928599999999	0.10088284000000004	0.12740628800000003	0.14893616999999998	0.20959452999999997	0.9302564	0.0	0.0	0.0	0.0	0.0	0.0	0.0	0.0	0.0	0.0	0.430780104	1.18007541	0.0	0.0	4.520734704000001	14.423235410000002	0.8291305900000003	3.1903289999999993	2.466820900000002	4.609647	3.1067403399999995	5.181976099999999	11.178113999999995	30.52175	0.0	0.0	0.0	0.0	0.0	0.0	0.0	0.0	0.0	0.0	16.751675239999997	40.3133731	0.0	0.0	17.580805829999996	43.5037021
-5.685633449999999	51.03	62.77	0.9497516000000003	0.7926568999999998	0.22022660000000005	0.2923510000000001	0.283038	0.38049499999999997	0.0232705	0.11702200000000004	4.036830000000002	1.4418470000000003	5.38378	0.20533800000000002	0.8743877000000003	0.24576530000000002	10.068929999999998	0.5178780000000001	4.510879999999999	1.3730400000000003	0.5265351	0.7898680000000001	24.874807699999998	3.783868300000001	26.3510944	5.366393200000001	2.3555517000000004	10.7237	0.10735742999999996	0.07939993000000002	0.100286972	0.11929111000000003	0.10617612900000004	0.7363047999999999	0.0	0.0	0.0	0.0	0.0	0.0	0.0	0.0	0.0	0.0	0.313820531	0.9349958399999999	0.0	0.0	2.6693722310000005	11.658695839999998	0.5124153099999996	2.767409	2.900518000000003	2.803541999999999	3.6736162000000014	4.012494699999999	8.158576	25.597000000000012	0.0	0.0	0.0	0.0	0.0	0.0	0.0	0.0	0.0	0.0	14.732710200000005	32.413036700000006	0.0	0.0	15.245125510000005	35.18044570000001
-5.5806334500000006	84.43	59.51	0.904037	0.4068816	0.2596049999999999	0.38904299999999997	0.39537700000000014	0.2337187	0.03162529999999999	0.12283260000000003	8.451020000000003	1.4168710000000002	13.415759999999997	0.23969720000000003	0.8953411999999998	0.1732138	18.26105	0.5072749999999999	8.60943	1.0166089999999999	0.6866073	0.7455943	49.6326012	3.353666	51.2232455	4.5061419	1.4382757	10.314554000000001	0.14446821999999995	0.08755182000000004	0.12427730999999999	0.13175613999999997	0.07469939999999993	0.6610354999999996	0.0	0.0	0.0	0.0	0.0	0.0	0.0	0.0	0.0	0.0	0.34344492999999987	0.8803434599999995	0.0	0.0	1.7817206299999997	11.19489746	0.4236556000000001	2.8793439999999992	6.973240999999998	2.5175499999999995	7.2579509999999985	4.533873000000001	6.238734999999999	24.01129	0.0	0.0	0.0	0.0	0.0	0.0	0.0	0.0	0.0	0.0	20.469926999999995	31.062713	0.0	0.0	20.893582599999995	33.942057
-5.474633449999999	127.0	61.78	1.1418229999999998	0.316584	0.479396	0.4886465999999999	0.585246	0.15735127000000004	0.06000400000000001	0.1281331	13.290679999999998	1.8148060000000001	24.24499999999999	0.27756100000000006	1.3441519999999998	0.1773056	24.000913	0.7173376000000001	12.409512000000003	0.757167	1.124646	0.7741309699999999	75.290257	3.7441772	77.556726	4.83489217	1.8002690000000003	10.639486000000002	0.17880553999999999	0.09698572000000003	0.1828478000000001	0.17605445699999997	0.13407539999999996	0.6380253	0.0	0.0	0.0	0.0	0.0	0.0	0.0	0.0	0.0	0.0	0.49572874	0.911065477	0.0	0.0	2.2959977400000002	11.550551477	0.6413433000000002	2.9868870000000016	12.056501999999988	2.9296200000000003	11.941662999999998	5.328087999999999	6.270920800000001	23.964094	0.0	0.0	0.0	0.0	0.0	0.0	0.0	0.0	0.0	0.0	30.269085799999985	32.221802	0.0	0.0	30.910429099999988	35.208689
-5.36963345	134.6	43.63	1.1908539999999999	0.22203750000000005	0.6775540000000001	0.36687770000000014	0.7225620000000001	0.069398479	0.08806999999999998	0.08354230000000001	13.36098	1.7740022199999994	26.97819	0.18934099999999995	1.6816030000000002	0.16051163000000002	22.284790000000005	0.7266835700000001	12.008799999999999	0.384456	1.4881860000000002	0.5198184790000001	76.314363	3.2349944199999996	78.993403	3.9768503989999995	2.656664000000001	7.334859999999999	0.17100157000000013	0.06617579154999999	0.2093142	0.15567641700000004	0.21787500000000007	0.41429436000000014	0.0	0.0	0.0	0.0	0.0	0.0	0.0	0.0	0.0	0.0	0.5981907700000002	0.6361465685500002	0.0	0.0	3.2548547700000015	7.971006568549999	0.8776299	2.001426700000001	13.114624000000001	2.1764048999999996	13.545348999999998	3.667211700000001	6.806722999999998	16.642407000000002	0.0	0.0	0.0	0.0	0.0	0.0	0.0	0.0	0.0	0.0	33.466696	22.486023600000003	0.0	0.0	34.344325899999994	24.487450300000003
-5.26363345	117.4	17.8	1.222071	0.09109886999999998	0.758319	0.14439568999999997	0.7735849999999997	0.06781317900000002	0.10572	0.02394090000000001	10.01512	0.93466152	22.024559999999997	0.08516577199999997	1.7541390000000003	0.08958401999999997	18.969738000000003	0.37510390799999993	8.733450000000001	0.0938675	1.6376239999999997	0.23614976899999998	61.497007	1.57838272	64.356702	1.9056313589999998	3.3883040000000015	2.893551499999999	0.14695309999999992	0.02355482700000001	0.20553060000000004	0.08236364158000001	0.27415240000000013	0.15509260399999997	0.0	0.0	0.0	0.0	0.0	0.0	0.0	0.0	0.0	0.0	0.6266361	0.26101107258	0.0	0.0	4.014940100000001	3.1545625725799993	1.0233459999999999	0.74160697	11.440837000000002	0.9320005200000002	12.57775	1.4159725	7.1673860000000005	6.727902599999998	0.0	0.0	0.0	0.0	0.0	0.0	0.0	0.0	0.0	0.0	31.185973000000004	9.075875619999998	0.0	0.0	32.209319	9.81748259
-5.15863345	112.4	13.7	1.3846519999999998	0.077651061	0.7860180000000001	0.05506613660000001	0.7586959999999999	0.3249091834999999	0.11142220000000001	0.0011739070790000002	8.091050000000001	0.21875189600000008	19.715510000000005	0.136073459	1.7945229999999996	0.07460701880000001	20.70758	0.0739483148	6.378829999999999	0.10032433999999998	1.6561362	0.3811492271789999	56.687493	0.6037050286000001	59.728281200000005	1.062505316779	3.771098	2.32910696	0.14724569999999998	0.01215156930000001	0.20450120000000002	0.06998889450000004	0.2905066999999999	0.15387491940000006	0.0	0.0	0.0	0.0	0.0	0.0	0.0	0.0	0.0	0.0	0.6422535999999999	0.2360153832000001	0.0	0.0	4.4133515999999995	2.5651223432	1.1578349999999997	0.5381187599999999	11.051715999999997	0.8265092000000002	11.978230000000002	1.4272141700000005	7.483246000000004	5.157636139999999	0.0	0.0	0.0	0.0	0.0	0.0	0.0	0.0	0.0	0.0	30.513192000000004	7.41135951	0.0	0.0	31.671027000000002	7.94947827
-5.0536334499999995	116.1	21.92	1.4516380000000004	0.1263084	0.7734020000000001	0.07297036232	0.7504850000000002	0.578763837	0.10883409999999999	0.003252610000000001	7.666420000000002	0.06578052000000001	21.024490000000004	0.2326263985499999	1.8710189999999995	0.106288306	23.30764	0.008208911000000001	5.380660000000001	0.202577076	1.6327211000000004	0.65498680932	59.250229000000004	0.6154812115499999	62.334588100000005	1.39677642087	3.9765250000000005	3.8295700260000007	0.15359650000000002	0.019527327929999998	0.19952429999999996	0.10266699198000001	0.29633519999999985	0.26614069199999996	0.0	0.0	0.0	0.0	0.0	0.0	0.0	0.0	0.0	0.0	0.6494559999999998	0.38833501190999997	0.0	0.0	4.625981	4.2179050379100005	1.3170819999999999	0.8977743449999998	11.332937000000005	1.3198252590000004	11.821929999999996	2.412746160000001	7.962908	8.32076355	0.0	0.0	0.0	0.0	0.0	0.0	0.0	0.0	0.0	0.0	31.117775	12.053334969000002	0.0	0.0	32.434857	12.951109314000002
-4.94763345	106.1	16.16	1.3448699999999998	0.06829725	0.7239140000000001	0.05542475640000002	0.7471540000000002	0.41593160990000005	0.1021978	0.0028027170000000006	6.47693	0.05323433000000001	19.53212	0.15922918800000002	2.142621	0.06543506399999999	20.864430000000006	-4.2356099999978905e-06	4.34071	0.12745903	1.5732658000000002	0.47415908330000006	53.35681100000001	0.40535337639	56.2749468	0.9478097096900001	3.979074	2.9012616199999997	0.1376159	0.014309753630000008	0.17564189999999988	0.07445270888	0.29594860000000006	0.1997949801720001	0.0	0.0	0.0	0.0	0.0	0.0	0.0	0.0	0.0	0.0	0.6092063999999999	0.2885574426820001	0.0	0.0	4.5882804	3.1898190626819996	1.3966659999999993	0.6809863354	9.996086000000004	0.9311716400000004	10.64677	1.7017760600000003	8.239304999999998	6.266104559	0.0	0.0	0.0	0.0	0.0	0.0	0.0	0.0	0.0	0.0	28.882161000000004	8.899052259000001	0.0	0.0	30.278827	9.580038594400001
-4.842633449999999	81.79	2.055	1.180615	-0.07778995000000001	0.6000610000000003	0.002158400000000001	0.6378050000000004	0.07543919200000003	0.08935569999999998	-0.0035067479999999988	4.63725	-0.03625820899999999	14.731449999999995	-0.0003636690000000004	2.6456709999999988	-0.037037909999999986	14.742869999999996	-0.061820349000000024	3.0981499999999986	-0.0605687	1.3272217000000006	0.07409084400000003	39.85539099999999	-0.196048837	42.36322769999999	-0.19974794299999998	3.362609	0.6512753618000006	0.10557609999999998	-0.0011943052	0.1365569	0.0113016188	0.2511697000000001	0.04251936149999999	0.0	0.0	0.0	0.0	0.0	0.0	0.0	0.0	0.0	0.0	0.4933027000000001	0.05262667509999999	0.0	0.0	3.8559117	0.7039020369000005	1.2570770999999998	0.13115823400000004	7.275342999999996	-0.02301819999999999	8.24164	0.04693082	7.343048	1.2344135029999996	0.0	0.0	0.0	0.0	0.0	0.0	0.0	0.0	0.0	0.0	22.860030999999996	1.2583261229999996	0.0	0.0	24.117108099999996	1.3894843569999997
-4.736633449999999	67.18	-2.035	1.1270869999999997	-0.043465	0.4122290000000001	-0.007931930000000002	0.47884699999999997	-0.02969336000000001	0.11846930000000001	-0.0030661965999999995	4.306180000000001	-0.09781560499999999	11.85716	-0.0022914099999999976	3.532084	-0.04571566300000001	11.630329999999997	-0.10031785199999999	2.746189999999999	-0.0024470543999999986	1.0095453	-0.04069148660000001	34.071943999999995	-0.24858758439999998	36.2085763	-0.332744071	2.5834050000000004	-0.21516694900000005	0.08515970000000003	-0.007000260199999999	0.10904229999999998	-0.004350705379999999	0.18994	-0.014997185	0.0	0.0	0.0	0.0	0.0	0.0	0.0	0.0	0.0	0.0	0.384142	-0.026348150579999997	0.0	0.0	2.9675470000000006	-0.24151509958000006	1.117731	-0.06658463770000002	5.368617	-0.3792663500000003	6.438210000000002	-0.11069531099999995	6.092809	-0.5462352780000002	0.0	0.0	0.0	0.0	0.0	0.0	0.0	0.0	0.0	0.0	17.899636	-1.0361969390000003	0.0	0.0	19.017367000000004	-1.1027815767000004
-4.631633450000001	80.73	11.96	1.2775529999999997	0.6833732500000002	0.313727	0.08084542000000002	0.4046550999999998	0.16491649999999997	0.2454045	0.029558460000000005	6.9534	0.20802360100000006	13.974300000000005	0.30336680000000005	5.230857999999998	0.3533066999999999	14.929020000000001	0.30054900000000007	4.397000000000001	0.8070061260000001	0.9637865999999998	0.27532038	45.484578000000006	1.9722522270000002	47.7259176	2.930945857	2.584664999999998	0.128965615	0.09281819999999999	0.023594925200000002	0.11934959999999993	0.05112898500000002	0.1742723	0.0266490955	0.0	0.0	0.0	0.0	0.0	0.0	0.0	0.0	0.0	0.0	0.3864400999999999	0.10137300570000002	0.0	0.0	2.9711050999999977	0.23033862070000002	1.3217109999999996	0.18090518000000003	5.659270000000005	1.1496899000000003	6.797390000000002	2.925205959999998	6.408620000000001	1.6193326399999992	0.0	0.0	0.0	0.0	0.0	0.0	0.0	0.0	0.0	0.0	18.865280000000006	5.694228499999998	0.0	0.0	20.186991000000006	5.875133679999998
-4.525633450000001	100.9	41.42	1.378299	2.1569220000000007	0.33600300000000005	0.2550161	0.37447300000000017	0.5082034499999999	0.37655800000000006	0.10012169999999997	10.772179999999997	1.2471231200000001	16.985599999999998	0.7744173999999998	6.504389	1.2506239999999995	18.795469999999995	1.5695089999999998	7.271049999999999	2.0752041999999995	1.0870340000000003	0.8633412499999998	60.32868899999999	6.916877719999999	62.79402199999999	9.93714097	2.932063999999999	0.9007570000000005	0.10600350000000003	0.11118172999999996	0.14224560000000003	0.1424517700000001	0.178624	0.11016998400000001	0.0	0.0	0.0	0.0	0.0	0.0	0.0	0.0	0.0	0.0	0.42687310000000006	0.36380348400000007	0.0	0.0	3.358937099999999	1.2645604840000004	1.5919689999999995	0.7479762000000002	6.615260000000001	5.662572999999999	7.7872999999999974	8.0087976	7.172060000000002	6.134141	0.0	0.0	0.0	0.0	0.0	0.0	0.0	0.0	0.0	0.0	21.57462	19.8055116	0.0	0.0	23.166589	20.5534878
-4.42063345	104.6	65.01	1.2893150000000007	3.373992999999999	0.3692489999999999	0.4108393000000001	0.33513000000000004	0.6707377000000001	0.45869399999999994	0.14920419999999998	13.073210000000001	2.3504272	16.680500000000006	1.2320313000000005	6.568767999999999	1.9033209999999994	17.56415	2.859389	9.686829999999997	2.4249160000000005	1.1630729999999998	1.2307812000000002	63.573458	10.770084500000001	66.025846	15.374858699999999	2.9725810000000004	1.5663849999999993	0.11160720000000002	0.20650980000000005	0.14810460000000003	0.19033842	0.17038489999999995	0.17014201	0.0	0.0	0.0	0.0	0.0	0.0	0.0	0.0	0.0	0.0	0.4300967	0.56699023	0.0	0.0	3.4026777000000004	2.1333752299999995	1.6473660000000003	1.2604323199999998	6.9314499999999954	11.040877	8.031349999999998	10.754637999999995	6.916640000000001	9.297353999999993	0.0	0.0	0.0	0.0	0.0	0.0	0.0	0.0	0.0	0.0	21.879439999999995	31.092868999999986	0.0	0.0	23.526805999999993	32.353301319999986
-4.3146334500000005	104.1	65.56	1.3165179999999996	3.5238599999999995	0.3783653000000001	0.4744599999999999	0.31851199999999996	0.546366	0.6364299999999997	0.12526376	14.054560000000002	2.328011599999999	14.4858	1.7798079999999998	7.536350999999999	1.6815650000000004	13.697019999999995	2.730913000000001	11.131680000000001	1.7266649999999992	1.3333072999999998	1.14608976	60.905410999999994	10.2469626	63.5552363	14.91691236	3.183765000000001	1.6592909999999996	0.12800779999999998	0.22506978	0.15838920000000004	0.17588654999999997	0.17928750000000002	0.17016320000000001	0.0	0.0	0.0	0.0	0.0	0.0	0.0	0.0	0.0	0.0	0.46568450000000006	0.57111953	0.0	0.0	3.649449500000001	2.2304105299999994	1.7606249999999997	1.2900804000000008	7.60967	12.924464000000002	8.674009999999997	10.212432000000005	6.97657	8.309609000000002	0.0	0.0	0.0	0.0	0.0	0.0	0.0	0.0	0.0	0.0	23.26025	31.44650500000001	0.0	0.0	25.020874999999997	32.73658540000001
-4.20963345	104.0	54.1	1.5651700000000006	3.1343319999999992	0.35349100000000017	0.43157500000000004	0.30857599999999996	0.3736646	0.821761	0.08178579	15.231980000000002	1.4313313000000005	11.333060000000001	2.0867080000000007	8.830239999999998	1.193655	10.42933	1.5981719999999997	11.482930000000003	1.2975501999999999	1.4838280000000001	0.88702539	57.30754	7.607416500000001	60.35653800000001	11.62877389	3.435345000000001	1.2861709999999995	0.14296493999999998	0.17491074	0.17178779999999993	0.15860920000000012	0.19476459999999995	0.14356344000000007	0.0	0.0	0.0	0.0	0.0	0.0	0.0	0.0	0.0	0.0	0.5095173399999999	0.47708338000000017	0.0	0.0	3.944862340000001	1.7632543799999998	1.8933369999999996	0.9816788999999994	8.411620000000005	10.942476000000005	9.596449999999997	9.973346	7.362579999999997	5.245169000000002	0.0	0.0	0.0	0.0	0.0	0.0	0.0	0.0	0.0	0.0	25.370649999999998	26.160991000000006	0.0	0.0	27.263986999999997	27.142669900000005
-4.10363345	99.3	51.23	1.9134020000000007	3.2867760000000006	0.30480199999999996	0.3363381999999999	0.29481840000000004	0.30077140000000013	0.8061260000000003	0.11986401000000001	17.04902	0.7745426	7.765719999999998	1.8621299999999998	8.08667	1.4413319999999996	8.09661	0.863349	11.36689	1.5858479999999993	1.4057464000000004	0.7569736100000001	52.364909999999995	6.527201599999999	55.6840584	10.570951209999999	3.205654	1.010735	0.14146005	0.14589839	0.16704581999999998	0.18573600000000012	0.18672529999999987	0.13480703999999996	0.0	0.0	0.0	0.0	0.0	0.0	0.0	0.0	0.0	0.0	0.49523116999999983	0.46644143000000005	0.0	0.0	3.70088517	1.47717643	1.8216919999999985	0.9022954999999997	8.595707000000003	9.279223999999996	9.855320000000003	11.928320000000005	7.0510899999999985	3.807636999999999	0.0	0.0	0.0	0.0	0.0	0.0	0.0	0.0	0.0	0.0	25.502117000000005	25.015181	0.0	0.0	27.323809	25.9174765
-3.9986334500000003	95.82	59.29	2.2558300000000004	3.9301700000000004	0.281222	0.3232035	0.291281	0.28947639999999997	0.74284	0.2570633	18.40151	0.6569590000000001	5.450619999999999	1.5730929999999994	6.687709999999998	2.5257380000000005	6.796240000000001	0.8276600000000002	11.538880000000002	2.0161839999999995	1.315343	0.8697431999999999	48.87496	7.599634	52.446132999999996	12.3995472	2.8469150000000005	1.039547	0.1436254	0.1723685199999999	0.1585949	0.2397432999999999	0.17436369999999998	0.142827	0.0	0.0	0.0	0.0	0.0	0.0	0.0	0.0	0.0	0.0	0.476584	0.5549388199999998	0.0	0.0	3.3234990000000004	1.5944858199999998	1.6808029999999996	1.1169569999999998	9.035947000000007	10.051663999999997	9.890359999999998	14.30608	6.583730000000002	4.596865999999998	0.0	0.0	0.0	0.0	0.0	0.0	0.0	0.0	0.0	0.0	25.510037000000008	28.954609999999995	0.0	0.0	27.190840000000005	30.071566999999995
-3.8926334500000004	90.44	66.47	2.3323700000000005	3.99953	0.27197999999999994	0.45115400000000005	0.2756193	0.29448399999999997	0.7538439999999997	0.44189500000000004	17.19736	0.6855259999999997	4.350810000000001	1.6688819999999998	5.724969999999998	3.7298020000000003	6.00434	1.094996	10.857500000000002	2.0499329999999993	1.3014432999999996	1.1875330000000002	44.13498	9.229139	47.7687933	14.416201999999998	2.572934	1.1409429999999998	0.14819020999999993	0.2112146999999999	0.15088700000000005	0.27095777	0.16702620000000004	0.14443289999999998	0.0	0.0	0.0	0.0	0.0	0.0	0.0	0.0	0.0	0.0	0.46610341	0.6266053699999998	0.0	0.0	3.03903741	1.7675483699999996	1.538239000000001	1.1910689999999995	9.538737000000003	11.713878999999997	9.648960000000002	15.002040000000006	6.062452000000001	5.746317000000001	0.0	0.0	0.0	0.0	0.0	0.0	0.0	0.0	0.0	0.0	25.250149000000008	32.462236000000004	0.0	0.0	26.78838800000001	33.653305
-3.78763345	72.71	70.63	1.9749540000000005	3.309049999999999	0.23143399999999997	0.607813	0.23874189999999995	0.32879539999999996	0.6606360000000001	0.682027	12.495109999999999	0.8231380000000001	3.5160999999999993	2.173072	4.742530000000001	4.676825000000001	4.739463999999998	1.5141999999999998	8.01623	1.7613689999999997	1.1308119	1.6186354	33.509434	10.948604	36.6151999	15.8762894	2.018603000000001	1.2241749999999998	0.12915711000000005	0.2478987	0.128656392	0.27617200000000014	0.13815050000000004	0.14000769999999996	0.0	0.0	0.0	0.0	0.0	0.0	0.0	0.0	0.0	0.0	0.3959640020000001	0.6640784000000001	0.0	0.0	2.414567002000001	1.8882534	1.2384440000000003	1.0269656999999999	8.476578999999997	13.553539999999998	8.309008999999996	14.49823	4.663494000000002	6.591164999999999	0.0	0.0	0.0	0.0	0.0	0.0	0.0	0.0	0.0	0.0	21.449081999999997	34.642934999999994	0.0	0.0	22.687525999999995	35.6699007
-3.6826334500000004	56.59	75.93	1.6810199999999993	2.579590999999999	0.1987900000000001	0.6760935000000001	0.23463799999999996	0.39768849999999994	0.49025489999999994	0.9720529999999998	7.54389	1.2689210000000004	3.1064300000000005	2.862764999999999	5.227209999999999	5.24998	3.5701019999999994	2.0357000000000003	4.923060000000001	1.5910170000000001	0.9236829	2.045835	24.370692	13.008383	26.975394899999998	17.633809	1.3787270000000005	1.3089369999999998	0.10693110000000003	0.2898515999999999	0.12211485900000002	0.2847928999999999	0.09899704000000002	0.13745990000000002	0.0	0.0	0.0	0.0	0.0	0.0	0.0	0.0	0.0	0.0	0.32804299900000006	0.7121043999999999	0.0	0.0	1.7067699990000005	2.0210413999999997	0.9946519999999998	0.827525	6.889002000000004	15.576039999999988	7.621760000000006	14.329139999999999	3.1776770000000005	7.445809000000002	0.0	0.0	0.0	0.0	0.0	0.0	0.0	0.0	0.0	0.0	17.68843900000001	37.35098899999999	0.0	0.0	18.68309100000001	38.17851399999999
-3.5766334500000005	69.97	78.93	2.1328300000000007	2.0685279999999993	0.28186200000000006	0.6455434	0.31980400000000014	0.465024	0.663579	1.2179970000000004	6.705760000000004	1.6193419999999998	3.858529999999999	3.36591	8.51867	5.18938	3.964739	2.40516	4.7479700000000005	1.6857880000000003	1.2652450000000002	2.3285644000000003	27.795669000000004	14.26558	31.193744000000006	18.662672399999998	1.491394000000001	1.3056999999999994	0.14130070000000003	0.30798879999999995	0.1866274	0.30003799999999997	0.10887590000000004	0.12842330000000002	0.0	0.0	0.0	0.0	0.0	0.0	0.0	0.0	0.0	0.0	0.4368040000000001	0.7364500999999999	0.0	0.0	1.928198000000001	2.0421500999999993	1.3687169999999997	0.6794519999999997	8.39341	16.363629999999997	11.203719999999999	14.717006000000003	3.7751050000000004	7.885926000000001	0.0	0.0	0.0	0.0	0.0	0.0	0.0	0.0	0.0	0.0	23.372235	38.966562	0.0	0.0	24.740952	39.646014
-3.47163345	103.5	79.52	2.8824899999999998	1.6969260000000002	0.4756330000000001	0.58439	0.4390930000000001	0.5450760000000001	1.2721930000000001	1.3936339999999996	8.717010000000002	1.4671169999999998	5.36453	3.4021899999999996	12.043400000000002	4.583869999999999	5.535492	2.562621	7.020369999999999	1.910104	2.1869190000000005	2.5230999999999995	38.680802	13.925901999999999	43.750211	18.145927999999998	2.2526780000000004	1.2073654999999994	0.2227058	0.29932299999999995	0.2874519999999999	0.3217692000000001	0.16551850000000004	0.11695729999999996	0.0	0.0	0.0	0.0	0.0	0.0	0.0	0.0	0.0	0.0	0.6756762999999999	0.7380495	0.0	0.0	2.9283543000000005	1.9454149999999995	2.1668379999999994	0.6262749999999997	12.767199999999994	16.31387	17.530440000000006	15.935756000000001	5.961415000000002	7.618079999999997	0.0	0.0	0.0	0.0	0.0	0.0	0.0	0.0	0.0	0.0	36.259055000000004	39.867706	0.0	0.0	38.425893	40.493981
-3.3656334500000002	118.1	80.8	2.9382699999999993	1.4968679999999996	0.6205750000000001	0.5753299999999999	0.4726449999999999	0.6260920000000001	1.7139000000000004	1.5419399999999992	9.34789	1.1786079999999999	6.40378	3.017470000000001	12.787099999999999	3.7047600000000003	6.46299	2.4235700000000002	8.542320000000002	2.057106	2.8071200000000003	2.7433619999999994	43.54408	12.381514000000001	49.28947	16.621744	2.503513999999999	1.1219873999999999	0.2687472	0.29242989999999985	0.31841480000000016	0.3424069000000001	0.1898518	0.11624589999999993	0.0	0.0	0.0	0.0	0.0	0.0	0.0	0.0	0.0	0.0	0.7770138000000002	0.7510826999999999	0.0	0.0	3.2805277999999993	1.8730700999999998	2.3933750000000007	0.6680889999999998	15.443390000000003	17.065649999999998	19.966729999999995	17.752040000000008	6.576119999999996	6.708267999999997	0.0	0.0	0.0	0.0	0.0	0.0	0.0	0.0	0.0	0.0	41.986239999999995	41.525958	0.0	0.0	44.379614999999994	42.194047000000005
-3.26063345	105.1	82.94	2.3196	1.3789919999999998	0.606413	0.635021	0.4160859999999999	0.657928	1.6382499999999998	1.7808710000000005	8.467119999999998	1.1789940000000003	6.552190000000001	2.3623	11.697109999999999	2.8229699999999998	6.057301000000002	1.93623	8.329880000000001	2.3403450000000006	2.6607489999999996	3.0738200000000004	41.103601	10.640839	46.08395	15.093651000000001	1.8804589999999999	1.1435170000000003	0.2521025	0.2953481000000001	0.2641356000000001	0.3559254	0.15091440000000003	0.1253744	0.0	0.0	0.0	0.0	0.0	0.0	0.0	0.0	0.0	0.0	0.6671525000000001	0.7766479000000002	0.0	0.0	2.5476115	1.9201649000000005	1.763603000000001	0.718559	14.523119999999997	18.308901999999996	16.731640000000002	19.756228000000004	4.885053000000002	5.479288000000002	0.0	0.0	0.0	0.0	0.0	0.0	0.0	0.0	0.0	0.0	36.139813000000004	43.544418	0.0	0.0	37.903416	44.262977
-3.15463345	100.3	92.96	1.7153100000000003	1.221432	0.5583130000000001	0.7715229999999998	0.42220500000000016	0.6965679999999997	1.7260899999999997	2.173193	9.614690000000003	1.6652240000000003	7.04774	1.7999500000000002	12.334099999999996	2.40735	5.505022	2.0006000000000004	9.29886	3.7223	2.706608	3.6412839999999997	43.800412	11.595424000000001	48.22233	16.45814	1.3450310000000003	1.3116590000000001	0.25212480000000004	0.32787369999999993	0.23826860000000002	0.40170680000000003	0.11063650000000005	0.14386210000000002	0.0	0.0	0.0	0.0	0.0	0.0	0.0	0.0	0.0	0.0	0.6010299000000001	0.8734426	0.0	0.0	1.9460609000000004	2.1851016000000003	1.1102400000000003	0.7813460000000002	14.005090000000003	20.456370000000003	14.386929999999998	23.67237000000002	3.8610149999999996	5.0073099999999995	0.0	0.0	0.0	0.0	0.0	0.0	0.0	0.0	0.0	0.0	32.253035	49.13605000000002	0.0	0.0	33.363275	49.917396000000025
-3.0496334500000004	128.3	116.3	1.4102399999999997	1.058858	0.6613469999999998	1.0283200000000001	0.5678200000000001	0.8044140000000001	2.5193900000000014	2.44693	12.866580000000003	2.7704850000000003	8.650789999999997	1.7994000000000006	19.045099999999998	2.5993700000000004	5.683000000000001	3.4221199999999996	13.35729	6.685280000000001	3.7485570000000012	4.279664	59.602759999999996	17.276655	64.761557	22.615177000000003	1.5400020000000003	1.5251819999999996	0.3221497	0.4099872999999998	0.30792259999999994	0.4981493999999997	0.12266969999999995	0.17124670000000003	0.0	0.0	0.0	0.0	0.0	0.0	0.0	0.0	0.0	0.0	0.7527419999999999	1.0793833999999995	0.0	0.0	2.2927440000000003	2.604565399999999	1.0277090000000002	0.9378599999999997	17.363170000000004	24.938729999999996	17.253060000000005	30.279919999999997	5.239397	5.672470000000001	0.0	0.0	0.0	0.0	0.0	0.0	0.0	0.0	0.0	0.0	39.85562700000001	60.891119999999994	0.0	0.0	40.88333600000001	61.828979999999994
-2.9436334500000005	166.2	142.7	1.2652390000000002	0.9649440000000001	0.8985890000000001	1.3644900000000006	0.735667	0.9796840000000001	3.1794299999999995	2.3922779999999997	14.5913	4.217826	9.559720000000002	2.3778999999999995	35.068700000000014	3.01646	6.011626999999998	5.13036	17.520339999999997	9.456209999999999	4.813686	4.736452000000001	82.75168700000002	24.198755999999996	88.83061200000002	29.900152	1.9865449999999991	1.6475960000000003	0.3795339	0.5237323999999999	0.3798715000000001	0.5884974	0.17278570000000013	0.19876399999999989	0.0	0.0	0.0	0.0	0.0	0.0	0.0	0.0	0.0	0.0	0.9321911000000002	1.3109937999999997	0.0	0.0	2.9187360999999994	2.9585898	1.1833450000000003	1.111943	21.104929999999996	31.55648	20.715240000000012	36.31226	6.940870000000003	6.542659999999999	0.0	0.0	0.0	0.0	0.0	0.0	0.0	0.0	0.0	0.0	48.76104000000001	74.4114	0.0	0.0	49.94438500000001	75.523343
-2.83863345	183.1	156.6	1.177958	0.9068080000000001	1.090941	1.5952079999999995	0.8169060000000001	1.1874790000000002	2.7473199999999993	2.1136800000000004	14.555919999999999	5.6488700000000005	8.55061	3.14109	54.9565	3.503459999999999	5.991902	5.397940000000001	18.909059999999993	9.57615	4.655167	4.896367	102.96399199999999	27.26751	108.79711699999999	33.070685000000005	2.137723999999998	1.6060780000000003	0.34184589999999987	0.6278359000000001	0.34606770000000003	0.6042914999999999	0.21747129999999995	0.20996640000000014	0.0	0.0	0.0	0.0	0.0	0.0	0.0	0.0	0.0	0.0	0.9053848999999998	1.4420938	0.0	0.0	3.0431088999999982	3.0481718000000004	1.1164079999999998	1.080216	20.385719999999992	38.42335000000001	19.38908000000001	37.58991999999999	6.95075	6.6493220000000015	0.0	0.0	0.0	0.0	0.0	0.0	0.0	0.0	0.0	0.0	46.725550000000005	82.662592	0.0	0.0	47.841958000000005	83.74280800000001
-2.7326334500000002	173.3	156.2	1.1763720000000002	0.8289330000000001	1.0756009999999998	1.5483219999999995	0.8228960000000001	1.3093090000000003	1.6968999999999996	1.8434320000000002	14.587240000000001	6.68306	6.877609999999997	3.673249999999999	63.18614000000001	4.524	5.606393000000001	4.454440000000001	18.86426	7.604690000000001	3.5953969999999993	4.7010629999999995	109.121643	26.93944	113.89341200000001	32.469436	1.9522479999999995	1.424212	0.25636900000000007	0.6819070000000002	0.24530789999999997	0.5646215	0.22191000000000002	0.19570819999999997	0.0	0.0	0.0	0.0	0.0	0.0	0.0	0.0	0.0	0.0	0.7235869	1.4422367	0.0	0.0	2.6758348999999995	2.8664487000000003	0.8795330000000002	0.8595299999999996	16.55502999999999	42.678799999999995	14.853540000000002	35.223560000000006	5.925009999999998	5.965153999999998	0.0	0.0	0.0	0.0	0.0	0.0	0.0	0.0	0.0	0.0	37.33357999999999	83.867514	0.0	0.0	38.21311299999999	84.727044
-2.62763345	147.4	144.4	1.1911355999999997	0.7445	0.8839680000000002	1.2620699999999998	0.8052279999999997	1.2031160000000003	0.9736689999999998	1.6468749999999999	13.941310000000007	6.377129999999999	5.718620000000001	3.7354299999999996	52.37464	6.03039	4.852672000000001	3.53502	19.082189999999997	5.59411	2.6628649999999996	4.112061	95.96943200000001	25.27208	99.8234326	30.128641	1.572201	1.1666249999999994	0.2038326	0.6476790000000001	0.1759245000000001	0.5148959999999998	0.1841019	0.16400019999999993	0.0	0.0	0.0	0.0	0.0	0.0	0.0	0.0	0.0	0.0	0.5638590000000001	1.3265751999999997	0.0	0.0	2.13606	2.493200199999999	0.7259619999999997	0.67782	13.691999999999995	41.06265999999998	11.499310000000003	32.2702	5.027209999999999	4.833995999999999	0.0	0.0	0.0	0.0	0.0	0.0	0.0	0.0	0.0	0.0	30.218519999999998	78.16685599999998	0.0	0.0	30.944481999999997	78.84467599999998
-2.52163345	122.1	128.0	1.1713511999999997	0.6787509999999999	0.7108849999999998	0.9980169999999999	0.799921	0.9787910000000004	0.7505130000000002	1.4849330000000003	12.123223999999995	4.817679999999999	5.0806000000000004	3.54498	34.55211999999999	7.1666799999999995	3.971551000000001	3.010101	19.016560000000002	4.35516	2.261319	3.461741000000001	74.74405499999999	22.894600999999998	78.17672519999999	27.035093	1.2295429999999998	0.8821621000000001	0.2022748	0.5630909999999997	0.1655011000000001	0.47303920000000005	0.13638050000000002	0.13009520000000002	0.0	0.0	0.0	0.0	0.0	0.0	0.0	0.0	0.0	0.0	0.5041564000000001	1.1662253999999996	0.0	0.0	1.7336994	2.0483874999999996	0.7536670000000003	0.5809490999999998	13.001290000000001	35.778770000000016	10.887859999999996	30.009760000000014	4.628913000000002	3.7250029999999996	0.0	0.0	0.0	0.0	0.0	0.0	0.0	0.0	0.0	0.0	28.518062999999998	69.51353300000002	0.0	0.0	29.271729999999998	70.09448210000004
-2.4166334500000004	109.5	118.1	1.1412789999999995	0.608366	0.681713	0.9050629999999998	0.8241719999999999	0.8671570000000002	0.7489119999999999	1.3835540000000002	10.689721999999998	3.37238	4.670499999999999	3.514399999999999	23.505020000000002	7.455929999999999	3.336061	2.881895000000001	18.467029999999998	3.75992	2.254797	3.155774	60.668333	20.984524999999998	64.064409	24.748665	1.1069816999999995	0.6454477	0.22211559999999997	0.5118330000000002	0.18742379999999992	0.4555172	0.10711759999999995	0.10600948999999991	0.0	0.0	0.0	0.0	0.0	0.0	0.0	0.0	0.0	0.0	0.5166569999999998	1.0733596900000002	0.0	0.0	1.6236386999999994	1.71880739	0.8905720000000001	0.49119520000000005	13.300380000000002	32.399609999999996	11.966169999999993	29.239703000000016	4.635597999999998	3.177820000000001	0.0	0.0	0.0	0.0	0.0	0.0	0.0	0.0	0.0	0.0	29.902147999999993	64.81713300000001	0.0	0.0	30.792719999999992	65.30832820000002
-2.31163345	104.3	112.0	1.0642470000000002	0.5085	0.7562170000000001	0.856	0.8507070000000001	0.844157	0.7272370000000002	1.2476155000000002	9.867853	2.6395999999999993	4.25071	3.6858	19.441469999999995	6.879339999999998	2.9701049999999993	3.0320089999999995	17.251870000000007	3.4476299999999984	2.3341610000000004	2.9477725	53.782008000000005	19.684378999999996	57.180416	23.140651499999997	1.0741659999999997	0.5051924999999998	0.23572820000000003	0.49136719999999995	0.20942560000000007	0.4379017	0.09063609999999998	0.09147097000000001	0.0	0.0	0.0	0.0	0.0	0.0	0.0	0.0	0.0	0.0	0.5357899	1.0207398699999999	0.0	0.0	1.6099558999999999	1.5259323699999998	0.9815850000000002	0.4035845000000002	13.701239999999999	30.962089999999982	12.99356000000001	28.292005	4.496641	2.953361	0.0	0.0	0.0	0.0	0.0	0.0	0.0	0.0	0.0	0.0	31.191441000000008	62.20745599999998	0.0	0.0	32.17302600000001	62.61104049999998
-2.20563345	97.48	102.2	0.938702	0.40713399999999994	0.8463129999999999	0.7489069999999999	0.86922	0.78414	0.6052839999999998	1.0384019999999998	8.640592	2.4575730000000005	3.68201	3.6898699999999995	16.79011000000001	6.122350000000003	2.712844000000002	3.1292200000000006	14.446369999999998	3.1825299999999994	2.320817	2.5714489999999994	46.27192600000001	18.581543000000003	49.53144500000001	21.560126000000004	0.9352380000000003	0.45473070000000004	0.24653609999999998	0.4471509	0.2243182000000001	0.39858590000000016	0.07445919999999998	0.08137812999999999	0.0	0.0	0.0	0.0	0.0	0.0	0.0	0.0	0.0	0.0	0.5453135	0.9271149300000001	0.0	0.0	1.4805515000000005	1.3818456300000002	0.9634860000000002	0.3499061000000001	14.424500000000005	28.109829999999995	13.580049999999996	25.899425999999995	4.054655	2.6932049999999994	0.0	0.0	0.0	0.0	0.0	0.0	0.0	0.0	0.0	0.0	32.059205000000006	56.70246099999999	0.0	0.0	33.022691	57.05236709999999
-2.1006334500000006	89.3	96.11	0.7951790000000002	0.34157550000000003	0.878601	0.658605	0.879926	0.770656	0.45605300000000004	0.9164370000000002	7.045054	2.7362349999999993	3.172003	3.389619999999999	13.008350000000004	6.398890000000001	2.4923699999999993	3.1691300000000004	11.130980000000006	2.9796200000000006	2.2145799999999998	2.345698	36.848757000000006	18.673495	39.85851600000001	21.3607685	0.7469659999999998	0.5025948	0.2615774999999999	0.38820019999999994	0.24107330000000007	0.38449230000000023	0.06597540999999997	0.08760600999999998	0.0	0.0	0.0	0.0	0.0	0.0	0.0	0.0	0.0	0.0	0.5686262099999999	0.8602985100000001	0.0	0.0	1.3155922099999997	1.3628933100000002	0.924111	0.35954579999999997	15.382870000000002	24.399730000000005	14.202649999999995	25.30706	3.8287940000000007	2.9140962	0.0	0.0	0.0	0.0	0.0	0.0	0.0	0.0	0.0	0.0	33.414314	52.62088620000001	0.0	0.0	34.338425	52.98043200000001
-1.9946334499999998	81.93	98.44	0.635907	0.31294600000000006	0.829654	0.6432019999999999	0.848179	0.8614810000000004	0.34930400000000006	0.8551390000000001	5.536393999999998	3.048958999999999	2.980452	3.0591500000000003	8.422683999999999	7.274310000000002	2.422100000000001	3.0950699999999998	8.62096	2.8134759999999988	2.027137	2.3598220000000003	27.98259	19.290965	30.645633999999998	21.963733	0.608578	0.5982426000000001	0.27888850000000004	0.3714124000000001	0.2565407	0.39970250000000007	0.07364123000000002	0.11668981999999997	0.0	0.0	0.0	0.0	0.0	0.0	0.0	0.0	0.0	0.0	0.60907043	0.8878047200000001	0.0	0.0	1.2176484300000001	1.4860473200000002	0.9102389999999995	0.40613669999999996	16.189105	23.081909999999993	14.556060000000006	26.911571000000006	4.0990720000000005	3.864757999999999	0.0	0.0	0.0	0.0	0.0	0.0	0.0	0.0	0.0	0.0	34.84423700000001	53.858239	0.0	0.0	35.754476000000004	54.264375699999995
-1.8896334500000003	79.75	94.83	0.5038049999999998	0.2812169	0.8046719999999998	0.6304869999999999	0.8411599999999999	0.8324979999999998	0.29069500000000004	0.6494079999999999	4.357193999999999	2.6954670000000003	3.1723369999999993	2.64652	4.702451000000001	6.932068999999999	2.8677300000000003	2.492970000000001	6.839005000000003	2.3873860000000007	1.9365269999999999	2.1123929999999995	21.938717000000004	17.154412	24.379049000000002	19.548021900000002	0.5355539000000002	0.5708947999999999	0.31171060000000006	0.38747190000000004	0.28265829999999986	0.36312090000000025	0.09309123999999998	0.14165499870000006	0.0	0.0	0.0	0.0	0.0	0.0	0.0	0.0	0.0	0.0	0.6874601399999999	0.8922477987000004	0.0	0.0	1.2230140400000002	1.4631425987000002	0.9226620000000001	0.3775356000000001	17.602503999999996	23.19678499999999	15.301800000000004	24.901371000000005	4.9067099999999995	4.963745000000001	0.0	0.0	0.0	0.0	0.0	0.0	0.0	0.0	0.0	0.0	37.811014	53.061901	0.0	0.0	38.733676	53.4394366
-1.7836334500000004	83.98	77.75	0.4424700000000001	0.21508179999999996	0.8445600000000002	0.5329669999999999	0.9176789999999999	0.6276959999999999	0.262389	0.3538277	3.695821000000001	1.7716250000000002	3.6098569999999994	1.9266200000000002	2.9167060000000005	5.058853000000001	3.7730900000000003	1.560461	5.740510000000001	1.7534399999999997	2.024628	1.5144906999999999	19.735984000000002	12.070999	22.203082000000002	13.8005715	0.5279267999999999	0.38854660000000013	0.35366400000000014	0.3606267700000002	0.3260087	0.2762680000000001	0.11030052999999998	0.14069420800000002	0.0	0.0	0.0	0.0	0.0	0.0	0.0	0.0	0.0	0.0	0.7899732300000001	0.7775889780000004	0.0	0.0	1.3179000300000001	1.1661355780000005	0.9759150999999998	0.25611249999999997	19.453502999999994	20.671826	17.18964	18.803838	5.886729999999999	5.644108999999999	0.0	0.0	0.0	0.0	0.0	0.0	0.0	0.0	0.0	0.0	42.529872999999995	45.119772999999995	0.0	0.0	43.5057881	45.375885499999995
-1.67863345	86.4	58.99	0.38720300000000013	0.13506119999999994	0.850976	0.407994	0.9659009999999999	0.510089	0.24168499999999996	0.16188810000000003	3.293287999999999	1.003248	4.020754000000001	1.2907930000000003	2.289219999999999	3.2706940000000007	4.327760000000001	1.0043555339999999	4.86999	1.3080599999999998	2.058562	1.0799711	18.801012	7.877150534	21.246777	9.092182834	0.5372709000000001	0.21531216	0.36986420000000014	0.27792856000000005	0.3505940999999998	0.22182150000000003	0.11678182999999996	0.11368918699999996	0.0	0.0	0.0	0.0	0.0	0.0	0.0	0.0	0.0	0.0	0.8372401299999999	0.6134392470000001	0.0	0.0	1.37451103	0.828751407	1.0062802999999996	0.14556380000000002	20.292856000000004	15.848355000000002	18.825699999999994	14.532264	6.236120000000001	5.027838	0.0	0.0	0.0	0.0	0.0	0.0	0.0	0.0	0.0	0.0	45.354676	35.408457	0.0	0.0	46.3609563	35.5540208
-1.57263345	90.54	46.96	0.31533399999999995	0.0744669	0.8419209999999999	0.3416794	0.9551290000000002	0.4939480000000001	0.24284299999999995	0.08437589999999999	2.9703900000000005	0.7204080800000001	4.728205999999999	1.1114300000000001	2.053454	2.455254	4.75334	0.9313569399999999	3.9966600000000003	1.0413068900000002	2.039893	0.9200033000000001	18.50205	6.259755910000001	20.857277	7.25422611	0.5880375000000002	0.13220869599999996	0.38659589999999977	0.20143484000000003	0.3625462999999999	0.20544757999999994	0.1360575999999999	0.07766708900000001	0.0	0.0	0.0	0.0	0.0	0.0	0.0	0.0	0.0	0.0	0.8851997999999995	0.484549509	0.0	0.0	1.4732372999999996	0.6167582049999999	1.0660200000000004	0.08975179999999999	21.926409999999994	12.178395999999996	20.730029999999985	12.976778999999997	6.543444999999999	3.3738139000000005	0.0	0.0	0.0	0.0	0.0	0.0	0.0	0.0	0.0	0.0	49.19988499999998	28.528988899999995	0.0	0.0	50.265904999999975	28.618740699999993
-1.4676334500000006	102.3	43.17	0.26763999999999993	0.04696310000000001	0.8446809999999999	0.2624681000000001	0.9152619999999998	0.3760650000000001	0.284134	0.04955976	2.789957000000001	0.7813365599999998	5.9256509999999984	1.234526	2.097711	2.79492	5.9774	0.8996069999999998	3.3852600000000006	0.9439553999999999	2.0440769999999997	0.6880928600000001	20.175979	6.6543449599999995	22.487696	7.38940092	0.7137838999999995	0.10047372199999999	0.4327441000000002	0.16063784999999994	0.39065060000000024	0.19616172	0.18338343000000007	0.08901068790000001	0.0	0.0	0.0	0.0	0.0	0.0	0.0	0.0	0.0	0.0	1.0067781300000005	0.44581025789999995	0.0	0.0	1.72056203	0.5462839799	1.2381850000000005	0.07520960000000003	25.427962999999984	10.663104000000002	23.315690000000007	11.642580000000002	8.018363	3.3284522200000004	0.0	0.0	0.0	0.0	0.0	0.0	0.0	0.0	0.0	0.0	56.76201599999999	25.634136220000006	0.0	0.0	58.00020099999999	25.709345820000006
-1.3616334499999998	105.8	56.13	0.21867599999999995	0.07750040000000001	0.7293989999999999	0.1476271	0.7534589999999998	0.17736000000000002	0.333322	0.04562490000000001	2.5055850000000013	1.2955531150000001	6.8610310000000005	1.7148180000000002	1.9970880000000002	9.56627	7.183609999999999	1.1220510000000001	2.7471509999999992	1.6517051	1.8161799999999997	0.37061200000000005	21.294465	15.350397215	23.329321	15.798509615	0.7830179999999997	0.18238832300000002	0.4421050000000003	0.1626325724	0.39163139999999985	0.19065468999999996	0.21469828999999993	0.17002284099999995	0.0	0.0	0.0	0.0	0.0	0.0	0.0	0.0	0.0	0.0	1.0484346900000001	0.5233101034	0.0	0.0	1.8314526899999997	0.7056984263999999	1.3498449999999995	0.11060452999999999	26.133103	11.675202999999994	22.746959999999994	10.653878000000002	9.660250000000001	5.617002399999998	0.0	0.0	0.0	0.0	0.0	0.0	0.0	0.0	0.0	0.0	58.540313	27.946083399999996	0.0	0.0	59.89015799999999	28.056687929999995
-1.2566334500000003	93.9	88.12	0.15974	0.161697	0.507281	0.10173	0.5081300000000001	0.07483650000000001	0.3792190000000001	0.06967880000000003	2.1912019999999997	3.258898	7.2276799999999986	3.0547780000000007	1.542802	29.2988	7.310180000000002	2.329137	2.135946	5.380250499999998	1.3946300000000003	0.24624530000000006	20.40781	43.3218635	21.96218	43.7298058	0.7367820000000002	0.5309963999999999	0.3880792000000002	0.18632918000000004	0.34387200000000007	0.169179967	0.19416564000000006	0.22240242499999996	0.0	0.0	0.0	0.0	0.0	0.0	0.0	0.0	0.0	0.0	0.9261168400000003	0.577911572	0.0	0.0	1.6628988400000004	1.108907972	1.3189773000000002	0.20831350000000004	22.334894999999996	13.028686999999998	18.61476	9.752558999999996	9.848719999999993	6.769318309999999	0.0	0.0	0.0	0.0	0.0	0.0	0.0	0.0	0.0	0.0	50.79837499999999	29.55056430999999	0.0	0.0	52.11735229999999	29.758877809999994
-1.1506334500000004	77.81	130.7	0.12006459999999998	0.24633800000000006	0.333353	0.15027900000000002	0.32932300000000014	0.1199305	0.41476300000000016	0.10113649999999996	2.1477779999999997	8.345654	6.969189999999998	5.511240000000001	0.98141	53.741910000000004	6.746223999999998	4.2885149999999985	1.9592359999999995	15.261349999999997	1.0774390000000003	0.37134599999999995	18.803837999999995	87.148669	20.001341599999996	87.766353	0.6293120000000005	1.0720690000000002	0.32473799999999997	0.20434689999999991	0.2826344	0.15332321000000002	0.14128956999999992	0.18963424000000015	0.0	0.0	0.0	0.0	0.0	0.0	0.0	0.0	0.0	0.0	0.7486619699999999	0.5473043500000001	0.0	0.0	1.3779739700000004	1.6193733500000003	1.2190175	0.3706457000000002	17.835493000000003	12.458799999999997	14.466690000000002	9.308891	8.401180000000004	5.722093000000002	0.0	0.0	0.0	0.0	0.0	0.0	0.0	0.0	0.0	0.0	40.70336300000001	27.489783999999997	0.0	0.0	41.92238050000001	27.860429699999997
-1.04563345	66.42	175.1	0.1031624	0.323722	0.25031800000000004	0.26605	0.25929500000000005	0.25343899999999997	0.4127879999999998	0.12949299999999997	2.2980430000000003	16.279505999999998	6.143679999999998	8.10572	0.520832	67.74594	6.286208000000001	6.284476000000001	2.0722470000000004	28.566488000000014	0.9224009999999999	0.648982	17.32101	126.98213000000001	18.3465734	127.95483400000002	0.4917026000000002	1.5040249000000006	0.2869411	0.2501757000000001	0.23962049999999993	0.19203289999999995	0.09518146999999998	0.14802187	0.0	0.0	0.0	0.0	0.0	0.0	0.0	0.0	0.0	0.0	0.62174307	0.5902304700000001	0.0	0.0	1.1134456700000002	2.094255370000001	1.0851634	0.5628365	15.188557000000007	13.36571	12.41003000000001	11.643880000000001	6.278100000000003	5.0365629999999975	0.0	0.0	0.0	0.0	0.0	0.0	0.0	0.0	0.0	0.0	33.87668700000002	30.046152999999997	0.0	0.0	34.96185040000002	30.6089895
-0.9406334500000004	64.68	200.5	0.10399540000000002	0.41039129999999996	0.24192100000000002	0.39712099999999995	0.2793929999999999	0.39339699999999994	0.3826120000000001	0.1489671	2.454461000000001	22.295251999999994	5.878790000000001	9.357023000000002	0.27448900000000004	69.84924900000001	6.2985	7.918639000000001	2.264735	35.739443	0.903926	0.9394850999999999	17.170975000000002	145.15960600000003	18.178896400000003	146.50948240000002	0.3776071999999999	1.5878273999999994	0.2814203000000001	0.2978047999999999	0.23869479999999998	0.24112519999999987	0.08135574	0.12635096999999995	0.0	0.0	0.0	0.0	0.0	0.0	0.0	0.0	0.0	0.0	0.6014708400000001	0.6652809699999997	0.0	0.0	0.97907804	2.253108369999999	0.9798342999999999	0.6819299000000003	14.851210000000005	15.656600000000001	13.403200000000005	14.69088	4.708127000000001	4.886519999999999	0.0	0.0	0.0	0.0	0.0	0.0	0.0	0.0	0.0	0.0	32.96253700000001	35.234	0.0	0.0	33.94237130000001	35.9159299
-0.8346334500000006	71.8	185.5	0.11340329999999998	0.4639936	0.293645	0.44448000000000004	0.3486180000000001	0.44030899999999984	0.34465300000000004	0.14704740000000002	2.6271300000000006	21.713783999999997	6.86082	9.169591000000002	0.22819330000000002	61.36638199999999	6.6639199999999965	8.425594	2.5577300000000007	33.49020899999999	0.9869160000000001	1.0318364	18.9377933	134.16555999999997	20.038112599999998	135.66138999999998	0.3241929999999999	1.2571217999999997	0.3060654	0.2744838000000001	0.27480099999999996	0.23598600000000008	0.09339048	0.09325575000000001	0.0	0.0	0.0	0.0	0.0	0.0	0.0	0.0	0.0	0.0	0.67425688	0.6037255500000002	0.0	0.0	0.9984498799999999	1.86084735	0.9306492	0.6250715	16.561179999999993	14.885020000000006	16.511900000000004	14.49986999999999	4.024016	3.9202740000000014	0.0	0.0	0.0	0.0	0.0	0.0	0.0	0.0	0.0	0.0	37.09709599999999	33.305164	0.0	0.0	38.0277452	33.930235499999995
-0.7296334500000001	76.2	136.2	0.11354969999999998	0.4152198000000001	0.32103399999999993	0.3682970000000001	0.3648599999999999	0.36281800000000014	0.311709	0.12017349999999999	2.8034499999999998	16.115898	7.5450199999999965	8.256186999999999	0.23978099999999997	40.430870000000006	6.79026	7.070831	2.7676500000000006	27.53933799999999	0.9976029999999998	0.8512885000000002	20.146160999999996	99.413124	21.257313699999997	100.6796323	0.28698390000000007	0.7155311000000001	0.32916180000000017	0.18654584999999999	0.29443859999999994	0.1908946500000001	0.09927625999999998	0.05205091000000003	0.0	0.0	0.0	0.0	0.0	0.0	0.0	0.0	0.0	0.0	0.7228766600000001	0.42949141000000013	0.0	0.0	1.0098605600000001	1.1450225100000002	0.8543997000000002	0.4134405	18.190370000000005	10.40576099999999	18.04979	11.556844	3.551439	2.2474689999999997	0.0	0.0	0.0	0.0	0.0	0.0	0.0	0.0	0.0	0.0	39.791599000000005	24.210073999999988	0.0	0.0	40.64599870000001	24.623514499999988
-0.6236334500000003	68.3	79.39	0.09138330000000003	0.25856419999999997	0.256147	0.22867010000000004	0.27219200000000005	0.22576700000000008	0.275939	0.07772119999999999	2.798819999999999	9.641496000000002	6.528129999999998	6.561422	0.19699200000000003	17.066938000000004	6.252599999999999	4.283657000000001	2.62907	20.278446	0.804278	0.5321583000000001	18.405611999999998	57.831959000000005	19.3012733	58.622681500000006	0.2155991999999999	0.2865162600000001	0.3115446	0.09584158000000002	0.26291480000000006	0.1410192699999999	0.07740688	0.02353562999999999	0.0	0.0	0.0	0.0	0.0	0.0	0.0	0.0	0.0	0.0	0.65186628	0.26039647999999993	0.0	0.0	0.86746548	0.54691274	0.6793905999999997	0.18837386000000006	17.30868	5.377488000000001	15.89196	8.264010999999998	2.6176810000000015	0.8639523	0.0	0.0	0.0	0.0	0.0	0.0	0.0	0.0	0.0	0.0	35.818321	14.505451299999999	0.0	0.0	36.4977116	14.69382516
-0.5186334500000003	57.74	37.27	0.06365118	0.09894729999999997	0.1647139	0.1003861	0.16369599999999998	0.10217240000000002	0.22742400000000004	0.03471679999999999	2.7326300000000012	4.236233199999999	5.10978	3.8943464	0.12414869999999999	3.8400644000000006	5.684888999999999	1.6407560399999996	2.4254050000000005	10.95894462	0.5558339	0.23727530000000002	16.0768527	24.57034466	16.69633778	24.90656726	0.14189060000000006	0.08059735400000002	0.2785326	0.056915591	0.22717219999999996	0.08917991899999998	0.048489889999999994	0.016484318799999995	0.0	0.0	0.0	0.0	0.0	0.0	0.0	0.0	0.0	0.0	0.55419469	0.1625798288	0.0	0.0	0.6960852900000001	0.2431771828	0.4948122999999999	0.06252425000000002	15.404	3.166646660000001	13.288482999999996	5.28137184	1.6494300000000008	0.4589637879999999	0.0	0.0	0.0	0.0	0.0	0.0	0.0	0.0	0.0	0.0	30.341912999999998	8.906982288000002	0.0	0.0	30.836725299999998	8.969506538000001
-0.41263344999999996	56.75	14.13	0.05811190000000001	0.018176852000000007	0.11790199999999995	0.021475540000000008	0.11305600000000002	0.02773275199999999	0.179057	0.008729345099999999	2.9798300000000006	0.8642061759999999	4.8409070000000005	1.24902746	0.08021980000000001	-0.09549182000000002	5.606769999999998	0.23545251	2.566052	2.9189308	0.41001499999999996	0.057937637099999995	16.0737788	5.172125126	16.5419057	5.2482396151	0.10212869999999996	0.010834152	0.26968270000000005	0.05784674443999999	0.23790374999999994	0.039720076399999985	0.04342643000000002	0.019778813999999995	0.0	0.0	0.0	0.0	0.0	0.0	0.0	0.0	0.0	0.0	0.55101288	0.11734563483999998	0.0	0.0	0.65314158	0.12817978683999998	0.39466030000000013	0.026625922099999998	14.857900000000003	3.2768554389999993	13.632758000000003	2.6405711380000003	1.6329150000000003	0.63773166408	0.0	0.0	0.0	0.0	0.0	0.0	0.0	0.0	0.0	0.0	30.123573000000004	6.55515824108	0.0	0.0	30.518233300000006	6.58178416318
-0.30763345	67.62	4.287	0.075506	-0.00147485	0.103502	-0.004797641000000001	0.10200470000000002	0.0013769500000000005	0.13704539999999998	0.0009368229999999999	3.7572699999999997	-0.24722401000000002	5.7106340000000015	-0.027908401999999978	0.06825480000000002	-0.52977201	6.168409999999999	-0.11678654999999999	3.1307650000000002	-0.3863281499999999	0.3425521	-0.0024838680000000006	18.8353338	-1.308019122	19.2533919	-1.31197784	0.08377140000000002	-0.005031363199999998	0.30247775999999993	0.0462768378	0.2999430100000001	0.01061951	0.066818	0.0160232259	0.0	0.0	0.0	0.0	0.0	0.0	0.0	0.0	0.0	0.0	0.6692387700000001	0.0729195737	0.0	0.0	0.75301017	0.0678882105	0.34454793	0.017268452	16.729015	2.6565317200000003	17.286085	0.9319545899999999	2.810655999999999	0.5726926699999999	0.0	0.0	0.0	0.0	0.0	0.0	0.0	0.0	0.0	0.0	36.825756	4.16117898	0.0	0.0	37.170303929999996	4.1784474320000005
-0.2016334500000001	87.1	4.138	0.0999585	0.000953944	0.09569590000000001	-0.0039566225399999995	0.09884499999999999	0.0010841619999999998	0.09779009999999999	0.0016083949	4.762009000000002	-0.20438915800000007	7.353648	-0.14339816000000002	0.06490470000000002	-0.24492039000000002	7.1758750000000004	-0.06663786000000002	4.27906	-0.49595543	0.292331	-0.0012640656399999996	23.6354967	-1.1553009980000002	24.0277862	-1.15561111964	0.07377410000000004	-0.0022263107000000015	0.38539832	0.047256499210000004	0.3990173000000001	0.0081703911	0.09515233999999997	0.014790510300000004	0.0	0.0	0.0	0.0	0.0	0.0	0.0	0.0	0.0	0.0	0.87956796	0.07021740061000001	0.0	0.0	0.9533420600000001	0.06799108991000001	0.3006912	0.021251606228	21.49660200000001	2.6501404060000002	23.149819000000015	0.647366	4.039143999999999	0.5831908817	0.0	0.0	0.0	0.0	0.0	0.0	0.0	0.0	0.0	0.0	48.685565000000025	3.8806972877000003	0.0	0.0	48.98625620000002	3.901948893928
-0.09663345000000012	98.93	10.67	0.1055301	0.008707623700000002	0.09228680000000002	0.0006507533999999999	0.0831533	0.009116189899999998	0.0652349	0.0053443388999999996	4.879794999999999	-0.03852894910000001	8.640442000000002	0.007372872999999993	0.056743629999999996	-0.0265936688	7.348081999999998	0.016935147300000005	5.297438000000001	-0.09887620790000001	0.24067500000000003	0.015111282199999998	26.22250063	-0.13969080550000001	26.56870573	-0.11587189960000002	0.07620585	0.0036986222299999994	0.45673154000000027	0.09597838498000003	0.4548066999999999	0.022208011473477	0.10587968000000002	0.027764794655	0.0	0.0	0.0	0.0	0.0	0.0	0.0	0.0	0.0	0.0	1.0174179200000002	0.14595119110847704	0.0	0.0	1.0936237700000002	0.14964981333847702	0.2970608000000002	0.0459841877366	25.689677000000014	5.259905662300002	26.203046000000008	1.4403901174	4.235717799999999	1.1387322887600004	0.0	0.0	0.0	0.0	0.0	0.0	0.0	0.0	0.0	0.0	56.12844080000002	7.839028068460003	0.0	0.0	56.42550160000002	7.885012256196602
0.009366549999999751	80.75	13.78	0.07133383000000001	0.012062265699999993	0.0822423	0.0023614123	0.05342430000000002	0.0128508269	0.04083019999999999	0.007001778429999999	3.3271027000000006	0.017956102299999995	7.397079000000002	0.06966549699999999	0.04200042999999999	0.039218943889999996	5.594867000000001	0.053085288	4.331987999999999	0.04527775099999999	0.1764968	0.02221401763	20.693037130000004	0.22520358218999997	20.940867760000003	0.25947986551999996	0.07905054000000002	0.005738029202000003	0.39666452651	0.121731677063	0.35641415000000015	0.028801376014	0.093640018	0.034055376852	0.0	0.0	0.0	0.0	0.0	0.0	0.0	0.0	0.0	0.0	0.8467186945100001	0.184588429929	0.0	0.0	0.9257692345100001	0.190326459131	0.30651975250000013	0.05686873490000003	22.449400530000002	6.609145927120002	20.268944400000002	1.7924720161	3.513818019999999	1.4120867915300002	0.0	0.0	0.0	0.0	0.0	0.0	0.0	0.0	0.0	0.0	46.23216295	9.813704734750003	0.0	0.0	46.538682702500004	9.870573469650003
0.11436654999999973	38.09	8.367	0.022430239999999994	0.0073943426	0.04659415000000001	0.0015684466600000006	0.019664158	0.00793819986	0.01826882	0.004240503314	1.1610209999999999	0.016462485499999995	3.63922	0.045752453400000004	0.02038445	0.027850711	2.5664200000000004	0.03919142019999999	1.760724	0.04049783240000002	0.084527128	0.013747149834000001	9.14776945	0.1697549025	9.254726818	0.190896394934	0.053105811	0.003323327467999998	0.20302944979999998	0.074831415493	0.15428681799999996	0.017412185814000003	0.05323280839999999	0.020271735555000003	0.0	0.0	0.0	0.0	0.0	0.0	0.0	0.0	0.0	0.0	0.4105490761999999	0.112515336862	0.0	0.0	0.4636548871999999	0.11583866433000001	0.20259657000000006	0.03379559517000002	11.536991399999998	4.028326851969999	8.651019799999997	1.0460041817999999	1.9081046000000006	0.85051165868	0.0	0.0	0.0	0.0	0.0	0.0	0.0	0.0	0.0	0.0	22.096115799999996	5.9248426924499995	0.0	0.0	22.298712369999997	5.9586382876199995
0.22036655000000005	5.084	1.708	-0.0018231319999999999	0.0015130247700000006	0.009056021999999997	0.00033590153300000014	-0.0006673870000000001	0.0016407592419999993	0.0024693986999999996	0.000858625305	-0.0021887999999999877	0.00388324345	0.46536950000000005	0.009098116900000001	0.0029117849999999988	0.0054369108800000005	0.3530014	0.009934606870000001	0.011907750000000003	0.009099005099999998	0.010858033699999997	0.0028352860799999995	0.8310016350000001	0.0374518832	0.8400365367000001	0.04180019405	0.014375955420000003	0.0005889893329999999	0.036070883	0.015702367300090003	0.014829858599999999	0.0035295486480999994	0.010423805239999999	0.004026216326080001	0.0	0.0	0.0	0.0	0.0	0.0	0.0	0.0	0.0	0.0	0.061324546839999994	0.023258132274270003	0.0	0.0	0.07570050226	0.023847121607270004	0.048062865	0.006700397613000002	2.06073167	0.8335220803889999	0.7899747000000004	0.19853256191000002	0.32483873599999996	0.17273758462	0.0	0.0	0.0	0.0	0.0	0.0	0.0	0.0	0.0	0.0	3.1755451060000004	1.204792226919	0.0	0.0	3.2236079710000003	1.211492624532
0.32536655000000003	4.92	-0.5533	0.008896896000000001	-0.0004901242100000001	0.019825833000000008	-0.00010151406999999997	0.018990007	-0.0005224310599999999	0.007009624	-0.00028269596200000013	0.5323968	-0.0010396874450000002	0.5468049000000001	-0.0031809838700000005	0.0071207395999999985	-0.002015014530000001	1.1466941299999998	-0.002132751200000001	0.1814939	-0.0026778707000000004	0.04582546400000001	-0.000906641092	2.4145104695999997	-0.011046307745000003	2.4692328296	-0.012443073047000004	0.008149033229999998	-0.000245138062	0.013095025000000005	-0.0048334655251	0.008174562	-0.0011570897609999998	0.014598145800000004	-0.00136761162	0.0	0.0	0.0	0.0	0.0	0.0	0.0	0.0	0.0	0.0	0.03586773280000001	-0.0073581669061	0.0	0.0	0.04401676603000001	-0.0076033049681	0.08506229169999999	-0.0022797905189999995	0.6621297	-0.26322870231699996	0.37839170000000005	-0.07303669176000001	0.7231681353000001	-0.05636219005	0.0	0.0	0.0	0.0	0.0	0.0	0.0	0.0	0.0	0.0	1.7636895353000002	-0.39262758412699994	0.0	0.0	1.8487518270000003	-0.39490737464599995
0.43036655	30.14	-0.3601	0.041611071000000006	-0.00031917807999999994	0.07975031	-6.846694299999998e-05	0.07957704524	-0.00034316063	0.02858124600000001	-0.00018261973999999994	2.2543146299999997	-0.000750390581	3.7153318000000004	-0.0020021574399999996	0.031740014	-0.0012383817400000003	4.578628320000001	-0.0017333826	1.9283041999999997	-0.0018392975099999999	0.18790860124000003	-0.000594247313	12.508318964	-0.007563609871	12.737838636240001	-0.008477035264	0.03513447566	-0.00014256670500000003	0.09394552760000001	-0.0032259866378900005	0.08735469350000005	-0.0007488083023	0.06945592822999999	-0.00087017897175	0.0	0.0	0.0	0.0	0.0	0.0	0.0	0.0	0.0	0.0	0.25075614933000007	-0.004844973911940001	0.0	0.0	0.28589062499000006	-0.00498754061694	0.34906176880000017	-0.0014491394229999995	5.064511500000003	-0.17345605349399998	4.679174360000001	-0.044796208430000005	3.30053531	-0.036554558187	0.0	0.0	0.0	0.0	0.0	0.0	0.0	0.0	0.0	0.0	13.044221170000004	-0.254806820111	0.0	0.0	13.393282938800004	-0.256255959534
0.5363665499999999	45.5	-0.07444	0.05655780299999999	-6.598256800000003e-05	0.11006341	-1.4275066699999996e-05	0.11174957300000003	-7.1115516e-05	0.0380251349	-3.76774088e-05	2.9808825899999998	-0.00015899260030000006	6.0481687	-0.00041036945499999986	0.044999726	-0.00025232128799999995	6.128362969999999	-0.00037635040700000007	3.3185550236999997	-0.0003853983940000002	0.25983811790000005	-0.0001230679915	18.520969009699996	-0.0015834321443000002	18.837364930599996	-0.0017724827038000002	0.05008717099999999	-2.8585660260000003e-05	0.14192488360000002	-0.00067095284038	0.1386996637000001	-0.00015456205568000001	0.10349401390000007	-0.00017881178431	0.0	0.0	0.0	0.0	0.0	0.0	0.0	0.0	0.0	0.0	0.3841185612000002	-0.00100432668037	0.0	0.0	0.4342057322000002	-0.00103291234063	0.4973893010000001	-0.0002976874983	7.722546539999999	-0.0359662601071	7.501687926699997	-0.009115259009000001	4.843718620000001	-0.007548903457499999	0.0	0.0	0.0	0.0	0.0	0.0	0.0	0.0	0.0	0.0	20.067953086699998	-0.052630422573600004	0.0	0.0	20.565342387699996	-0.0529281100719
0.6413665499999999	29.05	-0.007497	0.033269667999999995	-6.645960999999998e-06	0.06574732700000001	-1.4440520599999994e-06	0.06881390999999999	-7.1683638e-06	0.02169822900000001	-3.7917102600000004e-06	1.6836315799999995	-1.7540434299999997e-05	4.178155930000001	-4.1340767100000004e-05	0.027536589999999993	-2.546470500000001e-05	3.51168829	-3.9502051399999995e-05	2.400630223999999	-3.965343679999999e-05	0.156259466	-1.240412612e-05	11.801642613999999	-0.0001635013946	11.991171748	-0.00018255148172	0.030038140999999997	-2.8505889900000004e-06	0.08815357908999998	-6.773026584799999e-05	0.09162948600000004	-1.5550388230000003e-05	0.06624103099999999	-1.7954799917e-05	0.0	0.0	0.0	0.0	0.0	0.0	0.0	0.0	0.0	0.0	0.24602409609	-0.00010123545399499999	0.0	0.0	0.27606223709	-0.00010408604298499999	0.30727095799999987	-2.988627179000001e-05	4.82190906	-0.0036255547485000003	4.9844144299999975	-0.0009112256442000001	3.0741226200000007	-0.00075959722153	0.0	0.0	0.0	0.0	0.0	0.0	0.0	0.0	0.0	0.0	12.880446109999998	-0.00529637761423	0.0	0.0	13.187717067999998	-0.00532626388602
0.7473665499999997	5.817	-0.0005791	0.005693601300000002	-5.947615499999999e-07	0.011585848	-1.5936090000000003e-07	0.013051183000000003	-4.571376e-07	0.0034232846000000006	-3.1850935999999997e-07	0.25382039500000003	-6.519332889999998e-05	0.9632896620000002	-1.1147723399999996e-05	0.005100934199999999	-1.2298117700000003e-05	0.5505939860000001	-4.014704180000002e-05	0.592960716	-3.188953970000002e-05	0.028060315600000003	-9.3500786e-07	2.3657656932	-0.00016067575150000002	2.3995196101000005	-0.00016220552091	0.005270550540000003	-7.6056897e-07	0.016487583399999995	-3.7588689340000007e-06	0.01951719449999999	-9.300621529999999e-07	0.013351921880000003	-1.0592441449999997e-06	0.0	0.0	0.0	0.0	0.0	0.0	0.0	0.0	0.0	0.0	0.049356699779999985	-5.748175232e-06	0.0	0.0	0.054627250319999994	-6.508744202e-06	0.05814877134	-1.79691978e-06	0.9095908209999997	-0.0001994142194	1.0711480000000004	-5.2568097699999995e-05	0.6120173119999995	-4.3476625250000004e-05	0.0	0.0	0.0	0.0	0.0	0.0	0.0	0.0	0.0	0.0	2.5927561329999995	-0.00029545894235	0.0	0.0	2.6509049043399995	-0.00029725586213
0.8523665499999997	-1.973	-0.004713	-0.002495308200000001	-6.331702099999999e-06	-0.004855352699999999	-2.2200717000000004e-06	-0.004837847	-2.022916700000001e-06	-0.0017025439000000007	-3.1722530000000016e-06	-0.135597686	-0.0016826298279999997	-0.25101060500000005	-0.00023451339900000003	-0.0019724920999999998	-0.00029891148	-0.27743854500000004	-0.0009891662849999998	-0.13405389899999998	-0.0007945031329999998	-0.011395743600000001	-7.415241400000003e-06	-0.8000732271000001	-0.003999724125	-0.8139642789000001	-0.004013471068499999	-0.002228643	-1.6015787999999997e-05	-0.006300206599999995	-3.6393060100000017e-06	-0.005921927299999996	-2.6767272699999997e-06	-0.004475552139999998	-2.6921511999999994e-06	0.0	0.0	0.0	0.0	0.0	0.0	0.0	0.0	0.0	0.0	-0.01669768603999999	-9.008184480000001e-06	0.0	0.0	-0.018926329039999988	-2.5023972479999998e-05	-0.021686793000000006	-5.574153799999998e-06	-0.342865444	-0.00015131070699999998	-0.319760116	-0.00010979534999999996	-0.20948116999999997	-7.783104659999995e-05	0.0	0.0	0.0	0.0	0.0	0.0	0.0	0.0	0.0	0.0	-0.8721067299999999	-0.0003389371035999999	0.0	0.0	-0.8937935229999999	-0.0003445112573999999
0.95836655	-1.202	-0.06734	-0.0013454062	-9.088119000000003e-05	-0.0026699882000000004	-3.3259763e-05	-0.0028239198	-3.0797869999999997e-05	-0.0008687529699999998	-4.823692000000001e-05	-0.06678707499999997	-0.023815393090000005	-0.17711174299999996	-0.0033266300800000007	-0.0011258226999999997	-0.004544064939999999	-0.14005161500000002	-0.0138299315	-0.10304120790000001	-0.011655715380000004	-0.0063626609700000005	-0.000112294553	-0.48811746359999997	-0.05717173499000001	-0.49582553076999997	-0.05737491073300001	-0.0012206878400000001	-0.00022802258599999991	-0.003611125299999999	-5.113181270000003e-05	-0.0038320699399999997	-3.8982384499999996e-05	-0.0027419244100000003	-3.83442156e-05	0.0	0.0	0.0	0.0	0.0	0.0	0.0	0.0	0.0	0.0	-0.01018511965	-0.00012845841280000004	0.0	0.0	-0.01140580749	-0.00035648099879999996	-0.012604848510000004	-8.460383099999999e-05	-0.19775967300000005	-0.00210160715	-0.2087619789999999	-0.0016014915999999991	-0.12700616000000006	-0.0011159093999999993	0.0	0.0	0.0	0.0	0.0	0.0	0.0	0.0	0.0	0.0	-0.533527812	-0.004819008149999998	0.0	0.0	-0.54613266051	-0.004903611980999999
1.06336655	-0.2368	-0.5024	-0.00025393335999999994	-0.0006845016699999998	-0.0005072150500000001	-0.00027017699	-0.0005492813	-0.00026123769999999996	-0.0001602057	-0.00040128759999999994	-0.012054781500000002	-0.17352163279999994	-0.0365746209	-0.024359832600000006	-0.00021676106000000005	-0.03748422499999999	-0.025577810199999995	-0.09820674209999997	-0.02178120139999999	-0.09127786020000002	-0.00121670205	-0.0009327022899999999	-0.09620517506	-0.4248502926999999	-0.09767581046999999	-0.4264674966599999	-0.00023159023999999996	-0.0016801155299999999	-0.0006952673299999997	-0.00038983499999999983	-0.0007708496000000004	-0.000304969947	-0.0005409289570000001	-0.00028787943900000003	0.0	0.0	0.0	0.0	0.0	0.0	0.0	0.0	0.0	0.0	-0.002007045887	-0.000982684386	0.0	0.0	-0.0022386361270000004	-0.002662799916	-0.0024445833600000005	-0.0007081552800000001	-0.03814644699999999	-0.0159196219	-0.04210465750000001	-0.012644513500000006	-0.024976388999999998	-0.008562023199999998	0.0	0.0	0.0	0.0	0.0	0.0	0.0	0.0	0.0	0.0	-0.1052274935	-0.0371261586	0.0	0.0	-0.10767207686000001	-0.037834313880000005
1.16936655	-0.02287	-1.702	-2.3906687999999993e-05	-0.0023844254	-4.791475800000001e-05	-0.0010956922000000002	-5.272558000000002e-05	-0.0011660996	-1.4842705e-05	-0.0016872667000000009	-0.0010960773699999998	-0.5547988759999998	-0.0036373954899999996	-0.07881937299999997	-2.0641104000000006e-05	-0.153319375	-0.0023457425999999994	-0.29246871100000005	-0.0021951170000000003	-0.34652492499999993	-0.00011548304300000004	-0.0039490585000000016	-0.009294973564	-1.4259312599999998	-0.009434363295	-1.4322647438999998	-2.18601725e-05	-0.005502698199999997	-6.613631699999997e-05	-0.0013956942799999996	-7.547093270000002e-05	-0.0011447848900000002	-5.228226689999999e-05	-0.0009806538000000002	0.0	0.0	0.0	0.0	0.0	0.0	0.0	0.0	0.0	0.0	-0.0001938895166	-0.00352113297	0.0	0.0	-0.0002157496891	-0.009023831169999996	-0.00023398387699999988	-0.0029960616999999993	-0.0036319675699999993	-0.056023728	-0.00412851809	-0.04825305699999999	-0.0024100999599999994	-0.030643736399999993	0.0	0.0	0.0	0.0	0.0	0.0	0.0	0.0	0.0	0.0	-0.010170585619999999	-0.1349205214	0.0	0.0	-0.010404569496999999	-0.1379165831
1.2743665499999999	-0.001182	-0.6602	-1.2146391999999997e-06	-0.0013301031000000007	-2.4383382999999996e-06	-0.0013517440999999998	-2.7160934000000003e-06	-0.0020272874780000003	-7.449012399999998e-07	-0.0022877362000000004	-5.409154700000001e-05	-0.050519827749999933	-0.00019190858980000004	-0.011781151	-1.0559369e-06	-0.17894386429999998	-0.00011658925299999998	0.09078615969	-0.00011686907719999997	-0.3369119920492001	-5.89933294e-06	-0.005666767778000001	-0.0004805144039	-0.4873706754092	-0.00048762837604	-0.4943675462872	-1.1120814899999997e-06	-0.00108439198	-3.378824909999998e-06	-0.0009647501617000003	-3.939244360000001e-06	-0.00099450388136	-2.7023810939999987e-06	-0.0003569558590000001	0.0	0.0	0.0	0.0	0.0	0.0	0.0	0.0	0.0	0.0	-1.0020450363999998e-05	-0.0023162099020600005	0.0	0.0	-1.1132531853999997e-05	-0.0034006018820600006	-1.2019669809999996e-05	-0.0040548316	-0.00018563718100000003	-0.03320108417999999	-0.00021570795800000003	-0.044914540439999984	-0.00012445614799999998	-0.01859372247	0.0	0.0	0.0	0.0	0.0	0.0	0.0	0.0	0.0	0.0	-0.000525801287	-0.09670934708999998	0.0	0.0	-0.0005378209568100001	-0.10076417868999998
1.3803665499999997	-3.374e-05	11.92	-3.4282860000000005e-08	0.015515903000000003	-6.885950899999999e-08	0.005396956999999999	-7.744410999999999e-08	0.00395831	-2.0816502999999994e-08	0.007906175	-1.4893464399999996e-06	4.278074426	-5.564954600000001e-06	0.5958636990000001	-2.992222399999999e-08	0.8188901870000003	-3.22757364e-06	2.539566771	-3.41054026e-06	1.9038228549999996	-1.6712012199999997e-07	0.017261442	-1.3722337164e-05	10.136217938	-1.3923740146e-05	10.168995283	-3.139772459999999e-08	0.0412999036	-9.561834600000005e-08	0.008628384750000002	-1.1334064999999997e-07	0.0067219604798	-7.716048449999997e-08	0.00705092767	0.0	0.0	0.0	0.0	0.0	0.0	0.0	0.0	0.0	0.0	-2.861194805e-07	0.0224012728998	0.0	0.0	-3.175172051e-07	0.0637011764998	-3.418117000000002e-07	0.0142115981	-5.254171309999997e-06	0.36206137699999985	-6.21125342e-06	0.277951142	-3.5516830999999995e-06	0.20266653177999996	0.0	0.0	0.0	0.0	0.0	0.0	0.0	0.0	0.0	0.0	-1.5017107829999997e-05	0.8426790507799998	0.0	0.0	-1.5358919529999996e-05	0.8568906488799998
1.4853665499999997	-5.401e-07	36.54	-5.444821999999999e-10	0.05157097399999999	-1.0934672000000005e-09	0.024872371	-1.2393687999999999e-09	0.027119602933000003	-3.2789795e-10	0.038878479	-2.3159317400000004e-08	11.6690211	-9.015877050000005e-08	1.630386521	-4.7627884e-10	3.5225992999999987	-5.0420800300000006e-08	5.924513150000003	-5.551264690000001e-08	7.765656842900001	-2.66073395e-09	0.090870452933	-2.1972781394000006e-07	30.512176913900003	-2.2293303009000006e-07	30.654618340833004	-4.985769770000001e-10	0.11677898984000001	-1.5200116799999994e-09	0.030484132850000012	-1.8256647299999996e-09	0.025427342100000007	-1.2352782010000003e-09	0.021036972499999997	0.0	0.0	0.0	0.0	0.0	0.0	0.0	0.0	0.0	0.0	-4.580954610999999e-09	0.07694844745000001	0.0	0.0	-5.079531587999999e-09	0.19372743729000003	-5.4567904000000015e-09	0.06741248799999999	-8.351317900000002e-08	1.2162392780000004	-1.0010746000000004e-07	1.0782396700000003	-5.6837877999999997e-08	0.6716948329999999	0.0	0.0	0.0	0.0	0.0	0.0	0.0	0.0	0.0	0.0	-2.4045851700000004e-07	2.9661737810000006	0.0	0.0	-2.459153074000001e-07	3.0335862690000006
1.5913665499999998	-4.887e-09	52.13	-4.898199200000001e-12	0.07894176000000001	-9.831750000000002e-12	0.043544580000000006	-1.1215109999999997e-11	0.056667494999999984	-2.9292391999999997e-12	0.07102146000000004	-2.0461084899999997e-10	15.247255840000001	-8.23440241e-10	1.9638862900000005	-4.2885378000000006e-12	5.921767420000003	-4.4718593199999994e-10	6.415598389999999	-5.08885914e-10	13.505851060000001	-2.3976099199999998e-11	0.17123353500000002	-1.9884114738e-09	43.054359000000005	-2.0172857722e-09	43.304534295	-4.483245350000001e-12	0.15541730900000003	-1.3672980199999996e-11	0.04828150570000001	-1.6600963999999994e-11	0.0404834849	-1.1174396930000001e-11	0.027863795150000002	0.0	0.0	0.0	0.0	0.0	0.0	0.0	0.0	0.0	0.0	-4.144834112999999e-11	0.11662878575000002	0.0	0.0	-4.593158647999999e-11	0.27204609475	-4.9268282800000005e-11	0.10907406000000003	-7.510930199999999e-10	1.8437824899999993	-9.106257510000002e-10	1.7184381549999999	-5.141145099999999e-10	0.964570937	0.0	0.0	0.0	0.0	0.0	0.0	0.0	0.0	0.0	0.0	-2.175833281e-09	4.5267915819999995	0.0	0.0	-2.2251015638e-09	4.635865641999999
1.6963665499999998	-2.51e-11	42.92	-2.5287308000000004e-14	0.06916211100000001	-5.0238334000000006e-14	0.03809212800000001	-5.761711e-14	0.05871364	-1.4886181699999997e-14	0.06859030000000002	-1.0302320500000003e-12	11.907173765000003	-4.2603442100000005e-12	1.10353377	-2.1932555999999995e-14	5.363947450000002	-2.25856259e-12	3.8290880300000003	-2.6404228300000004e-12	13.239964679999998	-1.227416257e-13	0.16539606800000003	-1.0211494236000001e-11	35.443707695	-1.03595231697e-11	35.678265874000004	-2.29521307e-14	0.12174146699999999	-6.987353900000001e-14	0.04239699109999999	-8.560688460000005e-14	0.03425359887000001	-5.746476209999999e-14	0.019261627000000003	0.0	0.0	0.0	0.0	0.0	0.0	0.0	0.0	0.0	0.0	-2.1294518570000005e-13	0.09591221697	0.0	0.0	-2.3589731640000003e-13	0.21765368397	-2.529568839999999e-13	0.06927718	-3.837184439999999e-12	1.5313238599999996	-4.696851410000001e-12	1.4234646900000008	-2.6389441900000004e-12	0.7243610400000003	0.0	0.0	0.0	0.0	0.0	0.0	0.0	0.0	0.0	0.0	-1.117298004e-11	3.6791495900000006	0.0	0.0	-1.1425936924e-11	3.748426770000001
1.8013665499999998	-1.712e-12	23.86	-8.768809999999999e-14	0.04245652	-7.665109999999997e-16	0.023931379000000003	-8.724860000000001e-16	0.04281393000000001	-6.179389e-16	0.040444294	-3.5779096300000014e-15	5.810303146999998	-1.3088258e-14	1.4456914200000002	-3.126292e-16	2.750344075	-6.907884600000001e-15	1.6844670699999997	-8.621912900000002e-15	7.7221611999999995	-2.2569359e-15	0.10718960300000001	-3.2508594330000004e-14	19.412966911999998	-1.2245363023e-13	19.562613035	-1.489683e-14	0.06069281542000001	-3.2318098000000004e-15	0.02502732700999999	-4.772625800000002e-15	0.022273350153400002	-3.504481999999997e-14	0.0110959567	0.0	0.0	0.0	0.0	0.0	0.0	0.0	0.0	0.0	0.0	-4.3049255599999973e-14	0.058396633863399994	0.0	0.0	-5.794608559999998e-14	0.1190894492834	-1.413718999999999e-13	0.068483877	-2.2596739999999993e-14	0.8795978100000001	-2.6913229999999992e-14	0.9469125530000005	-4.1307579999999984e-14	0.40133944	0.0	0.0	0.0	0.0	0.0	0.0	0.0	0.0	0.0	0.0	-9.081754999999997e-14	2.2278498030000007	0.0	0.0	-2.321894499999999e-13	2.2963336800000005
1.9073665499999999	-3.306e-10	26.82	-1.7675599999999997e-11	0.059042611	-1.251138e-13	0.062352249999999984	-1.4343100000000002e-13	0.07526902999999999	-1.1578741e-13	0.03767572500000001	-1.2487034299999997e-13	2.7571006399999995	-4.7289239999999985e-14	6.8405777	-4.9988829999999987e-14	0.8594692399999999	-7.639144000000001e-14	4.609438200000001	-1.2143408e-13	3.55727706	-3.8433221000000003e-13	0.17529700499999998	-4.1997393299999997e-13	18.62386284	-1.8479906142999997e-11	18.858202456	-2.9933880000000005e-12	0.0346788241	-6.107498299999999e-13	0.041194937099999995	-9.1172157e-13	0.04524091800000001	-7.0406800000000015e-12	0.032473078	0.0	0.0	0.0	0.0	0.0	0.0	0.0	0.0	0.0	0.0	-8.5631514e-12	0.1189089331	0.0	0.0	-1.1556539400000002e-11	0.1535877572	-2.8375860000000004e-11	0.44667333000000004	-2.276097e-12	1.7738321499999998	-2.6107230000000013e-12	2.14804159	-6.757556000000001e-12	0.9550619799999998	0.0	0.0	0.0	0.0	0.0	0.0	0.0	0.0	0.0	0.0	-1.1644376000000002e-11	4.87693572	0.0	0.0	-4.002023600000001e-11	5.32360905
2.01236655	-3.784e-08	52.99	-2.0207700000000007e-09	0.11870306999999997	-1.440818e-11	0.15494198000000003	-1.67381e-11	0.14463735000000003	-1.3227189000000003e-11	0.06869519000000002	-1.4294976000000001e-11	4.50866395	-5.439756000000001e-12	13.274313399999999	-5.7114279999999985e-12	0.6757509200000001	-8.744047000000002e-12	13.058262400000002	-1.3908137000000002e-11	3.4901225	-4.4373469000000003e-11	0.36827452000000005	-4.809834400000001e-11	35.007113170000004	-2.1132418130000005e-09	35.49409076	-3.4254190000000013e-10	0.05465252000000003	-6.990638099999999e-11	0.0966726787	-1.043537e-10	0.09196351800000001	-8.058890000000002e-10	0.07612357000000003	0.0	0.0	0.0	0.0	0.0	0.0	0.0	0.0	0.0	0.0	-9.801490810000002e-10	0.2647597667	0.0	0.0	-1.3226909810000003e-09	0.31941228670000005	-3.2453039999999996e-09	1.0963778000000004	-2.615338e-10	4.384023439999999	-3.0202579999999994e-10	4.3680848999999995	-7.742402e-10	2.24604399	0.0	0.0	0.0	0.0	0.0	0.0	0.0	0.0	0.0	0.0	-1.3377998e-09	10.998152329999998	0.0	0.0	-4.5831037999999996e-09	12.094530129999999
2.1183665499999997	-2.447e-06	59.41	-1.30455e-07	0.12991869000000003	-9.42686e-10	0.18656940000000008	-1.111784e-09	0.14322965999999998	-8.529304999999998e-10	0.07615411999999999	-9.246460799999999e-10	6.184472299999999	-3.5455269999999996e-10	11.430732	-3.6834378999999997e-10	0.9185412200000002	-5.655808e-10	17.160687399999997	-9.002615e-10	3.5983344000000006	-2.9074005e-09	0.40595318	-3.11338487e-09	39.292767319999996	-1.3647578537e-07	39.82863919	-2.2144110000000008e-08	0.066173	-4.5205471e-09	0.11819235499999989	-6.7480783e-09	0.09307732200000002	-5.211380000000003e-08	0.08548473599999998	0.0	0.0	0.0	0.0	0.0	0.0	0.0	0.0	0.0	0.0	-6.338242540000003e-08	0.2967544129999999	0.0	0.0	-8.552653540000004e-08	0.36292741299999987	-2.096233e-07	1.2282398999999997	-1.7037709999999994e-08	5.403348639999999	-1.9825919999999996e-08	4.345397200000002	-5.0147089999999995e-08	2.551542590000001	0.0	0.0	0.0	0.0	0.0	0.0	0.0	0.0	0.0	0.0	-8.701071999999999e-08	12.300288430000002	0.0	0.0	-2.9663402e-07	13.52852833
2.2233665499999997	-8.887e-05	33.24	-4.726190000000001e-06	0.07035527999999999	-3.5006800000000006e-08	0.11178160999999999	-4.18692e-08	0.0690644	-3.084335800000001e-08	0.0428611	-3.3600887999999995e-08	4.064899960000001	-1.303545e-08	4.379937299999998	-1.3323721000000001e-08	0.6168235199999998	-2.0557650000000002e-08	11.090367700000003	-3.2744970999999994e-08	1.7677045300000003	-1.0771935800000001e-07	0.22370711	-1.1326267999999999e-07	21.91973301	-4.947172038000001e-06	22.213795400000002	-8.039760000000003e-07	0.04158352379999998	-1.6419684800000006e-07	0.07316781499999998	-2.451424199999999e-07	0.046348893000000016	-1.8931349999999998e-06	0.048429309999999996	0.0	0.0	0.0	0.0	0.0	0.0	0.0	0.0	0.0	0.0	-2.302474268e-06	0.167946018	0.0	0.0	-3.1064502680000003e-06	0.20952954179999997	-7.600509999999999e-06	0.6826979000000002	-6.275470000000003e-07	3.3456712199999994	-7.350890000000006e-07	2.1343695700000005	-1.8259386999999993e-06	1.4287033599999996	0.0	0.0	0.0	0.0	0.0	0.0	0.0	0.0	0.0	0.0	-3.1885747000000004e-06	6.9087441499999995	0.0	0.0	-1.0789084699999999e-05	7.5914420499999995
2.3293665499999996	-0.001793	7.553	-9.497740000000001e-05	0.014689881999999996	-7.360199999999999e-07	0.027946605000000006	-8.85921e-07	0.012200992039999997	-6.180719000000001e-07	0.010412530140000004	-6.785367800000004e-07	1.037702719	-2.6813329999999985e-07	0.3968360079999999	-2.670764199999999e-07	0.1704176357	-4.1543420000000016e-07	3.051828021	-6.620007999999998e-07	0.18843816800000007	-2.2400129e-06	0.05056012718000001	-2.2911815e-06	4.8452225517	-9.950859440000001e-05	4.91047256088	-1.621214000000001e-05	0.011917291181	-3.3130638000000013e-06	0.019903007771999996	-4.9476874e-06	0.009112616789999998	-3.820363e-05	0.011862173939999998	0.0	0.0	0.0	0.0	0.0	0.0	0.0	0.0	0.0	0.0	-4.64643812e-05	0.04087779850199999	0.0	0.0	-6.267652120000001e-05	0.05279508968299999	-0.00015294060000000005	0.15458806238000003	-1.2998830000000007e-05	0.8990027573999999	-1.5247050000000005e-05	0.42667527329999994	-3.698655e-05	0.3215854720000001	0.0	0.0	0.0	0.0	0.0	0.0	0.0	0.0	0.0	0.0	-6.523243000000002e-05	1.6472635027	0.0	0.0	-0.00021817303000000007	1.80185156508
2.43436655	-0.01962	-1.327	-0.0010323910000000001	-0.003552450600000001	-8.685330000000002e-06	-0.003727786599999999	-1.0296259999999999e-05	-0.0036792139999999997	-6.6869739999999985e-06	-0.0013414509999999996	-7.433308e-06	-0.154446768	-3.0256309999999997e-06	-0.3255015	-2.8910279999999986e-06	-0.016252296	-4.561885000000001e-06	-0.2811350129999999	-7.261109e-06	-0.16424992900000004	-2.5668564e-05	-0.008748451599999998	-2.5172960999999998e-05	-0.9415855059999999	-0.001083232525	-0.9538864081999999	-0.00017717849999999996	-0.0007843699999999998	-3.624512799999999e-05	-0.0017592146700000017	-5.416138300000001e-05	-0.0021087266900000007	-0.0004180486000000001	-0.0016035149999999998	0.0	0.0	0.0	0.0	0.0	0.0	0.0	0.0	0.0	0.0	-0.0005084551110000001	-0.0054714563600000024	0.0	0.0	-0.0006856336110000001	-0.006255826360000002	-0.0016658810000000006	-0.02760562889999998	-0.00014933949999999994	-0.08570964999999997	-0.000172916	-0.08887629999999999	-0.0004071579999999998	-0.05753684079999999	0.0	0.0	0.0	0.0	0.0	0.0	0.0	0.0	0.0	0.0	-0.0007294134999999998	-0.23212279079999995	0.0	0.0	-0.0023952945000000002	-0.25972841969999994
2.54036655	-0.109	-1.665	-0.005671159999999999	-0.0054978	-5.565319999999998e-05	-0.005141312	-6.18659e-05	-0.003717590999999999	-3.642951e-05	-0.0021014912	-4.140820900000002e-05	-0.18163893799999997	-1.7737380000000003e-05	-0.29921746800000015	-1.5765776000000002e-05	-0.028640936999999995	-2.559609e-05	-0.48356745999999995	-4.0504859999999996e-05	-0.09412983400000002	-0.00015394860999999997	-0.0109603942	-0.00014101231500000003	-1.087194637	-0.005966120924999999	-1.1036528312	-0.000982819	-0.0025081579999999995	-0.00020132214999999998	-0.003362768799999997	-0.00030141814	-0.0025597647	-0.0023238029999999993	-0.0031923780000000014	0.0	0.0	0.0	0.0	0.0	0.0	0.0	0.0	0.0	0.0	-0.002826543289999999	-0.0091149115	0.0	0.0	-0.0038093622899999994	-0.011623069499999998	-0.00918513	-0.03724092	-0.000912806	-0.147876808	-0.0010082340000000002	-0.10870571100000002	-0.0022873243999999996	-0.06519288999999999	0.0	0.0	0.0	0.0	0.0	0.0	0.0	0.0	0.0	0.0	-0.004208364399999999	-0.321775409	0.0	0.0	-0.013393494399999999	-0.359016329
2.64536655	-0.235	-1.308	-0.011834499999999998	-0.010513109999999996	-0.00016892600000000004	-0.0029782890000000003	-0.00015455299999999998	-0.003396443	-7.43391e-05	-0.0015265040000000001	-8.991157999999997e-05	-0.08299026800000002	-4.3758900000000026e-05	-0.39658901399999996	-3.2264160000000006e-05	-0.014784012999999997	-5.750130999999999e-05	-0.21940321000000002	-8.807079000000002e-05	-0.07269780199999999	-0.0003978181	-0.007901236	-0.00031150674	-0.786464307	-0.012543824839999999	-0.8048786529999999	-0.0021077090000000006	-0.0031492189999999995	-0.00043327086	-0.0020465505400000003	-0.0006526451499999996	-0.002625515300000001	-0.005012970000000002	-0.00527521	0.0	0.0	0.0	0.0	0.0	0.0	0.0	0.0	0.0	0.0	-0.006098886010000001	-0.009947275840000002	0.0	0.0	-0.008206595010000001	-0.01309649484	-0.019367700000000005	-0.038762200000000004	-0.00251635	-0.07253871699999999	-0.002391536	-0.08940846999999998	-0.005079473999999999	-0.038393480000000015	0.0	0.0	0.0	0.0	0.0	0.0	0.0	0.0	0.0	0.0	-0.009987359999999999	-0.20034066699999997	0.0	0.0	-0.029355060000000002	-0.239102867
2.7513665499999997	0.3079	0.1167	0.0177567	-0.0067046699999999985	-4.949990000000001e-05	0.0004309928999999997	8.1048e-05	0.0011059047000000002	0.000118566192	0.0003264285	0.00011366522030000002	0.001713079999999995	2.6302956999999998e-05	0.18139917399999989	5.130823800000001e-05	0.0012078174999999981	5.539062999999999e-05	0.013908905000000015	0.00011042449000000003	0.023119774799999996	0.000150114292	0.0018633260999999998	0.00035709153530000005	0.2213487512999999	0.0182639058273	0.21650740739999988	0.0028291140000000006	-0.0009840537000000002	0.000571589212	-0.0001493853200000001	0.0008389156129999996	0.00023071455499999998	0.006541009999999995	-0.00398572	0.0	0.0	0.0	0.0	0.0	0.0	0.0	0.0	0.0	0.0	0.007951514824999993	-0.003904390765	0.0	0.0	0.010780628824999994	-0.004888444465	0.027880530000000004	-0.005939	0.00025782649300000004	0.006670179699999999	0.0018723220999999992	0.028939861999999997	0.005758841000000001	0.0028015735999999958	0.0	0.0	0.0	0.0	0.0	0.0	0.0	0.0	0.0	0.0	0.007888989593	0.03841161529999999	0.0	0.0	0.035769519593	0.03247261529999999
2.8563665499999997	2.472	7.475	0.131607	0.0619499	0.0011069780000000002	0.014178172849999999	0.0011386389999999999	0.023421766200000013	0.0008139833899999999	0.008601437200000001	0.00093199666	0.263882719	0.00036725580000000004	3.191938805	0.00036329038999999996	0.05490859799999998	0.00052195996	0.68757292	0.0009040462999999999	0.48825306800000007	0.00305960039	0.04620137625000001	0.00308854911	4.68655611	0.1377551495	4.79470738625	0.022426190000000002	0.017844409999999998	0.004563834900000001	0.008590747410000004	0.006819234099999997	0.017083718999999997	0.05259739999999999	0.027552019999999993	0.0	0.0	0.0	0.0	0.0	0.0	0.0	0.0	0.0	0.0	0.06398046899999998	0.053226486409999996	0.0	0.0	0.08640665899999998	0.07107089640999999	0.21172160000000012	0.23267139999999992	0.018907300000000005	0.2637829735	0.020100569999999998	0.5739597568	0.05024220999999998	0.18297122	0.0	0.0	0.0	0.0	0.0	0.0	0.0	0.0	0.0	0.0	0.08925007999999998	1.0207139503	0.0	0.0	0.30097168000000013	1.2533853502999999
2.9623665499999996	4.824	18.32	0.25300400000000006	0.201843	0.0031545299999999996	0.034226915	0.002386060000000001	0.05495622799999998	0.0013059010000000002	0.020144268000000007	0.0018326700299999997	0.5088282300000001	0.0007849570000000001	7.297440899999999	0.0006823524900000001	0.1210159186	0.0010726496	1.5445168999999999	0.00176154492	1.0473965899999997	0.0068464910000000006	0.10932741099999999	0.00613417404	10.519198538599998	0.26598466504000007	10.830368949599999	0.04393779999999999	0.05127963	0.008876279999999995	0.022652328649999987	0.013307334100000002	0.04312382759999998	0.10264990000000002	0.09521980000000003	0.0	0.0	0.0	0.0	0.0	0.0	0.0	0.0	0.0	0.0	0.12483351410000001	0.16099595625	0.0	0.0	0.16877131410000001	0.21227558625	0.40921599999999997	0.6471505999999999	0.04797789999999999	0.617783542	0.04093925	1.319461406	0.09761175999999999	0.44979570000000013	0.0	0.0	0.0	0.0	0.0	0.0	0.0	0.0	0.0	0.0	0.18652891	2.387040648	0.0	0.0	0.59574491	3.034191248
3.06736655	5.412	21.32	0.2713509999999999	0.28819099999999986	0.005186119999999999	0.04136641	0.00466438	0.06406759000000002	0.0005195409999999998	0.022549650000000004	0.0020953418999999996	0.28581648	0.0010888409999999997	8.098396500000002	0.0007151216999999998	0.10518681700000002	0.0015907400000000002	1.6135525	0.002025692599999999	1.0060757999999996	0.010370040999999998	0.12798365000000003	0.007515737199999998	11.109028097000001	0.2892367781999999	11.525202747000002	0.04982670000000001	0.0677599	0.009874729999999996	0.028367740312999996	0.014759697	0.05204996349000001	0.11550219999999999	0.1410697	0.0	0.0	0.0	0.0	0.0	0.0	0.0	0.0	0.0	0.0	0.14013662699999999	0.221487403803	0.0	0.0	0.189963327	0.289247303803	0.44567100000000004	0.8495190000000001	0.07235400000000002	0.7048254599999999	0.06630179999999997	1.4835824519999996	0.10822480010000002	0.5293816000000002	0.0	0.0	0.0	0.0	0.0	0.0	0.0	0.0	0.0	0.0	0.2468806001	2.7177895119999995	0.0	0.0	0.6925516001	3.567308512
3.17336655	6.816	19.48	0.28838199999999997	0.3061419999999999	0.00942528	0.03300561999999999	0.011044	0.04852443999999998	0.0007392032	0.016623746319999994	0.002625459999999999	0.7646468599999997	0.00206676	5.7893087	0.0007821049804000003	0.06344762000000002	0.0028624300000000004	1.4973874000000003	0.0027104260000000015	1.2928126699999998	0.0212084832	0.09815380631999997	0.011047180980400001	9.40760325	0.32063766418039996	9.81189905632	0.06057209999999998	0.07451449999999994	0.012404036999999994	0.025481693799999993	0.018779293	0.04333814850000002	0.14676369999999994	0.15954639999999992	0.0	0.0	0.0	0.0	0.0	0.0	0.0	0.0	0.0	0.0	0.17794702999999992	0.22836624229999994	0.0	0.0	0.2385191299999999	0.3028807422999999	0.500645	0.7623519999999997	0.12365980000000003	0.5518927400000001	0.13644750000000003	1.0837993719999997	0.16178356000000005	0.42967649999999996	0.0	0.0	0.0	0.0	0.0	0.0	0.0	0.0	0.0	0.0	0.4218908600000001	2.065368612	0.0	0.0	0.9225358600000001	2.8277206119999994
3.27836655	10.48	34.14	0.34953700000000004	0.4005679999999999	0.015448600000000002	0.025916490000000007	0.017134800000000002	0.0338761	0.00861579	0.02129948	0.0038247579999999997	5.568068	0.00379201	5.289181999999999	0.0010677110000000005	0.3979816000000001	0.004291190000000002	3.898168000000001	0.004191037	4.825999200000001	0.041199190000000004	0.08109207	0.017166706000000004	19.979398800000002	0.40790289600000007	20.461058870000002	0.0812532	0.13129500000000005	0.019633722999999995	0.03339102499999999	0.03116271	0.048884491999999995	0.2267858	0.23596969999999998	0.0	0.0	0.0	0.0	0.0	0.0	0.0	0.0	0.0	0.0	0.277582233	0.31824521699999997	0.0	0.0	0.358835433	0.449540217	0.6582739999999999	0.7466359999999996	0.20090319999999987	0.6347458999999998	0.211515	0.8909334999999997	0.3483878000000002	0.52023504	0.0	0.0	0.0	0.0	0.0	0.0	0.0	0.0	0.0	0.0	0.7608060000000001	2.0459144399999993	0.0	0.0	1.41908	2.792550439999999
3.38336655	13.52	71.73	0.317214	0.522064	0.016998699999999995	0.030116099999999993	0.0173944	0.034012190000000005	0.025191770000000002	0.049704099999999994	0.005358923	16.088834	0.0052600899999999985	8.472173	0.0012684329999999998	1.4872561000000002	0.00495045	9.996016000000001	0.00614434	11.818424000000002	0.05958487	0.11383238999999999	0.022982236	47.862703100000004	0.399781106	48.498599490000004	0.08230109999999997	0.2424121	0.026584331999999995	0.060640392000000015	0.044454936000000014	0.08067749999999996	0.2942323	0.38062240000000014	0.0	0.0	0.0	0.0	0.0	0.0	0.0	0.0	0.0	0.0	0.365271568	0.5219402920000001	0.0	0.0	0.447572668	0.7643523920000002	0.6839859999999995	0.8919929999999997	0.23169739999999997	1.1823030000000005	0.229972	1.2190362999999995	0.6288020000000001	0.9878509999999999	0.0	0.0	0.0	0.0	0.0	0.0	0.0	0.0	0.0	0.0	1.0904714	3.3891903	0.0	0.0	1.7744573999999995	4.2811832999999995
3.4893665499999997	16.86	106.5	0.24300600000000006	0.5330339999999999	0.018735	0.04027400000000001	0.018854200000000005	0.042522870000000004	0.040140289999999995	0.08494150000000003	0.00957487	26.791253	0.008349989999999998	11.168652000000002	0.001653068	2.7676163000000003	0.0075124	16.253313000000002	0.011568539999999999	16.768304999999994	0.07772949	0.16773837000000005	0.038658868	73.7491393	0.3593943580000001	74.44991167	0.07994349999999996	0.33221340000000005	0.033940930000000015	0.08880264	0.05863591000000002	0.11273297000000003	0.37329540000000005	0.5236967000000002	0.0	0.0	0.0	0.0	0.0	0.0	0.0	0.0	0.0	0.0	0.4658722400000001	0.7252323100000002	0.0	0.0	0.5458157400000001	1.0574457100000003	0.6533930000000001	1.0332710000000005	0.28182459999999987	1.803182000000001	0.28212020000000027	1.6229770000000001	0.9718450000000003	1.5144860000000002	0.0	0.0	0.0	0.0	0.0	0.0	0.0	0.0	0.0	0.0	1.5357898000000003	4.940645000000002	0.0	0.0	2.1891828000000007	5.973916000000002
3.5943665499999997	21.54	112.7	0.24959299999999998	0.4373199999999999	0.026451000000000006	0.044835900000000005	0.02653960000000001	0.0443912	0.04471242	0.09114689999999998	0.016470430000000005	31.455938000000007	0.01377484	10.356788000000002	0.002370002	3.1663570999999995	0.012773110000000002	18.140924000000005	0.019513970000000005	16.538857	0.09770302000000002	0.18037399999999998	0.06490235200000001	79.65886410000002	0.41219837200000004	80.27655810000002	0.09880009999999997	0.32690490000000005	0.04229095399999999	0.09009716	0.07306510699999996	0.11126463999999997	0.48592249999999987	0.5511860999999998	0.0	0.0	0.0	0.0	0.0	0.0	0.0	0.0	0.0	0.0	0.6012785609999998	0.7525478999999997	0.0	0.0	0.7000786609999998	1.0794527999999999	0.740516	0.9992069999999996	0.41553850000000025	1.9358930000000003	0.41578550000000025	1.6075339999999996	1.2834699999999999	1.5623629999999997	0.0	0.0	0.0	0.0	0.0	0.0	0.0	0.0	0.0	0.0	2.1147940000000003	5.10579	0.0	0.0	2.8553100000000002	6.104996999999999
3.70036655	20.33	99.48	0.24403299999999997	0.297848	0.027098600000000007	0.037967100000000004	0.028683199999999992	0.034219999999999993	0.03426391000000001	0.061424200000000005	0.018396819999999998	31.815693000000007	0.01448815	8.42276	0.002404031	2.7716981000000014	0.014673190000000001	15.939359	0.01944011	16.011808	0.09004571	0.1336113	0.069402301	74.9613181	0.403481011	75.3927774	0.09953360000000003	0.24347709999999992	0.03820156199999999	0.06521330999999998	0.06590210100000002	0.08114980000000001	0.46465780000000007	0.4100361999999999	0.0	0.0	0.0	0.0	0.0	0.0	0.0	0.0	0.0	0.0	0.5687614630000001	0.5563993099999999	0.0	0.0	0.6682950630000001	0.7998764099999998	0.6976259999999999	0.7496649999999997	0.4338441999999999	1.5402829999999998	0.4405648	1.213165	1.1774939999999998	1.0943440000000004	0.0	0.0	0.0	0.0	0.0	0.0	0.0	0.0	0.0	0.0	2.051903	3.847792	0.0	0.0	2.7495289999999994	4.597457
3.80536655	13.03	85.91	0.16797299999999998	0.217486	0.018429899999999996	0.029345200000000005	0.0200077	0.024493299999999996	0.016169479999999996	0.036422010000000005	0.013325309999999998	29.78262100000001	0.009044399999999998	7.0179969999999985	0.0017585639999999996	2.2140783	0.011432969999999997	12.310905000000002	0.011370009999999998	16.590941999999995	0.05460707999999999	0.09026051	0.04693125399999999	67.9165433	0.269511334	68.22428981	0.07103549999999997	0.17897950000000007	0.023462653	0.04808786000000004	0.043901316	0.06882867	0.29962330000000004	0.2972709	0.0	0.0	0.0	0.0	0.0	0.0	0.0	0.0	0.0	0.0	0.36698726900000006	0.41418743	0.0	0.0	0.43802276900000003	0.5931669300000001	0.4637280000000002	0.6377060000000002	0.29370159999999995	1.0404200000000003	0.2983521999999999	0.8138019999999997	0.7335302	0.7327170000000003	0.0	0.0	0.0	0.0	0.0	0.0	0.0	0.0	0.0	0.0	1.3255839999999999	2.586939	0.0	0.0	1.789312	3.2246450000000006
3.91136655	10.92	66.87	0.136281	0.225867	0.016476700000000004	0.028376699999999998	0.015972800000000002	0.024428599999999998	0.00869226	0.04681850000000002	0.010232099999999994	20.664239999999996	0.00680804	5.270518	0.0018445984299999994	1.4243411000000001	0.009585030000000001	7.980481000000001	0.00845485	12.492458599999996	0.041141760000000006	0.09962380000000001	0.03692461842999999	47.83203869999999	0.21434737843	48.157529499999995	0.06902469999999997	0.16269260000000005	0.022063476000000005	0.051867940000000015	0.046884564	0.08486245999999997	0.24061679999999996	0.35873830000000007	0.0	0.0	0.0	0.0	0.0	0.0	0.0	0.0	0.0	0.0	0.30956483999999995	0.49546870000000004	0.0	0.0	0.37858953999999995	0.6581613000000001	0.41128000000000003	0.861142	0.23550129999999994	0.7084449000000002	0.22779889999999992	0.6013109000000003	0.6184784	0.7746310000000004	0.0	0.0	0.0	0.0	0.0	0.0	0.0	0.0	0.0	0.0	1.0817785999999998	2.0843868000000008	0.0	0.0	1.4930586	2.945528800000001
4.01636655	15.83	46.28	0.178309	0.2516839999999999	0.024443899999999998	0.0339728	0.023481400000000006	0.03109659999999999	0.013698960000000001	0.08151869999999997	0.01305334	8.114583	0.010397169999999997	4.831143000000001	0.0030529699999999986	0.6622309999999999	0.011658999999999997	5.178109999999998	0.012951700000000003	5.395695000000001	0.06162426000000001	0.14658809999999997	0.051114179999999995	24.181762	0.29104744	24.5800341	0.10386000000000001	0.16078319999999996	0.03548649100000001	0.057665650000000006	0.07120532400000001	0.09462187	0.3385924999999999	0.4621579999999999	0.0	0.0	0.0	0.0	0.0	0.0	0.0	0.0	0.0	0.0	0.44528431499999993	0.6144455199999999	0.0	0.0	0.5491443149999999	0.7752287199999999	0.5883769999999999	1.1901690000000005	0.3267629999999999	0.6379419999999999	0.31330560000000013	0.6106071999999999	0.9157820000000001	0.8741270000000002	0.0	0.0	0.0	0.0	0.0	0.0	0.0	0.0	0.0	0.0	1.5558506	2.1226762	0.0	0.0	2.1442276000000002	3.3128452000000004
4.12236655	20.47	45.39	0.215045	0.29610299999999995	0.0327778	0.0491939	0.031360799999999994	0.04665870000000001	0.020200609999999997	0.11384689999999999	0.01684981	2.4810133	0.014244500000000002	8.554512000000003	0.005496568000000002	0.5078349000000001	0.014029699999999997	6.7122519999999986	0.01777460000000001	2.50174	0.08433921	0.20969949999999998	0.06839517800000001	20.7573522	0.367779388	21.2631547	0.13240019999999997	0.19389119999999999	0.044011160999999986	0.05934073	0.08399389	0.09129051999999997	0.44397960000000025	0.5094819999999999	0.0	0.0	0.0	0.0	0.0	0.0	0.0	0.0	0.0	0.0	0.5719846510000003	0.6601132499999999	0.0	0.0	0.7043848510000003	0.8540044499999998	0.7085389999999999	1.5911249999999997	0.43282300000000007	0.8920400000000002	0.4148698999999999	0.8952269999999999	1.2051019999999995	0.8470239999999993	0.0	0.0	0.0	0.0	0.0	0.0	0.0	0.0	0.0	0.0	2.0527948999999994	2.6342909999999993	0.0	0.0	2.7613338999999995	4.225415999999999
4.22736655	22.09	64.44	0.22455000000000003	0.3784340000000001	0.03438279999999999	0.07154799999999999	0.032019799999999994	0.0664778	0.023527900000000008	0.12234899999999997	0.018343799999999997	3.825661	0.015569099999999995	16.190318999999995	0.009388389999999998	0.8649391	0.014527700000000003	11.716439	0.020345300000000007	4.062314	0.0899305	0.26037479999999996	0.07817429000000001	36.659672099999995	0.39265479000000003	37.298480899999994	0.1360798	0.2951285999999999	0.041885222000000034	0.06419522000000001	0.081268477	0.09213761000000005	0.48349620000000026	0.5243689999999999	0.0	0.0	0.0	0.0	0.0	0.0	0.0	0.0	0.0	0.0	0.6066498990000003	0.68070183	0.0	0.0	0.7427296990000003	0.9758304299999998	0.6859829999999998	2.1737499999999996	0.4569259000000002	1.3293440000000005	0.4539604999999999	1.288788	1.3288659999999997	0.9408259999999999	0.0	0.0	0.0	0.0	0.0	0.0	0.0	0.0	0.0	0.0	2.2397523999999995	3.5589580000000005	0.0	0.0	2.9257353999999998	5.732708000000001
4.33336655	21.02	91.76	0.21630829999999998	0.44765800000000006	0.029475699999999994	0.08887040000000003	0.028947400000000015	0.08062240000000001	0.024274199999999996	0.11560400000000001	0.018564199999999996	7.049514	0.014861999999999997	25.574941	0.011640879999999998	1.4422869999999999	0.0141471	19.213728000000003	0.019806999999999998	6.699864999999999	0.0826973	0.28509680000000004	0.07902117999999998	59.980335000000004	0.37802677999999995	60.7130898	0.11999760000000005	0.43701459999999986	0.03432252599999999	0.07775743	0.06843789100000001	0.1066568	0.44449069999999985	0.5203597999999997	0.0	0.0	0.0	0.0	0.0	0.0	0.0	0.0	0.0	0.0	0.5472511169999998	0.7047740299999997	0.0	0.0	0.6672487169999999	1.1417886299999995	0.5910660000000001	2.826202000000002	0.4166411000000002	1.8178979999999991	0.4341689000000002	1.720559	1.2551820000000002	1.4234	0.0	0.0	0.0	0.0	0.0	0.0	0.0	0.0	0.0	0.0	2.1059920000000005	4.961856999999999	0.0	0.0	2.6970580000000006	7.788059000000001
4.43836655	19.02	122.7	0.19803849999999998	0.449635	0.026707699999999997	0.10403299999999999	0.030663100000000002	0.098412	0.024479599999999997	0.11262800000000002	0.018881099999999998	10.292680000000004	0.015143700000000001	35.741499000000005	0.010020119999999999	2.1317660000000003	0.0159017	29.137379999999993	0.017695399999999993	9.549574	0.08185039999999999	0.315073	0.07764201999999999	86.85289900000001	0.35753092	87.617607	0.1038336	0.5349217999999999	0.027023752000000012	0.10978251	0.04988287599999995	0.14043639999999996	0.3710588	0.48032360000000013	0.0	0.0	0.0	0.0	0.0	0.0	0.0	0.0	0.0	0.0	0.447965428	0.73054251	0.0	0.0	0.551799028	1.26546431	0.5068549000000001	3.168814	0.41256119999999985	2.6768449999999997	0.4210749000000001	2.772813999999998	1.0499039999999993	2.0703060000000013	0.0	0.0	0.0	0.0	0.0	0.0	0.0	0.0	0.0	0.0	1.8835400999999992	7.519964999999999	0.0	0.0	2.3903949999999994	10.688778999999998
4.5443665499999994	20.59	158.7	0.21237187	0.3762709999999999	0.0336416	0.12092499999999998	0.04126679999999999	0.12332199999999999	0.0284323	0.1163972	0.0207297	14.496273	0.019196599999999998	47.90677	0.009292429999999997	2.6746380000000003	0.020459700000000004	40.69260000000001	0.0203166	13.600996	0.1033407	0.36064419999999997	0.08999503	119.37127700000002	0.4057076	120.10819220000002	0.11627247000000003	0.5349282000000003	0.026875184999999985	0.16671026000000003	0.043718563000000016	0.19487659999999996	0.3769400999999999	0.3992739999999999	0.0	0.0	0.0	0.0	0.0	0.0	0.0	0.0	0.0	0.0	0.4475338479999999	0.7608608599999999	0.0	0.0	0.5638063179999999	1.2957890600000002	0.5424108000000002	2.966097000000001	0.4967217000000001	4.479402000000002	0.5051144999999998	4.931000999999997	1.0340477	2.4706490000000008	0.0	0.0	0.0	0.0	0.0	0.0	0.0	0.0	0.0	0.0	2.0358839	11.881052	0.0	0.0	2.5782947	14.847149
4.64936655	25.46	192.4	0.2503199	0.3034740000000001	0.04540129999999999	0.12879900000000002	0.05220939999999999	0.13842399999999996	0.034744899999999995	0.11803250000000001	0.025039499999999992	20.15378	0.023643699999999997	57.02835000000002	0.011042779999999999	2.695379000000001	0.023519300000000007	51.19276000000002	0.028709299999999993	17.240495999999997	0.13235559999999996	0.3852555	0.11195457999999998	148.31076500000003	0.49463007999999997	148.99949450000003	0.1468977	0.48062350000000015	0.032872129999999986	0.22931675999999995	0.051548444000000006	0.24465009999999987	0.44883500000000015	0.3545060000000002	0.0	0.0	0.0	0.0	0.0	0.0	0.0	0.0	0.0	0.0	0.5332555740000001	0.82847286	0.0	0.0	0.6801532740000001	1.3090963600000003	0.6494628999999998	2.4858350000000007	0.5959129999999998	6.842463	0.6347549999999995	7.086048000000003	1.2121900000000005	2.6447769999999995	0.0	0.0	0.0	0.0	0.0	0.0	0.0	0.0	0.0	0.0	2.4428579999999998	16.573288	0.0	0.0	3.0923209	19.059123000000003
4.75436655	31.04	188.1	0.2705654	0.27224500000000007	0.05610300000000003	0.11281300000000002	0.05778509999999999	0.12482799999999997	0.03959449999999999	0.09690540000000003	0.0308434	21.712690000000002	0.0251385	50.19682000000002	0.0119584	2.0770695999999997	0.024331500000000002	50.348	0.036046499999999995	15.672225000000001	0.15348260000000002	0.3345464	0.1283183	140.0068046	0.5523663	140.61359600000003	0.17732800000000007	0.4017082000000002	0.04045590700000001	0.23722400999999999	0.06037327900000003	0.23637750000000005	0.5041362	0.38264380000000014	0.0	0.0	0.0	0.0	0.0	0.0	0.0	0.0	0.0	0.0	0.604965386	0.8562453100000001	0.0	0.0	0.7822933860000001	1.2579535100000003	0.7273090000000004	1.9023529999999995	0.6792270000000001	7.537951999999997	0.7180590000000001	6.993288	1.3292699999999997	2.584227999999999	0.0	0.0	0.0	0.0	0.0	0.0	0.0	0.0	0.0	0.0	2.726556	17.115467999999996	0.0	0.0	3.4538650000000004	19.017820999999994
4.86036655	35.49	128.6	0.2941250000000001	0.23791199999999998	0.0660589	0.07391649999999998	0.061730799999999995	0.0826088	0.04333419999999999	0.05555799999999999	0.033191	14.631822	0.0250331	27.304258999999995	0.0124343	1.0901737	0.0251047	31.632904	0.03619960000000001	8.819131000000002	0.1711239	0.21208329999999997	0.13196270000000002	83.47828969999999	0.5972116000000001	83.928285	0.20934249999999996	0.2825708999999998	0.04565779	0.16121771000000007	0.06461323000000001	0.16083290000000014	0.5254192999999998	0.40402590000000016	0.0	0.0	0.0	0.0	0.0	0.0	0.0	0.0	0.0	0.0	0.6356903199999998	0.7260765100000004	0.0	0.0	0.8450328199999998	1.0086474100000002	0.786286	1.1868230000000004	0.762798	5.206122000000003	0.7425080000000002	4.381825	1.3122409999999998	2.150180000000001	0.0	0.0	0.0	0.0	0.0	0.0	0.0	0.0	0.0	0.0	2.817547	11.738127000000004	0.0	0.0	3.603833	12.924950000000004
4.96536655	39.13	64.05	0.34262200000000004	0.19379200000000005	0.07482050000000003	0.04432380000000001	0.0659737	0.0460208	0.049789999999999994	0.024411499999999992	0.0342853	5.527720000000001	0.026321599999999994	7.176061999999999	0.014872470000000004	0.30369669999999993	0.027342	10.162740000000001	0.033689699999999996	2.789883000000001	0.1905842	0.1147561	0.13651106999999998	25.960101700000003	0.66971727	26.268649800000002	0.24779699999999993	0.18127009999999996	0.050771189999999994	0.07444616000000005	0.06799624000000003	0.08671016999999996	0.5529940000000001	0.39771010000000034	0.0	0.0	0.0	0.0	0.0	0.0	0.0	0.0	0.0	0.0	0.6717614300000001	0.5588664300000004	0.0	0.0	0.91955843	0.7401365300000003	0.8610270000000001	0.6263800000000004	0.8500270000000002	2.2174490000000007	0.7514640000000002	1.7876699999999999	1.3284430000000005	1.6667409999999994	0.0	0.0	0.0	0.0	0.0	0.0	0.0	0.0	0.0	0.0	2.929934000000001	5.67186	0.0	0.0	3.790961000000001	6.29824
5.07136655	44.53	40.93	0.3799729999999999	0.19466590000000006	0.07758960000000001	0.042365599999999996	0.0698309	0.039555200000000006	0.0586176	0.018330900000000004	0.0400203	1.4462249999999996	0.028486699999999997	0.43063799999999985	0.0185069	0.029413889999999995	0.02968799999999999	1.0747700000000002	0.0349734	0.7323457999999999	0.2060381	0.1002517	0.15167529999999999	3.7133926899999996	0.7376863999999999	4.00831029	0.28150559999999997	0.17101480000000002	0.05817331	0.04420528099999998	0.07509233000000004	0.064620376	0.6064519999999999	0.4320497999999997	0.0	0.0	0.0	0.0	0.0	0.0	0.0	0.0	0.0	0.0	0.73971764	0.5408754569999997	0.0	0.0	1.0212232399999999	0.7118902569999997	0.928764	0.49563699999999994	0.9132229999999999	0.9951829999999999	0.763895	0.8556858999999998	1.4915300000000002	1.5601001999999993	0.0	0.0	0.0	0.0	0.0	0.0	0.0	0.0	0.0	0.0	3.168648	3.410969099999999	0.0	0.0	4.097412	3.906606099999999
5.17636655	45.46	46.1	0.3448389999999998	0.23786300000000007	0.06635559999999999	0.048036699999999995	0.0643479	0.047616499999999985	0.05675470000000001	0.025138399999999998	0.04125980000000001	0.965787	0.0257187	0.523968771	0.01847198	0.032081229999999995	0.025892199999999997	0.47463790000000017	0.0354488	0.628632	0.1874582	0.12079159999999997	0.14679148	2.625106901	0.6790886799999998	2.983761501	0.2634882000000001	0.21328470000000002	0.055725150000000015	0.04976520904999999	0.07334795999999999	0.07212616900000002	0.5797068	0.48944500000000024	0.0	0.0	0.0	0.0	0.0	0.0	0.0	0.0	0.0	0.0	0.70877991	0.6113363780500003	0.0	0.0	0.9722681100000001	0.8246210780500003	0.8447759999999995	0.6054610000000001	0.7977099999999997	0.9775730000000002	0.6740829	0.8419844	1.4976300000000002	1.6738069999999994	0.0	0.0	0.0	0.0	0.0	0.0	0.0	0.0	0.0	0.0	2.9694229	3.4933643999999995	0.0	0.0	3.8141988999999996	4.0988254
5.28236655	43.11	49.95	0.2992394999999999	0.24364700000000003	0.057264799999999984	0.045042700000000005	0.05693960000000002	0.048188699999999994	0.0488994	0.0276027	0.03737060000000002	1.009893	0.021356200000000002	0.9566119999999999	0.015770310000000003	0.05177909999999998	0.021143500000000003	0.9716809999999999	0.0360507	0.6272249999999999	0.16310380000000002	0.1208341	0.13169131000000003	3.6171900999999997	0.5940346099999999	3.9816711999999996	0.23722949999999998	0.22136779999999992	0.048047560000000024	0.052071725	0.06842284999999998	0.07351018899999996	0.5236938	0.486803	0.0	0.0	0.0	0.0	0.0	0.0	0.0	0.0	0.0	0.0	0.64016421	0.612384914	0.0	0.0	0.87739371	0.8337527139999998	0.7194929999999995	0.6222980000000001	0.6122729999999998	0.9894560000000001	0.5781568999999998	0.8180060000000003	1.3920840000000005	1.6557350000000008	0.0	0.0	0.0	0.0	0.0	0.0	0.0	0.0	0.0	0.0	2.5825139000000004	3.4631970000000014	0.0	0.0	3.3020068999999994	4.085495000000002
5.387366549999999	48.36	47.72	0.35329699999999997	0.20959499999999998	0.06972519999999999	0.04524040000000003	0.0661155	0.04454640000000001	0.052204600000000004	0.025797900000000002	0.039688699999999986	0.9013750000000003	0.023706399999999996	0.8373199999999998	0.015437730000000002	0.047158099999999994	0.025398000000000007	0.9091500000000001	0.0415999	0.5456440000000001	0.18804529999999997	0.11558470000000004	0.14583073	3.2406471000000003	0.68717303	3.5658268000000004	0.28674559999999993	0.20784210000000014	0.05140967	0.04780122000000002	0.07966709	0.06896109	0.582728	0.4746959	0.0	0.0	0.0	0.0	0.0	0.0	0.0	0.0	0.0	0.0	0.71380476	0.59145821	0.0	0.0	1.0005503599999999	0.7993003100000001	0.8159810000000004	0.541792	0.6272469999999998	0.8766709999999998	0.669885	0.7283020000000003	1.5133659999999995	1.6018389999999996	0.0	0.0	0.0	0.0	0.0	0.0	0.0	0.0	0.0	0.0	2.810497999999999	3.2068119999999998	0.0	0.0	3.626479	3.748604
5.493366549999999	53.1	51.67	0.42841000000000007	0.2229017	0.08275600000000001	0.05998540000000002	0.08000689999999998	0.0526357	0.05637659999999999	0.028842399999999994	0.0415536	0.8482560000000001	0.027498300000000003	0.7592890000000002	0.014461539999999998	0.04607000000000001	0.030819299999999994	0.798102	0.04297250000000001	0.5545779999999998	0.2191395	0.14146350000000002	0.15730524	3.006295	0.80485474	3.3706602	0.3447649999999998	0.24964589999999992	0.056891370000000024	0.05199422999999998	0.08905192999999996	0.07885207999999999	0.6188510000000002	0.5649209999999996	0.0	0.0	0.0	0.0	0.0	0.0	0.0	0.0	0.0	0.0	0.7647943000000001	0.6957673099999996	0.0	0.0	1.1095593	0.9454132099999994	0.9631690000000002	0.5903149999999996	0.703193	0.9072449999999999	0.788777	0.8224140000000001	1.5430229999999987	1.8236940000000006	0.0	0.0	0.0	0.0	0.0	0.0	0.0	0.0	0.0	0.0	3.0349929999999987	3.5533530000000004	0.0	0.0	3.998161999999999	4.143668
5.59836655	49.87	57.06	0.4445060000000002	0.2708250000000001	0.0801155	0.0707119	0.08536769999999999	0.0657515	0.0527063	0.03314599999999999	0.036829299999999995	0.771826	0.0248851	0.745324	0.011159549999999994	0.04518399999999999	0.027971900000000004	0.7429299999999998	0.0368654	0.5435939999999998	0.21818949999999998	0.1696094	0.13771125	2.8488579999999994	0.8004067500000002	3.2892923999999994	0.3464280000000002	0.3085680000000002	0.05763269000000003	0.060197769999999984	0.08295893	0.09179968000000004	0.5366079999999999	0.6344429999999995	0.0	0.0	0.0	0.0	0.0	0.0	0.0	0.0	0.0	0.0	0.6771996199999999	0.7864404499999995	0.0	0.0	1.02362762	1.0950084499999997	0.9629509999999996	0.716599	0.677638	0.9495880000000002	0.7717179999999999	0.9584900000000008	1.2820770000000004	1.9667979999999998	0.0	0.0	0.0	0.0	0.0	0.0	0.0	0.0	0.0	0.0	2.731433	3.874876000000001	0.0	0.0	3.694384	4.591475000000001
5.70436655	49.03	54.72	0.4592820000000001	0.28482499999999983	0.0810407	0.06594030000000002	0.0930949	0.07192289999999997	0.053603599999999994	0.034188800000000005	0.036429399999999994	0.5620480000000001	0.021300599999999992	0.5837870000000001	0.010642339999999998	0.034833	0.0236509	0.5875119999999999	0.03553679999999999	0.40091799999999994	0.22773919999999997	0.17205199999999998	0.12756003999999999	2.169098	0.81458124	2.625975	0.36162199999999994	0.32022499999999987	0.06296650000000001	0.06266026999999998	0.08379727999999996	0.08980537999999998	0.503151	0.5736519999999997	0.0	0.0	0.0	0.0	0.0	0.0	0.0	0.0	0.0	0.0	0.64991478	0.7261176499999997	0.0	0.0	1.01153678	1.0463426499999995	0.9681149999999998	0.746765	0.6997090000000001	0.8375510000000002	0.7469090000000003	0.9149459999999997	1.1799270000000004	1.712551	0.0	0.0	0.0	0.0	0.0	0.0	0.0	0.0	0.0	0.0	2.626545000000001	3.465048	0.0	0.0	3.5946600000000006	4.211812999999999
5.80936655	55.14	51.78	0.500982	0.279295	0.10245399999999998	0.06406629999999999	0.10957199999999997	0.0770054	0.0694878	0.03704610000000001	0.04601450000000002	0.40696200000000016	0.024981600000000007	0.4001130000000002	0.013792200000000004	0.027392300000000005	0.025648999999999995	0.4390470000000002	0.04301390000000001	0.272725	0.2815137999999999	0.1781178	0.15345120000000004	1.5462393000000005	0.935947	2.0036521000000005	0.4430920000000001	0.3303900000000001	0.07657704999999998	0.06482254999999996	0.10483346999999998	0.08873477999999994	0.6076390000000003	0.5240810000000002	0.0	0.0	0.0	0.0	0.0	0.0	0.0	0.0	0.0	0.0	0.7890495200000003	0.6776383300000002	0.0	0.0	1.2321415200000003	1.0080283300000001	1.0958899999999998	0.7383869999999999	0.8638889999999994	0.782625	0.8219269999999999	0.8218659999999999	1.4578539999999989	1.515932999999999	0.0	0.0	0.0	0.0	0.0	0.0	0.0	0.0	0.0	0.0	3.143669999999998	3.120423999999999	0.0	0.0	4.239559999999998	3.858810999999999
5.91536655	64.38	56.36	0.562723	0.302275	0.13433800000000004	0.08195929999999997	0.127994	0.08982220000000002	0.10154499999999997	0.0499716	0.05641769999999999	0.396538	0.033771499999999996	0.3657909999999999	0.01768948	0.02988179999999999	0.03062319999999999	0.39543599999999984	0.052557800000000016	0.26163	0.363877	0.22175309999999998	0.19105967999999998	1.4492767999999998	1.11765968	1.9733048999999998	0.5455199999999999	0.39971199999999996	0.09262768000000003	0.07487581	0.13080678999999995	0.10554232000000001	0.7587709999999999	0.6030129999999999	0.0	0.0	0.0	0.0	0.0	0.0	0.0	0.0	0.0	0.0	0.9822054699999998	0.7834311299999999	0.0	0.0	1.5277254699999998	1.18314313	1.279127	0.826224	1.040672	0.9282070000000002	0.9364350000000001	0.8610829999999999	1.8771209999999996	1.7349900000000007	0.0	0.0	0.0	0.0	0.0	0.0	0.0	0.0	0.0	0.0	3.854228	3.524280000000001	0.0	0.0	5.133355	4.350504000000001
6.02036655	67.23	65.9	0.5928619999999999	0.35371900000000006	0.13780200000000004	0.10828629999999999	0.13012100000000001	0.10545390000000002	0.12571900000000003	0.07360389999999999	0.054689499999999995	0.4302409999999999	0.0359491	0.4274709999999998	0.019710369999999998	0.035432000000000005	0.030769499999999988	0.399244	0.0535579	0.30780700000000005	0.39364200000000005	0.2873441	0.19467637	1.6001949999999998	1.1811803699999999	2.2412580999999996	0.556626	0.49134800000000006	0.09377271000000001	0.08884088000000001	0.13376202999999995	0.12810345	0.7810740000000002	0.7388889999999999	0.0	0.0	0.0	0.0	0.0	0.0	0.0	0.0	0.0	0.0	1.0086087400000001	0.9558333299999999	0.0	0.0	1.5652347400000002	1.44718133	1.3016579999999998	0.9782599999999994	0.9961409999999999	1.1118489999999996	0.915447	0.9747060000000007	1.9950030000000003	2.139336999999999	0.0	0.0	0.0	0.0	0.0	0.0	0.0	0.0	0.0	0.0	3.906591	4.225891999999999	0.0	0.0	5.208249	5.204151999999999
6.12536655	60.55	68.31	0.56633	0.38586300000000007	0.10435850000000002	0.1089514	0.10929409999999999	0.1068237	0.124365	0.089282	0.042596200000000015	0.40008799999999994	0.027837099999999997	0.4138440000000001	0.018768600000000003	0.0366411	0.025601000000000002	0.3636999999999999	0.0436189	0.30677200000000004	0.33801760000000003	0.30505709999999997	0.15842180000000003	1.5210451	1.0627694	2.2119652	0.4661140000000001	0.5007400000000003	0.07805709000000002	0.08990164	0.11425438999999998	0.13043824	0.6475650000000002	0.7585660000000002	0.0	0.0	0.0	0.0	0.0	0.0	0.0	0.0	0.0	0.0	0.8398764800000001	0.9789058800000002	0.0	0.0	1.3059904800000002	1.4796458800000005	1.1179399999999997	1.0067980000000003	0.751337	1.0605090000000001	0.7653190000000002	0.9529309999999999	1.715036	2.217491999999999	0.0	0.0	0.0	0.0	0.0	0.0	0.0	0.0	0.0	0.0	3.2316920000000002	4.230931999999999	0.0	0.0	4.349632	5.237729999999999
6.23136655	59.32	62.98	0.617325	0.3907910000000001	0.0898265	0.0843557	0.09729560000000005	0.0916591	0.12722099999999997	0.088934	0.03515909999999999	0.310441	0.022453200000000003	0.30446	0.018279399999999998	0.034232699999999984	0.0222999	0.285457	0.03759029999999999	0.2415029999999999	0.31434310000000004	0.2649488	0.13578189999999998	1.1760937	1.06745	1.8318335000000001	0.4425460000000001	0.43940900000000005	0.07203589	0.07956918999999997	0.10790717999999996	0.11711544999999998	0.5767660000000003	0.6573389999999999	0.0	0.0	0.0	0.0	0.0	0.0	0.0	0.0	0.0	0.0	0.7567090700000003	0.8540236399999999	0.0	0.0	1.1992550700000004	1.2934326399999998	1.080112	0.907656	0.6280049999999998	0.8243259999999998	0.7448840000000002	0.8182789999999995	1.5421850000000004	1.9429890000000005	0.0	0.0	0.0	0.0	0.0	0.0	0.0	0.0	0.0	0.0	2.9150740000000006	3.585594	0.0	0.0	3.9951860000000003	4.49325
6.336366549999999	68.43	63.63	0.7856890000000003	0.43062100000000003	0.12361649999999999	0.07915340000000001	0.11813199999999999	0.084701	0.14489300000000002	0.09221399999999998	0.0377894	0.24432199999999996	0.0265023	0.24054999999999996	0.020237100000000004	0.0348187	0.024564399999999993	0.23263799999999993	0.04241650000000001	0.19509100000000007	0.38664149999999997	0.2560684	0.1515097	0.9474196999999999	1.3238402000000002	1.6341090999999999	0.5633809999999999	0.4534670000000001	0.08565037	0.07981864000000001	0.12641128	0.11901062000000004	0.664659	0.6232949999999998	0.0	0.0	0.0	0.0	0.0	0.0	0.0	0.0	0.0	0.0	0.87672065	0.8221242599999998	0.0	0.0	1.44010165	1.27559126	1.3292809999999993	0.9309900000000001	0.7468549999999995	0.7222630000000002	0.9200600000000001	0.8177250000000001	1.6968519999999994	1.8146679999999993	0.0	0.0	0.0	0.0	0.0	0.0	0.0	0.0	0.0	0.0	3.363766999999999	3.3546559999999994	0.0	0.0	4.693047999999998	4.285646
6.44236655	73.47	70.05	0.9037879999999998	0.507338	0.16487600000000005	0.10475609999999998	0.15641300000000005	0.09997799999999998	0.14703400000000003	0.10145499999999999	0.042403300000000005	0.22317899999999996	0.030785899999999995	0.25078199999999995	0.02088309999999999	0.03733809999999999	0.02794539999999999	0.22308200000000003	0.0464714	0.19336700000000004	0.46832300000000016	0.30618909999999994	0.16848909999999997	0.9277481	1.5406001	1.7412751999999998	0.6935110000000002	0.564593	0.09712927000000002	0.09148085000000006	0.14106776	0.13669378000000001	0.758565	0.6899430000000001	0.0	0.0	0.0	0.0	0.0	0.0	0.0	0.0	0.0	0.0	0.9967620300000001	0.9181176300000001	0.0	0.0	1.6902730300000002	1.4827106300000001	1.550799	1.1130080000000002	0.921874	0.810904	1.0719990000000001	0.9621589999999998	1.8164739999999993	1.907517	0.0	0.0	0.0	0.0	0.0	0.0	0.0	0.0	0.0	0.0	3.8103469999999993	3.6805799999999995	0.0	0.0	5.361146	4.793588
6.54736655	72.1	70.86	0.9768820000000001	0.5672330000000002	0.185596	0.1288607	0.195269	0.12689800000000004	0.135697	0.10031499999999999	0.044926	0.21364399999999995	0.030405899999999993	0.24311399999999997	0.019824399999999995	0.035612799999999986	0.029482499999999995	0.21575500000000003	0.045237900000000004	0.18433300000000002	0.516562	0.35607370000000005	0.1698767	0.8924588	1.6633207	1.8157655000000001	0.7563179999999997	0.6473719999999998	0.09875813	0.09581506999999999	0.13854396	0.14224986999999997	0.7897980000000007	0.7280269999999998	0.0	0.0	0.0	0.0	0.0	0.0	0.0	0.0	0.0	0.0	1.0271000900000007	0.9660919399999998	0.0	0.0	1.7834180900000003	1.6134639399999995	1.6475530000000003	1.2462569999999997	1.0524279999999997	0.914012	1.129616	1.0469970000000008	1.7957029999999998	1.891065	0.0	0.0	0.0	0.0	0.0	0.0	0.0	0.0	0.0	0.0	3.9777469999999995	3.852074000000001	0.0	0.0	5.625299999999999	5.098331000000001
6.653366549999999	71.77	69.74	1.0515309999999998	0.6403109999999997	0.19836999999999996	0.14503899999999997	0.21519	0.15728200000000006	0.13214399999999998	0.09605519999999998	0.04639970000000001	0.21368300000000004	0.02974599999999999	0.21275200000000005	0.020096299999999997	0.03345819999999999	0.03039440000000001	0.21006999999999992	0.0447965	0.166442	0.545704	0.3983762	0.1714329	0.8364052	1.7686678999999996	1.8750923999999998	0.7915119999999998	0.7012039999999997	0.10134661	0.09686227000000003	0.13170766	0.13760256999999995	0.8031459999999998	0.7535239999999999	0.0	0.0	0.0	0.0	0.0	0.0	0.0	0.0	0.0	0.0	1.0362002699999997	0.9879888399999999	0.0	0.0	1.8277122699999997	1.6891928399999996	1.7102869999999997	1.3470509999999996	1.1427260000000006	1.0260449999999999	1.1659899999999996	1.0920329999999998	1.7953180000000009	1.8553789999999992	0.0	0.0	0.0	0.0	0.0	0.0	0.0	0.0	0.0	0.0	4.104034000000001	3.973456999999999	0.0	0.0	5.8143210000000005	5.3205079999999985
6.75836655	71.37	72.11	1.0421449999999999	0.689604	0.21108399999999994	0.16375099999999998	0.210272	0.17403200000000005	0.13110000000000002	0.09775279999999999	0.0447951	0.2182410000000001	0.029988300000000002	0.20074599999999992	0.021333699999999994	0.035149999999999994	0.030055699999999998	0.21474100000000002	0.04568720000000002	0.165065	0.552456	0.43553580000000003	0.17186	0.833943	1.7664609999999998	1.9590828	0.8141980000000001	0.7664400000000003	0.10321772	0.10307480999999996	0.12881116999999995	0.13707803	0.7982469999999995	0.8026329999999999	0.0	0.0	0.0	0.0	0.0	0.0	0.0	0.0	0.0	0.0	1.0302758899999995	1.0427858399999999	0.0	0.0	1.8444738899999995	1.8092258400000003	1.6776910000000005	1.4353920000000004	1.147318	1.1396179999999991	1.1684019999999997	1.1585539999999999	1.7860780000000007	1.9326709999999998	0.0	0.0	0.0	0.0	0.0	0.0	0.0	0.0	0.0	0.0	4.1017980000000005	4.230842999999998	0.0	0.0	5.779489000000001	5.6662349999999995
6.86436655	72.37	73.4	1.0206389999999999	0.653782	0.23142699999999997	0.177344	0.21458800000000006	0.17294300000000007	0.13003699999999999	0.09735000000000002	0.0430863	0.20406699999999997	0.030561400000000002	0.19076200000000004	0.0225303	0.0364646	0.0294388	0.2020510000000001	0.04697919999999999	0.16394800000000004	0.576052	0.44763700000000006	0.172596	0.7972926000000001	1.7692869999999998	1.8987116000000002	0.879221	0.8060600000000001	0.10840878999999999	0.10698748	0.13833284999999998	0.13879752	0.825389	0.8178970000000001	0.0	0.0	0.0	0.0	0.0	0.0	0.0	0.0	0.0	0.0	1.07213064	1.063682	0.0	0.0	1.95135164	1.8697420000000002	1.6382669999999995	1.405851	1.1664379999999996	1.1528420000000001	1.2053690000000001	1.1781490000000003	1.8226129999999998	1.9546089999999998	0.0	0.0	0.0	0.0	0.0	0.0	0.0	0.0	0.0	0.0	4.194419999999999	4.2856000000000005	0.0	0.0	5.832686999999999	5.691451000000001
6.96936655	78.76	75.52	1.1194610000000003	0.6269059999999999	0.26559900000000003	0.18931600000000007	0.23840599999999998	0.18039199999999994	0.14801799999999998	0.09949500000000001	0.04692790000000002	0.18643799999999996	0.031788699999999996	0.17972999999999992	0.023707699999999998	0.03589450000000002	0.0307567	0.175173	0.05003549999999999	0.15901799999999994	0.652023	0.46920300000000004	0.1832165	0.7362534999999998	1.9547005000000002	1.8323624999999997	1.012109	0.8650690000000003	0.12619272000000004	0.11519809999999996	0.1602296	0.14942779999999997	0.916729	0.844125	0.0	0.0	0.0	0.0	0.0	0.0	0.0	0.0	0.0	0.0	1.2031513200000001	1.1087509	0.0	0.0	2.21526032	1.9738199000000003	1.734176	1.371666	1.2897710000000004	1.1745479999999995	1.3334869999999999	1.2241589999999996	2.005257999999999	1.991138	0.0	0.0	0.0	0.0	0.0	0.0	0.0	0.0	0.0	0.0	4.628515999999999	4.389844999999999	0.0	0.0	6.362691999999999	5.761510999999999
7.07536655	84.72	81.31	1.259234	0.6863430000000003	0.2921309999999999	0.2133635999999999	0.250553	0.197029	0.20900299999999994	0.124019	0.051895500000000004	0.18507099999999999	0.032090600000000004	0.17716700000000005	0.024259700000000006	0.03573779999999999	0.0317121	0.15977100000000002	0.051841500000000006	0.16077199999999991	0.7516869999999999	0.5344115999999999	0.1917994	0.7185188	2.2027204	1.9392734	1.1032710000000001	0.9742890000000005	0.14165079999999988	0.13188529000000002	0.1752131	0.16822048999999994	0.9718580000000002	0.920753	0.0	0.0	0.0	0.0	0.0	0.0	0.0	0.0	0.0	0.0	1.2887219	1.22085878	0.0	0.0	2.3919929000000004	2.1951477800000005	1.8457530000000006	1.4541930000000003	1.3430669999999998	1.2786790000000001	1.3871729999999998	1.3202459999999994	2.1568880000000012	2.1596539999999997	0.0	0.0	0.0	0.0	0.0	0.0	0.0	0.0	0.0	0.0	4.887128000000001	4.758578999999999	0.0	0.0	6.732881000000002	6.212771999999999
7.1803665500000005	82.26	84.05	1.2786759999999995	0.7616970000000002	0.281989	0.23163699999999993	0.23976399999999992	0.199326	0.296882	0.17923399999999995	0.04949429999999999	0.18444099999999997	0.0307472	0.16649399999999998	0.023390099999999997	0.03536760000000002	0.029266999999999994	0.152197	0.0491622	0.15642499999999998	0.8186349999999999	0.6101969999999999	0.1820608	0.6949245999999999	2.2793717999999994	2.0668186	1.0741429999999998	1.0344770000000005	0.1361711	0.1389244	0.1694419	0.1754368	0.9142310000000002	0.955914	0.0	0.0	0.0	0.0	0.0	0.0	0.0	0.0	0.0	0.0	1.2198440000000002	1.2702752	0.0	0.0	2.293987	2.3047522000000007	1.7977989999999997	1.5276519999999993	1.2038370000000007	1.289244	1.2517430000000005	1.302921	2.0508089999999997	2.256957999999999	0.0	0.0	0.0	0.0	0.0	0.0	0.0	0.0	0.0	0.0	4.506389	4.849122999999999	0.0	0.0	6.304188000000001	6.3767749999999985
7.28636655	77.48	79.01	1.3126870000000004	0.7567990000000001	0.27643399999999985	0.22246100000000002	0.244594	0.18957700000000005	0.36570899999999995	0.23845099999999997	0.04359889999999999	0.164566	0.0305101	0.14352499999999999	0.024360200000000005	0.032824900000000004	0.027138300000000004	0.13629329999999998	0.0471064	0.13743200000000003	0.8867369999999998	0.6504890000000001	0.1727139	0.6146412	2.3721379000000002	2.0219292	1.060191	0.9962490000000002	0.12089389999999997	0.12750109999999998	0.15760380000000002	0.1623166	0.8461609999999999	0.8922140000000002	0.0	0.0	0.0	0.0	0.0	0.0	0.0	0.0	0.0	0.0	1.1246587	1.1820317000000002	0.0	0.0	2.1848497	2.1782807	1.7661490000000004	1.4731120000000004	1.0979669999999992	1.1362180000000004	1.1067079999999994	1.1444649999999994	1.8815200000000007	2.0898250000000003	0.0	0.0	0.0	0.0	0.0	0.0	0.0	0.0	0.0	0.0	4.086194999999999	4.370508	0.0	0.0	5.8523439999999995	5.8436200000000005
7.391366549999999	83.46	74.59	1.652735	0.7730770000000002	0.3400199999999999	0.22176599999999996	0.30850900000000003	0.20064000000000004	0.43453499999999995	0.27890600000000004	0.04732430000000001	0.14007899999999998	0.034650099999999996	0.12722499999999998	0.0321016	0.032924300000000004	0.032263899999999984	0.122995	0.05354859999999998	0.12016300000000006	1.0830639999999998	0.701312	0.19988849999999997	0.5433863	2.9356875	2.0177753000000003	1.2657920000000007	1.0040629999999995	0.12513629999999995	0.11387220000000006	0.16980089999999998	0.15031269999999997	0.9296449999999999	0.8386239999999997	0.0	0.0	0.0	0.0	0.0	0.0	0.0	0.0	0.0	0.0	1.2245822	1.1028088999999996	0.0	0.0	2.4903742000000006	2.1068718999999994	2.087345	1.4746469999999998	1.2533460000000005	1.0482799999999994	1.2030560000000003	1.0359169999999998	2.0857869999999994	1.8983860000000006	0.0	0.0	0.0	0.0	0.0	0.0	0.0	0.0	0.0	0.0	4.5421890000000005	3.982583	0.0	0.0	6.6295340000000005	5.457229999999999
7.496366549999999	97.18	81.86	2.186305999999999	1.0189510000000002	0.44632099999999986	0.26612699999999995	0.411502	0.25408400000000003	0.5226639999999999	0.3257439999999998	0.06069319999999999	0.14408700000000002	0.04076250000000001	0.13312599999999997	0.04218510000000001	0.0425501	0.04229650000000001	0.1337483	0.06582369999999996	0.126092	1.3804869999999998	0.8459549999999998	0.25176099999999996	0.5796034	3.818553999999999	2.4445094	1.6237300000000001	1.2134130000000005	0.15481389999999995	0.12195119999999995	0.2051037	0.1671133999999999	1.1347270000000007	0.936545	0.0	0.0	0.0	0.0	0.0	0.0	0.0	0.0	0.0	0.0	1.4946446000000007	1.2256095999999999	0.0	0.0	3.118374600000001	2.4390226000000004	2.630053000000001	1.7786220000000008	1.5181319999999998	1.1903910000000002	1.5089090000000003	1.1416159999999995	2.5992300000000004	2.1174899999999988	0.0	0.0	0.0	0.0	0.0	0.0	0.0	0.0	0.0	0.0	5.626271000000001	4.449496999999998	0.0	0.0	8.256324000000001	6.2281189999999995
7.602366549999999	104.6	95.17	2.567938	1.3925619999999999	0.5134850000000001	0.33925799999999995	0.4839040000000001	0.3274469999999999	0.545896	0.38632700000000003	0.0702137	0.16989	0.04309699999999999	0.14733000000000002	0.045880199999999996	0.05600999999999998	0.047409299999999995	0.15434200000000003	0.0723009	0.14897699999999994	1.5432850000000002	1.053032	0.2789011	0.676549	4.3901241	3.122143	1.8330910000000002	1.5278470000000004	0.17839249999999995	0.14901419999999996	0.22933550000000016	0.20220039999999997	1.2614279999999998	1.1324260000000004	0.0	0.0	0.0	0.0	0.0	0.0	0.0	0.0	0.0	0.0	1.6691559999999999	1.4836406000000002	0.0	0.0	3.502247	3.0114876000000006	2.920413000000001	2.2321879999999994	1.6270800000000003	1.3900719999999998	1.7454709999999998	1.3847440000000004	2.9253500000000012	2.6278300000000008	0.0	0.0	0.0	0.0	0.0	0.0	0.0	0.0	0.0	0.0	6.297901000000001	5.402646000000001	0.0	0.0	9.218314000000003	7.634834000000001
7.70736655	100.7	101.5	2.607964	1.61689	0.48509399999999986	0.399116	0.468359	0.37394900000000003	0.47435899999999986	0.399026	0.06899269999999998	0.18617999999999996	0.04096430000000001	0.145116	0.041443999999999995	0.060764699999999984	0.0448217	0.159114	0.06703539999999998	0.16201099999999993	1.4278119999999999	1.172091	0.26325809999999994	0.7131856999999999	4.2990341	3.5021667	1.7237480000000007	1.7027490000000007	0.170604	0.16518110000000005	0.22265610000000008	0.2201718	1.1892259999999997	1.2481869999999993	0.0	0.0	0.0	0.0	0.0	0.0	0.0	0.0	0.0	0.0	1.5824860999999997	1.6335398999999993	0.0	0.0	3.3062341000000006	3.3362889	2.726927999999999	2.4646319999999995	1.516217999999999	1.4570600000000002	1.6943620000000006	1.563271	2.821589999999999	2.9061299999999983	0.0	0.0	0.0	0.0	0.0	0.0	0.0	0.0	0.0	0.0	6.032169999999999	5.926460999999999	0.0	0.0	8.759097999999998	8.391092999999998
7.81336655	85.24	97.94	2.1587949999999996	1.6337400000000002	0.36119499999999993	0.38821500000000014	0.3580689999999999	0.354439	0.39002799999999993	0.344609	0.057685099999999996	0.17909699999999995	0.03549970000000001	0.12680600000000003	0.030914500000000004	0.0537095	0.0378548	0.144776	0.05201110000000001	0.14889299999999994	1.1092919999999997	1.087263	0.21396520000000002	0.6532815	3.482052199999999	3.3742845000000004	1.3433140000000001	1.5874280000000003	0.13632670000000008	0.1539352	0.185222	0.20564810000000008	0.9390789999999997	1.1746689999999997	0.0	0.0	0.0	0.0	0.0	0.0	0.0	0.0	0.0	0.0	1.2606276999999997	1.5342523	0.0	0.0	2.6039417	3.1216803	2.1038319999999997	2.314211000000002	1.2148720000000002	1.3715330000000001	1.3377279999999994	1.5138029999999998	2.2966800000000003	2.758400000000001	0.0	0.0	0.0	0.0	0.0	0.0	0.0	0.0	0.0	0.0	4.84928	5.6437360000000005	0.0	0.0	6.953111999999999	7.9579470000000025
7.91836655	55.66	82.58	1.2813519999999996	1.375887	0.19608299999999995	0.285746	0.19997669999999995	0.267658	0.27808400000000005	0.2739770000000001	0.03642719999999999	0.14334979999999997	0.024413999999999998	0.09966750000000002	0.017288600000000005	0.0394079	0.025320099999999998	0.11459699999999998	0.030733600000000007	0.1103686	0.6741436999999999	0.8273810000000001	0.1341835	0.5073907999999999	2.0896791999999995	2.7106588	0.7944049999999998	1.20238	0.08409230000000004	0.1197089	0.1169249	0.1629963999999999	0.5639229999999998	0.9057609999999997	0.0	0.0	0.0	0.0	0.0	0.0	0.0	0.0	0.0	0.0	0.7649401999999998	1.1884662999999995	0.0	0.0	1.5593451999999997	2.3908462999999998	1.2186599999999999	1.791236999999999	0.7402150000000002	1.0915519999999999	0.7959029999999998	1.1811030000000005	1.4020649999999997	2.2072700000000003	0.0	0.0	0.0	0.0	0.0	0.0	0.0	0.0	0.0	0.0	2.9381829999999995	4.479925000000001	0.0	0.0	4.156842999999999	6.2711619999999995
8.02436655	20.77	50.84	0.4204177000000001	0.7993220000000001	0.059669300000000015	0.14345219999999995	0.06307940000000001	0.14708429999999995	0.11599039999999998	0.17674800000000002	0.012885100000000003	0.0814254	0.009781849999999998	0.05985700000000002	0.005481380000000002	0.0215071	0.00959239	0.0678997	0.010374699999999999	0.05855250000000001	0.2387391	0.4672844999999999	0.04811542	0.28924170000000005	0.7072722200000001	1.5558482	0.26747550000000003	0.665744	0.029801630000000006	0.06886836000000002	0.041377149999999994	0.09628301	0.19203989999999996	0.503909	0.0	0.0	0.0	0.0	0.0	0.0	0.0	0.0	0.0	0.0	0.26321868	0.6690603700000001	0.0	0.0	0.53069418	1.33480437	0.3997637	0.9943159999999994	0.2531116	0.617237	0.2765909	0.6619149999999998	0.47834799999999994	1.274075	0.0	0.0	0.0	0.0	0.0	0.0	0.0	0.0	0.0	0.0	1.0080505	2.5532269999999997	0.0	0.0	1.4078141999999998	3.5475429999999992
8.12936655	0.6851	16.56	-0.003401202	0.23448770000000002	-0.0026068737999999994	0.03649789999999999	-0.0016676312999999998	0.044723199999999984	0.007291719999999999	0.06258620000000001	0.00014233319000000002	0.023806299999999992	0.0005909365	0.019472440000000004	-0.00014316779999999998	0.006273160000000002	0.00030993829999999994	0.021936300000000006	-3.214119999999999e-05	0.0162273	0.0030172148999999997	0.14380729999999997	0.0008678989899999999	0.0877155	0.0004839118899999998	0.4660105	-0.0015007048999999997	0.19978129999999997	0.00039582686999999983	0.021328799999999995	0.00038213155100000004	0.030897390000000014	-0.0005639191999999999	0.14774840000000003	0.0	0.0	0.0	0.0	0.0	0.0	0.0	0.0	0.0	0.0	0.00021403922099999995	0.19997459000000004	0.0	0.0	-0.0012866656789999997	0.39975589	-0.005685659699999998	0.2876857000000001	-0.0008068547	0.17998159999999996	0.0042126279999999995	0.20145329999999995	-0.0011507193	0.379971	0.0	0.0	0.0	0.0	0.0	0.0	0.0	0.0	0.0	0.0	0.0022550539999999994	0.7614059	0.0	0.0	-0.0034306056999999987	1.0490916000000001
8.23536655	-2.577	-0.392	-0.057868800000000005	-0.015048849000000003	-0.009209739999999998	-0.004552765999999999	-0.009291210000000003	-0.0017640259999999997	-0.013302440000000002	-8.586999999999988e-05	-0.0016844800000000006	-0.001677113	-0.0011314130000000002	-0.0005203620000000001	-0.0008092420000000003	-0.0004469762910000001	-0.0011819979999999999	-0.0005056384	-0.0014336300000000002	-0.0014545317	-0.03180339	-0.006402661999999998	-0.006240763000000001	-0.004604621391	-0.09591295300000001	-0.026056132391000002	-0.0371142	-0.010436247399999996	-0.003920686999999999	-0.0009040770000000001	-0.005442075000000003	-0.0008732098999999996	-0.026366589999999992	-0.009876174300000007	0.0	0.0	0.0	0.0	0.0	0.0	0.0	0.0	0.0	0.0	-0.03572935199999999	-0.011653461200000007	0.0	0.0	-0.07284355199999999	-0.022089708600000004	-0.0568172	-0.020692975799999985	-0.0345796	-0.012489326899999998	-0.03671620000000001	-0.008320342100000003	-0.06501320000000001	-0.024577914000000006	0.0	0.0	0.0	0.0	0.0	0.0	0.0	0.0	0.0	0.0	-0.136309	-0.04538758300000001	0.0	0.0	-0.19312620000000003	-0.0660805588
8.34036655	-0.983	-2.312	-0.02098748	-0.03577529999999999	-0.0031709200000000002	-0.0066038	-0.00327893	-0.006746779999999998	-0.005290900000000001	-0.008345749999999999	-0.000616534	-0.00373311	-0.00045556000000000004	-0.0027903299999999997	-0.000286286	-0.001009397	-0.00044564800000000004	-0.00312387	-0.0005203099999999998	-0.0027142000000000004	-0.011740750000000001	-0.021696329999999996	-0.002324338	-0.013370907	-0.035052568	-0.07084253699999998	-0.013360899999999992	-0.03078360000000002	-0.0014495579999999999	-0.0031736369999999987	-0.001978133	-0.004443162000000002	-0.009489249999999998	-0.023271600000000017	0.0	0.0	0.0	0.0	0.0	0.0	0.0	0.0	0.0	0.0	-0.012916940999999998	-0.030888399000000018	0.0	0.0	-0.02627784099999999	-0.06167199900000004	-0.02028801	-0.04568109999999999	-0.01239087	-0.028225800000000013	-0.013852800000000004	-0.030203760000000007	-0.023355999999999988	-0.058633999999999985	0.0	0.0	0.0	0.0	0.0	0.0	0.0	0.0	0.0	0.0	-0.04959966999999999	-0.11706356000000001	0.0	0.0	-0.06988768	-0.16274465999999999
8.44636655	-0.165	-0.8027	-0.003505021	-0.01181036	-0.0005107870000000002	-0.0020944300000000004	-0.0005367360000000001	-0.0023674200000000003	-0.000891464	-0.0029524500000000014	-0.0001015761	-0.00121849	-7.79143e-05	-0.000966409	-4.700049999999999e-05	-0.00033321900000000016	-7.412600000000003e-05	-0.0011001729999999999	-8.602919999999999e-05	-0.0008850329999999998	-0.0019389870000000003	-0.007414300000000002	-0.0003866461	-0.0045033239999999995	-0.005830654100000001	-0.023727984000000004	-0.0021945380000000007	-0.010481810000000005	-0.0002407388	-0.0010855270000000002	-0.0003237135000000003	-0.0015429450000000002	-0.0015545160000000006	-0.007700829999999999	0.0	0.0	0.0	0.0	0.0	0.0	0.0	0.0	0.0	0.0	-0.0021189683000000007	-0.010329301999999999	0.0	0.0	-0.004313506300000001	-0.020811112000000003	-0.0033309389999999998	-0.01504721	-0.0020229569999999997	-0.00928479	-0.0023403720000000007	-0.01048978	-0.00382385	-0.019169900000000007	0.0	0.0	0.0	0.0	0.0	0.0	0.0	0.0	0.0	0.0	-0.008187179000000001	-0.03894447000000001	0.0	0.0	-0.011518118	-0.05399168000000001
8.55136655	-0.0146	-0.1306	-0.0003135566000000001	-0.0018842120000000003	-4.4125599999999996e-05	-0.00032960099999999995	-4.707689999999998e-05	-0.000392265	-7.829150000000001e-05	-0.0004776189999999998	-8.895019999999998e-06	-0.00019185800000000002	-6.936709999999999e-06	-0.0001562885	-4.13674e-06	-5.2894200000000006e-05	-6.523959999999998e-06	-0.00018078500000000004	-7.577209999999997e-06	-0.00014078700000000002	-0.000169494	-0.0011994849999999997	-3.406963999999999e-05	-0.0007226127000000001	-0.00051712024	-0.0038063097	-0.00019222269999999997	-0.0016991439999999997	-2.12384e-05	-0.00017603280000000004	-2.815070000000001e-05	-0.00025090900000000006	-0.00013575850000000002	-0.0012257750000000003	0.0	0.0	0.0	0.0	0.0	0.0	0.0	0.0	0.0	0.0	-0.00018514760000000002	-0.0016527168000000005	0.0	0.0	-0.0003773703	-0.0033518608	-0.00029237979999999995	-0.002396030000000001	-0.00017623859999999996	-0.0014754410000000005	-0.00020936350000000002	-0.00172304	-0.000334149	-0.003013570000000001	0.0	0.0	0.0	0.0	0.0	0.0	0.0	0.0	0.0	0.0	-0.0007197511	-0.006212051000000001	0.0	0.0	-0.0010121308999999998	-0.008608081000000002
8.657366549999999	-0.0007167	-0.01148	-1.567184999999999e-05	-0.0001640522	-2.12868e-06	-2.84897e-05	-2.3077999999999997e-06	-3.505470000000001e-05	-3.793339999999999e-06	-4.14204e-05	-4.3385800000000005e-07	-1.6468380000000005e-05	-3.3990599999999997e-07	-1.3613159999999996e-05	-2.0351469999999998e-07	-4.56465e-06	-3.1946500000000006e-07	-1.5983600000000004e-05	-3.7167199999999994e-07	-1.2240639999999997e-05	-8.229819999999998e-06	-0.00010496480000000001	-1.6684157e-06	-6.287043e-05	-2.557008569999999e-05	-0.00033188743	-9.388229999999991e-06	-0.00014914990000000007	-1.0435309999999992e-06	-1.5460989999999996e-05	-1.363618e-06	-2.2001369999999987e-05	-6.612330000000001e-06	-0.00010618619999999999	0.0	0.0	0.0	0.0	0.0	0.0	0.0	0.0	0.0	0.0	-9.019479e-06	-0.00014364855999999998	0.0	0.0	-1.840770899999999e-05	-0.00029279846000000004	-1.4326950000000007e-05	-0.00020806510000000001	-8.570910000000002e-06	-0.00012788129999999993	-1.0400900000000004e-05	-0.00015277299999999993	-1.6300299999999997e-05	-0.0002582209000000002	0.0	0.0	0.0	0.0	0.0	0.0	0.0	0.0	0.0	0.0	-3.5272110000000005e-05	-0.0005388752	0.0	0.0	-4.959906000000001e-05	-0.0007469403000000001
8.76236655	-1.99e-05	-0.0005666	-4.44556e-07	-8.048720000000001e-06	-5.827190000000001e-08	-1.390551e-06	-6.427079999999998e-08	-1.752075e-06	-1.0368940000000002e-07	-2.01134e-06	-1.1999709999999994e-08	-7.966529999999999e-07	-9.37657e-09	-6.6435e-07	-5.686709999999999e-09	-2.2164700000000003e-07	-8.872200000000004e-09	-7.90337e-07	-1.0327310000000002e-08	-5.999219999999997e-07	-2.262321e-07	-5.1539660000000005e-06	-4.62625e-08	-3.072909e-06	-7.170506e-07	-1.6275595e-05	-2.6010819999999995e-07	-7.345039999999999e-06	-2.907770000000001e-08	-7.624158e-07	-3.746512999999998e-08	-1.0813408000000003e-06	-1.827821000000001e-07	-5.178039999999998e-06	0.0	0.0	0.0	0.0	0.0	0.0	0.0	0.0	0.0	0.0	-2.493249300000001e-07	-7.021796599999998e-06	0.0	0.0	-5.094331300000001e-07	-1.4366836599999997e-05	-3.9853830000000015e-07	-1.0179950000000006e-05	-2.367191e-07	-6.246009999999999e-06	-2.923613e-07	-7.581189999999999e-06	-4.5151400000000027e-07	-1.2480609999999996e-05	0.0	0.0	0.0	0.0	0.0	0.0	0.0	0.0	0.0	0.0	-9.805944000000002e-07	-2.6307809999999993e-05	0.0	0.0	-1.3791327000000005e-06	-3.648776e-05
8.86736655	-3.154e-07	-1.59e-05	-7.2062e-09	-2.248777e-07	-9.1188e-10	-3.8685299999999995e-08	-1.0240969999999995e-09	-4.961830000000002e-08	-1.61531e-09	-5.5530399999999984e-08	-1.8972970000000003e-10	-2.19638e-08	-1.471649e-10	-1.842169999999999e-08	-9.08848e-11	-6.129299999999999e-09	-1.4085350000000001e-10	-2.2158400000000007e-08	-1.6378399999999996e-10	-1.6745300000000002e-08	-3.5512869999999995e-09	-1.43834e-07	-7.324169e-10	-8.54185e-08	-1.14899039e-08	-4.541302e-07	-4.11901e-09	-2.0547289999999996e-07	-4.631360999999999e-10	-2.1369779999999998e-08	-5.884787999999997e-10	-3.0196090000000003e-08	-2.889335000000001e-09	-1.4377490000000004e-07	0.0	0.0	0.0	0.0	0.0	0.0	0.0	0.0	0.0	0.0	-3.940949900000001e-09	-1.9534077000000004e-07	0.0	0.0	-8.059959900000001e-09	-4.0081366999999997e-07	-6.3393090000000014e-09	-2.837063e-07	-3.740548000000001e-09	-1.7378010000000008e-07	-4.689389999999999e-09	-2.1330020000000002e-07	-7.1546200000000015e-09	-3.441613000000002e-07	0.0	0.0	0.0	0.0	0.0	0.0	0.0	0.0	0.0	0.0	-1.5584558e-08	-7.312416000000003e-07	0.0	0.0	-2.1923867000000002e-08	-1.0149479000000003e-06
8.97336655	-2.864e-09	-2.549e-07	-6.695559999999997e-11	-3.591491e-09	-8.18624e-12	-6.155000000000002e-10	-9.367500000000003e-12	-8.005269999999997e-10	-1.4413950000000004e-11	-8.767470000000001e-10	-1.7209650000000002e-12	-3.4649000000000006e-10	-1.3214129999999994e-12	-2.91818e-10	-8.33439e-13	-9.69662e-11	-1.28295e-12	-3.54237e-10	-1.4880400000000002e-12	-2.672200000000001e-10	-3.1967690000000005e-11	-2.292774e-09	-6.6468069999999995e-12	-1.3567312e-09	-1.0557009699999999e-10	-7.2409962e-09	-3.7415869999999967e-11	-3.2814769999999996e-09	-4.2315899999999965e-12	-3.4204869999999997e-10	-5.303789000000002e-12	-4.816617000000001e-10	-2.6208889999999992e-11	-2.2828540000000015e-09	0.0	0.0	0.0	0.0	0.0	0.0	0.0	0.0	0.0	0.0	-3.574426899999999e-11	-3.1065644000000015e-09	0.0	0.0	-7.316013899999995e-11	-6.3880414000000015e-09	-5.785890000000003e-11	-4.5214750000000005e-09	-3.3928820000000003e-11	-2.764772000000002e-09	-4.3095659999999994e-11	-3.4208120000000005e-09	-6.506669999999996e-11	-5.436079999999996e-09	0.0	0.0	0.0	0.0	0.0	0.0	0.0	0.0	0.0	0.0	-1.4209117999999995e-10	-1.1621663999999999e-08	0.0	0.0	-1.9995007999999999e-10	-1.6143139e-08
9.07836655	-1.494e-11	-2.339e-09	-3.5712839999999995e-13	-3.2832330000000005e-11	-4.224689999999999e-14	-5.60759e-12	-4.925380000000001e-14	-7.375190000000002e-12	-7.386710000000001e-14	-7.932690000000002e-12	-8.971899999999999e-15	-3.131802000000001e-12	-6.80874e-15	-2.646709999999999e-12	-4.3917299999999985e-15	-8.791480000000001e-13	-6.713889999999999e-15	-3.2366400000000006e-12	-7.760340000000002e-15	-2.4413800000000006e-12	-1.6536780000000002e-13	-2.0915470000000006e-11	-3.4646599999999996e-14	-1.2335680000000002e-11	-5.571428e-13	-6.608348000000001e-11	-1.9527850000000012e-13	-2.997833999999996e-11	-2.221281999999999e-14	-3.132679e-12	-2.7476229999999988e-14	-4.397657e-12	-1.3664690000000003e-13	-2.0759150000000002e-11	0.0	0.0	0.0	0.0	0.0	0.0	0.0	0.0	0.0	0.0	-1.8633595e-13	-2.8289486e-11	0.0	0.0	-3.816144500000001e-13	-5.826782599999997e-11	-3.0348220000000014e-13	-4.126326000000003e-11	-1.7691280000000003e-13	-2.518779000000001e-11	-2.273853999999999e-13	-3.134513999999999e-11	-3.401624000000002e-13	-4.924419999999998e-11	0.0	0.0	0.0	0.0	0.0	0.0	0.0	0.0	0.0	0.0	-7.444606000000002e-13	-1.0577712999999998e-10	0.0	0.0	-1.0479428000000003e-12	-1.4704039000000002e-10
9.18436655	-4.369e-14	-1.229e-11	-1.0841550000000002e-15	-1.7185430000000003e-13	-1.2144189999999999e-16	-2.92656e-14	-1.464031e-16	-3.884492000000002e-14	-2.1132000000000007e-16	-4.11554e-14	-2.6191199999999997e-17	-1.6223419999999993e-14	-1.9782690000000004e-17	-1.375357e-14	-1.303838e-17	-4.5698699999999995e-15	-1.9760509999999997e-17	-1.691856e-14	-2.29046e-17	-1.2775919999999998e-14	-4.791650000000001e-16	-1.0926592000000003e-13	-1.0167738e-16	-6.424133999999999e-14	-1.6649973800000003e-15	-3.4536156000000003e-13	-5.716000000000001e-16	-1.567854000000001e-13	-6.541309000000001e-17	-1.6426409999999995e-14	-7.937949999999999e-17	-2.3001360000000007e-14	-3.991708999999999e-16	-1.0816769999999997e-13	0.0	0.0	0.0	0.0	0.0	0.0	0.0	0.0	0.0	0.0	-5.439634899999999e-16	-1.4759546999999997e-13	0.0	0.0	-1.1155634899999999e-15	-3.0438087000000007e-13	-8.967319e-16	-2.1571729999999992e-13	-5.188039999999997e-16	-1.314524e-13	-6.787600000000001e-16	-1.6427460000000005e-13	-9.97696e-16	-2.5587590000000007e-13	0.0	0.0	0.0	0.0	0.0	0.0	0.0	0.0	0.0	0.0	-2.1952599999999997e-15	-5.516029000000002e-13	0.0	0.0	-3.0919918999999996e-15	-7.673202e-13
9.28936655	0.0	-3.632e-14	0.0	-5.014412e-16	0.0	-8.588709999999999e-17	0.0	-1.1470980000000006e-16	0.0	-1.2024490000000001e-16	0.0	-4.732359999999999e-17	0.0	-4.0091799999999986e-17	0.0	-1.3169029999999999e-17	0.0	-4.9586900000000005e-17	0.0	-3.773049999999999e-17	0.0	-3.2084180000000007e-16	0.0	-1.8790182999999997e-16	0.0	-1.01018483e-15	0.0	-4.610720999999999e-16	0.0	-4.8364189999999996e-17	0.0	-6.731359000000001e-17	0.0	-3.1701720000000013e-16	0.0	0.0	0.0	0.0	0.0	0.0	0.0	0.0	0.0	0.0	0.0	-4.3269498000000013e-16	0.0	0.0	0.0	-8.9376708e-16	0.0	-6.313378999999999e-16	0.0	-3.8537529999999997e-16	0.0	-4.827226000000002e-16	0.0	-7.448250000000004e-16	0.0	0.0	0.0	0.0	0.0	0.0	0.0	0.0	0.0	0.0	0.0	-1.6129229000000006e-15	0.0	0.0	0.0	-2.2442608000000006e-15
9.39536655	0.0	0.0	0.0	0.0	0.0	0.0	0.0	0.0	0.0	0.0	0.0	0.0	0.0	0.0	0.0	0.0	0.0	0.0	0.0	0.0	0.0	0.0	0.0	0.0	0.0	0.0	0.0	0.0	0.0	0.0	0.0	0.0	0.0	0.0	0.0	0.0	0.0	0.0	0.0	0.0	0.0	0.0	0.0	0.0	0.0	0.0	0.0	0.0	0.0	0.0	0.0	0.0	0.0	0.0	0.0	0.0	0.0	0.0	0.0	0.0	0.0	0.0	0.0	0.0	0.0	0.0	0.0	0.0	0.0	0.0	0.0	0.0	0.0	0.0
9.500366549999999	0.0	0.0	0.0	0.0	0.0	0.0	0.0	0.0	0.0	0.0	0.0	0.0	0.0	0.0	0.0	0.0	0.0	0.0	0.0	0.0	0.0	0.0	0.0	0.0	0.0	0.0	0.0	0.0	0.0	0.0	0.0	0.0	0.0	0.0	0.0	0.0	0.0	0.0	0.0	0.0	0.0	0.0	0.0	0.0	0.0	0.0	0.0	0.0	0.0	0.0	0.0	0.0	0.0	0.0	0.0	0.0	0.0	0.0	0.0	0.0	0.0	0.0	0.0	0.0	0.0	0.0	0.0	0.0	0.0	0.0	0.0	0.0	0.0	0.0
9.60636655	0.0	0.0	0.0	0.0	0.0	0.0	0.0	0.0	0.0	0.0	0.0	0.0	0.0	0.0	0.0	0.0	0.0	0.0	0.0	0.0	0.0	0.0	0.0	0.0	0.0	0.0	0.0	0.0	0.0	0.0	0.0	0.0	0.0	0.0	0.0	0.0	0.0	0.0	0.0	0.0	0.0	0.0	0.0	0.0	0.0	0.0	0.0	0.0	0.0	0.0	0.0	0.0	0.0	0.0	0.0	0.0	0.0	0.0	0.0	0.0	0.0	0.0	0.0	0.0	0.0	0.0	0.0	0.0	0.0	0.0	0.0	0.0	0.0	0.0
9.71136655	0.0	0.0	0.0	0.0	0.0	0.0	0.0	0.0	0.0	0.0	0.0	0.0	0.0	0.0	0.0	0.0	0.0	0.0	0.0	0.0	0.0	0.0	0.0	0.0	0.0	0.0	0.0	0.0	0.0	0.0	0.0	0.0	0.0	0.0	0.0	0.0	0.0	0.0	0.0	0.0	0.0	0.0	0.0	0.0	0.0	0.0	0.0	0.0	0.0	0.0	0.0	0.0	0.0	0.0	0.0	0.0	0.0	0.0	0.0	0.0	0.0	0.0	0.0	0.0	0.0	0.0	0.0	0.0	0.0	0.0	0.0	0.0	0.0	0.0
9.81736655	0.0	0.0	0.0	0.0	0.0	0.0	0.0	0.0	0.0	0.0	0.0	0.0	0.0	0.0	0.0	0.0	0.0	0.0	0.0	0.0	0.0	0.0	0.0	0.0	0.0	0.0	0.0	0.0	0.0	0.0	0.0	0.0	0.0	0.0	0.0	0.0	0.0	0.0	0.0	0.0	0.0	0.0	0.0	0.0	0.0	0.0	0.0	0.0	0.0	0.0	0.0	0.0	0.0	0.0	0.0	0.0	0.0	0.0	0.0	0.0	0.0	0.0	0.0	0.0	0.0	0.0	0.0	0.0	0.0	0.0	0.0	0.0	0.0	0.0
9.92236655	0.0	0.0	0.0	0.0	0.0	0.0	0.0	0.0	0.0	0.0	0.0	0.0	0.0	0.0	0.0	0.0	0.0	0.0	0.0	0.0	0.0	0.0	0.0	0.0	0.0	0.0	0.0	0.0	0.0	0.0	0.0	0.0	0.0	0.0	0.0	0.0	0.0	0.0	0.0	0.0	0.0	0.0	0.0	0.0	0.0	0.0	0.0	0.0	0.0	0.0	0.0	0.0	0.0	0.0	0.0	0.0	0.0	0.0	0.0	0.0	0.0	0.0	0.0	0.0	0.0	0.0	0.0	0.0	0.0	0.0	0.0	0.0	0.0	0.0
10.02836655	0.0	0.0	0.0	0.0	0.0	0.0	0.0	0.0	0.0	0.0	0.0	0.0	0.0	0.0	0.0	0.0	0.0	0.0	0.0	0.0	0.0	0.0	0.0	0.0	0.0	0.0	0.0	0.0	0.0	0.0	0.0	0.0	0.0	0.0	0.0	0.0	0.0	0.0	0.0	0.0	0.0	0.0	0.0	0.0	0.0	0.0	0.0	0.0	0.0	0.0	0.0	0.0	0.0	0.0	0.0	0.0	0.0	0.0	0.0	0.0	0.0	0.0	0.0	0.0	0.0	0.0	0.0	0.0	0.0	0.0	0.0	0.0	0.0	0.0
