source_path	size_bytes	status	action	reason
.codex\tmp-paramiko-clean\codex-paramiko\cryptography\hazmat\primitives\serialization\__pycache__\__init__.cpython-313.pyc	1405	historical_dataset	manifest_only	Outside the curated CoOOH archive selection.
.codex\tmp-paramiko-clean\codex-paramiko\cryptography\hazmat\primitives\serialization\__pycache__\base.cpython-313.pyc	870	historical_dataset	manifest_only	Outside the curated CoOOH archive selection.
.codex\tmp-paramiko-clean\codex-paramiko\cryptography\hazmat\primitives\serialization\__pycache__\pkcs12.cpython-313.pyc	6880	historical_dataset	manifest_only	Outside the curated CoOOH archive selection.
.codex\tmp-paramiko-clean\codex-paramiko\cryptography\hazmat\primitives\serialization\__pycache__\pkcs7.cpython-313.pyc	17572	historical_dataset	manifest_only	Outside the curated CoOOH archive selection.
.codex\tmp-paramiko-clean\codex-paramiko\cryptography\hazmat\primitives\serialization\__pycache__\ssh.cpython-313.pyc	68146	historical_dataset	manifest_only	Outside the curated CoOOH archive selection.
.codex\tmp-paramiko-clean\codex-paramiko\cryptography\hazmat\primitives\serialization\base.py	615	historical_dataset	manifest_only	Outside the curated CoOOH archive selection.
.codex\tmp-paramiko-clean\codex-paramiko\cryptography\hazmat\primitives\serialization\pkcs12.py	5104	historical_dataset	manifest_only	Outside the curated CoOOH archive selection.
.codex\tmp-paramiko-clean\codex-paramiko\cryptography\hazmat\primitives\serialization\pkcs7.py	13998	historical_dataset	manifest_only	Outside the curated CoOOH archive selection.
.codex\tmp-paramiko-clean\codex-paramiko\cryptography\hazmat\primitives\serialization\ssh.py	53789	historical_dataset	manifest_only	Outside the curated CoOOH archive selection.
.codex\tmp-paramiko-clean\codex-paramiko\cryptography\hazmat\primitives\twofactor\__init__.py	258	historical_dataset	manifest_only	Outside the curated CoOOH archive selection.
.codex\tmp-paramiko-clean\codex-paramiko\cryptography\hazmat\primitives\twofactor\__pycache__\__init__.cpython-313.pyc	537	historical_dataset	manifest_only	Outside the curated CoOOH archive selection.
.codex\tmp-paramiko-clean\codex-paramiko\cryptography\hazmat\primitives\twofactor\__pycache__\hotp.cpython-313.pyc	5307	historical_dataset	manifest_only	Outside the curated CoOOH archive selection.
.codex\tmp-paramiko-clean\codex-paramiko\cryptography\hazmat\primitives\twofactor\__pycache__\totp.cpython-313.pyc	2618	historical_dataset	manifest_only	Outside the curated CoOOH archive selection.
.codex\tmp-paramiko-clean\codex-paramiko\cryptography\hazmat\primitives\twofactor\hotp.py	3256	historical_dataset	manifest_only	Outside the curated CoOOH archive selection.
.codex\tmp-paramiko-clean\codex-paramiko\cryptography\hazmat\primitives\twofactor\totp.py	1652	historical_dataset	manifest_only	Outside the curated CoOOH archive selection.
.codex\tmp-paramiko-clean\codex-paramiko\cryptography\py.typed	0	historical_dataset	manifest_only	Outside the curated CoOOH archive selection.
.codex\tmp-paramiko-clean\codex-paramiko\cryptography\utils.py	4281	historical_dataset	manifest_only	Outside the curated CoOOH archive selection.
.codex\tmp-paramiko-clean\codex-paramiko\cryptography\x509\__init__.py	8273	historical_dataset	manifest_only	Outside the curated CoOOH archive selection.
.codex\tmp-paramiko-clean\codex-paramiko\cryptography\x509\__pycache__\__init__.cpython-313.pyc	8490	historical_dataset	manifest_only	Outside the curated CoOOH archive selection.
.codex\tmp-paramiko-clean\codex-paramiko\cryptography\x509\__pycache__\base.cpython-313.pyc	30964	historical_dataset	manifest_only	Outside the curated CoOOH archive selection.
.codex\tmp-paramiko-clean\codex-paramiko\cryptography\x509\__pycache__\certificate_transparency.cpython-313.pyc	1532	historical_dataset	manifest_only	Outside the curated CoOOH archive selection.
.codex\tmp-paramiko-clean\codex-paramiko\cryptography\x509\__pycache__\extensions.cpython-313.pyc	116246	historical_dataset	manifest_only	Outside the curated CoOOH archive selection.
.codex\tmp-paramiko-clean\codex-paramiko\cryptography\x509\__pycache__\general_name.cpython-313.pyc	13645	historical_dataset	manifest_only	Outside the curated CoOOH archive selection.
.codex\tmp-paramiko-clean\codex-paramiko\cryptography\x509\__pycache__\name.cpython-313.pyc	23782	historical_dataset	manifest_only	Outside the curated CoOOH archive selection.
.codex\tmp-paramiko-clean\codex-paramiko\cryptography\x509\__pycache__\ocsp.cpython-313.pyc	15521	historical_dataset	manifest_only	Outside the curated CoOOH archive selection.
.codex\tmp-paramiko-clean\codex-paramiko\cryptography\x509\__pycache__\oid.cpython-313.pyc	787	historical_dataset	manifest_only	Outside the curated CoOOH archive selection.
.codex\tmp-paramiko-clean\codex-paramiko\cryptography\x509\__pycache__\verification.cpython-313.pyc	1033	historical_dataset	manifest_only	Outside the curated CoOOH archive selection.
.codex\tmp-paramiko-clean\codex-paramiko\cryptography\x509\base.py	25998	historical_dataset	manifest_only	Outside the curated CoOOH archive selection.
.codex\tmp-paramiko-clean\codex-paramiko\cryptography\x509\certificate_transparency.py	797	historical_dataset	manifest_only	Outside the curated CoOOH archive selection.
.codex\tmp-paramiko-clean\codex-paramiko\cryptography\x509\extensions.py	77968	historical_dataset	manifest_only	Outside the curated CoOOH archive selection.
.codex\tmp-paramiko-clean\codex-paramiko\cryptography\x509\general_name.py	7836	historical_dataset	manifest_only	Outside the curated CoOOH archive selection.
.codex\tmp-paramiko-clean\codex-paramiko\cryptography\x509\name.py	15356	historical_dataset	manifest_only	Outside the curated CoOOH archive selection.
.codex\tmp-paramiko-clean\codex-paramiko\cryptography\x509\ocsp.py	12699	historical_dataset	manifest_only	Outside the curated CoOOH archive selection.
.codex\tmp-paramiko-clean\codex-paramiko\cryptography\x509\oid.py	931	historical_dataset	manifest_only	Outside the curated CoOOH archive selection.
.codex\tmp-paramiko-clean\codex-paramiko\cryptography\x509\verification.py	958	historical_dataset	manifest_only	Outside the curated CoOOH archive selection.
.codex\tmp-paramiko-clean\codex-paramiko\invoke-3.0.3.dist-info\entry_points.txt	81	historical_dataset	manifest_only	Outside the curated CoOOH archive selection.
.codex\tmp-paramiko-clean\codex-paramiko\invoke-3.0.3.dist-info\INSTALLER	4	historical_dataset	manifest_only	Outside the curated CoOOH archive selection.
.codex\tmp-paramiko-clean\codex-paramiko\invoke-3.0.3.dist-info\licenses\LICENSE	1314	historical_dataset	manifest_only	Outside the curated CoOOH archive selection.
.codex\tmp-paramiko-clean\codex-paramiko\invoke-3.0.3.dist-info\METADATA	3246	historical_dataset	manifest_only	Outside the curated CoOOH archive selection.
.codex\tmp-paramiko-clean\codex-paramiko\invoke-3.0.3.dist-info\RECORD	7549	historical_dataset	manifest_only	Outside the curated CoOOH archive selection.
.codex\tmp-paramiko-clean\codex-paramiko\invoke-3.0.3.dist-info\top_level.txt	7	historical_dataset	manifest_only	Outside the curated CoOOH archive selection.
.codex\tmp-paramiko-clean\codex-paramiko\invoke-3.0.3.dist-info\WHEEL	91	historical_dataset	manifest_only	Outside the curated CoOOH archive selection.
.codex\tmp-paramiko-clean\codex-paramiko\invoke\__init__.py	2212	historical_dataset	manifest_only	Outside the curated CoOOH archive selection.
.codex\tmp-paramiko-clean\codex-paramiko\invoke\__main__.py	47	historical_dataset	manifest_only	Outside the curated CoOOH archive selection.
.codex\tmp-paramiko-clean\codex-paramiko\invoke\__pycache__\__init__.cpython-313.pyc	2918	historical_dataset	manifest_only	Outside the curated CoOOH archive selection.
.codex\tmp-paramiko-clean\codex-paramiko\invoke\__pycache__\__main__.cpython-313.pyc	296	historical_dataset	manifest_only	Outside the curated CoOOH archive selection.
.codex\tmp-paramiko-clean\codex-paramiko\invoke\__pycache__\collection.cpython-313.pyc	25816	historical_dataset	manifest_only	Outside the curated CoOOH archive selection.
.codex\tmp-paramiko-clean\codex-paramiko\invoke\__pycache__\config.cpython-313.pyc	45225	historical_dataset	manifest_only	Outside the curated CoOOH archive selection.
.codex\tmp-paramiko-clean\codex-paramiko\invoke\__pycache__\context.cpython-313.pyc	22672	historical_dataset	manifest_only	Outside the curated CoOOH archive selection.
.codex\tmp-paramiko-clean\codex-paramiko\invoke\__pycache__\env.cpython-313.pyc	5630	historical_dataset	manifest_only	Outside the curated CoOOH archive selection.
.codex\tmp-paramiko-clean\codex-paramiko\invoke\__pycache__\exceptions.cpython-313.pyc	17201	historical_dataset	manifest_only	Outside the curated CoOOH archive selection.
.codex\tmp-paramiko-clean\codex-paramiko\invoke\__pycache__\executor.cpython-313.pyc	8591	historical_dataset	manifest_only	Outside the curated CoOOH archive selection.
.codex\tmp-paramiko-clean\codex-paramiko\invoke\__pycache__\loader.cpython-313.pyc	7112	historical_dataset	manifest_only	Outside the curated CoOOH archive selection.
.codex\tmp-paramiko-clean\codex-paramiko\invoke\__pycache__\main.cpython-313.pyc	472	historical_dataset	manifest_only	Outside the curated CoOOH archive selection.
.codex\tmp-paramiko-clean\codex-paramiko\invoke\__pycache__\program.cpython-313.pyc	38499	historical_dataset	manifest_only	Outside the curated CoOOH archive selection.
.codex\tmp-paramiko-clean\codex-paramiko\invoke\__pycache__\runners.cpython-313.pyc	61122	historical_dataset	manifest_only	Outside the curated CoOOH archive selection.
.codex\tmp-paramiko-clean\codex-paramiko\invoke\__pycache__\tasks.cpython-313.pyc	20867	historical_dataset	manifest_only	Outside the curated CoOOH archive selection.
.codex\tmp-paramiko-clean\codex-paramiko\invoke\__pycache__\terminals.cpython-313.pyc	8357	historical_dataset	manifest_only	Outside the curated CoOOH archive selection.
.codex\tmp-paramiko-clean\codex-paramiko\invoke\__pycache__\util.cpython-313.pyc	8730	historical_dataset	manifest_only	Outside the curated CoOOH archive selection.
.codex\tmp-paramiko-clean\codex-paramiko\invoke\__pycache__\watchers.cpython-313.pyc	5927	historical_dataset	manifest_only	Outside the curated CoOOH archive selection.
.codex\tmp-paramiko-clean\codex-paramiko\invoke\collection.py	23060	historical_dataset	manifest_only	Outside the curated CoOOH archive selection.
.codex\tmp-paramiko-clean\codex-paramiko\invoke\completion\__init__.py	0	historical_dataset	manifest_only	Outside the curated CoOOH archive selection.
.codex\tmp-paramiko-clean\codex-paramiko\invoke\completion\__pycache__\__init__.cpython-313.pyc	213	historical_dataset	manifest_only	Outside the curated CoOOH archive selection.
.codex\tmp-paramiko-clean\codex-paramiko\invoke\completion\__pycache__\complete.cpython-313.pyc	5815	historical_dataset	manifest_only	Outside the curated CoOOH archive selection.
.codex\tmp-paramiko-clean\codex-paramiko\invoke\completion\bash.completion	1356	historical_dataset	manifest_only	Outside the curated CoOOH archive selection.
.codex\tmp-paramiko-clean\codex-paramiko\invoke\completion\complete.py	5222	historical_dataset	manifest_only	Outside the curated CoOOH archive selection.
.codex\tmp-paramiko-clean\codex-paramiko\invoke\completion\fish.completion	382	historical_dataset	manifest_only	Outside the curated CoOOH archive selection.
.codex\tmp-paramiko-clean\codex-paramiko\invoke\completion\zsh.completion	1429	historical_dataset	manifest_only	Outside the curated CoOOH archive selection.
.codex\tmp-paramiko-clean\codex-paramiko\invoke\config.py	49648	historical_dataset	manifest_only	Outside the curated CoOOH archive selection.
.codex\tmp-paramiko-clean\codex-paramiko\invoke\context.py	25925	historical_dataset	manifest_only	Outside the curated CoOOH archive selection.
.codex\tmp-paramiko-clean\codex-paramiko\invoke\env.py	4394	historical_dataset	manifest_only	Outside the curated CoOOH archive selection.
.codex\tmp-paramiko-clean\codex-paramiko\invoke\exceptions.py	12227	historical_dataset	manifest_only	Outside the curated CoOOH archive selection.
.codex\tmp-paramiko-clean\codex-paramiko\invoke\executor.py	9045	historical_dataset	manifest_only	Outside the curated CoOOH archive selection.
.codex\tmp-paramiko-clean\codex-paramiko\invoke\loader.py	6010	historical_dataset	manifest_only	Outside the curated CoOOH archive selection.
.codex\tmp-paramiko-clean\codex-paramiko\invoke\main.py	235	historical_dataset	manifest_only	Outside the curated CoOOH archive selection.
.codex\tmp-paramiko-clean\codex-paramiko\invoke\parser\__init__.py	181	historical_dataset	manifest_only	Outside the curated CoOOH archive selection.
.codex\tmp-paramiko-clean\codex-paramiko\invoke\parser\__pycache__\__init__.cpython-313.pyc	409	historical_dataset	manifest_only	Outside the curated CoOOH archive selection.
.codex\tmp-paramiko-clean\codex-paramiko\invoke\parser\__pycache__\argument.cpython-313.pyc	7389	historical_dataset	manifest_only	Outside the curated CoOOH archive selection.
.codex\tmp-paramiko-clean\codex-paramiko\invoke\parser\__pycache__\context.cpython-313.pyc	12303	historical_dataset	manifest_only	Outside the curated CoOOH archive selection.
.codex\tmp-paramiko-clean\codex-paramiko\invoke\parser\__pycache__\parser.cpython-313.pyc	20776	historical_dataset	manifest_only	Outside the curated CoOOH archive selection.
.codex\tmp-paramiko-clean\codex-paramiko\invoke\parser\argument.py	6045	historical_dataset	manifest_only	Outside the curated CoOOH archive selection.
.codex\tmp-paramiko-clean\codex-paramiko\invoke\parser\context.py	9815	historical_dataset	manifest_only	Outside the curated CoOOH archive selection.
.codex\tmp-paramiko-clean\codex-paramiko\invoke\parser\parser.py	19809	historical_dataset	manifest_only	Outside the curated CoOOH archive selection.
.codex\tmp-paramiko-clean\codex-paramiko\invoke\program.py	38177	historical_dataset	manifest_only	Outside the curated CoOOH archive selection.
.codex\tmp-paramiko-clean\codex-paramiko\invoke\py.typed	0	historical_dataset	manifest_only	Outside the curated CoOOH archive selection.
.codex\tmp-paramiko-clean\codex-paramiko\invoke\runners.py	67359	historical_dataset	manifest_only	Outside the curated CoOOH archive selection.
.codex\tmp-paramiko-clean\codex-paramiko\invoke\tasks.py	20144	historical_dataset	manifest_only	Outside the curated CoOOH archive selection.
.codex\tmp-paramiko-clean\codex-paramiko\invoke\terminals.py	8148	historical_dataset	manifest_only	Outside the curated CoOOH archive selection.
.codex\tmp-paramiko-clean\codex-paramiko\invoke\util.py	10018	historical_dataset	manifest_only	Outside the curated CoOOH archive selection.
.codex\tmp-paramiko-clean\codex-paramiko\invoke\vendor\__init__.py	0	historical_dataset	manifest_only	Outside the curated CoOOH archive selection.
.codex\tmp-paramiko-clean\codex-paramiko\invoke\vendor\__pycache__\__init__.cpython-313.pyc	209	historical_dataset	manifest_only	Outside the curated CoOOH archive selection.
.codex\tmp-paramiko-clean\codex-paramiko\invoke\vendor\fluidity\__init__.py	196	historical_dataset	manifest_only	Outside the curated CoOOH archive selection.
.codex\tmp-paramiko-clean\codex-paramiko\invoke\vendor\fluidity\__pycache__\__init__.cpython-313.pyc	431	historical_dataset	manifest_only	Outside the curated CoOOH archive selection.
.codex\tmp-paramiko-clean\codex-paramiko\invoke\vendor\fluidity\__pycache__\backwardscompat.cpython-313.pyc	477	historical_dataset	manifest_only	Outside the curated CoOOH archive selection.
.codex\tmp-paramiko-clean\codex-paramiko\invoke\vendor\fluidity\__pycache__\machine.cpython-313.pyc	16924	historical_dataset	manifest_only	Outside the curated CoOOH archive selection.
.codex\tmp-paramiko-clean\codex-paramiko\invoke\vendor\fluidity\backwardscompat.py	135	historical_dataset	manifest_only	Outside the curated CoOOH archive selection.
.codex\tmp-paramiko-clean\codex-paramiko\invoke\vendor\fluidity\machine.py	8686	historical_dataset	manifest_only	Outside the curated CoOOH archive selection.
.codex\tmp-paramiko-clean\codex-paramiko\invoke\vendor\lexicon\__init__.py	1133	historical_dataset	manifest_only	Outside the curated CoOOH archive selection.
.codex\tmp-paramiko-clean\codex-paramiko\invoke\vendor\lexicon\__pycache__\__init__.cpython-313.pyc	1292	historical_dataset	manifest_only	Outside the curated CoOOH archive selection.
.codex\tmp-paramiko-clean\codex-paramiko\invoke\vendor\lexicon\__pycache__\_version.cpython-313.pyc	361	historical_dataset	manifest_only	Outside the curated CoOOH archive selection.
.codex\tmp-paramiko-clean\codex-paramiko\invoke\vendor\lexicon\__pycache__\alias_dict.cpython-313.pyc	5512	historical_dataset	manifest_only	Outside the curated CoOOH archive selection.
.codex\tmp-paramiko-clean\codex-paramiko\invoke\vendor\lexicon\__pycache__\attribute_dict.cpython-313.pyc	1285	historical_dataset	manifest_only	Outside the curated CoOOH archive selection.
.codex\tmp-paramiko-clean\codex-paramiko\invoke\vendor\lexicon\_version.py	80	historical_dataset	manifest_only	Outside the curated CoOOH archive selection.
.codex\tmp-paramiko-clean\codex-paramiko\invoke\vendor\lexicon\alias_dict.py	3223	historical_dataset	manifest_only	Outside the curated CoOOH archive selection.
.codex\tmp-paramiko-clean\codex-paramiko\invoke\vendor\lexicon\attribute_dict.py	407	historical_dataset	manifest_only	Outside the curated CoOOH archive selection.
.codex\tmp-paramiko-clean\codex-paramiko\invoke\vendor\yaml\__init__.py	13170	historical_dataset	manifest_only	Outside the curated CoOOH archive selection.
.codex\tmp-paramiko-clean\codex-paramiko\invoke\vendor\yaml\__pycache__\__init__.cpython-313.pyc	16522	historical_dataset	manifest_only	Outside the curated CoOOH archive selection.
.codex\tmp-paramiko-clean\codex-paramiko\invoke\vendor\yaml\__pycache__\composer.cpython-313.pyc	6784	historical_dataset	manifest_only	Outside the curated CoOOH archive selection.
.codex\tmp-paramiko-clean\codex-paramiko\invoke\vendor\yaml\__pycache__\constructor.cpython-313.pyc	35725	historical_dataset	manifest_only	Outside the curated CoOOH archive selection.
.codex\tmp-paramiko-clean\codex-paramiko\invoke\vendor\yaml\__pycache__\cyaml.cpython-313.pyc	4743	historical_dataset	manifest_only	Outside the curated CoOOH archive selection.
.codex\tmp-paramiko-clean\codex-paramiko\invoke\vendor\yaml\__pycache__\dumper.cpython-313.pyc	2463	historical_dataset	manifest_only	Outside the curated CoOOH archive selection.
.codex\tmp-paramiko-clean\codex-paramiko\invoke\vendor\yaml\__pycache__\emitter.cpython-313.pyc	52600	historical_dataset	manifest_only	Outside the curated CoOOH archive selection.
.codex\tmp-paramiko-clean\codex-paramiko\invoke\vendor\yaml\__pycache__\error.cpython-313.pyc	4470	historical_dataset	manifest_only	Outside the curated CoOOH archive selection.
.codex\tmp-paramiko-clean\codex-paramiko\invoke\vendor\yaml\__pycache__\events.cpython-313.pyc	5116	historical_dataset	manifest_only	Outside the curated CoOOH archive selection.
.codex\tmp-paramiko-clean\codex-paramiko\invoke\vendor\yaml\__pycache__\loader.cpython-313.pyc	3673	historical_dataset	manifest_only	Outside the curated CoOOH archive selection.
.codex\tmp-paramiko-clean\codex-paramiko\invoke\vendor\yaml\__pycache__\nodes.cpython-313.pyc	2419	historical_dataset	manifest_only	Outside the curated CoOOH archive selection.
.codex\tmp-paramiko-clean\codex-paramiko\invoke\vendor\yaml\__pycache__\parser.cpython-313.pyc	25447	historical_dataset	manifest_only	Outside the curated CoOOH archive selection.
.codex\tmp-paramiko-clean\codex-paramiko\invoke\vendor\yaml\__pycache__\reader.cpython-313.pyc	9220	historical_dataset	manifest_only	Outside the curated CoOOH archive selection.
.codex\tmp-paramiko-clean\codex-paramiko\invoke\vendor\yaml\__pycache__\representer.cpython-313.pyc	17414	historical_dataset	manifest_only	Outside the curated CoOOH archive selection.
.codex\tmp-paramiko-clean\codex-paramiko\invoke\vendor\yaml\__pycache__\resolver.cpython-313.pyc	9374	historical_dataset	manifest_only	Outside the curated CoOOH archive selection.
.codex\tmp-paramiko-clean\codex-paramiko\invoke\vendor\yaml\__pycache__\scanner.cpython-313.pyc	51337	historical_dataset	manifest_only	Outside the curated CoOOH archive selection.
.codex\tmp-paramiko-clean\codex-paramiko\invoke\vendor\yaml\__pycache__\serializer.cpython-313.pyc	6367	historical_dataset	manifest_only	Outside the curated CoOOH archive selection.
.codex\tmp-paramiko-clean\codex-paramiko\invoke\vendor\yaml\__pycache__\tokens.cpython-313.pyc	6285	historical_dataset	manifest_only	Outside the curated CoOOH archive selection.
.codex\tmp-paramiko-clean\codex-paramiko\invoke\vendor\yaml\composer.py	4883	historical_dataset	manifest_only	Outside the curated CoOOH archive selection.
.codex\tmp-paramiko-clean\codex-paramiko\invoke\vendor\yaml\constructor.py	28639	historical_dataset	manifest_only	Outside the curated CoOOH archive selection.
.codex\tmp-paramiko-clean\codex-paramiko\invoke\vendor\yaml\cyaml.py	3851	historical_dataset	manifest_only	Outside the curated CoOOH archive selection.
.codex\tmp-paramiko-clean\codex-paramiko\invoke\vendor\yaml\dumper.py	2837	historical_dataset	manifest_only	Outside the curated CoOOH archive selection.
.codex\tmp-paramiko-clean\codex-paramiko\invoke\vendor\yaml\emitter.py	43006	historical_dataset	manifest_only	Outside the curated CoOOH archive selection.
.codex\tmp-paramiko-clean\codex-paramiko\invoke\vendor\yaml\error.py	2533	historical_dataset	manifest_only	Outside the curated CoOOH archive selection.
.codex\tmp-paramiko-clean\codex-paramiko\invoke\vendor\yaml\events.py	2445	historical_dataset	manifest_only	Outside the curated CoOOH archive selection.
.codex\tmp-paramiko-clean\codex-paramiko\invoke\vendor\yaml\loader.py	2061	historical_dataset	manifest_only	Outside the curated CoOOH archive selection.
.codex\tmp-paramiko-clean\codex-paramiko\invoke\vendor\yaml\nodes.py	1440	historical_dataset	manifest_only	Outside the curated CoOOH archive selection.
.codex\tmp-paramiko-clean\codex-paramiko\invoke\vendor\yaml\parser.py	25495	historical_dataset	manifest_only	Outside the curated CoOOH archive selection.
.codex\tmp-paramiko-clean\codex-paramiko\invoke\vendor\yaml\reader.py	6794	historical_dataset	manifest_only	Outside the curated CoOOH archive selection.
.codex\tmp-paramiko-clean\codex-paramiko\invoke\vendor\yaml\representer.py	14184	historical_dataset	manifest_only	Outside the curated CoOOH archive selection.
.codex\tmp-paramiko-clean\codex-paramiko\invoke\vendor\yaml\resolver.py	8999	historical_dataset	manifest_only	Outside the curated CoOOH archive selection.
.codex\tmp-paramiko-clean\codex-paramiko\invoke\vendor\yaml\scanner.py	51277	historical_dataset	manifest_only	Outside the curated CoOOH archive selection.
.codex\tmp-paramiko-clean\codex-paramiko\invoke\vendor\yaml\serializer.py	4165	historical_dataset	manifest_only	Outside the curated CoOOH archive selection.
.codex\tmp-paramiko-clean\codex-paramiko\invoke\vendor\yaml\tokens.py	2573	historical_dataset	manifest_only	Outside the curated CoOOH archive selection.
.codex\tmp-paramiko-clean\codex-paramiko\invoke\watchers.py	5097	historical_dataset	manifest_only	Outside the curated CoOOH archive selection.
.codex\tmp-paramiko-clean\codex-paramiko\nacl\__init__.py	806	historical_dataset	manifest_only	Outside the curated CoOOH archive selection.
.codex\tmp-paramiko-clean\codex-paramiko\nacl\__pycache__\__init__.cpython-313.pyc	328	historical_dataset	manifest_only	Outside the curated CoOOH archive selection.
.codex\tmp-paramiko-clean\codex-paramiko\nacl\__pycache__\encoding.cpython-313.pyc	5151	historical_dataset	manifest_only	Outside the curated CoOOH archive selection.
.codex\tmp-paramiko-clean\codex-paramiko\nacl\__pycache__\exceptions.cpython-313.pyc	3248	historical_dataset	manifest_only	Outside the curated CoOOH archive selection.
.codex\tmp-paramiko-clean\codex-paramiko\nacl\__pycache__\hash.cpython-313.pyc	6719	historical_dataset	manifest_only	Outside the curated CoOOH archive selection.
.codex\tmp-paramiko-clean\codex-paramiko\nacl\__pycache__\hashlib.cpython-313.pyc	6019	historical_dataset	manifest_only	Outside the curated CoOOH archive selection.
.codex\tmp-paramiko-clean\codex-paramiko\nacl\__pycache__\public.cpython-313.pyc	17836	historical_dataset	manifest_only	Outside the curated CoOOH archive selection.
.codex\tmp-paramiko-clean\codex-paramiko\nacl\__pycache__\secret.cpython-313.pyc	12692	historical_dataset	manifest_only	Outside the curated CoOOH archive selection.
.codex\tmp-paramiko-clean\codex-paramiko\nacl\__pycache__\signing.cpython-313.pyc	10939	historical_dataset	manifest_only	Outside the curated CoOOH archive selection.
.codex\tmp-paramiko-clean\codex-paramiko\nacl\__pycache__\utils.cpython-313.pyc	3339	historical_dataset	manifest_only	Outside the curated CoOOH archive selection.
.codex\tmp-paramiko-clean\codex-paramiko\nacl\_sodium.pyd	405504	historical_dataset	manifest_only	Outside the curated CoOOH archive selection.
.codex\tmp-paramiko-clean\codex-paramiko\nacl\bindings\__init__.py	19591	historical_dataset	manifest_only	Outside the curated CoOOH archive selection.
.codex\tmp-paramiko-clean\codex-paramiko\nacl\bindings\__pycache__\__init__.cpython-313.pyc	12209	historical_dataset	manifest_only	Outside the curated CoOOH archive selection.
.codex\tmp-paramiko-clean\codex-paramiko\nacl\bindings\__pycache__\crypto_aead.cpython-313.pyc	30961	historical_dataset	manifest_only	Outside the curated CoOOH archive selection.
.codex\tmp-paramiko-clean\codex-paramiko\nacl\bindings\__pycache__\crypto_box.cpython-313.pyc	17049	historical_dataset	manifest_only	Outside the curated CoOOH archive selection.
.codex\tmp-paramiko-clean\codex-paramiko\nacl\bindings\__pycache__\crypto_core.cpython-313.pyc	16015	historical_dataset	manifest_only	Outside the curated CoOOH archive selection.
.codex\tmp-paramiko-clean\codex-paramiko\nacl\bindings\__pycache__\crypto_generichash.cpython-313.pyc	10822	historical_dataset	manifest_only	Outside the curated CoOOH archive selection.
.codex\tmp-paramiko-clean\codex-paramiko\nacl\bindings\__pycache__\crypto_hash.cpython-313.pyc	2335	historical_dataset	manifest_only	Outside the curated CoOOH archive selection.
.codex\tmp-paramiko-clean\codex-paramiko\nacl\bindings\__pycache__\crypto_kx.cpython-313.pyc	6817	historical_dataset	manifest_only	Outside the curated CoOOH archive selection.
.codex\tmp-paramiko-clean\codex-paramiko\nacl\bindings\__pycache__\crypto_pwhash.cpython-313.pyc	21315	historical_dataset	manifest_only	Outside the curated CoOOH archive selection.
.codex\tmp-paramiko-clean\codex-paramiko\nacl\bindings\__pycache__\crypto_scalarmult.cpython-313.pyc	9006	historical_dataset	manifest_only	Outside the curated CoOOH archive selection.
.codex\tmp-paramiko-clean\codex-paramiko\nacl\bindings\__pycache__\crypto_secretbox.cpython-313.pyc	5547	historical_dataset	manifest_only	Outside the curated CoOOH archive selection.
.codex\tmp-paramiko-clean\codex-paramiko\nacl\bindings\__pycache__\crypto_secretstream.cpython-313.pyc	12395	historical_dataset	manifest_only	Outside the curated CoOOH archive selection.
.codex\tmp-paramiko-clean\codex-paramiko\nacl\bindings\__pycache__\crypto_shorthash.cpython-313.pyc	3158	historical_dataset	manifest_only	Outside the curated CoOOH archive selection.
.codex\tmp-paramiko-clean\codex-paramiko\nacl\bindings\__pycache__\crypto_sign.cpython-313.pyc	12660	historical_dataset	manifest_only	Outside the curated CoOOH archive selection.
.codex\tmp-paramiko-clean\codex-paramiko\nacl\bindings\__pycache__\randombytes.cpython-313.pyc	1711	historical_dataset	manifest_only	Outside the curated CoOOH archive selection.
.codex\tmp-paramiko-clean\codex-paramiko\nacl\bindings\__pycache__\sodium_core.cpython-313.pyc	977	historical_dataset	manifest_only	Outside the curated CoOOH archive selection.
.codex\tmp-paramiko-clean\codex-paramiko\nacl\bindings\__pycache__\utils.cpython-313.pyc	6012	historical_dataset	manifest_only	Outside the curated CoOOH archive selection.
.codex\tmp-paramiko-clean\codex-paramiko\nacl\bindings\crypto_aead.py	30375	historical_dataset	manifest_only	Outside the curated CoOOH archive selection.
.codex\tmp-paramiko-clean\codex-paramiko\nacl\bindings\crypto_box.py	14722	historical_dataset	manifest_only	Outside the curated CoOOH archive selection.
.codex\tmp-paramiko-clean\codex-paramiko\nacl\bindings\crypto_core.py	15551	historical_dataset	manifest_only	Outside the curated CoOOH archive selection.
.codex\tmp-paramiko-clean\codex-paramiko\nacl\bindings\crypto_generichash.py	9133	historical_dataset	manifest_only	Outside the curated CoOOH archive selection.
.codex\tmp-paramiko-clean\codex-paramiko\nacl\bindings\crypto_hash.py	2238	historical_dataset	manifest_only	Outside the curated CoOOH archive selection.
.codex\tmp-paramiko-clean\codex-paramiko\nacl\bindings\crypto_kx.py	6925	historical_dataset	manifest_only	Outside the curated CoOOH archive selection.
.codex\tmp-paramiko-clean\codex-paramiko\nacl\bindings\crypto_pwhash.py	19439	historical_dataset	manifest_only	Outside the curated CoOOH archive selection.
.codex\tmp-paramiko-clean\codex-paramiko\nacl\bindings\crypto_scalarmult.py	8484	historical_dataset	manifest_only	Outside the curated CoOOH archive selection.
.codex\tmp-paramiko-clean\codex-paramiko\nacl\bindings\crypto_secretbox.py	5031	historical_dataset	manifest_only	Outside the curated CoOOH archive selection.
.codex\tmp-paramiko-clean\codex-paramiko\nacl\bindings\crypto_secretstream.py	11575	historical_dataset	manifest_only	Outside the curated CoOOH archive selection.
.codex\tmp-paramiko-clean\codex-paramiko\nacl\bindings\crypto_shorthash.py	2684	historical_dataset	manifest_only	Outside the curated CoOOH archive selection.
.codex\tmp-paramiko-clean\codex-paramiko\nacl\bindings\crypto_sign.py	10674	historical_dataset	manifest_only	Outside the curated CoOOH archive selection.
.codex\tmp-paramiko-clean\codex-paramiko\nacl\bindings\randombytes.py	1614	historical_dataset	manifest_only	Outside the curated CoOOH archive selection.
.codex\tmp-paramiko-clean\codex-paramiko\nacl\bindings\sodium_core.py	1072	historical_dataset	manifest_only	Outside the curated CoOOH archive selection.
.codex\tmp-paramiko-clean\codex-paramiko\nacl\bindings\utils.py	4439	historical_dataset	manifest_only	Outside the curated CoOOH archive selection.
.codex\tmp-paramiko-clean\codex-paramiko\nacl\encoding.py	3020	historical_dataset	manifest_only	Outside the curated CoOOH archive selection.
.codex\tmp-paramiko-clean\codex-paramiko\nacl\exceptions.py	2570	historical_dataset	manifest_only	Outside the curated CoOOH archive selection.
.codex\tmp-paramiko-clean\codex-paramiko\nacl\hash.py	6572	historical_dataset	manifest_only	Outside the curated CoOOH archive selection.
.codex\tmp-paramiko-clean\codex-paramiko\nacl\hashlib.py	4539	historical_dataset	manifest_only	Outside the curated CoOOH archive selection.
.codex\tmp-paramiko-clean\codex-paramiko\nacl\public.py	15181	historical_dataset	manifest_only	Outside the curated CoOOH archive selection.
.codex\tmp-paramiko-clean\codex-paramiko\nacl\pwhash\__init__.py	2750	historical_dataset	manifest_only	Outside the curated CoOOH archive selection.
.codex\tmp-paramiko-clean\codex-paramiko\nacl\pwhash\__pycache__\__init__.cpython-313.pyc	2970	historical_dataset	manifest_only	Outside the curated CoOOH archive selection.
.codex\tmp-paramiko-clean\codex-paramiko\nacl\pwhash\__pycache__\_argon2.cpython-313.pyc	1906	historical_dataset	manifest_only	Outside the curated CoOOH archive selection.
.codex\tmp-paramiko-clean\codex-paramiko\nacl\pwhash\__pycache__\argon2i.cpython-313.pyc	4847	historical_dataset	manifest_only	Outside the curated CoOOH archive selection.
.codex\tmp-paramiko-clean\codex-paramiko\nacl\pwhash\__pycache__\argon2id.cpython-313.pyc	4871	historical_dataset	manifest_only	Outside the curated CoOOH archive selection.
.codex\tmp-paramiko-clean\codex-paramiko\nacl\pwhash\__pycache__\scrypt.cpython-313.pyc	7502	historical_dataset	manifest_only	Outside the curated CoOOH archive selection.
.codex\tmp-paramiko-clean\codex-paramiko\nacl\pwhash\_argon2.py	1828	historical_dataset	manifest_only	Outside the curated CoOOH archive selection.
.codex\tmp-paramiko-clean\codex-paramiko\nacl\pwhash\argon2i.py	4537	historical_dataset	manifest_only	Outside the curated CoOOH archive selection.
.codex\tmp-paramiko-clean\codex-paramiko\nacl\pwhash\argon2id.py	4569	historical_dataset	manifest_only	Outside the curated CoOOH archive selection.
.codex\tmp-paramiko-clean\codex-paramiko\nacl\pwhash\scrypt.py	7193	historical_dataset	manifest_only	Outside the curated CoOOH archive selection.
.codex\tmp-paramiko-clean\codex-paramiko\nacl\py.typed	0	historical_dataset	manifest_only	Outside the curated CoOOH archive selection.
.codex\tmp-paramiko-clean\codex-paramiko\nacl\secret.py	12425	historical_dataset	manifest_only	Outside the curated CoOOH archive selection.
.codex\tmp-paramiko-clean\codex-paramiko\nacl\signing.py	8589	historical_dataset	manifest_only	Outside the curated CoOOH archive selection.
.codex\tmp-paramiko-clean\codex-paramiko\nacl\utils.py	2429	historical_dataset	manifest_only	Outside the curated CoOOH archive selection.
.codex\tmp-paramiko-clean\codex-paramiko\paramiko-5.0.0.dist-info\INSTALLER	4	historical_dataset	manifest_only	Outside the curated CoOOH archive selection.
.codex\tmp-paramiko-clean\codex-paramiko\paramiko-5.0.0.dist-info\licenses\LICENSE	26436	historical_dataset	manifest_only	Outside the curated CoOOH archive selection.
.codex\tmp-paramiko-clean\codex-paramiko\paramiko-5.0.0.dist-info\METADATA	3666	historical_dataset	manifest_only	Outside the curated CoOOH archive selection.
.codex\tmp-paramiko-clean\codex-paramiko\paramiko-5.0.0.dist-info\RECORD	5822	historical_dataset	manifest_only	Outside the curated CoOOH archive selection.
.codex\tmp-paramiko-clean\codex-paramiko\paramiko-5.0.0.dist-info\REQUESTED	0	historical_dataset	manifest_only	Outside the curated CoOOH archive selection.
.codex\tmp-paramiko-clean\codex-paramiko\paramiko-5.0.0.dist-info\top_level.txt	9	historical_dataset	manifest_only	Outside the curated CoOOH archive selection.
.codex\tmp-paramiko-clean\codex-paramiko\paramiko-5.0.0.dist-info\WHEEL	91	historical_dataset	manifest_only	Outside the curated CoOOH archive selection.
.codex\tmp-paramiko-clean\codex-paramiko\paramiko\__init__.py	3450	historical_dataset	manifest_only	Outside the curated CoOOH archive selection.
.codex\tmp-paramiko-clean\codex-paramiko\paramiko\__pycache__\__init__.cpython-313.pyc	3415	historical_dataset	manifest_only	Outside the curated CoOOH archive selection.
.codex\tmp-paramiko-clean\codex-paramiko\paramiko\__pycache__\_winapi.cpython-313.pyc	16841	historical_dataset	manifest_only	Outside the curated CoOOH archive selection.
.codex\tmp-paramiko-clean\codex-paramiko\paramiko\__pycache__\agent.cpython-313.pyc	22912	historical_dataset	manifest_only	Outside the curated CoOOH archive selection.
.codex\tmp-paramiko-clean\codex-paramiko\paramiko\__pycache__\auth_handler.cpython-313.pyc	32630	historical_dataset	manifest_only	Outside the curated CoOOH archive selection.
.codex\tmp-paramiko-clean\codex-paramiko\paramiko\__pycache__\auth_strategy.cpython-313.pyc	12332	historical_dataset	manifest_only	Outside the curated CoOOH archive selection.
.codex\tmp-paramiko-clean\codex-paramiko\paramiko\__pycache__\ber.cpython-313.pyc	6264	historical_dataset	manifest_only	Outside the curated CoOOH archive selection.
.codex\tmp-paramiko-clean\codex-paramiko\paramiko\__pycache__\buffered_pipe.cpython-313.pyc	9090	historical_dataset	manifest_only	Outside the curated CoOOH archive selection.
.codex\tmp-paramiko-clean\codex-paramiko\paramiko\__pycache__\channel.cpython-313.pyc	60285	historical_dataset	manifest_only	Outside the curated CoOOH archive selection.
.codex\tmp-paramiko-clean\codex-paramiko\paramiko\__pycache__\client.cpython-313.pyc	30140	historical_dataset	manifest_only	Outside the curated CoOOH archive selection.
.codex\tmp-paramiko-clean\codex-paramiko\paramiko\__pycache__\common.cpython-313.pyc	7227	historical_dataset	manifest_only	Outside the curated CoOOH archive selection.
.codex\tmp-paramiko-clean\codex-paramiko\paramiko\__pycache__\compress.cpython-313.pyc	1660	historical_dataset	manifest_only	Outside the curated CoOOH archive selection.
.codex\tmp-paramiko-clean\codex-paramiko\paramiko\__pycache__\config.cpython-313.pyc	23320	historical_dataset	manifest_only	Outside the curated CoOOH archive selection.
.codex\tmp-paramiko-clean\codex-paramiko\paramiko\__pycache__\ecdsakey.cpython-313.pyc	14808	historical_dataset	manifest_only	Outside the curated CoOOH archive selection.
.codex\tmp-paramiko-clean\codex-paramiko\paramiko\__pycache__\ed25519key.cpython-313.pyc	8721	historical_dataset	manifest_only	Outside the curated CoOOH archive selection.
.codex\tmp-paramiko-clean\codex-paramiko\paramiko\__pycache__\file.cpython-313.pyc	20075	historical_dataset	manifest_only	Outside the curated CoOOH archive selection.
.codex\tmp-paramiko-clean\codex-paramiko\paramiko\__pycache__\hostkeys.cpython-313.pyc	17007	historical_dataset	manifest_only	Outside the curated CoOOH archive selection.
.codex\tmp-paramiko-clean\codex-paramiko\paramiko\__pycache__\kex_curve25519.cpython-313.pyc	7912	historical_dataset	manifest_only	Outside the curated CoOOH archive selection.
.codex\tmp-paramiko-clean\codex-paramiko\paramiko\__pycache__\kex_ecdh_nist.cpython-313.pyc	8838	historical_dataset	manifest_only	Outside the curated CoOOH archive selection.
.codex\tmp-paramiko-clean\codex-paramiko\paramiko\__pycache__\kex_gex.cpython-313.pyc	13630	historical_dataset	manifest_only	Outside the curated CoOOH archive selection.
.codex\tmp-paramiko-clean\codex-paramiko\paramiko\__pycache__\kex_group14.cpython-313.pyc	7832	historical_dataset	manifest_only	Outside the curated CoOOH archive selection.
.codex\tmp-paramiko-clean\codex-paramiko\paramiko\__pycache__\kex_group16.cpython-313.pyc	1381	historical_dataset	manifest_only	Outside the curated CoOOH archive selection.
.codex\tmp-paramiko-clean\codex-paramiko\paramiko\__pycache__\message.cpython-313.pyc	11937	historical_dataset	manifest_only	Outside the curated CoOOH archive selection.
.codex\tmp-paramiko-clean\codex-paramiko\paramiko\__pycache__\packet.cpython-313.pyc	26996	historical_dataset	manifest_only	Outside the curated CoOOH archive selection.
.codex\tmp-paramiko-clean\codex-paramiko\paramiko\__pycache__\pipe.cpython-313.pyc	6614	historical_dataset	manifest_only	Outside the curated CoOOH archive selection.
.codex\tmp-paramiko-clean\codex-paramiko\paramiko\__pycache__\pkey.cpython-313.pyc	37363	historical_dataset	manifest_only	Outside the curated CoOOH archive selection.
.codex\tmp-paramiko-clean\codex-paramiko\paramiko\__pycache__\primes.cpython-313.pyc	4391	historical_dataset	manifest_only	Outside the curated CoOOH archive selection.
.codex\tmp-paramiko-clean\codex-paramiko\paramiko\__pycache__\proxy.cpython-313.pyc	5209	historical_dataset	manifest_only	Outside the curated CoOOH archive selection.
.codex\tmp-paramiko-clean\codex-paramiko\paramiko\__pycache__\rsakey.cpython-313.pyc	9355	historical_dataset	manifest_only	Outside the curated CoOOH archive selection.
.codex\tmp-paramiko-clean\codex-paramiko\paramiko\__pycache__\server.cpython-313.pyc	26959	historical_dataset	manifest_only	Outside the curated CoOOH archive selection.
.codex\tmp-paramiko-clean\codex-paramiko\paramiko\__pycache__\sftp_attr.cpython-313.pyc	10729	historical_dataset	manifest_only	Outside the curated CoOOH archive selection.
.codex\tmp-paramiko-clean\codex-paramiko\paramiko\__pycache__\sftp_client.cpython-313.pyc	39702	historical_dataset	manifest_only	Outside the curated CoOOH archive selection.
.codex\tmp-paramiko-clean\codex-paramiko\paramiko\__pycache__\sftp_file.cpython-313.pyc	24537	historical_dataset	manifest_only	Outside the curated CoOOH archive selection.
.codex\tmp-paramiko-clean\codex-paramiko\paramiko\__pycache__\sftp_handle.cpython-313.pyc	7744	historical_dataset	manifest_only	Outside the curated CoOOH archive selection.
.codex\tmp-paramiko-clean\codex-paramiko\paramiko\__pycache__\sftp_server.cpython-313.pyc	22945	historical_dataset	manifest_only	Outside the curated CoOOH archive selection.
.codex\tmp-paramiko-clean\codex-paramiko\paramiko\__pycache__\sftp_si.cpython-313.pyc	12123	historical_dataset	manifest_only	Outside the curated CoOOH archive selection.
.codex\tmp-paramiko-clean\codex-paramiko\paramiko\__pycache__\sftp.cpython-313.pyc	7339	historical_dataset	manifest_only	Outside the curated CoOOH archive selection.
.codex\tmp-paramiko-clean\codex-paramiko\paramiko\__pycache__\ssh_exception.cpython-313.pyc	9670	historical_dataset	manifest_only	Outside the curated CoOOH archive selection.
.codex\tmp-paramiko-clean\codex-paramiko\paramiko\__pycache__\transport.cpython-313.pyc	131198	historical_dataset	manifest_only	Outside the curated CoOOH archive selection.
.codex\tmp-paramiko-clean\codex-paramiko\paramiko\__pycache__\util.cpython-313.pyc	12777	historical_dataset	manifest_only	Outside the curated CoOOH archive selection.
.codex\tmp-paramiko-clean\codex-paramiko\paramiko\__pycache__\win_openssh.cpython-313.pyc	2469	historical_dataset	manifest_only	Outside the curated CoOOH archive selection.
.codex\tmp-paramiko-clean\codex-paramiko\paramiko\__pycache__\win_pageant.cpython-313.pyc	4996	historical_dataset	manifest_only	Outside the curated CoOOH archive selection.
.codex\tmp-paramiko-clean\codex-paramiko\paramiko\_winapi.py	11204	historical_dataset	manifest_only	Outside the curated CoOOH archive selection.
.codex\tmp-paramiko-clean\codex-paramiko\paramiko\agent.py	15917	historical_dataset	manifest_only	Outside the curated CoOOH archive selection.
.codex\tmp-paramiko-clean\codex-paramiko\paramiko\auth_handler.py	29568	historical_dataset	manifest_only	Outside the curated CoOOH archive selection.
.codex\tmp-paramiko-clean\codex-paramiko\paramiko\auth_strategy.py	11491	historical_dataset	manifest_only	Outside the curated CoOOH archive selection.
.codex\tmp-paramiko-clean\codex-paramiko\paramiko\ber.py	4369	historical_dataset	manifest_only	Outside the curated CoOOH archive selection.
.codex\tmp-paramiko-clean\codex-paramiko\paramiko\buffered_pipe.py	7225	historical_dataset	manifest_only	Outside the curated CoOOH archive selection.
.codex\tmp-paramiko-clean\codex-paramiko\paramiko\channel.py	49222	historical_dataset	manifest_only	Outside the curated CoOOH archive selection.
.codex\tmp-paramiko-clean\codex-paramiko\paramiko\client.py	33314	historical_dataset	manifest_only	Outside the curated CoOOH archive selection.
.codex\tmp-paramiko-clean\codex-paramiko\paramiko\common.py	7756	historical_dataset	manifest_only	Outside the curated CoOOH archive selection.
.codex\tmp-paramiko-clean\codex-paramiko\paramiko\compress.py	1282	historical_dataset	manifest_only	Outside the curated CoOOH archive selection.
.codex\tmp-paramiko-clean\codex-paramiko\paramiko\config.py	27442	historical_dataset	manifest_only	Outside the curated CoOOH archive selection.
.codex\tmp-paramiko-clean\codex-paramiko\paramiko\ecdsakey.py	11340	historical_dataset	manifest_only	Outside the curated CoOOH archive selection.
.codex\tmp-paramiko-clean\codex-paramiko\paramiko\ed25519key.py	7695	historical_dataset	manifest_only	Outside the curated CoOOH archive selection.
.codex\tmp-paramiko-clean\codex-paramiko\paramiko\file.py	19063	historical_dataset	manifest_only	Outside the curated CoOOH archive selection.
.codex\tmp-paramiko-clean\codex-paramiko\paramiko\hostkeys.py	13173	historical_dataset	manifest_only	Outside the curated CoOOH archive selection.
.codex\tmp-paramiko-clean\codex-paramiko\paramiko\kex_curve25519.py	4436	historical_dataset	manifest_only	Outside the curated CoOOH archive selection.
.codex\tmp-paramiko-clean\codex-paramiko\paramiko\kex_ecdh_nist.py	5012	historical_dataset	manifest_only	Outside the curated CoOOH archive selection.
.codex\tmp-paramiko-clean\codex-paramiko\paramiko\kex_gex.py	10139	historical_dataset	manifest_only	Outside the curated CoOOH archive selection.
.codex\tmp-paramiko-clean\codex-paramiko\paramiko\kex_group14.py	6079	historical_dataset	manifest_only	Outside the curated CoOOH archive selection.
.codex\tmp-paramiko-clean\codex-paramiko\paramiko\kex_group16.py	2304	historical_dataset	manifest_only	Outside the curated CoOOH archive selection.
.codex\tmp-paramiko-clean\codex-paramiko\paramiko\message.py	9400	historical_dataset	manifest_only	Outside the curated CoOOH archive selection.
.codex\tmp-paramiko-clean\codex-paramiko\paramiko\packet.py	24314	historical_dataset	manifest_only	Outside the curated CoOOH archive selection.
.codex\tmp-paramiko-clean\codex-paramiko\paramiko\pipe.py	3902	historical_dataset	manifest_only	Outside the curated CoOOH archive selection.
.codex\tmp-paramiko-clean\codex-paramiko\paramiko\pkey.py	38342	historical_dataset	manifest_only	Outside the curated CoOOH archive selection.
.codex\tmp-paramiko-clean\codex-paramiko\paramiko\primes.py	5107	historical_dataset	manifest_only	Outside the curated CoOOH archive selection.
.codex\tmp-paramiko-clean\codex-paramiko\paramiko\proxy.py	4648	historical_dataset	manifest_only	Outside the curated CoOOH archive selection.
.codex\tmp-paramiko-clean\codex-paramiko\paramiko\rsakey.py	7514	historical_dataset	manifest_only	Outside the curated CoOOH archive selection.
.codex\tmp-paramiko-clean\codex-paramiko\paramiko\server.py	27018	historical_dataset	manifest_only	Outside the curated CoOOH archive selection.
.codex\tmp-paramiko-clean\codex-paramiko\paramiko\sftp_attr.py	8258	historical_dataset	manifest_only	Outside the curated CoOOH archive selection.
.codex\tmp-paramiko-clean\codex-paramiko\paramiko\sftp_client.py	35855	historical_dataset	manifest_only	Outside the curated CoOOH archive selection.
.codex\tmp-paramiko-clean\codex-paramiko\paramiko\sftp_file.py	21820	historical_dataset	manifest_only	Outside the curated CoOOH archive selection.
.codex\tmp-paramiko-clean\codex-paramiko\paramiko\sftp_handle.py	7424	historical_dataset	manifest_only	Outside the curated CoOOH archive selection.
.codex\tmp-paramiko-clean\codex-paramiko\paramiko\sftp_server.py	19704	historical_dataset	manifest_only	Outside the curated CoOOH archive selection.
.codex\tmp-paramiko-clean\codex-paramiko\paramiko\sftp_si.py	12544	historical_dataset	manifest_only	Outside the curated CoOOH archive selection.
.codex\tmp-paramiko-clean\codex-paramiko\paramiko\sftp.py	6471	historical_dataset	manifest_only	Outside the curated CoOOH archive selection.
.codex\tmp-paramiko-clean\codex-paramiko\paramiko\ssh_exception.py	7597	historical_dataset	manifest_only	Outside the curated CoOOH archive selection.
.codex\tmp-paramiko-clean\codex-paramiko\paramiko\transport.py	129014	historical_dataset	manifest_only	Outside the curated CoOOH archive selection.
.codex\tmp-paramiko-clean\codex-paramiko\paramiko\util.py	9556	historical_dataset	manifest_only	Outside the curated CoOOH archive selection.
.codex\tmp-paramiko-clean\codex-paramiko\paramiko\win_openssh.py	1918	historical_dataset	manifest_only	Outside the curated CoOOH archive selection.
.codex\tmp-paramiko-clean\codex-paramiko\paramiko\win_pageant.py	4177	historical_dataset	manifest_only	Outside the curated CoOOH archive selection.
.codex\tmp-paramiko-clean\codex-paramiko\pycparser-3.0.dist-info\INSTALLER	4	historical_dataset	manifest_only	Outside the curated CoOOH archive selection.
.codex\tmp-paramiko-clean\codex-paramiko\pycparser-3.0.dist-info\licenses\LICENSE	1543	historical_dataset	manifest_only	Outside the curated CoOOH archive selection.
.codex\tmp-paramiko-clean\codex-paramiko\pycparser-3.0.dist-info\METADATA	8229	historical_dataset	manifest_only	Outside the curated CoOOH archive selection.
.codex\tmp-paramiko-clean\codex-paramiko\pycparser-3.0.dist-info\RECORD	1484	historical_dataset	manifest_only	Outside the curated CoOOH archive selection.
.codex\tmp-paramiko-clean\codex-paramiko\pycparser-3.0.dist-info\top_level.txt	10	historical_dataset	manifest_only	Outside the curated CoOOH archive selection.
.codex\tmp-paramiko-clean\codex-paramiko\pycparser-3.0.dist-info\WHEEL	92	historical_dataset	manifest_only	Outside the curated CoOOH archive selection.
.codex\tmp-paramiko-clean\codex-paramiko\pycparser\__init__.py	2829	historical_dataset	manifest_only	Outside the curated CoOOH archive selection.
.codex\tmp-paramiko-clean\codex-paramiko\pycparser\__pycache__\__init__.cpython-313.pyc	2855	historical_dataset	manifest_only	Outside the curated CoOOH archive selection.
.codex\tmp-paramiko-clean\codex-paramiko\pycparser\__pycache__\_ast_gen.cpython-313.pyc	13885	historical_dataset	manifest_only	Outside the curated CoOOH archive selection.
.codex\tmp-paramiko-clean\codex-paramiko\pycparser\__pycache__\ast_transforms.cpython-313.pyc	6131	historical_dataset	manifest_only	Outside the curated CoOOH archive selection.
.codex\tmp-paramiko-clean\codex-paramiko\pycparser\__pycache__\c_ast.cpython-313.pyc	52411	historical_dataset	manifest_only	Outside the curated CoOOH archive selection.
.codex\tmp-paramiko-clean\codex-paramiko\pycparser\__pycache__\c_generator.cpython-313.pyc	35258	historical_dataset	manifest_only	Outside the curated CoOOH archive selection.
.codex\tmp-paramiko-clean\codex-paramiko\pycparser\__pycache__\c_lexer.cpython-313.pyc	22943	historical_dataset	manifest_only	Outside the curated CoOOH archive selection.
.codex\tmp-paramiko-clean\codex-paramiko\pycparser\__pycache__\c_parser.cpython-313.pyc	99336	historical_dataset	manifest_only	Outside the curated CoOOH archive selection.
.codex\tmp-paramiko-clean\codex-paramiko\pycparser\_ast_gen.py	11292	historical_dataset	manifest_only	Outside the curated CoOOH archive selection.
.codex\tmp-paramiko-clean\codex-paramiko\pycparser\_c_ast.cfg	4255	historical_dataset	manifest_only	Outside the curated CoOOH archive selection.
.codex\tmp-paramiko-clean\codex-paramiko\pycparser\ast_transforms.py	5899	historical_dataset	manifest_only	Outside the curated CoOOH archive selection.
.codex\tmp-paramiko-clean\codex-paramiko\pycparser\c_ast.py	32954	historical_dataset	manifest_only	Outside the curated CoOOH archive selection.
.codex\tmp-paramiko-clean\codex-paramiko\pycparser\c_generator.py	20661	historical_dataset	manifest_only	Outside the curated CoOOH archive selection.
.codex\tmp-paramiko-clean\codex-paramiko\pycparser\c_lexer.py	25155	historical_dataset	manifest_only	Outside the curated CoOOH archive selection.
.codex\tmp-paramiko-clean\codex-paramiko\pycparser\c_parser.py	89798	historical_dataset	manifest_only	Outside the curated CoOOH archive selection.
.codex\tmp-paramiko-clean\codex-paramiko\pynacl-1.6.2.dist-info\INSTALLER	4	historical_dataset	manifest_only	Outside the curated CoOOH archive selection.
.codex\tmp-paramiko-clean\codex-paramiko\pynacl-1.6.2.dist-info\licenses\LICENSE	9868	historical_dataset	manifest_only	Outside the curated CoOOH archive selection.
.codex\tmp-paramiko-clean\codex-paramiko\pynacl-1.6.2.dist-info\licenses\licenses\LICENSE.libsodium.txt	841	historical_dataset	manifest_only	Outside the curated CoOOH archive selection.
.codex\tmp-paramiko-clean\codex-paramiko\pynacl-1.6.2.dist-info\METADATA	10252	historical_dataset	manifest_only	Outside the curated CoOOH archive selection.
.codex\tmp-paramiko-clean\codex-paramiko\pynacl-1.6.2.dist-info\RECORD	4790	historical_dataset	manifest_only	Outside the curated CoOOH archive selection.
.codex\tmp-paramiko-clean\codex-paramiko\pynacl-1.6.2.dist-info\top_level.txt	13	historical_dataset	manifest_only	Outside the curated CoOOH archive selection.
.codex\tmp-paramiko-clean\codex-paramiko\pynacl-1.6.2.dist-info\WHEEL	99	historical_dataset	manifest_only	Outside the curated CoOOH archive selection.
.codex\tmp\analyze_tas_4to45.py	1314	historical_dataset	manifest_only	Outside the curated CoOOH archive selection.
.codex\tmp\codex-paramiko\_cffi_backend.cp313-win_amd64.pyd	180224	historical_dataset	manifest_only	Outside the curated CoOOH archive selection.
.codex\tmp\codex-paramiko\bcrypt-5.0.0.dist-info\INSTALLER	4	historical_dataset	manifest_only	Outside the curated CoOOH archive selection.
.codex\tmp\codex-paramiko\bcrypt-5.0.0.dist-info\LICENSE	10850	historical_dataset	manifest_only	Outside the curated CoOOH archive selection.
.codex\tmp\codex-paramiko\bcrypt-5.0.0.dist-info\METADATA	10844	historical_dataset	manifest_only	Outside the curated CoOOH archive selection.
.codex\tmp\codex-paramiko\bcrypt-5.0.0.dist-info\RECORD	822	historical_dataset	manifest_only	Outside the curated CoOOH archive selection.
.codex\tmp\codex-paramiko\bcrypt-5.0.0.dist-info\top_level.txt	7	historical_dataset	manifest_only	Outside the curated CoOOH archive selection.
.codex\tmp\codex-paramiko\bcrypt-5.0.0.dist-info\WHEEL	100	historical_dataset	manifest_only	Outside the curated CoOOH archive selection.
.codex\tmp\codex-paramiko\bcrypt\__init__.py	1000	historical_dataset	manifest_only	Outside the curated CoOOH archive selection.
.codex\tmp\codex-paramiko\bcrypt\__init__.pyi	333	historical_dataset	manifest_only	Outside the curated CoOOH archive selection.
.codex\tmp\codex-paramiko\bcrypt\__pycache__\__init__.cpython-313.pyc	581	historical_dataset	manifest_only	Outside the curated CoOOH archive selection.
.codex\tmp\codex-paramiko\bcrypt\_bcrypt.pyd	305152	historical_dataset	manifest_only	Outside the curated CoOOH archive selection.
.codex\tmp\codex-paramiko\bcrypt\py.typed	0	historical_dataset	manifest_only	Outside the curated CoOOH archive selection.
.codex\tmp\codex-paramiko\bin\inv.exe	108371	historical_dataset	manifest_only	Outside the curated CoOOH archive selection.
.codex\tmp\codex-paramiko\bin\invoke.exe	108371	historical_dataset	manifest_only	Outside the curated CoOOH archive selection.
.codex\tmp\codex-paramiko\cffi-2.0.0.dist-info\entry_points.txt	75	historical_dataset	manifest_only	Outside the curated CoOOH archive selection.
.codex\tmp\codex-paramiko\cffi-2.0.0.dist-info\INSTALLER	4	historical_dataset	manifest_only	Outside the curated CoOOH archive selection.
.codex\tmp\codex-paramiko\cffi-2.0.0.dist-info\licenses\AUTHORS	208	historical_dataset	manifest_only	Outside the curated CoOOH archive selection.
.codex\tmp\codex-paramiko\cffi-2.0.0.dist-info\licenses\LICENSE	1123	historical_dataset	manifest_only	Outside the curated CoOOH archive selection.
.codex\tmp\codex-paramiko\cffi-2.0.0.dist-info\METADATA	2627	historical_dataset	manifest_only	Outside the curated CoOOH archive selection.
.codex\tmp\codex-paramiko\cffi-2.0.0.dist-info\RECORD	3269	historical_dataset	manifest_only	Outside the curated CoOOH archive selection.
.codex\tmp\codex-paramiko\cffi-2.0.0.dist-info\top_level.txt	19	historical_dataset	manifest_only	Outside the curated CoOOH archive selection.
.codex\tmp\codex-paramiko\cffi-2.0.0.dist-info\WHEEL	101	historical_dataset	manifest_only	Outside the curated CoOOH archive selection.
.codex\tmp\codex-paramiko\cffi\__init__.py	511	historical_dataset	manifest_only	Outside the curated CoOOH archive selection.
.codex\tmp\codex-paramiko\cffi\__pycache__\__init__.cpython-313.pyc	553	historical_dataset	manifest_only	Outside the curated CoOOH archive selection.
.codex\tmp\codex-paramiko\cffi\__pycache__\_imp_emulation.cpython-313.pyc	3925	historical_dataset	manifest_only	Outside the curated CoOOH archive selection.
.codex\tmp\codex-paramiko\cffi\__pycache__\_shimmed_dist_utils.cpython-313.pyc	2101	historical_dataset	manifest_only	Outside the curated CoOOH archive selection.
.codex\tmp\codex-paramiko\cffi\__pycache__\api.cpython-313.pyc	49998	historical_dataset	manifest_only	Outside the curated CoOOH archive selection.
.codex\tmp\codex-paramiko\cffi\__pycache__\backend_ctypes.cpython-313.pyc	64511	historical_dataset	manifest_only	Outside the curated CoOOH archive selection.
.codex\tmp\codex-paramiko\cffi\__pycache__\cffi_opcode.cpython-313.pyc	6944	historical_dataset	manifest_only	Outside the curated CoOOH archive selection.
.codex\tmp\codex-paramiko\cffi\__pycache__\commontypes.cpython-313.pyc	3123	historical_dataset	manifest_only	Outside the curated CoOOH archive selection.
.codex\tmp\codex-paramiko\cffi\__pycache__\cparser.cpython-313.pyc	48104	historical_dataset	manifest_only	Outside the curated CoOOH archive selection.
.codex\tmp\codex-paramiko\cffi\__pycache__\error.cpython-313.pyc	2036	historical_dataset	manifest_only	Outside the curated CoOOH archive selection.
.codex\tmp\codex-paramiko\cffi\__pycache__\ffiplatform.cpython-313.pyc	5915	historical_dataset	manifest_only	Outside the curated CoOOH archive selection.
.codex\tmp\codex-paramiko\cffi\__pycache__\lock.cpython-313.pyc	531	historical_dataset	manifest_only	Outside the curated CoOOH archive selection.
.codex\tmp\codex-paramiko\cffi\__pycache__\model.cpython-313.pyc	30895	historical_dataset	manifest_only	Outside the curated CoOOH archive selection.
.codex\tmp\codex-paramiko\cffi\__pycache__\pkgconfig.cpython-313.pyc	6519	historical_dataset	manifest_only	Outside the curated CoOOH archive selection.
.codex\tmp\codex-paramiko\cffi\__pycache__\recompiler.cpython-313.pyc	82838	historical_dataset	manifest_only	Outside the curated CoOOH archive selection.
.codex\tmp\codex-paramiko\cffi\__pycache__\setuptools_ext.cpython-313.pyc	11543	historical_dataset	manifest_only	Outside the curated CoOOH archive selection.
.codex\tmp\codex-paramiko\cffi\__pycache__\vengine_cpy.cpython-313.pyc	51629	historical_dataset	manifest_only	Outside the curated CoOOH archive selection.
.codex\tmp\codex-paramiko\cffi\__pycache__\vengine_gen.cpython-313.pyc	34581	historical_dataset	manifest_only	Outside the curated CoOOH archive selection.
.codex\tmp\codex-paramiko\cffi\__pycache__\verifier.cpython-313.pyc	16777	historical_dataset	manifest_only	Outside the curated CoOOH archive selection.
.codex\tmp\codex-paramiko\cffi\_cffi_errors.h	3908	historical_dataset	manifest_only	Outside the curated CoOOH archive selection.
.codex\tmp\codex-paramiko\cffi\_cffi_include.h	15055	historical_dataset	manifest_only	Outside the curated CoOOH archive selection.
.codex\tmp\codex-paramiko\cffi\_embedding.h	18786	historical_dataset	manifest_only	Outside the curated CoOOH archive selection.
.codex\tmp\codex-paramiko\cffi\_imp_emulation.py	2960	historical_dataset	manifest_only	Outside the curated CoOOH archive selection.
.codex\tmp\codex-paramiko\cffi\_shimmed_dist_utils.py	2230	historical_dataset	manifest_only	Outside the curated CoOOH archive selection.
.codex\tmp\codex-paramiko\cffi\api.py	42169	historical_dataset	manifest_only	Outside the curated CoOOH archive selection.
.codex\tmp\codex-paramiko\cffi\backend_ctypes.py	42454	historical_dataset	manifest_only	Outside the curated CoOOH archive selection.
.codex\tmp\codex-paramiko\cffi\cffi_opcode.py	5731	historical_dataset	manifest_only	Outside the curated CoOOH archive selection.
.codex\tmp\codex-paramiko\cffi\commontypes.py	2805	historical_dataset	manifest_only	Outside the curated CoOOH archive selection.
.codex\tmp\codex-paramiko\cffi\cparser.py	44790	historical_dataset	manifest_only	Outside the curated CoOOH archive selection.
.codex\tmp\codex-paramiko\cffi\error.py	877	historical_dataset	manifest_only	Outside the curated CoOOH archive selection.
.codex\tmp\codex-paramiko\cffi\ffiplatform.py	3584	historical_dataset	manifest_only	Outside the curated CoOOH archive selection.
.codex\tmp\codex-paramiko\cffi\lock.py	747	historical_dataset	manifest_only	Outside the curated CoOOH archive selection.
.codex\tmp\codex-paramiko\cffi\model.py	21797	historical_dataset	manifest_only	Outside the curated CoOOH archive selection.
.codex\tmp\codex-paramiko\cffi\parse_c_type.h	5976	historical_dataset	manifest_only	Outside the curated CoOOH archive selection.
.codex\tmp\codex-paramiko\cffi\pkgconfig.py	4374	historical_dataset	manifest_only	Outside the curated CoOOH archive selection.
.codex\tmp\codex-paramiko\cffi\recompiler.py	65509	historical_dataset	manifest_only	Outside the curated CoOOH archive selection.
.codex\tmp\codex-paramiko\cffi\setuptools_ext.py	9411	historical_dataset	manifest_only	Outside the curated CoOOH archive selection.
.codex\tmp\codex-paramiko\cffi\vengine_cpy.py	43881	historical_dataset	manifest_only	Outside the curated CoOOH archive selection.
.codex\tmp\codex-paramiko\cffi\vengine_gen.py	26939	historical_dataset	manifest_only	Outside the curated CoOOH archive selection.
.codex\tmp\codex-paramiko\cffi\verifier.py	11182	historical_dataset	manifest_only	Outside the curated CoOOH archive selection.
.codex\tmp\codex-paramiko\cryptography-48.0.0.dist-info\INSTALLER	4	historical_dataset	manifest_only	Outside the curated CoOOH archive selection.
.codex\tmp\codex-paramiko\cryptography-48.0.0.dist-info\licenses\LICENSE	197	historical_dataset	manifest_only	Outside the curated CoOOH archive selection.
.codex\tmp\codex-paramiko\cryptography-48.0.0.dist-info\licenses\LICENSE.APACHE	11360	historical_dataset	manifest_only	Outside the curated CoOOH archive selection.
.codex\tmp\codex-paramiko\cryptography-48.0.0.dist-info\licenses\LICENSE.BSD	1532	historical_dataset	manifest_only	Outside the curated CoOOH archive selection.
.codex\tmp\codex-paramiko\cryptography-48.0.0.dist-info\METADATA	4343	historical_dataset	manifest_only	Outside the curated CoOOH archive selection.
.codex\tmp\codex-paramiko\cryptography-48.0.0.dist-info\RECORD	17507	historical_dataset	manifest_only	Outside the curated CoOOH archive selection.
.codex\tmp\codex-paramiko\cryptography-48.0.0.dist-info\sboms\cryptography-rust.cyclonedx.json	45557	historical_dataset	manifest_only	Outside the curated CoOOH archive selection.
.codex\tmp\codex-paramiko\cryptography-48.0.0.dist-info\sboms\sbom.json	1223	historical_dataset	manifest_only	Outside the curated CoOOH archive selection.
.codex\tmp\codex-paramiko\cryptography-48.0.0.dist-info\WHEEL	96	historical_dataset	manifest_only	Outside the curated CoOOH archive selection.
.codex\tmp\codex-paramiko\cryptography\__about__.py	445	historical_dataset	manifest_only	Outside the curated CoOOH archive selection.
.codex\tmp\codex-paramiko\cryptography\__init__.py	364	historical_dataset	manifest_only	Outside the curated CoOOH archive selection.
.codex\tmp\codex-paramiko\cryptography\__pycache__\__about__.cpython-313.pyc	465	historical_dataset	manifest_only	Outside the curated CoOOH archive selection.
.codex\tmp\codex-paramiko\cryptography\__pycache__\__init__.cpython-313.pyc	375	historical_dataset	manifest_only	Outside the curated CoOOH archive selection.
.codex\tmp\codex-paramiko\cryptography\__pycache__\exceptions.cpython-313.pyc	2599	historical_dataset	manifest_only	Outside the curated CoOOH archive selection.
.codex\tmp\codex-paramiko\cryptography\__pycache__\fernet.cpython-313.pyc	11301	historical_dataset	manifest_only	Outside the curated CoOOH archive selection.
.codex\tmp\codex-paramiko\cryptography\__pycache__\utils.cpython-313.pyc	6754	historical_dataset	manifest_only	Outside the curated CoOOH archive selection.
.codex\tmp\codex-paramiko\cryptography\exceptions.py	1087	historical_dataset	manifest_only	Outside the curated CoOOH archive selection.
.codex\tmp\codex-paramiko\cryptography\fernet.py	6963	historical_dataset	manifest_only	Outside the curated CoOOH archive selection.
.codex\tmp\codex-paramiko\cryptography\hazmat\__init__.py	455	historical_dataset	manifest_only	Outside the curated CoOOH archive selection.
.codex\tmp\codex-paramiko\cryptography\hazmat\__pycache__\__init__.cpython-313.pyc	256	historical_dataset	manifest_only	Outside the curated CoOOH archive selection.
.codex\tmp\codex-paramiko\cryptography\hazmat\__pycache__\_oid.cpython-313.pyc	21394	historical_dataset	manifest_only	Outside the curated CoOOH archive selection.
.codex\tmp\codex-paramiko\cryptography\hazmat\_oid.py	17240	historical_dataset	manifest_only	Outside the curated CoOOH archive selection.
.codex\tmp\codex-paramiko\cryptography\hazmat\asn1\__init__.py	744	historical_dataset	manifest_only	Outside the curated CoOOH archive selection.
.codex\tmp\codex-paramiko\cryptography\hazmat\asn1\__pycache__\__init__.cpython-313.pyc	616	historical_dataset	manifest_only	Outside the curated CoOOH archive selection.
.codex\tmp\codex-paramiko\cryptography\hazmat\asn1\__pycache__\asn1.cpython-313.pyc	14776	historical_dataset	manifest_only	Outside the curated CoOOH archive selection.
.codex\tmp\codex-paramiko\cryptography\hazmat\asn1\asn1.py	14724	historical_dataset	manifest_only	Outside the curated CoOOH archive selection.
.codex\tmp\codex-paramiko\cryptography\hazmat\backends\__init__.py	361	historical_dataset	manifest_only	Outside the curated CoOOH archive selection.
.codex\tmp\codex-paramiko\cryptography\hazmat\backends\__pycache__\__init__.cpython-313.pyc	508	historical_dataset	manifest_only	Outside the curated CoOOH archive selection.
.codex\tmp\codex-paramiko\cryptography\hazmat\backends\openssl\__init__.py	305	historical_dataset	manifest_only	Outside the curated CoOOH archive selection.
.codex\tmp\codex-paramiko\cryptography\hazmat\backends\openssl\__pycache__\__init__.cpython-313.pyc	372	historical_dataset	manifest_only	Outside the curated CoOOH archive selection.
.codex\tmp\codex-paramiko\cryptography\hazmat\backends\openssl\__pycache__\backend.cpython-313.pyc	14748	historical_dataset	manifest_only	Outside the curated CoOOH archive selection.
.codex\tmp\codex-paramiko\cryptography\hazmat\backends\openssl\backend.py	10520	historical_dataset	manifest_only	Outside the curated CoOOH archive selection.
.codex\tmp\codex-paramiko\cryptography\hazmat\bindings\__init__.py	180	historical_dataset	manifest_only	Outside the curated CoOOH archive selection.
.codex\tmp\codex-paramiko\cryptography\hazmat\bindings\__pycache__\__init__.cpython-313.pyc	209	historical_dataset	manifest_only	Outside the curated CoOOH archive selection.
.codex\tmp\codex-paramiko\cryptography\hazmat\bindings\_rust.pyd	9903104	historical_dataset	manifest_only	Large file not uploaded under archive protocol.
.codex\tmp\codex-paramiko\cryptography\hazmat\bindings\_rust\__init__.pyi	2285	historical_dataset	manifest_only	Outside the curated CoOOH archive selection.
.codex\tmp\codex-paramiko\cryptography\hazmat\bindings\_rust\_openssl.pyi	228	historical_dataset	manifest_only	Outside the curated CoOOH archive selection.
.codex\tmp\codex-paramiko\cryptography\hazmat\bindings\_rust\asn1.pyi	354	historical_dataset	manifest_only	Outside the curated CoOOH archive selection.
.codex\tmp\codex-paramiko\cryptography\hazmat\bindings\_rust\declarative_asn1.pyi	3661	historical_dataset	manifest_only	Outside the curated CoOOH archive selection.
.codex\tmp\codex-paramiko\cryptography\hazmat\bindings\_rust\exceptions.pyi	640	historical_dataset	manifest_only	Outside the curated CoOOH archive selection.
.codex\tmp\codex-paramiko\cryptography\hazmat\bindings\_rust\ocsp.pyi	4020	historical_dataset	manifest_only	Outside the curated CoOOH archive selection.
.codex\tmp\codex-paramiko\cryptography\hazmat\bindings\_rust\openssl\__init__.pyi	1550	historical_dataset	manifest_only	Outside the curated CoOOH archive selection.
.codex\tmp\codex-paramiko\cryptography\hazmat\bindings\_rust\openssl\aead.pyi	4582	historical_dataset	manifest_only	Outside the curated CoOOH archive selection.
.codex\tmp\codex-paramiko\cryptography\hazmat\bindings\_rust\openssl\ciphers.pyi	1315	historical_dataset	manifest_only	Outside the curated CoOOH archive selection.
.codex\tmp\codex-paramiko\cryptography\hazmat\bindings\_rust\openssl\cmac.pyi	564	historical_dataset	manifest_only	Outside the curated CoOOH archive selection.
.codex\tmp\codex-paramiko\cryptography\hazmat\bindings\_rust\openssl\dh.pyi	1564	historical_dataset	manifest_only	Outside the curated CoOOH archive selection.
.codex\tmp\codex-paramiko\cryptography\hazmat\bindings\_rust\openssl\dsa.pyi	1299	historical_dataset	manifest_only	Outside the curated CoOOH archive selection.
.codex\tmp\codex-paramiko\cryptography\hazmat\bindings\_rust\openssl\ec.pyi	1691	historical_dataset	manifest_only	Outside the curated CoOOH archive selection.
.codex\tmp\codex-paramiko\cryptography\hazmat\bindings\_rust\openssl\ed25519.pyi	532	historical_dataset	manifest_only	Outside the curated CoOOH archive selection.
.codex\tmp\codex-paramiko\cryptography\hazmat\bindings\_rust\openssl\ed448.pyi	514	historical_dataset	manifest_only	Outside the curated CoOOH archive selection.
.codex\tmp\codex-paramiko\cryptography\hazmat\bindings\_rust\openssl\hashes.pyi	1076	historical_dataset	manifest_only	Outside the curated CoOOH archive selection.
.codex\tmp\codex-paramiko\cryptography\hazmat\bindings\_rust\openssl\hmac.pyi	702	historical_dataset	manifest_only	Outside the curated CoOOH archive selection.
.codex\tmp\codex-paramiko\cryptography\hazmat\bindings\_rust\openssl\hpke.pyi	2877	historical_dataset	manifest_only	Outside the curated CoOOH archive selection.
.codex\tmp\codex-paramiko\cryptography\hazmat\bindings\_rust\openssl\kdf.pyi	6619	historical_dataset	manifest_only	Outside the curated CoOOH archive selection.
.codex\tmp\codex-paramiko\cryptography\hazmat\bindings\_rust\openssl\keys.pyi	912	historical_dataset	manifest_only	Outside the curated CoOOH archive selection.
.codex\tmp\codex-paramiko\cryptography\hazmat\bindings\_rust\openssl\mldsa.pyi	1073	historical_dataset	manifest_only	Outside the curated CoOOH archive selection.
.codex\tmp\codex-paramiko\cryptography\hazmat\bindings\_rust\openssl\mlkem.pyi	835	historical_dataset	manifest_only	Outside the curated CoOOH archive selection.
.codex\tmp\codex-paramiko\cryptography\hazmat\bindings\_rust\openssl\poly1305.pyi	585	historical_dataset	manifest_only	Outside the curated CoOOH archive selection.
.codex\tmp\codex-paramiko\cryptography\hazmat\bindings\_rust\openssl\rsa.pyi	1364	historical_dataset	manifest_only	Outside the curated CoOOH archive selection.
.codex\tmp\codex-paramiko\cryptography\hazmat\bindings\_rust\openssl\x25519.pyi	523	historical_dataset	manifest_only	Outside the curated CoOOH archive selection.
.codex\tmp\codex-paramiko\cryptography\hazmat\bindings\_rust\openssl\x448.pyi	505	historical_dataset	manifest_only	Outside the curated CoOOH archive selection.
.codex\tmp\codex-paramiko\cryptography\hazmat\bindings\_rust\pkcs12.pyi	1605	historical_dataset	manifest_only	Outside the curated CoOOH archive selection.
.codex\tmp\codex-paramiko\cryptography\hazmat\bindings\_rust\pkcs7.pyi	1601	historical_dataset	manifest_only	Outside the curated CoOOH archive selection.
.codex\tmp\codex-paramiko\cryptography\hazmat\bindings\_rust\test_support.pyi	757	historical_dataset	manifest_only	Outside the curated CoOOH archive selection.
.codex\tmp\codex-paramiko\cryptography\hazmat\bindings\_rust\x509.pyi	10152	historical_dataset	manifest_only	Outside the curated CoOOH archive selection.
.codex\tmp\codex-paramiko\cryptography\hazmat\bindings\openssl\__init__.py	180	historical_dataset	manifest_only	Outside the curated CoOOH archive selection.
.codex\tmp\codex-paramiko\cryptography\hazmat\bindings\openssl\__pycache__\__init__.cpython-313.pyc	217	historical_dataset	manifest_only	Outside the curated CoOOH archive selection.
.codex\tmp\codex-paramiko\cryptography\hazmat\bindings\openssl\__pycache__\_conditional.cpython-313.pyc	5663	historical_dataset	manifest_only	Outside the curated CoOOH archive selection.
.codex\tmp\codex-paramiko\cryptography\hazmat\bindings\openssl\__pycache__\binding.cpython-313.pyc	5168	historical_dataset	manifest_only	Outside the curated CoOOH archive selection.
.codex\tmp\codex-paramiko\cryptography\hazmat\bindings\openssl\_conditional.py	5611	historical_dataset	manifest_only	Outside the curated CoOOH archive selection.
.codex\tmp\codex-paramiko\cryptography\hazmat\bindings\openssl\binding.py	4096	historical_dataset	manifest_only	Outside the curated CoOOH archive selection.
.codex\tmp\codex-paramiko\cryptography\hazmat\decrepit\__init__.py	216	historical_dataset	manifest_only	Outside the curated CoOOH archive selection.
.codex\tmp\codex-paramiko\cryptography\hazmat\decrepit\__pycache__\__init__.cpython-313.pyc	260	historical_dataset	manifest_only	Outside the curated CoOOH archive selection.
.codex\tmp\codex-paramiko\cryptography\hazmat\decrepit\ciphers\__init__.py	216	historical_dataset	manifest_only	Outside the curated CoOOH archive selection.
.codex\tmp\codex-paramiko\cryptography\hazmat\decrepit\ciphers\__pycache__\__init__.cpython-313.pyc	268	historical_dataset	manifest_only	Outside the curated CoOOH archive selection.
.codex\tmp\codex-paramiko\cryptography\hazmat\decrepit\ciphers\__pycache__\algorithms.cpython-313.pyc	6213	historical_dataset	manifest_only	Outside the curated CoOOH archive selection.
.codex\tmp\codex-paramiko\cryptography\hazmat\decrepit\ciphers\__pycache__\modes.cpython-313.pyc	2212	historical_dataset	manifest_only	Outside the curated CoOOH archive selection.
.codex\tmp\codex-paramiko\cryptography\hazmat\decrepit\ciphers\algorithms.py	3566	historical_dataset	manifest_only	Outside the curated CoOOH archive selection.
.codex\tmp\codex-paramiko\cryptography\hazmat\decrepit\ciphers\modes.py	1649	historical_dataset	manifest_only	Outside the curated CoOOH archive selection.
.codex\tmp\codex-paramiko\cryptography\hazmat\primitives\__init__.py	180	historical_dataset	manifest_only	Outside the curated CoOOH archive selection.
.codex\tmp\codex-paramiko\cryptography\hazmat\primitives\__pycache__\__init__.cpython-313.pyc	211	historical_dataset	manifest_only	Outside the curated CoOOH archive selection.
.codex\tmp\codex-paramiko\cryptography\hazmat\primitives\__pycache__\_asymmetric.cpython-313.pyc	855	historical_dataset	manifest_only	Outside the curated CoOOH archive selection.
.codex\tmp\codex-paramiko\cryptography\hazmat\primitives\__pycache__\_cipheralgorithm.cpython-313.pyc	2529	historical_dataset	manifest_only	Outside the curated CoOOH archive selection.
.codex\tmp\codex-paramiko\cryptography\hazmat\primitives\__pycache__\_modes.cpython-313.pyc	5260	historical_dataset	manifest_only	Outside the curated CoOOH archive selection.
.codex\tmp\codex-paramiko\cryptography\hazmat\primitives\__pycache__\_serialization.cpython-313.pyc	5783	historical_dataset	manifest_only	Outside the curated CoOOH archive selection.
.codex\tmp\codex-paramiko\cryptography\hazmat\primitives\__pycache__\cmac.cpython-313.pyc	439	historical_dataset	manifest_only	Outside the curated CoOOH archive selection.
.codex\tmp\codex-paramiko\cryptography\hazmat\primitives\__pycache__\constant_time.cpython-313.pyc	703	historical_dataset	manifest_only	Outside the curated CoOOH archive selection.
.codex\tmp\codex-paramiko\cryptography\hazmat\primitives\__pycache__\hashes.cpython-313.pyc	8644	historical_dataset	manifest_only	Outside the curated CoOOH archive selection.
.codex\tmp\codex-paramiko\cryptography\hazmat\primitives\__pycache__\hmac.cpython-313.pyc	598	historical_dataset	manifest_only	Outside the curated CoOOH archive selection.
.codex\tmp\codex-paramiko\cryptography\hazmat\primitives\__pycache__\hpke.cpython-313.pyc	1026	historical_dataset	manifest_only	Outside the curated CoOOH archive selection.
.codex\tmp\codex-paramiko\cryptography\hazmat\primitives\__pycache__\keywrap.cpython-313.pyc	7688	historical_dataset	manifest_only	Outside the curated CoOOH archive selection.
.codex\tmp\codex-paramiko\cryptography\hazmat\primitives\__pycache__\padding.cpython-313.pyc	3309	historical_dataset	manifest_only	Outside the curated CoOOH archive selection.
.codex\tmp\codex-paramiko\cryptography\hazmat\primitives\__pycache__\poly1305.cpython-313.pyc	451	historical_dataset	manifest_only	Outside the curated CoOOH archive selection.
.codex\tmp\codex-paramiko\cryptography\hazmat\primitives\_asymmetric.py	532	historical_dataset	manifest_only	Outside the curated CoOOH archive selection.
.codex\tmp\codex-paramiko\cryptography\hazmat\primitives\_cipheralgorithm.py	1522	historical_dataset	manifest_only	Outside the curated CoOOH archive selection.
.codex\tmp\codex-paramiko\cryptography\hazmat\primitives\_modes.py	3075	historical_dataset	manifest_only	Outside the curated CoOOH archive selection.
.codex\tmp\codex-paramiko\cryptography\hazmat\primitives\_serialization.py	4440	historical_dataset	manifest_only	Outside the curated CoOOH archive selection.
.codex\tmp\codex-paramiko\cryptography\hazmat\primitives\asymmetric\__init__.py	180	historical_dataset	manifest_only	Outside the curated CoOOH archive selection.
.codex\tmp\codex-paramiko\cryptography\hazmat\primitives\asymmetric\__pycache__\__init__.cpython-313.pyc	222	historical_dataset	manifest_only	Outside the curated CoOOH archive selection.
.codex\tmp\codex-paramiko\cryptography\hazmat\primitives\asymmetric\__pycache__\dh.cpython-313.pyc	6427	historical_dataset	manifest_only	Outside the curated CoOOH archive selection.
.codex\tmp\codex-paramiko\cryptography\hazmat\primitives\asymmetric\__pycache__\dsa.cpython-313.pyc	7295	historical_dataset	manifest_only	Outside the curated CoOOH archive selection.
.codex\tmp\codex-paramiko\cryptography\hazmat\primitives\asymmetric\__pycache__\ec.cpython-313.pyc	14811	historical_dataset	manifest_only	Outside the curated CoOOH archive selection.
.codex\tmp\codex-paramiko\cryptography\hazmat\primitives\asymmetric\__pycache__\ed25519.cpython-313.pyc	5240	historical_dataset	manifest_only	Outside the curated CoOOH archive selection.
.codex\tmp\codex-paramiko\cryptography\hazmat\primitives\asymmetric\__pycache__\ed448.cpython-313.pyc	6105	historical_dataset	manifest_only	Outside the curated CoOOH archive selection.
.codex\tmp\codex-paramiko\cryptography\hazmat\primitives\asymmetric\__pycache__\mldsa.cpython-313.pyc	14354	historical_dataset	manifest_only	Outside the curated CoOOH archive selection.
.codex\tmp\codex-paramiko\cryptography\hazmat\primitives\asymmetric\__pycache__\mlkem.cpython-313.pyc	10906	historical_dataset	manifest_only	Outside the curated CoOOH archive selection.
.codex\tmp\codex-paramiko\cryptography\hazmat\primitives\asymmetric\__pycache__\padding.cpython-313.pyc	5136	historical_dataset	manifest_only	Outside the curated CoOOH archive selection.
.codex\tmp\codex-paramiko\cryptography\hazmat\primitives\asymmetric\__pycache__\rsa.cpython-313.pyc	10771	historical_dataset	manifest_only	Outside the curated CoOOH archive selection.
.codex\tmp\codex-paramiko\cryptography\hazmat\primitives\asymmetric\__pycache__\types.cpython-313.pyc	3664	historical_dataset	manifest_only	Outside the curated CoOOH archive selection.
.codex\tmp\codex-paramiko\cryptography\hazmat\primitives\asymmetric\__pycache__\utils.cpython-313.pyc	1598	historical_dataset	manifest_only	Outside the curated CoOOH archive selection.
.codex\tmp\codex-paramiko\cryptography\hazmat\primitives\asymmetric\__pycache__\x25519.cpython-313.pyc	5849	historical_dataset	manifest_only	Outside the curated CoOOH archive selection.
.codex\tmp\codex-paramiko\cryptography\hazmat\primitives\asymmetric\__pycache__\x448.cpython-313.pyc	5912	historical_dataset	manifest_only	Outside the curated CoOOH archive selection.
.codex\tmp\codex-paramiko\cryptography\hazmat\primitives\asymmetric\dh.py	3912	historical_dataset	manifest_only	Outside the curated CoOOH archive selection.
.codex\tmp\codex-paramiko\cryptography\hazmat\primitives\asymmetric\dsa.py	4482	historical_dataset	manifest_only	Outside the curated CoOOH archive selection.
.codex\tmp\codex-paramiko\cryptography\hazmat\primitives\asymmetric\ec.py	10183	historical_dataset	manifest_only	Outside the curated CoOOH archive selection.
.codex\tmp\codex-paramiko\cryptography\hazmat\primitives\asymmetric\ed25519.py	2998	historical_dataset	manifest_only	Outside the curated CoOOH archive selection.
.codex\tmp\codex-paramiko\cryptography\hazmat\primitives\asymmetric\ed448.py	4002	historical_dataset	manifest_only	Outside the curated CoOOH archive selection.
.codex\tmp\codex-paramiko\cryptography\hazmat\primitives\asymmetric\mldsa.py	12226	historical_dataset	manifest_only	Outside the curated CoOOH archive selection.
.codex\tmp\codex-paramiko\cryptography\hazmat\primitives\asymmetric\mlkem.py	7901	historical_dataset	manifest_only	Outside the curated CoOOH archive selection.
.codex\tmp\codex-paramiko\cryptography\hazmat\primitives\asymmetric\padding.py	2854	historical_dataset	manifest_only	Outside the curated CoOOH archive selection.
.codex\tmp\codex-paramiko\cryptography\hazmat\primitives\asymmetric\rsa.py	8492	historical_dataset	manifest_only	Outside the curated CoOOH archive selection.
.codex\tmp\codex-paramiko\cryptography\hazmat\primitives\asymmetric\types.py	3309	historical_dataset	manifest_only	Outside the curated CoOOH archive selection.
.codex\tmp\codex-paramiko\cryptography\hazmat\primitives\asymmetric\utils.py	821	historical_dataset	manifest_only	Outside the curated CoOOH archive selection.
.codex\tmp\codex-paramiko\cryptography\hazmat\primitives\asymmetric\x25519.py	3888	historical_dataset	manifest_only	Outside the curated CoOOH archive selection.
.codex\tmp\codex-paramiko\cryptography\hazmat\primitives\asymmetric\x448.py	3913	historical_dataset	manifest_only	Outside the curated CoOOH archive selection.
.codex\tmp\codex-paramiko\cryptography\hazmat\primitives\ciphers\__init__.py	680	historical_dataset	manifest_only	Outside the curated CoOOH archive selection.
.codex\tmp\codex-paramiko\cryptography\hazmat\primitives\ciphers\__pycache__\__init__.cpython-313.pyc	650	historical_dataset	manifest_only	Outside the curated CoOOH archive selection.
.codex\tmp\codex-paramiko\cryptography\hazmat\primitives\ciphers\__pycache__\aead.cpython-313.pyc	840	historical_dataset	manifest_only	Outside the curated CoOOH archive selection.
.codex\tmp\codex-paramiko\cryptography\hazmat\primitives\ciphers\__pycache__\algorithms.cpython-313.pyc	4818	historical_dataset	manifest_only	Outside the curated CoOOH archive selection.
.codex\tmp\codex-paramiko\cryptography\hazmat\primitives\ciphers\__pycache__\base.cpython-313.pyc	7091	historical_dataset	manifest_only	Outside the curated CoOOH archive selection.
.codex\tmp\codex-paramiko\cryptography\hazmat\primitives\ciphers\__pycache__\modes.cpython-313.pyc	7466	historical_dataset	manifest_only	Outside the curated CoOOH archive selection.
.codex\tmp\codex-paramiko\cryptography\hazmat\primitives\ciphers\aead.py	634	historical_dataset	manifest_only	Outside the curated CoOOH archive selection.
.codex\tmp\codex-paramiko\cryptography\hazmat\primitives\ciphers\algorithms.py	3496	historical_dataset	manifest_only	Outside the curated CoOOH archive selection.
.codex\tmp\codex-paramiko\cryptography\hazmat\primitives\ciphers\base.py	4253	historical_dataset	manifest_only	Outside the curated CoOOH archive selection.
.codex\tmp\codex-paramiko\cryptography\hazmat\primitives\ciphers\modes.py	6007	historical_dataset	manifest_only	Outside the curated CoOOH archive selection.
.codex\tmp\codex-paramiko\cryptography\hazmat\primitives\cmac.py	338	historical_dataset	manifest_only	Outside the curated CoOOH archive selection.
.codex\tmp\codex-paramiko\cryptography\hazmat\primitives\constant_time.py	422	historical_dataset	manifest_only	Outside the curated CoOOH archive selection.
.codex\tmp\codex-paramiko\cryptography\hazmat\primitives\hashes.py	5184	historical_dataset	manifest_only	Outside the curated CoOOH archive selection.
.codex\tmp\codex-paramiko\cryptography\hazmat\primitives\hmac.py	423	historical_dataset	manifest_only	Outside the curated CoOOH archive selection.
.codex\tmp\codex-paramiko\cryptography\hazmat\primitives\hpke.py	865	historical_dataset	manifest_only	Outside the curated CoOOH archive selection.
.codex\tmp\codex-paramiko\cryptography\hazmat\primitives\kdf\__init__.py	1037	historical_dataset	manifest_only	Outside the curated CoOOH archive selection.
.codex\tmp\codex-paramiko\cryptography\hazmat\primitives\kdf\__pycache__\__init__.cpython-313.pyc	1666	historical_dataset	manifest_only	Outside the curated CoOOH archive selection.
.codex\tmp\codex-paramiko\cryptography\hazmat\primitives\kdf\__pycache__\argon2.cpython-313.pyc	841	historical_dataset	manifest_only	Outside the curated CoOOH archive selection.
.codex\tmp\codex-paramiko\cryptography\hazmat\primitives\kdf\__pycache__\concatkdf.cpython-313.pyc	733	historical_dataset	manifest_only	Outside the curated CoOOH archive selection.
.codex\tmp\codex-paramiko\cryptography\hazmat\primitives\kdf\__pycache__\hkdf.cpython-313.pyc	716	historical_dataset	manifest_only	Outside the curated CoOOH archive selection.
.codex\tmp\codex-paramiko\cryptography\hazmat\primitives\kdf\__pycache__\kbkdf.cpython-313.pyc	1332	historical_dataset	manifest_only	Outside the curated CoOOH archive selection.
.codex\tmp\codex-paramiko\cryptography\hazmat\primitives\kdf\__pycache__\pbkdf2.cpython-313.pyc	591	historical_dataset	manifest_only	Outside the curated CoOOH archive selection.
.codex\tmp\codex-paramiko\cryptography\hazmat\primitives\kdf\__pycache__\scrypt.cpython-313.pyc	675	historical_dataset	manifest_only	Outside the curated CoOOH archive selection.
.codex\tmp\codex-paramiko\cryptography\hazmat\primitives\kdf\__pycache__\x963kdf.cpython-313.pyc	589	historical_dataset	manifest_only	Outside the curated CoOOH archive selection.
.codex\tmp\codex-paramiko\cryptography\hazmat\primitives\kdf\argon2.py	632	historical_dataset	manifest_only	Outside the curated CoOOH archive selection.
.codex\tmp\codex-paramiko\cryptography\hazmat\primitives\kdf\concatkdf.py	591	historical_dataset	manifest_only	Outside the curated CoOOH archive selection.
.codex\tmp\codex-paramiko\cryptography\hazmat\primitives\kdf\hkdf.py	543	historical_dataset	manifest_only	Outside the curated CoOOH archive selection.
.codex\tmp\codex-paramiko\cryptography\hazmat\primitives\kdf\kbkdf.py	737	historical_dataset	manifest_only	Outside the curated CoOOH archive selection.
.codex\tmp\codex-paramiko\cryptography\hazmat\primitives\kdf\pbkdf2.py	468	historical_dataset	manifest_only	Outside the curated CoOOH archive selection.
.codex\tmp\codex-paramiko\cryptography\hazmat\primitives\kdf\scrypt.py	590	historical_dataset	manifest_only	Outside the curated CoOOH archive selection.
.codex\tmp\codex-paramiko\cryptography\hazmat\primitives\kdf\x963kdf.py	456	historical_dataset	manifest_only	Outside the curated CoOOH archive selection.
.codex\tmp\codex-paramiko\cryptography\hazmat\primitives\keywrap.py	5776	historical_dataset	manifest_only	Outside the curated CoOOH archive selection.
.codex\tmp\codex-paramiko\cryptography\hazmat\primitives\padding.py	1865	historical_dataset	manifest_only	Outside the curated CoOOH archive selection.
.codex\tmp\codex-paramiko\cryptography\hazmat\primitives\poly1305.py	355	historical_dataset	manifest_only	Outside the curated CoOOH archive selection.
.codex\tmp\codex-paramiko\cryptography\hazmat\primitives\serialization\__init__.py	1705	historical_dataset	manifest_only	Outside the curated CoOOH archive selection.
.codex\tmp\codex-paramiko\cryptography\hazmat\primitives\serialization\__pycache__\__init__.cpython-313.pyc	1390	historical_dataset	manifest_only	Outside the curated CoOOH archive selection.
.codex\tmp\codex-paramiko\cryptography\hazmat\primitives\serialization\__pycache__\base.cpython-313.pyc	855	historical_dataset	manifest_only	Outside the curated CoOOH archive selection.
.codex\tmp\codex-paramiko\cryptography\hazmat\primitives\serialization\__pycache__\pkcs12.cpython-313.pyc	6865	historical_dataset	manifest_only	Outside the curated CoOOH archive selection.
.codex\tmp\codex-paramiko\cryptography\hazmat\primitives\serialization\__pycache__\pkcs7.cpython-313.pyc	17557	historical_dataset	manifest_only	Outside the curated CoOOH archive selection.
.codex\tmp\codex-paramiko\cryptography\hazmat\primitives\serialization\__pycache__\ssh.cpython-313.pyc	68131	historical_dataset	manifest_only	Outside the curated CoOOH archive selection.
.codex\tmp\codex-paramiko\cryptography\hazmat\primitives\serialization\base.py	615	historical_dataset	manifest_only	Outside the curated CoOOH archive selection.
.codex\tmp\codex-paramiko\cryptography\hazmat\primitives\serialization\pkcs12.py	5104	historical_dataset	manifest_only	Outside the curated CoOOH archive selection.
.codex\tmp\codex-paramiko\cryptography\hazmat\primitives\serialization\pkcs7.py	13998	historical_dataset	manifest_only	Outside the curated CoOOH archive selection.
.codex\tmp\codex-paramiko\cryptography\hazmat\primitives\serialization\ssh.py	53789	historical_dataset	manifest_only	Outside the curated CoOOH archive selection.
.codex\tmp\codex-paramiko\cryptography\hazmat\primitives\twofactor\__init__.py	258	historical_dataset	manifest_only	Outside the curated CoOOH archive selection.
.codex\tmp\codex-paramiko\cryptography\hazmat\primitives\twofactor\__pycache__\__init__.cpython-313.pyc	522	historical_dataset	manifest_only	Outside the curated CoOOH archive selection.
.codex\tmp\codex-paramiko\cryptography\hazmat\primitives\twofactor\__pycache__\hotp.cpython-313.pyc	5292	historical_dataset	manifest_only	Outside the curated CoOOH archive selection.
.codex\tmp\codex-paramiko\cryptography\hazmat\primitives\twofactor\__pycache__\totp.cpython-313.pyc	2603	historical_dataset	manifest_only	Outside the curated CoOOH archive selection.
.codex\tmp\codex-paramiko\cryptography\hazmat\primitives\twofactor\hotp.py	3256	historical_dataset	manifest_only	Outside the curated CoOOH archive selection.
.codex\tmp\codex-paramiko\cryptography\hazmat\primitives\twofactor\totp.py	1652	historical_dataset	manifest_only	Outside the curated CoOOH archive selection.
.codex\tmp\codex-paramiko\cryptography\py.typed	0	historical_dataset	manifest_only	Outside the curated CoOOH archive selection.
.codex\tmp\codex-paramiko\cryptography\utils.py	4281	historical_dataset	manifest_only	Outside the curated CoOOH archive selection.
.codex\tmp\codex-paramiko\cryptography\x509\__init__.py	8273	historical_dataset	manifest_only	Outside the curated CoOOH archive selection.
.codex\tmp\codex-paramiko\cryptography\x509\__pycache__\__init__.cpython-313.pyc	8475	historical_dataset	manifest_only	Outside the curated CoOOH archive selection.
.codex\tmp\codex-paramiko\cryptography\x509\__pycache__\base.cpython-313.pyc	30949	historical_dataset	manifest_only	Outside the curated CoOOH archive selection.
.codex\tmp\codex-paramiko\cryptography\x509\__pycache__\certificate_transparency.cpython-313.pyc	1517	historical_dataset	manifest_only	Outside the curated CoOOH archive selection.
.codex\tmp\codex-paramiko\cryptography\x509\__pycache__\extensions.cpython-313.pyc	116231	historical_dataset	manifest_only	Outside the curated CoOOH archive selection.
.codex\tmp\codex-paramiko\cryptography\x509\__pycache__\general_name.cpython-313.pyc	13630	historical_dataset	manifest_only	Outside the curated CoOOH archive selection.
.codex\tmp\codex-paramiko\cryptography\x509\__pycache__\name.cpython-313.pyc	23767	historical_dataset	manifest_only	Outside the curated CoOOH archive selection.
.codex\tmp\codex-paramiko\cryptography\x509\__pycache__\ocsp.cpython-313.pyc	15506	historical_dataset	manifest_only	Outside the curated CoOOH archive selection.
.codex\tmp\codex-paramiko\cryptography\x509\__pycache__\oid.cpython-313.pyc	772	historical_dataset	manifest_only	Outside the curated CoOOH archive selection.
.codex\tmp\codex-paramiko\cryptography\x509\__pycache__\verification.cpython-313.pyc	1018	historical_dataset	manifest_only	Outside the curated CoOOH archive selection.
.codex\tmp\codex-paramiko\cryptography\x509\base.py	25998	historical_dataset	manifest_only	Outside the curated CoOOH archive selection.
.codex\tmp\codex-paramiko\cryptography\x509\certificate_transparency.py	797	historical_dataset	manifest_only	Outside the curated CoOOH archive selection.
.codex\tmp\codex-paramiko\cryptography\x509\extensions.py	77968	historical_dataset	manifest_only	Outside the curated CoOOH archive selection.
.codex\tmp\codex-paramiko\cryptography\x509\general_name.py	7836	historical_dataset	manifest_only	Outside the curated CoOOH archive selection.
.codex\tmp\codex-paramiko\cryptography\x509\name.py	15356	historical_dataset	manifest_only	Outside the curated CoOOH archive selection.
.codex\tmp\codex-paramiko\cryptography\x509\ocsp.py	12699	historical_dataset	manifest_only	Outside the curated CoOOH archive selection.
.codex\tmp\codex-paramiko\cryptography\x509\oid.py	931	historical_dataset	manifest_only	Outside the curated CoOOH archive selection.
.codex\tmp\codex-paramiko\cryptography\x509\verification.py	958	historical_dataset	manifest_only	Outside the curated CoOOH archive selection.
.codex\tmp\codex-paramiko\invoke-3.0.3.dist-info\entry_points.txt	81	historical_dataset	manifest_only	Outside the curated CoOOH archive selection.
.codex\tmp\codex-paramiko\invoke-3.0.3.dist-info\INSTALLER	4	historical_dataset	manifest_only	Outside the curated CoOOH archive selection.
.codex\tmp\codex-paramiko\invoke-3.0.3.dist-info\licenses\LICENSE	1314	historical_dataset	manifest_only	Outside the curated CoOOH archive selection.
.codex\tmp\codex-paramiko\invoke-3.0.3.dist-info\METADATA	3246	historical_dataset	manifest_only	Outside the curated CoOOH archive selection.
.codex\tmp\codex-paramiko\invoke-3.0.3.dist-info\RECORD	7549	historical_dataset	manifest_only	Outside the curated CoOOH archive selection.
.codex\tmp\codex-paramiko\invoke-3.0.3.dist-info\top_level.txt	7	historical_dataset	manifest_only	Outside the curated CoOOH archive selection.
.codex\tmp\codex-paramiko\invoke-3.0.3.dist-info\WHEEL	91	historical_dataset	manifest_only	Outside the curated CoOOH archive selection.
.codex\tmp\codex-paramiko\invoke\__init__.py	2212	historical_dataset	manifest_only	Outside the curated CoOOH archive selection.
.codex\tmp\codex-paramiko\invoke\__main__.py	47	historical_dataset	manifest_only	Outside the curated CoOOH archive selection.
.codex\tmp\codex-paramiko\invoke\__pycache__\__init__.cpython-313.pyc	2903	historical_dataset	manifest_only	Outside the curated CoOOH archive selection.
.codex\tmp\codex-paramiko\invoke\__pycache__\__main__.cpython-313.pyc	281	historical_dataset	manifest_only	Outside the curated CoOOH archive selection.
.codex\tmp\codex-paramiko\invoke\__pycache__\collection.cpython-313.pyc	25801	historical_dataset	manifest_only	Outside the curated CoOOH archive selection.
.codex\tmp\codex-paramiko\invoke\__pycache__\config.cpython-313.pyc	45210	historical_dataset	manifest_only	Outside the curated CoOOH archive selection.
.codex\tmp\codex-paramiko\invoke\__pycache__\context.cpython-313.pyc	22657	historical_dataset	manifest_only	Outside the curated CoOOH archive selection.
.codex\tmp\codex-paramiko\invoke\__pycache__\env.cpython-313.pyc	5615	historical_dataset	manifest_only	Outside the curated CoOOH archive selection.
.codex\tmp\codex-paramiko\invoke\__pycache__\exceptions.cpython-313.pyc	17186	historical_dataset	manifest_only	Outside the curated CoOOH archive selection.
.codex\tmp\codex-paramiko\invoke\__pycache__\executor.cpython-313.pyc	8576	historical_dataset	manifest_only	Outside the curated CoOOH archive selection.
.codex\tmp\codex-paramiko\invoke\__pycache__\loader.cpython-313.pyc	7097	historical_dataset	manifest_only	Outside the curated CoOOH archive selection.
.codex\tmp\codex-paramiko\invoke\__pycache__\main.cpython-313.pyc	457	historical_dataset	manifest_only	Outside the curated CoOOH archive selection.
.codex\tmp\codex-paramiko\invoke\__pycache__\program.cpython-313.pyc	38484	historical_dataset	manifest_only	Outside the curated CoOOH archive selection.
.codex\tmp\codex-paramiko\invoke\__pycache__\runners.cpython-313.pyc	61107	historical_dataset	manifest_only	Outside the curated CoOOH archive selection.
.codex\tmp\codex-paramiko\invoke\__pycache__\tasks.cpython-313.pyc	20852	historical_dataset	manifest_only	Outside the curated CoOOH archive selection.
.codex\tmp\codex-paramiko\invoke\__pycache__\terminals.cpython-313.pyc	8342	historical_dataset	manifest_only	Outside the curated CoOOH archive selection.
.codex\tmp\codex-paramiko\invoke\__pycache__\util.cpython-313.pyc	8715	historical_dataset	manifest_only	Outside the curated CoOOH archive selection.
.codex\tmp\codex-paramiko\invoke\__pycache__\watchers.cpython-313.pyc	5912	historical_dataset	manifest_only	Outside the curated CoOOH archive selection.
.codex\tmp\codex-paramiko\invoke\collection.py	23060	historical_dataset	manifest_only	Outside the curated CoOOH archive selection.
.codex\tmp\codex-paramiko\invoke\completion\__init__.py	0	historical_dataset	manifest_only	Outside the curated CoOOH archive selection.
.codex\tmp\codex-paramiko\invoke\completion\__pycache__\__init__.cpython-313.pyc	198	historical_dataset	manifest_only	Outside the curated CoOOH archive selection.
.codex\tmp\codex-paramiko\invoke\completion\__pycache__\complete.cpython-313.pyc	5800	historical_dataset	manifest_only	Outside the curated CoOOH archive selection.
.codex\tmp\codex-paramiko\invoke\completion\bash.completion	1356	historical_dataset	manifest_only	Outside the curated CoOOH archive selection.
.codex\tmp\codex-paramiko\invoke\completion\complete.py	5222	historical_dataset	manifest_only	Outside the curated CoOOH archive selection.
.codex\tmp\codex-paramiko\invoke\completion\fish.completion	382	historical_dataset	manifest_only	Outside the curated CoOOH archive selection.
.codex\tmp\codex-paramiko\invoke\completion\zsh.completion	1429	historical_dataset	manifest_only	Outside the curated CoOOH archive selection.
.codex\tmp\codex-paramiko\invoke\config.py	49648	historical_dataset	manifest_only	Outside the curated CoOOH archive selection.
.codex\tmp\codex-paramiko\invoke\context.py	25925	historical_dataset	manifest_only	Outside the curated CoOOH archive selection.
.codex\tmp\codex-paramiko\invoke\env.py	4394	historical_dataset	manifest_only	Outside the curated CoOOH archive selection.
.codex\tmp\codex-paramiko\invoke\exceptions.py	12227	historical_dataset	manifest_only	Outside the curated CoOOH archive selection.
.codex\tmp\codex-paramiko\invoke\executor.py	9045	historical_dataset	manifest_only	Outside the curated CoOOH archive selection.
.codex\tmp\codex-paramiko\invoke\loader.py	6010	historical_dataset	manifest_only	Outside the curated CoOOH archive selection.
.codex\tmp\codex-paramiko\invoke\main.py	235	historical_dataset	manifest_only	Outside the curated CoOOH archive selection.
.codex\tmp\codex-paramiko\invoke\parser\__init__.py	181	historical_dataset	manifest_only	Outside the curated CoOOH archive selection.
.codex\tmp\codex-paramiko\invoke\parser\__pycache__\__init__.cpython-313.pyc	394	historical_dataset	manifest_only	Outside the curated CoOOH archive selection.
.codex\tmp\codex-paramiko\invoke\parser\__pycache__\argument.cpython-313.pyc	7374	historical_dataset	manifest_only	Outside the curated CoOOH archive selection.
.codex\tmp\codex-paramiko\invoke\parser\__pycache__\context.cpython-313.pyc	12288	historical_dataset	manifest_only	Outside the curated CoOOH archive selection.
.codex\tmp\codex-paramiko\invoke\parser\__pycache__\parser.cpython-313.pyc	20761	historical_dataset	manifest_only	Outside the curated CoOOH archive selection.
.codex\tmp\codex-paramiko\invoke\parser\argument.py	6045	historical_dataset	manifest_only	Outside the curated CoOOH archive selection.
.codex\tmp\codex-paramiko\invoke\parser\context.py	9815	historical_dataset	manifest_only	Outside the curated CoOOH archive selection.
.codex\tmp\codex-paramiko\invoke\parser\parser.py	19809	historical_dataset	manifest_only	Outside the curated CoOOH archive selection.
.codex\tmp\codex-paramiko\invoke\program.py	38177	historical_dataset	manifest_only	Outside the curated CoOOH archive selection.
.codex\tmp\codex-paramiko\invoke\py.typed	0	historical_dataset	manifest_only	Outside the curated CoOOH archive selection.
.codex\tmp\codex-paramiko\invoke\runners.py	67359	historical_dataset	manifest_only	Outside the curated CoOOH archive selection.
.codex\tmp\codex-paramiko\invoke\tasks.py	20144	historical_dataset	manifest_only	Outside the curated CoOOH archive selection.
.codex\tmp\codex-paramiko\invoke\terminals.py	8148	historical_dataset	manifest_only	Outside the curated CoOOH archive selection.
.codex\tmp\codex-paramiko\invoke\util.py	10018	historical_dataset	manifest_only	Outside the curated CoOOH archive selection.
.codex\tmp\codex-paramiko\invoke\vendor\__init__.py	0	historical_dataset	manifest_only	Outside the curated CoOOH archive selection.
.codex\tmp\codex-paramiko\invoke\vendor\__pycache__\__init__.cpython-313.pyc	194	historical_dataset	manifest_only	Outside the curated CoOOH archive selection.
.codex\tmp\codex-paramiko\invoke\vendor\fluidity\__init__.py	196	historical_dataset	manifest_only	Outside the curated CoOOH archive selection.
.codex\tmp\codex-paramiko\invoke\vendor\fluidity\__pycache__\__init__.cpython-313.pyc	416	historical_dataset	manifest_only	Outside the curated CoOOH archive selection.
.codex\tmp\codex-paramiko\invoke\vendor\fluidity\__pycache__\backwardscompat.cpython-313.pyc	462	historical_dataset	manifest_only	Outside the curated CoOOH archive selection.
.codex\tmp\codex-paramiko\invoke\vendor\fluidity\__pycache__\machine.cpython-313.pyc	16909	historical_dataset	manifest_only	Outside the curated CoOOH archive selection.
.codex\tmp\codex-paramiko\invoke\vendor\fluidity\backwardscompat.py	135	historical_dataset	manifest_only	Outside the curated CoOOH archive selection.
.codex\tmp\codex-paramiko\invoke\vendor\fluidity\machine.py	8686	historical_dataset	manifest_only	Outside the curated CoOOH archive selection.
.codex\tmp\codex-paramiko\invoke\vendor\lexicon\__init__.py	1133	historical_dataset	manifest_only	Outside the curated CoOOH archive selection.
.codex\tmp\codex-paramiko\invoke\vendor\lexicon\__pycache__\__init__.cpython-313.pyc	1277	historical_dataset	manifest_only	Outside the curated CoOOH archive selection.
.codex\tmp\codex-paramiko\invoke\vendor\lexicon\__pycache__\_version.cpython-313.pyc	346	historical_dataset	manifest_only	Outside the curated CoOOH archive selection.
.codex\tmp\codex-paramiko\invoke\vendor\lexicon\__pycache__\alias_dict.cpython-313.pyc	5497	historical_dataset	manifest_only	Outside the curated CoOOH archive selection.
.codex\tmp\codex-paramiko\invoke\vendor\lexicon\__pycache__\attribute_dict.cpython-313.pyc	1270	historical_dataset	manifest_only	Outside the curated CoOOH archive selection.
.codex\tmp\codex-paramiko\invoke\vendor\lexicon\_version.py	80	historical_dataset	manifest_only	Outside the curated CoOOH archive selection.
.codex\tmp\codex-paramiko\invoke\vendor\lexicon\alias_dict.py	3223	historical_dataset	manifest_only	Outside the curated CoOOH archive selection.
.codex\tmp\codex-paramiko\invoke\vendor\lexicon\attribute_dict.py	407	historical_dataset	manifest_only	Outside the curated CoOOH archive selection.
.codex\tmp\codex-paramiko\invoke\vendor\yaml\__init__.py	13170	historical_dataset	manifest_only	Outside the curated CoOOH archive selection.
.codex\tmp\codex-paramiko\invoke\vendor\yaml\__pycache__\__init__.cpython-313.pyc	16507	historical_dataset	manifest_only	Outside the curated CoOOH archive selection.
.codex\tmp\codex-paramiko\invoke\vendor\yaml\__pycache__\composer.cpython-313.pyc	6769	historical_dataset	manifest_only	Outside the curated CoOOH archive selection.
.codex\tmp\codex-paramiko\invoke\vendor\yaml\__pycache__\constructor.cpython-313.pyc	35710	historical_dataset	manifest_only	Outside the curated CoOOH archive selection.
.codex\tmp\codex-paramiko\invoke\vendor\yaml\__pycache__\cyaml.cpython-313.pyc	4728	historical_dataset	manifest_only	Outside the curated CoOOH archive selection.
.codex\tmp\codex-paramiko\invoke\vendor\yaml\__pycache__\dumper.cpython-313.pyc	2448	historical_dataset	manifest_only	Outside the curated CoOOH archive selection.
.codex\tmp\codex-paramiko\invoke\vendor\yaml\__pycache__\emitter.cpython-313.pyc	52585	historical_dataset	manifest_only	Outside the curated CoOOH archive selection.
.codex\tmp\codex-paramiko\invoke\vendor\yaml\__pycache__\error.cpython-313.pyc	4455	historical_dataset	manifest_only	Outside the curated CoOOH archive selection.
.codex\tmp\codex-paramiko\invoke\vendor\yaml\__pycache__\events.cpython-313.pyc	5101	historical_dataset	manifest_only	Outside the curated CoOOH archive selection.
.codex\tmp\codex-paramiko\invoke\vendor\yaml\__pycache__\loader.cpython-313.pyc	3658	historical_dataset	manifest_only	Outside the curated CoOOH archive selection.
.codex\tmp\codex-paramiko\invoke\vendor\yaml\__pycache__\nodes.cpython-313.pyc	2404	historical_dataset	manifest_only	Outside the curated CoOOH archive selection.
.codex\tmp\codex-paramiko\invoke\vendor\yaml\__pycache__\parser.cpython-313.pyc	25432	historical_dataset	manifest_only	Outside the curated CoOOH archive selection.
.codex\tmp\codex-paramiko\invoke\vendor\yaml\__pycache__\reader.cpython-313.pyc	9205	historical_dataset	manifest_only	Outside the curated CoOOH archive selection.
.codex\tmp\codex-paramiko\invoke\vendor\yaml\__pycache__\representer.cpython-313.pyc	17399	historical_dataset	manifest_only	Outside the curated CoOOH archive selection.
.codex\tmp\codex-paramiko\invoke\vendor\yaml\__pycache__\resolver.cpython-313.pyc	9359	historical_dataset	manifest_only	Outside the curated CoOOH archive selection.
.codex\tmp\codex-paramiko\invoke\vendor\yaml\__pycache__\scanner.cpython-313.pyc	51322	historical_dataset	manifest_only	Outside the curated CoOOH archive selection.
.codex\tmp\codex-paramiko\invoke\vendor\yaml\__pycache__\serializer.cpython-313.pyc	6352	historical_dataset	manifest_only	Outside the curated CoOOH archive selection.
.codex\tmp\codex-paramiko\invoke\vendor\yaml\__pycache__\tokens.cpython-313.pyc	6270	historical_dataset	manifest_only	Outside the curated CoOOH archive selection.
.codex\tmp\codex-paramiko\invoke\vendor\yaml\composer.py	4883	historical_dataset	manifest_only	Outside the curated CoOOH archive selection.
.codex\tmp\codex-paramiko\invoke\vendor\yaml\constructor.py	28639	historical_dataset	manifest_only	Outside the curated CoOOH archive selection.
.codex\tmp\codex-paramiko\invoke\vendor\yaml\cyaml.py	3851	historical_dataset	manifest_only	Outside the curated CoOOH archive selection.
.codex\tmp\codex-paramiko\invoke\vendor\yaml\dumper.py	2837	historical_dataset	manifest_only	Outside the curated CoOOH archive selection.
.codex\tmp\codex-paramiko\invoke\vendor\yaml\emitter.py	43006	historical_dataset	manifest_only	Outside the curated CoOOH archive selection.
.codex\tmp\codex-paramiko\invoke\vendor\yaml\error.py	2533	historical_dataset	manifest_only	Outside the curated CoOOH archive selection.
.codex\tmp\codex-paramiko\invoke\vendor\yaml\events.py	2445	historical_dataset	manifest_only	Outside the curated CoOOH archive selection.
.codex\tmp\codex-paramiko\invoke\vendor\yaml\loader.py	2061	historical_dataset	manifest_only	Outside the curated CoOOH archive selection.
.codex\tmp\codex-paramiko\invoke\vendor\yaml\nodes.py	1440	historical_dataset	manifest_only	Outside the curated CoOOH archive selection.
.codex\tmp\codex-paramiko\invoke\vendor\yaml\parser.py	25495	historical_dataset	manifest_only	Outside the curated CoOOH archive selection.
.codex\tmp\codex-paramiko\invoke\vendor\yaml\reader.py	6794	historical_dataset	manifest_only	Outside the curated CoOOH archive selection.
.codex\tmp\codex-paramiko\invoke\vendor\yaml\representer.py	14184	historical_dataset	manifest_only	Outside the curated CoOOH archive selection.
.codex\tmp\codex-paramiko\invoke\vendor\yaml\resolver.py	8999	historical_dataset	manifest_only	Outside the curated CoOOH archive selection.
.codex\tmp\codex-paramiko\invoke\vendor\yaml\scanner.py	51277	historical_dataset	manifest_only	Outside the curated CoOOH archive selection.
.codex\tmp\codex-paramiko\invoke\vendor\yaml\serializer.py	4165	historical_dataset	manifest_only	Outside the curated CoOOH archive selection.
.codex\tmp\codex-paramiko\invoke\vendor\yaml\tokens.py	2573	historical_dataset	manifest_only	Outside the curated CoOOH archive selection.
.codex\tmp\codex-paramiko\invoke\watchers.py	5097	historical_dataset	manifest_only	Outside the curated CoOOH archive selection.
.codex\tmp\codex-paramiko\nacl\__init__.py	806	historical_dataset	manifest_only	Outside the curated CoOOH archive selection.
.codex\tmp\codex-paramiko\nacl\__pycache__\__init__.cpython-313.pyc	313	historical_dataset	manifest_only	Outside the curated CoOOH archive selection.
.codex\tmp\codex-paramiko\nacl\__pycache__\encoding.cpython-313.pyc	5136	historical_dataset	manifest_only	Outside the curated CoOOH archive selection.
.codex\tmp\codex-paramiko\nacl\__pycache__\exceptions.cpython-313.pyc	3233	historical_dataset	manifest_only	Outside the curated CoOOH archive selection.
.codex\tmp\codex-paramiko\nacl\__pycache__\hash.cpython-313.pyc	6704	historical_dataset	manifest_only	Outside the curated CoOOH archive selection.
.codex\tmp\codex-paramiko\nacl\__pycache__\hashlib.cpython-313.pyc	6004	historical_dataset	manifest_only	Outside the curated CoOOH archive selection.
.codex\tmp\codex-paramiko\nacl\__pycache__\public.cpython-313.pyc	17821	historical_dataset	manifest_only	Outside the curated CoOOH archive selection.
.codex\tmp\codex-paramiko\nacl\__pycache__\secret.cpython-313.pyc	12677	historical_dataset	manifest_only	Outside the curated CoOOH archive selection.
.codex\tmp\codex-paramiko\nacl\__pycache__\signing.cpython-313.pyc	10924	historical_dataset	manifest_only	Outside the curated CoOOH archive selection.
.codex\tmp\codex-paramiko\nacl\__pycache__\utils.cpython-313.pyc	3324	historical_dataset	manifest_only	Outside the curated CoOOH archive selection.
.codex\tmp\codex-paramiko\nacl\_sodium.pyd	405504	historical_dataset	manifest_only	Outside the curated CoOOH archive selection.
.codex\tmp\codex-paramiko\nacl\bindings\__init__.py	19591	historical_dataset	manifest_only	Outside the curated CoOOH archive selection.
.codex\tmp\codex-paramiko\nacl\bindings\__pycache__\__init__.cpython-313.pyc	12194	historical_dataset	manifest_only	Outside the curated CoOOH archive selection.
.codex\tmp\codex-paramiko\nacl\bindings\__pycache__\crypto_aead.cpython-313.pyc	30946	historical_dataset	manifest_only	Outside the curated CoOOH archive selection.
.codex\tmp\codex-paramiko\nacl\bindings\__pycache__\crypto_box.cpython-313.pyc	17034	historical_dataset	manifest_only	Outside the curated CoOOH archive selection.
.codex\tmp\codex-paramiko\nacl\bindings\__pycache__\crypto_core.cpython-313.pyc	16000	historical_dataset	manifest_only	Outside the curated CoOOH archive selection.
.codex\tmp\codex-paramiko\nacl\bindings\__pycache__\crypto_generichash.cpython-313.pyc	10807	historical_dataset	manifest_only	Outside the curated CoOOH archive selection.
.codex\tmp\codex-paramiko\nacl\bindings\__pycache__\crypto_hash.cpython-313.pyc	2320	historical_dataset	manifest_only	Outside the curated CoOOH archive selection.
.codex\tmp\codex-paramiko\nacl\bindings\__pycache__\crypto_kx.cpython-313.pyc	6802	historical_dataset	manifest_only	Outside the curated CoOOH archive selection.
.codex\tmp\codex-paramiko\nacl\bindings\__pycache__\crypto_pwhash.cpython-313.pyc	21300	historical_dataset	manifest_only	Outside the curated CoOOH archive selection.
.codex\tmp\codex-paramiko\nacl\bindings\__pycache__\crypto_scalarmult.cpython-313.pyc	8991	historical_dataset	manifest_only	Outside the curated CoOOH archive selection.
.codex\tmp\codex-paramiko\nacl\bindings\__pycache__\crypto_secretbox.cpython-313.pyc	5532	historical_dataset	manifest_only	Outside the curated CoOOH archive selection.
.codex\tmp\codex-paramiko\nacl\bindings\__pycache__\crypto_secretstream.cpython-313.pyc	12380	historical_dataset	manifest_only	Outside the curated CoOOH archive selection.
.codex\tmp\codex-paramiko\nacl\bindings\__pycache__\crypto_shorthash.cpython-313.pyc	3143	historical_dataset	manifest_only	Outside the curated CoOOH archive selection.
.codex\tmp\codex-paramiko\nacl\bindings\__pycache__\crypto_sign.cpython-313.pyc	12645	historical_dataset	manifest_only	Outside the curated CoOOH archive selection.
.codex\tmp\codex-paramiko\nacl\bindings\__pycache__\randombytes.cpython-313.pyc	1696	historical_dataset	manifest_only	Outside the curated CoOOH archive selection.
.codex\tmp\codex-paramiko\nacl\bindings\__pycache__\sodium_core.cpython-313.pyc	962	historical_dataset	manifest_only	Outside the curated CoOOH archive selection.
.codex\tmp\codex-paramiko\nacl\bindings\__pycache__\utils.cpython-313.pyc	5997	historical_dataset	manifest_only	Outside the curated CoOOH archive selection.
.codex\tmp\codex-paramiko\nacl\bindings\crypto_aead.py	30375	historical_dataset	manifest_only	Outside the curated CoOOH archive selection.
.codex\tmp\codex-paramiko\nacl\bindings\crypto_box.py	14722	historical_dataset	manifest_only	Outside the curated CoOOH archive selection.
.codex\tmp\codex-paramiko\nacl\bindings\crypto_core.py	15551	historical_dataset	manifest_only	Outside the curated CoOOH archive selection.
.codex\tmp\codex-paramiko\nacl\bindings\crypto_generichash.py	9133	historical_dataset	manifest_only	Outside the curated CoOOH archive selection.
.codex\tmp\codex-paramiko\nacl\bindings\crypto_hash.py	2238	historical_dataset	manifest_only	Outside the curated CoOOH archive selection.
.codex\tmp\codex-paramiko\nacl\bindings\crypto_kx.py	6925	historical_dataset	manifest_only	Outside the curated CoOOH archive selection.
.codex\tmp\codex-paramiko\nacl\bindings\crypto_pwhash.py	19439	historical_dataset	manifest_only	Outside the curated CoOOH archive selection.
.codex\tmp\codex-paramiko\nacl\bindings\crypto_scalarmult.py	8484	historical_dataset	manifest_only	Outside the curated CoOOH archive selection.
.codex\tmp\codex-paramiko\nacl\bindings\crypto_secretbox.py	5031	historical_dataset	manifest_only	Outside the curated CoOOH archive selection.
.codex\tmp\codex-paramiko\nacl\bindings\crypto_secretstream.py	11575	historical_dataset	manifest_only	Outside the curated CoOOH archive selection.
.codex\tmp\codex-paramiko\nacl\bindings\crypto_shorthash.py	2684	historical_dataset	manifest_only	Outside the curated CoOOH archive selection.
.codex\tmp\codex-paramiko\nacl\bindings\crypto_sign.py	10674	historical_dataset	manifest_only	Outside the curated CoOOH archive selection.
.codex\tmp\codex-paramiko\nacl\bindings\randombytes.py	1614	historical_dataset	manifest_only	Outside the curated CoOOH archive selection.
.codex\tmp\codex-paramiko\nacl\bindings\sodium_core.py	1072	historical_dataset	manifest_only	Outside the curated CoOOH archive selection.
.codex\tmp\codex-paramiko\nacl\bindings\utils.py	4439	historical_dataset	manifest_only	Outside the curated CoOOH archive selection.
.codex\tmp\codex-paramiko\nacl\encoding.py	3020	historical_dataset	manifest_only	Outside the curated CoOOH archive selection.
.codex\tmp\codex-paramiko\nacl\exceptions.py	2570	historical_dataset	manifest_only	Outside the curated CoOOH archive selection.
.codex\tmp\codex-paramiko\nacl\hash.py	6572	historical_dataset	manifest_only	Outside the curated CoOOH archive selection.
.codex\tmp\codex-paramiko\nacl\hashlib.py	4539	historical_dataset	manifest_only	Outside the curated CoOOH archive selection.
.codex\tmp\codex-paramiko\nacl\public.py	15181	historical_dataset	manifest_only	Outside the curated CoOOH archive selection.
.codex\tmp\codex-paramiko\nacl\pwhash\__init__.py	2750	historical_dataset	manifest_only	Outside the curated CoOOH archive selection.
.codex\tmp\codex-paramiko\nacl\pwhash\__pycache__\__init__.cpython-313.pyc	2955	historical_dataset	manifest_only	Outside the curated CoOOH archive selection.
.codex\tmp\codex-paramiko\nacl\pwhash\__pycache__\_argon2.cpython-313.pyc	1891	historical_dataset	manifest_only	Outside the curated CoOOH archive selection.
.codex\tmp\codex-paramiko\nacl\pwhash\__pycache__\argon2i.cpython-313.pyc	4832	historical_dataset	manifest_only	Outside the curated CoOOH archive selection.
.codex\tmp\codex-paramiko\nacl\pwhash\__pycache__\argon2id.cpython-313.pyc	4856	historical_dataset	manifest_only	Outside the curated CoOOH archive selection.
.codex\tmp\codex-paramiko\nacl\pwhash\__pycache__\scrypt.cpython-313.pyc	7487	historical_dataset	manifest_only	Outside the curated CoOOH archive selection.
.codex\tmp\codex-paramiko\nacl\pwhash\_argon2.py	1828	historical_dataset	manifest_only	Outside the curated CoOOH archive selection.
.codex\tmp\codex-paramiko\nacl\pwhash\argon2i.py	4537	historical_dataset	manifest_only	Outside the curated CoOOH archive selection.
.codex\tmp\codex-paramiko\nacl\pwhash\argon2id.py	4569	historical_dataset	manifest_only	Outside the curated CoOOH archive selection.
.codex\tmp\codex-paramiko\nacl\pwhash\scrypt.py	7193	historical_dataset	manifest_only	Outside the curated CoOOH archive selection.
.codex\tmp\codex-paramiko\nacl\py.typed	0	historical_dataset	manifest_only	Outside the curated CoOOH archive selection.
.codex\tmp\codex-paramiko\nacl\secret.py	12425	historical_dataset	manifest_only	Outside the curated CoOOH archive selection.
.codex\tmp\codex-paramiko\nacl\signing.py	8589	historical_dataset	manifest_only	Outside the curated CoOOH archive selection.
.codex\tmp\codex-paramiko\nacl\utils.py	2429	historical_dataset	manifest_only	Outside the curated CoOOH archive selection.
.codex\tmp\codex-paramiko\paramiko-5.0.0.dist-info\INSTALLER	4	historical_dataset	manifest_only	Outside the curated CoOOH archive selection.
.codex\tmp\codex-paramiko\paramiko-5.0.0.dist-info\licenses\LICENSE	26436	historical_dataset	manifest_only	Outside the curated CoOOH archive selection.
.codex\tmp\codex-paramiko\paramiko-5.0.0.dist-info\METADATA	3666	historical_dataset	manifest_only	Outside the curated CoOOH archive selection.
.codex\tmp\codex-paramiko\paramiko-5.0.0.dist-info\RECORD	5822	historical_dataset	manifest_only	Outside the curated CoOOH archive selection.
.codex\tmp\codex-paramiko\paramiko-5.0.0.dist-info\REQUESTED	0	historical_dataset	manifest_only	Outside the curated CoOOH archive selection.
.codex\tmp\codex-paramiko\paramiko-5.0.0.dist-info\top_level.txt	9	historical_dataset	manifest_only	Outside the curated CoOOH archive selection.
.codex\tmp\codex-paramiko\paramiko-5.0.0.dist-info\WHEEL	91	historical_dataset	manifest_only	Outside the curated CoOOH archive selection.
.codex\tmp\codex-paramiko\paramiko\__init__.py	3450	historical_dataset	manifest_only	Outside the curated CoOOH archive selection.
.codex\tmp\codex-paramiko\paramiko\__pycache__\__init__.cpython-313.pyc	3400	historical_dataset	manifest_only	Outside the curated CoOOH archive selection.
.codex\tmp\codex-paramiko\paramiko\__pycache__\_winapi.cpython-313.pyc	16826	historical_dataset	manifest_only	Outside the curated CoOOH archive selection.
.codex\tmp\codex-paramiko\paramiko\__pycache__\agent.cpython-313.pyc	22897	historical_dataset	manifest_only	Outside the curated CoOOH archive selection.
.codex\tmp\codex-paramiko\paramiko\__pycache__\auth_handler.cpython-313.pyc	32615	historical_dataset	manifest_only	Outside the curated CoOOH archive selection.
.codex\tmp\codex-paramiko\paramiko\__pycache__\auth_strategy.cpython-313.pyc	12317	historical_dataset	manifest_only	Outside the curated CoOOH archive selection.
.codex\tmp\codex-paramiko\paramiko\__pycache__\ber.cpython-313.pyc	6249	historical_dataset	manifest_only	Outside the curated CoOOH archive selection.
.codex\tmp\codex-paramiko\paramiko\__pycache__\buffered_pipe.cpython-313.pyc	9075	historical_dataset	manifest_only	Outside the curated CoOOH archive selection.
.codex\tmp\codex-paramiko\paramiko\__pycache__\channel.cpython-313.pyc	60270	historical_dataset	manifest_only	Outside the curated CoOOH archive selection.
.codex\tmp\codex-paramiko\paramiko\__pycache__\client.cpython-313.pyc	30125	historical_dataset	manifest_only	Outside the curated CoOOH archive selection.
.codex\tmp\codex-paramiko\paramiko\__pycache__\common.cpython-313.pyc	7212	historical_dataset	manifest_only	Outside the curated CoOOH archive selection.
.codex\tmp\codex-paramiko\paramiko\__pycache__\compress.cpython-313.pyc	1645	historical_dataset	manifest_only	Outside the curated CoOOH archive selection.
.codex\tmp\codex-paramiko\paramiko\__pycache__\config.cpython-313.pyc	23305	historical_dataset	manifest_only	Outside the curated CoOOH archive selection.
.codex\tmp\codex-paramiko\paramiko\__pycache__\ecdsakey.cpython-313.pyc	14793	historical_dataset	manifest_only	Outside the curated CoOOH archive selection.
.codex\tmp\codex-paramiko\paramiko\__pycache__\ed25519key.cpython-313.pyc	8706	historical_dataset	manifest_only	Outside the curated CoOOH archive selection.
.codex\tmp\codex-paramiko\paramiko\__pycache__\file.cpython-313.pyc	20060	historical_dataset	manifest_only	Outside the curated CoOOH archive selection.
.codex\tmp\codex-paramiko\paramiko\__pycache__\hostkeys.cpython-313.pyc	16992	historical_dataset	manifest_only	Outside the curated CoOOH archive selection.
.codex\tmp\codex-paramiko\paramiko\__pycache__\kex_curve25519.cpython-313.pyc	7897	historical_dataset	manifest_only	Outside the curated CoOOH archive selection.
.codex\tmp\codex-paramiko\paramiko\__pycache__\kex_ecdh_nist.cpython-313.pyc	8823	historical_dataset	manifest_only	Outside the curated CoOOH archive selection.
.codex\tmp\codex-paramiko\paramiko\__pycache__\kex_gex.cpython-313.pyc	13615	historical_dataset	manifest_only	Outside the curated CoOOH archive selection.
.codex\tmp\codex-paramiko\paramiko\__pycache__\kex_group14.cpython-313.pyc	7817	historical_dataset	manifest_only	Outside the curated CoOOH archive selection.
.codex\tmp\codex-paramiko\paramiko\__pycache__\kex_group16.cpython-313.pyc	1366	historical_dataset	manifest_only	Outside the curated CoOOH archive selection.
.codex\tmp\codex-paramiko\paramiko\__pycache__\message.cpython-313.pyc	11922	historical_dataset	manifest_only	Outside the curated CoOOH archive selection.
.codex\tmp\codex-paramiko\paramiko\__pycache__\packet.cpython-313.pyc	26981	historical_dataset	manifest_only	Outside the curated CoOOH archive selection.
.codex\tmp\codex-paramiko\paramiko\__pycache__\pipe.cpython-313.pyc	6599	historical_dataset	manifest_only	Outside the curated CoOOH archive selection.
.codex\tmp\codex-paramiko\paramiko\__pycache__\pkey.cpython-313.pyc	37348	historical_dataset	manifest_only	Outside the curated CoOOH archive selection.
.codex\tmp\codex-paramiko\paramiko\__pycache__\primes.cpython-313.pyc	4376	historical_dataset	manifest_only	Outside the curated CoOOH archive selection.
.codex\tmp\codex-paramiko\paramiko\__pycache__\proxy.cpython-313.pyc	5194	historical_dataset	manifest_only	Outside the curated CoOOH archive selection.
.codex\tmp\codex-paramiko\paramiko\__pycache__\rsakey.cpython-313.pyc	9340	historical_dataset	manifest_only	Outside the curated CoOOH archive selection.
.codex\tmp\codex-paramiko\paramiko\__pycache__\server.cpython-313.pyc	26944	historical_dataset	manifest_only	Outside the curated CoOOH archive selection.
.codex\tmp\codex-paramiko\paramiko\__pycache__\sftp_attr.cpython-313.pyc	10714	historical_dataset	manifest_only	Outside the curated CoOOH archive selection.
.codex\tmp\codex-paramiko\paramiko\__pycache__\sftp_client.cpython-313.pyc	39687	historical_dataset	manifest_only	Outside the curated CoOOH archive selection.
.codex\tmp\codex-paramiko\paramiko\__pycache__\sftp_file.cpython-313.pyc	24522	historical_dataset	manifest_only	Outside the curated CoOOH archive selection.
.codex\tmp\codex-paramiko\paramiko\__pycache__\sftp_handle.cpython-313.pyc	7729	historical_dataset	manifest_only	Outside the curated CoOOH archive selection.
.codex\tmp\codex-paramiko\paramiko\__pycache__\sftp_server.cpython-313.pyc	22930	historical_dataset	manifest_only	Outside the curated CoOOH archive selection.
.codex\tmp\codex-paramiko\paramiko\__pycache__\sftp_si.cpython-313.pyc	12108	historical_dataset	manifest_only	Outside the curated CoOOH archive selection.
.codex\tmp\codex-paramiko\paramiko\__pycache__\sftp.cpython-313.pyc	7324	historical_dataset	manifest_only	Outside the curated CoOOH archive selection.
.codex\tmp\codex-paramiko\paramiko\__pycache__\ssh_exception.cpython-313.pyc	9655	historical_dataset	manifest_only	Outside the curated CoOOH archive selection.
.codex\tmp\codex-paramiko\paramiko\__pycache__\transport.cpython-313.pyc	131183	historical_dataset	manifest_only	Outside the curated CoOOH archive selection.
.codex\tmp\codex-paramiko\paramiko\__pycache__\util.cpython-313.pyc	12762	historical_dataset	manifest_only	Outside the curated CoOOH archive selection.
.codex\tmp\codex-paramiko\paramiko\__pycache__\win_openssh.cpython-313.pyc	2454	historical_dataset	manifest_only	Outside the curated CoOOH archive selection.
.codex\tmp\codex-paramiko\paramiko\__pycache__\win_pageant.cpython-313.pyc	4981	historical_dataset	manifest_only	Outside the curated CoOOH archive selection.
.codex\tmp\codex-paramiko\paramiko\_winapi.py	11204	historical_dataset	manifest_only	Outside the curated CoOOH archive selection.
.codex\tmp\codex-paramiko\paramiko\agent.py	15917	historical_dataset	manifest_only	Outside the curated CoOOH archive selection.
.codex\tmp\codex-paramiko\paramiko\auth_handler.py	29568	historical_dataset	manifest_only	Outside the curated CoOOH archive selection.
.codex\tmp\codex-paramiko\paramiko\auth_strategy.py	11491	historical_dataset	manifest_only	Outside the curated CoOOH archive selection.
.codex\tmp\codex-paramiko\paramiko\ber.py	4369	historical_dataset	manifest_only	Outside the curated CoOOH archive selection.
.codex\tmp\codex-paramiko\paramiko\buffered_pipe.py	7225	historical_dataset	manifest_only	Outside the curated CoOOH archive selection.
.codex\tmp\codex-paramiko\paramiko\channel.py	49222	historical_dataset	manifest_only	Outside the curated CoOOH archive selection.
.codex\tmp\codex-paramiko\paramiko\client.py	33314	historical_dataset	manifest_only	Outside the curated CoOOH archive selection.
.codex\tmp\codex-paramiko\paramiko\common.py	7756	historical_dataset	manifest_only	Outside the curated CoOOH archive selection.
.codex\tmp\codex-paramiko\paramiko\compress.py	1282	historical_dataset	manifest_only	Outside the curated CoOOH archive selection.
.codex\tmp\codex-paramiko\paramiko\config.py	27442	historical_dataset	manifest_only	Outside the curated CoOOH archive selection.
.codex\tmp\codex-paramiko\paramiko\ecdsakey.py	11340	historical_dataset	manifest_only	Outside the curated CoOOH archive selection.
.codex\tmp\codex-paramiko\paramiko\ed25519key.py	7695	historical_dataset	manifest_only	Outside the curated CoOOH archive selection.
.codex\tmp\codex-paramiko\paramiko\file.py	19063	historical_dataset	manifest_only	Outside the curated CoOOH archive selection.
.codex\tmp\codex-paramiko\paramiko\hostkeys.py	13173	historical_dataset	manifest_only	Outside the curated CoOOH archive selection.
.codex\tmp\codex-paramiko\paramiko\kex_curve25519.py	4436	historical_dataset	manifest_only	Outside the curated CoOOH archive selection.
.codex\tmp\codex-paramiko\paramiko\kex_ecdh_nist.py	5012	historical_dataset	manifest_only	Outside the curated CoOOH archive selection.
.codex\tmp\codex-paramiko\paramiko\kex_gex.py	10139	historical_dataset	manifest_only	Outside the curated CoOOH archive selection.
.codex\tmp\codex-paramiko\paramiko\kex_group14.py	6079	historical_dataset	manifest_only	Outside the curated CoOOH archive selection.
.codex\tmp\codex-paramiko\paramiko\kex_group16.py	2304	historical_dataset	manifest_only	Outside the curated CoOOH archive selection.
.codex\tmp\codex-paramiko\paramiko\message.py	9400	historical_dataset	manifest_only	Outside the curated CoOOH archive selection.
.codex\tmp\codex-paramiko\paramiko\packet.py	24314	historical_dataset	manifest_only	Outside the curated CoOOH archive selection.
.codex\tmp\codex-paramiko\paramiko\pipe.py	3902	historical_dataset	manifest_only	Outside the curated CoOOH archive selection.
.codex\tmp\codex-paramiko\paramiko\pkey.py	38342	historical_dataset	manifest_only	Outside the curated CoOOH archive selection.
.codex\tmp\codex-paramiko\paramiko\primes.py	5107	historical_dataset	manifest_only	Outside the curated CoOOH archive selection.
.codex\tmp\codex-paramiko\paramiko\proxy.py	4648	historical_dataset	manifest_only	Outside the curated CoOOH archive selection.
.codex\tmp\codex-paramiko\paramiko\rsakey.py	7514	historical_dataset	manifest_only	Outside the curated CoOOH archive selection.
.codex\tmp\codex-paramiko\paramiko\server.py	27018	historical_dataset	manifest_only	Outside the curated CoOOH archive selection.
.codex\tmp\codex-paramiko\paramiko\sftp_attr.py	8258	historical_dataset	manifest_only	Outside the curated CoOOH archive selection.
.codex\tmp\codex-paramiko\paramiko\sftp_client.py	35855	historical_dataset	manifest_only	Outside the curated CoOOH archive selection.
.codex\tmp\codex-paramiko\paramiko\sftp_file.py	21820	historical_dataset	manifest_only	Outside the curated CoOOH archive selection.
.codex\tmp\codex-paramiko\paramiko\sftp_handle.py	7424	historical_dataset	manifest_only	Outside the curated CoOOH archive selection.
.codex\tmp\codex-paramiko\paramiko\sftp_server.py	19704	historical_dataset	manifest_only	Outside the curated CoOOH archive selection.
.codex\tmp\codex-paramiko\paramiko\sftp_si.py	12544	historical_dataset	manifest_only	Outside the curated CoOOH archive selection.
.codex\tmp\codex-paramiko\paramiko\sftp.py	6471	historical_dataset	manifest_only	Outside the curated CoOOH archive selection.
.codex\tmp\codex-paramiko\paramiko\ssh_exception.py	7597	historical_dataset	manifest_only	Outside the curated CoOOH archive selection.
.codex\tmp\codex-paramiko\paramiko\transport.py	129014	historical_dataset	manifest_only	Outside the curated CoOOH archive selection.
.codex\tmp\codex-paramiko\paramiko\util.py	9556	historical_dataset	manifest_only	Outside the curated CoOOH archive selection.
.codex\tmp\codex-paramiko\paramiko\win_openssh.py	1918	historical_dataset	manifest_only	Outside the curated CoOOH archive selection.
.codex\tmp\codex-paramiko\paramiko\win_pageant.py	4177	historical_dataset	manifest_only	Outside the curated CoOOH archive selection.
.codex\tmp\codex-paramiko\pycparser-3.0.dist-info\INSTALLER	4	historical_dataset	manifest_only	Outside the curated CoOOH archive selection.
.codex\tmp\codex-paramiko\pycparser-3.0.dist-info\licenses\LICENSE	1543	historical_dataset	manifest_only	Outside the curated CoOOH archive selection.
.codex\tmp\codex-paramiko\pycparser-3.0.dist-info\METADATA	8229	historical_dataset	manifest_only	Outside the curated CoOOH archive selection.
.codex\tmp\codex-paramiko\pycparser-3.0.dist-info\RECORD	1484	historical_dataset	manifest_only	Outside the curated CoOOH archive selection.
.codex\tmp\codex-paramiko\pycparser-3.0.dist-info\top_level.txt	10	historical_dataset	manifest_only	Outside the curated CoOOH archive selection.
.codex\tmp\codex-paramiko\pycparser-3.0.dist-info\WHEEL	92	historical_dataset	manifest_only	Outside the curated CoOOH archive selection.
.codex\tmp\codex-paramiko\pycparser\__init__.py	2829	historical_dataset	manifest_only	Outside the curated CoOOH archive selection.
.codex\tmp\codex-paramiko\pycparser\__pycache__\__init__.cpython-313.pyc	2840	historical_dataset	manifest_only	Outside the curated CoOOH archive selection.
.codex\tmp\codex-paramiko\pycparser\__pycache__\_ast_gen.cpython-313.pyc	13870	historical_dataset	manifest_only	Outside the curated CoOOH archive selection.
.codex\tmp\codex-paramiko\pycparser\__pycache__\ast_transforms.cpython-313.pyc	6116	historical_dataset	manifest_only	Outside the curated CoOOH archive selection.
.codex\tmp\codex-paramiko\pycparser\__pycache__\c_ast.cpython-313.pyc	52396	historical_dataset	manifest_only	Outside the curated CoOOH archive selection.
.codex\tmp\codex-paramiko\pycparser\__pycache__\c_generator.cpython-313.pyc	35243	historical_dataset	manifest_only	Outside the curated CoOOH archive selection.
.codex\tmp\codex-paramiko\pycparser\__pycache__\c_lexer.cpython-313.pyc	22928	historical_dataset	manifest_only	Outside the curated CoOOH archive selection.
.codex\tmp\codex-paramiko\pycparser\__pycache__\c_parser.cpython-313.pyc	99321	historical_dataset	manifest_only	Outside the curated CoOOH archive selection.
.codex\tmp\codex-paramiko\pycparser\_ast_gen.py	11292	historical_dataset	manifest_only	Outside the curated CoOOH archive selection.
.codex\tmp\codex-paramiko\pycparser\_c_ast.cfg	4255	historical_dataset	manifest_only	Outside the curated CoOOH archive selection.
.codex\tmp\codex-paramiko\pycparser\ast_transforms.py	5899	historical_dataset	manifest_only	Outside the curated CoOOH archive selection.
.codex\tmp\codex-paramiko\pycparser\c_ast.py	32954	historical_dataset	manifest_only	Outside the curated CoOOH archive selection.
.codex\tmp\codex-paramiko\pycparser\c_generator.py	20661	historical_dataset	manifest_only	Outside the curated CoOOH archive selection.
.codex\tmp\codex-paramiko\pycparser\c_lexer.py	25155	historical_dataset	manifest_only	Outside the curated CoOOH archive selection.
.codex\tmp\codex-paramiko\pycparser\c_parser.py	89798	historical_dataset	manifest_only	Outside the curated CoOOH archive selection.
.codex\tmp\codex-paramiko\pynacl-1.6.2.dist-info\INSTALLER	4	historical_dataset	manifest_only	Outside the curated CoOOH archive selection.
.codex\tmp\codex-paramiko\pynacl-1.6.2.dist-info\licenses\LICENSE	9868	historical_dataset	manifest_only	Outside the curated CoOOH archive selection.
.codex\tmp\codex-paramiko\pynacl-1.6.2.dist-info\licenses\licenses\LICENSE.libsodium.txt	841	historical_dataset	manifest_only	Outside the curated CoOOH archive selection.
.codex\tmp\codex-paramiko\pynacl-1.6.2.dist-info\METADATA	10252	historical_dataset	manifest_only	Outside the curated CoOOH archive selection.
.codex\tmp\codex-paramiko\pynacl-1.6.2.dist-info\RECORD	4790	historical_dataset	manifest_only	Outside the curated CoOOH archive selection.
.codex\tmp\codex-paramiko\pynacl-1.6.2.dist-info\top_level.txt	13	historical_dataset	manifest_only	Outside the curated CoOOH archive selection.
.codex\tmp\codex-paramiko\pynacl-1.6.2.dist-info\WHEEL	99	historical_dataset	manifest_only	Outside the curated CoOOH archive selection.
.codex\tmp\continue_recalibrated_tas_flow.py	4062	historical_dataset	manifest_only	Outside the curated CoOOH archive selection.
.codex\tmp\continue_scissor_after_fftw.py	3256	historical_dataset	manifest_only	Outside the curated CoOOH archive selection.
.codex\tmp\continue_scissor_after_hdf5.py	2879	historical_dataset	manifest_only	Outside the curated CoOOH archive selection.
.codex\tmp\continue_scissor_after_wannier.py	2969	historical_dataset	manifest_only	Outside the curated CoOOH archive selection.
.codex\tmp\extract_gamma_gap.awk	1346	historical_dataset	manifest_only	Outside the curated CoOOH archive selection.
.codex\tmp\inspect_tas_arrays.py	1590	historical_dataset	manifest_only	Outside the curated CoOOH archive selection.
.codex\tmp\lobster-5.1.1\CHANGELOG.pdf	135102	historical_dataset	manifest_only	Outside the curated CoOOH archive selection.
.codex\tmp\lobster-5.1.1\Lobster_FAQ_5.1.1.pdf	364497	historical_dataset	manifest_only	Outside the curated CoOOH archive selection.
.codex\tmp\lobster-5.1.1\Lobster_Users_Guide_5.1.1.pdf	1863794	historical_dataset	manifest_only	Outside the curated CoOOH archive selection.
.codex\tmp\lobster-5.1.1\lobster-5.1.1	12590064	historical_dataset	manifest_only	Large file not uploaded under archive protocol.
.codex\tmp\make_full_rerun_tas_package.py	7032	historical_dataset	manifest_only	Outside the curated CoOOH archive selection.
.codex\tmp\make_tas_diagnostic_plot.py	3781	historical_dataset	manifest_only	Outside the curated CoOOH archive selection.
.codex\tmp\queue_electron_recompute_chain.py	1723	historical_dataset	manifest_only	Outside the curated CoOOH archive selection.
.codex\tmp\queue_sequential_electron_after_hole.py	1074	historical_dataset	manifest_only	Outside the curated CoOOH archive selection.
.codex\tmp\retry_electron_single_rank.py	2118	historical_dataset	manifest_only	Outside the curated CoOOH archive selection.
.codex\tmp\retry_recalibrated_pump_omp1.py	2633	historical_dataset	manifest_only	Outside the curated CoOOH archive selection.
.codex\tmp\retry_scissor_flow.py	3647	historical_dataset	manifest_only	Outside the curated CoOOH archive selection.
.codex\tmp\run_pbe0_6x6x4_90ry_gap.slurm	1933	historical_dataset	manifest_only	Outside the curated CoOOH archive selection.
.codex\tmp\run_remote_analyze_tas_4to45.py	281	historical_dataset	manifest_only	Outside the curated CoOOH archive selection.
.codex\tmp\run_remote_continue_recalibrated_tas.py	466	historical_dataset	manifest_only	Outside the curated CoOOH archive selection.
.codex\tmp\run_remote_inspect_tas_arrays.py	282	historical_dataset	manifest_only	Outside the curated CoOOH archive selection.
.codex\tmp\run_remote_make_full_rerun_tas_package.py	291	historical_dataset	manifest_only	Outside the curated CoOOH archive selection.
.codex\tmp\run_remote_make_tas_diagnostic_plot.py	288	historical_dataset	manifest_only	Outside the curated CoOOH archive selection.
.codex\tmp\run_remote_queue_electron_recompute_chain.py	282	historical_dataset	manifest_only	Outside the curated CoOOH archive selection.
.codex\tmp\run_remote_queue_sequential_electron_after_hole.py	472	historical_dataset	manifest_only	Outside the curated CoOOH archive selection.
.codex\tmp\run_remote_recalibrated_gap3108.py	467	historical_dataset	manifest_only	Outside the curated CoOOH archive selection.
.codex\tmp\run_remote_retry_electron_single_rank.py	462	historical_dataset	manifest_only	Outside the curated CoOOH archive selection.
.codex\tmp\run_remote_retry_recalibrated_pump_omp1.py	464	historical_dataset	manifest_only	Outside the curated CoOOH archive selection.
.codex\tmp\run_remote_scissor_continue_fftw.py	631	historical_dataset	manifest_only	Outside the curated CoOOH archive selection.
.codex\tmp\run_remote_scissor_continue_hdf5.py	631	historical_dataset	manifest_only	Outside the curated CoOOH archive selection.
.codex\tmp\run_remote_scissor_continue.py	634	historical_dataset	manifest_only	Outside the curated CoOOH archive selection.
.codex\tmp\run_remote_scissor_retry.py	622	historical_dataset	manifest_only	Outside the curated CoOOH archive selection.
.codex\tmp\run_remote_scissor_setup.py	622	historical_dataset	manifest_only	Outside the curated CoOOH archive selection.
.codex\tmp\run_remote_smooth_existing_tas_4to45.py	404	historical_dataset	manifest_only	Outside the curated CoOOH archive selection.
.codex\tmp\run_remote_submit_yambo_fragment_write_test_20260525.py	420	historical_dataset	manifest_only	Outside the curated CoOOH archive selection.
.codex\tmp\run_remote_submit_yambo_parallel_opts_20260521.py	414	historical_dataset	manifest_only	Outside the curated CoOOH archive selection.
.codex\tmp\run_remote_submit_yambo_screening_only_20260522.py	415	historical_dataset	manifest_only	Outside the curated CoOOH archive selection.
.codex\tmp\run_remote_tas_eta_compare.py	355	historical_dataset	manifest_only	Outside the curated CoOOH archive selection.
.codex\tmp\run_stage1_nscf400_yambo_setup_90ry.slurm	2501	historical_dataset	manifest_only	Outside the curated CoOOH archive selection.
.codex\tmp\run_tas_eta_compare.py	2244	historical_dataset	manifest_only	Outside the curated CoOOH archive selection.
.codex\tmp\setup_recalibrated_gap3108_flow.py	11156	historical_dataset	manifest_only	Outside the curated CoOOH archive selection.
.codex\tmp\setup_scissor_flow.py	9016	historical_dataset	manifest_only	Outside the curated CoOOH archive selection.
.codex\tmp\setup_strict_site03_vib_20260809.sh	6897	historical_dataset	manifest_only	Outside the curated CoOOH archive selection.
.codex\tmp\smooth_existing_tas_4to45.py	1995	historical_dataset	manifest_only	Outside the curated CoOOH archive selection.
.codex\tmp\ssh-deps\codex-paramiko\_cffi_backend.cp313-win_amd64.pyd	180736	historical_dataset	manifest_only	Outside the curated CoOOH archive selection.
.codex\tmp\ssh-deps\codex-paramiko\bcrypt-5.0.0.dist-info\INSTALLER	4	historical_dataset	manifest_only	Outside the curated CoOOH archive selection.
.codex\tmp\ssh-deps\codex-paramiko\bcrypt-5.0.0.dist-info\LICENSE	10850	historical_dataset	manifest_only	Outside the curated CoOOH archive selection.
.codex\tmp\ssh-deps\codex-paramiko\bcrypt-5.0.0.dist-info\METADATA	10844	historical_dataset	manifest_only	Outside the curated CoOOH archive selection.
.codex\tmp\ssh-deps\codex-paramiko\bcrypt-5.0.0.dist-info\RECORD	822	historical_dataset	manifest_only	Outside the curated CoOOH archive selection.
.codex\tmp\ssh-deps\codex-paramiko\bcrypt-5.0.0.dist-info\top_level.txt	7	historical_dataset	manifest_only	Outside the curated CoOOH archive selection.
.codex\tmp\ssh-deps\codex-paramiko\bcrypt-5.0.0.dist-info\WHEEL	100	historical_dataset	manifest_only	Outside the curated CoOOH archive selection.
.codex\tmp\ssh-deps\codex-paramiko\bcrypt\__init__.py	1000	historical_dataset	manifest_only	Outside the curated CoOOH archive selection.
.codex\tmp\ssh-deps\codex-paramiko\bcrypt\__init__.pyi	333	historical_dataset	manifest_only	Outside the curated CoOOH archive selection.
.codex\tmp\ssh-deps\codex-paramiko\bcrypt\__pycache__\__init__.cpython-313.pyc	590	historical_dataset	manifest_only	Outside the curated CoOOH archive selection.
.codex\tmp\ssh-deps\codex-paramiko\bcrypt\_bcrypt.pyd	305152	historical_dataset	manifest_only	Outside the curated CoOOH archive selection.
.codex\tmp\ssh-deps\codex-paramiko\bcrypt\py.typed	0	historical_dataset	manifest_only	Outside the curated CoOOH archive selection.
.codex\tmp\ssh-deps\codex-paramiko\bin\cffi-gen-src.exe	108366	historical_dataset	manifest_only	Outside the curated CoOOH archive selection.
.codex\tmp\ssh-deps\codex-paramiko\bin\inv.exe	108371	historical_dataset	manifest_only	Outside the curated CoOOH archive selection.
.codex\tmp\ssh-deps\codex-paramiko\bin\invoke.exe	108371	historical_dataset	manifest_only	Outside the curated CoOOH archive selection.
.codex\tmp\ssh-deps\codex-paramiko\cffi-2.1.1.dist-info\entry_points.txt	132	historical_dataset	manifest_only	Outside the curated CoOOH archive selection.
.codex\tmp\ssh-deps\codex-paramiko\cffi-2.1.1.dist-info\INSTALLER	4	historical_dataset	manifest_only	Outside the curated CoOOH archive selection.
.codex\tmp\ssh-deps\codex-paramiko\cffi-2.1.1.dist-info\licenses\LICENSE	1123	historical_dataset	manifest_only	Outside the curated CoOOH archive selection.
.codex\tmp\ssh-deps\codex-paramiko\cffi-2.1.1.dist-info\METADATA	2594	historical_dataset	manifest_only	Outside the curated CoOOH archive selection.
.codex\tmp\ssh-deps\codex-paramiko\cffi-2.1.1.dist-info\RECORD	3507	historical_dataset	manifest_only	Outside the curated CoOOH archive selection.
.codex\tmp\ssh-deps\codex-paramiko\cffi-2.1.1.dist-info\top_level.txt	19	historical_dataset	manifest_only	Outside the curated CoOOH archive selection.
.codex\tmp\ssh-deps\codex-paramiko\cffi-2.1.1.dist-info\WHEEL	101	historical_dataset	manifest_only	Outside the curated CoOOH archive selection.
.codex\tmp\ssh-deps\codex-paramiko\cffi\__init__.py	511	historical_dataset	manifest_only	Outside the curated CoOOH archive selection.
.codex\tmp\ssh-deps\codex-paramiko\cffi\__pycache__\__init__.cpython-313.pyc	562	historical_dataset	manifest_only	Outside the curated CoOOH archive selection.
.codex\tmp\ssh-deps\codex-paramiko\cffi\__pycache__\_cffi_gen_src.cpython-313.pyc	8215	historical_dataset	manifest_only	Outside the curated CoOOH archive selection.
.codex\tmp\ssh-deps\codex-paramiko\cffi\__pycache__\_imp_emulation.cpython-313.pyc	3934	historical_dataset	manifest_only	Outside the curated CoOOH archive selection.
.codex\tmp\ssh-deps\codex-paramiko\cffi\__pycache__\_shimmed_dist_utils.cpython-313.pyc	2110	historical_dataset	manifest_only	Outside the curated CoOOH archive selection.
.codex\tmp\ssh-deps\codex-paramiko\cffi\__pycache__\api.cpython-313.pyc	49724	historical_dataset	manifest_only	Outside the curated CoOOH archive selection.
.codex\tmp\ssh-deps\codex-paramiko\cffi\__pycache__\backend_ctypes.cpython-313.pyc	64383	historical_dataset	manifest_only	Outside the curated CoOOH archive selection.
.codex\tmp\ssh-deps\codex-paramiko\cffi\__pycache__\cffi_opcode.cpython-313.pyc	6941	historical_dataset	manifest_only	Outside the curated CoOOH archive selection.
.codex\tmp\ssh-deps\codex-paramiko\cffi\__pycache__\commontypes.cpython-313.pyc	3132	historical_dataset	manifest_only	Outside the curated CoOOH archive selection.
.codex\tmp\ssh-deps\codex-paramiko\cffi\__pycache__\cparser.cpython-313.pyc	48101	historical_dataset	manifest_only	Outside the curated CoOOH archive selection.
.codex\tmp\ssh-deps\codex-paramiko\cffi\__pycache__\error.cpython-313.pyc	2045	historical_dataset	manifest_only	Outside the curated CoOOH archive selection.
.codex\tmp\ssh-deps\codex-paramiko\cffi\__pycache__\ffiplatform.cpython-313.pyc	5924	historical_dataset	manifest_only	Outside the curated CoOOH archive selection.
.codex\tmp\ssh-deps\codex-paramiko\cffi\__pycache__\gen_src.cpython-313.pyc	374	historical_dataset	manifest_only	Outside the curated CoOOH archive selection.
.codex\tmp\ssh-deps\codex-paramiko\cffi\__pycache__\lock.cpython-313.pyc	540	historical_dataset	manifest_only	Outside the curated CoOOH archive selection.
.codex\tmp\ssh-deps\codex-paramiko\cffi\__pycache__\model.cpython-313.pyc	30893	historical_dataset	manifest_only	Outside the curated CoOOH archive selection.
.codex\tmp\ssh-deps\codex-paramiko\cffi\__pycache__\pkgconfig.cpython-313.pyc	6519	historical_dataset	manifest_only	Outside the curated CoOOH archive selection.
.codex\tmp\ssh-deps\codex-paramiko\cffi\__pycache__\recompiler.cpython-313.pyc	82655	historical_dataset	manifest_only	Outside the curated CoOOH archive selection.
.codex\tmp\ssh-deps\codex-paramiko\cffi\__pycache__\setuptools_ext.cpython-313.pyc	11757	historical_dataset	manifest_only	Outside the curated CoOOH archive selection.
.codex\tmp\ssh-deps\codex-paramiko\cffi\__pycache__\vengine_cpy.cpython-313.pyc	50718	historical_dataset	manifest_only	Outside the curated CoOOH archive selection.
.codex\tmp\ssh-deps\codex-paramiko\cffi\__pycache__\vengine_gen.cpython-313.pyc	34578	historical_dataset	manifest_only	Outside the curated CoOOH archive selection.
.codex\tmp\ssh-deps\codex-paramiko\cffi\__pycache__\verifier.cpython-313.pyc	16756	historical_dataset	manifest_only	Outside the curated CoOOH archive selection.
.codex\tmp\ssh-deps\codex-paramiko\cffi\_cffi_errors.h	3583	historical_dataset	manifest_only	Outside the curated CoOOH archive selection.
.codex\tmp\ssh-deps\codex-paramiko\cffi\_cffi_gen_src.py	7044	historical_dataset	manifest_only	Outside the curated CoOOH archive selection.
.codex\tmp\ssh-deps\codex-paramiko\cffi\_cffi_include.h	15234	historical_dataset	manifest_only	Outside the curated CoOOH archive selection.
.codex\tmp\ssh-deps\codex-paramiko\cffi\_embedding.h	17554	historical_dataset	manifest_only	Outside the curated CoOOH archive selection.
.codex\tmp\ssh-deps\codex-paramiko\cffi\_imp_emulation.py	2960	historical_dataset	manifest_only	Outside the curated CoOOH archive selection.
.codex\tmp\ssh-deps\codex-paramiko\cffi\_shimmed_dist_utils.py	2230	historical_dataset	manifest_only	Outside the curated CoOOH archive selection.
.codex\tmp\ssh-deps\codex-paramiko\cffi\api.py	42013	historical_dataset	manifest_only	Outside the curated CoOOH archive selection.
.codex\tmp\ssh-deps\codex-paramiko\cffi\backend_ctypes.py	42283	historical_dataset	manifest_only	Outside the curated CoOOH archive selection.
.codex\tmp\ssh-deps\codex-paramiko\cffi\cffi_opcode.py	5723	historical_dataset	manifest_only	Outside the curated CoOOH archive selection.
.codex\tmp\ssh-deps\codex-paramiko\cffi\commontypes.py	2805	historical_dataset	manifest_only	Outside the curated CoOOH archive selection.
.codex\tmp\ssh-deps\codex-paramiko\cffi\cparser.py	44754	historical_dataset	manifest_only	Outside the curated CoOOH archive selection.
.codex\tmp\ssh-deps\codex-paramiko\cffi\error.py	877	historical_dataset	manifest_only	Outside the curated CoOOH archive selection.
.codex\tmp\ssh-deps\codex-paramiko\cffi\ffiplatform.py	3584	historical_dataset	manifest_only	Outside the curated CoOOH archive selection.
.codex\tmp\ssh-deps\codex-paramiko\cffi\gen_src.py	132	historical_dataset	manifest_only	Outside the curated CoOOH archive selection.
.codex\tmp\ssh-deps\codex-paramiko\cffi\lock.py	747	historical_dataset	manifest_only	Outside the curated CoOOH archive selection.
.codex\tmp\ssh-deps\codex-paramiko\cffi\model.py	21752	historical_dataset	manifest_only	Outside the curated CoOOH archive selection.
.codex\tmp\ssh-deps\codex-paramiko\cffi\parse_c_type.h	5976	historical_dataset	manifest_only	Outside the curated CoOOH archive selection.
.codex\tmp\ssh-deps\codex-paramiko\cffi\pkgconfig.py	4365	historical_dataset	manifest_only	Outside the curated CoOOH archive selection.
.codex\tmp\ssh-deps\codex-paramiko\cffi\recompiler.py	65140	historical_dataset	manifest_only	Outside the curated CoOOH archive selection.
.codex\tmp\ssh-deps\codex-paramiko\cffi\setuptools_ext.py	9566	historical_dataset	manifest_only	Outside the curated CoOOH archive selection.
.codex\tmp\ssh-deps\codex-paramiko\cffi\vengine_cpy.py	43030	historical_dataset	manifest_only	Outside the curated CoOOH archive selection.
.codex\tmp\ssh-deps\codex-paramiko\cffi\vengine_gen.py	26931	historical_dataset	manifest_only	Outside the curated CoOOH archive selection.
.codex\tmp\ssh-deps\codex-paramiko\cffi\verifier.py	11154	historical_dataset	manifest_only	Outside the curated CoOOH archive selection.
.codex\tmp\ssh-deps\codex-paramiko\cryptography-50.0.0.dist-info\INSTALLER	4	historical_dataset	manifest_only	Outside the curated CoOOH archive selection.
.codex\tmp\ssh-deps\codex-paramiko\cryptography-50.0.0.dist-info\licenses\LICENSE	197	historical_dataset	manifest_only	Outside the curated CoOOH archive selection.
.codex\tmp\ssh-deps\codex-paramiko\cryptography-50.0.0.dist-info\licenses\LICENSE.APACHE	11360	historical_dataset	manifest_only	Outside the curated CoOOH archive selection.
.codex\tmp\ssh-deps\codex-paramiko\cryptography-50.0.0.dist-info\licenses\LICENSE.BSD	1532	historical_dataset	manifest_only	Outside the curated CoOOH archive selection.
.codex\tmp\ssh-deps\codex-paramiko\cryptography-50.0.0.dist-info\METADATA	4343	historical_dataset	manifest_only	Outside the curated CoOOH archive selection.
.codex\tmp\ssh-deps\codex-paramiko\cryptography-50.0.0.dist-info\RECORD	17865	historical_dataset	manifest_only	Outside the curated CoOOH archive selection.
.codex\tmp\ssh-deps\codex-paramiko\cryptography-50.0.0.dist-info\sboms\cryptography-rust.cyclonedx.json	45629	historical_dataset	manifest_only	Outside the curated CoOOH archive selection.
.codex\tmp\ssh-deps\codex-paramiko\cryptography-50.0.0.dist-info\sboms\sbom.json	1223	historical_dataset	manifest_only	Outside the curated CoOOH archive selection.
.codex\tmp\ssh-deps\codex-paramiko\cryptography-50.0.0.dist-info\WHEEL	96	historical_dataset	manifest_only	Outside the curated CoOOH archive selection.
.codex\tmp\ssh-deps\codex-paramiko\cryptography\__about__.py	445	historical_dataset	manifest_only	Outside the curated CoOOH archive selection.
.codex\tmp\ssh-deps\codex-paramiko\cryptography\__init__.py	364	historical_dataset	manifest_only	Outside the curated CoOOH archive selection.
.codex\tmp\ssh-deps\codex-paramiko\cryptography\__pycache__\__about__.cpython-313.pyc	474	historical_dataset	manifest_only	Outside the curated CoOOH archive selection.
.codex\tmp\ssh-deps\codex-paramiko\cryptography\__pycache__\__init__.cpython-313.pyc	384	historical_dataset	manifest_only	Outside the curated CoOOH archive selection.
.codex\tmp\ssh-deps\codex-paramiko\cryptography\__pycache__\cobblestone.cpython-313.pyc	635	historical_dataset	manifest_only	Outside the curated CoOOH archive selection.
.codex\tmp\ssh-deps\codex-paramiko\cryptography\__pycache__\exceptions.cpython-313.pyc	2608	historical_dataset	manifest_only	Outside the curated CoOOH archive selection.
.codex\tmp\ssh-deps\codex-paramiko\cryptography\__pycache__\fernet.cpython-313.pyc	11675	historical_dataset	manifest_only	Outside the curated CoOOH archive selection.
.codex\tmp\ssh-deps\codex-paramiko\cryptography\__pycache__\utils.cpython-313.pyc	6593	historical_dataset	manifest_only	Outside the curated CoOOH archive selection.
.codex\tmp\ssh-deps\codex-paramiko\cryptography\cobblestone.py	693	historical_dataset	manifest_only	Outside the curated CoOOH archive selection.
.codex\tmp\ssh-deps\codex-paramiko\cryptography\exceptions.py	1087	historical_dataset	manifest_only	Outside the curated CoOOH archive selection.
.codex\tmp\ssh-deps\codex-paramiko\cryptography\fernet.py	7687	historical_dataset	manifest_only	Outside the curated CoOOH archive selection.
.codex\tmp\ssh-deps\codex-paramiko\cryptography\hazmat\__init__.py	455	historical_dataset	manifest_only	Outside the curated CoOOH archive selection.
.codex\tmp\ssh-deps\codex-paramiko\cryptography\hazmat\__pycache__\__init__.cpython-313.pyc	265	historical_dataset	manifest_only	Outside the curated CoOOH archive selection.
.codex\tmp\ssh-deps\codex-paramiko\cryptography\hazmat\__pycache__\_oid.cpython-313.pyc	22242	historical_dataset	manifest_only	Outside the curated CoOOH archive selection.
.codex\tmp\ssh-deps\codex-paramiko\cryptography\hazmat\_oid.py	18150	historical_dataset	manifest_only	Outside the curated CoOOH archive selection.
.codex\tmp\ssh-deps\codex-paramiko\cryptography\hazmat\asn1\__init__.py	812	historical_dataset	manifest_only	Outside the curated CoOOH archive selection.
.codex\tmp\ssh-deps\codex-paramiko\cryptography\hazmat\asn1\__pycache__\__init__.cpython-313.pyc	694	historical_dataset	manifest_only	Outside the curated CoOOH archive selection.
.codex\tmp\ssh-deps\codex-paramiko\cryptography\hazmat\asn1\__pycache__\asn1.cpython-313.pyc	18774	historical_dataset	manifest_only	Outside the curated CoOOH archive selection.
.codex\tmp\ssh-deps\codex-paramiko\cryptography\hazmat\asn1\asn1.py	19152	historical_dataset	manifest_only	Outside the curated CoOOH archive selection.
.codex\tmp\ssh-deps\codex-paramiko\cryptography\hazmat\backends\__init__.py	361	historical_dataset	manifest_only	Outside the curated CoOOH archive selection.
.codex\tmp\ssh-deps\codex-paramiko\cryptography\hazmat\backends\__pycache__\__init__.cpython-313.pyc	517	historical_dataset	manifest_only	Outside the curated CoOOH archive selection.
.codex\tmp\ssh-deps\codex-paramiko\cryptography\hazmat\backends\openssl\__init__.py	305	historical_dataset	manifest_only	Outside the curated CoOOH archive selection.
.codex\tmp\ssh-deps\codex-paramiko\cryptography\hazmat\backends\openssl\__pycache__\__init__.cpython-313.pyc	381	historical_dataset	manifest_only	Outside the curated CoOOH archive selection.
.codex\tmp\ssh-deps\codex-paramiko\cryptography\hazmat\backends\openssl\__pycache__\backend.cpython-313.pyc	14600	historical_dataset	manifest_only	Outside the curated CoOOH archive selection.
.codex\tmp\ssh-deps\codex-paramiko\cryptography\hazmat\backends\openssl\backend.py	10475	historical_dataset	manifest_only	Outside the curated CoOOH archive selection.
.codex\tmp\ssh-deps\codex-paramiko\cryptography\hazmat\bindings\__init__.py	216	historical_dataset	manifest_only	Outside the curated CoOOH archive selection.
.codex\tmp\ssh-deps\codex-paramiko\cryptography\hazmat\bindings\__pycache__\__init__.cpython-313.pyc	269	historical_dataset	manifest_only	Outside the curated CoOOH archive selection.
.codex\tmp\ssh-deps\codex-paramiko\cryptography\hazmat\bindings\_rust.pyd	9935360	historical_dataset	manifest_only	Large file not uploaded under archive protocol.
.codex\tmp\ssh-deps\codex-paramiko\cryptography\hazmat\bindings\_rust\__init__.pyi	2285	historical_dataset	manifest_only	Outside the curated CoOOH archive selection.
.codex\tmp\ssh-deps\codex-paramiko\cryptography\hazmat\bindings\_rust\_openssl.pyi	228	historical_dataset	manifest_only	Outside the curated CoOOH archive selection.
.codex\tmp\ssh-deps\codex-paramiko\cryptography\hazmat\bindings\_rust\asn1.pyi	354	historical_dataset	manifest_only	Outside the curated CoOOH archive selection.
.codex\tmp\ssh-deps\codex-paramiko\cryptography\hazmat\bindings\_rust\cobblestone.pyi	1325	historical_dataset	manifest_only	Outside the curated CoOOH archive selection.
.codex\tmp\ssh-deps\codex-paramiko\cryptography\hazmat\bindings\_rust\declarative_asn1.pyi	3866	historical_dataset	manifest_only	Outside the curated CoOOH archive selection.
.codex\tmp\ssh-deps\codex-paramiko\cryptography\hazmat\bindings\_rust\exceptions.pyi	640	historical_dataset	manifest_only	Outside the curated CoOOH archive selection.
.codex\tmp\ssh-deps\codex-paramiko\cryptography\hazmat\bindings\_rust\ocsp.pyi	4020	historical_dataset	manifest_only	Outside the curated CoOOH archive selection.
.codex\tmp\ssh-deps\codex-paramiko\cryptography\hazmat\bindings\_rust\openssl\__init__.pyi	1578	historical_dataset	manifest_only	Outside the curated CoOOH archive selection.
.codex\tmp\ssh-deps\codex-paramiko\cryptography\hazmat\bindings\_rust\openssl\aead.pyi	4582	historical_dataset	manifest_only	Outside the curated CoOOH archive selection.
.codex\tmp\ssh-deps\codex-paramiko\cryptography\hazmat\bindings\_rust\openssl\ciphers.pyi	1315	historical_dataset	manifest_only	Outside the curated CoOOH archive selection.
.codex\tmp\ssh-deps\codex-paramiko\cryptography\hazmat\bindings\_rust\openssl\cmac.pyi	564	historical_dataset	manifest_only	Outside the curated CoOOH archive selection.
.codex\tmp\ssh-deps\codex-paramiko\cryptography\hazmat\bindings\_rust\openssl\dh.pyi	1564	historical_dataset	manifest_only	Outside the curated CoOOH archive selection.
.codex\tmp\ssh-deps\codex-paramiko\cryptography\hazmat\bindings\_rust\openssl\dsa.pyi	1299	historical_dataset	manifest_only	Outside the curated CoOOH archive selection.
.codex\tmp\ssh-deps\codex-paramiko\cryptography\hazmat\bindings\_rust\openssl\ec.pyi	1691	historical_dataset	manifest_only	Outside the curated CoOOH archive selection.
.codex\tmp\ssh-deps\codex-paramiko\cryptography\hazmat\bindings\_rust\openssl\ed25519.pyi	532	historical_dataset	manifest_only	Outside the curated CoOOH archive selection.
.codex\tmp\ssh-deps\codex-paramiko\cryptography\hazmat\bindings\_rust\openssl\ed448.pyi	514	historical_dataset	manifest_only	Outside the curated CoOOH archive selection.
.codex\tmp\ssh-deps\codex-paramiko\cryptography\hazmat\bindings\_rust\openssl\hashes.pyi	1076	historical_dataset	manifest_only	Outside the curated CoOOH archive selection.
.codex\tmp\ssh-deps\codex-paramiko\cryptography\hazmat\bindings\_rust\openssl\hmac.pyi	702	historical_dataset	manifest_only	Outside the curated CoOOH archive selection.
.codex\tmp\ssh-deps\codex-paramiko\cryptography\hazmat\bindings\_rust\openssl\hpke.pyi	2914	historical_dataset	manifest_only	Outside the curated CoOOH archive selection.
.codex\tmp\ssh-deps\codex-paramiko\cryptography\hazmat\bindings\_rust\openssl\kdf.pyi	6619	historical_dataset	manifest_only	Outside the curated CoOOH archive selection.
.codex\tmp\ssh-deps\codex-paramiko\cryptography\hazmat\bindings\_rust\openssl\keys.pyi	912	historical_dataset	manifest_only	Outside the curated CoOOH archive selection.
.codex\tmp\ssh-deps\codex-paramiko\cryptography\hazmat\bindings\_rust\openssl\keywrap.pyi	733	historical_dataset	manifest_only	Outside the curated CoOOH archive selection.
.codex\tmp\ssh-deps\codex-paramiko\cryptography\hazmat\bindings\_rust\openssl\mldsa.pyi	1421	historical_dataset	manifest_only	Outside the curated CoOOH archive selection.
.codex\tmp\ssh-deps\codex-paramiko\cryptography\hazmat\bindings\_rust\openssl\mlkem.pyi	835	historical_dataset	manifest_only	Outside the curated CoOOH archive selection.
.codex\tmp\ssh-deps\codex-paramiko\cryptography\hazmat\bindings\_rust\openssl\poly1305.pyi	585	historical_dataset	manifest_only	Outside the curated CoOOH archive selection.
.codex\tmp\ssh-deps\codex-paramiko\cryptography\hazmat\bindings\_rust\openssl\rsa.pyi	1364	historical_dataset	manifest_only	Outside the curated CoOOH archive selection.
.codex\tmp\ssh-deps\codex-paramiko\cryptography\hazmat\bindings\_rust\openssl\x25519.pyi	523	historical_dataset	manifest_only	Outside the curated CoOOH archive selection.
.codex\tmp\ssh-deps\codex-paramiko\cryptography\hazmat\bindings\_rust\openssl\x448.pyi	505	historical_dataset	manifest_only	Outside the curated CoOOH archive selection.
.codex\tmp\ssh-deps\codex-paramiko\cryptography\hazmat\bindings\_rust\pkcs12.pyi	1605	historical_dataset	manifest_only	Outside the curated CoOOH archive selection.
.codex\tmp\ssh-deps\codex-paramiko\cryptography\hazmat\bindings\_rust\pkcs7.pyi	1601	historical_dataset	manifest_only	Outside the curated CoOOH archive selection.
.codex\tmp\ssh-deps\codex-paramiko\cryptography\hazmat\bindings\_rust\test_support.pyi	757	historical_dataset	manifest_only	Outside the curated CoOOH archive selection.
.codex\tmp\ssh-deps\codex-paramiko\cryptography\hazmat\bindings\_rust\x509.pyi	10211	historical_dataset	manifest_only	Outside the curated CoOOH archive selection.
.codex\tmp\ssh-deps\codex-paramiko\cryptography\hazmat\bindings\openssl\__init__.py	216	historical_dataset	manifest_only	Outside the curated CoOOH archive selection.
.codex\tmp\ssh-deps\codex-paramiko\cryptography\hazmat\bindings\openssl\__pycache__\__init__.cpython-313.pyc	277	historical_dataset	manifest_only	Outside the curated CoOOH archive selection.
.codex\tmp\ssh-deps\codex-paramiko\cryptography\hazmat\bindings\openssl\__pycache__\_conditional.cpython-313.pyc	5672	historical_dataset	manifest_only	Outside the curated CoOOH archive selection.
.codex\tmp\ssh-deps\codex-paramiko\cryptography\hazmat\bindings\openssl\__pycache__\binding.cpython-313.pyc	4689	historical_dataset	manifest_only	Outside the curated CoOOH archive selection.
.codex\tmp\ssh-deps\codex-paramiko\cryptography\hazmat\bindings\openssl\_conditional.py	5611	historical_dataset	manifest_only	Outside the curated CoOOH archive selection.
.codex\tmp\ssh-deps\codex-paramiko\cryptography\hazmat\bindings\openssl\binding.py	3706	historical_dataset	manifest_only	Outside the curated CoOOH archive selection.
.codex\tmp\ssh-deps\codex-paramiko\cryptography\hazmat\decrepit\__init__.py	216	historical_dataset	manifest_only	Outside the curated CoOOH archive selection.
.codex\tmp\ssh-deps\codex-paramiko\cryptography\hazmat\decrepit\__pycache__\__init__.cpython-313.pyc	269	historical_dataset	manifest_only	Outside the curated CoOOH archive selection.
.codex\tmp\ssh-deps\codex-paramiko\cryptography\hazmat\decrepit\ciphers\__init__.py	216	historical_dataset	manifest_only	Outside the curated CoOOH archive selection.
.codex\tmp\ssh-deps\codex-paramiko\cryptography\hazmat\decrepit\ciphers\__pycache__\__init__.cpython-313.pyc	277	historical_dataset	manifest_only	Outside the curated CoOOH archive selection.
.codex\tmp\ssh-deps\codex-paramiko\cryptography\hazmat\decrepit\ciphers\__pycache__\algorithms.cpython-313.pyc	6304	historical_dataset	manifest_only	Outside the curated CoOOH archive selection.
.codex\tmp\ssh-deps\codex-paramiko\cryptography\hazmat\decrepit\ciphers\__pycache__\modes.cpython-313.pyc	2221	historical_dataset	manifest_only	Outside the curated CoOOH archive selection.
.codex\tmp\ssh-deps\codex-paramiko\cryptography\hazmat\decrepit\ciphers\algorithms.py	3752	historical_dataset	manifest_only	Outside the curated CoOOH archive selection.
.codex\tmp\ssh-deps\codex-paramiko\cryptography\hazmat\decrepit\ciphers\modes.py	1649	historical_dataset	manifest_only	Outside the curated CoOOH archive selection.
.codex\tmp\ssh-deps\codex-paramiko\cryptography\hazmat\primitives\__init__.py	216	historical_dataset	manifest_only	Outside the curated CoOOH archive selection.
.codex\tmp\ssh-deps\codex-paramiko\cryptography\hazmat\primitives\__pycache__\__init__.cpython-313.pyc	271	historical_dataset	manifest_only	Outside the curated CoOOH archive selection.
.codex\tmp\ssh-deps\codex-paramiko\cryptography\hazmat\primitives\__pycache__\_asymmetric.cpython-313.pyc	864	historical_dataset	manifest_only	Outside the curated CoOOH archive selection.
.codex\tmp\ssh-deps\codex-paramiko\cryptography\hazmat\primitives\__pycache__\_cipheralgorithm.cpython-313.pyc	2538	historical_dataset	manifest_only	Outside the curated CoOOH archive selection.
.codex\tmp\ssh-deps\codex-paramiko\cryptography\hazmat\primitives\__pycache__\_modes.cpython-313.pyc	5269	historical_dataset	manifest_only	Outside the curated CoOOH archive selection.
.codex\tmp\ssh-deps\codex-paramiko\cryptography\hazmat\primitives\__pycache__\_serialization.cpython-313.pyc	5792	historical_dataset	manifest_only	Outside the curated CoOOH archive selection.
.codex\tmp\ssh-deps\codex-paramiko\cryptography\hazmat\primitives\__pycache__\cmac.cpython-313.pyc	448	historical_dataset	manifest_only	Outside the curated CoOOH archive selection.
.codex\tmp\ssh-deps\codex-paramiko\cryptography\hazmat\primitives\__pycache__\constant_time.cpython-313.pyc	712	historical_dataset	manifest_only	Outside the curated CoOOH archive selection.
.codex\tmp\ssh-deps\codex-paramiko\cryptography\hazmat\primitives\__pycache__\hashes.cpython-313.pyc	12497	historical_dataset	manifest_only	Outside the curated CoOOH archive selection.
.codex\tmp\ssh-deps\codex-paramiko\cryptography\hazmat\primitives\__pycache__\hmac.cpython-313.pyc	607	historical_dataset	manifest_only	Outside the curated CoOOH archive selection.
.codex\tmp\ssh-deps\codex-paramiko\cryptography\hazmat\primitives\__pycache__\hpke.cpython-313.pyc	1035	historical_dataset	manifest_only	Outside the curated CoOOH archive selection.
.codex\tmp\ssh-deps\codex-paramiko\cryptography\hazmat\primitives\__pycache__\keywrap.cpython-313.pyc	996	historical_dataset	manifest_only	Outside the curated CoOOH archive selection.
.codex\tmp\ssh-deps\codex-paramiko\cryptography\hazmat\primitives\__pycache__\padding.cpython-313.pyc	3318	historical_dataset	manifest_only	Outside the curated CoOOH archive selection.
.codex\tmp\ssh-deps\codex-paramiko\cryptography\hazmat\primitives\__pycache__\poly1305.cpython-313.pyc	460	historical_dataset	manifest_only	Outside the curated CoOOH archive selection.
.codex\tmp\ssh-deps\codex-paramiko\cryptography\hazmat\primitives\_asymmetric.py	532	historical_dataset	manifest_only	Outside the curated CoOOH archive selection.
.codex\tmp\ssh-deps\codex-paramiko\cryptography\hazmat\primitives\_cipheralgorithm.py	1522	historical_dataset	manifest_only	Outside the curated CoOOH archive selection.
.codex\tmp\ssh-deps\codex-paramiko\cryptography\hazmat\primitives\_modes.py	3075	historical_dataset	manifest_only	Outside the curated CoOOH archive selection.
.codex\tmp\ssh-deps\codex-paramiko\cryptography\hazmat\primitives\_serialization.py	4440	historical_dataset	manifest_only	Outside the curated CoOOH archive selection.
.codex\tmp\ssh-deps\codex-paramiko\cryptography\hazmat\primitives\asymmetric\__init__.py	216	historical_dataset	manifest_only	Outside the curated CoOOH archive selection.
.codex\tmp\ssh-deps\codex-paramiko\cryptography\hazmat\primitives\asymmetric\__pycache__\__init__.cpython-313.pyc	282	historical_dataset	manifest_only	Outside the curated CoOOH archive selection.
.codex\tmp\ssh-deps\codex-paramiko\cryptography\hazmat\primitives\asymmetric\__pycache__\dh.cpython-313.pyc	7758	historical_dataset	manifest_only	Outside the curated CoOOH archive selection.
.codex\tmp\ssh-deps\codex-paramiko\cryptography\hazmat\primitives\asymmetric\__pycache__\dsa.cpython-313.pyc	7304	historical_dataset	manifest_only	Outside the curated CoOOH archive selection.
.codex\tmp\ssh-deps\codex-paramiko\cryptography\hazmat\primitives\asymmetric\__pycache__\ec.cpython-313.pyc	14820	historical_dataset	manifest_only	Outside the curated CoOOH archive selection.
.codex\tmp\ssh-deps\codex-paramiko\cryptography\hazmat\primitives\asymmetric\__pycache__\ed25519.cpython-313.pyc	5249	historical_dataset	manifest_only	Outside the curated CoOOH archive selection.
.codex\tmp\ssh-deps\codex-paramiko\cryptography\hazmat\primitives\asymmetric\__pycache__\ed448.cpython-313.pyc	6114	historical_dataset	manifest_only	Outside the curated CoOOH archive selection.
.codex\tmp\ssh-deps\codex-paramiko\cryptography\hazmat\primitives\asymmetric\__pycache__\mldsa.cpython-313.pyc	15770	historical_dataset	manifest_only	Outside the curated CoOOH archive selection.
.codex\tmp\ssh-deps\codex-paramiko\cryptography\hazmat\primitives\asymmetric\__pycache__\mlkem.cpython-313.pyc	10915	historical_dataset	manifest_only	Outside the curated CoOOH archive selection.
.codex\tmp\ssh-deps\codex-paramiko\cryptography\hazmat\primitives\asymmetric\__pycache__\padding.cpython-313.pyc	6498	historical_dataset	manifest_only	Outside the curated CoOOH archive selection.
.codex\tmp\ssh-deps\codex-paramiko\cryptography\hazmat\primitives\asymmetric\__pycache__\rsa.cpython-313.pyc	10780	historical_dataset	manifest_only	Outside the curated CoOOH archive selection.
.codex\tmp\ssh-deps\codex-paramiko\cryptography\hazmat\primitives\asymmetric\__pycache__\types.cpython-313.pyc	3045	historical_dataset	manifest_only	Outside the curated CoOOH archive selection.
.codex\tmp\ssh-deps\codex-paramiko\cryptography\hazmat\primitives\asymmetric\__pycache__\utils.cpython-313.pyc	1607	historical_dataset	manifest_only	Outside the curated CoOOH archive selection.
.codex\tmp\ssh-deps\codex-paramiko\cryptography\hazmat\primitives\asymmetric\__pycache__\x25519.cpython-313.pyc	5858	historical_dataset	manifest_only	Outside the curated CoOOH archive selection.
.codex\tmp\ssh-deps\codex-paramiko\cryptography\hazmat\primitives\asymmetric\__pycache__\x448.cpython-313.pyc	5921	historical_dataset	manifest_only	Outside the curated CoOOH archive selection.
.codex\tmp\ssh-deps\codex-paramiko\cryptography\hazmat\primitives\asymmetric\dh.py	5793	historical_dataset	manifest_only	Outside the curated CoOOH archive selection.
.codex\tmp\ssh-deps\codex-paramiko\cryptography\hazmat\primitives\asymmetric\dsa.py	4482	historical_dataset	manifest_only	Outside the curated CoOOH archive selection.
.codex\tmp\ssh-deps\codex-paramiko\cryptography\hazmat\primitives\asymmetric\ec.py	10183	historical_dataset	manifest_only	Outside the curated CoOOH archive selection.
.codex\tmp\ssh-deps\codex-paramiko\cryptography\hazmat\primitives\asymmetric\ed25519.py	2998	historical_dataset	manifest_only	Outside the curated CoOOH archive selection.
.codex\tmp\ssh-deps\codex-paramiko\cryptography\hazmat\primitives\asymmetric\ed448.py	4002	historical_dataset	manifest_only	Outside the curated CoOOH archive selection.
.codex\tmp\ssh-deps\codex-paramiko\cryptography\hazmat\primitives\asymmetric\mldsa.py	13803	historical_dataset	manifest_only	Outside the curated CoOOH archive selection.
.codex\tmp\ssh-deps\codex-paramiko\cryptography\hazmat\primitives\asymmetric\mlkem.py	7901	historical_dataset	manifest_only	Outside the curated CoOOH archive selection.
.codex\tmp\ssh-deps\codex-paramiko\cryptography\hazmat\primitives\asymmetric\padding.py	3678	historical_dataset	manifest_only	Outside the curated CoOOH archive selection.
.codex\tmp\ssh-deps\codex-paramiko\cryptography\hazmat\primitives\asymmetric\rsa.py	8492	historical_dataset	manifest_only	Outside the curated CoOOH archive selection.
.codex\tmp\ssh-deps\codex-paramiko\cryptography\hazmat\primitives\asymmetric\types.py	2588	historical_dataset	manifest_only	Outside the curated CoOOH archive selection.
.codex\tmp\ssh-deps\codex-paramiko\cryptography\hazmat\primitives\asymmetric\utils.py	821	historical_dataset	manifest_only	Outside the curated CoOOH archive selection.
.codex\tmp\ssh-deps\codex-paramiko\cryptography\hazmat\primitives\asymmetric\x25519.py	3888	historical_dataset	manifest_only	Outside the curated CoOOH archive selection.
.codex\tmp\ssh-deps\codex-paramiko\cryptography\hazmat\primitives\asymmetric\x448.py	3913	historical_dataset	manifest_only	Outside the curated CoOOH archive selection.
.codex\tmp\ssh-deps\codex-paramiko\cryptography\hazmat\primitives\ciphers\__init__.py	680	historical_dataset	manifest_only	Outside the curated CoOOH archive selection.
.codex\tmp\ssh-deps\codex-paramiko\cryptography\hazmat\primitives\ciphers\__pycache__\__init__.cpython-313.pyc	659	historical_dataset	manifest_only	Outside the curated CoOOH archive selection.
.codex\tmp\ssh-deps\codex-paramiko\cryptography\hazmat\primitives\ciphers\__pycache__\aead.cpython-313.pyc	849	historical_dataset	manifest_only	Outside the curated CoOOH archive selection.
.codex\tmp\ssh-deps\codex-paramiko\cryptography\hazmat\primitives\ciphers\__pycache__\algorithms.cpython-313.pyc	4827	historical_dataset	manifest_only	Outside the curated CoOOH archive selection.
.codex\tmp\ssh-deps\codex-paramiko\cryptography\hazmat\primitives\ciphers\__pycache__\base.cpython-313.pyc	7100	historical_dataset	manifest_only	Outside the curated CoOOH archive selection.
.codex\tmp\ssh-deps\codex-paramiko\cryptography\hazmat\primitives\ciphers\__pycache__\modes.cpython-313.pyc	7475	historical_dataset	manifest_only	Outside the curated CoOOH archive selection.
.codex\tmp\ssh-deps\codex-paramiko\cryptography\hazmat\primitives\ciphers\aead.py	634	historical_dataset	manifest_only	Outside the curated CoOOH archive selection.
.codex\tmp\ssh-deps\codex-paramiko\cryptography\hazmat\primitives\ciphers\algorithms.py	3496	historical_dataset	manifest_only	Outside the curated CoOOH archive selection.
.codex\tmp\ssh-deps\codex-paramiko\cryptography\hazmat\primitives\ciphers\base.py	4253	historical_dataset	manifest_only	Outside the curated CoOOH archive selection.
.codex\tmp\ssh-deps\codex-paramiko\cryptography\hazmat\primitives\ciphers\modes.py	6003	historical_dataset	manifest_only	Outside the curated CoOOH archive selection.
.codex\tmp\ssh-deps\codex-paramiko\cryptography\hazmat\primitives\cmac.py	338	historical_dataset	manifest_only	Outside the curated CoOOH archive selection.
.codex\tmp\ssh-deps\codex-paramiko\cryptography\hazmat\primitives\constant_time.py	422	historical_dataset	manifest_only	Outside the curated CoOOH archive selection.
.codex\tmp\ssh-deps\codex-paramiko\cryptography\hazmat\primitives\hashes.py	7916	historical_dataset	manifest_only	Outside the curated CoOOH archive selection.
.codex\tmp\ssh-deps\codex-paramiko\cryptography\hazmat\primitives\hmac.py	423	historical_dataset	manifest_only	Outside the curated CoOOH archive selection.
.codex\tmp\ssh-deps\codex-paramiko\cryptography\hazmat\primitives\hpke.py	865	historical_dataset	manifest_only	Outside the curated CoOOH archive selection.
.codex\tmp\ssh-deps\codex-paramiko\cryptography\hazmat\primitives\kdf\__init__.py	1037	historical_dataset	manifest_only	Outside the curated CoOOH archive selection.
.codex\tmp\ssh-deps\codex-paramiko\cryptography\hazmat\primitives\kdf\__pycache__\__init__.cpython-313.pyc	1675	historical_dataset	manifest_only	Outside the curated CoOOH archive selection.
.codex\tmp\ssh-deps\codex-paramiko\cryptography\hazmat\primitives\kdf\__pycache__\argon2.cpython-313.pyc	850	historical_dataset	manifest_only	Outside the curated CoOOH archive selection.
.codex\tmp\ssh-deps\codex-paramiko\cryptography\hazmat\primitives\kdf\__pycache__\concatkdf.cpython-313.pyc	742	historical_dataset	manifest_only	Outside the curated CoOOH archive selection.
.codex\tmp\ssh-deps\codex-paramiko\cryptography\hazmat\primitives\kdf\__pycache__\hkdf.cpython-313.pyc	725	historical_dataset	manifest_only	Outside the curated CoOOH archive selection.
.codex\tmp\ssh-deps\codex-paramiko\cryptography\hazmat\primitives\kdf\__pycache__\kbkdf.cpython-313.pyc	1341	historical_dataset	manifest_only	Outside the curated CoOOH archive selection.
.codex\tmp\ssh-deps\codex-paramiko\cryptography\hazmat\primitives\kdf\__pycache__\pbkdf2.cpython-313.pyc	600	historical_dataset	manifest_only	Outside the curated CoOOH archive selection.
.codex\tmp\ssh-deps\codex-paramiko\cryptography\hazmat\primitives\kdf\__pycache__\scrypt.cpython-313.pyc	684	historical_dataset	manifest_only	Outside the curated CoOOH archive selection.
.codex\tmp\ssh-deps\codex-paramiko\cryptography\hazmat\primitives\kdf\__pycache__\x963kdf.cpython-313.pyc	598	historical_dataset	manifest_only	Outside the curated CoOOH archive selection.
.codex\tmp\ssh-deps\codex-paramiko\cryptography\hazmat\primitives\kdf\argon2.py	632	historical_dataset	manifest_only	Outside the curated CoOOH archive selection.
.codex\tmp\ssh-deps\codex-paramiko\cryptography\hazmat\primitives\kdf\concatkdf.py	591	historical_dataset	manifest_only	Outside the curated CoOOH archive selection.
.codex\tmp\ssh-deps\codex-paramiko\cryptography\hazmat\primitives\kdf\hkdf.py	543	historical_dataset	manifest_only	Outside the curated CoOOH archive selection.
.codex\tmp\ssh-deps\codex-paramiko\cryptography\hazmat\primitives\kdf\kbkdf.py	737	historical_dataset	manifest_only	Outside the curated CoOOH archive selection.
.codex\tmp\ssh-deps\codex-paramiko\cryptography\hazmat\primitives\kdf\pbkdf2.py	468	historical_dataset	manifest_only	Outside the curated CoOOH archive selection.
.codex\tmp\ssh-deps\codex-paramiko\cryptography\hazmat\primitives\kdf\scrypt.py	590	historical_dataset	manifest_only	Outside the curated CoOOH archive selection.
.codex\tmp\ssh-deps\codex-paramiko\cryptography\hazmat\primitives\kdf\x963kdf.py	456	historical_dataset	manifest_only	Outside the curated CoOOH archive selection.
.codex\tmp\ssh-deps\codex-paramiko\cryptography\hazmat\primitives\keywrap.py	735	historical_dataset	manifest_only	Outside the curated CoOOH archive selection.
.codex\tmp\ssh-deps\codex-paramiko\cryptography\hazmat\primitives\padding.py	1865	historical_dataset	manifest_only	Outside the curated CoOOH archive selection.
.codex\tmp\ssh-deps\codex-paramiko\cryptography\hazmat\primitives\poly1305.py	355	historical_dataset	manifest_only	Outside the curated CoOOH archive selection.
.codex\tmp\ssh-deps\codex-paramiko\cryptography\hazmat\primitives\serialization\__init__.py	2217	historical_dataset	manifest_only	Outside the curated CoOOH archive selection.
.codex\tmp\ssh-deps\codex-paramiko\cryptography\hazmat\primitives\serialization\__pycache__\__init__.cpython-313.pyc	1786	historical_dataset	manifest_only	Outside the curated CoOOH archive selection.
.codex\tmp\ssh-deps\codex-paramiko\cryptography\hazmat\primitives\serialization\__pycache__\base.cpython-313.pyc	910	historical_dataset	manifest_only	Outside the curated CoOOH archive selection.
.codex\tmp\ssh-deps\codex-paramiko\cryptography\hazmat\primitives\serialization\__pycache__\pkcs12.cpython-313.pyc	6874	historical_dataset	manifest_only	Outside the curated CoOOH archive selection.
.codex\tmp\ssh-deps\codex-paramiko\cryptography\hazmat\primitives\serialization\__pycache__\pkcs7.cpython-313.pyc	17566	historical_dataset	manifest_only	Outside the curated CoOOH archive selection.
.codex\tmp\ssh-deps\codex-paramiko\cryptography\hazmat\primitives\serialization\__pycache__\ssh.cpython-313.pyc	67787	historical_dataset	manifest_only	Outside the curated CoOOH archive selection.
.codex\tmp\ssh-deps\codex-paramiko\cryptography\hazmat\primitives\serialization\base.py	651	historical_dataset	manifest_only	Outside the curated CoOOH archive selection.
.codex\tmp\ssh-deps\codex-paramiko\cryptography\hazmat\primitives\serialization\pkcs12.py	5104	historical_dataset	manifest_only	Outside the curated CoOOH archive selection.
.codex\tmp\ssh-deps\codex-paramiko\cryptography\hazmat\primitives\serialization\pkcs7.py	13998	historical_dataset	manifest_only	Outside the curated CoOOH archive selection.
.codex\tmp\ssh-deps\codex-paramiko\cryptography\hazmat\primitives\serialization\ssh.py	53592	historical_dataset	manifest_only	Outside the curated CoOOH archive selection.
.codex\tmp\ssh-deps\codex-paramiko\cryptography\hazmat\primitives\twofactor\__init__.py	258	historical_dataset	manifest_only	Outside the curated CoOOH archive selection.
.codex\tmp\ssh-deps\codex-paramiko\cryptography\hazmat\primitives\twofactor\__pycache__\__init__.cpython-313.pyc	531	historical_dataset	manifest_only	Outside the curated CoOOH archive selection.
.codex\tmp\ssh-deps\codex-paramiko\cryptography\hazmat\primitives\twofactor\__pycache__\hotp.cpython-313.pyc	5301	historical_dataset	manifest_only	Outside the curated CoOOH archive selection.
.codex\tmp\ssh-deps\codex-paramiko\cryptography\hazmat\primitives\twofactor\__pycache__\totp.cpython-313.pyc	2612	historical_dataset	manifest_only	Outside the curated CoOOH archive selection.
.codex\tmp\ssh-deps\codex-paramiko\cryptography\hazmat\primitives\twofactor\hotp.py	3256	historical_dataset	manifest_only	Outside the curated CoOOH archive selection.
.codex\tmp\ssh-deps\codex-paramiko\cryptography\hazmat\primitives\twofactor\totp.py	1652	historical_dataset	manifest_only	Outside the curated CoOOH archive selection.
.codex\tmp\ssh-deps\codex-paramiko\cryptography\py.typed	0	historical_dataset	manifest_only	Outside the curated CoOOH archive selection.
.codex\tmp\ssh-deps\codex-paramiko\cryptography\utils.py	4635	historical_dataset	manifest_only	Outside the curated CoOOH archive selection.
.codex\tmp\ssh-deps\codex-paramiko\cryptography\x509\__init__.py	8253	historical_dataset	manifest_only	Outside the curated CoOOH archive selection.
.codex\tmp\ssh-deps\codex-paramiko\cryptography\x509\__pycache__\__init__.cpython-313.pyc	8479	historical_dataset	manifest_only	Outside the curated CoOOH archive selection.
.codex\tmp\ssh-deps\codex-paramiko\cryptography\x509\__pycache__\base.cpython-313.pyc	33014	historical_dataset	manifest_only	Outside the curated CoOOH archive selection.
.codex\tmp\ssh-deps\codex-paramiko\cryptography\x509\__pycache__\certificate_transparency.cpython-313.pyc	1526	historical_dataset	manifest_only	Outside the curated CoOOH archive selection.
.codex\tmp\ssh-deps\codex-paramiko\cryptography\x509\__pycache__\extensions.cpython-313.pyc	116241	historical_dataset	manifest_only	Outside the curated CoOOH archive selection.
.codex\tmp\ssh-deps\codex-paramiko\cryptography\x509\__pycache__\general_name.cpython-313.pyc	13639	historical_dataset	manifest_only	Outside the curated CoOOH archive selection.
.codex\tmp\ssh-deps\codex-paramiko\cryptography\x509\__pycache__\name.cpython-313.pyc	24099	historical_dataset	manifest_only	Outside the curated CoOOH archive selection.
.codex\tmp\ssh-deps\codex-paramiko\cryptography\x509\__pycache__\ocsp.cpython-313.pyc	15515	historical_dataset	manifest_only	Outside the curated CoOOH archive selection.
.codex\tmp\ssh-deps\codex-paramiko\cryptography\x509\__pycache__\oid.cpython-313.pyc	781	historical_dataset	manifest_only	Outside the curated CoOOH archive selection.
.codex\tmp\ssh-deps\codex-paramiko\cryptography\x509\__pycache__\verification.cpython-313.pyc	1027	historical_dataset	manifest_only	Outside the curated CoOOH archive selection.
.codex\tmp\ssh-deps\codex-paramiko\cryptography\x509\base.py	28311	historical_dataset	manifest_only	Outside the curated CoOOH archive selection.
.codex\tmp\ssh-deps\codex-paramiko\cryptography\x509\certificate_transparency.py	797	historical_dataset	manifest_only	Outside the curated CoOOH archive selection.
.codex\tmp\ssh-deps\codex-paramiko\cryptography\x509\extensions.py	77975	historical_dataset	manifest_only	Outside the curated CoOOH archive selection.
.codex\tmp\ssh-deps\codex-paramiko\cryptography\x509\general_name.py	7836	historical_dataset	manifest_only	Outside the curated CoOOH archive selection.
.codex\tmp\ssh-deps\codex-paramiko\cryptography\x509\name.py	15566	historical_dataset	manifest_only	Outside the curated CoOOH archive selection.
.codex\tmp\ssh-deps\codex-paramiko\cryptography\x509\ocsp.py	12699	historical_dataset	manifest_only	Outside the curated CoOOH archive selection.
.codex\tmp\ssh-deps\codex-paramiko\cryptography\x509\oid.py	931	historical_dataset	manifest_only	Outside the curated CoOOH archive selection.
.codex\tmp\ssh-deps\codex-paramiko\cryptography\x509\verification.py	958	historical_dataset	manifest_only	Outside the curated CoOOH archive selection.
.codex\tmp\ssh-deps\codex-paramiko\invoke-3.0.3.dist-info\entry_points.txt	81	historical_dataset	manifest_only	Outside the curated CoOOH archive selection.
.codex\tmp\ssh-deps\codex-paramiko\invoke-3.0.3.dist-info\INSTALLER	4	historical_dataset	manifest_only	Outside the curated CoOOH archive selection.
.codex\tmp\ssh-deps\codex-paramiko\invoke-3.0.3.dist-info\licenses\LICENSE	1314	historical_dataset	manifest_only	Outside the curated CoOOH archive selection.
.codex\tmp\ssh-deps\codex-paramiko\invoke-3.0.3.dist-info\METADATA	3246	historical_dataset	manifest_only	Outside the curated CoOOH archive selection.
.codex\tmp\ssh-deps\codex-paramiko\invoke-3.0.3.dist-info\RECORD	7549	historical_dataset	manifest_only	Outside the curated CoOOH archive selection.
.codex\tmp\ssh-deps\codex-paramiko\invoke-3.0.3.dist-info\top_level.txt	7	historical_dataset	manifest_only	Outside the curated CoOOH archive selection.
.codex\tmp\ssh-deps\codex-paramiko\invoke-3.0.3.dist-info\WHEEL	91	historical_dataset	manifest_only	Outside the curated CoOOH archive selection.
.codex\tmp\ssh-deps\codex-paramiko\invoke\__init__.py	2212	historical_dataset	manifest_only	Outside the curated CoOOH archive selection.
.codex\tmp\ssh-deps\codex-paramiko\invoke\__main__.py	47	historical_dataset	manifest_only	Outside the curated CoOOH archive selection.
.codex\tmp\ssh-deps\codex-paramiko\invoke\__pycache__\__init__.cpython-313.pyc	2912	historical_dataset	manifest_only	Outside the curated CoOOH archive selection.
.codex\tmp\ssh-deps\codex-paramiko\invoke\__pycache__\__main__.cpython-313.pyc	290	historical_dataset	manifest_only	Outside the curated CoOOH archive selection.
.codex\tmp\ssh-deps\codex-paramiko\invoke\__pycache__\collection.cpython-313.pyc	25810	historical_dataset	manifest_only	Outside the curated CoOOH archive selection.
.codex\tmp\ssh-deps\codex-paramiko\invoke\__pycache__\config.cpython-313.pyc	45219	historical_dataset	manifest_only	Outside the curated CoOOH archive selection.
.codex\tmp\ssh-deps\codex-paramiko\invoke\__pycache__\context.cpython-313.pyc	22666	historical_dataset	manifest_only	Outside the curated CoOOH archive selection.
.codex\tmp\ssh-deps\codex-paramiko\invoke\__pycache__\env.cpython-313.pyc	5624	historical_dataset	manifest_only	Outside the curated CoOOH archive selection.
.codex\tmp\ssh-deps\codex-paramiko\invoke\__pycache__\exceptions.cpython-313.pyc	17195	historical_dataset	manifest_only	Outside the curated CoOOH archive selection.
.codex\tmp\ssh-deps\codex-paramiko\invoke\__pycache__\executor.cpython-313.pyc	8585	historical_dataset	manifest_only	Outside the curated CoOOH archive selection.
.codex\tmp\ssh-deps\codex-paramiko\invoke\__pycache__\loader.cpython-313.pyc	7106	historical_dataset	manifest_only	Outside the curated CoOOH archive selection.
.codex\tmp\ssh-deps\codex-paramiko\invoke\__pycache__\main.cpython-313.pyc	466	historical_dataset	manifest_only	Outside the curated CoOOH archive selection.
.codex\tmp\ssh-deps\codex-paramiko\invoke\__pycache__\program.cpython-313.pyc	38493	historical_dataset	manifest_only	Outside the curated CoOOH archive selection.
.codex\tmp\ssh-deps\codex-paramiko\invoke\__pycache__\runners.cpython-313.pyc	61116	historical_dataset	manifest_only	Outside the curated CoOOH archive selection.
.codex\tmp\ssh-deps\codex-paramiko\invoke\__pycache__\tasks.cpython-313.pyc	20861	historical_dataset	manifest_only	Outside the curated CoOOH archive selection.
.codex\tmp\ssh-deps\codex-paramiko\invoke\__pycache__\terminals.cpython-313.pyc	8351	historical_dataset	manifest_only	Outside the curated CoOOH archive selection.
.codex\tmp\ssh-deps\codex-paramiko\invoke\__pycache__\util.cpython-313.pyc	8724	historical_dataset	manifest_only	Outside the curated CoOOH archive selection.
.codex\tmp\ssh-deps\codex-paramiko\invoke\__pycache__\watchers.cpython-313.pyc	5921	historical_dataset	manifest_only	Outside the curated CoOOH archive selection.
.codex\tmp\ssh-deps\codex-paramiko\invoke\collection.py	23060	historical_dataset	manifest_only	Outside the curated CoOOH archive selection.
.codex\tmp\ssh-deps\codex-paramiko\invoke\completion\__init__.py	0	historical_dataset	manifest_only	Outside the curated CoOOH archive selection.
.codex\tmp\ssh-deps\codex-paramiko\invoke\completion\__pycache__\__init__.cpython-313.pyc	207	historical_dataset	manifest_only	Outside the curated CoOOH archive selection.
.codex\tmp\ssh-deps\codex-paramiko\invoke\completion\__pycache__\complete.cpython-313.pyc	5809	historical_dataset	manifest_only	Outside the curated CoOOH archive selection.
.codex\tmp\ssh-deps\codex-paramiko\invoke\completion\bash.completion	1356	historical_dataset	manifest_only	Outside the curated CoOOH archive selection.
.codex\tmp\ssh-deps\codex-paramiko\invoke\completion\complete.py	5222	historical_dataset	manifest_only	Outside the curated CoOOH archive selection.
.codex\tmp\ssh-deps\codex-paramiko\invoke\completion\fish.completion	382	historical_dataset	manifest_only	Outside the curated CoOOH archive selection.
.codex\tmp\ssh-deps\codex-paramiko\invoke\completion\zsh.completion	1429	historical_dataset	manifest_only	Outside the curated CoOOH archive selection.
.codex\tmp\ssh-deps\codex-paramiko\invoke\config.py	49648	historical_dataset	manifest_only	Outside the curated CoOOH archive selection.
.codex\tmp\ssh-deps\codex-paramiko\invoke\context.py	25925	historical_dataset	manifest_only	Outside the curated CoOOH archive selection.
.codex\tmp\ssh-deps\codex-paramiko\invoke\env.py	4394	historical_dataset	manifest_only	Outside the curated CoOOH archive selection.
.codex\tmp\ssh-deps\codex-paramiko\invoke\exceptions.py	12227	historical_dataset	manifest_only	Outside the curated CoOOH archive selection.
.codex\tmp\ssh-deps\codex-paramiko\invoke\executor.py	9045	historical_dataset	manifest_only	Outside the curated CoOOH archive selection.
.codex\tmp\ssh-deps\codex-paramiko\invoke\loader.py	6010	historical_dataset	manifest_only	Outside the curated CoOOH archive selection.
.codex\tmp\ssh-deps\codex-paramiko\invoke\main.py	235	historical_dataset	manifest_only	Outside the curated CoOOH archive selection.
.codex\tmp\ssh-deps\codex-paramiko\invoke\parser\__init__.py	181	historical_dataset	manifest_only	Outside the curated CoOOH archive selection.
.codex\tmp\ssh-deps\codex-paramiko\invoke\parser\__pycache__\__init__.cpython-313.pyc	403	historical_dataset	manifest_only	Outside the curated CoOOH archive selection.
.codex\tmp\ssh-deps\codex-paramiko\invoke\parser\__pycache__\argument.cpython-313.pyc	7383	historical_dataset	manifest_only	Outside the curated CoOOH archive selection.
.codex\tmp\ssh-deps\codex-paramiko\invoke\parser\__pycache__\context.cpython-313.pyc	12297	historical_dataset	manifest_only	Outside the curated CoOOH archive selection.
.codex\tmp\ssh-deps\codex-paramiko\invoke\parser\__pycache__\parser.cpython-313.pyc	20770	historical_dataset	manifest_only	Outside the curated CoOOH archive selection.
.codex\tmp\ssh-deps\codex-paramiko\invoke\parser\argument.py	6045	historical_dataset	manifest_only	Outside the curated CoOOH archive selection.
.codex\tmp\ssh-deps\codex-paramiko\invoke\parser\context.py	9815	historical_dataset	manifest_only	Outside the curated CoOOH archive selection.
.codex\tmp\ssh-deps\codex-paramiko\invoke\parser\parser.py	19809	historical_dataset	manifest_only	Outside the curated CoOOH archive selection.
.codex\tmp\ssh-deps\codex-paramiko\invoke\program.py	38177	historical_dataset	manifest_only	Outside the curated CoOOH archive selection.
.codex\tmp\ssh-deps\codex-paramiko\invoke\py.typed	0	historical_dataset	manifest_only	Outside the curated CoOOH archive selection.
.codex\tmp\ssh-deps\codex-paramiko\invoke\runners.py	67359	historical_dataset	manifest_only	Outside the curated CoOOH archive selection.
.codex\tmp\ssh-deps\codex-paramiko\invoke\tasks.py	20144	historical_dataset	manifest_only	Outside the curated CoOOH archive selection.
.codex\tmp\ssh-deps\codex-paramiko\invoke\terminals.py	8148	historical_dataset	manifest_only	Outside the curated CoOOH archive selection.
.codex\tmp\ssh-deps\codex-paramiko\invoke\util.py	10018	historical_dataset	manifest_only	Outside the curated CoOOH archive selection.
.codex\tmp\ssh-deps\codex-paramiko\invoke\vendor\__init__.py	0	historical_dataset	manifest_only	Outside the curated CoOOH archive selection.
.codex\tmp\ssh-deps\codex-paramiko\invoke\vendor\__pycache__\__init__.cpython-313.pyc	203	historical_dataset	manifest_only	Outside the curated CoOOH archive selection.
.codex\tmp\ssh-deps\codex-paramiko\invoke\vendor\fluidity\__init__.py	196	historical_dataset	manifest_only	Outside the curated CoOOH archive selection.
.codex\tmp\ssh-deps\codex-paramiko\invoke\vendor\fluidity\__pycache__\__init__.cpython-313.pyc	425	historical_dataset	manifest_only	Outside the curated CoOOH archive selection.
.codex\tmp\ssh-deps\codex-paramiko\invoke\vendor\fluidity\__pycache__\backwardscompat.cpython-313.pyc	471	historical_dataset	manifest_only	Outside the curated CoOOH archive selection.
.codex\tmp\ssh-deps\codex-paramiko\invoke\vendor\fluidity\__pycache__\machine.cpython-313.pyc	16918	historical_dataset	manifest_only	Outside the curated CoOOH archive selection.
.codex\tmp\ssh-deps\codex-paramiko\invoke\vendor\fluidity\backwardscompat.py	135	historical_dataset	manifest_only	Outside the curated CoOOH archive selection.
.codex\tmp\ssh-deps\codex-paramiko\invoke\vendor\fluidity\machine.py	8686	historical_dataset	manifest_only	Outside the curated CoOOH archive selection.
.codex\tmp\ssh-deps\codex-paramiko\invoke\vendor\lexicon\__init__.py	1133	historical_dataset	manifest_only	Outside the curated CoOOH archive selection.
.codex\tmp\ssh-deps\codex-paramiko\invoke\vendor\lexicon\__pycache__\__init__.cpython-313.pyc	1286	historical_dataset	manifest_only	Outside the curated CoOOH archive selection.
.codex\tmp\ssh-deps\codex-paramiko\invoke\vendor\lexicon\__pycache__\_version.cpython-313.pyc	355	historical_dataset	manifest_only	Outside the curated CoOOH archive selection.
.codex\tmp\ssh-deps\codex-paramiko\invoke\vendor\lexicon\__pycache__\alias_dict.cpython-313.pyc	5506	historical_dataset	manifest_only	Outside the curated CoOOH archive selection.
.codex\tmp\ssh-deps\codex-paramiko\invoke\vendor\lexicon\__pycache__\attribute_dict.cpython-313.pyc	1279	historical_dataset	manifest_only	Outside the curated CoOOH archive selection.
.codex\tmp\ssh-deps\codex-paramiko\invoke\vendor\lexicon\_version.py	80	historical_dataset	manifest_only	Outside the curated CoOOH archive selection.
.codex\tmp\ssh-deps\codex-paramiko\invoke\vendor\lexicon\alias_dict.py	3223	historical_dataset	manifest_only	Outside the curated CoOOH archive selection.
.codex\tmp\ssh-deps\codex-paramiko\invoke\vendor\lexicon\attribute_dict.py	407	historical_dataset	manifest_only	Outside the curated CoOOH archive selection.
.codex\tmp\ssh-deps\codex-paramiko\invoke\vendor\yaml\__init__.py	13170	historical_dataset	manifest_only	Outside the curated CoOOH archive selection.
.codex\tmp\ssh-deps\codex-paramiko\invoke\vendor\yaml\__pycache__\__init__.cpython-313.pyc	16516	historical_dataset	manifest_only	Outside the curated CoOOH archive selection.
.codex\tmp\ssh-deps\codex-paramiko\invoke\vendor\yaml\__pycache__\composer.cpython-313.pyc	6778	historical_dataset	manifest_only	Outside the curated CoOOH archive selection.
.codex\tmp\ssh-deps\codex-paramiko\invoke\vendor\yaml\__pycache__\constructor.cpython-313.pyc	35719	historical_dataset	manifest_only	Outside the curated CoOOH archive selection.
.codex\tmp\ssh-deps\codex-paramiko\invoke\vendor\yaml\__pycache__\cyaml.cpython-313.pyc	4737	historical_dataset	manifest_only	Outside the curated CoOOH archive selection.
.codex\tmp\ssh-deps\codex-paramiko\invoke\vendor\yaml\__pycache__\dumper.cpython-313.pyc	2457	historical_dataset	manifest_only	Outside the curated CoOOH archive selection.
.codex\tmp\ssh-deps\codex-paramiko\invoke\vendor\yaml\__pycache__\emitter.cpython-313.pyc	52594	historical_dataset	manifest_only	Outside the curated CoOOH archive selection.
.codex\tmp\ssh-deps\codex-paramiko\invoke\vendor\yaml\__pycache__\error.cpython-313.pyc	4464	historical_dataset	manifest_only	Outside the curated CoOOH archive selection.
.codex\tmp\ssh-deps\codex-paramiko\invoke\vendor\yaml\__pycache__\events.cpython-313.pyc	5110	historical_dataset	manifest_only	Outside the curated CoOOH archive selection.
.codex\tmp\ssh-deps\codex-paramiko\invoke\vendor\yaml\__pycache__\loader.cpython-313.pyc	3667	historical_dataset	manifest_only	Outside the curated CoOOH archive selection.
.codex\tmp\ssh-deps\codex-paramiko\invoke\vendor\yaml\__pycache__\nodes.cpython-313.pyc	2413	historical_dataset	manifest_only	Outside the curated CoOOH archive selection.
.codex\tmp\ssh-deps\codex-paramiko\invoke\vendor\yaml\__pycache__\parser.cpython-313.pyc	25441	historical_dataset	manifest_only	Outside the curated CoOOH archive selection.
.codex\tmp\ssh-deps\codex-paramiko\invoke\vendor\yaml\__pycache__\reader.cpython-313.pyc	9214	historical_dataset	manifest_only	Outside the curated CoOOH archive selection.
.codex\tmp\ssh-deps\codex-paramiko\invoke\vendor\yaml\__pycache__\representer.cpython-313.pyc	17408	historical_dataset	manifest_only	Outside the curated CoOOH archive selection.
.codex\tmp\ssh-deps\codex-paramiko\invoke\vendor\yaml\__pycache__\resolver.cpython-313.pyc	9368	historical_dataset	manifest_only	Outside the curated CoOOH archive selection.
.codex\tmp\ssh-deps\codex-paramiko\invoke\vendor\yaml\__pycache__\scanner.cpython-313.pyc	51331	historical_dataset	manifest_only	Outside the curated CoOOH archive selection.
.codex\tmp\ssh-deps\codex-paramiko\invoke\vendor\yaml\__pycache__\serializer.cpython-313.pyc	6361	historical_dataset	manifest_only	Outside the curated CoOOH archive selection.
.codex\tmp\ssh-deps\codex-paramiko\invoke\vendor\yaml\__pycache__\tokens.cpython-313.pyc	6279	historical_dataset	manifest_only	Outside the curated CoOOH archive selection.
.codex\tmp\ssh-deps\codex-paramiko\invoke\vendor\yaml\composer.py	4883	historical_dataset	manifest_only	Outside the curated CoOOH archive selection.
.codex\tmp\ssh-deps\codex-paramiko\invoke\vendor\yaml\constructor.py	28639	historical_dataset	manifest_only	Outside the curated CoOOH archive selection.
.codex\tmp\ssh-deps\codex-paramiko\invoke\vendor\yaml\cyaml.py	3851	historical_dataset	manifest_only	Outside the curated CoOOH archive selection.
.codex\tmp\ssh-deps\codex-paramiko\invoke\vendor\yaml\dumper.py	2837	historical_dataset	manifest_only	Outside the curated CoOOH archive selection.
.codex\tmp\ssh-deps\codex-paramiko\invoke\vendor\yaml\emitter.py	43006	historical_dataset	manifest_only	Outside the curated CoOOH archive selection.
.codex\tmp\ssh-deps\codex-paramiko\invoke\vendor\yaml\error.py	2533	historical_dataset	manifest_only	Outside the curated CoOOH archive selection.
.codex\tmp\ssh-deps\codex-paramiko\invoke\vendor\yaml\events.py	2445	historical_dataset	manifest_only	Outside the curated CoOOH archive selection.
.codex\tmp\ssh-deps\codex-paramiko\invoke\vendor\yaml\loader.py	2061	historical_dataset	manifest_only	Outside the curated CoOOH archive selection.
.codex\tmp\ssh-deps\codex-paramiko\invoke\vendor\yaml\nodes.py	1440	historical_dataset	manifest_only	Outside the curated CoOOH archive selection.
.codex\tmp\ssh-deps\codex-paramiko\invoke\vendor\yaml\parser.py	25495	historical_dataset	manifest_only	Outside the curated CoOOH archive selection.
.codex\tmp\ssh-deps\codex-paramiko\invoke\vendor\yaml\reader.py	6794	historical_dataset	manifest_only	Outside the curated CoOOH archive selection.
.codex\tmp\ssh-deps\codex-paramiko\invoke\vendor\yaml\representer.py	14184	historical_dataset	manifest_only	Outside the curated CoOOH archive selection.
.codex\tmp\ssh-deps\codex-paramiko\invoke\vendor\yaml\resolver.py	8999	historical_dataset	manifest_only	Outside the curated CoOOH archive selection.
.codex\tmp\ssh-deps\codex-paramiko\invoke\vendor\yaml\scanner.py	51277	historical_dataset	manifest_only	Outside the curated CoOOH archive selection.
.codex\tmp\ssh-deps\codex-paramiko\invoke\vendor\yaml\serializer.py	4165	historical_dataset	manifest_only	Outside the curated CoOOH archive selection.
.codex\tmp\ssh-deps\codex-paramiko\invoke\vendor\yaml\tokens.py	2573	historical_dataset	manifest_only	Outside the curated CoOOH archive selection.
.codex\tmp\ssh-deps\codex-paramiko\invoke\watchers.py	5097	historical_dataset	manifest_only	Outside the curated CoOOH archive selection.
.codex\tmp\ssh-deps\codex-paramiko\nacl\__init__.py	806	historical_dataset	manifest_only	Outside the curated CoOOH archive selection.
.codex\tmp\ssh-deps\codex-paramiko\nacl\__pycache__\__init__.cpython-313.pyc	322	historical_dataset	manifest_only	Outside the curated CoOOH archive selection.
.codex\tmp\ssh-deps\codex-paramiko\nacl\__pycache__\encoding.cpython-313.pyc	5145	historical_dataset	manifest_only	Outside the curated CoOOH archive selection.
.codex\tmp\ssh-deps\codex-paramiko\nacl\__pycache__\exceptions.cpython-313.pyc	3242	historical_dataset	manifest_only	Outside the curated CoOOH archive selection.
.codex\tmp\ssh-deps\codex-paramiko\nacl\__pycache__\hash.cpython-313.pyc	6713	historical_dataset	manifest_only	Outside the curated CoOOH archive selection.
.codex\tmp\ssh-deps\codex-paramiko\nacl\__pycache__\hashlib.cpython-313.pyc	6013	historical_dataset	manifest_only	Outside the curated CoOOH archive selection.
.codex\tmp\ssh-deps\codex-paramiko\nacl\__pycache__\public.cpython-313.pyc	17830	historical_dataset	manifest_only	Outside the curated CoOOH archive selection.
.codex\tmp\ssh-deps\codex-paramiko\nacl\__pycache__\secret.cpython-313.pyc	12686	historical_dataset	manifest_only	Outside the curated CoOOH archive selection.
.codex\tmp\ssh-deps\codex-paramiko\nacl\__pycache__\signing.cpython-313.pyc	10933	historical_dataset	manifest_only	Outside the curated CoOOH archive selection.
.codex\tmp\ssh-deps\codex-paramiko\nacl\__pycache__\utils.cpython-313.pyc	3333	historical_dataset	manifest_only	Outside the curated CoOOH archive selection.
.codex\tmp\ssh-deps\codex-paramiko\nacl\_sodium.pyd	405504	historical_dataset	manifest_only	Outside the curated CoOOH archive selection.
.codex\tmp\ssh-deps\codex-paramiko\nacl\bindings\__init__.py	19591	historical_dataset	manifest_only	Outside the curated CoOOH archive selection.
.codex\tmp\ssh-deps\codex-paramiko\nacl\bindings\__pycache__\__init__.cpython-313.pyc	12203	historical_dataset	manifest_only	Outside the curated CoOOH archive selection.
.codex\tmp\ssh-deps\codex-paramiko\nacl\bindings\__pycache__\crypto_aead.cpython-313.pyc	30955	historical_dataset	manifest_only	Outside the curated CoOOH archive selection.
.codex\tmp\ssh-deps\codex-paramiko\nacl\bindings\__pycache__\crypto_box.cpython-313.pyc	17043	historical_dataset	manifest_only	Outside the curated CoOOH archive selection.
.codex\tmp\ssh-deps\codex-paramiko\nacl\bindings\__pycache__\crypto_core.cpython-313.pyc	16009	historical_dataset	manifest_only	Outside the curated CoOOH archive selection.
.codex\tmp\ssh-deps\codex-paramiko\nacl\bindings\__pycache__\crypto_generichash.cpython-313.pyc	10816	historical_dataset	manifest_only	Outside the curated CoOOH archive selection.
.codex\tmp\ssh-deps\codex-paramiko\nacl\bindings\__pycache__\crypto_hash.cpython-313.pyc	2329	historical_dataset	manifest_only	Outside the curated CoOOH archive selection.
.codex\tmp\ssh-deps\codex-paramiko\nacl\bindings\__pycache__\crypto_kx.cpython-313.pyc	6811	historical_dataset	manifest_only	Outside the curated CoOOH archive selection.
.codex\tmp\ssh-deps\codex-paramiko\nacl\bindings\__pycache__\crypto_pwhash.cpython-313.pyc	21309	historical_dataset	manifest_only	Outside the curated CoOOH archive selection.
.codex\tmp\ssh-deps\codex-paramiko\nacl\bindings\__pycache__\crypto_scalarmult.cpython-313.pyc	9000	historical_dataset	manifest_only	Outside the curated CoOOH archive selection.
.codex\tmp\ssh-deps\codex-paramiko\nacl\bindings\__pycache__\crypto_secretbox.cpython-313.pyc	5541	historical_dataset	manifest_only	Outside the curated CoOOH archive selection.
.codex\tmp\ssh-deps\codex-paramiko\nacl\bindings\__pycache__\crypto_secretstream.cpython-313.pyc	12389	historical_dataset	manifest_only	Outside the curated CoOOH archive selection.
.codex\tmp\ssh-deps\codex-paramiko\nacl\bindings\__pycache__\crypto_shorthash.cpython-313.pyc	3152	historical_dataset	manifest_only	Outside the curated CoOOH archive selection.
.codex\tmp\ssh-deps\codex-paramiko\nacl\bindings\__pycache__\crypto_sign.cpython-313.pyc	12654	historical_dataset	manifest_only	Outside the curated CoOOH archive selection.
.codex\tmp\ssh-deps\codex-paramiko\nacl\bindings\__pycache__\randombytes.cpython-313.pyc	1705	historical_dataset	manifest_only	Outside the curated CoOOH archive selection.
.codex\tmp\ssh-deps\codex-paramiko\nacl\bindings\__pycache__\sodium_core.cpython-313.pyc	971	historical_dataset	manifest_only	Outside the curated CoOOH archive selection.
.codex\tmp\ssh-deps\codex-paramiko\nacl\bindings\__pycache__\utils.cpython-313.pyc	6006	historical_dataset	manifest_only	Outside the curated CoOOH archive selection.
.codex\tmp\ssh-deps\codex-paramiko\nacl\bindings\crypto_aead.py	30375	historical_dataset	manifest_only	Outside the curated CoOOH archive selection.
.codex\tmp\ssh-deps\codex-paramiko\nacl\bindings\crypto_box.py	14722	historical_dataset	manifest_only	Outside the curated CoOOH archive selection.
.codex\tmp\ssh-deps\codex-paramiko\nacl\bindings\crypto_core.py	15551	historical_dataset	manifest_only	Outside the curated CoOOH archive selection.
.codex\tmp\ssh-deps\codex-paramiko\nacl\bindings\crypto_generichash.py	9133	historical_dataset	manifest_only	Outside the curated CoOOH archive selection.
.codex\tmp\ssh-deps\codex-paramiko\nacl\bindings\crypto_hash.py	2238	historical_dataset	manifest_only	Outside the curated CoOOH archive selection.
.codex\tmp\ssh-deps\codex-paramiko\nacl\bindings\crypto_kx.py	6925	historical_dataset	manifest_only	Outside the curated CoOOH archive selection.
.codex\tmp\ssh-deps\codex-paramiko\nacl\bindings\crypto_pwhash.py	19439	historical_dataset	manifest_only	Outside the curated CoOOH archive selection.
.codex\tmp\ssh-deps\codex-paramiko\nacl\bindings\crypto_scalarmult.py	8484	historical_dataset	manifest_only	Outside the curated CoOOH archive selection.
.codex\tmp\ssh-deps\codex-paramiko\nacl\bindings\crypto_secretbox.py	5031	historical_dataset	manifest_only	Outside the curated CoOOH archive selection.
.codex\tmp\ssh-deps\codex-paramiko\nacl\bindings\crypto_secretstream.py	11575	historical_dataset	manifest_only	Outside the curated CoOOH archive selection.
.codex\tmp\ssh-deps\codex-paramiko\nacl\bindings\crypto_shorthash.py	2684	historical_dataset	manifest_only	Outside the curated CoOOH archive selection.
.codex\tmp\ssh-deps\codex-paramiko\nacl\bindings\crypto_sign.py	10674	historical_dataset	manifest_only	Outside the curated CoOOH archive selection.
.codex\tmp\ssh-deps\codex-paramiko\nacl\bindings\randombytes.py	1614	historical_dataset	manifest_only	Outside the curated CoOOH archive selection.
.codex\tmp\ssh-deps\codex-paramiko\nacl\bindings\sodium_core.py	1072	historical_dataset	manifest_only	Outside the curated CoOOH archive selection.
.codex\tmp\ssh-deps\codex-paramiko\nacl\bindings\utils.py	4439	historical_dataset	manifest_only	Outside the curated CoOOH archive selection.
.codex\tmp\ssh-deps\codex-paramiko\nacl\encoding.py	3020	historical_dataset	manifest_only	Outside the curated CoOOH archive selection.
.codex\tmp\ssh-deps\codex-paramiko\nacl\exceptions.py	2570	historical_dataset	manifest_only	Outside the curated CoOOH archive selection.
.codex\tmp\ssh-deps\codex-paramiko\nacl\hash.py	6572	historical_dataset	manifest_only	Outside the curated CoOOH archive selection.
.codex\tmp\ssh-deps\codex-paramiko\nacl\hashlib.py	4539	historical_dataset	manifest_only	Outside the curated CoOOH archive selection.
.codex\tmp\ssh-deps\codex-paramiko\nacl\public.py	15181	historical_dataset	manifest_only	Outside the curated CoOOH archive selection.
.codex\tmp\ssh-deps\codex-paramiko\nacl\pwhash\__init__.py	2750	historical_dataset	manifest_only	Outside the curated CoOOH archive selection.
.codex\tmp\ssh-deps\codex-paramiko\nacl\pwhash\__pycache__\__init__.cpython-313.pyc	2964	historical_dataset	manifest_only	Outside the curated CoOOH archive selection.
.codex\tmp\ssh-deps\codex-paramiko\nacl\pwhash\__pycache__\_argon2.cpython-313.pyc	1900	historical_dataset	manifest_only	Outside the curated CoOOH archive selection.
.codex\tmp\ssh-deps\codex-paramiko\nacl\pwhash\__pycache__\argon2i.cpython-313.pyc	4841	historical_dataset	manifest_only	Outside the curated CoOOH archive selection.
.codex\tmp\ssh-deps\codex-paramiko\nacl\pwhash\__pycache__\argon2id.cpython-313.pyc	4865	historical_dataset	manifest_only	Outside the curated CoOOH archive selection.
.codex\tmp\ssh-deps\codex-paramiko\nacl\pwhash\__pycache__\scrypt.cpython-313.pyc	7496	historical_dataset	manifest_only	Outside the curated CoOOH archive selection.
.codex\tmp\ssh-deps\codex-paramiko\nacl\pwhash\_argon2.py	1828	historical_dataset	manifest_only	Outside the curated CoOOH archive selection.
.codex\tmp\ssh-deps\codex-paramiko\nacl\pwhash\argon2i.py	4537	historical_dataset	manifest_only	Outside the curated CoOOH archive selection.
.codex\tmp\ssh-deps\codex-paramiko\nacl\pwhash\argon2id.py	4569	historical_dataset	manifest_only	Outside the curated CoOOH archive selection.
.codex\tmp\ssh-deps\codex-paramiko\nacl\pwhash\scrypt.py	7193	historical_dataset	manifest_only	Outside the curated CoOOH archive selection.
.codex\tmp\ssh-deps\codex-paramiko\nacl\py.typed	0	historical_dataset	manifest_only	Outside the curated CoOOH archive selection.
.codex\tmp\ssh-deps\codex-paramiko\nacl\secret.py	12425	historical_dataset	manifest_only	Outside the curated CoOOH archive selection.
.codex\tmp\ssh-deps\codex-paramiko\nacl\signing.py	8589	historical_dataset	manifest_only	Outside the curated CoOOH archive selection.
.codex\tmp\ssh-deps\codex-paramiko\nacl\utils.py	2429	historical_dataset	manifest_only	Outside the curated CoOOH archive selection.
.codex\tmp\ssh-deps\codex-paramiko\paramiko-5.0.0.dist-info\INSTALLER	4	historical_dataset	manifest_only	Outside the curated CoOOH archive selection.
.codex\tmp\ssh-deps\codex-paramiko\paramiko-5.0.0.dist-info\licenses\LICENSE	26436	historical_dataset	manifest_only	Outside the curated CoOOH archive selection.
.codex\tmp\ssh-deps\codex-paramiko\paramiko-5.0.0.dist-info\METADATA	3666	historical_dataset	manifest_only	Outside the curated CoOOH archive selection.
.codex\tmp\ssh-deps\codex-paramiko\paramiko-5.0.0.dist-info\RECORD	5822	historical_dataset	manifest_only	Outside the curated CoOOH archive selection.
.codex\tmp\ssh-deps\codex-paramiko\paramiko-5.0.0.dist-info\REQUESTED	0	historical_dataset	manifest_only	Outside the curated CoOOH archive selection.
.codex\tmp\ssh-deps\codex-paramiko\paramiko-5.0.0.dist-info\top_level.txt	9	historical_dataset	manifest_only	Outside the curated CoOOH archive selection.
.codex\tmp\ssh-deps\codex-paramiko\paramiko-5.0.0.dist-info\WHEEL	91	historical_dataset	manifest_only	Outside the curated CoOOH archive selection.
.codex\tmp\ssh-deps\codex-paramiko\paramiko\__init__.py	3450	historical_dataset	manifest_only	Outside the curated CoOOH archive selection.
.codex\tmp\ssh-deps\codex-paramiko\paramiko\__pycache__\__init__.cpython-313.pyc	3409	historical_dataset	manifest_only	Outside the curated CoOOH archive selection.
.codex\tmp\ssh-deps\codex-paramiko\paramiko\__pycache__\_winapi.cpython-313.pyc	16835	historical_dataset	manifest_only	Outside the curated CoOOH archive selection.
.codex\tmp\ssh-deps\codex-paramiko\paramiko\__pycache__\agent.cpython-313.pyc	22906	historical_dataset	manifest_only	Outside the curated CoOOH archive selection.
.codex\tmp\ssh-deps\codex-paramiko\paramiko\__pycache__\auth_handler.cpython-313.pyc	32624	historical_dataset	manifest_only	Outside the curated CoOOH archive selection.
.codex\tmp\ssh-deps\codex-paramiko\paramiko\__pycache__\auth_strategy.cpython-313.pyc	12326	historical_dataset	manifest_only	Outside the curated CoOOH archive selection.
.codex\tmp\ssh-deps\codex-paramiko\paramiko\__pycache__\ber.cpython-313.pyc	6258	historical_dataset	manifest_only	Outside the curated CoOOH archive selection.
.codex\tmp\ssh-deps\codex-paramiko\paramiko\__pycache__\buffered_pipe.cpython-313.pyc	9084	historical_dataset	manifest_only	Outside the curated CoOOH archive selection.
.codex\tmp\ssh-deps\codex-paramiko\paramiko\__pycache__\channel.cpython-313.pyc	60279	historical_dataset	manifest_only	Outside the curated CoOOH archive selection.
.codex\tmp\ssh-deps\codex-paramiko\paramiko\__pycache__\client.cpython-313.pyc	30134	historical_dataset	manifest_only	Outside the curated CoOOH archive selection.
.codex\tmp\ssh-deps\codex-paramiko\paramiko\__pycache__\common.cpython-313.pyc	7221	historical_dataset	manifest_only	Outside the curated CoOOH archive selection.
.codex\tmp\ssh-deps\codex-paramiko\paramiko\__pycache__\compress.cpython-313.pyc	1654	historical_dataset	manifest_only	Outside the curated CoOOH archive selection.
.codex\tmp\ssh-deps\codex-paramiko\paramiko\__pycache__\config.cpython-313.pyc	23314	historical_dataset	manifest_only	Outside the curated CoOOH archive selection.
.codex\tmp\ssh-deps\codex-paramiko\paramiko\__pycache__\ecdsakey.cpython-313.pyc	14802	historical_dataset	manifest_only	Outside the curated CoOOH archive selection.
.codex\tmp\ssh-deps\codex-paramiko\paramiko\__pycache__\ed25519key.cpython-313.pyc	8715	historical_dataset	manifest_only	Outside the curated CoOOH archive selection.
.codex\tmp\ssh-deps\codex-paramiko\paramiko\__pycache__\file.cpython-313.pyc	20069	historical_dataset	manifest_only	Outside the curated CoOOH archive selection.
.codex\tmp\ssh-deps\codex-paramiko\paramiko\__pycache__\hostkeys.cpython-313.pyc	17001	historical_dataset	manifest_only	Outside the curated CoOOH archive selection.
.codex\tmp\ssh-deps\codex-paramiko\paramiko\__pycache__\kex_curve25519.cpython-313.pyc	7906	historical_dataset	manifest_only	Outside the curated CoOOH archive selection.
.codex\tmp\ssh-deps\codex-paramiko\paramiko\__pycache__\kex_ecdh_nist.cpython-313.pyc	8832	historical_dataset	manifest_only	Outside the curated CoOOH archive selection.
.codex\tmp\ssh-deps\codex-paramiko\paramiko\__pycache__\kex_gex.cpython-313.pyc	13624	historical_dataset	manifest_only	Outside the curated CoOOH archive selection.
.codex\tmp\ssh-deps\codex-paramiko\paramiko\__pycache__\kex_group14.cpython-313.pyc	7826	historical_dataset	manifest_only	Outside the curated CoOOH archive selection.
.codex\tmp\ssh-deps\codex-paramiko\paramiko\__pycache__\kex_group16.cpython-313.pyc	1375	historical_dataset	manifest_only	Outside the curated CoOOH archive selection.
.codex\tmp\ssh-deps\codex-paramiko\paramiko\__pycache__\message.cpython-313.pyc	11931	historical_dataset	manifest_only	Outside the curated CoOOH archive selection.
.codex\tmp\ssh-deps\codex-paramiko\paramiko\__pycache__\packet.cpython-313.pyc	26990	historical_dataset	manifest_only	Outside the curated CoOOH archive selection.
.codex\tmp\ssh-deps\codex-paramiko\paramiko\__pycache__\pipe.cpython-313.pyc	6608	historical_dataset	manifest_only	Outside the curated CoOOH archive selection.
.codex\tmp\ssh-deps\codex-paramiko\paramiko\__pycache__\pkey.cpython-313.pyc	37357	historical_dataset	manifest_only	Outside the curated CoOOH archive selection.
.codex\tmp\ssh-deps\codex-paramiko\paramiko\__pycache__\primes.cpython-313.pyc	4385	historical_dataset	manifest_only	Outside the curated CoOOH archive selection.
.codex\tmp\ssh-deps\codex-paramiko\paramiko\__pycache__\proxy.cpython-313.pyc	5203	historical_dataset	manifest_only	Outside the curated CoOOH archive selection.
.codex\tmp\ssh-deps\codex-paramiko\paramiko\__pycache__\rsakey.cpython-313.pyc	9349	historical_dataset	manifest_only	Outside the curated CoOOH archive selection.
.codex\tmp\ssh-deps\codex-paramiko\paramiko\__pycache__\server.cpython-313.pyc	26953	historical_dataset	manifest_only	Outside the curated CoOOH archive selection.
.codex\tmp\ssh-deps\codex-paramiko\paramiko\__pycache__\sftp_attr.cpython-313.pyc	10723	historical_dataset	manifest_only	Outside the curated CoOOH archive selection.
.codex\tmp\ssh-deps\codex-paramiko\paramiko\__pycache__\sftp_client.cpython-313.pyc	39696	historical_dataset	manifest_only	Outside the curated CoOOH archive selection.
.codex\tmp\ssh-deps\codex-paramiko\paramiko\__pycache__\sftp_file.cpython-313.pyc	24531	historical_dataset	manifest_only	Outside the curated CoOOH archive selection.
.codex\tmp\ssh-deps\codex-paramiko\paramiko\__pycache__\sftp_handle.cpython-313.pyc	7738	historical_dataset	manifest_only	Outside the curated CoOOH archive selection.
.codex\tmp\ssh-deps\codex-paramiko\paramiko\__pycache__\sftp_server.cpython-313.pyc	22939	historical_dataset	manifest_only	Outside the curated CoOOH archive selection.
.codex\tmp\ssh-deps\codex-paramiko\paramiko\__pycache__\sftp_si.cpython-313.pyc	12117	historical_dataset	manifest_only	Outside the curated CoOOH archive selection.
.codex\tmp\ssh-deps\codex-paramiko\paramiko\__pycache__\sftp.cpython-313.pyc	7333	historical_dataset	manifest_only	Outside the curated CoOOH archive selection.
.codex\tmp\ssh-deps\codex-paramiko\paramiko\__pycache__\ssh_exception.cpython-313.pyc	9664	historical_dataset	manifest_only	Outside the curated CoOOH archive selection.
.codex\tmp\ssh-deps\codex-paramiko\paramiko\__pycache__\transport.cpython-313.pyc	131192	historical_dataset	manifest_only	Outside the curated CoOOH archive selection.
.codex\tmp\ssh-deps\codex-paramiko\paramiko\__pycache__\util.cpython-313.pyc	12771	historical_dataset	manifest_only	Outside the curated CoOOH archive selection.
.codex\tmp\ssh-deps\codex-paramiko\paramiko\__pycache__\win_openssh.cpython-313.pyc	2463	historical_dataset	manifest_only	Outside the curated CoOOH archive selection.
.codex\tmp\ssh-deps\codex-paramiko\paramiko\__pycache__\win_pageant.cpython-313.pyc	4990	historical_dataset	manifest_only	Outside the curated CoOOH archive selection.
.codex\tmp\ssh-deps\codex-paramiko\paramiko\_winapi.py	11204	historical_dataset	manifest_only	Outside the curated CoOOH archive selection.
.codex\tmp\ssh-deps\codex-paramiko\paramiko\agent.py	15917	historical_dataset	manifest_only	Outside the curated CoOOH archive selection.
.codex\tmp\ssh-deps\codex-paramiko\paramiko\auth_handler.py	29568	historical_dataset	manifest_only	Outside the curated CoOOH archive selection.
.codex\tmp\ssh-deps\codex-paramiko\paramiko\auth_strategy.py	11491	historical_dataset	manifest_only	Outside the curated CoOOH archive selection.
.codex\tmp\ssh-deps\codex-paramiko\paramiko\ber.py	4369	historical_dataset	manifest_only	Outside the curated CoOOH archive selection.
.codex\tmp\ssh-deps\codex-paramiko\paramiko\buffered_pipe.py	7225	historical_dataset	manifest_only	Outside the curated CoOOH archive selection.
.codex\tmp\ssh-deps\codex-paramiko\paramiko\channel.py	49222	historical_dataset	manifest_only	Outside the curated CoOOH archive selection.
.codex\tmp\ssh-deps\codex-paramiko\paramiko\client.py	33314	historical_dataset	manifest_only	Outside the curated CoOOH archive selection.
.codex\tmp\ssh-deps\codex-paramiko\paramiko\common.py	7756	historical_dataset	manifest_only	Outside the curated CoOOH archive selection.
.codex\tmp\ssh-deps\codex-paramiko\paramiko\compress.py	1282	historical_dataset	manifest_only	Outside the curated CoOOH archive selection.
.codex\tmp\ssh-deps\codex-paramiko\paramiko\config.py	27442	historical_dataset	manifest_only	Outside the curated CoOOH archive selection.
.codex\tmp\ssh-deps\codex-paramiko\paramiko\ecdsakey.py	11340	historical_dataset	manifest_only	Outside the curated CoOOH archive selection.
.codex\tmp\ssh-deps\codex-paramiko\paramiko\ed25519key.py	7695	historical_dataset	manifest_only	Outside the curated CoOOH archive selection.
.codex\tmp\ssh-deps\codex-paramiko\paramiko\file.py	19063	historical_dataset	manifest_only	Outside the curated CoOOH archive selection.
.codex\tmp\ssh-deps\codex-paramiko\paramiko\hostkeys.py	13173	historical_dataset	manifest_only	Outside the curated CoOOH archive selection.
.codex\tmp\ssh-deps\codex-paramiko\paramiko\kex_curve25519.py	4436	historical_dataset	manifest_only	Outside the curated CoOOH archive selection.
.codex\tmp\ssh-deps\codex-paramiko\paramiko\kex_ecdh_nist.py	5012	historical_dataset	manifest_only	Outside the curated CoOOH archive selection.
.codex\tmp\ssh-deps\codex-paramiko\paramiko\kex_gex.py	10139	historical_dataset	manifest_only	Outside the curated CoOOH archive selection.
.codex\tmp\ssh-deps\codex-paramiko\paramiko\kex_group14.py	6079	historical_dataset	manifest_only	Outside the curated CoOOH archive selection.
.codex\tmp\ssh-deps\codex-paramiko\paramiko\kex_group16.py	2304	historical_dataset	manifest_only	Outside the curated CoOOH archive selection.
.codex\tmp\ssh-deps\codex-paramiko\paramiko\message.py	9400	historical_dataset	manifest_only	Outside the curated CoOOH archive selection.
.codex\tmp\ssh-deps\codex-paramiko\paramiko\packet.py	24314	historical_dataset	manifest_only	Outside the curated CoOOH archive selection.
.codex\tmp\ssh-deps\codex-paramiko\paramiko\pipe.py	3902	historical_dataset	manifest_only	Outside the curated CoOOH archive selection.
.codex\tmp\ssh-deps\codex-paramiko\paramiko\pkey.py	38342	historical_dataset	manifest_only	Outside the curated CoOOH archive selection.
.codex\tmp\ssh-deps\codex-paramiko\paramiko\primes.py	5107	historical_dataset	manifest_only	Outside the curated CoOOH archive selection.
.codex\tmp\ssh-deps\codex-paramiko\paramiko\proxy.py	4648	historical_dataset	manifest_only	Outside the curated CoOOH archive selection.
.codex\tmp\ssh-deps\codex-paramiko\paramiko\rsakey.py	7514	historical_dataset	manifest_only	Outside the curated CoOOH archive selection.
.codex\tmp\ssh-deps\codex-paramiko\paramiko\server.py	27018	historical_dataset	manifest_only	Outside the curated CoOOH archive selection.
.codex\tmp\ssh-deps\codex-paramiko\paramiko\sftp_attr.py	8258	historical_dataset	manifest_only	Outside the curated CoOOH archive selection.
.codex\tmp\ssh-deps\codex-paramiko\paramiko\sftp_client.py	35855	historical_dataset	manifest_only	Outside the curated CoOOH archive selection.
.codex\tmp\ssh-deps\codex-paramiko\paramiko\sftp_file.py	21820	historical_dataset	manifest_only	Outside the curated CoOOH archive selection.
.codex\tmp\ssh-deps\codex-paramiko\paramiko\sftp_handle.py	7424	historical_dataset	manifest_only	Outside the curated CoOOH archive selection.
.codex\tmp\ssh-deps\codex-paramiko\paramiko\sftp_server.py	19704	historical_dataset	manifest_only	Outside the curated CoOOH archive selection.
.codex\tmp\ssh-deps\codex-paramiko\paramiko\sftp_si.py	12544	historical_dataset	manifest_only	Outside the curated CoOOH archive selection.
.codex\tmp\ssh-deps\codex-paramiko\paramiko\sftp.py	6471	historical_dataset	manifest_only	Outside the curated CoOOH archive selection.
.codex\tmp\ssh-deps\codex-paramiko\paramiko\ssh_exception.py	7597	historical_dataset	manifest_only	Outside the curated CoOOH archive selection.
.codex\tmp\ssh-deps\codex-paramiko\paramiko\transport.py	129014	historical_dataset	manifest_only	Outside the curated CoOOH archive selection.
.codex\tmp\ssh-deps\codex-paramiko\paramiko\util.py	9556	historical_dataset	manifest_only	Outside the curated CoOOH archive selection.
.codex\tmp\ssh-deps\codex-paramiko\paramiko\win_openssh.py	1918	historical_dataset	manifest_only	Outside the curated CoOOH archive selection.
.codex\tmp\ssh-deps\codex-paramiko\paramiko\win_pageant.py	4177	historical_dataset	manifest_only	Outside the curated CoOOH archive selection.
.codex\tmp\ssh-deps\codex-paramiko\pycparser-3.0.dist-info\INSTALLER	4	historical_dataset	manifest_only	Outside the curated CoOOH archive selection.
.codex\tmp\ssh-deps\codex-paramiko\pycparser-3.0.dist-info\licenses\LICENSE	1543	historical_dataset	manifest_only	Outside the curated CoOOH archive selection.
.codex\tmp\ssh-deps\codex-paramiko\pycparser-3.0.dist-info\METADATA	8229	historical_dataset	manifest_only	Outside the curated CoOOH archive selection.
.codex\tmp\ssh-deps\codex-paramiko\pycparser-3.0.dist-info\RECORD	1484	historical_dataset	manifest_only	Outside the curated CoOOH archive selection.
.codex\tmp\ssh-deps\codex-paramiko\pycparser-3.0.dist-info\top_level.txt	10	historical_dataset	manifest_only	Outside the curated CoOOH archive selection.
.codex\tmp\ssh-deps\codex-paramiko\pycparser-3.0.dist-info\WHEEL	92	historical_dataset	manifest_only	Outside the curated CoOOH archive selection.
.codex\tmp\ssh-deps\codex-paramiko\pycparser\__init__.py	2829	historical_dataset	manifest_only	Outside the curated CoOOH archive selection.
.codex\tmp\ssh-deps\codex-paramiko\pycparser\__pycache__\__init__.cpython-313.pyc	2849	historical_dataset	manifest_only	Outside the curated CoOOH archive selection.
.codex\tmp\ssh-deps\codex-paramiko\pycparser\__pycache__\_ast_gen.cpython-313.pyc	13879	historical_dataset	manifest_only	Outside the curated CoOOH archive selection.
.codex\tmp\ssh-deps\codex-paramiko\pycparser\__pycache__\ast_transforms.cpython-313.pyc	6125	historical_dataset	manifest_only	Outside the curated CoOOH archive selection.
.codex\tmp\ssh-deps\codex-paramiko\pycparser\__pycache__\c_ast.cpython-313.pyc	52405	historical_dataset	manifest_only	Outside the curated CoOOH archive selection.
.codex\tmp\ssh-deps\codex-paramiko\pycparser\__pycache__\c_generator.cpython-313.pyc	35252	historical_dataset	manifest_only	Outside the curated CoOOH archive selection.
.codex\tmp\ssh-deps\codex-paramiko\pycparser\__pycache__\c_lexer.cpython-313.pyc	22937	historical_dataset	manifest_only	Outside the curated CoOOH archive selection.
.codex\tmp\ssh-deps\codex-paramiko\pycparser\__pycache__\c_parser.cpython-313.pyc	99330	historical_dataset	manifest_only	Outside the curated CoOOH archive selection.
.codex\tmp\ssh-deps\codex-paramiko\pycparser\_ast_gen.py	11292	historical_dataset	manifest_only	Outside the curated CoOOH archive selection.
.codex\tmp\ssh-deps\codex-paramiko\pycparser\_c_ast.cfg	4255	historical_dataset	manifest_only	Outside the curated CoOOH archive selection.
.codex\tmp\ssh-deps\codex-paramiko\pycparser\ast_transforms.py	5899	historical_dataset	manifest_only	Outside the curated CoOOH archive selection.
.codex\tmp\ssh-deps\codex-paramiko\pycparser\c_ast.py	32954	historical_dataset	manifest_only	Outside the curated CoOOH archive selection.
.codex\tmp\ssh-deps\codex-paramiko\pycparser\c_generator.py	20661	historical_dataset	manifest_only	Outside the curated CoOOH archive selection.
.codex\tmp\ssh-deps\codex-paramiko\pycparser\c_lexer.py	25155	historical_dataset	manifest_only	Outside the curated CoOOH archive selection.
.codex\tmp\ssh-deps\codex-paramiko\pycparser\c_parser.py	89798	historical_dataset	manifest_only	Outside the curated CoOOH archive selection.
.codex\tmp\ssh-deps\codex-paramiko\pynacl-1.6.2.dist-info\INSTALLER	4	historical_dataset	manifest_only	Outside the curated CoOOH archive selection.
.codex\tmp\ssh-deps\codex-paramiko\pynacl-1.6.2.dist-info\licenses\LICENSE	9868	historical_dataset	manifest_only	Outside the curated CoOOH archive selection.
.codex\tmp\ssh-deps\codex-paramiko\pynacl-1.6.2.dist-info\licenses\licenses\LICENSE.libsodium.txt	841	historical_dataset	manifest_only	Outside the curated CoOOH archive selection.
.codex\tmp\ssh-deps\codex-paramiko\pynacl-1.6.2.dist-info\METADATA	10252	historical_dataset	manifest_only	Outside the curated CoOOH archive selection.
.codex\tmp\ssh-deps\codex-paramiko\pynacl-1.6.2.dist-info\RECORD	4790	historical_dataset	manifest_only	Outside the curated CoOOH archive selection.
.codex\tmp\ssh-deps\codex-paramiko\pynacl-1.6.2.dist-info\top_level.txt	13	historical_dataset	manifest_only	Outside the curated CoOOH archive selection.
.codex\tmp\ssh-deps\codex-paramiko\pynacl-1.6.2.dist-info\WHEEL	99	historical_dataset	manifest_only	Outside the curated CoOOH archive selection.
.codex\tmp\submit_yambo_fragment_write_test_20260525.py	4867	historical_dataset	manifest_only	Outside the curated CoOOH archive selection.
.codex\tmp\submit_yambo_parallel_opts_20260521.py	4588	historical_dataset	manifest_only	Outside the curated CoOOH archive selection.
.codex\tmp\submit_yambo_screening_only_20260522.py	4504	historical_dataset	manifest_only	Outside the curated CoOOH archive selection.
.gitignore	16	historical_dataset	manifest_only	Outside the curated CoOOH archive selection.
.work\ncw_restrained\__pycache__\generate_ooh_orientation_gate.cpython-313.pyc	17041	historical_dataset	manifest_only	Outside the curated CoOOH archive selection.
.work\ncw_restrained\analyze_ooh_final.js	2708	historical_dataset	manifest_only	Outside the curated CoOOH archive selection.
.work\ncw_restrained\analyze_state_final.js	2955	historical_dataset	manifest_only	Outside the curated CoOOH archive selection.
.work\ncw_restrained\Co31_OOH.inp	21109	historical_dataset	manifest_only	Outside the curated CoOOH archive selection.
.work\ncw_restrained\Co32_O.inp	20957	historical_dataset	manifest_only	Outside the curated CoOOH archive selection.
.work\ncw_restrained\Co32_OH.inp	21033	historical_dataset	manifest_only	Outside the curated CoOOH archive selection.
.work\ncw_restrained\Co32_OOH.inp	21109	historical_dataset	manifest_only	Outside the curated CoOOH archive selection.
.work\ncw_restrained\Co40_OOH.inp	21109	historical_dataset	manifest_only	Outside the curated CoOOH archive selection.
.work\ncw_restrained\co40_state_rescue_20260725\electronic_che_gate_20260727.tsv	600	historical_dataset	manifest_only	Outside the curated CoOOH archive selection.
.work\ncw_restrained\co40_state_rescue_20260725\O_direction_rescue_20260726\o_direction_manifest.tsv	1282	historical_dataset	manifest_only	Outside the curated CoOOH archive selection.
.work\ncw_restrained\co40_state_rescue_20260725\O_direction_rescue_20260726\o01_free\A16_Co40_O_alt01_free-pos-1.xyz	475662	historical_dataset	manifest_only	Outside the curated CoOOH archive selection.
.work\ncw_restrained\co40_state_rescue_20260725\O_direction_rescue_20260726\o01_free\A16_Co40_O_alt01_free.inp	19648	historical_dataset	manifest_only	Outside the curated CoOOH archive selection.
.work\ncw_restrained\co40_state_rescue_20260725\O_direction_rescue_20260726\o01_free\cp2k	832	historical_dataset	manifest_only	Outside the curated CoOOH archive selection.
.work\ncw_restrained\co40_state_rescue_20260725\O_direction_rescue_20260726\o01\A16_Co40_O_alt01_capture-pos-1.xyz	1888234	historical_dataset	manifest_only	Outside the curated CoOOH archive selection.
.work\ncw_restrained\co40_state_rescue_20260725\O_direction_rescue_20260726\o01\A16_Co40_O_alt01_capture.inp	23071	historical_dataset	manifest_only	Outside the curated CoOOH archive selection.
.work\ncw_restrained\co40_state_rescue_20260725\O_direction_rescue_20260726\o01\cp2k	832	historical_dataset	manifest_only	Outside the curated CoOOH archive selection.
.work\ncw_restrained\co40_state_rescue_20260725\O_direction_rescue_20260726\o02\A16_Co40_O_alt02_capture.inp	23071	historical_dataset	manifest_only	Outside the curated CoOOH archive selection.
.work\ncw_restrained\co40_state_rescue_20260725\O_direction_rescue_20260726\o02\cp2k	832	historical_dataset	manifest_only	Outside the curated CoOOH archive selection.
.work\ncw_restrained\co40_state_rescue_20260725\O_direction_rescue_20260726\o03\A16_Co40_O_alt03_capture.inp	23071	historical_dataset	manifest_only	Outside the curated CoOOH archive selection.
.work\ncw_restrained\co40_state_rescue_20260725\O_direction_rescue_20260726\o03\cp2k	832	historical_dataset	manifest_only	Outside the curated CoOOH archive selection.
.work\ncw_restrained\co40_state_rescue_20260725\O\o01\A16_Co40_O_o01_capture-pos-1.xyz	2090030	historical_dataset	manifest_only	Outside the curated CoOOH archive selection.
.work\ncw_restrained\co40_state_rescue_20260725\O\o01\A16_Co40_O_o01_capture.inp	22545	historical_dataset	manifest_only	Outside the curated CoOOH archive selection.
.work\ncw_restrained\co40_state_rescue_20260725\O\o01\cp2k	831	historical_dataset	manifest_only	Outside the curated CoOOH archive selection.
.work\ncw_restrained\co40_state_rescue_20260725\OH\o01_free\A16_Co40_OH_o01_free-pos-1.xyz	144790	historical_dataset	manifest_only	Outside the curated CoOOH archive selection.
.work\ncw_restrained\co40_state_rescue_20260725\OH\o01_free\A16_Co40_OH_o01_free.inp	19714	historical_dataset	manifest_only	Outside the curated CoOOH archive selection.
.work\ncw_restrained\co40_state_rescue_20260725\OH\o01_free\cp2k	832	historical_dataset	manifest_only	Outside the curated CoOOH archive selection.
.work\ncw_restrained\co40_state_rescue_20260725\OH\o01\A16_Co40_OH_o01_capture-pos-1.xyz	1201757	historical_dataset	manifest_only	Outside the curated CoOOH archive selection.
.work\ncw_restrained\co40_state_rescue_20260725\OH\o01\A16_Co40_OH_o01_capture.inp	22890	historical_dataset	manifest_only	Outside the curated CoOOH archive selection.
.work\ncw_restrained\co40_state_rescue_20260725\OH\o01\cp2k	831	historical_dataset	manifest_only	Outside the curated CoOOH archive selection.
.work\ncw_restrained\co40_state_rescue_20260725\OH\o02_free\A16_Co40_OH_o02_free-pos-1.xyz	173748	historical_dataset	manifest_only	Outside the curated CoOOH archive selection.
.work\ncw_restrained\co40_state_rescue_20260725\OH\o02_free\A16_Co40_OH_o02_free.inp	19714	historical_dataset	manifest_only	Outside the curated CoOOH archive selection.
.work\ncw_restrained\co40_state_rescue_20260725\OH\o02_free\cp2k	832	historical_dataset	manifest_only	Outside the curated CoOOH archive selection.
.work\ncw_restrained\co40_state_rescue_20260725\OH\o02\A16_Co40_OH_o02_capture-pos-1.xyz	2519346	historical_dataset	manifest_only	Outside the curated CoOOH archive selection.
.work\ncw_restrained\co40_state_rescue_20260725\OH\o02\A16_Co40_OH_o02_capture.inp	22890	historical_dataset	manifest_only	Outside the curated CoOOH archive selection.
.work\ncw_restrained\co40_state_rescue_20260725\OH\o02\cp2k	831	historical_dataset	manifest_only	Outside the curated CoOOH archive selection.
.work\ncw_restrained\co40_state_rescue_20260725\OH\o03\A16_Co40_OH_o03_capture-pos-1.xyz	2606220	historical_dataset	manifest_only	Outside the curated CoOOH archive selection.
.work\ncw_restrained\co40_state_rescue_20260725\OH\o03\A16_Co40_OH_o03_capture.inp	22890	historical_dataset	manifest_only	Outside the curated CoOOH archive selection.
.work\ncw_restrained\co40_state_rescue_20260725\OH\o03\cp2k	831	historical_dataset	manifest_only	Outside the curated CoOOH archive selection.
.work\ncw_restrained\co40_state_rescue_20260725\sources\Co40_O.inp	20957	historical_dataset	manifest_only	Outside the curated CoOOH archive selection.
.work\ncw_restrained\co40_state_rescue_20260725\sources\Co40_OH.inp	21033	historical_dataset	manifest_only	Outside the curated CoOOH archive selection.
.work\ncw_restrained\co40_state_rescue_20260725\state_rescue_manifest.remote.tsv	1008	historical_dataset	manifest_only	Outside the curated CoOOH archive selection.
.work\ncw_restrained\co40_state_rescue_20260725\state_rescue_manifest.tsv	1946	historical_dataset	manifest_only	Outside the curated CoOOH archive selection.
.work\ncw_restrained\Co6_OOH.inp	21108	historical_dataset	manifest_only	Outside the curated CoOOH archive selection.
.work\ncw_restrained\cp2k	835	historical_dataset	manifest_only	Outside the curated CoOOH archive selection.
.work\ncw_restrained\final_chemically_consistent_298p15K_20260727\final_chemically_consistent_oer_298p15K_stairs_20260727.svg	10190	historical_dataset	manifest_only	Outside the curated CoOOH archive selection.
.work\ncw_restrained\final_chemically_consistent_298p15K_20260727\final_chemically_consistent_oer_298p15K_summary_20260727.tsv	1361	historical_dataset	manifest_only	Outside the curated CoOOH archive selection.
.work\ncw_restrained\generate_co40_o_direction_rescue.py	7777	historical_dataset	manifest_only	Outside the curated CoOOH archive selection.
.work\ncw_restrained\generate_co40_state_rescue.py	7951	historical_dataset	manifest_only	Outside the curated CoOOH archive selection.
.work\ncw_restrained\generate_final_consistent_oer_summary.js	6293	historical_dataset	manifest_only	Outside the curated CoOOH archive selection.
.work\ncw_restrained\generate_ooh_free_continuation.py	2979	historical_dataset	manifest_only	Outside the curated CoOOH archive selection.
.work\ncw_restrained\generate_ooh_orientation_gate.py	10803	historical_dataset	manifest_only	Outside the curated CoOOH archive selection.
.work\ncw_restrained\generate_ooh_stage1.py	2894	historical_dataset	manifest_only	Outside the curated CoOOH archive selection.
.work\ncw_restrained\generate_orientation_free_continuation.py	2728	historical_dataset	manifest_only	Outside the curated CoOOH archive selection.
.work\ncw_restrained\generate_stage2_from_stage1.py	1977	historical_dataset	manifest_only	Outside the curated CoOOH archive selection.
.work\ncw_restrained\generate_stage3_from_stage2.py	2193	historical_dataset	manifest_only	Outside the curated CoOOH archive selection.
.work\ncw_restrained\generate_state_free_continuation.py	3778	historical_dataset	manifest_only	Outside the curated CoOOH archive selection.
.work\ncw_restrained\monitor\Co31_stage1\A16_Co31_OOH_rstA-pos-1.xyz	3854160	historical_dataset	manifest_only	Outside the curated CoOOH archive selection.
.work\ncw_restrained\monitor\Co31_stage1\A16_Co31_OOH_rstA.out	4697448	historical_dataset	manifest_only	Outside the curated CoOOH archive selection.
.work\ncw_restrained\monitor\Co31.out	200467	historical_dataset	manifest_only	Outside the curated CoOOH archive selection.
.work\ncw_restrained\monitor\Co31.xyz	130896	historical_dataset	manifest_only	Outside the curated CoOOH archive selection.
.work\ncw_restrained\monitor\Co40_stage1\A16_Co40_OOH_rstA-pos-1.xyz	2065248	historical_dataset	manifest_only	Outside the curated CoOOH archive selection.
.work\ncw_restrained\monitor\Co40_stage1\A16_Co40_OOH_rstA.inp	21890	historical_dataset	manifest_only	Outside the curated CoOOH archive selection.
.work\ncw_restrained\monitor\Co40_stage1\A16_Co40_OOH_rstA.out	1673861	historical_dataset	manifest_only	Outside the curated CoOOH archive selection.
.work\ncw_restrained\monitor\Co40_stage1\cp2k	835	historical_dataset	manifest_only	Outside the curated CoOOH archive selection.
.work\ncw_restrained\monitor\Co40_stage1\run.slurm	0	historical_dataset	manifest_only	Outside the curated CoOOH archive selection.
.work\ncw_restrained\monitor\Co40_stage2\A16_Co40_OOH_rstB-pos-1.xyz	596304	historical_dataset	manifest_only	Outside the curated CoOOH archive selection.
.work\ncw_restrained\monitor\Co40_stage2\A16_Co40_OOH_rstB.out	367132	historical_dataset	manifest_only	Outside the curated CoOOH archive selection.
.work\ncw_restrained\monitor\Co40_stage3_current.xyz	494496	historical_dataset	manifest_only	Outside the curated CoOOH archive selection.
.work\ncw_restrained\monitor\Co40_stage3_final\A16_Co40_OOH_free-pos-1.xyz	3476016	historical_dataset	manifest_only	Outside the curated CoOOH archive selection.
.work\ncw_restrained\monitor\Co40_stage3_final\A16_Co40_OOH_free.out	3077402	historical_dataset	manifest_only	Outside the curated CoOOH archive selection.
.work\ncw_restrained\monitor\Co40.out	214589	historical_dataset	manifest_only	Outside the curated CoOOH archive selection.
.work\ncw_restrained\monitor\Co40.xyz	116352	historical_dataset	manifest_only	Outside the curated CoOOH archive selection.
.work\ncw_restrained\ooh_orientation_gate_20260724.tar.gz	10610	historical_dataset	manifest_only	Outside the curated CoOOH archive selection.
.work\ncw_restrained\ooh_orientation_gate_20260724\Co40\o01_free\A16_Co40_OOH_o01_free-pos-1.xyz	363600	historical_dataset	manifest_only	Outside the curated CoOOH archive selection.
.work\ncw_restrained\ooh_orientation_gate_20260724\Co40\o01_free\A16_Co40_OOH_o01_free.inp	19781	historical_dataset	manifest_only	Outside the curated CoOOH archive selection.
.work\ncw_restrained\ooh_orientation_gate_20260724\Co40\o01_free\cp2k	831	historical_dataset	manifest_only	Outside the curated CoOOH archive selection.
.work\ncw_restrained\ooh_orientation_gate_20260724\Co40\o01\A16_Co40_OOH_o01_gate-pos-1.xyz	1847088	historical_dataset	manifest_only	Outside the curated CoOOH archive selection.
.work\ncw_restrained\ooh_orientation_gate_20260724\Co40\o01\A16_Co40_OOH_o01_gate.inp	20556	historical_dataset	manifest_only	Outside the curated CoOOH archive selection.
.work\ncw_restrained\ooh_orientation_gate_20260724\Co40\o01\cp2k	830	historical_dataset	manifest_only	Outside the curated CoOOH archive selection.
.work\ncw_restrained\ooh_orientation_gate_20260724\Co40\o02\A16_Co40_OOH_o02_gate-pos-1.xyz	2617920	historical_dataset	manifest_only	Outside the curated CoOOH archive selection.
.work\ncw_restrained\ooh_orientation_gate_20260724\Co40\o02\A16_Co40_OOH_o02_gate.inp	20556	historical_dataset	manifest_only	Outside the curated CoOOH archive selection.
.work\ncw_restrained\ooh_orientation_gate_20260724\Co40\o02\cp2k	830	historical_dataset	manifest_only	Outside the curated CoOOH archive selection.
.work\ncw_restrained\ooh_orientation_gate_20260724\Co40\o03_free\A16_Co40_OOH_o03_free-pos-1.xyz	2036160	historical_dataset	manifest_only	Outside the curated CoOOH archive selection.
.work\ncw_restrained\ooh_orientation_gate_20260724\Co40\o03_free\A16_Co40_OOH_o03_free.inp	19781	historical_dataset	manifest_only	Outside the curated CoOOH archive selection.
.work\ncw_restrained\ooh_orientation_gate_20260724\Co40\o03_free\cp2k	830	historical_dataset	manifest_only	Outside the curated CoOOH archive selection.
.work\ncw_restrained\ooh_orientation_gate_20260724\Co40\o03\A16_Co40_OOH_o03_gate-pos-1.xyz	1774368	historical_dataset	manifest_only	Outside the curated CoOOH archive selection.
.work\ncw_restrained\ooh_orientation_gate_20260724\Co40\o03\A16_Co40_OOH_o03_gate.inp	20556	historical_dataset	manifest_only	Outside the curated CoOOH archive selection.
.work\ncw_restrained\ooh_orientation_gate_20260724\Co40\o03\cp2k	830	historical_dataset	manifest_only	Outside the curated CoOOH archive selection.
.work\ncw_restrained\ooh_orientation_gate_20260724\Co6\o01\A16_Co6_OOH_o01_gate-pos-1.xyz	1614384	historical_dataset	manifest_only	Outside the curated CoOOH archive selection.
.work\ncw_restrained\ooh_orientation_gate_20260724\Co6\o01\A16_Co6_OOH_o01_gate.inp	20554	historical_dataset	manifest_only	Outside the curated CoOOH archive selection.
.work\ncw_restrained\ooh_orientation_gate_20260724\Co6\o01\cp2k	829	historical_dataset	manifest_only	Outside the curated CoOOH archive selection.
.work\ncw_restrained\ooh_orientation_gate_20260724\Co6\o02\A16_Co6_OOH_o02_gate-pos-1.xyz	2239776	historical_dataset	manifest_only	Outside the curated CoOOH archive selection.
.work\ncw_restrained\ooh_orientation_gate_20260724\Co6\o02\A16_Co6_OOH_o02_gate.inp	20554	historical_dataset	manifest_only	Outside the curated CoOOH archive selection.
.work\ncw_restrained\ooh_orientation_gate_20260724\Co6\o02\cp2k	829	historical_dataset	manifest_only	Outside the curated CoOOH archive selection.
.work\ncw_restrained\ooh_orientation_gate_20260724\Co6\o03\A16_Co6_OOH_o03_gate-pos-1.xyz	1556208	historical_dataset	manifest_only	Outside the curated CoOOH archive selection.
.work\ncw_restrained\ooh_orientation_gate_20260724\Co6\o03\A16_Co6_OOH_o03_gate.inp	20554	historical_dataset	manifest_only	Outside the curated CoOOH archive selection.
.work\ncw_restrained\ooh_orientation_gate_20260724\Co6\o03\cp2k	829	historical_dataset	manifest_only	Outside the curated CoOOH archive selection.
.work\ncw_restrained\ooh_orientation_gate_20260724\orientation_manifest.remote.tsv	2760	historical_dataset	manifest_only	Outside the curated CoOOH archive selection.
.work\ncw_restrained\ooh_orientation_gate_20260724\orientation_manifest.tsv	3271	historical_dataset	manifest_only	Outside the curated CoOOH archive selection.
.work\ncw_restrained\restrained_OOH_rescue_20260722\Co31\stage1_strong\A16_Co31_OOH_rstA.inp	21890	historical_dataset	manifest_only	Outside the curated CoOOH archive selection.
.work\ncw_restrained\restrained_OOH_rescue_20260722\Co31\stage1_strong\cp2k	835	historical_dataset	manifest_only	Outside the curated CoOOH archive selection.
.work\ncw_restrained\restrained_OOH_rescue_20260722\Co32\stage1_strong\A16_Co32_OOH_rstA-pos-1.xyz	2414304	historical_dataset	manifest_only	Outside the curated CoOOH archive selection.
.work\ncw_restrained\restrained_OOH_rescue_20260722\Co32\stage1_strong\A16_Co32_OOH_rstA.inp	21890	historical_dataset	manifest_only	Outside the curated CoOOH archive selection.
.work\ncw_restrained\restrained_OOH_rescue_20260722\Co32\stage1_strong\cp2k	835	historical_dataset	manifest_only	Outside the curated CoOOH archive selection.
.work\ncw_restrained\restrained_OOH_rescue_20260722\Co40\stage1_strong\A16_Co40_OOH_rstA.inp	21890	historical_dataset	manifest_only	Outside the curated CoOOH archive selection.
.work\ncw_restrained\restrained_OOH_rescue_20260722\Co40\stage1_strong\cp2k	835	historical_dataset	manifest_only	Outside the curated CoOOH archive selection.
.work\ncw_restrained\restrained_OOH_rescue_20260722\Co40\stage2_weak\A16_Co40_OOH_rstB.inp	21686	historical_dataset	manifest_only	Outside the curated CoOOH archive selection.
.work\ncw_restrained\restrained_OOH_rescue_20260722\Co40\stage2_weak\cp2k	835	historical_dataset	manifest_only	Outside the curated CoOOH archive selection.
.work\ncw_restrained\restrained_OOH_rescue_20260722\Co40\stage3_unrestrained\A16_Co40_OOH_free.inp	20805	historical_dataset	manifest_only	Outside the curated CoOOH archive selection.
.work\ncw_restrained\restrained_OOH_rescue_20260722\Co40\stage3_unrestrained\cp2k	835	historical_dataset	manifest_only	Outside the curated CoOOH archive selection.
.work\ncw_restrained\restrained_OOH_rescue_20260722\Co6\stage1_strong\A16_Co6_OOH_rstA-pos-1.xyz	4217760	historical_dataset	manifest_only	Outside the curated CoOOH archive selection.
.work\ncw_restrained\restrained_OOH_rescue_20260722\Co6\stage1_strong\A16_Co6_OOH_rstA.inp	21888	historical_dataset	manifest_only	Outside the curated CoOOH archive selection.
.work\ncw_restrained\restrained_OOH_rescue_20260722\Co6\stage1_strong\cp2k	834	historical_dataset	manifest_only	Outside the curated CoOOH archive selection.
.work\ncw_restrained\restrained_OOH_rescue_20260722\rescue_manifest.tsv	2739	historical_dataset	manifest_only	Outside the curated CoOOH archive selection.
.work\ncw_restrained\screen_manifest.tsv	7119	historical_dataset	manifest_only	Outside the curated CoOOH archive selection.
.work\ncw_screen_eval\analyze_final_xyz.py	2312	historical_dataset	manifest_only	Outside the curated CoOOH archive selection.
.work\ncw_screen_eval\Co31_O_110653.xyz	2118858	historical_dataset	manifest_only	Outside the curated CoOOH archive selection.
.work\ncw_screen_eval\Co31_OH_110652.xyz	2577262	historical_dataset	manifest_only	Outside the curated CoOOH archive selection.
.work\ncw_screen_eval\Co31_OOH_110654.xyz	3185136	historical_dataset	manifest_only	Outside the curated CoOOH archive selection.
.work\ncw_screen_eval\Co32_O\Al16_U100_5OH_Co32_O_M142-pos-1.xyz	3488188	historical_dataset	manifest_only	Outside the curated CoOOH archive selection.
.work\ncw_screen_eval\Co32_O\Al16_U100_5OH_Co32_O_M142.out	3295379	historical_dataset	manifest_only	Outside the curated CoOOH archive selection.
.work\ncw_screen_eval\Co32_OH.out	2465827	historical_dataset	manifest_only	Outside the curated CoOOH archive selection.
.work\ncw_screen_eval\Co32_OH.xyz	3590792	historical_dataset	manifest_only	Outside the curated CoOOH archive selection.
.work\ncw_screen_eval\Co32_OOH_110660-pos-1.xyz	2254320	historical_dataset	manifest_only	Outside the curated CoOOH archive selection.
.work\ncw_screen_eval\Co32_OOH_110660.out	1793433	historical_dataset	manifest_only	Outside the curated CoOOH archive selection.
.work\ncw_screen_eval\Co40_O_110650.xyz	1686438	historical_dataset	manifest_only	Outside the curated CoOOH archive selection.
.work\ncw_screen_eval\Co40_OH_110649.xyz	1998102	historical_dataset	manifest_only	Outside the curated CoOOH archive selection.
.work\ncw_screen_eval\Co40_OOH_110651.xyz	4974048	historical_dataset	manifest_only	Outside the curated CoOOH archive selection.
.work\ncw_screen_eval\Co6_O_110656.xyz	1527884	historical_dataset	manifest_only	Outside the curated CoOOH archive selection.
.work\ncw_screen_eval\Co6_OH_110655.xyz	1708522	historical_dataset	manifest_only	Outside the curated CoOOH archive selection.
.work\ncw_screen_eval\Co6_OOH_110657-pos-1.xyz	2181600	historical_dataset	manifest_only	Outside the curated CoOOH archive selection.
.work\ncw_screen_eval\Co6_OOH_110657.out	1521261	historical_dataset	manifest_only	Outside the curated CoOOH archive selection.
.work\ncw_screen_eval\screen_manifest.tsv	6850	historical_dataset	manifest_only	Outside the curated CoOOH archive selection.
.work\ncw_screen\clean-pos.xyz	1922766	historical_dataset	manifest_only	Outside the curated CoOOH archive selection.
.work\ncw_screen\clean210.vasp	13078	historical_dataset	manifest_only	Outside the curated CoOOH archive selection.
.work\ncw_screen\generate_neighbor_scan.py	17597	historical_dataset	manifest_only	Outside the curated CoOOH archive selection.
.work\ncw_screen\O_template.inp	19668	historical_dataset	manifest_only	Outside the curated CoOOH archive selection.
.work\ncw_screen\OH_template.inp	19724	historical_dataset	manifest_only	Outside the curated CoOOH archive selection.
.work\ncw_screen\OOH_template.inp	19802	historical_dataset	manifest_only	Outside the curated CoOOH archive selection.
.work\ncw_screen\upload\Co31\O\Al16_U100_5OH_Co31_O_M142.inp	20957	historical_dataset	manifest_only	Outside the curated CoOOH archive selection.
.work\ncw_screen\upload\Co31\O\cp2k	833	historical_dataset	manifest_only	Outside the curated CoOOH archive selection.
.work\ncw_screen\upload\Co31\OH\Al16_U100_5OH_Co31_OH_M149.inp	21033	historical_dataset	manifest_only	Outside the curated CoOOH archive selection.
.work\ncw_screen\upload\Co31\OH\cp2k	834	historical_dataset	manifest_only	Outside the curated CoOOH archive selection.
.work\ncw_screen\upload\Co31\OOH\Al16_U100_5OH_Co31_OOH_M149.inp	21109	historical_dataset	manifest_only	Outside the curated CoOOH archive selection.
.work\ncw_screen\upload\Co31\OOH\cp2k	835	historical_dataset	manifest_only	Outside the curated CoOOH archive selection.
.work\ncw_screen\upload\Co32\O\Al16_U100_5OH_Co32_O_M142.inp	20957	historical_dataset	manifest_only	Outside the curated CoOOH archive selection.
.work\ncw_screen\upload\Co32\O\cp2k	833	historical_dataset	manifest_only	Outside the curated CoOOH archive selection.
.work\ncw_screen\upload\Co32\OH\Al16_U100_5OH_Co32_OH_M149.inp	21033	historical_dataset	manifest_only	Outside the curated CoOOH archive selection.
.work\ncw_screen\upload\Co32\OH\cp2k	834	historical_dataset	manifest_only	Outside the curated CoOOH archive selection.
.work\ncw_screen\upload\Co32\OOH\Al16_U100_5OH_Co32_OOH_M149.inp	21109	historical_dataset	manifest_only	Outside the curated CoOOH archive selection.
.work\ncw_screen\upload\Co32\OOH\cp2k	835	historical_dataset	manifest_only	Outside the curated CoOOH archive selection.
.work\ncw_screen\upload\Co40\O\Al16_U100_5OH_Co40_O_M142.inp	20957	historical_dataset	manifest_only	Outside the curated CoOOH archive selection.
.work\ncw_screen\upload\Co40\O\cp2k	833	historical_dataset	manifest_only	Outside the curated CoOOH archive selection.
.work\ncw_screen\upload\Co40\OH\Al16_U100_5OH_Co40_OH_M149.inp	21033	historical_dataset	manifest_only	Outside the curated CoOOH archive selection.
.work\ncw_screen\upload\Co40\OH\cp2k	834	historical_dataset	manifest_only	Outside the curated CoOOH archive selection.
.work\ncw_screen\upload\Co40\OOH\Al16_U100_5OH_Co40_OOH_M149.inp	21109	historical_dataset	manifest_only	Outside the curated CoOOH archive selection.
.work\ncw_screen\upload\Co40\OOH\cp2k	835	historical_dataset	manifest_only	Outside the curated CoOOH archive selection.
.work\ncw_screen\upload\Co6\O\Al16_U100_5OH_Co6_O_M142.inp	20956	historical_dataset	manifest_only	Outside the curated CoOOH archive selection.
.work\ncw_screen\upload\Co6\O\cp2k	832	historical_dataset	manifest_only	Outside the curated CoOOH archive selection.
.work\ncw_screen\upload\Co6\OH\Al16_U100_5OH_Co6_OH_M149.inp	21032	historical_dataset	manifest_only	Outside the curated CoOOH archive selection.
.work\ncw_screen\upload\Co6\OH\cp2k	833	historical_dataset	manifest_only	Outside the curated CoOOH archive selection.
.work\ncw_screen\upload\Co6\OOH\Al16_U100_5OH_Co6_OOH_M149.inp	21108	historical_dataset	manifest_only	Outside the curated CoOOH archive selection.
.work\ncw_screen\upload\Co6\OOH\cp2k	834	historical_dataset	manifest_only	Outside the curated CoOOH archive selection.
.work\ncw_screen\upload\input_audit.json	7646	historical_dataset	manifest_only	Outside the curated CoOOH archive selection.
.work\ncw_screen\upload\screen_manifest.tsv	2022	historical_dataset	manifest_only	Outside the curated CoOOH archive selection.
.work\ncw_vib_110645\analyze_local_modes.py	3556	historical_dataset	manifest_only	Outside the curated CoOOH archive selection.
.work\ncw_vib_110645\O_110645.mol	2855370	historical_dataset	manifest_only	Outside the curated CoOOH archive selection.
.work\ncw_vib_110645\OH_110644.mol	2868244	historical_dataset	manifest_only	Outside the curated CoOOH archive selection.
.work\ncw_vib_110645\thermo_summary_298K.tsv	370	historical_dataset	manifest_only	Outside the curated CoOOH archive selection.
.work\ncw_vib_110645\thermo_summary_OH_298K.tsv	444	historical_dataset	manifest_only	Outside the curated CoOOH archive selection.
.work\ncw_vib_110645\vib_manifest.tsv	14193	historical_dataset	manifest_only	Outside the curated CoOOH archive selection.
计算内容确认单_CP2K_AIMD_有机半导体.docx	37962	historical_dataset	manifest_only	Outside the curated CoOOH archive selection.
AGENTS.md	1323	historical_dataset	manifest_only	Outside the curated CoOOH archive selection.
al16_undoped_5oh_oer_stair_compare_rescaled.png	69175	historical_dataset	manifest_only	Outside the curated CoOOH archive selection.
al16_undoped_5oh_oer_stair_compare.png	69930	historical_dataset	manifest_only	Outside the curated CoOOH archive selection.
al16_undoped_5oh_oer_standard_stair_labeled.png	202441	historical_dataset	manifest_only	Outside the curated CoOOH archive selection.
analysis\ftfan_ncw_history_summary.json	1328617	historical_dataset	manifest_only	Outside the curated CoOOH archive selection.
analysis\ftfan_ncw_job_families.csv	95439	historical_dataset	manifest_only	Outside the curated CoOOH archive selection.
analysis\ftfan_ncw_jobs_classified.csv	966084	historical_dataset	manifest_only	Outside the curated CoOOH archive selection.
analysis\ftfan_slurm_history.csv	691657	historical_dataset	manifest_only	Outside the curated CoOOH archive selection.
artifacts\__pycache__\analyze_al16_proton_relay_geometry_20260817.cpython-313.pyc	9691	supporting_dataset	curated	Selected CoOOH analysis asset.
artifacts\__pycache__\analyze_lobster_orbital_populations_20260826.cpython-313.pyc	9348	historical_dataset	manifest_only	Outside the curated CoOOH archive selection.
artifacts\__pycache__\analyze_pdos_dcenter_20260824.cpython-313.pyc	16653	supporting_dataset	curated	Selected CoOOH analysis asset.
artifacts\__pycache__\build_corrected_adsorbates_20260819.cpython-313.pyc	31747	historical_dataset	manifest_only	Outside the curated CoOOH archive selection.
artifacts\__pycache__\build_frontier_level_postprocess_20260903.cpython-313.pyc	56959	historical_dataset	manifest_only	Outside the curated CoOOH archive selection.
artifacts\__pycache__\build_mechanism_validation_bundle_20260901.cpython-313.pyc	72280	historical_dataset	manifest_only	Outside the curated CoOOH archive selection.
artifacts\__pycache__\build_mechanism_validation_stage2_20260901.cpython-313.pyc	31574	historical_dataset	manifest_only	Outside the curated CoOOH archive selection.
artifacts\__pycache__\build_orbital_assignment_audit_final_20260905.cpython-313.pyc	48478	historical_dataset	manifest_only	Outside the curated CoOOH archive selection.
artifacts\__pycache__\deploy_deprotonation_coverage_20260824.cpython-313.pyc	14476	historical_dataset	manifest_only	Outside the curated CoOOH archive selection.
artifacts\__pycache__\deploy_lobster_preconverged_20260819.cpython-313.pyc	20617	historical_dataset	manifest_only	Outside the curated CoOOH archive selection.
artifacts\__pycache__\deploy_startup_density_proxy_comparison_20260827.cpython-313.pyc	5583	historical_dataset	manifest_only	Outside the curated CoOOH archive selection.
artifacts\__pycache__\deploy_undoped_reaction_density_recovery_20260827.cpython-313.pyc	11064	historical_dataset	manifest_only	Outside the curated CoOOH archive selection.
artifacts\__pycache__\diagnose_lobster_pairs_20260819.cpython-313.pyc	1953	historical_dataset	manifest_only	Outside the curated CoOOH archive selection.
artifacts\__pycache__\download_startup_density_proxy_comparison_20260827.cpython-313.pyc	6272	historical_dataset	manifest_only	Outside the curated CoOOH archive selection.
artifacts\__pycache__\finalize_proton_relay_fixed_path_20260817.cpython-313.pyc	10172	supporting_dataset	curated	Selected CoOOH analysis asset.
artifacts\__pycache__\mark_lobster_site_mapping_rejection_20260819.cpython-313.pyc	11229	historical_dataset	manifest_only	Outside the curated CoOOH archive selection.
artifacts\__pycache__\prepare_cdft_co_ads_fragment_scan_20260815.cpython-313.pyc	10873	supporting_dataset	curated	Selected CoOOH analysis asset.
artifacts\__pycache__\prepare_cdft_oh_ooh_charge_scan_20260815.cpython-313.pyc	9861	supporting_dataset	curated	Selected CoOOH analysis asset.
artifacts\__pycache__\prepare_orbital_assignment_audit_20260903.cpython-313.pyc	12072	historical_dataset	manifest_only	Outside the curated CoOOH archive selection.
artifacts\__pycache__\record_proton_relay_pcet_completion_20260817.cpython-313.pyc	7801	supporting_dataset	curated	Selected CoOOH analysis asset.
artifacts\__pycache__\recover_cdft_fragment_case.cpython-313.pyc	11111	supporting_dataset	curated	Selected CoOOH analysis asset.
artifacts\__pycache__\recover_cdft_ooh_nm1_20260815.cpython-313.pyc	9287	supporting_dataset	curated	Selected CoOOH analysis asset.
artifacts\__pycache__\recover_cdft_ooh_np1_20260815.cpython-313.pyc	9813	supporting_dataset	curated	Selected CoOOH analysis asset.
artifacts\__pycache__\recover_cdft_ooh_np1_retry2_20260815.cpython-313.pyc	9308	supporting_dataset	curated	Selected CoOOH analysis asset.
artifacts\__pycache__\recover_proton_relay_pcet_cleanup_20260818.cpython-313.pyc	11160	supporting_dataset	curated	Selected CoOOH analysis asset.
artifacts\__pycache__\refresh_lobster_pairs_20260819.cpython-313.pyc	7417	historical_dataset	manifest_only	Outside the curated CoOOH archive selection.
artifacts\__pycache__\submit_proton_relay_fixed_path_20260817.cpython-313.pyc	16924	supporting_dataset	curated	Selected CoOOH analysis asset.
artifacts\__pycache__\submit_proton_relay_pcet_nm1_20260817.cpython-313.pyc	13151	supporting_dataset	curated	Selected CoOOH analysis asset.
artifacts\__pycache__\upload_build_corrected_adsorbates_20260819.cpython-313.pyc	2706	historical_dataset	manifest_only	Outside the curated CoOOH archive selection.
artifacts\__pycache__\upload_refresh_lobster_pairs_20260819.cpython-313.pyc	3372	historical_dataset	manifest_only	Outside the curated CoOOH archive selection.
artifacts\__pycache__\validate_update_cdft_fragment_original.cpython-313.pyc	8957	supporting_dataset	curated	Selected CoOOH analysis asset.
artifacts\__pycache__\validate_update_cdft_fragment_recovery.cpython-313.pyc	8923	supporting_dataset	curated	Selected CoOOH analysis asset.
artifacts\Al16_O_at_OHgeom_POSCAR	21500	historical_dataset	manifest_only	Outside the curated CoOOH archive selection.
artifacts\Al16_O_minus_OH_ds2.raw	24696108	historical_dataset	manifest_only	Large file not uploaded under archive protocol.
artifacts\Al16_O_minus_OH_ds2.stats	193	historical_dataset	manifest_only	Outside the curated CoOOH archive selection.
artifacts\Al16_O_minus_OH_spin_ds2.raw	24696108	historical_dataset	manifest_only	Large file not uploaded under archive protocol.
artifacts\Al16_O_minus_OH_spin_ds2.stats	211	historical_dataset	manifest_only	Outside the curated CoOOH archive selection.
artifacts\Al16_OH_formal_POSCAR	38605	historical_dataset	manifest_only	Outside the curated CoOOH archive selection.
artifacts\Al16_reaction_charge_spin_channels_heatmap_preview_20260826.png	867219	historical_dataset	manifest_only	Outside the curated CoOOH archive selection.
artifacts\Al16_reaction_charge_spin_heatmap_preview_20260826.png	435908	historical_dataset	manifest_only	Outside the curated CoOOH archive selection.
artifacts\Al16_reaction_density_heatmap_preview_20260826.png	286929	historical_dataset	manifest_only	Outside the curated CoOOH archive selection.
artifacts\Al16_reaction_density_preview_20260826.png	497615	historical_dataset	manifest_only	Outside the curated CoOOH archive selection.
artifacts\analyze_al16_proton_relay_geometry_20260817.py	5893	supporting_dataset	curated	Selected CoOOH analysis asset.
artifacts\analyze_bare_bader_pair_20260819.py	9619	supporting_dataset	curated	Reproducibility or analysis script.
artifacts\analyze_exact_vasp_bare_bader_pair_20260819.py	9197	supporting_dataset	curated	Reproducibility or analysis script.
artifacts\analyze_lobster_orbital_populations_20260826.py	5585	supporting_dataset	curated	Reproducibility or analysis script.
artifacts\analyze_orbital_resolved_pdos_20260826.py	5409	supporting_dataset	curated	Selected CoOOH analysis asset.
artifacts\analyze_pdos_dcenter_20260824.py	10735	supporting_dataset	curated	Selected CoOOH analysis asset.
artifacts\bader_charge_structure_map_20260823.png	911843	supporting_dataset	curated	Selected CoOOH analysis asset.
artifacts\bader_oh_to_o_preliminary_20260823.png	165665	supporting_dataset	curated	Selected CoOOH analysis asset.
artifacts\bader_structure_inputs_20260823\Al16_O\ACF.dat	28124	supporting_dataset	curated	Selected CoOOH analysis asset.
artifacts\bader_structure_inputs_20260823\Al16_O\POSCAR	38495	supporting_dataset	curated	Selected CoOOH analysis asset.
artifacts\bader_structure_inputs_20260823\Al16_OH\ACF.dat	28204	supporting_dataset	curated	Selected CoOOH analysis asset.
artifacts\bader_structure_inputs_20260823\Al16_OH\POSCAR	38605	supporting_dataset	curated	Selected CoOOH analysis asset.
artifacts\bader_structure_inputs_20260823\undoped_O\ACF.dat	28124	supporting_dataset	curated	Selected CoOOH analysis asset.
artifacts\bader_structure_inputs_20260823\undoped_O\POSCAR	38484	supporting_dataset	curated	Selected CoOOH analysis asset.
artifacts\bader_structure_inputs_20260823\undoped_OH\ACF.dat	28204	supporting_dataset	curated	Selected CoOOH analysis asset.
artifacts\bader_structure_inputs_20260823\undoped_OH\POSCAR	38594	supporting_dataset	curated	Selected CoOOH analysis asset.
artifacts\build_corrected_adsorbates_20260819.py	23449	supporting_dataset	curated	Reproducibility or analysis script.
artifacts\build_frontier_level_postprocess_20260903.py	46578	supporting_dataset	curated	Reproducibility or analysis script.
artifacts\build_mechanism_validation_bundle_20260901.py	60539	supporting_dataset	curated	Reproducibility or analysis script.
artifacts\build_mechanism_validation_stage2_20260901.py	27054	supporting_dataset	curated	Reproducibility or analysis script.
artifacts\build_orbital_assignment_audit_final_20260905.py	41852	supporting_dataset	curated	Reproducibility or analysis script.
artifacts\build_orbital_assignment_audit_preliminary_20260903.py	21546	supporting_dataset	curated	Reproducibility or analysis script.
artifacts\build_stage_summary_20260819.py	14084	supporting_dataset	curated	Selected CoOOH analysis asset.
artifacts\cdft_baseline_population_summary.tsv	827	supporting_dataset	curated	Selected CoOOH analysis asset.
artifacts\cdft_oh_to_o_charge_spin_20260820.tsv	204	supporting_dataset	curated	Selected CoOOH analysis asset.
artifacts\cdft_oh_to_o_constraints_20260820.tsv	135	supporting_dataset	curated	Selected CoOOH analysis asset.
artifacts\cdft_oh_to_o_mechanism_20260820.pdf	32547	supporting_dataset	curated	Selected CoOOH analysis asset.
artifacts\cdft_oh_to_o_mechanism_20260820.png	410563	supporting_dataset	curated	Selected CoOOH analysis asset.
artifacts\cdft_oh_to_o_mechanism_20260820.svg	75552	supporting_dataset	curated	Selected CoOOH analysis asset.
artifacts\cdft_undoped_vs_al16_complete_20260818.md	1781	supporting_dataset	curated	Selected CoOOH analysis asset.
artifacts\cdft_undoped_vs_al16_complete_20260818.pdf	37586	supporting_dataset	curated	Selected CoOOH analysis asset.
artifacts\cdft_undoped_vs_al16_complete_20260818.png	331148	supporting_dataset	curated	Selected CoOOH analysis asset.
artifacts\cdft_undoped_vs_al16_complete_20260818.svg	60200	supporting_dataset	curated	Selected CoOOH analysis asset.
artifacts\cdft_undoped_vs_al16_complete_20260818.tsv	839	supporting_dataset	curated	Selected CoOOH analysis asset.
artifacts\cdft_undoped_vs_al16_preliminary_20260817.pdf	36960	supporting_dataset	curated	Selected CoOOH analysis asset.
artifacts\cdft_undoped_vs_al16_preliminary_20260817.png	273068	supporting_dataset	curated	Selected CoOOH analysis asset.
artifacts\cdft_undoped_vs_al16_preliminary_20260817.svg	43096	supporting_dataset	curated	Selected CoOOH analysis asset.
artifacts\cdft_undoped_vs_al16_preliminary_20260817.tsv	1018	supporting_dataset	curated	Selected CoOOH analysis asset.
artifacts\chgcar_difference_downsample.cpp	6400	supporting_dataset	curated	Reproducibility or analysis script.
artifacts\chgcar_magnetization_difference_downsample.cpp	7424	supporting_dataset	curated	Reproducibility or analysis script.
artifacts\cohp_oh_o_inputs_20260824\Al16_O\COHPCAR.lobster	100614	supporting_dataset	curated	Selected CoOOH analysis asset.
artifacts\cohp_oh_o_inputs_20260824\Al16_O\ICOHPLIST.lobster	608	supporting_dataset	curated	Selected CoOOH analysis asset.
artifacts\cohp_oh_o_inputs_20260824\Al16_O\lobsterout	2552	supporting_dataset	curated	Selected CoOOH analysis asset.
artifacts\cohp_oh_o_inputs_20260824\Al16_O\POSCAR	38495	supporting_dataset	curated	Selected CoOOH analysis asset.
artifacts\cohp_oh_o_inputs_20260824\Al16_OH\COHPCAR.lobster	100614	supporting_dataset	curated	Selected CoOOH analysis asset.
artifacts\cohp_oh_o_inputs_20260824\Al16_OH\ICOHPLIST.lobster	608	supporting_dataset	curated	Selected CoOOH analysis asset.
artifacts\cohp_oh_o_inputs_20260824\Al16_OH\lobsterout	2553	supporting_dataset	curated	Selected CoOOH analysis asset.
artifacts\cohp_oh_o_inputs_20260824\Al16_OH\POSCAR	38605	supporting_dataset	curated	Selected CoOOH analysis asset.
artifacts\cohp_oh_o_inputs_20260824\undoped_O\COHPCAR.lobster	100614	supporting_dataset	curated	Selected CoOOH analysis asset.
artifacts\cohp_oh_o_inputs_20260824\undoped_O\ICOHPLIST.lobster	608	supporting_dataset	curated	Selected CoOOH analysis asset.
artifacts\cohp_oh_o_inputs_20260824\undoped_O\lobsterout	2503	supporting_dataset	curated	Selected CoOOH analysis asset.
artifacts\cohp_oh_o_inputs_20260824\undoped_O\POSCAR	38484	supporting_dataset	curated	Selected CoOOH analysis asset.
artifacts\cohp_oh_o_inputs_20260824\undoped_OH\COHPCAR.lobster	100614	supporting_dataset	curated	Selected CoOOH analysis asset.
artifacts\cohp_oh_o_inputs_20260824\undoped_OH\ICOHPLIST.lobster	608	supporting_dataset	curated	Selected CoOOH analysis asset.
artifacts\cohp_oh_o_inputs_20260824\undoped_OH\lobsterout	2891	supporting_dataset	curated	Selected CoOOH analysis asset.
artifacts\cohp_oh_o_inputs_20260824\undoped_OH\POSCAR	38594	supporting_dataset	curated	Selected CoOOH analysis asset.
artifacts\cohp_oh_to_o_academic_preliminary_20260824.png	411592	supporting_dataset	curated	Selected CoOOH analysis asset.
artifacts\cohp_oh_to_o_academic_summary_20260824.tsv	453	supporting_dataset	curated	Selected CoOOH analysis asset.
artifacts\compute_deprotonation_potential_preliminary_20260824.py	3758	supporting_dataset	curated	Reproducibility or analysis script.
artifacts\compute_strict_site03_che_298p15K.py	5925	supporting_dataset	curated	Reproducibility or analysis script.
artifacts\cooh_al16_oh_to_o_mechanism_data_for_image_ai_20260831.md	35673	historical_dataset	manifest_only	Outside the curated CoOOH archive selection.
artifacts\cooh_al16_stage_summary_20260819.md	2033	supporting_dataset	curated	Selected CoOOH analysis asset.
artifacts\cooh_al16_stage_summary_20260819.pdf	43691	supporting_dataset	curated	Selected CoOOH analysis asset.
artifacts\cooh_al16_stage_summary_20260819.png	533500	supporting_dataset	curated	Selected CoOOH analysis asset.
artifacts\cooh_al16_stage_summary_20260819.svg	201831	supporting_dataset	curated	Selected CoOOH analysis asset.
artifacts\cp2k_historical_undoped_co7_al47_staircase.png	184625	historical_dataset	manifest_only	Outside the curated CoOOH archive selection.
artifacts\cp2k_historical_undoped_co7_al47_staircase.svg	71272	historical_dataset	manifest_only	Outside the curated CoOOH archive selection.
artifacts\cp2k_historical_undoped_co7_al47_staircase.tsv	658	historical_dataset	manifest_only	Outside the curated CoOOH archive selection.
artifacts\d_band_center_framework_oh_o_20260824.tsv	662	supporting_dataset	curated	Selected CoOOH analysis asset.
artifacts\d_band_center_oh_o_20260824.tsv	1099	supporting_dataset	curated	Selected CoOOH analysis asset.
artifacts\d_band_center_oh_o_preliminary_20260824.png	76239	supporting_dataset	curated	Selected CoOOH analysis asset.
artifacts\d_band_center_semicircle_schematic_20260824.png	118640	supporting_dataset	curated	Selected CoOOH analysis asset.
artifacts\d_band_center_spin_semicircle_schematic_20260824.png	160865	supporting_dataset	curated	Selected CoOOH analysis asset.
artifacts\d_band_center_standard_pdos_20260824.png	160322	supporting_dataset	curated	Selected CoOOH analysis asset.
artifacts\d_band_center_standard_pdos_20260824.tsv	214	supporting_dataset	curated	Selected CoOOH analysis asset.
artifacts\deploy_al16_reaction_density_preview_20260826.py	2974	supporting_dataset	curated	Reproducibility or analysis script.
artifacts\deploy_al16_spin_density_preview_20260826.py	3053	supporting_dataset	curated	Reproducibility or analysis script.
artifacts\deploy_deprotonation_coverage_20260824.py	9571	supporting_dataset	curated	Reproducibility or analysis script.
artifacts\deploy_lobster_preconverged_20260819.py	14247	supporting_dataset	curated	Reproducibility or analysis script.
artifacts\deploy_reaction_density_same_geometry_20260823.py	9166	supporting_dataset	curated	Reproducibility or analysis script.
artifacts\deploy_startup_density_proxy_comparison_20260827.py	3569	supporting_dataset	curated	Reproducibility or analysis script.
artifacts\deploy_undoped_reaction_density_recovery_20260827.py	8059	supporting_dataset	curated	Reproducibility or analysis script.
artifacts\deprotonation_coverage_inputs_20260824\Al16_adjacent\Ocount_02_of_06\INCAR	1843	supporting_dataset	curated	Selected CoOOH analysis asset.
artifacts\deprotonation_coverage_inputs_20260824\Al16_adjacent\Ocount_02_of_06\POSCAR	21430	supporting_dataset	curated	Selected CoOOH analysis asset.
artifacts\deprotonation_coverage_inputs_20260824\Al16_adjacent\Ocount_03_of_06\INCAR	1839	supporting_dataset	curated	Selected CoOOH analysis asset.
artifacts\deprotonation_coverage_inputs_20260824\Al16_adjacent\Ocount_03_of_06\POSCAR	21369	supporting_dataset	curated	Selected CoOOH analysis asset.
artifacts\deprotonation_coverage_inputs_20260824\Al16_adjacent\Ocount_04_of_06\INCAR	1835	supporting_dataset	curated	Selected CoOOH analysis asset.
artifacts\deprotonation_coverage_inputs_20260824\Al16_adjacent\Ocount_04_of_06\POSCAR	21308	supporting_dataset	curated	Selected CoOOH analysis asset.
artifacts\deprotonation_coverage_inputs_20260824\Al16_adjacent\Ocount_05_of_06\INCAR	1831	supporting_dataset	curated	Selected CoOOH analysis asset.
artifacts\deprotonation_coverage_inputs_20260824\Al16_adjacent\Ocount_05_of_06\POSCAR	21247	supporting_dataset	curated	Selected CoOOH analysis asset.
artifacts\deprotonation_coverage_inputs_20260824\Al16_adjacent\Ocount_06_of_06\INCAR	1827	supporting_dataset	curated	Selected CoOOH analysis asset.
artifacts\deprotonation_coverage_inputs_20260824\Al16_adjacent\Ocount_06_of_06\POSCAR	21186	supporting_dataset	curated	Selected CoOOH analysis asset.
artifacts\deprotonation_coverage_inputs_20260824\coverage_manifest.tsv	718	supporting_dataset	curated	Selected CoOOH analysis asset.
artifacts\deprotonation_coverage_inputs_20260824\run_deprotonation_coverage.slurm	1441	supporting_dataset	curated	Selected CoOOH analysis asset.
artifacts\deprotonation_coverage_inputs_20260824\undoped_control\Ocount_02_of_06\INCAR	1838	supporting_dataset	curated	Selected CoOOH analysis asset.
artifacts\deprotonation_coverage_inputs_20260824\undoped_control\Ocount_02_of_06\POSCAR	21424	supporting_dataset	curated	Selected CoOOH analysis asset.
artifacts\deprotonation_coverage_inputs_20260824\undoped_control\Ocount_03_of_06\INCAR	1834	supporting_dataset	curated	Selected CoOOH analysis asset.
artifacts\deprotonation_coverage_inputs_20260824\undoped_control\Ocount_03_of_06\POSCAR	21363	supporting_dataset	curated	Selected CoOOH analysis asset.
artifacts\deprotonation_coverage_inputs_20260824\undoped_control\Ocount_04_of_06\INCAR	1830	supporting_dataset	curated	Selected CoOOH analysis asset.
artifacts\deprotonation_coverage_inputs_20260824\undoped_control\Ocount_04_of_06\POSCAR	21302	supporting_dataset	curated	Selected CoOOH analysis asset.
artifacts\deprotonation_coverage_inputs_20260824\undoped_control\Ocount_05_of_06\INCAR	1826	supporting_dataset	curated	Selected CoOOH analysis asset.
artifacts\deprotonation_coverage_inputs_20260824\undoped_control\Ocount_05_of_06\POSCAR	21241	supporting_dataset	curated	Selected CoOOH analysis asset.
artifacts\deprotonation_coverage_inputs_20260824\undoped_control\Ocount_06_of_06\INCAR	1822	supporting_dataset	curated	Selected CoOOH analysis asset.
artifacts\deprotonation_coverage_inputs_20260824\undoped_control\Ocount_06_of_06\POSCAR	21180	supporting_dataset	curated	Selected CoOOH analysis asset.
artifacts\deprotonation_potential_preliminary_20260824.png	169472	historical_dataset	manifest_only	Outside the curated CoOOH archive selection.
artifacts\deprotonation_potential_preliminary_20260824.tsv	341	historical_dataset	manifest_only	Outside the curated CoOOH archive selection.
artifacts\diagnose_active_index_mapping_20260819.py	2548	supporting_dataset	curated	Reproducibility or analysis script.
artifacts\diagnose_lobster_pairs_20260819.py	3194	supporting_dataset	curated	Reproducibility or analysis script.
artifacts\diagnose_source_adsorbates_20260819.py	1284	supporting_dataset	curated	Reproducibility or analysis script.
artifacts\download_al16_reaction_density_preview_20260826.py	2182	supporting_dataset	curated	Reproducibility or analysis script.
artifacts\download_al16_spin_density_preview_20260826.py	1781	supporting_dataset	curated	Reproducibility or analysis script.
artifacts\download_bader_structure_inputs_20260823.py	2326	supporting_dataset	curated	Reproducibility or analysis script.
artifacts\download_cohp_oh_o_20260824.py	2393	supporting_dataset	curated	Selected CoOOH analysis asset.
artifacts\download_lobster_grosspop_20260826.py	2023	supporting_dataset	curated	Reproducibility or analysis script.
artifacts\download_matched_reaction_density_final_20260901.py	3399	supporting_dataset	curated	Reproducibility or analysis script.
artifacts\download_mechanism_validation_sources_20260901.py	2116	supporting_dataset	curated	Reproducibility or analysis script.
artifacts\download_orbital_assignment_lobster_20260905.py	2798	supporting_dataset	curated	Reproducibility or analysis script.
artifacts\download_pdos_oh_o_20260824.py	2307	supporting_dataset	curated	Selected CoOOH analysis asset.
artifacts\download_startup_density_proxy_comparison_20260827.py	3952	supporting_dataset	curated	Reproducibility or analysis script.
artifacts\extract_cdft_baselines.py	3408	supporting_dataset	curated	Selected CoOOH analysis asset.
artifacts\extract_undoped_cdft_baselines_20260816.py	5201	supporting_dataset	curated	Selected CoOOH analysis asset.
artifacts\finalize_proton_relay_fixed_path_20260817.py	6580	supporting_dataset	curated	Selected CoOOH analysis asset.
artifacts\finalize_proton_relay_pcet_nm1_20260818.py	8541	supporting_dataset	curated	Selected CoOOH analysis asset.
artifacts\frontier_level_postprocess_20260903.zip	1492664	supporting_dataset	curated	Selected CoOOH analysis asset.
artifacts\frontier_level_postprocess_20260903\frontier_Al16_O.png	337051	supporting_dataset	curated	Selected CoOOH analysis asset.
artifacts\frontier_level_postprocess_20260903\frontier_Al16_OH.png	326487	supporting_dataset	curated	Selected CoOOH analysis asset.
artifacts\frontier_level_postprocess_20260903\frontier_level_postprocess.md	7580	supporting_dataset	curated	Selected CoOOH analysis asset.
artifacts\frontier_level_postprocess_20260903\frontier_pristine_O.png	337015	supporting_dataset	curated	Selected CoOOH analysis asset.
artifacts\frontier_level_postprocess_20260903\frontier_pristine_OH.png	354978	supporting_dataset	curated	Selected CoOOH analysis asset.
artifacts\frontier_level_postprocess_20260903\frontier_state_catalog.tsv	8170	supporting_dataset	curated	Selected CoOOH analysis asset.
artifacts\frontier_level_postprocess_20260903\local_geometry.tsv	5969	supporting_dataset	curated	Selected CoOOH analysis asset.
artifacts\frontier_level_postprocess_20260903\selected_cohp_full.tsv	1146572	supporting_dataset	curated	Selected CoOOH analysis asset.
artifacts\frontier_level_postprocess_20260903\selected_pdos_full.tsv	667110	supporting_dataset	curated	Selected CoOOH analysis asset.
artifacts\frontier_level_postprocess_20260903\source_manifest.tsv	8929	supporting_dataset	curated	Selected CoOOH analysis asset.
artifacts\frontier_level_postprocess_20260903\vacuum_alignment.tsv	554	supporting_dataset	curated	Selected CoOOH analysis asset.
artifacts\inspect_cdft_models.py	4102	supporting_dataset	curated	Selected CoOOH analysis asset.
artifacts\install_bader_tool_20260818.py	2440	supporting_dataset	curated	Reproducibility or analysis script.
artifacts\jobs_exact_al16_reconstructed_3x2_20260809.list	156	historical_dataset	manifest_only	Outside the curated CoOOH archive selection.
artifacts\ligand_field_spin_selective_Al_mechanism_20260831.pdf	63795	supporting_dataset	curated	Selected CoOOH analysis asset.
artifacts\ligand_field_spin_selective_Al_mechanism_20260831.png	432768	supporting_dataset	curated	Selected CoOOH analysis asset.
artifacts\lobster_grosspop_oh_o_20260826\Al16_O_GROSSPOP.lobster	128871	historical_dataset	manifest_only	Outside the curated CoOOH archive selection.
artifacts\lobster_grosspop_oh_o_20260826\Al16_OH_GROSSPOP.lobster	129055	historical_dataset	manifest_only	Outside the curated CoOOH archive selection.
artifacts\lobster_grosspop_oh_o_20260826\undoped_O_GROSSPOP.lobster	130691	historical_dataset	manifest_only	Outside the curated CoOOH archive selection.
artifacts\lobster_grosspop_oh_o_20260826\undoped_OH_GROSSPOP.lobster	130875	historical_dataset	manifest_only	Outside the curated CoOOH archive selection.
artifacts\lobster_orbital_population_oh_to_o_20260826.png	186923	historical_dataset	manifest_only	Outside the curated CoOOH archive selection.
artifacts\lobster_orbital_population_oh_to_o_20260826.tsv	3281	historical_dataset	manifest_only	Outside the curated CoOOH archive selection.
artifacts\mark_lobster_site_mapping_rejection_20260819.py	7435	supporting_dataset	curated	Reproducibility or analysis script.
artifacts\mechanism_oh_to_o_spin_ligand_field_image2_20260831.png	1121215	supporting_dataset	curated	Selected CoOOH analysis asset.
artifacts\mechanism_validation_bundle.zip	1080208	supporting_dataset	curated	Selected CoOOH analysis asset.
artifacts\mechanism_validation_bundle\00_structure_mapping.tsv	2615	supporting_dataset	curated	Selected CoOOH analysis asset.
artifacts\mechanism_validation_bundle\01_cp2k_absolute_populations.tsv	5041	supporting_dataset	curated	Selected CoOOH analysis asset.
artifacts\mechanism_validation_bundle\02_cp2k_ligand_field_interpretation.md	1321	supporting_dataset	curated	Selected CoOOH analysis asset.
artifacts\mechanism_validation_bundle\03_cp2k_spin_resolved_changes.tsv	4880	supporting_dataset	curated	Selected CoOOH analysis asset.
artifacts\mechanism_validation_bundle\04_cp2k_cdft_constraints.tsv	2306	supporting_dataset	curated	Selected CoOOH analysis asset.
artifacts\mechanism_validation_bundle\04_cp2k_cdft_interpretation.md	1156	supporting_dataset	curated	Selected CoOOH analysis asset.
artifacts\mechanism_validation_bundle\05_cp2k_frontier_states.png	88018	supporting_dataset	curated	Selected CoOOH analysis asset.
artifacts\mechanism_validation_bundle\05_cp2k_frontier_states.tsv	744	supporting_dataset	curated	Selected CoOOH analysis asset.
artifacts\mechanism_validation_bundle\06_vasp_frontier_pdos_Al.png	277817	supporting_dataset	curated	Selected CoOOH analysis asset.
artifacts\mechanism_validation_bundle\06_vasp_frontier_pdos_pristine.png	298456	supporting_dataset	curated	Selected CoOOH analysis asset.
artifacts\mechanism_validation_bundle\06_vasp_frontier_pdos.tsv	174568	supporting_dataset	curated	Selected CoOOH analysis asset.
artifacts\mechanism_validation_bundle\07_frontier_cohp_Al.png	137141	supporting_dataset	curated	Selected CoOOH analysis asset.
artifacts\mechanism_validation_bundle\07_frontier_cohp_pristine.png	132473	supporting_dataset	curated	Selected CoOOH analysis asset.
artifacts\mechanism_validation_bundle\07_frontier_cohp.tsv	43350	supporting_dataset	curated	Selected CoOOH analysis asset.
artifacts\mechanism_validation_bundle\08_orbital_symmetry_assignment.md	853	supporting_dataset	curated	Selected CoOOH analysis asset.
artifacts\mechanism_validation_bundle\08_orbital_symmetry_assignment.tsv	1326	supporting_dataset	curated	Selected CoOOH analysis asset.
artifacts\mechanism_validation_bundle\09_spin_rehybridization.png	76796	supporting_dataset	curated	Selected CoOOH analysis asset.
artifacts\mechanism_validation_bundle\09_spin_rehybridization.tsv	975	supporting_dataset	curated	Selected CoOOH analysis asset.
artifacts\mechanism_validation_bundle\10_neighbor_Co_vs_Al.png	150017	supporting_dataset	curated	Selected CoOOH analysis asset.
artifacts\mechanism_validation_bundle\10_neighbor_Co_vs_Al.tsv	1630	supporting_dataset	curated	Selected CoOOH analysis asset.
artifacts\mechanism_validation_bundle\11_O_spin_reversal_audit.md	1608	supporting_dataset	curated	Selected CoOOH analysis asset.
artifacts\mechanism_validation_bundle\11_O_spin_reversal_audit.tsv	4094	supporting_dataset	curated	Selected CoOOH analysis asset.
artifacts\mechanism_validation_bundle\12_mechanism_evidence_matrix.tsv	6787	supporting_dataset	curated	Selected CoOOH analysis asset.
artifacts\mechanism_validation_bundle\13_safe_orbital_diagram.md	3110	supporting_dataset	curated	Selected CoOOH analysis asset.
artifacts\mechanism_validation_bundle\14_minimal_additional_calculation_request.md	1430	supporting_dataset	curated	Selected CoOOH analysis asset.
artifacts\mechanism_validation_bundle\mechanism_validation_for_chatgpt.json	69208	supporting_dataset	curated	Selected CoOOH analysis asset.
artifacts\mechanism_validation_bundle\README.md	1854	supporting_dataset	curated	Selected CoOOH analysis asset.
artifacts\mechanism_validation_sources_20260901\cp2k_Al16_O_baseline.inp	19793	supporting_dataset	curated	Selected CoOOH analysis asset.
artifacts\mechanism_validation_sources_20260901\cp2k_Al16_O_baseline.out	91033	supporting_dataset	curated	Selected CoOOH analysis asset.
artifacts\mechanism_validation_sources_20260901\cp2k_Al16_OH_baseline.inp	19862	supporting_dataset	curated	Selected CoOOH analysis asset.
artifacts\mechanism_validation_sources_20260901\cp2k_Al16_OH_baseline.out	87253	supporting_dataset	curated	Selected CoOOH analysis asset.
artifacts\mechanism_validation_sources_20260901\cp2k_undoped_O_baseline.inp	22299	supporting_dataset	curated	Selected CoOOH analysis asset.
artifacts\mechanism_validation_sources_20260901\cp2k_undoped_O_baseline.out	92987	supporting_dataset	curated	Selected CoOOH analysis asset.
artifacts\mechanism_validation_sources_20260901\cp2k_undoped_OH_baseline.inp	22385	supporting_dataset	curated	Selected CoOOH analysis asset.
artifacts\mechanism_validation_sources_20260901\cp2k_undoped_OH_baseline.out	100193	supporting_dataset	curated	Selected CoOOH analysis asset.
artifacts\mechanism_validation_stage2.zip	12031	supporting_dataset	curated	Selected CoOOH analysis asset.
artifacts\mechanism_validation_stage2\mechanism_stage2_for_chatgpt.md	4053	supporting_dataset	curated	Selected CoOOH analysis asset.
artifacts\mechanism_validation_stage2\README.md	605	supporting_dataset	curated	Selected CoOOH analysis asset.
artifacts\mechanism_validation_stage2\stage2_01_global_spin_settings.tsv	1369	supporting_dataset	curated	Selected CoOOH analysis asset.
artifacts\mechanism_validation_stage2\stage2_01b_global_spin_changes.tsv	457	supporting_dataset	curated	Selected CoOOH analysis asset.
artifacts\mechanism_validation_stage2\stage2_02_cp2k_wavefunction_inventory.tsv	3616	supporting_dataset	curated	Selected CoOOH analysis asset.
artifacts\mechanism_validation_stage2\stage2_03_cp2k_frontier_MO.md	1265	supporting_dataset	curated	Selected CoOOH analysis asset.
artifacts\mechanism_validation_stage2\stage2_03_cp2k_frontier_MO.tsv	1189	supporting_dataset	curated	Selected CoOOH analysis asset.
artifacts\mechanism_validation_stage2\stage2_04_Co_spin_state_relaxation.md	1489	supporting_dataset	curated	Selected CoOOH analysis asset.
artifacts\mechanism_validation_stage2\stage2_04_Co_spin_state_relaxation.tsv	2255	supporting_dataset	curated	Selected CoOOH analysis asset.
artifacts\mechanism_validation_stage2\stage2_05_spin_density_interpretation.md	1186	supporting_dataset	curated	Selected CoOOH analysis asset.
artifacts\mechanism_validation_stage2\stage2_06_vasp_lobster_crosscheck.md	2204	supporting_dataset	curated	Selected CoOOH analysis asset.
artifacts\mechanism_validation_stage2\stage2_07_minimal_cp2k_print_rerun.md	2050	supporting_dataset	curated	Selected CoOOH analysis asset.
artifacts\orbital_assignment_audit_20260903.zip	527945	supporting_dataset	curated	Selected CoOOH analysis asset.
artifacts\orbital_assignment_audit_20260903\absolute_orbital_populations.tsv	7863	supporting_dataset	curated	Selected CoOOH analysis asset.
artifacts\orbital_assignment_audit_20260903\active_OH_COHP_summary.tsv	397	supporting_dataset	curated	Selected CoOOH analysis asset.
artifacts\orbital_assignment_audit_20260903\active_OH_COHP.tsv	84571	supporting_dataset	curated	Selected CoOOH analysis asset.
artifacts\orbital_assignment_audit_20260903\axial_equatorial_COHP.png	275124	supporting_dataset	curated	Selected CoOOH analysis asset.
artifacts\orbital_assignment_audit_20260903\axial_equatorial_fingerprints.tsv	2573	supporting_dataset	curated	Selected CoOOH analysis asset.
artifacts\orbital_assignment_audit_20260903\dpi_manifold_assignment.tsv	2727	supporting_dataset	curated	Selected CoOOH analysis asset.
artifacts\orbital_assignment_audit_20260903\empty_state_fingerprints.tsv	1420	supporting_dataset	curated	Selected CoOOH analysis asset.
artifacts\orbital_assignment_audit_20260903\frontier_orbitalwise_COHP.tsv	1061141	supporting_dataset	curated	Selected CoOOH analysis asset.
artifacts\orbital_assignment_audit_20260903\frontier_spatial_span.tsv	5701	supporting_dataset	curated	Selected CoOOH analysis asset.
artifacts\orbital_assignment_audit_20260903\lobster_sixbond\Al16_O\COHPCAR.lobster	2706973	supporting_dataset	curated	Selected CoOOH analysis asset.
artifacts\orbital_assignment_audit_20260903\lobster_sixbond\Al16_O\DOSCAR.lobster	9938956	supporting_dataset	manifest_only	Large raw output; retain provenance only.
artifacts\orbital_assignment_audit_20260903\lobster_sixbond\Al16_O\GROSSPOP.lobster	128871	supporting_dataset	curated	Selected CoOOH analysis asset.
artifacts\orbital_assignment_audit_20260903\lobster_sixbond\Al16_O\ICOHPLIST.lobster	14966	supporting_dataset	curated	Selected CoOOH analysis asset.
artifacts\orbital_assignment_audit_20260903\lobster_sixbond\Al16_O\lobsterin	426	supporting_dataset	curated	Selected CoOOH analysis asset.
artifacts\orbital_assignment_audit_20260903\lobster_sixbond\Al16_O\lobsterout	2554	supporting_dataset	curated	Selected CoOOH analysis asset.
artifacts\orbital_assignment_audit_20260903\lobster_sixbond\Al16_O\POSCAR	38495	supporting_dataset	curated	Selected CoOOH analysis asset.
artifacts\orbital_assignment_audit_20260903\lobster_sixbond\Al16_OH\COHPCAR.lobster	2787396	supporting_dataset	curated	Selected CoOOH analysis asset.
artifacts\orbital_assignment_audit_20260903\lobster_sixbond\Al16_OH\DOSCAR.lobster	9951072	supporting_dataset	manifest_only	Large raw output; retain provenance only.
artifacts\orbital_assignment_audit_20260903\lobster_sixbond\Al16_OH\GROSSPOP.lobster	129055	supporting_dataset	curated	Selected CoOOH analysis asset.
artifacts\orbital_assignment_audit_20260903\lobster_sixbond\Al16_OH\ICOHPLIST.lobster	15401	supporting_dataset	curated	Selected CoOOH analysis asset.
artifacts\orbital_assignment_audit_20260903\lobster_sixbond\Al16_OH\lobsterin	468	supporting_dataset	curated	Selected CoOOH analysis asset.
artifacts\orbital_assignment_audit_20260903\lobster_sixbond\Al16_OH\lobsterout	2555	supporting_dataset	curated	Selected CoOOH analysis asset.
artifacts\orbital_assignment_audit_20260903\lobster_sixbond\Al16_OH\POSCAR	38605	supporting_dataset	curated	Selected CoOOH analysis asset.
artifacts\orbital_assignment_audit_20260903\lobster_sixbond\pristine_O\COHPCAR.lobster	2835717	supporting_dataset	curated	Selected CoOOH analysis asset.
artifacts\orbital_assignment_audit_20260903\lobster_sixbond\pristine_O\DOSCAR.lobster	10099566	supporting_dataset	manifest_only	Large raw output; retain provenance only.
artifacts\orbital_assignment_audit_20260903\lobster_sixbond\pristine_O\GROSSPOP.lobster	130691	supporting_dataset	curated	Selected CoOOH analysis asset.
artifacts\orbital_assignment_audit_20260903\lobster_sixbond\pristine_O\ICOHPLIST.lobster	15706	supporting_dataset	curated	Selected CoOOH analysis asset.
artifacts\orbital_assignment_audit_20260903\lobster_sixbond\pristine_O\lobsterin	426	supporting_dataset	curated	Selected CoOOH analysis asset.
artifacts\orbital_assignment_audit_20260903\lobster_sixbond\pristine_O\lobsterout	2504	supporting_dataset	curated	Selected CoOOH analysis asset.
artifacts\orbital_assignment_audit_20260903\lobster_sixbond\pristine_O\POSCAR	38484	supporting_dataset	curated	Selected CoOOH analysis asset.
artifacts\orbital_assignment_audit_20260903\lobster_sixbond\pristine_OH\COHPCAR.lobster	2916140	supporting_dataset	curated	Selected CoOOH analysis asset.
artifacts\orbital_assignment_audit_20260903\lobster_sixbond\pristine_OH\DOSCAR.lobster	10111682	supporting_dataset	manifest_only	Large raw output; retain provenance only.
artifacts\orbital_assignment_audit_20260903\lobster_sixbond\pristine_OH\GROSSPOP.lobster	130875	supporting_dataset	curated	Selected CoOOH analysis asset.
artifacts\orbital_assignment_audit_20260903\lobster_sixbond\pristine_OH\ICOHPLIST.lobster	16141	supporting_dataset	curated	Selected CoOOH analysis asset.
artifacts\orbital_assignment_audit_20260903\lobster_sixbond\pristine_OH\lobsterin	468	supporting_dataset	curated	Selected CoOOH analysis asset.
artifacts\orbital_assignment_audit_20260903\lobster_sixbond\pristine_OH\lobsterout	2891	supporting_dataset	curated	Selected CoOOH analysis asset.
artifacts\orbital_assignment_audit_20260903\lobster_sixbond\pristine_OH\POSCAR	38594	supporting_dataset	curated	Selected CoOOH analysis asset.
artifacts\orbital_assignment_audit_20260903\lobster_validation.tsv	1048	supporting_dataset	curated	Selected CoOOH analysis asset.
artifacts\orbital_assignment_audit_20260903\local_d_occupation_matrix.tsv	622	supporting_dataset	curated	Selected CoOOH analysis asset.
artifacts\orbital_assignment_audit_20260903\local_octahedral_frame.tsv	8971	supporting_dataset	curated	Selected CoOOH analysis asset.
artifacts\orbital_assignment_audit_20260903\natural_d_orbitals.md	378	supporting_dataset	curated	Selected CoOOH analysis asset.
artifacts\orbital_assignment_audit_20260903\neighbor_extension.tsv	664	supporting_dataset	curated	Selected CoOOH analysis asset.
artifacts\orbital_assignment_audit_20260903\orbital_assignment_audit_20260903.zip	527945	supporting_dataset	curated	Selected CoOOH analysis asset.
artifacts\orbital_assignment_audit_20260903\orbital_assignment_audit.md	4860	supporting_dataset	curated	Selected CoOOH analysis asset.
artifacts\orbital_assignment_audit_20260903\parent_orbital_audit.tsv	5441	supporting_dataset	curated	Selected CoOOH analysis asset.
artifacts\orbital_assignment_audit_20260903\phase_projection_availability.tsv	381	supporting_dataset	curated	Selected CoOOH analysis asset.
artifacts\orbital_assignment_audit_20260903\six_CoO_bond_COHP.tsv	1890746	supporting_dataset	curated	Selected CoOOH analysis asset.
artifacts\orbital_assignment_audit_20260903\source_manifest.tsv	3879	supporting_dataset	curated	Selected CoOOH analysis asset.
artifacts\orbital_assignment_audit_20260903\spectral_branch_candidates.tsv	1563	supporting_dataset	curated	Selected CoOOH analysis asset.
artifacts\orbital_assignment_audit_20260903\state_correlation_OH_to_O.tsv	2017	supporting_dataset	curated	Selected CoOOH analysis asset.
artifacts\orbital_resolved_pdos_oh_to_o_20260826.png	207971	supporting_dataset	curated	Selected CoOOH analysis asset.
artifacts\orbital_resolved_pdos_oh_to_o_20260826.tsv	2915	supporting_dataset	curated	Selected CoOOH analysis asset.
artifacts\pdos_cooh_undoped_al16_preliminary_20260824.png	441104	supporting_dataset	curated	Selected CoOOH analysis asset.
artifacts\pdos_oh_o_inputs_20260824\Al16_O\DOSCAR	23856503	supporting_dataset	manifest_only	Large raw output; retain provenance only.
artifacts\pdos_oh_o_inputs_20260824\Al16_O\INCAR	1937	supporting_dataset	curated	Selected CoOOH analysis asset.
artifacts\pdos_oh_o_inputs_20260824\Al16_O\OSZICAR	1316	supporting_dataset	curated	Selected CoOOH analysis asset.
artifacts\pdos_oh_o_inputs_20260824\Al16_O\POSCAR	38495	supporting_dataset	curated	Selected CoOOH analysis asset.
artifacts\pdos_oh_o_inputs_20260824\Al16_OH\DOSCAR	23925201	supporting_dataset	manifest_only	Large raw output; retain provenance only.
artifacts\pdos_oh_o_inputs_20260824\Al16_OH\INCAR	1943	supporting_dataset	curated	Selected CoOOH analysis asset.
artifacts\pdos_oh_o_inputs_20260824\Al16_OH\OSZICAR	1926	supporting_dataset	curated	Selected CoOOH analysis asset.
artifacts\pdos_oh_o_inputs_20260824\Al16_OH\POSCAR	38605	supporting_dataset	curated	Selected CoOOH analysis asset.
artifacts\pdos_oh_o_inputs_20260824\undoped_O\DOSCAR	23856503	supporting_dataset	manifest_only	Large raw output; retain provenance only.
artifacts\pdos_oh_o_inputs_20260824\undoped_O\INCAR	1932	supporting_dataset	curated	Selected CoOOH analysis asset.
artifacts\pdos_oh_o_inputs_20260824\undoped_O\OSZICAR	1967	supporting_dataset	curated	Selected CoOOH analysis asset.
artifacts\pdos_oh_o_inputs_20260824\undoped_O\POSCAR	38484	supporting_dataset	curated	Selected CoOOH analysis asset.
artifacts\pdos_oh_o_inputs_20260824\undoped_OH\DOSCAR	23925201	supporting_dataset	manifest_only	Large raw output; retain provenance only.
artifacts\pdos_oh_o_inputs_20260824\undoped_OH\INCAR	1937	supporting_dataset	curated	Selected CoOOH analysis asset.
artifacts\pdos_oh_o_inputs_20260824\undoped_OH\OSZICAR	1409	supporting_dataset	curated	Selected CoOOH analysis asset.
artifacts\pdos_oh_o_inputs_20260824\undoped_OH\POSCAR	38594	supporting_dataset	curated	Selected CoOOH analysis asset.
artifacts\plot_al16_charge_spin_density_heatmap_20260826.py	9319	supporting_dataset	curated	Reproducibility or analysis script.
artifacts\plot_al16_reaction_density_heatmap_20260826.py	7094	supporting_dataset	curated	Reproducibility or analysis script.
artifacts\plot_al16_reaction_density_preview_20260826.py	9459	supporting_dataset	curated	Reproducibility or analysis script.
artifacts\plot_bader_charge_structure_map_20260823.py	10708	supporting_dataset	curated	Reproducibility or analysis script.
artifacts\plot_bader_oh_o_preliminary_20260823.py	1741	supporting_dataset	curated	Reproducibility or analysis script.
artifacts\plot_cdft_comparison_complete_20260818.py	8392	supporting_dataset	curated	Selected CoOOH analysis asset.
artifacts\plot_cdft_comparison_preliminary_20260817.py	7247	supporting_dataset	curated	Selected CoOOH analysis asset.
artifacts\plot_cdft_oh_to_o_mechanism_20260820.py	7573	supporting_dataset	curated	Selected CoOOH analysis asset.
artifacts\plot_cohp_oh_to_o_academic_20260824.py	9555	supporting_dataset	curated	Selected CoOOH analysis asset.
artifacts\plot_cp2k_historical_three_sites.py	3924	supporting_dataset	curated	Reproducibility or analysis script.
artifacts\plot_dband_center_standard_20260824.py	3876	supporting_dataset	curated	Reproducibility or analysis script.
artifacts\plot_dband_semicircle_schematic_20260824.py	2735	supporting_dataset	curated	Reproducibility or analysis script.
artifacts\plot_dband_spin_semicircle_schematic_20260824.py	3961	supporting_dataset	curated	Reproducibility or analysis script.
artifacts\plot_ligand_field_spin_selective_mechanism_20260831.py	9861	supporting_dataset	curated	Selected CoOOH analysis asset.
artifacts\plot_matched_reaction_density_final_20260901.py	11634	supporting_dataset	curated	Reproducibility or analysis script.
artifacts\plot_startup_density_proxy_comparison_20260831.py	11776	supporting_dataset	curated	Reproducibility or analysis script.
artifacts\plot_strict_site03_che_298p15K.py	2537	supporting_dataset	curated	Reproducibility or analysis script.
artifacts\plot_vasp_oer_all_existing_preliminary_20260809.py	3271	supporting_dataset	curated	Reproducibility or analysis script.
artifacts\prepare_al_contribution_bader_pdos_20260818.py	8949	supporting_dataset	curated	Selected CoOOH analysis asset.
artifacts\prepare_cdft_baseline.py	6353	supporting_dataset	curated	Selected CoOOH analysis asset.
artifacts\prepare_cdft_co_ads_fragment_scan_20260815.py	7037	supporting_dataset	curated	Selected CoOOH analysis asset.
artifacts\prepare_cdft_o_scan.py	5521	supporting_dataset	curated	Selected CoOOH analysis asset.
artifacts\prepare_cdft_oh_ooh_charge_scan_20260815.py	6507	supporting_dataset	curated	Selected CoOOH analysis asset.
artifacts\prepare_cdft_pilot_o_n0.py	4640	supporting_dataset	curated	Selected CoOOH analysis asset.
artifacts\prepare_orbital_assignment_audit_20260903.py	9083	supporting_dataset	curated	Reproducibility or analysis script.
artifacts\prepare_undoped_cdft_baselines_20260816.py	9983	supporting_dataset	curated	Selected CoOOH analysis asset.
artifacts\prepare_undoped_cdft_scans_20260816.py	8612	supporting_dataset	curated	Selected CoOOH analysis asset.
artifacts\proton_relay_fixed_path_20260817.png	77929	supporting_dataset	curated	Selected CoOOH analysis asset.
artifacts\proton_relay_fixed_path_20260817.svg	46441	supporting_dataset	curated	Selected CoOOH analysis asset.
artifacts\proton_relay_fixed_path_20260817.tsv	915	supporting_dataset	curated	Selected CoOOH analysis asset.
artifacts\proton_relay_pcet_nm1_profile_20260818.png	94576	supporting_dataset	curated	Selected CoOOH analysis asset.
artifacts\proton_relay_pcet_nm1_profile_20260818.svg	59040	supporting_dataset	curated	Selected CoOOH analysis asset.
artifacts\proton_relay_pcet_nm1_profile_20260818.tsv	439	supporting_dataset	curated	Selected CoOOH analysis asset.
artifacts\proton_relay_pcet_nm1_report_20260818.md	1401	supporting_dataset	curated	Selected CoOOH analysis asset.
artifacts\reaction_density_final_20260901\Al16_adjacent_O_at_OHgeom_POSCAR	21500	supporting_dataset	curated	Selected CoOOH analysis asset.
artifacts\reaction_density_final_20260901\Al16_adjacent_O_minus_OH_charge_ds2.raw	24696108	supporting_dataset	manifest_only	Large raw output; retain provenance only.
artifacts\reaction_density_final_20260901\Al16_adjacent_O_minus_OH_charge_ds2.stats	193	supporting_dataset	curated	Selected CoOOH analysis asset.
artifacts\reaction_density_final_20260901\Al16_adjacent_O_minus_OH_spin_ds2.raw	24696108	supporting_dataset	manifest_only	Large raw output; retain provenance only.
artifacts\reaction_density_final_20260901\Al16_adjacent_O_minus_OH_spin_ds2.stats	211	supporting_dataset	curated	Selected CoOOH analysis asset.
artifacts\reaction_density_final_20260901\undoped_control_O_at_OHgeom_POSCAR	21491	supporting_dataset	curated	Selected CoOOH analysis asset.
artifacts\reaction_density_final_20260901\undoped_control_O_minus_OH_charge_ds2.raw	24696108	supporting_dataset	manifest_only	Large raw output; retain provenance only.
artifacts\reaction_density_final_20260901\undoped_control_O_minus_OH_charge_ds2.stats	192	supporting_dataset	curated	Selected CoOOH analysis asset.
artifacts\reaction_density_final_20260901\undoped_control_O_minus_OH_spin_ds2.raw	24696108	supporting_dataset	manifest_only	Large raw output; retain provenance only.
artifacts\reaction_density_final_20260901\undoped_control_O_minus_OH_spin_ds2.stats	210	supporting_dataset	curated	Selected CoOOH analysis asset.
artifacts\reaction_density_undoped_vs_Al16_final_20260901.png	1046437	supporting_dataset	curated	Selected CoOOH analysis asset.
artifacts\record_bader_completion_20260819.py	6795	supporting_dataset	curated	Reproducibility or analysis script.
artifacts\record_bare_pdos_pair_20260819.py	6397	supporting_dataset	curated	Selected CoOOH analysis asset.
artifacts\record_corrected_submission_20260819.py	3038	supporting_dataset	curated	Reproducibility or analysis script.
artifacts\record_proton_relay_pcet_completion_20260817.py	5915	supporting_dataset	curated	Selected CoOOH analysis asset.
artifacts\record_undoped_cdft_clean_completion_20260817.py	8937	supporting_dataset	curated	Selected CoOOH analysis asset.
artifacts\recover_bader_task0_python2_compatible_20260819.py	7135	supporting_dataset	curated	Reproducibility or analysis script.
artifacts\recover_bader_task0_python3_20260819.py	4421	supporting_dataset	curated	Reproducibility or analysis script.
artifacts\recover_cdft_baseline_20260813.py	3902	supporting_dataset	curated	Selected CoOOH analysis asset.
artifacts\recover_cdft_fragment_case.py	7015	supporting_dataset	curated	Selected CoOOH analysis asset.
artifacts\recover_cdft_np1.py	4352	supporting_dataset	curated	Selected CoOOH analysis asset.
artifacts\recover_cdft_ooh_nm1_20260815.py	6144	supporting_dataset	curated	Selected CoOOH analysis asset.
artifacts\recover_cdft_ooh_np1_20260815.py	6699	supporting_dataset	curated	Selected CoOOH analysis asset.
artifacts\recover_cdft_ooh_np1_retry2_20260815.py	6131	supporting_dataset	curated	Selected CoOOH analysis asset.
artifacts\recover_proton_relay_pcet_cleanup_20260818.py	7550	supporting_dataset	curated	Selected CoOOH analysis asset.
artifacts\recover_proton_relay_undoped_image00_cdft_20260818.py	7521	supporting_dataset	curated	Selected CoOOH analysis asset.
artifacts\recover_proton_relay_undoped_image00_tight_scf_20260818.py	7740	supporting_dataset	curated	Selected CoOOH analysis asset.
artifacts\recover_undoped_cdft_baselines_20260816.py	3410	supporting_dataset	curated	Selected CoOOH analysis asset.
artifacts\recover_undoped_cdft_cleanup_case_20260817.py	10150	supporting_dataset	curated	Selected CoOOH analysis asset.
artifacts\recover_undoped_O_Co_Mm2_timeout_n40_20260818.py	6946	supporting_dataset	curated	Reproducibility or analysis script.
artifacts\recover_undoped_O_Co_Mp2_tight_scf_20260818.py	7629	supporting_dataset	curated	Reproducibility or analysis script.
artifacts\recover_undoped_oh_co_np1_20260817.py	7347	supporting_dataset	curated	Reproducibility or analysis script.
artifacts\recover_undoped_oh_frag_nm1_and_align_pending_20260817.py	9143	supporting_dataset	curated	Reproducibility or analysis script.
artifacts\recover2_undoped_cdft_baselines_20260816.py	3885	supporting_dataset	curated	Selected CoOOH analysis asset.
artifacts\redistribute_undoped_cdft_pending_to_n40_20260818.py	7912	supporting_dataset	curated	Selected CoOOH analysis asset.
artifacts\redistribute_undoped_oer_nm1_to_n40_20260817.py	6522	supporting_dataset	curated	Reproducibility or analysis script.
artifacts\refresh_lobster_pairs_20260819.py	6389	supporting_dataset	curated	Reproducibility or analysis script.
artifacts\repair_corrected_preconverge_slurm_20260819.py	1367	supporting_dataset	curated	Reproducibility or analysis script.
artifacts\repair_undoped_cdft_redistribution_log_20260818.py	2789	supporting_dataset	curated	Selected CoOOH analysis asset.
artifacts\run_al16_oh_preconverge_recovery_20260820.slurm	2596	supporting_dataset	curated	Reproducibility or analysis script.
artifacts\run_corrected_oh_o_cohp_static_20260820.slurm	2928	supporting_dataset	curated	Selected CoOOH analysis asset.
artifacts\run_lobster_bare_dry_20260820.slurm	954	supporting_dataset	curated	Reproducibility or analysis script.
artifacts\setup_exact_al16_preconverge_20260810.py	3796	supporting_dataset	curated	Reproducibility or analysis script.
artifacts\setup_exact_al16_preconverge_20260810.tgz	1789	historical_dataset	manifest_only	Outside the curated CoOOH archive selection.
artifacts\setup_exact_al16_reconstructed_3x2_20260809.py	12898	supporting_dataset	curated	Reproducibility or analysis script.
artifacts\setup_exact_al16_reconstructed_3x2_20260809.tgz	4490	historical_dataset	manifest_only	Outside the curated CoOOH archive selection.
artifacts\stage_summary_analysis_manifest_20260819.tsv	2627	supporting_dataset	curated	Selected CoOOH analysis asset.
artifacts\stage_summary_bare_bader_20260819.tsv	431	supporting_dataset	curated	Selected CoOOH analysis asset.
artifacts\stage_summary_bare_pdos_20260819.tsv	324	supporting_dataset	curated	Selected CoOOH analysis asset.
artifacts\startup_density_proxy_comparison_20260827\Al16_adjacent_O_at_OHgeom_POSCAR	21500	supporting_dataset	curated	Selected CoOOH analysis asset.
artifacts\startup_density_proxy_comparison_20260827\Al16_adjacent_OH_formal_POSCAR	38605	supporting_dataset	curated	Selected CoOOH analysis asset.
artifacts\startup_density_proxy_comparison_20260827\Al16_adjacent_startup_O_minus_OH_charge_ds2.raw	24696108	supporting_dataset	manifest_only	Large raw output; retain provenance only.
artifacts\startup_density_proxy_comparison_20260827\Al16_adjacent_startup_O_minus_OH_charge_ds2.stats	192	supporting_dataset	curated	Selected CoOOH analysis asset.
artifacts\startup_density_proxy_comparison_20260827\Al16_adjacent_startup_O_minus_OH_spin_ds2.raw	24696108	supporting_dataset	manifest_only	Large raw output; retain provenance only.
artifacts\startup_density_proxy_comparison_20260827\Al16_adjacent_startup_O_minus_OH_spin_ds2.stats	210	supporting_dataset	curated	Selected CoOOH analysis asset.
artifacts\startup_density_proxy_comparison_20260827\undoped_control_O_at_OHgeom_POSCAR	21491	supporting_dataset	curated	Selected CoOOH analysis asset.
artifacts\startup_density_proxy_comparison_20260827\undoped_control_OH_formal_POSCAR	38594	supporting_dataset	curated	Selected CoOOH analysis asset.
artifacts\startup_density_proxy_comparison_20260827\undoped_control_startup_O_minus_OH_charge_ds2.raw	24696108	supporting_dataset	manifest_only	Large raw output; retain provenance only.
artifacts\startup_density_proxy_comparison_20260827\undoped_control_startup_O_minus_OH_charge_ds2.stats	191	supporting_dataset	curated	Selected CoOOH analysis asset.
artifacts\startup_density_proxy_comparison_20260827\undoped_control_startup_O_minus_OH_spin_ds2.raw	24696108	supporting_dataset	manifest_only	Large raw output; retain provenance only.
artifacts\startup_density_proxy_comparison_20260827\undoped_control_startup_O_minus_OH_spin_ds2.stats	209	supporting_dataset	curated	Selected CoOOH analysis asset.
artifacts\startup_density_proxy_undoped_vs_Al16_20260831.png	1147396	supporting_dataset	curated	Selected CoOOH analysis asset.
artifacts\strict_site03_vasp_298p15K_bundle.tgz	15929	historical_dataset	manifest_only	Outside the curated CoOOH archive selection.
artifacts\strict_site03_vasp_298p15K_che_summary.tsv	372	historical_dataset	manifest_only	Outside the curated CoOOH archive selection.
artifacts\strict_site03_vasp_298p15K_manifest.tsv	934	historical_dataset	manifest_only	Outside the curated CoOOH archive selection.
artifacts\strict_site03_vasp_298p15K_staircase.png	94099	historical_dataset	manifest_only	Outside the curated CoOOH archive selection.
artifacts\strict_site03_vasp_298p15K_staircase.svg	52277	historical_dataset	manifest_only	Outside the curated CoOOH archive selection.
artifacts\strict_site03_vasp_298p15K_staircase.tsv	194	historical_dataset	manifest_only	Outside the curated CoOOH archive selection.
artifacts\strict_site03_vasp_298p15K_thermo_details.tsv	544	historical_dataset	manifest_only	Outside the curated CoOOH archive selection.
artifacts\submit_bader_case_20260819.py	9299	supporting_dataset	curated	Reproducibility or analysis script.
artifacts\submit_bare_pdos_pair_20260819.py	7216	supporting_dataset	curated	Selected CoOOH analysis asset.
artifacts\submit_proton_relay_fixed_path_20260817.py	11048	supporting_dataset	curated	Selected CoOOH analysis asset.
artifacts\submit_proton_relay_pcet_nm1_20260817.py	9688	supporting_dataset	curated	Selected CoOOH analysis asset.
artifacts\submit_valid_al16_o_strict.py	4564	supporting_dataset	curated	Reproducibility or analysis script.
artifacts\submit_valid_control_ooh_strict.py	5398	supporting_dataset	curated	Reproducibility or analysis script.
artifacts\tools\bader_lnx_64.tar.gz	1181616	historical_dataset	manifest_only	Outside the curated CoOOH archive selection.
artifacts\undoped_cdft_baseline_population_summary.tsv	853	supporting_dataset	curated	Selected CoOOH analysis asset.
artifacts\update_cdft_manifests_20260815.py	3728	supporting_dataset	curated	Selected CoOOH analysis asset.
artifacts\update_cdft_oh_ooh_scan_20260815.py	3655	supporting_dataset	curated	Selected CoOOH analysis asset.
artifacts\upload_build_corrected_adsorbates_20260819.py	2012	supporting_dataset	curated	Reproducibility or analysis script.
artifacts\upload_cdft_complete_report_20260818.py	2012	supporting_dataset	curated	Selected CoOOH analysis asset.
artifacts\upload_frontier_level_postprocess_20260903.py	2731	supporting_dataset	curated	Reproducibility or analysis script.
artifacts\upload_lobster_deployment_20260819.py	1975	supporting_dataset	curated	Reproducibility or analysis script.
artifacts\upload_orbital_assignment_audit_preliminary_20260903.py	2311	supporting_dataset	curated	Reproducibility or analysis script.
artifacts\upload_reaction_density_same_geometry_20260823.py	1687	supporting_dataset	curated	Reproducibility or analysis script.
artifacts\upload_refresh_lobster_pairs_20260819.py	2091	supporting_dataset	curated	Reproducibility or analysis script.
artifacts\upload_stage_summary_20260819.py	3042	supporting_dataset	curated	Selected CoOOH analysis asset.
artifacts\validate_corrected_adsorbates_20260819.py	7766	supporting_dataset	curated	Reproducibility or analysis script.
artifacts\validate_undoped_cdft_scan_original.py	5467	supporting_dataset	curated	Selected CoOOH analysis asset.
artifacts\validate_update_cdft_fragment_original.py	5628	supporting_dataset	curated	Selected CoOOH analysis asset.
artifacts\validate_update_cdft_fragment_recovery.py	5628	supporting_dataset	curated	Selected CoOOH analysis asset.
artifacts\vasp_oer_all_existing_preliminary_20260809.png	125945	historical_dataset	manifest_only	Outside the curated CoOOH archive selection.
artifacts\vasp_oer_all_existing_preliminary_20260809.svg	6335	historical_dataset	manifest_only	Outside the curated CoOOH archive selection.
artifacts\vasp_oer_all_existing_preliminary_20260809.tsv	1416	historical_dataset	manifest_only	Outside the curated CoOOH archive selection.
cooh_u100_5oh_localR7p5_fromR6_oer_steps.png	63523	historical_dataset	manifest_only	Outside the curated CoOOH archive selection.
cp2k_u025_vs_u100_highspin_localr6_oer_steps.png	122871	historical_dataset	manifest_only	Outside the curated CoOOH archive selection.
cp2k_u100_highspin_localr6_oer_steps.png	89308	historical_dataset	manifest_only	Outside the curated CoOOH archive selection.
cp2k_u100_hs_localr6_vs_5ohbg_oer_steps.png	127267	historical_dataset	manifest_only	Outside the curated CoOOH archive selection.
deliverables\_moo3_remote_snapshot\ref_Mo_bulk_bcc\CONTCAR	512	out_of_scope	manifest_only	Unrelated project, runtime, cache or secret-adjacent path.
deliverables\_moo3_remote_snapshot\ref_Mo_bulk_bcc\INCAR	259	out_of_scope	manifest_only	Unrelated project, runtime, cache or secret-adjacent path.
deliverables\_moo3_remote_snapshot\ref_Mo_bulk_bcc\KPOINTS	51	out_of_scope	manifest_only	Unrelated project, runtime, cache or secret-adjacent path.
deliverables\_moo3_remote_snapshot\ref_Mo_bulk_bcc\OSZICAR	4321	out_of_scope	manifest_only	Unrelated project, runtime, cache or secret-adjacent path.
deliverables\_moo3_remote_snapshot\ref_Mo_bulk_bcc\POSCAR	155	out_of_scope	manifest_only	Unrelated project, runtime, cache or secret-adjacent path.
deliverables\_moo3_remote_snapshot\ref_MoO3_bulk_DFTU4\CONTCAR	2943	out_of_scope	manifest_only	Unrelated project, runtime, cache or secret-adjacent path.
deliverables\_moo3_remote_snapshot\ref_MoO3_bulk_DFTU4\INCAR	2392	out_of_scope	manifest_only	Unrelated project, runtime, cache or secret-adjacent path.
deliverables\_moo3_remote_snapshot\ref_MoO3_bulk_DFTU4\KPOINTS	77	out_of_scope	manifest_only	Unrelated project, runtime, cache or secret-adjacent path.
deliverables\_moo3_remote_snapshot\ref_MoO3_bulk_DFTU4\OSZICAR	25772	out_of_scope	manifest_only	Unrelated project, runtime, cache or secret-adjacent path.
deliverables\_moo3_remote_snapshot\ref_MoO3_bulk_DFTU4\POSCAR	1628	out_of_scope	manifest_only	Unrelated project, runtime, cache or secret-adjacent path.
deliverables\_moo3_remote_snapshot\relax_001_pristine\CONTCAR	24063	out_of_scope	manifest_only	Unrelated project, runtime, cache or secret-adjacent path.
deliverables\_moo3_remote_snapshot\relax_001_pristine\INCAR	2084	out_of_scope	manifest_only	Unrelated project, runtime, cache or secret-adjacent path.
deliverables\_moo3_remote_snapshot\relax_001_pristine\KPOINTS	77	out_of_scope	manifest_only	Unrelated project, runtime, cache or secret-adjacent path.
deliverables\_moo3_remote_snapshot\relax_001_pristine\OSZICAR	7950	out_of_scope	manifest_only	Unrelated project, runtime, cache or secret-adjacent path.
deliverables\_moo3_remote_snapshot\relax_001_pristine\POSCAR	12799	out_of_scope	manifest_only	Unrelated project, runtime, cache or secret-adjacent path.
deliverables\_moo3_remote_snapshot\relax_001_VO\CONTCAR	23953	out_of_scope	manifest_only	Unrelated project, runtime, cache or secret-adjacent path.
deliverables\_moo3_remote_snapshot\relax_001_VO\INCAR	2084	out_of_scope	manifest_only	Unrelated project, runtime, cache or secret-adjacent path.
deliverables\_moo3_remote_snapshot\relax_001_VO\KPOINTS	77	out_of_scope	manifest_only	Unrelated project, runtime, cache or secret-adjacent path.
deliverables\_moo3_remote_snapshot\relax_001_VO\OSZICAR	231287	out_of_scope	manifest_only	Unrelated project, runtime, cache or secret-adjacent path.
deliverables\_moo3_remote_snapshot\relax_001_VO\POSCAR	12741	out_of_scope	manifest_only	Unrelated project, runtime, cache or secret-adjacent path.
deliverables\_moo3_remote_snapshot\relax_100_pristine\CONTCAR	24063	out_of_scope	manifest_only	Unrelated project, runtime, cache or secret-adjacent path.
deliverables\_moo3_remote_snapshot\relax_100_pristine\INCAR	2084	out_of_scope	manifest_only	Unrelated project, runtime, cache or secret-adjacent path.
deliverables\_moo3_remote_snapshot\relax_100_pristine\KPOINTS	77	out_of_scope	manifest_only	Unrelated project, runtime, cache or secret-adjacent path.
deliverables\_moo3_remote_snapshot\relax_100_pristine\OSZICAR	5072	out_of_scope	manifest_only	Unrelated project, runtime, cache or secret-adjacent path.
deliverables\_moo3_remote_snapshot\relax_100_pristine\POSCAR	24063	out_of_scope	manifest_only	Unrelated project, runtime, cache or secret-adjacent path.
deliverables\_moo3_remote_snapshot\relax_100_VO\CONTCAR	23953	out_of_scope	manifest_only	Unrelated project, runtime, cache or secret-adjacent path.
deliverables\_moo3_remote_snapshot\relax_100_VO\INCAR	2084	out_of_scope	manifest_only	Unrelated project, runtime, cache or secret-adjacent path.
deliverables\_moo3_remote_snapshot\relax_100_VO\KPOINTS	77	out_of_scope	manifest_only	Unrelated project, runtime, cache or secret-adjacent path.
deliverables\_moo3_remote_snapshot\relax_100_VO\OSZICAR	609679	out_of_scope	manifest_only	Unrelated project, runtime, cache or secret-adjacent path.
deliverables\_moo3_remote_snapshot\relax_100_VO\POSCAR	12741	out_of_scope	manifest_only	Unrelated project, runtime, cache or secret-adjacent path.
deliverables\bulk_ref_running_OUTCAR	917887	historical_dataset	manifest_only	Outside the curated CoOOH archive selection.
deliverables\CODEX_ARCHIVE_PROTOCOL_CoOOH_Al_OER.md	6517	supporting_dataset	curated	Selected CoOOH analysis asset.
deliverables\ftfan_ncw_calculation_resource_reference.md	17815	historical_dataset	manifest_only	Outside the curated CoOOH archive selection.
deliverables\Li3Tl_QE_phase_superconductivity_resource_estimate.md	16141	out_of_scope	manifest_only	Unrelated project, runtime, cache or secret-adjacent path.
deliverables\MoO3_surface_publication_package_20260611\01_Main_Figures\Figure_1_Structures.pdf	834798	out_of_scope	manifest_only	Unrelated project, runtime, cache or secret-adjacent path.
deliverables\MoO3_surface_publication_package_20260611\01_Main_Figures\Figure_1_Structures.png	948093	out_of_scope	manifest_only	Unrelated project, runtime, cache or secret-adjacent path.
deliverables\MoO3_surface_publication_package_20260611\01_Main_Figures\Figure_1_Structures.svg	287503	out_of_scope	manifest_only	Unrelated project, runtime, cache or secret-adjacent path.
deliverables\MoO3_surface_publication_package_20260611\01_Main_Figures\Figure_1_Structures.tif	10254640	out_of_scope	manifest_only	Unrelated project, runtime, cache or secret-adjacent path.
deliverables\MoO3_surface_publication_package_20260611\01_Main_Figures\Figure_2_Vacancy_Formation_Energy.pdf	14001	out_of_scope	manifest_only	Unrelated project, runtime, cache or secret-adjacent path.
deliverables\MoO3_surface_publication_package_20260611\01_Main_Figures\Figure_2_Vacancy_Formation_Energy.png	99913	out_of_scope	manifest_only	Unrelated project, runtime, cache or secret-adjacent path.
deliverables\MoO3_surface_publication_package_20260611\01_Main_Figures\Figure_2_Vacancy_Formation_Energy.svg	28832	out_of_scope	manifest_only	Unrelated project, runtime, cache or secret-adjacent path.
deliverables\MoO3_surface_publication_package_20260611\01_Main_Figures\Figure_2_Vacancy_Formation_Energy.tif	730944	out_of_scope	manifest_only	Unrelated project, runtime, cache or secret-adjacent path.
deliverables\MoO3_surface_publication_package_20260611\01_Main_Figures\Figure_3_Host_VBM_Aligned_DOS_PDOS.pdf	59805	out_of_scope	manifest_only	Unrelated project, runtime, cache or secret-adjacent path.
deliverables\MoO3_surface_publication_package_20260611\01_Main_Figures\Figure_3_Host_VBM_Aligned_DOS_PDOS.png	913611	out_of_scope	manifest_only	Unrelated project, runtime, cache or secret-adjacent path.
deliverables\MoO3_surface_publication_package_20260611\01_Main_Figures\Figure_3_Host_VBM_Aligned_DOS_PDOS.svg	172377	out_of_scope	manifest_only	Unrelated project, runtime, cache or secret-adjacent path.
deliverables\MoO3_surface_publication_package_20260611\01_Main_Figures\Figure_3_Host_VBM_Aligned_DOS_PDOS.tif	2786152	out_of_scope	manifest_only	Unrelated project, runtime, cache or secret-adjacent path.
deliverables\MoO3_surface_publication_package_20260611\01_Main_Figures\Figure_4_Direct_Charge_Density_Difference.pdf	971871	out_of_scope	manifest_only	Unrelated project, runtime, cache or secret-adjacent path.
deliverables\MoO3_surface_publication_package_20260611\01_Main_Figures\Figure_4_Direct_Charge_Density_Difference.png	1180796	out_of_scope	manifest_only	Unrelated project, runtime, cache or secret-adjacent path.
deliverables\MoO3_surface_publication_package_20260611\01_Main_Figures\Figure_4_Direct_Charge_Density_Difference.svg	1421966	out_of_scope	manifest_only	Unrelated project, runtime, cache or secret-adjacent path.
deliverables\MoO3_surface_publication_package_20260611\01_Main_Figures\Figure_4_Direct_Charge_Density_Difference.tif	12340774	out_of_scope	manifest_only	Unrelated project, runtime, cache or secret-adjacent path.
deliverables\MoO3_surface_publication_package_20260611\01_Main_Figures\Figure_Overview.png	1660769	out_of_scope	manifest_only	Unrelated project, runtime, cache or secret-adjacent path.
deliverables\MoO3_surface_publication_package_20260611\01_Main_Figures\Figure_S1_Planar_Direct_Density_Difference.pdf	51350	out_of_scope	manifest_only	Unrelated project, runtime, cache or secret-adjacent path.
deliverables\MoO3_surface_publication_package_20260611\01_Main_Figures\Figure_S1_Planar_Direct_Density_Difference.png	459672	out_of_scope	manifest_only	Unrelated project, runtime, cache or secret-adjacent path.
deliverables\MoO3_surface_publication_package_20260611\01_Main_Figures\Figure_S1_Planar_Direct_Density_Difference.svg	155505	out_of_scope	manifest_only	Unrelated project, runtime, cache or secret-adjacent path.
deliverables\MoO3_surface_publication_package_20260611\02_Source_Data\Figure_1_Structures\CONTCAR\001_pristine_CONTCAR	24063	out_of_scope	manifest_only	Unrelated project, runtime, cache or secret-adjacent path.
deliverables\MoO3_surface_publication_package_20260611\02_Source_Data\Figure_1_Structures\CONTCAR\001_pristine_CONTCAR.vasp	24063	out_of_scope	manifest_only	Unrelated project, runtime, cache or secret-adjacent path.
deliverables\MoO3_surface_publication_package_20260611\02_Source_Data\Figure_1_Structures\CONTCAR\001_VO_CONTCAR	23953	out_of_scope	manifest_only	Unrelated project, runtime, cache or secret-adjacent path.
deliverables\MoO3_surface_publication_package_20260611\02_Source_Data\Figure_1_Structures\CONTCAR\001_VO_CONTCAR.vasp	23953	out_of_scope	manifest_only	Unrelated project, runtime, cache or secret-adjacent path.
deliverables\MoO3_surface_publication_package_20260611\02_Source_Data\Figure_1_Structures\CONTCAR\100_pristine_CONTCAR	24063	out_of_scope	manifest_only	Unrelated project, runtime, cache or secret-adjacent path.
deliverables\MoO3_surface_publication_package_20260611\02_Source_Data\Figure_1_Structures\CONTCAR\100_pristine_CONTCAR.vasp	24063	out_of_scope	manifest_only	Unrelated project, runtime, cache or secret-adjacent path.
deliverables\MoO3_surface_publication_package_20260611\02_Source_Data\Figure_1_Structures\CONTCAR\100_VO_CONTCAR	23953	out_of_scope	manifest_only	Unrelated project, runtime, cache or secret-adjacent path.
deliverables\MoO3_surface_publication_package_20260611\02_Source_Data\Figure_1_Structures\CONTCAR\100_VO_CONTCAR.vasp	23953	out_of_scope	manifest_only	Unrelated project, runtime, cache or secret-adjacent path.
deliverables\MoO3_surface_publication_package_20260611\02_Source_Data\Figure_1_Structures\Original_TIFF\001-sur.tif	2011568	out_of_scope	manifest_only	Unrelated project, runtime, cache or secret-adjacent path.
deliverables\MoO3_surface_publication_package_20260611\02_Source_Data\Figure_1_Structures\Original_TIFF\001-VO.tif	2011568	out_of_scope	manifest_only	Unrelated project, runtime, cache or secret-adjacent path.
deliverables\MoO3_surface_publication_package_20260611\02_Source_Data\Figure_1_Structures\Original_TIFF\100-sur.tif	2011568	out_of_scope	manifest_only	Unrelated project, runtime, cache or secret-adjacent path.
deliverables\MoO3_surface_publication_package_20260611\02_Source_Data\Figure_1_Structures\Original_TIFF\100-VO.tif	2011568	out_of_scope	manifest_only	Unrelated project, runtime, cache or secret-adjacent path.
deliverables\MoO3_surface_publication_package_20260611\02_Source_Data\Figure_2_Formation_Energy\formation_energy_energy_source_comparison.csv	448	out_of_scope	manifest_only	Unrelated project, runtime, cache or secret-adjacent path.
deliverables\MoO3_surface_publication_package_20260611\02_Source_Data\Figure_2_Formation_Energy\formation_energy_legacy_DFTU_mismatch.csv	205	out_of_scope	manifest_only	Unrelated project, runtime, cache or secret-adjacent path.
deliverables\MoO3_surface_publication_package_20260611\02_Source_Data\Figure_2_Formation_Energy\formation_energy_PBE_noU_3x3x1_static.csv	231	out_of_scope	manifest_only	Unrelated project, runtime, cache or secret-adjacent path.
deliverables\MoO3_surface_publication_package_20260611\02_Source_Data\Figure_2_Formation_Energy\formation_energy_PBE_noU_3x3x1_static.opju	21167	out_of_scope	manifest_only	Unrelated project, runtime, cache or secret-adjacent path.
deliverables\MoO3_surface_publication_package_20260611\02_Source_Data\Figure_2_Formation_Energy\origin_formation_energy_PBE_noU.ogs	404	out_of_scope	manifest_only	Unrelated project, runtime, cache or secret-adjacent path.
deliverables\MoO3_surface_publication_package_20260611\02_Source_Data\Figure_2_Formation_Energy\oxygen_chemical_potentials_PBE_noU.csv	380	out_of_scope	manifest_only	Unrelated project, runtime, cache or secret-adjacent path.
deliverables\MoO3_surface_publication_package_20260611\02_Source_Data\Figure_3_DOS\dos_alignment_notes.md	717	out_of_scope	manifest_only	Unrelated project, runtime, cache or secret-adjacent path.
deliverables\MoO3_surface_publication_package_20260611\02_Source_Data\Figure_3_DOS\fig3_host_vbm_aligned_plot_data.csv	177205	out_of_scope	manifest_only	Unrelated project, runtime, cache or secret-adjacent path.
deliverables\MoO3_surface_publication_package_20260611\02_Source_Data\Figure_3_DOS\Raw_VASPKIT\001_sur\INCAR	325	out_of_scope	manifest_only	Unrelated project, runtime, cache or secret-adjacent path.
deliverables\MoO3_surface_publication_package_20260611\02_Source_Data\Figure_3_DOS\Raw_VASPKIT\001_sur\KPOINTS	60	out_of_scope	manifest_only	Unrelated project, runtime, cache or secret-adjacent path.
deliverables\MoO3_surface_publication_package_20260611\02_Source_Data\Figure_3_DOS\Raw_VASPKIT\001_sur\PDOS_Mo.dat	532266	out_of_scope	manifest_only	Unrelated project, runtime, cache or secret-adjacent path.
deliverables\MoO3_surface_publication_package_20260611\02_Source_Data\Figure_3_DOS\Raw_VASPKIT\001_sur\PDOS_O.dat	532266	out_of_scope	manifest_only	Unrelated project, runtime, cache or secret-adjacent path.
deliverables\MoO3_surface_publication_package_20260611\02_Source_Data\Figure_3_DOS\Raw_VASPKIT\001_sur\TDOS.dat	116055	out_of_scope	manifest_only	Unrelated project, runtime, cache or secret-adjacent path.
deliverables\MoO3_surface_publication_package_20260611\02_Source_Data\Figure_3_DOS\Raw_VASPKIT\001_VO\INCAR	325	out_of_scope	manifest_only	Unrelated project, runtime, cache or secret-adjacent path.
deliverables\MoO3_surface_publication_package_20260611\02_Source_Data\Figure_3_DOS\Raw_VASPKIT\001_VO\KPOINTS	60	out_of_scope	manifest_only	Unrelated project, runtime, cache or secret-adjacent path.
deliverables\MoO3_surface_publication_package_20260611\02_Source_Data\Figure_3_DOS\Raw_VASPKIT\001_VO\PDOS_Mo.dat	532266	out_of_scope	manifest_only	Unrelated project, runtime, cache or secret-adjacent path.
deliverables\MoO3_surface_publication_package_20260611\02_Source_Data\Figure_3_DOS\Raw_VASPKIT\001_VO\PDOS_O.dat	532266	out_of_scope	manifest_only	Unrelated project, runtime, cache or secret-adjacent path.
deliverables\MoO3_surface_publication_package_20260611\02_Source_Data\Figure_3_DOS\Raw_VASPKIT\001_VO\TDOS.dat	116055	out_of_scope	manifest_only	Unrelated project, runtime, cache or secret-adjacent path.
deliverables\MoO3_surface_publication_package_20260611\02_Source_Data\Figure_3_DOS\Raw_VASPKIT\100_sur\INCAR	325	out_of_scope	manifest_only	Unrelated project, runtime, cache or secret-adjacent path.
deliverables\MoO3_surface_publication_package_20260611\02_Source_Data\Figure_3_DOS\Raw_VASPKIT\100_sur\KPOINTS	60	out_of_scope	manifest_only	Unrelated project, runtime, cache or secret-adjacent path.
deliverables\MoO3_surface_publication_package_20260611\02_Source_Data\Figure_3_DOS\Raw_VASPKIT\100_sur\PDOS_Mo.dat	532266	out_of_scope	manifest_only	Unrelated project, runtime, cache or secret-adjacent path.
deliverables\MoO3_surface_publication_package_20260611\02_Source_Data\Figure_3_DOS\Raw_VASPKIT\100_sur\PDOS_O.dat	532266	out_of_scope	manifest_only	Unrelated project, runtime, cache or secret-adjacent path.
deliverables\MoO3_surface_publication_package_20260611\02_Source_Data\Figure_3_DOS\Raw_VASPKIT\100_sur\TDOS.dat	116055	out_of_scope	manifest_only	Unrelated project, runtime, cache or secret-adjacent path.
deliverables\MoO3_surface_publication_package_20260611\02_Source_Data\Figure_3_DOS\Raw_VASPKIT\100_VO\INCAR	325	out_of_scope	manifest_only	Unrelated project, runtime, cache or secret-adjacent path.
deliverables\MoO3_surface_publication_package_20260611\02_Source_Data\Figure_3_DOS\Raw_VASPKIT\100_VO\KPOINTS	60	out_of_scope	manifest_only	Unrelated project, runtime, cache or secret-adjacent path.
deliverables\MoO3_surface_publication_package_20260611\02_Source_Data\Figure_3_DOS\Raw_VASPKIT\100_VO\PDOS_Mo.dat	532266	out_of_scope	manifest_only	Unrelated project, runtime, cache or secret-adjacent path.
deliverables\MoO3_surface_publication_package_20260611\02_Source_Data\Figure_3_DOS\Raw_VASPKIT\100_VO\PDOS_O.dat	532266	out_of_scope	manifest_only	Unrelated project, runtime, cache or secret-adjacent path.
deliverables\MoO3_surface_publication_package_20260611\02_Source_Data\Figure_3_DOS\Raw_VASPKIT\100_VO\TDOS.dat	116055	out_of_scope	manifest_only	Unrelated project, runtime, cache or secret-adjacent path.
deliverables\MoO3_surface_publication_package_20260611\02_Source_Data\Figure_4_Charge_Difference\Direct_Difference_Stride2\001_VO_minus_pristine_planar.csv	16728	out_of_scope	manifest_only	Unrelated project, runtime, cache or secret-adjacent path.
deliverables\MoO3_surface_publication_package_20260611\02_Source_Data\Figure_4_Charge_Difference\Direct_Difference_Stride2\001_VO_minus_pristine_stride2.xsf	29648818	out_of_scope	manifest_only	Unrelated project, runtime, cache or secret-adjacent path.
deliverables\MoO3_surface_publication_package_20260611\02_Source_Data\Figure_4_Charge_Difference\Direct_Difference_Stride2\001_VO_minus_pristine_summary.txt	287	out_of_scope	manifest_only	Unrelated project, runtime, cache or secret-adjacent path.
deliverables\MoO3_surface_publication_package_20260611\02_Source_Data\Figure_4_Charge_Difference\Direct_Difference_Stride2\100_VO_minus_pristine_planar.csv	42569	out_of_scope	manifest_only	Unrelated project, runtime, cache or secret-adjacent path.
deliverables\MoO3_surface_publication_package_20260611\02_Source_Data\Figure_4_Charge_Difference\Direct_Difference_Stride2\100_VO_minus_pristine_stride2.xsf	28685617	out_of_scope	manifest_only	Unrelated project, runtime, cache or secret-adjacent path.
deliverables\MoO3_surface_publication_package_20260611\02_Source_Data\Figure_4_Charge_Difference\Direct_Difference_Stride2\100_VO_minus_pristine_summary.txt	287	out_of_scope	manifest_only	Unrelated project, runtime, cache or secret-adjacent path.
deliverables\MoO3_surface_publication_package_20260611\02_Source_Data\Figure_4_Charge_Difference\Direct_Difference_Stride2\charge_difference_integrals.csv	93	out_of_scope	manifest_only	Unrelated project, runtime, cache or secret-adjacent path.
deliverables\MoO3_surface_publication_package_20260611\02_Source_Data\Figure_4_Charge_Difference\render_charge_diff_stride2_fig1_views.vmd	1758	out_of_scope	manifest_only	Unrelated project, runtime, cache or secret-adjacent path.
deliverables\MoO3_surface_publication_package_20260611\03_Calculation_Records\calculation_parameters_and_status.csv	822	out_of_scope	manifest_only	Unrelated project, runtime, cache or secret-adjacent path.
deliverables\MoO3_surface_publication_package_20260611\03_Calculation_Records\ref_Mo_bulk_bcc\CONTCAR	512	out_of_scope	manifest_only	Unrelated project, runtime, cache or secret-adjacent path.
deliverables\MoO3_surface_publication_package_20260611\03_Calculation_Records\ref_Mo_bulk_bcc\INCAR	259	out_of_scope	manifest_only	Unrelated project, runtime, cache or secret-adjacent path.
deliverables\MoO3_surface_publication_package_20260611\03_Calculation_Records\ref_Mo_bulk_bcc\KPOINTS	51	out_of_scope	manifest_only	Unrelated project, runtime, cache or secret-adjacent path.
deliverables\MoO3_surface_publication_package_20260611\03_Calculation_Records\ref_Mo_bulk_bcc\OSZICAR	4321	out_of_scope	manifest_only	Unrelated project, runtime, cache or secret-adjacent path.
deliverables\MoO3_surface_publication_package_20260611\03_Calculation_Records\ref_Mo_bulk_bcc\POSCAR	155	out_of_scope	manifest_only	Unrelated project, runtime, cache or secret-adjacent path.
deliverables\MoO3_surface_publication_package_20260611\03_Calculation_Records\ref_MoO3_bulk_DFTU4\CONTCAR	2943	out_of_scope	manifest_only	Unrelated project, runtime, cache or secret-adjacent path.
deliverables\MoO3_surface_publication_package_20260611\03_Calculation_Records\ref_MoO3_bulk_DFTU4\INCAR	2392	out_of_scope	manifest_only	Unrelated project, runtime, cache or secret-adjacent path.
deliverables\MoO3_surface_publication_package_20260611\03_Calculation_Records\ref_MoO3_bulk_DFTU4\KPOINTS	77	out_of_scope	manifest_only	Unrelated project, runtime, cache or secret-adjacent path.
deliverables\MoO3_surface_publication_package_20260611\03_Calculation_Records\ref_MoO3_bulk_DFTU4\OSZICAR	25772	out_of_scope	manifest_only	Unrelated project, runtime, cache or secret-adjacent path.
deliverables\MoO3_surface_publication_package_20260611\03_Calculation_Records\ref_MoO3_bulk_DFTU4\POSCAR	1628	out_of_scope	manifest_only	Unrelated project, runtime, cache or secret-adjacent path.
deliverables\MoO3_surface_publication_package_20260611\03_Calculation_Records\relax_001_pristine\CONTCAR	24063	out_of_scope	manifest_only	Unrelated project, runtime, cache or secret-adjacent path.
deliverables\MoO3_surface_publication_package_20260611\03_Calculation_Records\relax_001_pristine\INCAR	2084	out_of_scope	manifest_only	Unrelated project, runtime, cache or secret-adjacent path.
deliverables\MoO3_surface_publication_package_20260611\03_Calculation_Records\relax_001_pristine\KPOINTS	77	out_of_scope	manifest_only	Unrelated project, runtime, cache or secret-adjacent path.
deliverables\MoO3_surface_publication_package_20260611\03_Calculation_Records\relax_001_pristine\OSZICAR	7950	out_of_scope	manifest_only	Unrelated project, runtime, cache or secret-adjacent path.
deliverables\MoO3_surface_publication_package_20260611\03_Calculation_Records\relax_001_pristine\POSCAR	12799	out_of_scope	manifest_only	Unrelated project, runtime, cache or secret-adjacent path.
deliverables\MoO3_surface_publication_package_20260611\03_Calculation_Records\relax_001_VO\CONTCAR	23953	out_of_scope	manifest_only	Unrelated project, runtime, cache or secret-adjacent path.
deliverables\MoO3_surface_publication_package_20260611\03_Calculation_Records\relax_001_VO\INCAR	2084	out_of_scope	manifest_only	Unrelated project, runtime, cache or secret-adjacent path.
deliverables\MoO3_surface_publication_package_20260611\03_Calculation_Records\relax_001_VO\KPOINTS	77	out_of_scope	manifest_only	Unrelated project, runtime, cache or secret-adjacent path.
deliverables\MoO3_surface_publication_package_20260611\03_Calculation_Records\relax_001_VO\OSZICAR	231287	out_of_scope	manifest_only	Unrelated project, runtime, cache or secret-adjacent path.
deliverables\MoO3_surface_publication_package_20260611\03_Calculation_Records\relax_001_VO\POSCAR	12741	out_of_scope	manifest_only	Unrelated project, runtime, cache or secret-adjacent path.
deliverables\MoO3_surface_publication_package_20260611\03_Calculation_Records\relax_100_pristine\CONTCAR	24063	out_of_scope	manifest_only	Unrelated project, runtime, cache or secret-adjacent path.
deliverables\MoO3_surface_publication_package_20260611\03_Calculation_Records\relax_100_pristine\INCAR	2084	out_of_scope	manifest_only	Unrelated project, runtime, cache or secret-adjacent path.
deliverables\MoO3_surface_publication_package_20260611\03_Calculation_Records\relax_100_pristine\KPOINTS	77	out_of_scope	manifest_only	Unrelated project, runtime, cache or secret-adjacent path.
deliverables\MoO3_surface_publication_package_20260611\03_Calculation_Records\relax_100_pristine\OSZICAR	5072	out_of_scope	manifest_only	Unrelated project, runtime, cache or secret-adjacent path.
deliverables\MoO3_surface_publication_package_20260611\03_Calculation_Records\relax_100_pristine\POSCAR	24063	out_of_scope	manifest_only	Unrelated project, runtime, cache or secret-adjacent path.
deliverables\MoO3_surface_publication_package_20260611\03_Calculation_Records\relax_100_VO\CONTCAR	23953	out_of_scope	manifest_only	Unrelated project, runtime, cache or secret-adjacent path.
deliverables\MoO3_surface_publication_package_20260611\03_Calculation_Records\relax_100_VO\INCAR	2084	out_of_scope	manifest_only	Unrelated project, runtime, cache or secret-adjacent path.
deliverables\MoO3_surface_publication_package_20260611\03_Calculation_Records\relax_100_VO\KPOINTS	77	out_of_scope	manifest_only	Unrelated project, runtime, cache or secret-adjacent path.
deliverables\MoO3_surface_publication_package_20260611\03_Calculation_Records\relax_100_VO\OSZICAR	609679	out_of_scope	manifest_only	Unrelated project, runtime, cache or secret-adjacent path.
deliverables\MoO3_surface_publication_package_20260611\03_Calculation_Records\relax_100_VO\POSCAR	12741	out_of_scope	manifest_only	Unrelated project, runtime, cache or secret-adjacent path.
deliverables\MoO3_surface_publication_package_20260611\04_Methods_and_Captions\Computational_Methods_and_Validation_Notes.docx	39956	out_of_scope	manifest_only	Unrelated project, runtime, cache or secret-adjacent path.
deliverables\MoO3_surface_publication_package_20260611\04_Methods_and_Captions\Computational_Methods_Current_Record.txt	1753	out_of_scope	manifest_only	Unrelated project, runtime, cache or secret-adjacent path.
deliverables\MoO3_surface_publication_package_20260611\04_Methods_and_Captions\Figure_Captions.docx	37549	out_of_scope	manifest_only	Unrelated project, runtime, cache or secret-adjacent path.
deliverables\MoO3_surface_publication_package_20260611\05_Audit\Publication_Readiness_Audit.md	1438	out_of_scope	manifest_only	Unrelated project, runtime, cache or secret-adjacent path.
deliverables\MoO3_surface_publication_package_20260611\05_Audit\SHA256_manifest.csv	13555	out_of_scope	manifest_only	Unrelated project, runtime, cache or secret-adjacent path.
deliverables\MoO3_surface_publication_package_20260611\README.md	1315	out_of_scope	manifest_only	Unrelated project, runtime, cache or secret-adjacent path.
deliverables\raman_spectroscopy_processing_lit_review.md	13819	out_of_scope	manifest_only	Unrelated project, runtime, cache or secret-adjacent path.
deliverables\rental_server_627888_performance_history_report.md	14856	out_of_scope	manifest_only	Unrelated project, runtime, cache or secret-adjacent path.
deliverables\rental_server_audit_627888.tar.gz	21355	out_of_scope	manifest_only	Unrelated project, runtime, cache or secret-adjacent path.
deliverables\rental_server_audit_README.md	4701	out_of_scope	manifest_only	Unrelated project, runtime, cache or secret-adjacent path.
deliverables\rental_server_audit.py	41326	out_of_scope	manifest_only	Unrelated project, runtime, cache or secret-adjacent path.
deliverables\run_rental_server_audit.slurm	835	out_of_scope	manifest_only	Unrelated project, runtime, cache or secret-adjacent path.
deliverables\run_rental_server_benchmark.slurm	868	out_of_scope	manifest_only	Unrelated project, runtime, cache or secret-adjacent path.
moo3_pbe_x_tdm_preview\README.txt	426	out_of_scope	manifest_only	Unrelated project, runtime, cache or secret-adjacent path.
moo3_pbe_x_tdm_preview\x_field_direct_gap_eV.csv	65866	out_of_scope	manifest_only	Unrelated project, runtime, cache or secret-adjacent path.
moo3_pbe_x_tdm_preview\x_field_direct_gap_heatmap.png	46416	out_of_scope	manifest_only	Unrelated project, runtime, cache or secret-adjacent path.
moo3_pbe_x_tdm_preview\x_field_tdm_proxy_heatmap.png	45610	out_of_scope	manifest_only	Unrelated project, runtime, cache or secret-adjacent path.
moo3_pbe_x_tdm_preview\x_field_tdm_proxy_inv_gap2_norm.csv	74016	out_of_scope	manifest_only	Unrelated project, runtime, cache or secret-adjacent path.
moo3_pbe_x_tdm_vaspkit\summary.txt	687	out_of_scope	manifest_only	Unrelated project, runtime, cache or secret-adjacent path.
moo3_pbe_x_tdm_vaspkit\x_field_vaspkit713_tdm2_debye2.csv	20729	out_of_scope	manifest_only	Unrelated project, runtime, cache or secret-adjacent path.
moo3_pbe_x_tdm_vaspkit\x_field_vaspkit713_tdm2_heatmap.png	39352	out_of_scope	manifest_only	Unrelated project, runtime, cache or secret-adjacent path.
moo3_pbe_yz_tdm_vaspkit\summary.txt	527	out_of_scope	manifest_only	Unrelated project, runtime, cache or secret-adjacent path.
moo3_pbe_yz_tdm_vaspkit\y_field_vaspkit713_tdm2_debye2.csv	20735	out_of_scope	manifest_only	Unrelated project, runtime, cache or secret-adjacent path.
moo3_pbe_yz_tdm_vaspkit\y_field_vaspkit713_tdm2_heatmap.png	39459	out_of_scope	manifest_only	Unrelated project, runtime, cache or secret-adjacent path.
moo3_pbe_yz_tdm_vaspkit\z_field_vaspkit713_tdm2_debye2.csv	20751	out_of_scope	manifest_only	Unrelated project, runtime, cache or secret-adjacent path.
moo3_pbe_yz_tdm_vaspkit\z_field_vaspkit713_tdm2_heatmap.png	39317	out_of_scope	manifest_only	Unrelated project, runtime, cache or secret-adjacent path.
origin_heatmap_test\heatmap_test.opju	18781	historical_dataset	manifest_only	Outside the curated CoOOH archive selection.
origin_heatmap_test\heatmap_test.png	71901	historical_dataset	manifest_only	Outside the curated CoOOH archive selection.
origin_moo3_tdm_figures\moo3_pbe_tdm_raw_data.opju	159223	out_of_scope	manifest_only	Unrelated project, runtime, cache or secret-adjacent path.
origin_moo3_tdm_figures\origin_integrated_tdm2_delta_percent.csv	801	out_of_scope	manifest_only	Unrelated project, runtime, cache or secret-adjacent path.
origin_moo3_tdm_figures\origin_integrated_tdm2_delta_percent.opju	23940	out_of_scope	manifest_only	Unrelated project, runtime, cache or secret-adjacent path.
origin_moo3_tdm_figures\origin_integrated_tdm2_delta_percent.png	70126	out_of_scope	manifest_only	Unrelated project, runtime, cache or secret-adjacent path.
origin_moo3_tdm_figures\origin_integrated_tdm2.csv	660	out_of_scope	manifest_only	Unrelated project, runtime, cache or secret-adjacent path.
origin_moo3_tdm_figures\origin_integrated_tdm2.opju	23846	out_of_scope	manifest_only	Unrelated project, runtime, cache or secret-adjacent path.
origin_moo3_tdm_figures\origin_integrated_tdm2.png	77464	out_of_scope	manifest_only	Unrelated project, runtime, cache or secret-adjacent path.
origin_moo3_tdm_paper_figures\data_summary.txt	180	out_of_scope	manifest_only	Unrelated project, runtime, cache or secret-adjacent path.
origin_moo3_tdm_paper_figures\delta_x_matrix.csv	20984	out_of_scope	manifest_only	Unrelated project, runtime, cache or secret-adjacent path.
origin_moo3_tdm_paper_figures\delta_y_matrix.csv	20932	out_of_scope	manifest_only	Unrelated project, runtime, cache or secret-adjacent path.
origin_moo3_tdm_paper_figures\delta_z_matrix.csv	21407	out_of_scope	manifest_only	Unrelated project, runtime, cache or secret-adjacent path.
origin_moo3_tdm_paper_figures\fields.csv	71	out_of_scope	manifest_only	Unrelated project, runtime, cache or secret-adjacent path.
origin_moo3_tdm_paper_figures\fig1a_tdm_heatmap_ex.png	63432	out_of_scope	manifest_only	Unrelated project, runtime, cache or secret-adjacent path.
origin_moo3_tdm_paper_figures\fig1b_tdm_heatmap_ey.png	64335	out_of_scope	manifest_only	Unrelated project, runtime, cache or secret-adjacent path.
origin_moo3_tdm_paper_figures\fig1c_tdm_heatmap_ez.png	63969	out_of_scope	manifest_only	Unrelated project, runtime, cache or secret-adjacent path.
origin_moo3_tdm_paper_figures\fig2a_delta_heatmap_ex.png	68022	out_of_scope	manifest_only	Unrelated project, runtime, cache or secret-adjacent path.
origin_moo3_tdm_paper_figures\fig2b_delta_heatmap_ey.png	67320	out_of_scope	manifest_only	Unrelated project, runtime, cache or secret-adjacent path.
origin_moo3_tdm_paper_figures\fig2c_delta_heatmap_ez.png	68050	out_of_scope	manifest_only	Unrelated project, runtime, cache or secret-adjacent path.
origin_moo3_tdm_paper_figures\fig3_integrated_tdm2.png	72202	out_of_scope	manifest_only	Unrelated project, runtime, cache or secret-adjacent path.
origin_moo3_tdm_paper_figures\fig4_integrated_delta_percent.png	77809	out_of_scope	manifest_only	Unrelated project, runtime, cache or secret-adjacent path.
origin_moo3_tdm_paper_figures\integrated_delta_percent.csv	795	out_of_scope	manifest_only	Unrelated project, runtime, cache or secret-adjacent path.
origin_moo3_tdm_paper_figures\integrated_tdm2.csv	654	out_of_scope	manifest_only	Unrelated project, runtime, cache or secret-adjacent path.
origin_moo3_tdm_paper_figures\kpath.csv	2124	out_of_scope	manifest_only	Unrelated project, runtime, cache or secret-adjacent path.
origin_moo3_tdm_paper_figures\moo3_pbe_tdm_all_results_origin.opju	1289788	out_of_scope	manifest_only	Unrelated project, runtime, cache or secret-adjacent path.
origin_moo3_tdm_paper_figures\moo3_pbe_tdm_paper_figures.opju	236272	out_of_scope	manifest_only	Unrelated project, runtime, cache or secret-adjacent path.
origin_moo3_tdm_paper_figures\paper_fig1_xyz_tdm_heatmaps.png	81346	out_of_scope	manifest_only	Unrelated project, runtime, cache or secret-adjacent path.
origin_moo3_tdm_paper_figures\paper_fig2_xyz_delta_heatmaps.png	177708	out_of_scope	manifest_only	Unrelated project, runtime, cache or secret-adjacent path.
origin_moo3_tdm_paper_figures\paper_fig3_integrated_tdm2.png	55560	out_of_scope	manifest_only	Unrelated project, runtime, cache or secret-adjacent path.
origin_moo3_tdm_paper_figures\paper_fig4_integrated_delta_percent.png	48027	out_of_scope	manifest_only	Unrelated project, runtime, cache or secret-adjacent path.
origin_moo3_tdm_paper_figures\paper_figure_summary.txt	194	out_of_scope	manifest_only	Unrelated project, runtime, cache or secret-adjacent path.
origin_moo3_tdm_paper_figures\tdm_x_matrix.csv	18729	out_of_scope	manifest_only	Unrelated project, runtime, cache or secret-adjacent path.
origin_moo3_tdm_paper_figures\tdm_y_matrix.csv	18733	out_of_scope	manifest_only	Unrelated project, runtime, cache or secret-adjacent path.
origin_moo3_tdm_paper_figures\tdm_z_matrix.csv	18749	out_of_scope	manifest_only	Unrelated project, runtime, cache or secret-adjacent path.
origin_skill_smoke\origin_sine_demo.opju	21119	historical_dataset	manifest_only	Outside the curated CoOOH archive selection.
origin_skill_smoke\origin_sine_demo.png	30948	historical_dataset	manifest_only	Outside the curated CoOOH archive selection.
origin_skill_smoke\putworksheet_test.opju	19018	historical_dataset	manifest_only	Outside the curated CoOOH archive selection.
outputs\cooh_al16_oer_preliminary_20260519.svg	6344	supporting_dataset	curated	Selected CoOOH analysis asset.
outputs\cooh_al16_undoped_oer_stair_plot.png	104143	supporting_dataset	curated	Selected CoOOH analysis asset.
outputs\cooh_al16_undoped_oer_steps.csv	552	supporting_dataset	curated	Selected CoOOH analysis asset.
outputs\cooh_oer_electronic_step_current_20260521.svg	9282	supporting_dataset	curated	Selected CoOOH analysis asset.
outputs\cooh_oer_spin_vib_trial_20260523.json	4215	supporting_dataset	curated	Selected CoOOH analysis asset.
outputs\cooh_oer_spin_vib_trial_20260523.svg	9062	supporting_dataset	curated	Selected CoOOH analysis asset.
outputs\cooh_oer_spin_vib_trial_20260523.tsv	550	supporting_dataset	curated	Selected CoOOH analysis asset.
outputs\cooh_oer_thermo_data_20260523.json	5481	supporting_dataset	curated	Selected CoOOH analysis asset.
outputs\cooh_oer_thermo_step_20260523.svg	11528	supporting_dataset	curated	Selected CoOOH analysis asset.
outputs\cooh_oer_thermo_steps_20260523.tsv	784	supporting_dataset	curated	Selected CoOOH analysis asset.
outputs\cooh_oer_thermo_summary_20260523.md	594	supporting_dataset	curated	Selected CoOOH analysis asset.
outputs\cooh_spin_cdft_preview_20260522.svg	6967	supporting_dataset	curated	Selected CoOOH analysis asset.
outputs\cp2k_undoped_tzvp_vib_step_20260527.png	73751	supporting_dataset	curated	Selected CoOOH analysis asset.
outputs\cp2k_undoped_tzvp_vib_step_20260527.tsv	156	supporting_dataset	curated	Selected CoOOH analysis asset.
outputs\remote_spin_vib_raw_20260523.json	55114	historical_dataset	manifest_only	Outside the curated CoOOH archive selection.
outputs\remote_spin_vib_tracked_20260523.json	24577	historical_dataset	manifest_only	Outside the curated CoOOH archive selection.
outputs\undoped_cooh_fast_u_branch_staircase.png	100979	supporting_dataset	curated	Selected CoOOH analysis asset.
outputs\undoped_cooh_fast_u_branch_steps.tsv	390	supporting_dataset	curated	Selected CoOOH analysis asset.
outputs\undoped_cooh_oer_u025_staircase.png	113605	supporting_dataset	curated	Selected CoOOH analysis asset.
outputs\undoped_cooh_u025_geo_prelim_staircase.png	95865	supporting_dataset	curated	Selected CoOOH analysis asset.
outputs\undoped_cooh_u025_geo_prelim_steps.tsv	333	supporting_dataset	curated	Selected CoOOH analysis asset.
outputs\vasp_undoped_oer_static_step_20260527.png	67651	historical_dataset	manifest_only	Outside the curated CoOOH archive selection.
outputs\vasp_undoped_oer_static_step_20260527.tsv	189	historical_dataset	manifest_only	Outside the curated CoOOH archive selection.
previews\moo3_final_pack_001_100.zip	10296700	out_of_scope	manifest_only	Unrelated project, runtime, cache or secret-adjacent path.
previews\moo3_final_pack_001_100\charge_diff_fullres_20260611\001_VO_minus_pristine_planar.csv	16728	out_of_scope	manifest_only	Unrelated project, runtime, cache or secret-adjacent path.
previews\moo3_final_pack_001_100\charge_diff_fullres_20260611\001_VO_minus_pristine_stride2.xsf	29648818	out_of_scope	manifest_only	Unrelated project, runtime, cache or secret-adjacent path.
previews\moo3_final_pack_001_100\charge_diff_fullres_20260611\001_VO_minus_pristine_summary.txt	287	out_of_scope	manifest_only	Unrelated project, runtime, cache or secret-adjacent path.
previews\moo3_final_pack_001_100\charge_diff_fullres_20260611\100_VO_minus_pristine_planar.csv	42569	out_of_scope	manifest_only	Unrelated project, runtime, cache or secret-adjacent path.
previews\moo3_final_pack_001_100\charge_diff_fullres_20260611\100_VO_minus_pristine_stride2.xsf	28685617	out_of_scope	manifest_only	Unrelated project, runtime, cache or secret-adjacent path.
previews\moo3_final_pack_001_100\charge_diff_fullres_20260611\100_VO_minus_pristine_summary.txt	287	out_of_scope	manifest_only	Unrelated project, runtime, cache or secret-adjacent path.
previews\moo3_final_pack_001_100\charge_diff_fullres_20260611\charge_difference_integrals.csv	93	out_of_scope	manifest_only	Unrelated project, runtime, cache or secret-adjacent path.
previews\moo3_final_pack_001_100\charge_diff\001_sur_minus_VO_stride4.xsf	3532797	out_of_scope	manifest_only	Unrelated project, runtime, cache or secret-adjacent path.
previews\moo3_final_pack_001_100\charge_diff\001_VO_minus_sur_stride4.xsf	3532797	out_of_scope	manifest_only	Unrelated project, runtime, cache or secret-adjacent path.
previews\moo3_final_pack_001_100\charge_diff\100_sur_minus_VO_stride4.xsf	3418417	out_of_scope	manifest_only	Unrelated project, runtime, cache or secret-adjacent path.
previews\moo3_final_pack_001_100\charge_diff\100_VO_minus_sur_stride4.xsf	3418417	out_of_scope	manifest_only	Unrelated project, runtime, cache or secret-adjacent path.
previews\moo3_final_pack_001_100\current_status_20260602.md	2725	out_of_scope	manifest_only	Unrelated project, runtime, cache or secret-adjacent path.
previews\moo3_final_pack_001_100\current_status_20260611.md	1835	out_of_scope	manifest_only	Unrelated project, runtime, cache or secret-adjacent path.
previews\moo3_final_pack_001_100\data\dos_efwin_tdos.csv	130969	out_of_scope	manifest_only	Unrelated project, runtime, cache or secret-adjacent path.
previews\moo3_final_pack_001_100\data\dos_efwin_vo_pdos.csv	158103	out_of_scope	manifest_only	Unrelated project, runtime, cache or secret-adjacent path.
previews\moo3_final_pack_001_100\data\dos_scf_qc_summary.txt	378	out_of_scope	manifest_only	Unrelated project, runtime, cache or secret-adjacent path.
previews\moo3_final_pack_001_100\data\dos_scf_tdos_normalized_smoothed.csv	25498	out_of_scope	manifest_only	Unrelated project, runtime, cache or secret-adjacent path.
previews\moo3_final_pack_001_100\data\dos_scf_tdos_normalized.csv	35618	out_of_scope	manifest_only	Unrelated project, runtime, cache or secret-adjacent path.
previews\moo3_final_pack_001_100\data\dos_scf_vo_pdos_normalized_smoothed.csv	25504	out_of_scope	manifest_only	Unrelated project, runtime, cache or secret-adjacent path.
previews\moo3_final_pack_001_100\data\dos_scf_vo_pdos_normalized.csv	35624	out_of_scope	manifest_only	Unrelated project, runtime, cache or secret-adjacent path.
previews\moo3_final_pack_001_100\data\formation_energy_001_100_legacy_DFTU_mismatch.csv	205	out_of_scope	manifest_only	Unrelated project, runtime, cache or secret-adjacent path.
previews\moo3_final_pack_001_100\data\formation_energy_001_100.csv	231	out_of_scope	manifest_only	Unrelated project, runtime, cache or secret-adjacent path.
previews\moo3_final_pack_001_100\data\oxygen_chemical_potentials_PBE_noU.csv	380	out_of_scope	manifest_only	Unrelated project, runtime, cache or secret-adjacent path.
previews\moo3_final_pack_001_100\data\tdos_001_100_vaspkit_common_grid.csv	10791	out_of_scope	manifest_only	Unrelated project, runtime, cache or secret-adjacent path.
previews\moo3_final_pack_001_100\dos_static_20260529_efwin_vaspkit\001_sur\DOSCAR	77909313	out_of_scope	manifest_only	Unrelated project, runtime, cache or secret-adjacent path.
previews\moo3_final_pack_001_100\dos_static_20260529_efwin_vaspkit\001_sur\INCAR	364	out_of_scope	manifest_only	Unrelated project, runtime, cache or secret-adjacent path.
previews\moo3_final_pack_001_100\dos_static_20260529_efwin_vaspkit\001_sur\IPDOS_Mo.dat	399266	out_of_scope	manifest_only	Unrelated project, runtime, cache or secret-adjacent path.
previews\moo3_final_pack_001_100\dos_static_20260529_efwin_vaspkit\001_sur\IPDOS_O.dat	399266	out_of_scope	manifest_only	Unrelated project, runtime, cache or secret-adjacent path.
previews\moo3_final_pack_001_100\dos_static_20260529_efwin_vaspkit\001_sur\ITDOS.dat	87055	out_of_scope	manifest_only	Unrelated project, runtime, cache or secret-adjacent path.
previews\moo3_final_pack_001_100\dos_static_20260529_efwin_vaspkit\001_sur\KPOINTS	56	out_of_scope	manifest_only	Unrelated project, runtime, cache or secret-adjacent path.
previews\moo3_final_pack_001_100\dos_static_20260529_efwin_vaspkit\001_sur\OUTCAR	311593	out_of_scope	manifest_only	Unrelated project, runtime, cache or secret-adjacent path.
previews\moo3_final_pack_001_100\dos_static_20260529_efwin_vaspkit\001_sur\PDOS_Mo.dat	399266	out_of_scope	manifest_only	Unrelated project, runtime, cache or secret-adjacent path.
previews\moo3_final_pack_001_100\dos_static_20260529_efwin_vaspkit\001_sur\PDOS_O.dat	399266	out_of_scope	manifest_only	Unrelated project, runtime, cache or secret-adjacent path.
previews\moo3_final_pack_001_100\dos_static_20260529_efwin_vaspkit\001_sur\TDOS.dat	87055	out_of_scope	manifest_only	Unrelated project, runtime, cache or secret-adjacent path.
previews\moo3_final_pack_001_100\dos_static_20260529_efwin_vaspkit\001_VO\DOSCAR	77549123	out_of_scope	manifest_only	Unrelated project, runtime, cache or secret-adjacent path.
previews\moo3_final_pack_001_100\dos_static_20260529_efwin_vaspkit\001_VO\INCAR	364	out_of_scope	manifest_only	Unrelated project, runtime, cache or secret-adjacent path.
previews\moo3_final_pack_001_100\dos_static_20260529_efwin_vaspkit\001_VO\IPDOS_Mo.dat	399266	out_of_scope	manifest_only	Unrelated project, runtime, cache or secret-adjacent path.
previews\moo3_final_pack_001_100\dos_static_20260529_efwin_vaspkit\001_VO\IPDOS_O.dat	399266	out_of_scope	manifest_only	Unrelated project, runtime, cache or secret-adjacent path.
previews\moo3_final_pack_001_100\dos_static_20260529_efwin_vaspkit\001_VO\ITDOS.dat	87055	out_of_scope	manifest_only	Unrelated project, runtime, cache or secret-adjacent path.
previews\moo3_final_pack_001_100\dos_static_20260529_efwin_vaspkit\001_VO\KPOINTS	56	out_of_scope	manifest_only	Unrelated project, runtime, cache or secret-adjacent path.
previews\moo3_final_pack_001_100\dos_static_20260529_efwin_vaspkit\001_VO\OUTCAR	321149	out_of_scope	manifest_only	Unrelated project, runtime, cache or secret-adjacent path.
previews\moo3_final_pack_001_100\dos_static_20260529_efwin_vaspkit\001_VO\PDOS_Mo.dat	399266	out_of_scope	manifest_only	Unrelated project, runtime, cache or secret-adjacent path.
previews\moo3_final_pack_001_100\dos_static_20260529_efwin_vaspkit\001_VO\PDOS_O.dat	399266	out_of_scope	manifest_only	Unrelated project, runtime, cache or secret-adjacent path.
previews\moo3_final_pack_001_100\dos_static_20260529_efwin_vaspkit\001_VO\TDOS.dat	87055	out_of_scope	manifest_only	Unrelated project, runtime, cache or secret-adjacent path.
previews\moo3_final_pack_001_100\dos_static_20260529_efwin_vaspkit\100_sur\DOSCAR	77909313	out_of_scope	manifest_only	Unrelated project, runtime, cache or secret-adjacent path.
previews\moo3_final_pack_001_100\dos_static_20260529_efwin_vaspkit\100_sur\INCAR	364	out_of_scope	manifest_only	Unrelated project, runtime, cache or secret-adjacent path.
previews\moo3_final_pack_001_100\dos_static_20260529_efwin_vaspkit\100_sur\IPDOS_Mo.dat	399266	out_of_scope	manifest_only	Unrelated project, runtime, cache or secret-adjacent path.
previews\moo3_final_pack_001_100\dos_static_20260529_efwin_vaspkit\100_sur\IPDOS_O.dat	399266	out_of_scope	manifest_only	Unrelated project, runtime, cache or secret-adjacent path.
previews\moo3_final_pack_001_100\dos_static_20260529_efwin_vaspkit\100_sur\ITDOS.dat	87055	out_of_scope	manifest_only	Unrelated project, runtime, cache or secret-adjacent path.
previews\moo3_final_pack_001_100\dos_static_20260529_efwin_vaspkit\100_sur\KPOINTS	56	out_of_scope	manifest_only	Unrelated project, runtime, cache or secret-adjacent path.
previews\moo3_final_pack_001_100\dos_static_20260529_efwin_vaspkit\100_sur\OUTCAR	347664	out_of_scope	manifest_only	Unrelated project, runtime, cache or secret-adjacent path.
previews\moo3_final_pack_001_100\dos_static_20260529_efwin_vaspkit\100_sur\PDOS_Mo.dat	399266	out_of_scope	manifest_only	Unrelated project, runtime, cache or secret-adjacent path.
previews\moo3_final_pack_001_100\dos_static_20260529_efwin_vaspkit\100_sur\PDOS_O.dat	399266	out_of_scope	manifest_only	Unrelated project, runtime, cache or secret-adjacent path.
previews\moo3_final_pack_001_100\dos_static_20260529_efwin_vaspkit\100_sur\TDOS.dat	87055	out_of_scope	manifest_only	Unrelated project, runtime, cache or secret-adjacent path.
previews\moo3_final_pack_001_100\dos_static_20260529_efwin_vaspkit\100_VO\DOSCAR	77549123	out_of_scope	manifest_only	Unrelated project, runtime, cache or secret-adjacent path.
previews\moo3_final_pack_001_100\dos_static_20260529_efwin_vaspkit\100_VO\INCAR	364	out_of_scope	manifest_only	Unrelated project, runtime, cache or secret-adjacent path.
previews\moo3_final_pack_001_100\dos_static_20260529_efwin_vaspkit\100_VO\IPDOS_Mo.dat	399266	out_of_scope	manifest_only	Unrelated project, runtime, cache or secret-adjacent path.
previews\moo3_final_pack_001_100\dos_static_20260529_efwin_vaspkit\100_VO\IPDOS_O.dat	399266	out_of_scope	manifest_only	Unrelated project, runtime, cache or secret-adjacent path.
previews\moo3_final_pack_001_100\dos_static_20260529_efwin_vaspkit\100_VO\ITDOS.dat	87055	out_of_scope	manifest_only	Unrelated project, runtime, cache or secret-adjacent path.
previews\moo3_final_pack_001_100\dos_static_20260529_efwin_vaspkit\100_VO\KPOINTS	56	out_of_scope	manifest_only	Unrelated project, runtime, cache or secret-adjacent path.
previews\moo3_final_pack_001_100\dos_static_20260529_efwin_vaspkit\100_VO\OUTCAR	357070	out_of_scope	manifest_only	Unrelated project, runtime, cache or secret-adjacent path.
previews\moo3_final_pack_001_100\dos_static_20260529_efwin_vaspkit\100_VO\PDOS_Mo.dat	399266	out_of_scope	manifest_only	Unrelated project, runtime, cache or secret-adjacent path.
previews\moo3_final_pack_001_100\dos_static_20260529_efwin_vaspkit\100_VO\PDOS_O.dat	399266	out_of_scope	manifest_only	Unrelated project, runtime, cache or secret-adjacent path.
previews\moo3_final_pack_001_100\dos_static_20260529_efwin_vaspkit\100_VO\TDOS.dat	87055	out_of_scope	manifest_only	Unrelated project, runtime, cache or secret-adjacent path.
previews\moo3_final_pack_001_100\dos_static_20260529_scf_vaspkit\001_sur\DOSCAR	103865313	out_of_scope	manifest_only	Unrelated project, runtime, cache or secret-adjacent path.
previews\moo3_final_pack_001_100\dos_static_20260529_scf_vaspkit\001_sur\INCAR	325	out_of_scope	manifest_only	Unrelated project, runtime, cache or secret-adjacent path.
previews\moo3_final_pack_001_100\dos_static_20260529_scf_vaspkit\001_sur\IPDOS_Mo.dat	532266	out_of_scope	manifest_only	Unrelated project, runtime, cache or secret-adjacent path.
previews\moo3_final_pack_001_100\dos_static_20260529_scf_vaspkit\001_sur\IPDOS_O.dat	532266	out_of_scope	manifest_only	Unrelated project, runtime, cache or secret-adjacent path.
previews\moo3_final_pack_001_100\dos_static_20260529_scf_vaspkit\001_sur\ITDOS.dat	116055	out_of_scope	manifest_only	Unrelated project, runtime, cache or secret-adjacent path.
previews\moo3_final_pack_001_100\dos_static_20260529_scf_vaspkit\001_sur\KPOINTS	60	out_of_scope	manifest_only	Unrelated project, runtime, cache or secret-adjacent path.
previews\moo3_final_pack_001_100\dos_static_20260529_scf_vaspkit\001_sur\OUTCAR	330477	out_of_scope	manifest_only	Unrelated project, runtime, cache or secret-adjacent path.
previews\moo3_final_pack_001_100\dos_static_20260529_scf_vaspkit\001_sur\PDOS_Mo.dat	532266	out_of_scope	manifest_only	Unrelated project, runtime, cache or secret-adjacent path.
previews\moo3_final_pack_001_100\dos_static_20260529_scf_vaspkit\001_sur\PDOS_O.dat	532266	out_of_scope	manifest_only	Unrelated project, runtime, cache or secret-adjacent path.
previews\moo3_final_pack_001_100\dos_static_20260529_scf_vaspkit\001_sur\TDOS.dat	116055	out_of_scope	manifest_only	Unrelated project, runtime, cache or secret-adjacent path.
previews\moo3_final_pack_001_100\dos_static_20260529_scf_vaspkit\001_VO\DOSCAR	103385123	out_of_scope	manifest_only	Unrelated project, runtime, cache or secret-adjacent path.
previews\moo3_final_pack_001_100\dos_static_20260529_scf_vaspkit\001_VO\INCAR	325	out_of_scope	manifest_only	Unrelated project, runtime, cache or secret-adjacent path.
previews\moo3_final_pack_001_100\dos_static_20260529_scf_vaspkit\001_VO\IPDOS_Mo.dat	532266	out_of_scope	manifest_only	Unrelated project, runtime, cache or secret-adjacent path.
previews\moo3_final_pack_001_100\dos_static_20260529_scf_vaspkit\001_VO\IPDOS_O.dat	532266	out_of_scope	manifest_only	Unrelated project, runtime, cache or secret-adjacent path.
previews\moo3_final_pack_001_100\dos_static_20260529_scf_vaspkit\001_VO\ITDOS.dat	116055	out_of_scope	manifest_only	Unrelated project, runtime, cache or secret-adjacent path.
previews\moo3_final_pack_001_100\dos_static_20260529_scf_vaspkit\001_VO\KPOINTS	60	out_of_scope	manifest_only	Unrelated project, runtime, cache or secret-adjacent path.
previews\moo3_final_pack_001_100\dos_static_20260529_scf_vaspkit\001_VO\OUTCAR	341944	out_of_scope	manifest_only	Unrelated project, runtime, cache or secret-adjacent path.
previews\moo3_final_pack_001_100\dos_static_20260529_scf_vaspkit\001_VO\PDOS_Mo.dat	532266	out_of_scope	manifest_only	Unrelated project, runtime, cache or secret-adjacent path.
previews\moo3_final_pack_001_100\dos_static_20260529_scf_vaspkit\001_VO\PDOS_O.dat	532266	out_of_scope	manifest_only	Unrelated project, runtime, cache or secret-adjacent path.
previews\moo3_final_pack_001_100\dos_static_20260529_scf_vaspkit\001_VO\TDOS.dat	116055	out_of_scope	manifest_only	Unrelated project, runtime, cache or secret-adjacent path.
previews\moo3_final_pack_001_100\dos_static_20260529_scf_vaspkit\100_sur\DOSCAR	103865313	out_of_scope	manifest_only	Unrelated project, runtime, cache or secret-adjacent path.
previews\moo3_final_pack_001_100\dos_static_20260529_scf_vaspkit\100_sur\INCAR	325	out_of_scope	manifest_only	Unrelated project, runtime, cache or secret-adjacent path.
previews\moo3_final_pack_001_100\dos_static_20260529_scf_vaspkit\100_sur\IPDOS_Mo.dat	532266	out_of_scope	manifest_only	Unrelated project, runtime, cache or secret-adjacent path.
previews\moo3_final_pack_001_100\dos_static_20260529_scf_vaspkit\100_sur\IPDOS_O.dat	532266	out_of_scope	manifest_only	Unrelated project, runtime, cache or secret-adjacent path.
previews\moo3_final_pack_001_100\dos_static_20260529_scf_vaspkit\100_sur\ITDOS.dat	116055	out_of_scope	manifest_only	Unrelated project, runtime, cache or secret-adjacent path.
previews\moo3_final_pack_001_100\dos_static_20260529_scf_vaspkit\100_sur\KPOINTS	60	out_of_scope	manifest_only	Unrelated project, runtime, cache or secret-adjacent path.
previews\moo3_final_pack_001_100\dos_static_20260529_scf_vaspkit\100_sur\OUTCAR	370378	out_of_scope	manifest_only	Unrelated project, runtime, cache or secret-adjacent path.
previews\moo3_final_pack_001_100\dos_static_20260529_scf_vaspkit\100_sur\PDOS_Mo.dat	532266	out_of_scope	manifest_only	Unrelated project, runtime, cache or secret-adjacent path.
previews\moo3_final_pack_001_100\dos_static_20260529_scf_vaspkit\100_sur\PDOS_O.dat	532266	out_of_scope	manifest_only	Unrelated project, runtime, cache or secret-adjacent path.
previews\moo3_final_pack_001_100\dos_static_20260529_scf_vaspkit\100_sur\TDOS.dat	116055	out_of_scope	manifest_only	Unrelated project, runtime, cache or secret-adjacent path.
previews\moo3_final_pack_001_100\dos_static_20260529_scf_vaspkit\100_VO\DOSCAR	103385123	out_of_scope	manifest_only	Unrelated project, runtime, cache or secret-adjacent path.
previews\moo3_final_pack_001_100\dos_static_20260529_scf_vaspkit\100_VO\INCAR	325	out_of_scope	manifest_only	Unrelated project, runtime, cache or secret-adjacent path.
previews\moo3_final_pack_001_100\dos_static_20260529_scf_vaspkit\100_VO\IPDOS_Mo.dat	532266	out_of_scope	manifest_only	Unrelated project, runtime, cache or secret-adjacent path.
previews\moo3_final_pack_001_100\dos_static_20260529_scf_vaspkit\100_VO\IPDOS_O.dat	532266	out_of_scope	manifest_only	Unrelated project, runtime, cache or secret-adjacent path.
previews\moo3_final_pack_001_100\dos_static_20260529_scf_vaspkit\100_VO\ITDOS.dat	116055	out_of_scope	manifest_only	Unrelated project, runtime, cache or secret-adjacent path.
previews\moo3_final_pack_001_100\dos_static_20260529_scf_vaspkit\100_VO\KPOINTS	60	out_of_scope	manifest_only	Unrelated project, runtime, cache or secret-adjacent path.
previews\moo3_final_pack_001_100\dos_static_20260529_scf_vaspkit\100_VO\OUTCAR	393722	out_of_scope	manifest_only	Unrelated project, runtime, cache or secret-adjacent path.
previews\moo3_final_pack_001_100\dos_static_20260529_scf_vaspkit\100_VO\PDOS_Mo.dat	532266	out_of_scope	manifest_only	Unrelated project, runtime, cache or secret-adjacent path.
previews\moo3_final_pack_001_100\dos_static_20260529_scf_vaspkit\100_VO\PDOS_O.dat	532266	out_of_scope	manifest_only	Unrelated project, runtime, cache or secret-adjacent path.
previews\moo3_final_pack_001_100\dos_static_20260529_scf_vaspkit\100_VO\TDOS.dat	116055	out_of_scope	manifest_only	Unrelated project, runtime, cache or secret-adjacent path.
previews\moo3_final_pack_001_100\dos_static_20260529_vaspkit\001_sur\INCAR	345	out_of_scope	manifest_only	Unrelated project, runtime, cache or secret-adjacent path.
previews\moo3_final_pack_001_100\dos_static_20260529_vaspkit\001_sur\IPDOS_Mo.dat	399266	out_of_scope	manifest_only	Unrelated project, runtime, cache or secret-adjacent path.
previews\moo3_final_pack_001_100\dos_static_20260529_vaspkit\001_sur\IPDOS_O.dat	399266	out_of_scope	manifest_only	Unrelated project, runtime, cache or secret-adjacent path.
previews\moo3_final_pack_001_100\dos_static_20260529_vaspkit\001_sur\ITDOS.dat	87055	out_of_scope	manifest_only	Unrelated project, runtime, cache or secret-adjacent path.
previews\moo3_final_pack_001_100\dos_static_20260529_vaspkit\001_sur\KPOINTS	56	out_of_scope	manifest_only	Unrelated project, runtime, cache or secret-adjacent path.
previews\moo3_final_pack_001_100\dos_static_20260529_vaspkit\001_sur\OUTCAR	311574	out_of_scope	manifest_only	Unrelated project, runtime, cache or secret-adjacent path.
previews\moo3_final_pack_001_100\dos_static_20260529_vaspkit\001_sur\PDOS_Mo.dat	399266	out_of_scope	manifest_only	Unrelated project, runtime, cache or secret-adjacent path.
previews\moo3_final_pack_001_100\dos_static_20260529_vaspkit\001_sur\PDOS_O.dat	399266	out_of_scope	manifest_only	Unrelated project, runtime, cache or secret-adjacent path.
previews\moo3_final_pack_001_100\dos_static_20260529_vaspkit\001_sur\TDOS.dat	87055	out_of_scope	manifest_only	Unrelated project, runtime, cache or secret-adjacent path.
previews\moo3_final_pack_001_100\dos_static_20260529_vaspkit\001_VO\INCAR	345	out_of_scope	manifest_only	Unrelated project, runtime, cache or secret-adjacent path.
previews\moo3_final_pack_001_100\dos_static_20260529_vaspkit\001_VO\IPDOS_Mo.dat	399266	out_of_scope	manifest_only	Unrelated project, runtime, cache or secret-adjacent path.
previews\moo3_final_pack_001_100\dos_static_20260529_vaspkit\001_VO\IPDOS_O.dat	399266	out_of_scope	manifest_only	Unrelated project, runtime, cache or secret-adjacent path.
previews\moo3_final_pack_001_100\dos_static_20260529_vaspkit\001_VO\ITDOS.dat	87055	out_of_scope	manifest_only	Unrelated project, runtime, cache or secret-adjacent path.
previews\moo3_final_pack_001_100\dos_static_20260529_vaspkit\001_VO\KPOINTS	56	out_of_scope	manifest_only	Unrelated project, runtime, cache or secret-adjacent path.
previews\moo3_final_pack_001_100\dos_static_20260529_vaspkit\001_VO\OUTCAR	321130	out_of_scope	manifest_only	Unrelated project, runtime, cache or secret-adjacent path.
previews\moo3_final_pack_001_100\dos_static_20260529_vaspkit\001_VO\PDOS_Mo.dat	399266	out_of_scope	manifest_only	Unrelated project, runtime, cache or secret-adjacent path.
previews\moo3_final_pack_001_100\dos_static_20260529_vaspkit\001_VO\PDOS_O.dat	399266	out_of_scope	manifest_only	Unrelated project, runtime, cache or secret-adjacent path.
previews\moo3_final_pack_001_100\dos_static_20260529_vaspkit\001_VO\TDOS.dat	87055	out_of_scope	manifest_only	Unrelated project, runtime, cache or secret-adjacent path.
previews\moo3_final_pack_001_100\dos_static_20260529_vaspkit\100_sur\INCAR	345	out_of_scope	manifest_only	Unrelated project, runtime, cache or secret-adjacent path.
previews\moo3_final_pack_001_100\dos_static_20260529_vaspkit\100_sur\IPDOS_Mo.dat	399266	out_of_scope	manifest_only	Unrelated project, runtime, cache or secret-adjacent path.
previews\moo3_final_pack_001_100\dos_static_20260529_vaspkit\100_sur\IPDOS_O.dat	399266	out_of_scope	manifest_only	Unrelated project, runtime, cache or secret-adjacent path.
previews\moo3_final_pack_001_100\dos_static_20260529_vaspkit\100_sur\ITDOS.dat	87055	out_of_scope	manifest_only	Unrelated project, runtime, cache or secret-adjacent path.
previews\moo3_final_pack_001_100\dos_static_20260529_vaspkit\100_sur\KPOINTS	56	out_of_scope	manifest_only	Unrelated project, runtime, cache or secret-adjacent path.
previews\moo3_final_pack_001_100\dos_static_20260529_vaspkit\100_sur\OUTCAR	347645	out_of_scope	manifest_only	Unrelated project, runtime, cache or secret-adjacent path.
previews\moo3_final_pack_001_100\dos_static_20260529_vaspkit\100_sur\PDOS_Mo.dat	399266	out_of_scope	manifest_only	Unrelated project, runtime, cache or secret-adjacent path.
previews\moo3_final_pack_001_100\dos_static_20260529_vaspkit\100_sur\PDOS_O.dat	399266	out_of_scope	manifest_only	Unrelated project, runtime, cache or secret-adjacent path.
previews\moo3_final_pack_001_100\dos_static_20260529_vaspkit\100_sur\TDOS.dat	87055	out_of_scope	manifest_only	Unrelated project, runtime, cache or secret-adjacent path.
previews\moo3_final_pack_001_100\dos_static_20260529_vaspkit\100_VO\INCAR	345	out_of_scope	manifest_only	Unrelated project, runtime, cache or secret-adjacent path.
previews\moo3_final_pack_001_100\dos_static_20260529_vaspkit\100_VO\IPDOS_Mo.dat	399266	out_of_scope	manifest_only	Unrelated project, runtime, cache or secret-adjacent path.
previews\moo3_final_pack_001_100\dos_static_20260529_vaspkit\100_VO\IPDOS_O.dat	399266	out_of_scope	manifest_only	Unrelated project, runtime, cache or secret-adjacent path.
previews\moo3_final_pack_001_100\dos_static_20260529_vaspkit\100_VO\ITDOS.dat	87055	out_of_scope	manifest_only	Unrelated project, runtime, cache or secret-adjacent path.
previews\moo3_final_pack_001_100\dos_static_20260529_vaspkit\100_VO\KPOINTS	56	out_of_scope	manifest_only	Unrelated project, runtime, cache or secret-adjacent path.
previews\moo3_final_pack_001_100\dos_static_20260529_vaspkit\100_VO\OUTCAR	357051	out_of_scope	manifest_only	Unrelated project, runtime, cache or secret-adjacent path.
previews\moo3_final_pack_001_100\dos_static_20260529_vaspkit\100_VO\PDOS_Mo.dat	399266	out_of_scope	manifest_only	Unrelated project, runtime, cache or secret-adjacent path.
previews\moo3_final_pack_001_100\dos_static_20260529_vaspkit\100_VO\PDOS_O.dat	399266	out_of_scope	manifest_only	Unrelated project, runtime, cache or secret-adjacent path.
previews\moo3_final_pack_001_100\dos_static_20260529_vaspkit\100_VO\TDOS.dat	87055	out_of_scope	manifest_only	Unrelated project, runtime, cache or secret-adjacent path.
previews\moo3_final_pack_001_100\figures\charge_diff_001_fig1view_cropped.png	283508	out_of_scope	manifest_only	Unrelated project, runtime, cache or secret-adjacent path.
previews\moo3_final_pack_001_100\figures\charge_diff_001_fig1view.png	306068	out_of_scope	manifest_only	Unrelated project, runtime, cache or secret-adjacent path.
previews\moo3_final_pack_001_100\figures\charge_diff_001_fig1view.tga	7020018	out_of_scope	manifest_only	Unrelated project, runtime, cache or secret-adjacent path.
previews\moo3_final_pack_001_100\figures\charge_diff_001_stride2_fig1view_cropped.png	275714	out_of_scope	manifest_only	Unrelated project, runtime, cache or secret-adjacent path.
previews\moo3_final_pack_001_100\figures\charge_diff_001_stride2_fig1view.png	297294	out_of_scope	manifest_only	Unrelated project, runtime, cache or secret-adjacent path.
previews\moo3_final_pack_001_100\figures\charge_diff_001_stride2_fig1view.tga	7020018	out_of_scope	manifest_only	Unrelated project, runtime, cache or secret-adjacent path.
previews\moo3_final_pack_001_100\figures\charge_diff_001.png	281712	out_of_scope	manifest_only	Unrelated project, runtime, cache or secret-adjacent path.
previews\moo3_final_pack_001_100\figures\charge_diff_001.tga	5760018	out_of_scope	manifest_only	Unrelated project, runtime, cache or secret-adjacent path.
previews\moo3_final_pack_001_100\figures\charge_diff_100_fig1view_cropped.png	164848	out_of_scope	manifest_only	Unrelated project, runtime, cache or secret-adjacent path.
previews\moo3_final_pack_001_100\figures\charge_diff_100_fig1view.png	155078	out_of_scope	manifest_only	Unrelated project, runtime, cache or secret-adjacent path.
previews\moo3_final_pack_001_100\figures\charge_diff_100_fig1view.tga	7020018	out_of_scope	manifest_only	Unrelated project, runtime, cache or secret-adjacent path.
previews\moo3_final_pack_001_100\figures\charge_diff_100_stride2_fig1view_cropped.png	163126	out_of_scope	manifest_only	Unrelated project, runtime, cache or secret-adjacent path.
previews\moo3_final_pack_001_100\figures\charge_diff_100_stride2_fig1view.png	153238	out_of_scope	manifest_only	Unrelated project, runtime, cache or secret-adjacent path.
previews\moo3_final_pack_001_100\figures\charge_diff_100_stride2_fig1view.tga	7020018	out_of_scope	manifest_only	Unrelated project, runtime, cache or secret-adjacent path.
previews\moo3_final_pack_001_100\figures\charge_diff_100.png	235736	out_of_scope	manifest_only	Unrelated project, runtime, cache or secret-adjacent path.
previews\moo3_final_pack_001_100\figures\charge_diff_100.tga	5760018	out_of_scope	manifest_only	Unrelated project, runtime, cache or secret-adjacent path.
previews\moo3_final_pack_001_100\figures\fig1_structure_zoom_vmd_unified.png	437468	out_of_scope	manifest_only	Unrelated project, runtime, cache or secret-adjacent path.
previews\moo3_final_pack_001_100\figures\fig1_structures_vmd.png	368412	out_of_scope	manifest_only	Unrelated project, runtime, cache or secret-adjacent path.
previews\moo3_final_pack_001_100\figures\fig2_formation_energy_origin.png	70586	out_of_scope	manifest_only	Unrelated project, runtime, cache or secret-adjacent path.
previews\moo3_final_pack_001_100\figures\fig3_dos_efwin_tdos_pdos.png	642630	out_of_scope	manifest_only	Unrelated project, runtime, cache or secret-adjacent path.
previews\moo3_final_pack_001_100\figures\fig3_dos_scf_tdos_pdos_smoothed.pdf	59272	out_of_scope	manifest_only	Unrelated project, runtime, cache or secret-adjacent path.
previews\moo3_final_pack_001_100\figures\fig3_dos_scf_tdos_pdos_smoothed.png	724274	out_of_scope	manifest_only	Unrelated project, runtime, cache or secret-adjacent path.
previews\moo3_final_pack_001_100\figures\fig3_dos_scf_tdos_pdos_smoothed.svg	137740	out_of_scope	manifest_only	Unrelated project, runtime, cache or secret-adjacent path.
previews\moo3_final_pack_001_100\figures\fig3_dos_scf_tdos_pdos.pdf	64203	out_of_scope	manifest_only	Unrelated project, runtime, cache or secret-adjacent path.
previews\moo3_final_pack_001_100\figures\fig3_dos_scf_tdos_pdos.png	882988	out_of_scope	manifest_only	Unrelated project, runtime, cache or secret-adjacent path.
previews\moo3_final_pack_001_100\figures\fig3_dos_scf_tdos_pdos.svg	163389	out_of_scope	manifest_only	Unrelated project, runtime, cache or secret-adjacent path.
previews\moo3_final_pack_001_100\figures\fig3_pdos_scf_origin.png	79390	out_of_scope	manifest_only	Unrelated project, runtime, cache or secret-adjacent path.
previews\moo3_final_pack_001_100\figures\fig3_tdos_origin.png	80058	out_of_scope	manifest_only	Unrelated project, runtime, cache or secret-adjacent path.
previews\moo3_final_pack_001_100\figures\fig3_tdos_scf_origin.png	79370	out_of_scope	manifest_only	Unrelated project, runtime, cache or secret-adjacent path.
previews\moo3_final_pack_001_100\figures\fig3_tdos_split_clean_preview.png	357955	out_of_scope	manifest_only	Unrelated project, runtime, cache or secret-adjacent path.
previews\moo3_final_pack_001_100\figures\fig4_charge_density_difference_vmd.png	432947	out_of_scope	manifest_only	Unrelated project, runtime, cache or secret-adjacent path.
previews\moo3_final_pack_001_100\figures\fig5_local_relaxation_preview.png	37984	out_of_scope	manifest_only	Unrelated project, runtime, cache or secret-adjacent path.
previews\moo3_final_pack_001_100\figures\moo3_001_100_figure_preview_contact_sheet_v2.png	445036	out_of_scope	manifest_only	Unrelated project, runtime, cache or secret-adjacent path.
previews\moo3_final_pack_001_100\figures\moo3_001_100_figure_preview_contact_sheet.png	414139	out_of_scope	manifest_only	Unrelated project, runtime, cache or secret-adjacent path.
previews\moo3_final_pack_001_100\figures\structure_zoom_001_side.png	93851	out_of_scope	manifest_only	Unrelated project, runtime, cache or secret-adjacent path.
previews\moo3_final_pack_001_100\figures\structure_zoom_001_side.tga	4620018	out_of_scope	manifest_only	Unrelated project, runtime, cache or secret-adjacent path.
previews\moo3_final_pack_001_100\figures\structure_zoom_001_top.png	95743	out_of_scope	manifest_only	Unrelated project, runtime, cache or secret-adjacent path.
previews\moo3_final_pack_001_100\figures\structure_zoom_001_top.tga	4620018	out_of_scope	manifest_only	Unrelated project, runtime, cache or secret-adjacent path.
previews\moo3_final_pack_001_100\figures\structure_zoom_100_side.png	103777	out_of_scope	manifest_only	Unrelated project, runtime, cache or secret-adjacent path.
previews\moo3_final_pack_001_100\figures\structure_zoom_100_side.tga	4620018	out_of_scope	manifest_only	Unrelated project, runtime, cache or secret-adjacent path.
previews\moo3_final_pack_001_100\figures\structure_zoom_100_top.png	109438	out_of_scope	manifest_only	Unrelated project, runtime, cache or secret-adjacent path.
previews\moo3_final_pack_001_100\figures\structure_zoom_100_top.tga	4620018	out_of_scope	manifest_only	Unrelated project, runtime, cache or secret-adjacent path.
previews\moo3_final_pack_001_100\manuscript_figures.zip	29960544	out_of_scope	manifest_only	Unrelated project, runtime, cache or secret-adjacent path.
previews\moo3_final_pack_001_100\manuscript_figures\dos_alignment_notes.md	717	out_of_scope	manifest_only	Unrelated project, runtime, cache or secret-adjacent path.
previews\moo3_final_pack_001_100\manuscript_figures\fig1_pristine_vo_octahedra_compare_projected.pdf	37163	out_of_scope	manifest_only	Unrelated project, runtime, cache or secret-adjacent path.
previews\moo3_final_pack_001_100\manuscript_figures\fig1_pristine_vo_octahedra_compare_projected.png	836027	out_of_scope	manifest_only	Unrelated project, runtime, cache or secret-adjacent path.
previews\moo3_final_pack_001_100\manuscript_figures\fig1_pristine_vo_octahedra_compare_projected.svg	126722	out_of_scope	manifest_only	Unrelated project, runtime, cache or secret-adjacent path.
previews\moo3_final_pack_001_100\manuscript_figures\fig1_pristine_vo_octahedra_compare.pdf	47665	out_of_scope	manifest_only	Unrelated project, runtime, cache or secret-adjacent path.
previews\moo3_final_pack_001_100\manuscript_figures\fig1_pristine_vo_octahedra_compare.png	703511	out_of_scope	manifest_only	Unrelated project, runtime, cache or secret-adjacent path.
previews\moo3_final_pack_001_100\manuscript_figures\fig1_pristine_vo_octahedra_compare.svg	103916	out_of_scope	manifest_only	Unrelated project, runtime, cache or secret-adjacent path.
previews\moo3_final_pack_001_100\manuscript_figures\fig1_slab_octahedra_pristine_vo_compare.pdf	175106	out_of_scope	manifest_only	Unrelated project, runtime, cache or secret-adjacent path.
previews\moo3_final_pack_001_100\manuscript_figures\fig1_slab_octahedra_pristine_vo_compare.png	466234	out_of_scope	manifest_only	Unrelated project, runtime, cache or secret-adjacent path.
previews\moo3_final_pack_001_100\manuscript_figures\fig1_slab_octahedra_pristine_vo_compare.svg	718336	out_of_scope	manifest_only	Unrelated project, runtime, cache or secret-adjacent path.
previews\moo3_final_pack_001_100\manuscript_figures\fig1_structure_vacancy_environment_source.png	437468	out_of_scope	manifest_only	Unrelated project, runtime, cache or secret-adjacent path.
previews\moo3_final_pack_001_100\manuscript_figures\fig1_structure_vacancy_environment.pdf	834798	out_of_scope	manifest_only	Unrelated project, runtime, cache or secret-adjacent path.
previews\moo3_final_pack_001_100\manuscript_figures\fig1_structure_vacancy_environment.png	948093	out_of_scope	manifest_only	Unrelated project, runtime, cache or secret-adjacent path.
previews\moo3_final_pack_001_100\manuscript_figures\fig1_structure_vacancy_environment.svg	287503	out_of_scope	manifest_only	Unrelated project, runtime, cache or secret-adjacent path.
previews\moo3_final_pack_001_100\manuscript_figures\fig1_structure_vacancy_environment.tif	10254640	out_of_scope	manifest_only	Unrelated project, runtime, cache or secret-adjacent path.
previews\moo3_final_pack_001_100\manuscript_figures\fig1_surface_network_octahedra_compare.pdf	74157	out_of_scope	manifest_only	Unrelated project, runtime, cache or secret-adjacent path.
previews\moo3_final_pack_001_100\manuscript_figures\fig1_surface_network_octahedra_compare.png	1021615	out_of_scope	manifest_only	Unrelated project, runtime, cache or secret-adjacent path.
previews\moo3_final_pack_001_100\manuscript_figures\fig1_surface_network_octahedra_compare.svg	326847	out_of_scope	manifest_only	Unrelated project, runtime, cache or secret-adjacent path.
previews\moo3_final_pack_001_100\manuscript_figures\fig1_surface_plane_octahedra_compare.pdf	57342	out_of_scope	manifest_only	Unrelated project, runtime, cache or secret-adjacent path.
previews\moo3_final_pack_001_100\manuscript_figures\fig1_surface_plane_octahedra_compare.png	987670	out_of_scope	manifest_only	Unrelated project, runtime, cache or secret-adjacent path.
previews\moo3_final_pack_001_100\manuscript_figures\fig1_surface_plane_octahedra_compare.svg	478825	out_of_scope	manifest_only	Unrelated project, runtime, cache or secret-adjacent path.
previews\moo3_final_pack_001_100\manuscript_figures\fig1_zoomed_surface_plane_octahedra_compare.pdf	47428	out_of_scope	manifest_only	Unrelated project, runtime, cache or secret-adjacent path.
previews\moo3_final_pack_001_100\manuscript_figures\fig1_zoomed_surface_plane_octahedra_compare.png	987032	out_of_scope	manifest_only	Unrelated project, runtime, cache or secret-adjacent path.
previews\moo3_final_pack_001_100\manuscript_figures\fig1_zoomed_surface_plane_octahedra_compare.svg	287503	out_of_scope	manifest_only	Unrelated project, runtime, cache or secret-adjacent path.
previews\moo3_final_pack_001_100\manuscript_figures\fig2_formation_energy.pdf	14001	out_of_scope	manifest_only	Unrelated project, runtime, cache or secret-adjacent path.
previews\moo3_final_pack_001_100\manuscript_figures\fig2_formation_energy.png	99913	out_of_scope	manifest_only	Unrelated project, runtime, cache or secret-adjacent path.
previews\moo3_final_pack_001_100\manuscript_figures\fig2_formation_energy.svg	28832	out_of_scope	manifest_only	Unrelated project, runtime, cache or secret-adjacent path.
previews\moo3_final_pack_001_100\manuscript_figures\fig2_formation_energy.tif	730944	out_of_scope	manifest_only	Unrelated project, runtime, cache or secret-adjacent path.
previews\moo3_final_pack_001_100\manuscript_figures\fig3_dos_pdos.pdf	59805	out_of_scope	manifest_only	Unrelated project, runtime, cache or secret-adjacent path.
previews\moo3_final_pack_001_100\manuscript_figures\fig3_dos_pdos.png	913611	out_of_scope	manifest_only	Unrelated project, runtime, cache or secret-adjacent path.
previews\moo3_final_pack_001_100\manuscript_figures\fig3_dos_pdos.svg	172377	out_of_scope	manifest_only	Unrelated project, runtime, cache or secret-adjacent path.
previews\moo3_final_pack_001_100\manuscript_figures\fig3_dos_pdos.tif	2786152	out_of_scope	manifest_only	Unrelated project, runtime, cache or secret-adjacent path.
previews\moo3_final_pack_001_100\manuscript_figures\fig3_tdos_pdos_host_vbm_aligned_data.csv	177205	out_of_scope	manifest_only	Unrelated project, runtime, cache or secret-adjacent path.
previews\moo3_final_pack_001_100\manuscript_figures\fig3_tdos_pdos_pristine_vo_compare.pdf	58223	out_of_scope	manifest_only	Unrelated project, runtime, cache or secret-adjacent path.
previews\moo3_final_pack_001_100\manuscript_figures\fig3_tdos_pdos_pristine_vo_compare.png	1022535	out_of_scope	manifest_only	Unrelated project, runtime, cache or secret-adjacent path.
previews\moo3_final_pack_001_100\manuscript_figures\fig3_tdos_pdos_pristine_vo_compare.svg	116847	out_of_scope	manifest_only	Unrelated project, runtime, cache or secret-adjacent path.
previews\moo3_final_pack_001_100\manuscript_figures\fig3_tdos_pdos_pristine_vo_data.csv	65834	out_of_scope	manifest_only	Unrelated project, runtime, cache or secret-adjacent path.
previews\moo3_final_pack_001_100\manuscript_figures\fig3_tdos_pdos_pristine_vo_vbm_aligned_data.csv	59284	out_of_scope	manifest_only	Unrelated project, runtime, cache or secret-adjacent path.
previews\moo3_final_pack_001_100\manuscript_figures\fig3_tdos_pdos_pristine_vo_vbm_aligned.pdf	57833	out_of_scope	manifest_only	Unrelated project, runtime, cache or secret-adjacent path.
previews\moo3_final_pack_001_100\manuscript_figures\fig3_tdos_pdos_pristine_vo_vbm_aligned.png	1001751	out_of_scope	manifest_only	Unrelated project, runtime, cache or secret-adjacent path.
previews\moo3_final_pack_001_100\manuscript_figures\fig3_tdos_pdos_pristine_vo_vbm_aligned.svg	119340	out_of_scope	manifest_only	Unrelated project, runtime, cache or secret-adjacent path.
previews\moo3_final_pack_001_100\manuscript_figures\fig4_charge_density_difference.pdf	971871	out_of_scope	manifest_only	Unrelated project, runtime, cache or secret-adjacent path.
previews\moo3_final_pack_001_100\manuscript_figures\fig4_charge_density_difference.png	1180796	out_of_scope	manifest_only	Unrelated project, runtime, cache or secret-adjacent path.
previews\moo3_final_pack_001_100\manuscript_figures\fig4_charge_density_difference.svg	1421966	out_of_scope	manifest_only	Unrelated project, runtime, cache or secret-adjacent path.
previews\moo3_final_pack_001_100\manuscript_figures\fig4_charge_density_difference.tif	12340774	out_of_scope	manifest_only	Unrelated project, runtime, cache or secret-adjacent path.
previews\moo3_final_pack_001_100\manuscript_figures\figS_charge_difference_planar_direct.pdf	51350	out_of_scope	manifest_only	Unrelated project, runtime, cache or secret-adjacent path.
previews\moo3_final_pack_001_100\manuscript_figures\figS_charge_difference_planar_direct.png	459672	out_of_scope	manifest_only	Unrelated project, runtime, cache or secret-adjacent path.
previews\moo3_final_pack_001_100\manuscript_figures\figS_charge_difference_planar_direct.svg	155505	out_of_scope	manifest_only	Unrelated project, runtime, cache or secret-adjacent path.
previews\moo3_final_pack_001_100\manuscript_figures\figure_manifest.md	5019	out_of_scope	manifest_only	Unrelated project, runtime, cache or secret-adjacent path.
previews\moo3_final_pack_001_100\manuscript_figures\main_text_figure_overview.png	1660769	out_of_scope	manifest_only	Unrelated project, runtime, cache or secret-adjacent path.
previews\moo3_final_pack_001_100\manuscript_figures\source_structures\001_pristine_CONTCAR	24063	out_of_scope	manifest_only	Unrelated project, runtime, cache or secret-adjacent path.
previews\moo3_final_pack_001_100\manuscript_figures\source_structures\001_pristine_CONTCAR.vasp	24063	out_of_scope	manifest_only	Unrelated project, runtime, cache or secret-adjacent path.
previews\moo3_final_pack_001_100\manuscript_figures\source_structures\001_VO_CONTCAR	23953	out_of_scope	manifest_only	Unrelated project, runtime, cache or secret-adjacent path.
previews\moo3_final_pack_001_100\manuscript_figures\source_structures\001_VO_CONTCAR.vasp	23953	out_of_scope	manifest_only	Unrelated project, runtime, cache or secret-adjacent path.
previews\moo3_final_pack_001_100\manuscript_figures\source_structures\100_pristine_CONTCAR	24063	out_of_scope	manifest_only	Unrelated project, runtime, cache or secret-adjacent path.
previews\moo3_final_pack_001_100\manuscript_figures\source_structures\100_pristine_CONTCAR.vasp	24063	out_of_scope	manifest_only	Unrelated project, runtime, cache or secret-adjacent path.
previews\moo3_final_pack_001_100\manuscript_figures\source_structures\100_VO_CONTCAR	23953	out_of_scope	manifest_only	Unrelated project, runtime, cache or secret-adjacent path.
previews\moo3_final_pack_001_100\manuscript_figures\source_structures\100_VO_CONTCAR.vasp	23953	out_of_scope	manifest_only	Unrelated project, runtime, cache or secret-adjacent path.
previews\moo3_final_pack_001_100\manuscript_figures\source_tiffs\001-sur.png	83296	out_of_scope	manifest_only	Unrelated project, runtime, cache or secret-adjacent path.
previews\moo3_final_pack_001_100\manuscript_figures\source_tiffs\001-sur.tif	2011568	out_of_scope	manifest_only	Unrelated project, runtime, cache or secret-adjacent path.
previews\moo3_final_pack_001_100\manuscript_figures\source_tiffs\001-VO.png	83834	out_of_scope	manifest_only	Unrelated project, runtime, cache or secret-adjacent path.
previews\moo3_final_pack_001_100\manuscript_figures\source_tiffs\001-VO.tif	2011568	out_of_scope	manifest_only	Unrelated project, runtime, cache or secret-adjacent path.
previews\moo3_final_pack_001_100\manuscript_figures\source_tiffs\100-sur.png	70323	out_of_scope	manifest_only	Unrelated project, runtime, cache or secret-adjacent path.
previews\moo3_final_pack_001_100\manuscript_figures\source_tiffs\100-sur.tif	2011568	out_of_scope	manifest_only	Unrelated project, runtime, cache or secret-adjacent path.
previews\moo3_final_pack_001_100\manuscript_figures\source_tiffs\100-VO.png	74522	out_of_scope	manifest_only	Unrelated project, runtime, cache or secret-adjacent path.
previews\moo3_final_pack_001_100\manuscript_figures\source_tiffs\100-VO.tif	2011568	out_of_scope	manifest_only	Unrelated project, runtime, cache or secret-adjacent path.
previews\moo3_final_pack_001_100\origin\dos_scf_origin.lt	42481	out_of_scope	manifest_only	Unrelated project, runtime, cache or secret-adjacent path.
previews\moo3_final_pack_001_100\origin\dos_scf_origin.opju	93498	out_of_scope	manifest_only	Unrelated project, runtime, cache or secret-adjacent path.
previews\moo3_final_pack_001_100\origin\formation_energy_origin.lt	587	out_of_scope	manifest_only	Unrelated project, runtime, cache or secret-adjacent path.
previews\moo3_final_pack_001_100\origin\formation_energy_origin.opju	22264	out_of_scope	manifest_only	Unrelated project, runtime, cache or secret-adjacent path.
previews\moo3_final_pack_001_100\origin\formation_energy_PBE_noU_3x3x1_static.opju	21167	out_of_scope	manifest_only	Unrelated project, runtime, cache or secret-adjacent path.
previews\moo3_final_pack_001_100\origin\pdos_scf_origin.lt	21470	out_of_scope	manifest_only	Unrelated project, runtime, cache or secret-adjacent path.
previews\moo3_final_pack_001_100\origin\tdos_origin.lt	29251	out_of_scope	manifest_only	Unrelated project, runtime, cache or secret-adjacent path.
previews\moo3_final_pack_001_100\origin\tdos_origin.opju	50820	out_of_scope	manifest_only	Unrelated project, runtime, cache or secret-adjacent path.
previews\moo3_final_pack_001_100\origin\tdos_scf_origin.lt	21009	out_of_scope	manifest_only	Unrelated project, runtime, cache or secret-adjacent path.
previews\moo3_final_pack_001_100\README.md	4193	out_of_scope	manifest_only	Unrelated project, runtime, cache or secret-adjacent path.
previews\moo3_final_pack_001_100\render_charge_diff_fig1_views.vmd	1845	out_of_scope	manifest_only	Unrelated project, runtime, cache or secret-adjacent path.
previews\moo3_final_pack_001_100\render_charge_diff_stride2_fig1_views.vmd	1758	out_of_scope	manifest_only	Unrelated project, runtime, cache or secret-adjacent path.
previews\moo3_final_pack_001_100\render_charge_diff.vmd	1172	out_of_scope	manifest_only	Unrelated project, runtime, cache or secret-adjacent path.
previews\moo3_final_pack_001_100\render_structure_zoom.vmd	1611	out_of_scope	manifest_only	Unrelated project, runtime, cache or secret-adjacent path.
previews\moo3_final_pack_001_100\structure_local_pdb\moo3_001_vo_local_centered.pdb	2325	out_of_scope	manifest_only	Unrelated project, runtime, cache or secret-adjacent path.
previews\moo3_final_pack_001_100\structure_local_pdb\moo3_100_vo_local_centered.pdb	2485	out_of_scope	manifest_only	Unrelated project, runtime, cache or secret-adjacent path.
previews\moo3_vo_001_100_data\001\sur\CONTCAR	24063	out_of_scope	manifest_only	Unrelated project, runtime, cache or secret-adjacent path.
previews\moo3_vo_001_100_data\001\sur\DOSCAR	11073	out_of_scope	manifest_only	Unrelated project, runtime, cache or secret-adjacent path.
previews\moo3_vo_001_100_data\001\sur\OSZICAR	7950	out_of_scope	manifest_only	Unrelated project, runtime, cache or secret-adjacent path.
previews\moo3_vo_001_100_data\001\sur\OUTCAR	1234655	out_of_scope	manifest_only	Unrelated project, runtime, cache or secret-adjacent path.
previews\moo3_vo_001_100_data\001\sur\POSCAR	12799	out_of_scope	manifest_only	Unrelated project, runtime, cache or secret-adjacent path.
previews\moo3_vo_001_100_data\001\VO\CONTCAR	23953	out_of_scope	manifest_only	Unrelated project, runtime, cache or secret-adjacent path.
previews\moo3_vo_001_100_data\001\VO\DOSCAR	11073	out_of_scope	manifest_only	Unrelated project, runtime, cache or secret-adjacent path.
previews\moo3_vo_001_100_data\001\VO\OSZICAR	231287	out_of_scope	manifest_only	Unrelated project, runtime, cache or secret-adjacent path.
previews\moo3_vo_001_100_data\001\VO\OUTCAR	28655129	out_of_scope	manifest_only	Unrelated project, runtime, cache or secret-adjacent path.
previews\moo3_vo_001_100_data\001\VO\POSCAR	12741	out_of_scope	manifest_only	Unrelated project, runtime, cache or secret-adjacent path.
previews\moo3_vo_001_100_data\100\sur\CONTCAR	24063	out_of_scope	manifest_only	Unrelated project, runtime, cache or secret-adjacent path.
previews\moo3_vo_001_100_data\100\sur\DOSCAR	11073	out_of_scope	manifest_only	Unrelated project, runtime, cache or secret-adjacent path.
previews\moo3_vo_001_100_data\100\sur\OSZICAR	5072	out_of_scope	manifest_only	Unrelated project, runtime, cache or secret-adjacent path.
previews\moo3_vo_001_100_data\100\sur\OUTCAR	1049615	out_of_scope	manifest_only	Unrelated project, runtime, cache or secret-adjacent path.
previews\moo3_vo_001_100_data\100\sur\POSCAR	24063	out_of_scope	manifest_only	Unrelated project, runtime, cache or secret-adjacent path.
previews\moo3_vo_001_100_data\100\VO\CONTCAR	23953	out_of_scope	manifest_only	Unrelated project, runtime, cache or secret-adjacent path.
previews\moo3_vo_001_100_data\100\VO\DOSCAR	11073	out_of_scope	manifest_only	Unrelated project, runtime, cache or secret-adjacent path.
previews\moo3_vo_001_100_data\100\VO\OSZICAR	609679	out_of_scope	manifest_only	Unrelated project, runtime, cache or secret-adjacent path.
previews\moo3_vo_001_100_data\100\VO\OUTCAR	65368212	out_of_scope	manifest_only	Unrelated project, runtime, cache or secret-adjacent path.
previews\moo3_vo_001_100_data\100\VO\POSCAR	12741	out_of_scope	manifest_only	Unrelated project, runtime, cache or secret-adjacent path.
previews\moo3_vo_001_100_data\vaspkit\001_sur\ITDOS.dat	8755	out_of_scope	manifest_only	Unrelated project, runtime, cache or secret-adjacent path.
previews\moo3_vo_001_100_data\vaspkit\001_sur\TDOS.dat	8755	out_of_scope	manifest_only	Unrelated project, runtime, cache or secret-adjacent path.
previews\moo3_vo_001_100_data\vaspkit\001_VO\ITDOS.dat	8755	out_of_scope	manifest_only	Unrelated project, runtime, cache or secret-adjacent path.
previews\moo3_vo_001_100_data\vaspkit\001_VO\TDOS.dat	8755	out_of_scope	manifest_only	Unrelated project, runtime, cache or secret-adjacent path.
previews\moo3_vo_001_100_data\vaspkit\100_sur\ITDOS.dat	8755	out_of_scope	manifest_only	Unrelated project, runtime, cache or secret-adjacent path.
previews\moo3_vo_001_100_data\vaspkit\100_sur\TDOS.dat	8755	out_of_scope	manifest_only	Unrelated project, runtime, cache or secret-adjacent path.
previews\moo3_vo_001_100_data\vaspkit\100_VO\ITDOS.dat	8755	out_of_scope	manifest_only	Unrelated project, runtime, cache or secret-adjacent path.
previews\moo3_vo_001_100_data\vaspkit\100_VO\TDOS.dat	8755	out_of_scope	manifest_only	Unrelated project, runtime, cache or secret-adjacent path.
previews\moo3_vo_figures\fig1_structures_vmd_preview_large.png	368412	out_of_scope	manifest_only	Unrelated project, runtime, cache or secret-adjacent path.
previews\moo3_vo_figures\fig1_structures_vmd_preview.png	62868	out_of_scope	manifest_only	Unrelated project, runtime, cache or secret-adjacent path.
previews\moo3_vo_figures\fig2_formation_energy_preview.png	39205	out_of_scope	manifest_only	Unrelated project, runtime, cache or secret-adjacent path.
previews\moo3_vo_figures\fig3_total_dos_preview.png	37360	out_of_scope	manifest_only	Unrelated project, runtime, cache or secret-adjacent path.
previews\moo3_vo_figures\fig3_vaspkit_tdos_preview.png	44670	out_of_scope	manifest_only	Unrelated project, runtime, cache or secret-adjacent path.
previews\moo3_vo_figures\fig4_local_relaxation_preview.png	37984	out_of_scope	manifest_only	Unrelated project, runtime, cache or secret-adjacent path.
previews\moo3_vo_figures\moo3_001_vo_relaxed.pdb	17205	out_of_scope	manifest_only	Unrelated project, runtime, cache or secret-adjacent path.
previews\moo3_vo_figures\moo3_001_vo_side_mid.png	15110	out_of_scope	manifest_only	Unrelated project, runtime, cache or secret-adjacent path.
previews\moo3_vo_figures\moo3_001_vo_side_mid.tga	1755018	out_of_scope	manifest_only	Unrelated project, runtime, cache or secret-adjacent path.
previews\moo3_vo_figures\moo3_001_vo_side_wide.png	7068	out_of_scope	manifest_only	Unrelated project, runtime, cache or secret-adjacent path.
previews\moo3_vo_figures\moo3_001_vo_side_wide.tga	1755018	out_of_scope	manifest_only	Unrelated project, runtime, cache or secret-adjacent path.
previews\moo3_vo_figures\moo3_001_vo_side.bmp	0	out_of_scope	manifest_only	Unrelated project, runtime, cache or secret-adjacent path.
previews\moo3_vo_figures\moo3_001_vo_side.png	220294	out_of_scope	manifest_only	Unrelated project, runtime, cache or secret-adjacent path.
previews\moo3_vo_figures\moo3_001_vo_side.tga	1755018	out_of_scope	manifest_only	Unrelated project, runtime, cache or secret-adjacent path.
previews\moo3_vo_figures\moo3_001_vo_top_mid.png	11075	out_of_scope	manifest_only	Unrelated project, runtime, cache or secret-adjacent path.
previews\moo3_vo_figures\moo3_001_vo_top_mid.tga	1755018	out_of_scope	manifest_only	Unrelated project, runtime, cache or secret-adjacent path.
previews\moo3_vo_figures\moo3_001_vo_top_wide.png	5967	out_of_scope	manifest_only	Unrelated project, runtime, cache or secret-adjacent path.
previews\moo3_vo_figures\moo3_001_vo_top_wide.tga	1755018	out_of_scope	manifest_only	Unrelated project, runtime, cache or secret-adjacent path.
previews\moo3_vo_figures\moo3_001_vo_top.bmp	0	out_of_scope	manifest_only	Unrelated project, runtime, cache or secret-adjacent path.
previews\moo3_vo_figures\moo3_001_vo_top.png	159105	out_of_scope	manifest_only	Unrelated project, runtime, cache or secret-adjacent path.
previews\moo3_vo_figures\moo3_001_vo_top.tga	1755018	out_of_scope	manifest_only	Unrelated project, runtime, cache or secret-adjacent path.
previews\moo3_vo_figures\moo3_100_vo_relaxed.pdb	17205	out_of_scope	manifest_only	Unrelated project, runtime, cache or secret-adjacent path.
previews\moo3_vo_figures\moo3_100_vo_side_mid.png	12659	out_of_scope	manifest_only	Unrelated project, runtime, cache or secret-adjacent path.
previews\moo3_vo_figures\moo3_100_vo_side_mid.tga	1755018	out_of_scope	manifest_only	Unrelated project, runtime, cache or secret-adjacent path.
previews\moo3_vo_figures\moo3_100_vo_side_wide.png	6259	out_of_scope	manifest_only	Unrelated project, runtime, cache or secret-adjacent path.
previews\moo3_vo_figures\moo3_100_vo_side_wide.tga	1755018	out_of_scope	manifest_only	Unrelated project, runtime, cache or secret-adjacent path.
previews\moo3_vo_figures\moo3_100_vo_side.bmp	0	out_of_scope	manifest_only	Unrelated project, runtime, cache or secret-adjacent path.
previews\moo3_vo_figures\moo3_100_vo_side.png	167995	out_of_scope	manifest_only	Unrelated project, runtime, cache or secret-adjacent path.
previews\moo3_vo_figures\moo3_100_vo_side.tga	1755018	out_of_scope	manifest_only	Unrelated project, runtime, cache or secret-adjacent path.
previews\moo3_vo_figures\moo3_100_vo_top_mid.png	10198	out_of_scope	manifest_only	Unrelated project, runtime, cache or secret-adjacent path.
previews\moo3_vo_figures\moo3_100_vo_top_mid.tga	1755018	out_of_scope	manifest_only	Unrelated project, runtime, cache or secret-adjacent path.
previews\moo3_vo_figures\moo3_100_vo_top_wide.png	5564	out_of_scope	manifest_only	Unrelated project, runtime, cache or secret-adjacent path.
previews\moo3_vo_figures\moo3_100_vo_top_wide.tga	1755018	out_of_scope	manifest_only	Unrelated project, runtime, cache or secret-adjacent path.
previews\moo3_vo_figures\moo3_100_vo_top.bmp	0	out_of_scope	manifest_only	Unrelated project, runtime, cache or secret-adjacent path.
previews\moo3_vo_figures\moo3_100_vo_top.png	193725	out_of_scope	manifest_only	Unrelated project, runtime, cache or secret-adjacent path.
previews\moo3_vo_figures\moo3_100_vo_top.tga	1755018	out_of_scope	manifest_only	Unrelated project, runtime, cache or secret-adjacent path.
previews\moo3_vo_figures\moo3_four_figure_preview_contact_sheet_large_structures.png	399004	out_of_scope	manifest_only	Unrelated project, runtime, cache or secret-adjacent path.
previews\moo3_vo_figures\moo3_four_figure_preview_contact_sheet.png	268650	out_of_scope	manifest_only	Unrelated project, runtime, cache or secret-adjacent path.
previews\moo3_vo_figures\render_structures_tachyon_mid.vmd	2529	out_of_scope	manifest_only	Unrelated project, runtime, cache or secret-adjacent path.
previews\moo3_vo_figures\render_structures_tachyon_wide.vmd	2533	out_of_scope	manifest_only	Unrelated project, runtime, cache or secret-adjacent path.
previews\moo3_vo_figures\render_structures_tachyon.vmd	2513	out_of_scope	manifest_only	Unrelated project, runtime, cache or secret-adjacent path.
previews\moo3_vo_figures\render_structures.vmd	2485	out_of_scope	manifest_only	Unrelated project, runtime, cache or secret-adjacent path.
previews\moo3_vo_formation_energy_preview_001_100.csv	214	out_of_scope	manifest_only	Unrelated project, runtime, cache or secret-adjacent path.
previews\moo3_vo_formation_energy_preview_001_100.svg	4784	out_of_scope	manifest_only	Unrelated project, runtime, cache or secret-adjacent path.
recovery_111383\__pycache__\prepare_retry.cpython-313.pyc	12655	historical_dataset	manifest_only	Outside the curated CoOOH archive selection.
recovery_111383\diagnosis_111645_20260909.md	3795	historical_dataset	manifest_only	Outside the curated CoOOH archive selection.
recovery_111383\fix_tight_preflight.py	494	historical_dataset	manifest_only	Outside the curated CoOOH archive selection.
recovery_111383\prepare_nb1_production.py	7748	historical_dataset	manifest_only	Outside the curated CoOOH archive selection.
recovery_111383\prepare_probe_nb1.py	7996	historical_dataset	manifest_only	Outside the curated CoOOH archive selection.
recovery_111383\prepare_retry.py	7215	historical_dataset	manifest_only	Outside the curated CoOOH archive selection.
recovery_111383\prepare_retry2.py	7819	historical_dataset	manifest_only	Outside the curated CoOOH archive selection.
recovery_111383\prepare_tight400.py	3213	historical_dataset	manifest_only	Outside the curated CoOOH archive selection.
recovery_111383\README.md	5820	historical_dataset	manifest_only	Outside the curated CoOOH archive selection.
remote_jobs\run_zno_fix_bx402_500_600_array.slurm	3723	out_of_scope	manifest_only	Unrelated project, runtime, cache or secret-adjacent path.
remote_jobs\run_zno_fix_bx410_500_600_array.slurm	3723	out_of_scope	manifest_only	Unrelated project, runtime, cache or secret-adjacent path.
remote_jobs\run_zno_fix_bx412_500_600_array.slurm	3723	out_of_scope	manifest_only	Unrelated project, runtime, cache or secret-adjacent path.
remote_jobs\run_zno_stage3_nscf_gw_700_800_bx412_array.slurm	4598	out_of_scope	manifest_only	Unrelated project, runtime, cache or secret-adjacent path.
remote_jobs\run_zno_stage3_nscf_gw_700_800_bx412_retry1_array.slurm	4611	out_of_scope	manifest_only	Unrelated project, runtime, cache or secret-adjacent path.
scripts\analyze_ftfan_history.py	13835	historical_dataset	manifest_only	Outside the curated CoOOH archive selection.
scripts\collect_ftfan_history.py	2156	historical_dataset	manifest_only	Outside the curated CoOOH archive selection.
staging\archive_coooh_al_oer_20260910.ps1	6954	historical_dataset	manifest_only	Outside the curated CoOOH archive selection.
staging\build_coooh_archive_manifest_20260910.ps1	2408	historical_dataset	manifest_only	Outside the curated CoOOH archive selection.
staging\coooh_al_oer_archive_20260910\00_project_management\archive_protocol.md	6517	historical_dataset	manifest_only	Outside the curated CoOOH archive selection.
staging\coooh_al_oer_archive_20260910\02_DFT_CP2K\validated_sources\cp2k_Al16_O_baseline.inp	19793	historical_dataset	manifest_only	Outside the curated CoOOH archive selection.
staging\coooh_al_oer_archive_20260910\02_DFT_CP2K\validated_sources\cp2k_Al16_O_baseline.out	91033	historical_dataset	manifest_only	Outside the curated CoOOH archive selection.
staging\coooh_al_oer_archive_20260910\02_DFT_CP2K\validated_sources\cp2k_Al16_OH_baseline.inp	19862	historical_dataset	manifest_only	Outside the curated CoOOH archive selection.
staging\coooh_al_oer_archive_20260910\02_DFT_CP2K\validated_sources\cp2k_Al16_OH_baseline.out	87253	historical_dataset	manifest_only	Outside the curated CoOOH archive selection.
staging\coooh_al_oer_archive_20260910\02_DFT_CP2K\validated_sources\cp2k_undoped_O_baseline.inp	22299	historical_dataset	manifest_only	Outside the curated CoOOH archive selection.
staging\coooh_al_oer_archive_20260910\02_DFT_CP2K\validated_sources\cp2k_undoped_O_baseline.out	92987	historical_dataset	manifest_only	Outside the curated CoOOH archive selection.
staging\coooh_al_oer_archive_20260910\02_DFT_CP2K\validated_sources\cp2k_undoped_OH_baseline.inp	22385	historical_dataset	manifest_only	Outside the curated CoOOH archive selection.
staging\coooh_al_oer_archive_20260910\02_DFT_CP2K\validated_sources\cp2k_undoped_OH_baseline.out	100193	historical_dataset	manifest_only	Outside the curated CoOOH archive selection.
staging\coooh_al_oer_archive_20260910\03_cDFT\mechanism_validation_bundle\00_structure_mapping.tsv	2615	historical_dataset	manifest_only	Outside the curated CoOOH archive selection.
staging\coooh_al_oer_archive_20260910\03_cDFT\mechanism_validation_bundle\01_cp2k_absolute_populations.tsv	5041	historical_dataset	manifest_only	Outside the curated CoOOH archive selection.
staging\coooh_al_oer_archive_20260910\03_cDFT\mechanism_validation_bundle\02_cp2k_ligand_field_interpretation.md	1321	historical_dataset	manifest_only	Outside the curated CoOOH archive selection.
staging\coooh_al_oer_archive_20260910\03_cDFT\mechanism_validation_bundle\03_cp2k_spin_resolved_changes.tsv	4880	historical_dataset	manifest_only	Outside the curated CoOOH archive selection.
staging\coooh_al_oer_archive_20260910\03_cDFT\mechanism_validation_bundle\04_cp2k_cdft_constraints.tsv	2306	historical_dataset	manifest_only	Outside the curated CoOOH archive selection.
staging\coooh_al_oer_archive_20260910\03_cDFT\mechanism_validation_bundle\04_cp2k_cdft_interpretation.md	1156	historical_dataset	manifest_only	Outside the curated CoOOH archive selection.
staging\coooh_al_oer_archive_20260910\03_cDFT\mechanism_validation_bundle\05_cp2k_frontier_states.png	88018	historical_dataset	manifest_only	Outside the curated CoOOH archive selection.
staging\coooh_al_oer_archive_20260910\03_cDFT\mechanism_validation_bundle\05_cp2k_frontier_states.tsv	744	historical_dataset	manifest_only	Outside the curated CoOOH archive selection.
staging\coooh_al_oer_archive_20260910\03_cDFT\mechanism_validation_bundle\06_vasp_frontier_pdos_Al.png	277817	historical_dataset	manifest_only	Outside the curated CoOOH archive selection.
staging\coooh_al_oer_archive_20260910\03_cDFT\mechanism_validation_bundle\06_vasp_frontier_pdos_pristine.png	298456	historical_dataset	manifest_only	Outside the curated CoOOH archive selection.
staging\coooh_al_oer_archive_20260910\03_cDFT\mechanism_validation_bundle\06_vasp_frontier_pdos.tsv	174568	historical_dataset	manifest_only	Outside the curated CoOOH archive selection.
staging\coooh_al_oer_archive_20260910\03_cDFT\mechanism_validation_bundle\07_frontier_cohp_Al.png	137141	historical_dataset	manifest_only	Outside the curated CoOOH archive selection.
staging\coooh_al_oer_archive_20260910\03_cDFT\mechanism_validation_bundle\07_frontier_cohp_pristine.png	132473	historical_dataset	manifest_only	Outside the curated CoOOH archive selection.
staging\coooh_al_oer_archive_20260910\03_cDFT\mechanism_validation_bundle\07_frontier_cohp.tsv	43350	historical_dataset	manifest_only	Outside the curated CoOOH archive selection.
staging\coooh_al_oer_archive_20260910\03_cDFT\mechanism_validation_bundle\08_orbital_symmetry_assignment.md	853	historical_dataset	manifest_only	Outside the curated CoOOH archive selection.
staging\coooh_al_oer_archive_20260910\03_cDFT\mechanism_validation_bundle\08_orbital_symmetry_assignment.tsv	1326	historical_dataset	manifest_only	Outside the curated CoOOH archive selection.
staging\coooh_al_oer_archive_20260910\03_cDFT\mechanism_validation_bundle\09_spin_rehybridization.png	76796	historical_dataset	manifest_only	Outside the curated CoOOH archive selection.
staging\coooh_al_oer_archive_20260910\03_cDFT\mechanism_validation_bundle\09_spin_rehybridization.tsv	975	historical_dataset	manifest_only	Outside the curated CoOOH archive selection.
staging\coooh_al_oer_archive_20260910\03_cDFT\mechanism_validation_bundle\10_neighbor_Co_vs_Al.png	150017	historical_dataset	manifest_only	Outside the curated CoOOH archive selection.
staging\coooh_al_oer_archive_20260910\03_cDFT\mechanism_validation_bundle\10_neighbor_Co_vs_Al.tsv	1630	historical_dataset	manifest_only	Outside the curated CoOOH archive selection.
staging\coooh_al_oer_archive_20260910\03_cDFT\mechanism_validation_bundle\11_O_spin_reversal_audit.md	1608	historical_dataset	manifest_only	Outside the curated CoOOH archive selection.
staging\coooh_al_oer_archive_20260910\03_cDFT\mechanism_validation_bundle\11_O_spin_reversal_audit.tsv	4094	historical_dataset	manifest_only	Outside the curated CoOOH archive selection.
staging\coooh_al_oer_archive_20260910\03_cDFT\mechanism_validation_bundle\12_mechanism_evidence_matrix.tsv	6787	historical_dataset	manifest_only	Outside the curated CoOOH archive selection.
staging\coooh_al_oer_archive_20260910\03_cDFT\mechanism_validation_bundle\13_safe_orbital_diagram.md	3110	historical_dataset	manifest_only	Outside the curated CoOOH archive selection.
staging\coooh_al_oer_archive_20260910\03_cDFT\mechanism_validation_bundle\14_minimal_additional_calculation_request.md	1430	historical_dataset	manifest_only	Outside the curated CoOOH archive selection.
staging\coooh_al_oer_archive_20260910\03_cDFT\mechanism_validation_bundle\mechanism_validation_for_chatgpt.json	69208	historical_dataset	manifest_only	Outside the curated CoOOH archive selection.
staging\coooh_al_oer_archive_20260910\03_cDFT\mechanism_validation_bundle\README.md	1854	historical_dataset	manifest_only	Outside the curated CoOOH archive selection.
staging\coooh_al_oer_archive_20260910\03_cDFT\mechanism_validation_stage2\mechanism_stage2_for_chatgpt.md	4053	historical_dataset	manifest_only	Outside the curated CoOOH archive selection.
staging\coooh_al_oer_archive_20260910\03_cDFT\mechanism_validation_stage2\README.md	605	historical_dataset	manifest_only	Outside the curated CoOOH archive selection.
staging\coooh_al_oer_archive_20260910\03_cDFT\mechanism_validation_stage2\stage2_01_global_spin_settings.tsv	1369	historical_dataset	manifest_only	Outside the curated CoOOH archive selection.
staging\coooh_al_oer_archive_20260910\03_cDFT\mechanism_validation_stage2\stage2_01b_global_spin_changes.tsv	457	historical_dataset	manifest_only	Outside the curated CoOOH archive selection.
staging\coooh_al_oer_archive_20260910\03_cDFT\mechanism_validation_stage2\stage2_02_cp2k_wavefunction_inventory.tsv	3616	historical_dataset	manifest_only	Outside the curated CoOOH archive selection.
staging\coooh_al_oer_archive_20260910\03_cDFT\mechanism_validation_stage2\stage2_03_cp2k_frontier_MO.md	1265	historical_dataset	manifest_only	Outside the curated CoOOH archive selection.
staging\coooh_al_oer_archive_20260910\03_cDFT\mechanism_validation_stage2\stage2_03_cp2k_frontier_MO.tsv	1189	historical_dataset	manifest_only	Outside the curated CoOOH archive selection.
staging\coooh_al_oer_archive_20260910\03_cDFT\mechanism_validation_stage2\stage2_04_Co_spin_state_relaxation.md	1489	historical_dataset	manifest_only	Outside the curated CoOOH archive selection.
staging\coooh_al_oer_archive_20260910\03_cDFT\mechanism_validation_stage2\stage2_04_Co_spin_state_relaxation.tsv	2255	historical_dataset	manifest_only	Outside the curated CoOOH archive selection.
staging\coooh_al_oer_archive_20260910\03_cDFT\mechanism_validation_stage2\stage2_05_spin_density_interpretation.md	1186	historical_dataset	manifest_only	Outside the curated CoOOH archive selection.
staging\coooh_al_oer_archive_20260910\03_cDFT\mechanism_validation_stage2\stage2_06_vasp_lobster_crosscheck.md	2204	historical_dataset	manifest_only	Outside the curated CoOOH archive selection.
staging\coooh_al_oer_archive_20260910\03_cDFT\mechanism_validation_stage2\stage2_07_minimal_cp2k_print_rerun.md	2050	historical_dataset	manifest_only	Outside the curated CoOOH archive selection.
staging\coooh_al_oer_archive_20260910\04_VASP_analysis\cohp_bader\cohp_oh_o_inputs\COHPCAR.lobster	100614	historical_dataset	manifest_only	Outside the curated CoOOH archive selection.
staging\coooh_al_oer_archive_20260910\04_VASP_analysis\cohp_bader\cohp_oh_o_inputs\ICOHPLIST.lobster	608	historical_dataset	manifest_only	Outside the curated CoOOH archive selection.
staging\coooh_al_oer_archive_20260910\04_VASP_analysis\cohp_bader\cohp_oh_o_inputs\lobsterout	2552	historical_dataset	manifest_only	Outside the curated CoOOH archive selection.
staging\coooh_al_oer_archive_20260910\04_VASP_analysis\cohp_bader\cohp_oh_o_inputs\POSCAR	38495	historical_dataset	manifest_only	Outside the curated CoOOH archive selection.
staging\coooh_al_oer_archive_20260910\04_VASP_analysis\orbital_assignment\absolute_orbital_populations.tsv	7863	historical_dataset	manifest_only	Outside the curated CoOOH archive selection.
staging\coooh_al_oer_archive_20260910\04_VASP_analysis\orbital_assignment\active_OH_COHP_summary.tsv	397	historical_dataset	manifest_only	Outside the curated CoOOH archive selection.
staging\coooh_al_oer_archive_20260910\04_VASP_analysis\orbital_assignment\active_OH_COHP.tsv	84571	historical_dataset	manifest_only	Outside the curated CoOOH archive selection.
staging\coooh_al_oer_archive_20260910\04_VASP_analysis\orbital_assignment\axial_equatorial_COHP.png	275124	historical_dataset	manifest_only	Outside the curated CoOOH archive selection.
staging\coooh_al_oer_archive_20260910\04_VASP_analysis\orbital_assignment\axial_equatorial_fingerprints.tsv	2573	historical_dataset	manifest_only	Outside the curated CoOOH archive selection.
staging\coooh_al_oer_archive_20260910\04_VASP_analysis\orbital_assignment\dpi_manifold_assignment.tsv	2727	historical_dataset	manifest_only	Outside the curated CoOOH archive selection.
staging\coooh_al_oer_archive_20260910\04_VASP_analysis\orbital_assignment\empty_state_fingerprints.tsv	1420	historical_dataset	manifest_only	Outside the curated CoOOH archive selection.
staging\coooh_al_oer_archive_20260910\04_VASP_analysis\orbital_assignment\frontier_level_postprocess	554	historical_dataset	manifest_only	Outside the curated CoOOH archive selection.
staging\coooh_al_oer_archive_20260910\04_VASP_analysis\orbital_assignment\frontier_orbitalwise_COHP.tsv	1061141	historical_dataset	manifest_only	Outside the curated CoOOH archive selection.
staging\coooh_al_oer_archive_20260910\04_VASP_analysis\orbital_assignment\frontier_spatial_span.tsv	5701	historical_dataset	manifest_only	Outside the curated CoOOH archive selection.
staging\coooh_al_oer_archive_20260910\04_VASP_analysis\orbital_assignment\lobster_sixbond\Al16_O\COHPCAR.lobster	2706973	historical_dataset	manifest_only	Outside the curated CoOOH archive selection.
staging\coooh_al_oer_archive_20260910\04_VASP_analysis\orbital_assignment\lobster_sixbond\Al16_O\GROSSPOP.lobster	128871	historical_dataset	manifest_only	Outside the curated CoOOH archive selection.
staging\coooh_al_oer_archive_20260910\04_VASP_analysis\orbital_assignment\lobster_sixbond\Al16_O\ICOHPLIST.lobster	14966	historical_dataset	manifest_only	Outside the curated CoOOH archive selection.
staging\coooh_al_oer_archive_20260910\04_VASP_analysis\orbital_assignment\lobster_sixbond\Al16_O\lobsterin	426	historical_dataset	manifest_only	Outside the curated CoOOH archive selection.
staging\coooh_al_oer_archive_20260910\04_VASP_analysis\orbital_assignment\lobster_sixbond\Al16_O\lobsterout	2554	historical_dataset	manifest_only	Outside the curated CoOOH archive selection.
staging\coooh_al_oer_archive_20260910\04_VASP_analysis\orbital_assignment\lobster_sixbond\Al16_O\POSCAR	38495	historical_dataset	manifest_only	Outside the curated CoOOH archive selection.
staging\coooh_al_oer_archive_20260910\04_VASP_analysis\orbital_assignment\lobster_sixbond\Al16_OH\COHPCAR.lobster	2787396	historical_dataset	manifest_only	Outside the curated CoOOH archive selection.
staging\coooh_al_oer_archive_20260910\04_VASP_analysis\orbital_assignment\lobster_sixbond\Al16_OH\GROSSPOP.lobster	129055	historical_dataset	manifest_only	Outside the curated CoOOH archive selection.
staging\coooh_al_oer_archive_20260910\04_VASP_analysis\orbital_assignment\lobster_sixbond\Al16_OH\ICOHPLIST.lobster	15401	historical_dataset	manifest_only	Outside the curated CoOOH archive selection.
staging\coooh_al_oer_archive_20260910\04_VASP_analysis\orbital_assignment\lobster_sixbond\Al16_OH\lobsterin	468	historical_dataset	manifest_only	Outside the curated CoOOH archive selection.
staging\coooh_al_oer_archive_20260910\04_VASP_analysis\orbital_assignment\lobster_sixbond\Al16_OH\lobsterout	2555	historical_dataset	manifest_only	Outside the curated CoOOH archive selection.
staging\coooh_al_oer_archive_20260910\04_VASP_analysis\orbital_assignment\lobster_sixbond\Al16_OH\POSCAR	38605	historical_dataset	manifest_only	Outside the curated CoOOH archive selection.
staging\coooh_al_oer_archive_20260910\04_VASP_analysis\orbital_assignment\lobster_sixbond\pristine_O\COHPCAR.lobster	2835717	historical_dataset	manifest_only	Outside the curated CoOOH archive selection.
staging\coooh_al_oer_archive_20260910\04_VASP_analysis\orbital_assignment\lobster_sixbond\pristine_O\GROSSPOP.lobster	130691	historical_dataset	manifest_only	Outside the curated CoOOH archive selection.
staging\coooh_al_oer_archive_20260910\04_VASP_analysis\orbital_assignment\lobster_sixbond\pristine_O\ICOHPLIST.lobster	15706	historical_dataset	manifest_only	Outside the curated CoOOH archive selection.
staging\coooh_al_oer_archive_20260910\04_VASP_analysis\orbital_assignment\lobster_sixbond\pristine_O\lobsterin	426	historical_dataset	manifest_only	Outside the curated CoOOH archive selection.
staging\coooh_al_oer_archive_20260910\04_VASP_analysis\orbital_assignment\lobster_sixbond\pristine_O\lobsterout	2504	historical_dataset	manifest_only	Outside the curated CoOOH archive selection.
staging\coooh_al_oer_archive_20260910\04_VASP_analysis\orbital_assignment\lobster_sixbond\pristine_O\POSCAR	38484	historical_dataset	manifest_only	Outside the curated CoOOH archive selection.
staging\coooh_al_oer_archive_20260910\04_VASP_analysis\orbital_assignment\lobster_sixbond\pristine_OH\COHPCAR.lobster	2916140	historical_dataset	manifest_only	Outside the curated CoOOH archive selection.
staging\coooh_al_oer_archive_20260910\04_VASP_analysis\orbital_assignment\lobster_sixbond\pristine_OH\GROSSPOP.lobster	130875	historical_dataset	manifest_only	Outside the curated CoOOH archive selection.
staging\coooh_al_oer_archive_20260910\04_VASP_analysis\orbital_assignment\lobster_sixbond\pristine_OH\ICOHPLIST.lobster	16141	historical_dataset	manifest_only	Outside the curated CoOOH archive selection.
staging\coooh_al_oer_archive_20260910\04_VASP_analysis\orbital_assignment\lobster_sixbond\pristine_OH\lobsterin	468	historical_dataset	manifest_only	Outside the curated CoOOH archive selection.
staging\coooh_al_oer_archive_20260910\04_VASP_analysis\orbital_assignment\lobster_sixbond\pristine_OH\lobsterout	2891	historical_dataset	manifest_only	Outside the curated CoOOH archive selection.
staging\coooh_al_oer_archive_20260910\04_VASP_analysis\orbital_assignment\lobster_sixbond\pristine_OH\POSCAR	38594	historical_dataset	manifest_only	Outside the curated CoOOH archive selection.
staging\coooh_al_oer_archive_20260910\04_VASP_analysis\orbital_assignment\lobster_validation.tsv	1048	historical_dataset	manifest_only	Outside the curated CoOOH archive selection.
staging\coooh_al_oer_archive_20260910\04_VASP_analysis\orbital_assignment\local_d_occupation_matrix.tsv	622	historical_dataset	manifest_only	Outside the curated CoOOH archive selection.
staging\coooh_al_oer_archive_20260910\04_VASP_analysis\orbital_assignment\local_octahedral_frame.tsv	8971	historical_dataset	manifest_only	Outside the curated CoOOH archive selection.
staging\coooh_al_oer_archive_20260910\04_VASP_analysis\orbital_assignment\natural_d_orbitals.md	378	historical_dataset	manifest_only	Outside the curated CoOOH archive selection.
staging\coooh_al_oer_archive_20260910\04_VASP_analysis\orbital_assignment\neighbor_extension.tsv	664	historical_dataset	manifest_only	Outside the curated CoOOH archive selection.
staging\coooh_al_oer_archive_20260910\04_VASP_analysis\orbital_assignment\orbital_assignment_audit_20260903.zip	527945	historical_dataset	manifest_only	Outside the curated CoOOH archive selection.
staging\coooh_al_oer_archive_20260910\04_VASP_analysis\orbital_assignment\orbital_assignment_audit.md	4860	historical_dataset	manifest_only	Outside the curated CoOOH archive selection.
staging\coooh_al_oer_archive_20260910\04_VASP_analysis\orbital_assignment\parent_orbital_audit.tsv	5441	historical_dataset	manifest_only	Outside the curated CoOOH archive selection.
staging\coooh_al_oer_archive_20260910\04_VASP_analysis\orbital_assignment\phase_projection_availability.tsv	381	historical_dataset	manifest_only	Outside the curated CoOOH archive selection.
staging\coooh_al_oer_archive_20260910\04_VASP_analysis\orbital_assignment\six_CoO_bond_COHP.tsv	1890746	historical_dataset	manifest_only	Outside the curated CoOOH archive selection.
staging\coooh_al_oer_archive_20260910\04_VASP_analysis\orbital_assignment\source_manifest.tsv	3879	historical_dataset	manifest_only	Outside the curated CoOOH archive selection.
staging\coooh_al_oer_archive_20260910\04_VASP_analysis\orbital_assignment\spectral_branch_candidates.tsv	1563	historical_dataset	manifest_only	Outside the curated CoOOH archive selection.
staging\coooh_al_oer_archive_20260910\04_VASP_analysis\orbital_assignment\state_correlation_OH_to_O.tsv	2017	historical_dataset	manifest_only	Outside the curated CoOOH archive selection.
staging\zno_gw_wannier_4x4x3_20260819\nscf_pbe0_4x4x3_40_w90.in	3802	out_of_scope	manifest_only	Unrelated project, runtime, cache or secret-adjacent path.
staging\zno_gw_wannier_4x4x3_20260819\nscf_pbe0_4x4x3_400_gw.in	3802	out_of_scope	manifest_only	Unrelated project, runtime, cache or secret-adjacent path.
staging\zno_gw_wannier_4x4x3_20260819\pw2wannier90_pbe0_4x4x3.in	166	out_of_scope	manifest_only	Unrelated project, runtime, cache or secret-adjacent path.
staging\zno_gw_wannier_4x4x3_20260819\run_stage1_pbe0_gww90_4x4x3.slurm	2766	out_of_scope	manifest_only	Unrelated project, runtime, cache or secret-adjacent path.
staging\zno_gw_wannier_4x4x3_20260819\scf_pbe0_4x4x3.in	911	out_of_scope	manifest_only	Unrelated project, runtime, cache or secret-adjacent path.
staging\zno_gw_wannier_4x4x3_20260819\ZnO_gww90.win	2774	out_of_scope	manifest_only	Unrelated project, runtime, cache or secret-adjacent path.
staging\zno_gw_wannier_4x4x3_retry1_20260820\gw_ppa_4x4x3_400b_30ry_screen.in	3622	out_of_scope	manifest_only	Unrelated project, runtime, cache or secret-adjacent path.
staging\zno_gw_wannier_4x4x3_retry1_20260820\gw_ppa_4x4x3_400b_30ry.generated.in	3644	out_of_scope	manifest_only	Unrelated project, runtime, cache or secret-adjacent path.
staging\zno_gw_wannier_4x4x3_retry1_20260820\gw_ppa_4x4x3_400b_30ry.in	3629	out_of_scope	manifest_only	Unrelated project, runtime, cache or secret-adjacent path.
staging\zno_gw_wannier_4x4x3_retry1_20260820\nscf_pbe0_4x4x3_40_w90.in	3802	out_of_scope	manifest_only	Unrelated project, runtime, cache or secret-adjacent path.
staging\zno_gw_wannier_4x4x3_retry1_20260820\nscf_pbe0_4x4x3_400_gw.in	3802	out_of_scope	manifest_only	Unrelated project, runtime, cache or secret-adjacent path.
staging\zno_gw_wannier_4x4x3_retry1_20260820\pw2wannier90_pbe0_4x4x3.in	166	out_of_scope	manifest_only	Unrelated project, runtime, cache or secret-adjacent path.
staging\zno_gw_wannier_4x4x3_retry1_20260820\run_stage1_pbe0_gww90_4x4x3.slurm	2850	out_of_scope	manifest_only	Unrelated project, runtime, cache or secret-adjacent path.
staging\zno_gw_wannier_4x4x3_retry1_20260820\run_stage2_gw_ppa_4x4x3_400b_30ry.slurm	3853	out_of_scope	manifest_only	Unrelated project, runtime, cache or secret-adjacent path.
staging\zno_gw_wannier_4x4x3_retry1_20260820\scf_pbe0_4x4x3.in	3762	out_of_scope	manifest_only	Unrelated project, runtime, cache or secret-adjacent path.
staging\zno_gw_wannier_4x4x3_retry1_20260820\ZnO_gww90.win	2774	out_of_scope	manifest_only	Unrelated project, runtime, cache or secret-adjacent path.
tmp_ftfan\codex-paramiko\_cffi_backend.cp313-win_amd64.pyd	180736	out_of_scope	manifest_only	Unrelated project, runtime, cache or secret-adjacent path.
tmp_ftfan\codex-paramiko\bcrypt-5.0.0.dist-info\INSTALLER	4	out_of_scope	manifest_only	Unrelated project, runtime, cache or secret-adjacent path.
tmp_ftfan\codex-paramiko\bcrypt-5.0.0.dist-info\LICENSE	10850	out_of_scope	manifest_only	Unrelated project, runtime, cache or secret-adjacent path.
tmp_ftfan\codex-paramiko\bcrypt-5.0.0.dist-info\METADATA	10844	out_of_scope	manifest_only	Unrelated project, runtime, cache or secret-adjacent path.
tmp_ftfan\codex-paramiko\bcrypt-5.0.0.dist-info\RECORD	822	out_of_scope	manifest_only	Unrelated project, runtime, cache or secret-adjacent path.
tmp_ftfan\codex-paramiko\bcrypt-5.0.0.dist-info\top_level.txt	7	out_of_scope	manifest_only	Unrelated project, runtime, cache or secret-adjacent path.
tmp_ftfan\codex-paramiko\bcrypt-5.0.0.dist-info\WHEEL	100	out_of_scope	manifest_only	Unrelated project, runtime, cache or secret-adjacent path.
tmp_ftfan\codex-paramiko\bcrypt\__init__.py	1000	out_of_scope	manifest_only	Unrelated project, runtime, cache or secret-adjacent path.
tmp_ftfan\codex-paramiko\bcrypt\__init__.pyi	333	out_of_scope	manifest_only	Unrelated project, runtime, cache or secret-adjacent path.
tmp_ftfan\codex-paramiko\bcrypt\__pycache__\__init__.cpython-313.pyc	576	out_of_scope	manifest_only	Unrelated project, runtime, cache or secret-adjacent path.
tmp_ftfan\codex-paramiko\bcrypt\_bcrypt.pyd	305152	out_of_scope	manifest_only	Unrelated project, runtime, cache or secret-adjacent path.
tmp_ftfan\codex-paramiko\bcrypt\py.typed	0	out_of_scope	manifest_only	Unrelated project, runtime, cache or secret-adjacent path.
tmp_ftfan\codex-paramiko\bin\cffi-gen-src.exe	108366	out_of_scope	manifest_only	Unrelated project, runtime, cache or secret-adjacent path.
tmp_ftfan\codex-paramiko\bin\inv.exe	108371	out_of_scope	manifest_only	Unrelated project, runtime, cache or secret-adjacent path.
tmp_ftfan\codex-paramiko\bin\invoke.exe	108371	out_of_scope	manifest_only	Unrelated project, runtime, cache or secret-adjacent path.
tmp_ftfan\codex-paramiko\cffi-2.1.1.dist-info\entry_points.txt	132	out_of_scope	manifest_only	Unrelated project, runtime, cache or secret-adjacent path.
tmp_ftfan\codex-paramiko\cffi-2.1.1.dist-info\INSTALLER	4	out_of_scope	manifest_only	Unrelated project, runtime, cache or secret-adjacent path.
tmp_ftfan\codex-paramiko\cffi-2.1.1.dist-info\licenses\LICENSE	1123	out_of_scope	manifest_only	Unrelated project, runtime, cache or secret-adjacent path.
tmp_ftfan\codex-paramiko\cffi-2.1.1.dist-info\METADATA	2594	out_of_scope	manifest_only	Unrelated project, runtime, cache or secret-adjacent path.
tmp_ftfan\codex-paramiko\cffi-2.1.1.dist-info\RECORD	3507	out_of_scope	manifest_only	Unrelated project, runtime, cache or secret-adjacent path.
tmp_ftfan\codex-paramiko\cffi-2.1.1.dist-info\top_level.txt	19	out_of_scope	manifest_only	Unrelated project, runtime, cache or secret-adjacent path.
tmp_ftfan\codex-paramiko\cffi-2.1.1.dist-info\WHEEL	101	out_of_scope	manifest_only	Unrelated project, runtime, cache or secret-adjacent path.
tmp_ftfan\codex-paramiko\cffi\__init__.py	511	out_of_scope	manifest_only	Unrelated project, runtime, cache or secret-adjacent path.
tmp_ftfan\codex-paramiko\cffi\__pycache__\__init__.cpython-313.pyc	548	out_of_scope	manifest_only	Unrelated project, runtime, cache or secret-adjacent path.
tmp_ftfan\codex-paramiko\cffi\__pycache__\_cffi_gen_src.cpython-313.pyc	8201	out_of_scope	manifest_only	Unrelated project, runtime, cache or secret-adjacent path.
tmp_ftfan\codex-paramiko\cffi\__pycache__\_imp_emulation.cpython-313.pyc	3920	out_of_scope	manifest_only	Unrelated project, runtime, cache or secret-adjacent path.
tmp_ftfan\codex-paramiko\cffi\__pycache__\_shimmed_dist_utils.cpython-313.pyc	2096	out_of_scope	manifest_only	Unrelated project, runtime, cache or secret-adjacent path.
tmp_ftfan\codex-paramiko\cffi\__pycache__\api.cpython-313.pyc	49710	out_of_scope	manifest_only	Unrelated project, runtime, cache or secret-adjacent path.
tmp_ftfan\codex-paramiko\cffi\__pycache__\backend_ctypes.cpython-313.pyc	64369	out_of_scope	manifest_only	Unrelated project, runtime, cache or secret-adjacent path.
tmp_ftfan\codex-paramiko\cffi\__pycache__\cffi_opcode.cpython-313.pyc	6927	out_of_scope	manifest_only	Unrelated project, runtime, cache or secret-adjacent path.
tmp_ftfan\codex-paramiko\cffi\__pycache__\commontypes.cpython-313.pyc	3118	out_of_scope	manifest_only	Unrelated project, runtime, cache or secret-adjacent path.
tmp_ftfan\codex-paramiko\cffi\__pycache__\cparser.cpython-313.pyc	48087	out_of_scope	manifest_only	Unrelated project, runtime, cache or secret-adjacent path.
tmp_ftfan\codex-paramiko\cffi\__pycache__\error.cpython-313.pyc	2031	out_of_scope	manifest_only	Unrelated project, runtime, cache or secret-adjacent path.
tmp_ftfan\codex-paramiko\cffi\__pycache__\ffiplatform.cpython-313.pyc	5910	out_of_scope	manifest_only	Unrelated project, runtime, cache or secret-adjacent path.
tmp_ftfan\codex-paramiko\cffi\__pycache__\gen_src.cpython-313.pyc	360	out_of_scope	manifest_only	Unrelated project, runtime, cache or secret-adjacent path.
tmp_ftfan\codex-paramiko\cffi\__pycache__\lock.cpython-313.pyc	526	out_of_scope	manifest_only	Unrelated project, runtime, cache or secret-adjacent path.
tmp_ftfan\codex-paramiko\cffi\__pycache__\model.cpython-313.pyc	30879	out_of_scope	manifest_only	Unrelated project, runtime, cache or secret-adjacent path.
tmp_ftfan\codex-paramiko\cffi\__pycache__\pkgconfig.cpython-313.pyc	6505	out_of_scope	manifest_only	Unrelated project, runtime, cache or secret-adjacent path.
tmp_ftfan\codex-paramiko\cffi\__pycache__\recompiler.cpython-313.pyc	82641	out_of_scope	manifest_only	Unrelated project, runtime, cache or secret-adjacent path.
tmp_ftfan\codex-paramiko\cffi\__pycache__\setuptools_ext.cpython-313.pyc	11743	out_of_scope	manifest_only	Unrelated project, runtime, cache or secret-adjacent path.
tmp_ftfan\codex-paramiko\cffi\__pycache__\vengine_cpy.cpython-313.pyc	50704	out_of_scope	manifest_only	Unrelated project, runtime, cache or secret-adjacent path.
tmp_ftfan\codex-paramiko\cffi\__pycache__\vengine_gen.cpython-313.pyc	34564	out_of_scope	manifest_only	Unrelated project, runtime, cache or secret-adjacent path.
tmp_ftfan\codex-paramiko\cffi\__pycache__\verifier.cpython-313.pyc	16742	out_of_scope	manifest_only	Unrelated project, runtime, cache or secret-adjacent path.
tmp_ftfan\codex-paramiko\cffi\_cffi_errors.h	3583	out_of_scope	manifest_only	Unrelated project, runtime, cache or secret-adjacent path.
tmp_ftfan\codex-paramiko\cffi\_cffi_gen_src.py	7044	out_of_scope	manifest_only	Unrelated project, runtime, cache or secret-adjacent path.
tmp_ftfan\codex-paramiko\cffi\_cffi_include.h	15234	out_of_scope	manifest_only	Unrelated project, runtime, cache or secret-adjacent path.
tmp_ftfan\codex-paramiko\cffi\_embedding.h	17554	out_of_scope	manifest_only	Unrelated project, runtime, cache or secret-adjacent path.
tmp_ftfan\codex-paramiko\cffi\_imp_emulation.py	2960	out_of_scope	manifest_only	Unrelated project, runtime, cache or secret-adjacent path.
tmp_ftfan\codex-paramiko\cffi\_shimmed_dist_utils.py	2230	out_of_scope	manifest_only	Unrelated project, runtime, cache or secret-adjacent path.
tmp_ftfan\codex-paramiko\cffi\api.py	42013	out_of_scope	manifest_only	Unrelated project, runtime, cache or secret-adjacent path.
tmp_ftfan\codex-paramiko\cffi\backend_ctypes.py	42283	out_of_scope	manifest_only	Unrelated project, runtime, cache or secret-adjacent path.
tmp_ftfan\codex-paramiko\cffi\cffi_opcode.py	5723	out_of_scope	manifest_only	Unrelated project, runtime, cache or secret-adjacent path.
tmp_ftfan\codex-paramiko\cffi\commontypes.py	2805	out_of_scope	manifest_only	Unrelated project, runtime, cache or secret-adjacent path.
tmp_ftfan\codex-paramiko\cffi\cparser.py	44754	out_of_scope	manifest_only	Unrelated project, runtime, cache or secret-adjacent path.
tmp_ftfan\codex-paramiko\cffi\error.py	877	out_of_scope	manifest_only	Unrelated project, runtime, cache or secret-adjacent path.
tmp_ftfan\codex-paramiko\cffi\ffiplatform.py	3584	out_of_scope	manifest_only	Unrelated project, runtime, cache or secret-adjacent path.
tmp_ftfan\codex-paramiko\cffi\gen_src.py	132	out_of_scope	manifest_only	Unrelated project, runtime, cache or secret-adjacent path.
tmp_ftfan\codex-paramiko\cffi\lock.py	747	out_of_scope	manifest_only	Unrelated project, runtime, cache or secret-adjacent path.
tmp_ftfan\codex-paramiko\cffi\model.py	21752	out_of_scope	manifest_only	Unrelated project, runtime, cache or secret-adjacent path.
tmp_ftfan\codex-paramiko\cffi\parse_c_type.h	5976	out_of_scope	manifest_only	Unrelated project, runtime, cache or secret-adjacent path.
tmp_ftfan\codex-paramiko\cffi\pkgconfig.py	4365	out_of_scope	manifest_only	Unrelated project, runtime, cache or secret-adjacent path.
tmp_ftfan\codex-paramiko\cffi\recompiler.py	65140	out_of_scope	manifest_only	Unrelated project, runtime, cache or secret-adjacent path.
tmp_ftfan\codex-paramiko\cffi\setuptools_ext.py	9566	out_of_scope	manifest_only	Unrelated project, runtime, cache or secret-adjacent path.
tmp_ftfan\codex-paramiko\cffi\vengine_cpy.py	43030	out_of_scope	manifest_only	Unrelated project, runtime, cache or secret-adjacent path.
tmp_ftfan\codex-paramiko\cffi\vengine_gen.py	26931	out_of_scope	manifest_only	Unrelated project, runtime, cache or secret-adjacent path.
tmp_ftfan\codex-paramiko\cffi\verifier.py	11154	out_of_scope	manifest_only	Unrelated project, runtime, cache or secret-adjacent path.
tmp_ftfan\codex-paramiko\cryptography-50.0.1.dist-info\INSTALLER	4	out_of_scope	manifest_only	Unrelated project, runtime, cache or secret-adjacent path.
tmp_ftfan\codex-paramiko\cryptography-50.0.1.dist-info\licenses\LICENSE	197	out_of_scope	manifest_only	Unrelated project, runtime, cache or secret-adjacent path.
tmp_ftfan\codex-paramiko\cryptography-50.0.1.dist-info\licenses\LICENSE.APACHE	11360	out_of_scope	manifest_only	Unrelated project, runtime, cache or secret-adjacent path.
tmp_ftfan\codex-paramiko\cryptography-50.0.1.dist-info\licenses\LICENSE.BSD	1532	out_of_scope	manifest_only	Unrelated project, runtime, cache or secret-adjacent path.
tmp_ftfan\codex-paramiko\cryptography-50.0.1.dist-info\METADATA	4343	out_of_scope	manifest_only	Unrelated project, runtime, cache or secret-adjacent path.
tmp_ftfan\codex-paramiko\cryptography-50.0.1.dist-info\RECORD	17865	out_of_scope	manifest_only	Unrelated project, runtime, cache or secret-adjacent path.
tmp_ftfan\codex-paramiko\cryptography-50.0.1.dist-info\sboms\cryptography-rust.cyclonedx.json	45629	out_of_scope	manifest_only	Unrelated project, runtime, cache or secret-adjacent path.
tmp_ftfan\codex-paramiko\cryptography-50.0.1.dist-info\sboms\sbom.json	1223	out_of_scope	manifest_only	Unrelated project, runtime, cache or secret-adjacent path.
tmp_ftfan\codex-paramiko\cryptography-50.0.1.dist-info\WHEEL	96	out_of_scope	manifest_only	Unrelated project, runtime, cache or secret-adjacent path.
tmp_ftfan\codex-paramiko\cryptography\__about__.py	445	out_of_scope	manifest_only	Unrelated project, runtime, cache or secret-adjacent path.
tmp_ftfan\codex-paramiko\cryptography\__init__.py	364	out_of_scope	manifest_only	Unrelated project, runtime, cache or secret-adjacent path.
tmp_ftfan\codex-paramiko\cryptography\__pycache__\__about__.cpython-313.pyc	460	out_of_scope	manifest_only	Unrelated project, runtime, cache or secret-adjacent path.
tmp_ftfan\codex-paramiko\cryptography\__pycache__\__init__.cpython-313.pyc	370	out_of_scope	manifest_only	Unrelated project, runtime, cache or secret-adjacent path.
tmp_ftfan\codex-paramiko\cryptography\__pycache__\cobblestone.cpython-313.pyc	621	out_of_scope	manifest_only	Unrelated project, runtime, cache or secret-adjacent path.
tmp_ftfan\codex-paramiko\cryptography\__pycache__\exceptions.cpython-313.pyc	2594	out_of_scope	manifest_only	Unrelated project, runtime, cache or secret-adjacent path.
tmp_ftfan\codex-paramiko\cryptography\__pycache__\fernet.cpython-313.pyc	11661	out_of_scope	manifest_only	Unrelated project, runtime, cache or secret-adjacent path.
tmp_ftfan\codex-paramiko\cryptography\__pycache__\utils.cpython-313.pyc	6579	out_of_scope	manifest_only	Unrelated project, runtime, cache or secret-adjacent path.
tmp_ftfan\codex-paramiko\cryptography\cobblestone.py	693	out_of_scope	manifest_only	Unrelated project, runtime, cache or secret-adjacent path.
tmp_ftfan\codex-paramiko\cryptography\exceptions.py	1087	out_of_scope	manifest_only	Unrelated project, runtime, cache or secret-adjacent path.
tmp_ftfan\codex-paramiko\cryptography\fernet.py	7687	out_of_scope	manifest_only	Unrelated project, runtime, cache or secret-adjacent path.
tmp_ftfan\codex-paramiko\cryptography\hazmat\__init__.py	455	out_of_scope	manifest_only	Unrelated project, runtime, cache or secret-adjacent path.
tmp_ftfan\codex-paramiko\cryptography\hazmat\__pycache__\__init__.cpython-313.pyc	251	out_of_scope	manifest_only	Unrelated project, runtime, cache or secret-adjacent path.
tmp_ftfan\codex-paramiko\cryptography\hazmat\__pycache__\_oid.cpython-313.pyc	22228	out_of_scope	manifest_only	Unrelated project, runtime, cache or secret-adjacent path.
tmp_ftfan\codex-paramiko\cryptography\hazmat\_oid.py	18150	out_of_scope	manifest_only	Unrelated project, runtime, cache or secret-adjacent path.
tmp_ftfan\codex-paramiko\cryptography\hazmat\asn1\__init__.py	812	out_of_scope	manifest_only	Unrelated project, runtime, cache or secret-adjacent path.
tmp_ftfan\codex-paramiko\cryptography\hazmat\asn1\__pycache__\__init__.cpython-313.pyc	680	out_of_scope	manifest_only	Unrelated project, runtime, cache or secret-adjacent path.
tmp_ftfan\codex-paramiko\cryptography\hazmat\asn1\__pycache__\asn1.cpython-313.pyc	18760	out_of_scope	manifest_only	Unrelated project, runtime, cache or secret-adjacent path.
tmp_ftfan\codex-paramiko\cryptography\hazmat\asn1\asn1.py	19152	out_of_scope	manifest_only	Unrelated project, runtime, cache or secret-adjacent path.
tmp_ftfan\codex-paramiko\cryptography\hazmat\backends\__init__.py	361	out_of_scope	manifest_only	Unrelated project, runtime, cache or secret-adjacent path.
tmp_ftfan\codex-paramiko\cryptography\hazmat\backends\__pycache__\__init__.cpython-313.pyc	503	out_of_scope	manifest_only	Unrelated project, runtime, cache or secret-adjacent path.
tmp_ftfan\codex-paramiko\cryptography\hazmat\backends\openssl\__init__.py	305	out_of_scope	manifest_only	Unrelated project, runtime, cache or secret-adjacent path.
tmp_ftfan\codex-paramiko\cryptography\hazmat\backends\openssl\__pycache__\__init__.cpython-313.pyc	367	out_of_scope	manifest_only	Unrelated project, runtime, cache or secret-adjacent path.
tmp_ftfan\codex-paramiko\cryptography\hazmat\backends\openssl\__pycache__\backend.cpython-313.pyc	14586	out_of_scope	manifest_only	Unrelated project, runtime, cache or secret-adjacent path.
tmp_ftfan\codex-paramiko\cryptography\hazmat\backends\openssl\backend.py	10475	out_of_scope	manifest_only	Unrelated project, runtime, cache or secret-adjacent path.
tmp_ftfan\codex-paramiko\cryptography\hazmat\bindings\__init__.py	216	out_of_scope	manifest_only	Unrelated project, runtime, cache or secret-adjacent path.
tmp_ftfan\codex-paramiko\cryptography\hazmat\bindings\__pycache__\__init__.cpython-313.pyc	255	out_of_scope	manifest_only	Unrelated project, runtime, cache or secret-adjacent path.
tmp_ftfan\codex-paramiko\cryptography\hazmat\bindings\_rust.pyd	9943040	out_of_scope	manifest_only	Unrelated project, runtime, cache or secret-adjacent path.
tmp_ftfan\codex-paramiko\cryptography\hazmat\bindings\_rust\__init__.pyi	2285	out_of_scope	manifest_only	Unrelated project, runtime, cache or secret-adjacent path.
tmp_ftfan\codex-paramiko\cryptography\hazmat\bindings\_rust\_openssl.pyi	228	out_of_scope	manifest_only	Unrelated project, runtime, cache or secret-adjacent path.
tmp_ftfan\codex-paramiko\cryptography\hazmat\bindings\_rust\asn1.pyi	354	out_of_scope	manifest_only	Unrelated project, runtime, cache or secret-adjacent path.
tmp_ftfan\codex-paramiko\cryptography\hazmat\bindings\_rust\cobblestone.pyi	1325	out_of_scope	manifest_only	Unrelated project, runtime, cache or secret-adjacent path.
tmp_ftfan\codex-paramiko\cryptography\hazmat\bindings\_rust\declarative_asn1.pyi	3866	out_of_scope	manifest_only	Unrelated project, runtime, cache or secret-adjacent path.
tmp_ftfan\codex-paramiko\cryptography\hazmat\bindings\_rust\exceptions.pyi	640	out_of_scope	manifest_only	Unrelated project, runtime, cache or secret-adjacent path.
tmp_ftfan\codex-paramiko\cryptography\hazmat\bindings\_rust\ocsp.pyi	4020	out_of_scope	manifest_only	Unrelated project, runtime, cache or secret-adjacent path.
tmp_ftfan\codex-paramiko\cryptography\hazmat\bindings\_rust\openssl\__init__.pyi	1578	out_of_scope	manifest_only	Unrelated project, runtime, cache or secret-adjacent path.
tmp_ftfan\codex-paramiko\cryptography\hazmat\bindings\_rust\openssl\aead.pyi	4582	out_of_scope	manifest_only	Unrelated project, runtime, cache or secret-adjacent path.
tmp_ftfan\codex-paramiko\cryptography\hazmat\bindings\_rust\openssl\ciphers.pyi	1315	out_of_scope	manifest_only	Unrelated project, runtime, cache or secret-adjacent path.
tmp_ftfan\codex-paramiko\cryptography\hazmat\bindings\_rust\openssl\cmac.pyi	564	out_of_scope	manifest_only	Unrelated project, runtime, cache or secret-adjacent path.
tmp_ftfan\codex-paramiko\cryptography\hazmat\bindings\_rust\openssl\dh.pyi	1564	out_of_scope	manifest_only	Unrelated project, runtime, cache or secret-adjacent path.
tmp_ftfan\codex-paramiko\cryptography\hazmat\bindings\_rust\openssl\dsa.pyi	1299	out_of_scope	manifest_only	Unrelated project, runtime, cache or secret-adjacent path.
tmp_ftfan\codex-paramiko\cryptography\hazmat\bindings\_rust\openssl\ec.pyi	1691	out_of_scope	manifest_only	Unrelated project, runtime, cache or secret-adjacent path.
tmp_ftfan\codex-paramiko\cryptography\hazmat\bindings\_rust\openssl\ed25519.pyi	532	out_of_scope	manifest_only	Unrelated project, runtime, cache or secret-adjacent path.
tmp_ftfan\codex-paramiko\cryptography\hazmat\bindings\_rust\openssl\ed448.pyi	514	out_of_scope	manifest_only	Unrelated project, runtime, cache or secret-adjacent path.
tmp_ftfan\codex-paramiko\cryptography\hazmat\bindings\_rust\openssl\hashes.pyi	1076	out_of_scope	manifest_only	Unrelated project, runtime, cache or secret-adjacent path.
tmp_ftfan\codex-paramiko\cryptography\hazmat\bindings\_rust\openssl\hmac.pyi	702	out_of_scope	manifest_only	Unrelated project, runtime, cache or secret-adjacent path.
tmp_ftfan\codex-paramiko\cryptography\hazmat\bindings\_rust\openssl\hpke.pyi	2914	out_of_scope	manifest_only	Unrelated project, runtime, cache or secret-adjacent path.
tmp_ftfan\codex-paramiko\cryptography\hazmat\bindings\_rust\openssl\kdf.pyi	6619	out_of_scope	manifest_only	Unrelated project, runtime, cache or secret-adjacent path.
tmp_ftfan\codex-paramiko\cryptography\hazmat\bindings\_rust\openssl\keys.pyi	912	out_of_scope	manifest_only	Unrelated project, runtime, cache or secret-adjacent path.
tmp_ftfan\codex-paramiko\cryptography\hazmat\bindings\_rust\openssl\keywrap.pyi	733	out_of_scope	manifest_only	Unrelated project, runtime, cache or secret-adjacent path.
tmp_ftfan\codex-paramiko\cryptography\hazmat\bindings\_rust\openssl\mldsa.pyi	1421	out_of_scope	manifest_only	Unrelated project, runtime, cache or secret-adjacent path.
tmp_ftfan\codex-paramiko\cryptography\hazmat\bindings\_rust\openssl\mlkem.pyi	835	out_of_scope	manifest_only	Unrelated project, runtime, cache or secret-adjacent path.
tmp_ftfan\codex-paramiko\cryptography\hazmat\bindings\_rust\openssl\poly1305.pyi	585	out_of_scope	manifest_only	Unrelated project, runtime, cache or secret-adjacent path.
tmp_ftfan\codex-paramiko\cryptography\hazmat\bindings\_rust\openssl\rsa.pyi	1364	out_of_scope	manifest_only	Unrelated project, runtime, cache or secret-adjacent path.
tmp_ftfan\codex-paramiko\cryptography\hazmat\bindings\_rust\openssl\x25519.pyi	523	out_of_scope	manifest_only	Unrelated project, runtime, cache or secret-adjacent path.
tmp_ftfan\codex-paramiko\cryptography\hazmat\bindings\_rust\openssl\x448.pyi	505	out_of_scope	manifest_only	Unrelated project, runtime, cache or secret-adjacent path.
tmp_ftfan\codex-paramiko\cryptography\hazmat\bindings\_rust\pkcs12.pyi	1605	out_of_scope	manifest_only	Unrelated project, runtime, cache or secret-adjacent path.
tmp_ftfan\codex-paramiko\cryptography\hazmat\bindings\_rust\pkcs7.pyi	1601	out_of_scope	manifest_only	Unrelated project, runtime, cache or secret-adjacent path.
tmp_ftfan\codex-paramiko\cryptography\hazmat\bindings\_rust\test_support.pyi	757	out_of_scope	manifest_only	Unrelated project, runtime, cache or secret-adjacent path.
tmp_ftfan\codex-paramiko\cryptography\hazmat\bindings\_rust\x509.pyi	10211	out_of_scope	manifest_only	Unrelated project, runtime, cache or secret-adjacent path.
tmp_ftfan\codex-paramiko\cryptography\hazmat\bindings\openssl\__init__.py	216	out_of_scope	manifest_only	Unrelated project, runtime, cache or secret-adjacent path.
tmp_ftfan\codex-paramiko\cryptography\hazmat\bindings\openssl\__pycache__\__init__.cpython-313.pyc	263	out_of_scope	manifest_only	Unrelated project, runtime, cache or secret-adjacent path.
tmp_ftfan\codex-paramiko\cryptography\hazmat\bindings\openssl\__pycache__\_conditional.cpython-313.pyc	5658	out_of_scope	manifest_only	Unrelated project, runtime, cache or secret-adjacent path.
tmp_ftfan\codex-paramiko\cryptography\hazmat\bindings\openssl\__pycache__\binding.cpython-313.pyc	4675	out_of_scope	manifest_only	Unrelated project, runtime, cache or secret-adjacent path.
tmp_ftfan\codex-paramiko\cryptography\hazmat\bindings\openssl\_conditional.py	5611	out_of_scope	manifest_only	Unrelated project, runtime, cache or secret-adjacent path.
tmp_ftfan\codex-paramiko\cryptography\hazmat\bindings\openssl\binding.py	3706	out_of_scope	manifest_only	Unrelated project, runtime, cache or secret-adjacent path.
tmp_ftfan\codex-paramiko\cryptography\hazmat\decrepit\__init__.py	216	out_of_scope	manifest_only	Unrelated project, runtime, cache or secret-adjacent path.
tmp_ftfan\codex-paramiko\cryptography\hazmat\decrepit\__pycache__\__init__.cpython-313.pyc	255	out_of_scope	manifest_only	Unrelated project, runtime, cache or secret-adjacent path.
tmp_ftfan\codex-paramiko\cryptography\hazmat\decrepit\ciphers\__init__.py	216	out_of_scope	manifest_only	Unrelated project, runtime, cache or secret-adjacent path.
tmp_ftfan\codex-paramiko\cryptography\hazmat\decrepit\ciphers\__pycache__\__init__.cpython-313.pyc	263	out_of_scope	manifest_only	Unrelated project, runtime, cache or secret-adjacent path.
tmp_ftfan\codex-paramiko\cryptography\hazmat\decrepit\ciphers\__pycache__\algorithms.cpython-313.pyc	6290	out_of_scope	manifest_only	Unrelated project, runtime, cache or secret-adjacent path.
tmp_ftfan\codex-paramiko\cryptography\hazmat\decrepit\ciphers\__pycache__\modes.cpython-313.pyc	2207	out_of_scope	manifest_only	Unrelated project, runtime, cache or secret-adjacent path.
tmp_ftfan\codex-paramiko\cryptography\hazmat\decrepit\ciphers\algorithms.py	3752	out_of_scope	manifest_only	Unrelated project, runtime, cache or secret-adjacent path.
tmp_ftfan\codex-paramiko\cryptography\hazmat\decrepit\ciphers\modes.py	1649	out_of_scope	manifest_only	Unrelated project, runtime, cache or secret-adjacent path.
tmp_ftfan\codex-paramiko\cryptography\hazmat\primitives\__init__.py	216	out_of_scope	manifest_only	Unrelated project, runtime, cache or secret-adjacent path.
tmp_ftfan\codex-paramiko\cryptography\hazmat\primitives\__pycache__\__init__.cpython-313.pyc	257	out_of_scope	manifest_only	Unrelated project, runtime, cache or secret-adjacent path.
tmp_ftfan\codex-paramiko\cryptography\hazmat\primitives\__pycache__\_asymmetric.cpython-313.pyc	850	out_of_scope	manifest_only	Unrelated project, runtime, cache or secret-adjacent path.
tmp_ftfan\codex-paramiko\cryptography\hazmat\primitives\__pycache__\_cipheralgorithm.cpython-313.pyc	2524	out_of_scope	manifest_only	Unrelated project, runtime, cache or secret-adjacent path.
tmp_ftfan\codex-paramiko\cryptography\hazmat\primitives\__pycache__\_modes.cpython-313.pyc	5255	out_of_scope	manifest_only	Unrelated project, runtime, cache or secret-adjacent path.
tmp_ftfan\codex-paramiko\cryptography\hazmat\primitives\__pycache__\_serialization.cpython-313.pyc	5778	out_of_scope	manifest_only	Unrelated project, runtime, cache or secret-adjacent path.
tmp_ftfan\codex-paramiko\cryptography\hazmat\primitives\__pycache__\cmac.cpython-313.pyc	434	out_of_scope	manifest_only	Unrelated project, runtime, cache or secret-adjacent path.
tmp_ftfan\codex-paramiko\cryptography\hazmat\primitives\__pycache__\constant_time.cpython-313.pyc	698	out_of_scope	manifest_only	Unrelated project, runtime, cache or secret-adjacent path.
tmp_ftfan\codex-paramiko\cryptography\hazmat\primitives\__pycache__\hashes.cpython-313.pyc	12483	out_of_scope	manifest_only	Unrelated project, runtime, cache or secret-adjacent path.
tmp_ftfan\codex-paramiko\cryptography\hazmat\primitives\__pycache__\hmac.cpython-313.pyc	593	out_of_scope	manifest_only	Unrelated project, runtime, cache or secret-adjacent path.
tmp_ftfan\codex-paramiko\cryptography\hazmat\primitives\__pycache__\hpke.cpython-313.pyc	1021	out_of_scope	manifest_only	Unrelated project, runtime, cache or secret-adjacent path.
tmp_ftfan\codex-paramiko\cryptography\hazmat\primitives\__pycache__\keywrap.cpython-313.pyc	982	out_of_scope	manifest_only	Unrelated project, runtime, cache or secret-adjacent path.
tmp_ftfan\codex-paramiko\cryptography\hazmat\primitives\__pycache__\padding.cpython-313.pyc	3304	out_of_scope	manifest_only	Unrelated project, runtime, cache or secret-adjacent path.
tmp_ftfan\codex-paramiko\cryptography\hazmat\primitives\__pycache__\poly1305.cpython-313.pyc	446	out_of_scope	manifest_only	Unrelated project, runtime, cache or secret-adjacent path.
tmp_ftfan\codex-paramiko\cryptography\hazmat\primitives\_asymmetric.py	532	out_of_scope	manifest_only	Unrelated project, runtime, cache or secret-adjacent path.
tmp_ftfan\codex-paramiko\cryptography\hazmat\primitives\_cipheralgorithm.py	1522	out_of_scope	manifest_only	Unrelated project, runtime, cache or secret-adjacent path.
tmp_ftfan\codex-paramiko\cryptography\hazmat\primitives\_modes.py	3075	out_of_scope	manifest_only	Unrelated project, runtime, cache or secret-adjacent path.
tmp_ftfan\codex-paramiko\cryptography\hazmat\primitives\_serialization.py	4440	out_of_scope	manifest_only	Unrelated project, runtime, cache or secret-adjacent path.
tmp_ftfan\codex-paramiko\cryptography\hazmat\primitives\asymmetric\__init__.py	216	out_of_scope	manifest_only	Unrelated project, runtime, cache or secret-adjacent path.
tmp_ftfan\codex-paramiko\cryptography\hazmat\primitives\asymmetric\__pycache__\__init__.cpython-313.pyc	268	out_of_scope	manifest_only	Unrelated project, runtime, cache or secret-adjacent path.
tmp_ftfan\codex-paramiko\cryptography\hazmat\primitives\asymmetric\__pycache__\dh.cpython-313.pyc	7744	out_of_scope	manifest_only	Unrelated project, runtime, cache or secret-adjacent path.
tmp_ftfan\codex-paramiko\cryptography\hazmat\primitives\asymmetric\__pycache__\dsa.cpython-313.pyc	7290	out_of_scope	manifest_only	Unrelated project, runtime, cache or secret-adjacent path.
tmp_ftfan\codex-paramiko\cryptography\hazmat\primitives\asymmetric\__pycache__\ec.cpython-313.pyc	14806	out_of_scope	manifest_only	Unrelated project, runtime, cache or secret-adjacent path.
tmp_ftfan\codex-paramiko\cryptography\hazmat\primitives\asymmetric\__pycache__\ed25519.cpython-313.pyc	5235	out_of_scope	manifest_only	Unrelated project, runtime, cache or secret-adjacent path.
tmp_ftfan\codex-paramiko\cryptography\hazmat\primitives\asymmetric\__pycache__\ed448.cpython-313.pyc	6100	out_of_scope	manifest_only	Unrelated project, runtime, cache or secret-adjacent path.
tmp_ftfan\codex-paramiko\cryptography\hazmat\primitives\asymmetric\__pycache__\mldsa.cpython-313.pyc	15756	out_of_scope	manifest_only	Unrelated project, runtime, cache or secret-adjacent path.
tmp_ftfan\codex-paramiko\cryptography\hazmat\primitives\asymmetric\__pycache__\mlkem.cpython-313.pyc	10901	out_of_scope	manifest_only	Unrelated project, runtime, cache or secret-adjacent path.
tmp_ftfan\codex-paramiko\cryptography\hazmat\primitives\asymmetric\__pycache__\padding.cpython-313.pyc	6484	out_of_scope	manifest_only	Unrelated project, runtime, cache or secret-adjacent path.
tmp_ftfan\codex-paramiko\cryptography\hazmat\primitives\asymmetric\__pycache__\rsa.cpython-313.pyc	10766	out_of_scope	manifest_only	Unrelated project, runtime, cache or secret-adjacent path.
tmp_ftfan\codex-paramiko\cryptography\hazmat\primitives\asymmetric\__pycache__\types.cpython-313.pyc	3031	out_of_scope	manifest_only	Unrelated project, runtime, cache or secret-adjacent path.
tmp_ftfan\codex-paramiko\cryptography\hazmat\primitives\asymmetric\__pycache__\utils.cpython-313.pyc	1593	out_of_scope	manifest_only	Unrelated project, runtime, cache or secret-adjacent path.
tmp_ftfan\codex-paramiko\cryptography\hazmat\primitives\asymmetric\__pycache__\x25519.cpython-313.pyc	5844	out_of_scope	manifest_only	Unrelated project, runtime, cache or secret-adjacent path.
tmp_ftfan\codex-paramiko\cryptography\hazmat\primitives\asymmetric\__pycache__\x448.cpython-313.pyc	5907	out_of_scope	manifest_only	Unrelated project, runtime, cache or secret-adjacent path.
tmp_ftfan\codex-paramiko\cryptography\hazmat\primitives\asymmetric\dh.py	5793	out_of_scope	manifest_only	Unrelated project, runtime, cache or secret-adjacent path.
tmp_ftfan\codex-paramiko\cryptography\hazmat\primitives\asymmetric\dsa.py	4482	out_of_scope	manifest_only	Unrelated project, runtime, cache or secret-adjacent path.
tmp_ftfan\codex-paramiko\cryptography\hazmat\primitives\asymmetric\ec.py	10183	out_of_scope	manifest_only	Unrelated project, runtime, cache or secret-adjacent path.
tmp_ftfan\codex-paramiko\cryptography\hazmat\primitives\asymmetric\ed25519.py	2998	out_of_scope	manifest_only	Unrelated project, runtime, cache or secret-adjacent path.
tmp_ftfan\codex-paramiko\cryptography\hazmat\primitives\asymmetric\ed448.py	4002	out_of_scope	manifest_only	Unrelated project, runtime, cache or secret-adjacent path.
tmp_ftfan\codex-paramiko\cryptography\hazmat\primitives\asymmetric\mldsa.py	13803	out_of_scope	manifest_only	Unrelated project, runtime, cache or secret-adjacent path.
tmp_ftfan\codex-paramiko\cryptography\hazmat\primitives\asymmetric\mlkem.py	7901	out_of_scope	manifest_only	Unrelated project, runtime, cache or secret-adjacent path.
tmp_ftfan\codex-paramiko\cryptography\hazmat\primitives\asymmetric\padding.py	3678	out_of_scope	manifest_only	Unrelated project, runtime, cache or secret-adjacent path.
tmp_ftfan\codex-paramiko\cryptography\hazmat\primitives\asymmetric\rsa.py	8492	out_of_scope	manifest_only	Unrelated project, runtime, cache or secret-adjacent path.
tmp_ftfan\codex-paramiko\cryptography\hazmat\primitives\asymmetric\types.py	2588	out_of_scope	manifest_only	Unrelated project, runtime, cache or secret-adjacent path.
tmp_ftfan\codex-paramiko\cryptography\hazmat\primitives\asymmetric\utils.py	821	out_of_scope	manifest_only	Unrelated project, runtime, cache or secret-adjacent path.
tmp_ftfan\codex-paramiko\cryptography\hazmat\primitives\asymmetric\x25519.py	3888	out_of_scope	manifest_only	Unrelated project, runtime, cache or secret-adjacent path.
tmp_ftfan\codex-paramiko\cryptography\hazmat\primitives\asymmetric\x448.py	3913	out_of_scope	manifest_only	Unrelated project, runtime, cache or secret-adjacent path.
tmp_ftfan\codex-paramiko\cryptography\hazmat\primitives\ciphers\__init__.py	680	out_of_scope	manifest_only	Unrelated project, runtime, cache or secret-adjacent path.
tmp_ftfan\codex-paramiko\cryptography\hazmat\primitives\ciphers\__pycache__\__init__.cpython-313.pyc	645	out_of_scope	manifest_only	Unrelated project, runtime, cache or secret-adjacent path.
tmp_ftfan\codex-paramiko\cryptography\hazmat\primitives\ciphers\__pycache__\aead.cpython-313.pyc	835	out_of_scope	manifest_only	Unrelated project, runtime, cache or secret-adjacent path.
tmp_ftfan\codex-paramiko\cryptography\hazmat\primitives\ciphers\__pycache__\algorithms.cpython-313.pyc	4813	out_of_scope	manifest_only	Unrelated project, runtime, cache or secret-adjacent path.
tmp_ftfan\codex-paramiko\cryptography\hazmat\primitives\ciphers\__pycache__\base.cpython-313.pyc	7086	out_of_scope	manifest_only	Unrelated project, runtime, cache or secret-adjacent path.
tmp_ftfan\codex-paramiko\cryptography\hazmat\primitives\ciphers\__pycache__\modes.cpython-313.pyc	7461	out_of_scope	manifest_only	Unrelated project, runtime, cache or secret-adjacent path.
tmp_ftfan\codex-paramiko\cryptography\hazmat\primitives\ciphers\aead.py	634	out_of_scope	manifest_only	Unrelated project, runtime, cache or secret-adjacent path.
tmp_ftfan\codex-paramiko\cryptography\hazmat\primitives\ciphers\algorithms.py	3496	out_of_scope	manifest_only	Unrelated project, runtime, cache or secret-adjacent path.
tmp_ftfan\codex-paramiko\cryptography\hazmat\primitives\ciphers\base.py	4253	out_of_scope	manifest_only	Unrelated project, runtime, cache or secret-adjacent path.
tmp_ftfan\codex-paramiko\cryptography\hazmat\primitives\ciphers\modes.py	6003	out_of_scope	manifest_only	Unrelated project, runtime, cache or secret-adjacent path.
tmp_ftfan\codex-paramiko\cryptography\hazmat\primitives\cmac.py	338	out_of_scope	manifest_only	Unrelated project, runtime, cache or secret-adjacent path.
tmp_ftfan\codex-paramiko\cryptography\hazmat\primitives\constant_time.py	422	out_of_scope	manifest_only	Unrelated project, runtime, cache or secret-adjacent path.
tmp_ftfan\codex-paramiko\cryptography\hazmat\primitives\hashes.py	7916	out_of_scope	manifest_only	Unrelated project, runtime, cache or secret-adjacent path.
tmp_ftfan\codex-paramiko\cryptography\hazmat\primitives\hmac.py	423	out_of_scope	manifest_only	Unrelated project, runtime, cache or secret-adjacent path.
tmp_ftfan\codex-paramiko\cryptography\hazmat\primitives\hpke.py	865	out_of_scope	manifest_only	Unrelated project, runtime, cache or secret-adjacent path.
tmp_ftfan\codex-paramiko\cryptography\hazmat\primitives\kdf\__init__.py	1037	out_of_scope	manifest_only	Unrelated project, runtime, cache or secret-adjacent path.
tmp_ftfan\codex-paramiko\cryptography\hazmat\primitives\kdf\__pycache__\__init__.cpython-313.pyc	1661	out_of_scope	manifest_only	Unrelated project, runtime, cache or secret-adjacent path.
tmp_ftfan\codex-paramiko\cryptography\hazmat\primitives\kdf\__pycache__\argon2.cpython-313.pyc	836	out_of_scope	manifest_only	Unrelated project, runtime, cache or secret-adjacent path.
tmp_ftfan\codex-paramiko\cryptography\hazmat\primitives\kdf\__pycache__\concatkdf.cpython-313.pyc	728	out_of_scope	manifest_only	Unrelated project, runtime, cache or secret-adjacent path.
tmp_ftfan\codex-paramiko\cryptography\hazmat\primitives\kdf\__pycache__\hkdf.cpython-313.pyc	711	out_of_scope	manifest_only	Unrelated project, runtime, cache or secret-adjacent path.
tmp_ftfan\codex-paramiko\cryptography\hazmat\primitives\kdf\__pycache__\kbkdf.cpython-313.pyc	1327	out_of_scope	manifest_only	Unrelated project, runtime, cache or secret-adjacent path.
tmp_ftfan\codex-paramiko\cryptography\hazmat\primitives\kdf\__pycache__\pbkdf2.cpython-313.pyc	586	out_of_scope	manifest_only	Unrelated project, runtime, cache or secret-adjacent path.
tmp_ftfan\codex-paramiko\cryptography\hazmat\primitives\kdf\__pycache__\scrypt.cpython-313.pyc	670	out_of_scope	manifest_only	Unrelated project, runtime, cache or secret-adjacent path.
tmp_ftfan\codex-paramiko\cryptography\hazmat\primitives\kdf\__pycache__\x963kdf.cpython-313.pyc	584	out_of_scope	manifest_only	Unrelated project, runtime, cache or secret-adjacent path.
tmp_ftfan\codex-paramiko\cryptography\hazmat\primitives\kdf\argon2.py	632	out_of_scope	manifest_only	Unrelated project, runtime, cache or secret-adjacent path.
tmp_ftfan\codex-paramiko\cryptography\hazmat\primitives\kdf\concatkdf.py	591	out_of_scope	manifest_only	Unrelated project, runtime, cache or secret-adjacent path.
tmp_ftfan\codex-paramiko\cryptography\hazmat\primitives\kdf\hkdf.py	543	out_of_scope	manifest_only	Unrelated project, runtime, cache or secret-adjacent path.
tmp_ftfan\codex-paramiko\cryptography\hazmat\primitives\kdf\kbkdf.py	737	out_of_scope	manifest_only	Unrelated project, runtime, cache or secret-adjacent path.
tmp_ftfan\codex-paramiko\cryptography\hazmat\primitives\kdf\pbkdf2.py	468	out_of_scope	manifest_only	Unrelated project, runtime, cache or secret-adjacent path.
tmp_ftfan\codex-paramiko\cryptography\hazmat\primitives\kdf\scrypt.py	590	out_of_scope	manifest_only	Unrelated project, runtime, cache or secret-adjacent path.
tmp_ftfan\codex-paramiko\cryptography\hazmat\primitives\kdf\x963kdf.py	456	out_of_scope	manifest_only	Unrelated project, runtime, cache or secret-adjacent path.
tmp_ftfan\codex-paramiko\cryptography\hazmat\primitives\keywrap.py	735	out_of_scope	manifest_only	Unrelated project, runtime, cache or secret-adjacent path.
tmp_ftfan\codex-paramiko\cryptography\hazmat\primitives\padding.py	1865	out_of_scope	manifest_only	Unrelated project, runtime, cache or secret-adjacent path.
tmp_ftfan\codex-paramiko\cryptography\hazmat\primitives\poly1305.py	355	out_of_scope	manifest_only	Unrelated project, runtime, cache or secret-adjacent path.
tmp_ftfan\codex-paramiko\cryptography\hazmat\primitives\serialization\__init__.py	2217	out_of_scope	manifest_only	Unrelated project, runtime, cache or secret-adjacent path.
tmp_ftfan\codex-paramiko\cryptography\hazmat\primitives\serialization\__pycache__\__init__.cpython-313.pyc	1772	out_of_scope	manifest_only	Unrelated project, runtime, cache or secret-adjacent path.
tmp_ftfan\codex-paramiko\cryptography\hazmat\primitives\serialization\__pycache__\base.cpython-313.pyc	896	out_of_scope	manifest_only	Unrelated project, runtime, cache or secret-adjacent path.
tmp_ftfan\codex-paramiko\cryptography\hazmat\primitives\serialization\__pycache__\pkcs12.cpython-313.pyc	6860	out_of_scope	manifest_only	Unrelated project, runtime, cache or secret-adjacent path.
tmp_ftfan\codex-paramiko\cryptography\hazmat\primitives\serialization\__pycache__\pkcs7.cpython-313.pyc	17552	out_of_scope	manifest_only	Unrelated project, runtime, cache or secret-adjacent path.
tmp_ftfan\codex-paramiko\cryptography\hazmat\primitives\serialization\__pycache__\ssh.cpython-313.pyc	67773	out_of_scope	manifest_only	Unrelated project, runtime, cache or secret-adjacent path.
tmp_ftfan\codex-paramiko\cryptography\hazmat\primitives\serialization\base.py	651	out_of_scope	manifest_only	Unrelated project, runtime, cache or secret-adjacent path.
tmp_ftfan\codex-paramiko\cryptography\hazmat\primitives\serialization\pkcs12.py	5104	out_of_scope	manifest_only	Unrelated project, runtime, cache or secret-adjacent path.
tmp_ftfan\codex-paramiko\cryptography\hazmat\primitives\serialization\pkcs7.py	13998	out_of_scope	manifest_only	Unrelated project, runtime, cache or secret-adjacent path.
tmp_ftfan\codex-paramiko\cryptography\hazmat\primitives\serialization\ssh.py	53592	out_of_scope	manifest_only	Unrelated project, runtime, cache or secret-adjacent path.
tmp_ftfan\codex-paramiko\cryptography\hazmat\primitives\twofactor\__init__.py	258	out_of_scope	manifest_only	Unrelated project, runtime, cache or secret-adjacent path.
tmp_ftfan\codex-paramiko\cryptography\hazmat\primitives\twofactor\__pycache__\__init__.cpython-313.pyc	517	out_of_scope	manifest_only	Unrelated project, runtime, cache or secret-adjacent path.
tmp_ftfan\codex-paramiko\cryptography\hazmat\primitives\twofactor\__pycache__\hotp.cpython-313.pyc	5287	out_of_scope	manifest_only	Unrelated project, runtime, cache or secret-adjacent path.
tmp_ftfan\codex-paramiko\cryptography\hazmat\primitives\twofactor\__pycache__\totp.cpython-313.pyc	2598	out_of_scope	manifest_only	Unrelated project, runtime, cache or secret-adjacent path.
tmp_ftfan\codex-paramiko\cryptography\hazmat\primitives\twofactor\hotp.py	3256	out_of_scope	manifest_only	Unrelated project, runtime, cache or secret-adjacent path.
tmp_ftfan\codex-paramiko\cryptography\hazmat\primitives\twofactor\totp.py	1652	out_of_scope	manifest_only	Unrelated project, runtime, cache or secret-adjacent path.
tmp_ftfan\codex-paramiko\cryptography\py.typed	0	out_of_scope	manifest_only	Unrelated project, runtime, cache or secret-adjacent path.
tmp_ftfan\codex-paramiko\cryptography\utils.py	4635	out_of_scope	manifest_only	Unrelated project, runtime, cache or secret-adjacent path.
tmp_ftfan\codex-paramiko\cryptography\x509\__init__.py	8253	out_of_scope	manifest_only	Unrelated project, runtime, cache or secret-adjacent path.
tmp_ftfan\codex-paramiko\cryptography\x509\__pycache__\__init__.cpython-313.pyc	8465	out_of_scope	manifest_only	Unrelated project, runtime, cache or secret-adjacent path.
tmp_ftfan\codex-paramiko\cryptography\x509\__pycache__\base.cpython-313.pyc	33000	out_of_scope	manifest_only	Unrelated project, runtime, cache or secret-adjacent path.
tmp_ftfan\codex-paramiko\cryptography\x509\__pycache__\certificate_transparency.cpython-313.pyc	1512	out_of_scope	manifest_only	Unrelated project, runtime, cache or secret-adjacent path.
tmp_ftfan\codex-paramiko\cryptography\x509\__pycache__\extensions.cpython-313.pyc	116227	out_of_scope	manifest_only	Unrelated project, runtime, cache or secret-adjacent path.
tmp_ftfan\codex-paramiko\cryptography\x509\__pycache__\general_name.cpython-313.pyc	13625	out_of_scope	manifest_only	Unrelated project, runtime, cache or secret-adjacent path.
tmp_ftfan\codex-paramiko\cryptography\x509\__pycache__\name.cpython-313.pyc	24085	out_of_scope	manifest_only	Unrelated project, runtime, cache or secret-adjacent path.
tmp_ftfan\codex-paramiko\cryptography\x509\__pycache__\ocsp.cpython-313.pyc	15501	out_of_scope	manifest_only	Unrelated project, runtime, cache or secret-adjacent path.
tmp_ftfan\codex-paramiko\cryptography\x509\__pycache__\oid.cpython-313.pyc	767	out_of_scope	manifest_only	Unrelated project, runtime, cache or secret-adjacent path.
tmp_ftfan\codex-paramiko\cryptography\x509\__pycache__\verification.cpython-313.pyc	1013	out_of_scope	manifest_only	Unrelated project, runtime, cache or secret-adjacent path.
tmp_ftfan\codex-paramiko\cryptography\x509\base.py	28311	out_of_scope	manifest_only	Unrelated project, runtime, cache or secret-adjacent path.
tmp_ftfan\codex-paramiko\cryptography\x509\certificate_transparency.py	797	out_of_scope	manifest_only	Unrelated project, runtime, cache or secret-adjacent path.
tmp_ftfan\codex-paramiko\cryptography\x509\extensions.py	77975	out_of_scope	manifest_only	Unrelated project, runtime, cache or secret-adjacent path.
tmp_ftfan\codex-paramiko\cryptography\x509\general_name.py	7836	out_of_scope	manifest_only	Unrelated project, runtime, cache or secret-adjacent path.
tmp_ftfan\codex-paramiko\cryptography\x509\name.py	15566	out_of_scope	manifest_only	Unrelated project, runtime, cache or secret-adjacent path.
tmp_ftfan\codex-paramiko\cryptography\x509\ocsp.py	12699	out_of_scope	manifest_only	Unrelated project, runtime, cache or secret-adjacent path.
tmp_ftfan\codex-paramiko\cryptography\x509\oid.py	931	out_of_scope	manifest_only	Unrelated project, runtime, cache or secret-adjacent path.
tmp_ftfan\codex-paramiko\cryptography\x509\verification.py	958	out_of_scope	manifest_only	Unrelated project, runtime, cache or secret-adjacent path.
tmp_ftfan\codex-paramiko\invoke-3.0.3.dist-info\entry_points.txt	81	out_of_scope	manifest_only	Unrelated project, runtime, cache or secret-adjacent path.
tmp_ftfan\codex-paramiko\invoke-3.0.3.dist-info\INSTALLER	4	out_of_scope	manifest_only	Unrelated project, runtime, cache or secret-adjacent path.
tmp_ftfan\codex-paramiko\invoke-3.0.3.dist-info\licenses\LICENSE	1314	out_of_scope	manifest_only	Unrelated project, runtime, cache or secret-adjacent path.
tmp_ftfan\codex-paramiko\invoke-3.0.3.dist-info\METADATA	3246	out_of_scope	manifest_only	Unrelated project, runtime, cache or secret-adjacent path.
tmp_ftfan\codex-paramiko\invoke-3.0.3.dist-info\RECORD	7549	out_of_scope	manifest_only	Unrelated project, runtime, cache or secret-adjacent path.
tmp_ftfan\codex-paramiko\invoke-3.0.3.dist-info\top_level.txt	7	out_of_scope	manifest_only	Unrelated project, runtime, cache or secret-adjacent path.
tmp_ftfan\codex-paramiko\invoke-3.0.3.dist-info\WHEEL	91	out_of_scope	manifest_only	Unrelated project, runtime, cache or secret-adjacent path.
tmp_ftfan\codex-paramiko\invoke\__init__.py	2212	out_of_scope	manifest_only	Unrelated project, runtime, cache or secret-adjacent path.
tmp_ftfan\codex-paramiko\invoke\__main__.py	47	out_of_scope	manifest_only	Unrelated project, runtime, cache or secret-adjacent path.
tmp_ftfan\codex-paramiko\invoke\__pycache__\__init__.cpython-313.pyc	2898	out_of_scope	manifest_only	Unrelated project, runtime, cache or secret-adjacent path.
tmp_ftfan\codex-paramiko\invoke\__pycache__\__main__.cpython-313.pyc	276	out_of_scope	manifest_only	Unrelated project, runtime, cache or secret-adjacent path.
tmp_ftfan\codex-paramiko\invoke\__pycache__\collection.cpython-313.pyc	25796	out_of_scope	manifest_only	Unrelated project, runtime, cache or secret-adjacent path.
tmp_ftfan\codex-paramiko\invoke\__pycache__\config.cpython-313.pyc	45205	out_of_scope	manifest_only	Unrelated project, runtime, cache or secret-adjacent path.
tmp_ftfan\codex-paramiko\invoke\__pycache__\context.cpython-313.pyc	22652	out_of_scope	manifest_only	Unrelated project, runtime, cache or secret-adjacent path.
tmp_ftfan\codex-paramiko\invoke\__pycache__\env.cpython-313.pyc	5610	out_of_scope	manifest_only	Unrelated project, runtime, cache or secret-adjacent path.
tmp_ftfan\codex-paramiko\invoke\__pycache__\exceptions.cpython-313.pyc	17181	out_of_scope	manifest_only	Unrelated project, runtime, cache or secret-adjacent path.
tmp_ftfan\codex-paramiko\invoke\__pycache__\executor.cpython-313.pyc	8571	out_of_scope	manifest_only	Unrelated project, runtime, cache or secret-adjacent path.
tmp_ftfan\codex-paramiko\invoke\__pycache__\loader.cpython-313.pyc	7092	out_of_scope	manifest_only	Unrelated project, runtime, cache or secret-adjacent path.
tmp_ftfan\codex-paramiko\invoke\__pycache__\main.cpython-313.pyc	452	out_of_scope	manifest_only	Unrelated project, runtime, cache or secret-adjacent path.
tmp_ftfan\codex-paramiko\invoke\__pycache__\program.cpython-313.pyc	38479	out_of_scope	manifest_only	Unrelated project, runtime, cache or secret-adjacent path.
tmp_ftfan\codex-paramiko\invoke\__pycache__\runners.cpython-313.pyc	61102	out_of_scope	manifest_only	Unrelated project, runtime, cache or secret-adjacent path.
tmp_ftfan\codex-paramiko\invoke\__pycache__\tasks.cpython-313.pyc	20847	out_of_scope	manifest_only	Unrelated project, runtime, cache or secret-adjacent path.
tmp_ftfan\codex-paramiko\invoke\__pycache__\terminals.cpython-313.pyc	8337	out_of_scope	manifest_only	Unrelated project, runtime, cache or secret-adjacent path.
tmp_ftfan\codex-paramiko\invoke\__pycache__\util.cpython-313.pyc	8710	out_of_scope	manifest_only	Unrelated project, runtime, cache or secret-adjacent path.
tmp_ftfan\codex-paramiko\invoke\__pycache__\watchers.cpython-313.pyc	5907	out_of_scope	manifest_only	Unrelated project, runtime, cache or secret-adjacent path.
tmp_ftfan\codex-paramiko\invoke\collection.py	23060	out_of_scope	manifest_only	Unrelated project, runtime, cache or secret-adjacent path.
tmp_ftfan\codex-paramiko\invoke\completion\__init__.py	0	out_of_scope	manifest_only	Unrelated project, runtime, cache or secret-adjacent path.
tmp_ftfan\codex-paramiko\invoke\completion\__pycache__\__init__.cpython-313.pyc	193	out_of_scope	manifest_only	Unrelated project, runtime, cache or secret-adjacent path.
tmp_ftfan\codex-paramiko\invoke\completion\__pycache__\complete.cpython-313.pyc	5795	out_of_scope	manifest_only	Unrelated project, runtime, cache or secret-adjacent path.
tmp_ftfan\codex-paramiko\invoke\completion\bash.completion	1356	out_of_scope	manifest_only	Unrelated project, runtime, cache or secret-adjacent path.
tmp_ftfan\codex-paramiko\invoke\completion\complete.py	5222	out_of_scope	manifest_only	Unrelated project, runtime, cache or secret-adjacent path.
tmp_ftfan\codex-paramiko\invoke\completion\fish.completion	382	out_of_scope	manifest_only	Unrelated project, runtime, cache or secret-adjacent path.
tmp_ftfan\codex-paramiko\invoke\completion\zsh.completion	1429	out_of_scope	manifest_only	Unrelated project, runtime, cache or secret-adjacent path.
tmp_ftfan\codex-paramiko\invoke\config.py	49648	out_of_scope	manifest_only	Unrelated project, runtime, cache or secret-adjacent path.
tmp_ftfan\codex-paramiko\invoke\context.py	25925	out_of_scope	manifest_only	Unrelated project, runtime, cache or secret-adjacent path.
tmp_ftfan\codex-paramiko\invoke\env.py	4394	out_of_scope	manifest_only	Unrelated project, runtime, cache or secret-adjacent path.
tmp_ftfan\codex-paramiko\invoke\exceptions.py	12227	out_of_scope	manifest_only	Unrelated project, runtime, cache or secret-adjacent path.
tmp_ftfan\codex-paramiko\invoke\executor.py	9045	out_of_scope	manifest_only	Unrelated project, runtime, cache or secret-adjacent path.
tmp_ftfan\codex-paramiko\invoke\loader.py	6010	out_of_scope	manifest_only	Unrelated project, runtime, cache or secret-adjacent path.
tmp_ftfan\codex-paramiko\invoke\main.py	235	out_of_scope	manifest_only	Unrelated project, runtime, cache or secret-adjacent path.
tmp_ftfan\codex-paramiko\invoke\parser\__init__.py	181	out_of_scope	manifest_only	Unrelated project, runtime, cache or secret-adjacent path.
tmp_ftfan\codex-paramiko\invoke\parser\__pycache__\__init__.cpython-313.pyc	389	out_of_scope	manifest_only	Unrelated project, runtime, cache or secret-adjacent path.
tmp_ftfan\codex-paramiko\invoke\parser\__pycache__\argument.cpython-313.pyc	7369	out_of_scope	manifest_only	Unrelated project, runtime, cache or secret-adjacent path.
tmp_ftfan\codex-paramiko\invoke\parser\__pycache__\context.cpython-313.pyc	12283	out_of_scope	manifest_only	Unrelated project, runtime, cache or secret-adjacent path.
tmp_ftfan\codex-paramiko\invoke\parser\__pycache__\parser.cpython-313.pyc	20756	out_of_scope	manifest_only	Unrelated project, runtime, cache or secret-adjacent path.
tmp_ftfan\codex-paramiko\invoke\parser\argument.py	6045	out_of_scope	manifest_only	Unrelated project, runtime, cache or secret-adjacent path.
tmp_ftfan\codex-paramiko\invoke\parser\context.py	9815	out_of_scope	manifest_only	Unrelated project, runtime, cache or secret-adjacent path.
tmp_ftfan\codex-paramiko\invoke\parser\parser.py	19809	out_of_scope	manifest_only	Unrelated project, runtime, cache or secret-adjacent path.
tmp_ftfan\codex-paramiko\invoke\program.py	38177	out_of_scope	manifest_only	Unrelated project, runtime, cache or secret-adjacent path.
tmp_ftfan\codex-paramiko\invoke\py.typed	0	out_of_scope	manifest_only	Unrelated project, runtime, cache or secret-adjacent path.
tmp_ftfan\codex-paramiko\invoke\runners.py	67359	out_of_scope	manifest_only	Unrelated project, runtime, cache or secret-adjacent path.
tmp_ftfan\codex-paramiko\invoke\tasks.py	20144	out_of_scope	manifest_only	Unrelated project, runtime, cache or secret-adjacent path.
tmp_ftfan\codex-paramiko\invoke\terminals.py	8148	out_of_scope	manifest_only	Unrelated project, runtime, cache or secret-adjacent path.
tmp_ftfan\codex-paramiko\invoke\util.py	10018	out_of_scope	manifest_only	Unrelated project, runtime, cache or secret-adjacent path.
tmp_ftfan\codex-paramiko\invoke\vendor\__init__.py	0	out_of_scope	manifest_only	Unrelated project, runtime, cache or secret-adjacent path.
tmp_ftfan\codex-paramiko\invoke\vendor\__pycache__\__init__.cpython-313.pyc	189	out_of_scope	manifest_only	Unrelated project, runtime, cache or secret-adjacent path.
tmp_ftfan\codex-paramiko\invoke\vendor\fluidity\__init__.py	196	out_of_scope	manifest_only	Unrelated project, runtime, cache or secret-adjacent path.
tmp_ftfan\codex-paramiko\invoke\vendor\fluidity\__pycache__\__init__.cpython-313.pyc	411	out_of_scope	manifest_only	Unrelated project, runtime, cache or secret-adjacent path.
tmp_ftfan\codex-paramiko\invoke\vendor\fluidity\__pycache__\backwardscompat.cpython-313.pyc	457	out_of_scope	manifest_only	Unrelated project, runtime, cache or secret-adjacent path.
tmp_ftfan\codex-paramiko\invoke\vendor\fluidity\__pycache__\machine.cpython-313.pyc	16904	out_of_scope	manifest_only	Unrelated project, runtime, cache or secret-adjacent path.
tmp_ftfan\codex-paramiko\invoke\vendor\fluidity\backwardscompat.py	135	out_of_scope	manifest_only	Unrelated project, runtime, cache or secret-adjacent path.
tmp_ftfan\codex-paramiko\invoke\vendor\fluidity\machine.py	8686	out_of_scope	manifest_only	Unrelated project, runtime, cache or secret-adjacent path.
tmp_ftfan\codex-paramiko\invoke\vendor\lexicon\__init__.py	1133	out_of_scope	manifest_only	Unrelated project, runtime, cache or secret-adjacent path.
tmp_ftfan\codex-paramiko\invoke\vendor\lexicon\__pycache__\__init__.cpython-313.pyc	1272	out_of_scope	manifest_only	Unrelated project, runtime, cache or secret-adjacent path.
tmp_ftfan\codex-paramiko\invoke\vendor\lexicon\__pycache__\_version.cpython-313.pyc	341	out_of_scope	manifest_only	Unrelated project, runtime, cache or secret-adjacent path.
tmp_ftfan\codex-paramiko\invoke\vendor\lexicon\__pycache__\alias_dict.cpython-313.pyc	5492	out_of_scope	manifest_only	Unrelated project, runtime, cache or secret-adjacent path.
tmp_ftfan\codex-paramiko\invoke\vendor\lexicon\__pycache__\attribute_dict.cpython-313.pyc	1265	out_of_scope	manifest_only	Unrelated project, runtime, cache or secret-adjacent path.
tmp_ftfan\codex-paramiko\invoke\vendor\lexicon\_version.py	80	out_of_scope	manifest_only	Unrelated project, runtime, cache or secret-adjacent path.
tmp_ftfan\codex-paramiko\invoke\vendor\lexicon\alias_dict.py	3223	out_of_scope	manifest_only	Unrelated project, runtime, cache or secret-adjacent path.
tmp_ftfan\codex-paramiko\invoke\vendor\lexicon\attribute_dict.py	407	out_of_scope	manifest_only	Unrelated project, runtime, cache or secret-adjacent path.
tmp_ftfan\codex-paramiko\invoke\vendor\yaml\__init__.py	13170	out_of_scope	manifest_only	Unrelated project, runtime, cache or secret-adjacent path.
tmp_ftfan\codex-paramiko\invoke\vendor\yaml\__pycache__\__init__.cpython-313.pyc	16502	out_of_scope	manifest_only	Unrelated project, runtime, cache or secret-adjacent path.
tmp_ftfan\codex-paramiko\invoke\vendor\yaml\__pycache__\composer.cpython-313.pyc	6764	out_of_scope	manifest_only	Unrelated project, runtime, cache or secret-adjacent path.
tmp_ftfan\codex-paramiko\invoke\vendor\yaml\__pycache__\constructor.cpython-313.pyc	35705	out_of_scope	manifest_only	Unrelated project, runtime, cache or secret-adjacent path.
tmp_ftfan\codex-paramiko\invoke\vendor\yaml\__pycache__\cyaml.cpython-313.pyc	4723	out_of_scope	manifest_only	Unrelated project, runtime, cache or secret-adjacent path.
tmp_ftfan\codex-paramiko\invoke\vendor\yaml\__pycache__\dumper.cpython-313.pyc	2443	out_of_scope	manifest_only	Unrelated project, runtime, cache or secret-adjacent path.
tmp_ftfan\codex-paramiko\invoke\vendor\yaml\__pycache__\emitter.cpython-313.pyc	52580	out_of_scope	manifest_only	Unrelated project, runtime, cache or secret-adjacent path.
tmp_ftfan\codex-paramiko\invoke\vendor\yaml\__pycache__\error.cpython-313.pyc	4450	out_of_scope	manifest_only	Unrelated project, runtime, cache or secret-adjacent path.
tmp_ftfan\codex-paramiko\invoke\vendor\yaml\__pycache__\events.cpython-313.pyc	5096	out_of_scope	manifest_only	Unrelated project, runtime, cache or secret-adjacent path.
tmp_ftfan\codex-paramiko\invoke\vendor\yaml\__pycache__\loader.cpython-313.pyc	3653	out_of_scope	manifest_only	Unrelated project, runtime, cache or secret-adjacent path.
tmp_ftfan\codex-paramiko\invoke\vendor\yaml\__pycache__\nodes.cpython-313.pyc	2399	out_of_scope	manifest_only	Unrelated project, runtime, cache or secret-adjacent path.
tmp_ftfan\codex-paramiko\invoke\vendor\yaml\__pycache__\parser.cpython-313.pyc	25427	out_of_scope	manifest_only	Unrelated project, runtime, cache or secret-adjacent path.
tmp_ftfan\codex-paramiko\invoke\vendor\yaml\__pycache__\reader.cpython-313.pyc	9200	out_of_scope	manifest_only	Unrelated project, runtime, cache or secret-adjacent path.
tmp_ftfan\codex-paramiko\invoke\vendor\yaml\__pycache__\representer.cpython-313.pyc	17394	out_of_scope	manifest_only	Unrelated project, runtime, cache or secret-adjacent path.
tmp_ftfan\codex-paramiko\invoke\vendor\yaml\__pycache__\resolver.cpython-313.pyc	9354	out_of_scope	manifest_only	Unrelated project, runtime, cache or secret-adjacent path.
tmp_ftfan\codex-paramiko\invoke\vendor\yaml\__pycache__\scanner.cpython-313.pyc	51317	out_of_scope	manifest_only	Unrelated project, runtime, cache or secret-adjacent path.
tmp_ftfan\codex-paramiko\invoke\vendor\yaml\__pycache__\serializer.cpython-313.pyc	6347	out_of_scope	manifest_only	Unrelated project, runtime, cache or secret-adjacent path.
tmp_ftfan\codex-paramiko\invoke\vendor\yaml\__pycache__\tokens.cpython-313.pyc	6265	out_of_scope	manifest_only	Unrelated project, runtime, cache or secret-adjacent path.
tmp_ftfan\codex-paramiko\invoke\vendor\yaml\composer.py	4883	out_of_scope	manifest_only	Unrelated project, runtime, cache or secret-adjacent path.
tmp_ftfan\codex-paramiko\invoke\vendor\yaml\constructor.py	28639	out_of_scope	manifest_only	Unrelated project, runtime, cache or secret-adjacent path.
tmp_ftfan\codex-paramiko\invoke\vendor\yaml\cyaml.py	3851	out_of_scope	manifest_only	Unrelated project, runtime, cache or secret-adjacent path.
tmp_ftfan\codex-paramiko\invoke\vendor\yaml\dumper.py	2837	out_of_scope	manifest_only	Unrelated project, runtime, cache or secret-adjacent path.
tmp_ftfan\codex-paramiko\invoke\vendor\yaml\emitter.py	43006	out_of_scope	manifest_only	Unrelated project, runtime, cache or secret-adjacent path.
tmp_ftfan\codex-paramiko\invoke\vendor\yaml\error.py	2533	out_of_scope	manifest_only	Unrelated project, runtime, cache or secret-adjacent path.
tmp_ftfan\codex-paramiko\invoke\vendor\yaml\events.py	2445	out_of_scope	manifest_only	Unrelated project, runtime, cache or secret-adjacent path.
tmp_ftfan\codex-paramiko\invoke\vendor\yaml\loader.py	2061	out_of_scope	manifest_only	Unrelated project, runtime, cache or secret-adjacent path.
tmp_ftfan\codex-paramiko\invoke\vendor\yaml\nodes.py	1440	out_of_scope	manifest_only	Unrelated project, runtime, cache or secret-adjacent path.
tmp_ftfan\codex-paramiko\invoke\vendor\yaml\parser.py	25495	out_of_scope	manifest_only	Unrelated project, runtime, cache or secret-adjacent path.
tmp_ftfan\codex-paramiko\invoke\vendor\yaml\reader.py	6794	out_of_scope	manifest_only	Unrelated project, runtime, cache or secret-adjacent path.
tmp_ftfan\codex-paramiko\invoke\vendor\yaml\representer.py	14184	out_of_scope	manifest_only	Unrelated project, runtime, cache or secret-adjacent path.
tmp_ftfan\codex-paramiko\invoke\vendor\yaml\resolver.py	8999	out_of_scope	manifest_only	Unrelated project, runtime, cache or secret-adjacent path.
tmp_ftfan\codex-paramiko\invoke\vendor\yaml\scanner.py	51277	out_of_scope	manifest_only	Unrelated project, runtime, cache or secret-adjacent path.
tmp_ftfan\codex-paramiko\invoke\vendor\yaml\serializer.py	4165	out_of_scope	manifest_only	Unrelated project, runtime, cache or secret-adjacent path.
tmp_ftfan\codex-paramiko\invoke\vendor\yaml\tokens.py	2573	out_of_scope	manifest_only	Unrelated project, runtime, cache or secret-adjacent path.
tmp_ftfan\codex-paramiko\invoke\watchers.py	5097	out_of_scope	manifest_only	Unrelated project, runtime, cache or secret-adjacent path.
tmp_ftfan\codex-paramiko\nacl\__init__.py	806	out_of_scope	manifest_only	Unrelated project, runtime, cache or secret-adjacent path.
tmp_ftfan\codex-paramiko\nacl\__pycache__\__init__.cpython-313.pyc	308	out_of_scope	manifest_only	Unrelated project, runtime, cache or secret-adjacent path.
tmp_ftfan\codex-paramiko\nacl\__pycache__\encoding.cpython-313.pyc	5131	out_of_scope	manifest_only	Unrelated project, runtime, cache or secret-adjacent path.
tmp_ftfan\codex-paramiko\nacl\__pycache__\exceptions.cpython-313.pyc	3228	out_of_scope	manifest_only	Unrelated project, runtime, cache or secret-adjacent path.
tmp_ftfan\codex-paramiko\nacl\__pycache__\hash.cpython-313.pyc	6699	out_of_scope	manifest_only	Unrelated project, runtime, cache or secret-adjacent path.
tmp_ftfan\codex-paramiko\nacl\__pycache__\hashlib.cpython-313.pyc	5999	out_of_scope	manifest_only	Unrelated project, runtime, cache or secret-adjacent path.
tmp_ftfan\codex-paramiko\nacl\__pycache__\public.cpython-313.pyc	17816	out_of_scope	manifest_only	Unrelated project, runtime, cache or secret-adjacent path.
tmp_ftfan\codex-paramiko\nacl\__pycache__\secret.cpython-313.pyc	12672	out_of_scope	manifest_only	Unrelated project, runtime, cache or secret-adjacent path.
tmp_ftfan\codex-paramiko\nacl\__pycache__\signing.cpython-313.pyc	10919	out_of_scope	manifest_only	Unrelated project, runtime, cache or secret-adjacent path.
tmp_ftfan\codex-paramiko\nacl\__pycache__\utils.cpython-313.pyc	3319	out_of_scope	manifest_only	Unrelated project, runtime, cache or secret-adjacent path.
tmp_ftfan\codex-paramiko\nacl\_sodium.pyd	405504	out_of_scope	manifest_only	Unrelated project, runtime, cache or secret-adjacent path.
tmp_ftfan\codex-paramiko\nacl\bindings\__init__.py	19591	out_of_scope	manifest_only	Unrelated project, runtime, cache or secret-adjacent path.
tmp_ftfan\codex-paramiko\nacl\bindings\__pycache__\__init__.cpython-313.pyc	12189	out_of_scope	manifest_only	Unrelated project, runtime, cache or secret-adjacent path.
tmp_ftfan\codex-paramiko\nacl\bindings\__pycache__\crypto_aead.cpython-313.pyc	30941	out_of_scope	manifest_only	Unrelated project, runtime, cache or secret-adjacent path.
tmp_ftfan\codex-paramiko\nacl\bindings\__pycache__\crypto_box.cpython-313.pyc	17029	out_of_scope	manifest_only	Unrelated project, runtime, cache or secret-adjacent path.
tmp_ftfan\codex-paramiko\nacl\bindings\__pycache__\crypto_core.cpython-313.pyc	15995	out_of_scope	manifest_only	Unrelated project, runtime, cache or secret-adjacent path.
tmp_ftfan\codex-paramiko\nacl\bindings\__pycache__\crypto_generichash.cpython-313.pyc	10802	out_of_scope	manifest_only	Unrelated project, runtime, cache or secret-adjacent path.
tmp_ftfan\codex-paramiko\nacl\bindings\__pycache__\crypto_hash.cpython-313.pyc	2315	out_of_scope	manifest_only	Unrelated project, runtime, cache or secret-adjacent path.
tmp_ftfan\codex-paramiko\nacl\bindings\__pycache__\crypto_kx.cpython-313.pyc	6797	out_of_scope	manifest_only	Unrelated project, runtime, cache or secret-adjacent path.
tmp_ftfan\codex-paramiko\nacl\bindings\__pycache__\crypto_pwhash.cpython-313.pyc	21295	out_of_scope	manifest_only	Unrelated project, runtime, cache or secret-adjacent path.
tmp_ftfan\codex-paramiko\nacl\bindings\__pycache__\crypto_scalarmult.cpython-313.pyc	8986	out_of_scope	manifest_only	Unrelated project, runtime, cache or secret-adjacent path.
tmp_ftfan\codex-paramiko\nacl\bindings\__pycache__\crypto_secretbox.cpython-313.pyc	5527	out_of_scope	manifest_only	Unrelated project, runtime, cache or secret-adjacent path.
tmp_ftfan\codex-paramiko\nacl\bindings\__pycache__\crypto_secretstream.cpython-313.pyc	12375	out_of_scope	manifest_only	Unrelated project, runtime, cache or secret-adjacent path.
tmp_ftfan\codex-paramiko\nacl\bindings\__pycache__\crypto_shorthash.cpython-313.pyc	3138	out_of_scope	manifest_only	Unrelated project, runtime, cache or secret-adjacent path.
tmp_ftfan\codex-paramiko\nacl\bindings\__pycache__\crypto_sign.cpython-313.pyc	12640	out_of_scope	manifest_only	Unrelated project, runtime, cache or secret-adjacent path.
tmp_ftfan\codex-paramiko\nacl\bindings\__pycache__\randombytes.cpython-313.pyc	1691	out_of_scope	manifest_only	Unrelated project, runtime, cache or secret-adjacent path.
tmp_ftfan\codex-paramiko\nacl\bindings\__pycache__\sodium_core.cpython-313.pyc	957	out_of_scope	manifest_only	Unrelated project, runtime, cache or secret-adjacent path.
tmp_ftfan\codex-paramiko\nacl\bindings\__pycache__\utils.cpython-313.pyc	5992	out_of_scope	manifest_only	Unrelated project, runtime, cache or secret-adjacent path.
tmp_ftfan\codex-paramiko\nacl\bindings\crypto_aead.py	30375	out_of_scope	manifest_only	Unrelated project, runtime, cache or secret-adjacent path.
tmp_ftfan\codex-paramiko\nacl\bindings\crypto_box.py	14722	out_of_scope	manifest_only	Unrelated project, runtime, cache or secret-adjacent path.
tmp_ftfan\codex-paramiko\nacl\bindings\crypto_core.py	15551	out_of_scope	manifest_only	Unrelated project, runtime, cache or secret-adjacent path.
tmp_ftfan\codex-paramiko\nacl\bindings\crypto_generichash.py	9133	out_of_scope	manifest_only	Unrelated project, runtime, cache or secret-adjacent path.
tmp_ftfan\codex-paramiko\nacl\bindings\crypto_hash.py	2238	out_of_scope	manifest_only	Unrelated project, runtime, cache or secret-adjacent path.
tmp_ftfan\codex-paramiko\nacl\bindings\crypto_kx.py	6925	out_of_scope	manifest_only	Unrelated project, runtime, cache or secret-adjacent path.
tmp_ftfan\codex-paramiko\nacl\bindings\crypto_pwhash.py	19439	out_of_scope	manifest_only	Unrelated project, runtime, cache or secret-adjacent path.
tmp_ftfan\codex-paramiko\nacl\bindings\crypto_scalarmult.py	8484	out_of_scope	manifest_only	Unrelated project, runtime, cache or secret-adjacent path.
tmp_ftfan\codex-paramiko\nacl\bindings\crypto_secretbox.py	5031	out_of_scope	manifest_only	Unrelated project, runtime, cache or secret-adjacent path.
tmp_ftfan\codex-paramiko\nacl\bindings\crypto_secretstream.py	11575	out_of_scope	manifest_only	Unrelated project, runtime, cache or secret-adjacent path.
tmp_ftfan\codex-paramiko\nacl\bindings\crypto_shorthash.py	2684	out_of_scope	manifest_only	Unrelated project, runtime, cache or secret-adjacent path.
tmp_ftfan\codex-paramiko\nacl\bindings\crypto_sign.py	10674	out_of_scope	manifest_only	Unrelated project, runtime, cache or secret-adjacent path.
tmp_ftfan\codex-paramiko\nacl\bindings\randombytes.py	1614	out_of_scope	manifest_only	Unrelated project, runtime, cache or secret-adjacent path.
tmp_ftfan\codex-paramiko\nacl\bindings\sodium_core.py	1072	out_of_scope	manifest_only	Unrelated project, runtime, cache or secret-adjacent path.
tmp_ftfan\codex-paramiko\nacl\bindings\utils.py	4439	out_of_scope	manifest_only	Unrelated project, runtime, cache or secret-adjacent path.
tmp_ftfan\codex-paramiko\nacl\encoding.py	3020	out_of_scope	manifest_only	Unrelated project, runtime, cache or secret-adjacent path.
tmp_ftfan\codex-paramiko\nacl\exceptions.py	2570	out_of_scope	manifest_only	Unrelated project, runtime, cache or secret-adjacent path.
tmp_ftfan\codex-paramiko\nacl\hash.py	6572	out_of_scope	manifest_only	Unrelated project, runtime, cache or secret-adjacent path.
tmp_ftfan\codex-paramiko\nacl\hashlib.py	4539	out_of_scope	manifest_only	Unrelated project, runtime, cache or secret-adjacent path.
tmp_ftfan\codex-paramiko\nacl\public.py	15181	out_of_scope	manifest_only	Unrelated project, runtime, cache or secret-adjacent path.
tmp_ftfan\codex-paramiko\nacl\pwhash\__init__.py	2750	out_of_scope	manifest_only	Unrelated project, runtime, cache or secret-adjacent path.
tmp_ftfan\codex-paramiko\nacl\pwhash\__pycache__\__init__.cpython-313.pyc	2950	out_of_scope	manifest_only	Unrelated project, runtime, cache or secret-adjacent path.
tmp_ftfan\codex-paramiko\nacl\pwhash\__pycache__\_argon2.cpython-313.pyc	1886	out_of_scope	manifest_only	Unrelated project, runtime, cache or secret-adjacent path.
tmp_ftfan\codex-paramiko\nacl\pwhash\__pycache__\argon2i.cpython-313.pyc	4827	out_of_scope	manifest_only	Unrelated project, runtime, cache or secret-adjacent path.
tmp_ftfan\codex-paramiko\nacl\pwhash\__pycache__\argon2id.cpython-313.pyc	4851	out_of_scope	manifest_only	Unrelated project, runtime, cache or secret-adjacent path.
tmp_ftfan\codex-paramiko\nacl\pwhash\__pycache__\scrypt.cpython-313.pyc	7482	out_of_scope	manifest_only	Unrelated project, runtime, cache or secret-adjacent path.
tmp_ftfan\codex-paramiko\nacl\pwhash\_argon2.py	1828	out_of_scope	manifest_only	Unrelated project, runtime, cache or secret-adjacent path.
tmp_ftfan\codex-paramiko\nacl\pwhash\argon2i.py	4537	out_of_scope	manifest_only	Unrelated project, runtime, cache or secret-adjacent path.
tmp_ftfan\codex-paramiko\nacl\pwhash\argon2id.py	4569	out_of_scope	manifest_only	Unrelated project, runtime, cache or secret-adjacent path.
tmp_ftfan\codex-paramiko\nacl\pwhash\scrypt.py	7193	out_of_scope	manifest_only	Unrelated project, runtime, cache or secret-adjacent path.
tmp_ftfan\codex-paramiko\nacl\py.typed	0	out_of_scope	manifest_only	Unrelated project, runtime, cache or secret-adjacent path.
tmp_ftfan\codex-paramiko\nacl\secret.py	12425	out_of_scope	manifest_only	Unrelated project, runtime, cache or secret-adjacent path.
tmp_ftfan\codex-paramiko\nacl\signing.py	8589	out_of_scope	manifest_only	Unrelated project, runtime, cache or secret-adjacent path.
tmp_ftfan\codex-paramiko\nacl\utils.py	2429	out_of_scope	manifest_only	Unrelated project, runtime, cache or secret-adjacent path.
tmp_ftfan\codex-paramiko\paramiko-5.0.0.dist-info\INSTALLER	4	out_of_scope	manifest_only	Unrelated project, runtime, cache or secret-adjacent path.
tmp_ftfan\codex-paramiko\paramiko-5.0.0.dist-info\licenses\LICENSE	26436	out_of_scope	manifest_only	Unrelated project, runtime, cache or secret-adjacent path.
tmp_ftfan\codex-paramiko\paramiko-5.0.0.dist-info\METADATA	3666	out_of_scope	manifest_only	Unrelated project, runtime, cache or secret-adjacent path.
tmp_ftfan\codex-paramiko\paramiko-5.0.0.dist-info\RECORD	5822	out_of_scope	manifest_only	Unrelated project, runtime, cache or secret-adjacent path.
tmp_ftfan\codex-paramiko\paramiko-5.0.0.dist-info\REQUESTED	0	out_of_scope	manifest_only	Unrelated project, runtime, cache or secret-adjacent path.
tmp_ftfan\codex-paramiko\paramiko-5.0.0.dist-info\top_level.txt	9	out_of_scope	manifest_only	Unrelated project, runtime, cache or secret-adjacent path.
tmp_ftfan\codex-paramiko\paramiko-5.0.0.dist-info\WHEEL	91	out_of_scope	manifest_only	Unrelated project, runtime, cache or secret-adjacent path.
tmp_ftfan\codex-paramiko\paramiko\__init__.py	3450	out_of_scope	manifest_only	Unrelated project, runtime, cache or secret-adjacent path.
tmp_ftfan\codex-paramiko\paramiko\__pycache__\__init__.cpython-313.pyc	3395	out_of_scope	manifest_only	Unrelated project, runtime, cache or secret-adjacent path.
tmp_ftfan\codex-paramiko\paramiko\__pycache__\_winapi.cpython-313.pyc	16821	out_of_scope	manifest_only	Unrelated project, runtime, cache or secret-adjacent path.
tmp_ftfan\codex-paramiko\paramiko\__pycache__\agent.cpython-313.pyc	22892	out_of_scope	manifest_only	Unrelated project, runtime, cache or secret-adjacent path.
tmp_ftfan\codex-paramiko\paramiko\__pycache__\auth_handler.cpython-313.pyc	32610	out_of_scope	manifest_only	Unrelated project, runtime, cache or secret-adjacent path.
tmp_ftfan\codex-paramiko\paramiko\__pycache__\auth_strategy.cpython-313.pyc	12312	out_of_scope	manifest_only	Unrelated project, runtime, cache or secret-adjacent path.
tmp_ftfan\codex-paramiko\paramiko\__pycache__\ber.cpython-313.pyc	6244	out_of_scope	manifest_only	Unrelated project, runtime, cache or secret-adjacent path.
tmp_ftfan\codex-paramiko\paramiko\__pycache__\buffered_pipe.cpython-313.pyc	9070	out_of_scope	manifest_only	Unrelated project, runtime, cache or secret-adjacent path.
tmp_ftfan\codex-paramiko\paramiko\__pycache__\channel.cpython-313.pyc	60265	out_of_scope	manifest_only	Unrelated project, runtime, cache or secret-adjacent path.
tmp_ftfan\codex-paramiko\paramiko\__pycache__\client.cpython-313.pyc	30120	out_of_scope	manifest_only	Unrelated project, runtime, cache or secret-adjacent path.
tmp_ftfan\codex-paramiko\paramiko\__pycache__\common.cpython-313.pyc	7207	out_of_scope	manifest_only	Unrelated project, runtime, cache or secret-adjacent path.
tmp_ftfan\codex-paramiko\paramiko\__pycache__\compress.cpython-313.pyc	1640	out_of_scope	manifest_only	Unrelated project, runtime, cache or secret-adjacent path.
tmp_ftfan\codex-paramiko\paramiko\__pycache__\config.cpython-313.pyc	23300	out_of_scope	manifest_only	Unrelated project, runtime, cache or secret-adjacent path.
tmp_ftfan\codex-paramiko\paramiko\__pycache__\ecdsakey.cpython-313.pyc	14788	out_of_scope	manifest_only	Unrelated project, runtime, cache or secret-adjacent path.
tmp_ftfan\codex-paramiko\paramiko\__pycache__\ed25519key.cpython-313.pyc	8701	out_of_scope	manifest_only	Unrelated project, runtime, cache or secret-adjacent path.
tmp_ftfan\codex-paramiko\paramiko\__pycache__\file.cpython-313.pyc	20055	out_of_scope	manifest_only	Unrelated project, runtime, cache or secret-adjacent path.
tmp_ftfan\codex-paramiko\paramiko\__pycache__\hostkeys.cpython-313.pyc	16987	out_of_scope	manifest_only	Unrelated project, runtime, cache or secret-adjacent path.
tmp_ftfan\codex-paramiko\paramiko\__pycache__\kex_curve25519.cpython-313.pyc	7892	out_of_scope	manifest_only	Unrelated project, runtime, cache or secret-adjacent path.
tmp_ftfan\codex-paramiko\paramiko\__pycache__\kex_ecdh_nist.cpython-313.pyc	8818	out_of_scope	manifest_only	Unrelated project, runtime, cache or secret-adjacent path.
tmp_ftfan\codex-paramiko\paramiko\__pycache__\kex_gex.cpython-313.pyc	13610	out_of_scope	manifest_only	Unrelated project, runtime, cache or secret-adjacent path.
tmp_ftfan\codex-paramiko\paramiko\__pycache__\kex_group14.cpython-313.pyc	7812	out_of_scope	manifest_only	Unrelated project, runtime, cache or secret-adjacent path.
tmp_ftfan\codex-paramiko\paramiko\__pycache__\kex_group16.cpython-313.pyc	1361	out_of_scope	manifest_only	Unrelated project, runtime, cache or secret-adjacent path.
tmp_ftfan\codex-paramiko\paramiko\__pycache__\message.cpython-313.pyc	11917	out_of_scope	manifest_only	Unrelated project, runtime, cache or secret-adjacent path.
tmp_ftfan\codex-paramiko\paramiko\__pycache__\packet.cpython-313.pyc	26976	out_of_scope	manifest_only	Unrelated project, runtime, cache or secret-adjacent path.
tmp_ftfan\codex-paramiko\paramiko\__pycache__\pipe.cpython-313.pyc	6594	out_of_scope	manifest_only	Unrelated project, runtime, cache or secret-adjacent path.
tmp_ftfan\codex-paramiko\paramiko\__pycache__\pkey.cpython-313.pyc	37343	out_of_scope	manifest_only	Unrelated project, runtime, cache or secret-adjacent path.
tmp_ftfan\codex-paramiko\paramiko\__pycache__\primes.cpython-313.pyc	4371	out_of_scope	manifest_only	Unrelated project, runtime, cache or secret-adjacent path.
tmp_ftfan\codex-paramiko\paramiko\__pycache__\proxy.cpython-313.pyc	5189	out_of_scope	manifest_only	Unrelated project, runtime, cache or secret-adjacent path.
tmp_ftfan\codex-paramiko\paramiko\__pycache__\rsakey.cpython-313.pyc	9335	out_of_scope	manifest_only	Unrelated project, runtime, cache or secret-adjacent path.
tmp_ftfan\codex-paramiko\paramiko\__pycache__\server.cpython-313.pyc	26939	out_of_scope	manifest_only	Unrelated project, runtime, cache or secret-adjacent path.
tmp_ftfan\codex-paramiko\paramiko\__pycache__\sftp_attr.cpython-313.pyc	10709	out_of_scope	manifest_only	Unrelated project, runtime, cache or secret-adjacent path.
tmp_ftfan\codex-paramiko\paramiko\__pycache__\sftp_client.cpython-313.pyc	39682	out_of_scope	manifest_only	Unrelated project, runtime, cache or secret-adjacent path.
tmp_ftfan\codex-paramiko\paramiko\__pycache__\sftp_file.cpython-313.pyc	24517	out_of_scope	manifest_only	Unrelated project, runtime, cache or secret-adjacent path.
tmp_ftfan\codex-paramiko\paramiko\__pycache__\sftp_handle.cpython-313.pyc	7724	out_of_scope	manifest_only	Unrelated project, runtime, cache or secret-adjacent path.
tmp_ftfan\codex-paramiko\paramiko\__pycache__\sftp_server.cpython-313.pyc	22925	out_of_scope	manifest_only	Unrelated project, runtime, cache or secret-adjacent path.
tmp_ftfan\codex-paramiko\paramiko\__pycache__\sftp_si.cpython-313.pyc	12103	out_of_scope	manifest_only	Unrelated project, runtime, cache or secret-adjacent path.
tmp_ftfan\codex-paramiko\paramiko\__pycache__\sftp.cpython-313.pyc	7319	out_of_scope	manifest_only	Unrelated project, runtime, cache or secret-adjacent path.
tmp_ftfan\codex-paramiko\paramiko\__pycache__\ssh_exception.cpython-313.pyc	9650	out_of_scope	manifest_only	Unrelated project, runtime, cache or secret-adjacent path.
tmp_ftfan\codex-paramiko\paramiko\__pycache__\transport.cpython-313.pyc	131178	out_of_scope	manifest_only	Unrelated project, runtime, cache or secret-adjacent path.
tmp_ftfan\codex-paramiko\paramiko\__pycache__\util.cpython-313.pyc	12757	out_of_scope	manifest_only	Unrelated project, runtime, cache or secret-adjacent path.
tmp_ftfan\codex-paramiko\paramiko\__pycache__\win_openssh.cpython-313.pyc	2449	out_of_scope	manifest_only	Unrelated project, runtime, cache or secret-adjacent path.
tmp_ftfan\codex-paramiko\paramiko\__pycache__\win_pageant.cpython-313.pyc	4976	out_of_scope	manifest_only	Unrelated project, runtime, cache or secret-adjacent path.
tmp_ftfan\codex-paramiko\paramiko\_winapi.py	11204	out_of_scope	manifest_only	Unrelated project, runtime, cache or secret-adjacent path.
tmp_ftfan\codex-paramiko\paramiko\agent.py	15917	out_of_scope	manifest_only	Unrelated project, runtime, cache or secret-adjacent path.
tmp_ftfan\codex-paramiko\paramiko\auth_handler.py	29568	out_of_scope	manifest_only	Unrelated project, runtime, cache or secret-adjacent path.
tmp_ftfan\codex-paramiko\paramiko\auth_strategy.py	11491	out_of_scope	manifest_only	Unrelated project, runtime, cache or secret-adjacent path.
tmp_ftfan\codex-paramiko\paramiko\ber.py	4369	out_of_scope	manifest_only	Unrelated project, runtime, cache or secret-adjacent path.
tmp_ftfan\codex-paramiko\paramiko\buffered_pipe.py	7225	out_of_scope	manifest_only	Unrelated project, runtime, cache or secret-adjacent path.
tmp_ftfan\codex-paramiko\paramiko\channel.py	49222	out_of_scope	manifest_only	Unrelated project, runtime, cache or secret-adjacent path.
tmp_ftfan\codex-paramiko\paramiko\client.py	33314	out_of_scope	manifest_only	Unrelated project, runtime, cache or secret-adjacent path.
tmp_ftfan\codex-paramiko\paramiko\common.py	7756	out_of_scope	manifest_only	Unrelated project, runtime, cache or secret-adjacent path.
tmp_ftfan\codex-paramiko\paramiko\compress.py	1282	out_of_scope	manifest_only	Unrelated project, runtime, cache or secret-adjacent path.
tmp_ftfan\codex-paramiko\paramiko\config.py	27442	out_of_scope	manifest_only	Unrelated project, runtime, cache or secret-adjacent path.
tmp_ftfan\codex-paramiko\paramiko\ecdsakey.py	11340	out_of_scope	manifest_only	Unrelated project, runtime, cache or secret-adjacent path.
tmp_ftfan\codex-paramiko\paramiko\ed25519key.py	7695	out_of_scope	manifest_only	Unrelated project, runtime, cache or secret-adjacent path.
tmp_ftfan\codex-paramiko\paramiko\file.py	19063	out_of_scope	manifest_only	Unrelated project, runtime, cache or secret-adjacent path.
tmp_ftfan\codex-paramiko\paramiko\hostkeys.py	13173	out_of_scope	manifest_only	Unrelated project, runtime, cache or secret-adjacent path.
tmp_ftfan\codex-paramiko\paramiko\kex_curve25519.py	4436	out_of_scope	manifest_only	Unrelated project, runtime, cache or secret-adjacent path.
tmp_ftfan\codex-paramiko\paramiko\kex_ecdh_nist.py	5012	out_of_scope	manifest_only	Unrelated project, runtime, cache or secret-adjacent path.
tmp_ftfan\codex-paramiko\paramiko\kex_gex.py	10139	out_of_scope	manifest_only	Unrelated project, runtime, cache or secret-adjacent path.
tmp_ftfan\codex-paramiko\paramiko\kex_group14.py	6079	out_of_scope	manifest_only	Unrelated project, runtime, cache or secret-adjacent path.
tmp_ftfan\codex-paramiko\paramiko\kex_group16.py	2304	out_of_scope	manifest_only	Unrelated project, runtime, cache or secret-adjacent path.
tmp_ftfan\codex-paramiko\paramiko\message.py	9400	out_of_scope	manifest_only	Unrelated project, runtime, cache or secret-adjacent path.
tmp_ftfan\codex-paramiko\paramiko\packet.py	24314	out_of_scope	manifest_only	Unrelated project, runtime, cache or secret-adjacent path.
tmp_ftfan\codex-paramiko\paramiko\pipe.py	3902	out_of_scope	manifest_only	Unrelated project, runtime, cache or secret-adjacent path.
tmp_ftfan\codex-paramiko\paramiko\pkey.py	38342	out_of_scope	manifest_only	Unrelated project, runtime, cache or secret-adjacent path.
tmp_ftfan\codex-paramiko\paramiko\primes.py	5107	out_of_scope	manifest_only	Unrelated project, runtime, cache or secret-adjacent path.
tmp_ftfan\codex-paramiko\paramiko\proxy.py	4648	out_of_scope	manifest_only	Unrelated project, runtime, cache or secret-adjacent path.
tmp_ftfan\codex-paramiko\paramiko\rsakey.py	7514	out_of_scope	manifest_only	Unrelated project, runtime, cache or secret-adjacent path.
tmp_ftfan\codex-paramiko\paramiko\server.py	27018	out_of_scope	manifest_only	Unrelated project, runtime, cache or secret-adjacent path.
tmp_ftfan\codex-paramiko\paramiko\sftp_attr.py	8258	out_of_scope	manifest_only	Unrelated project, runtime, cache or secret-adjacent path.
tmp_ftfan\codex-paramiko\paramiko\sftp_client.py	35855	out_of_scope	manifest_only	Unrelated project, runtime, cache or secret-adjacent path.
tmp_ftfan\codex-paramiko\paramiko\sftp_file.py	21820	out_of_scope	manifest_only	Unrelated project, runtime, cache or secret-adjacent path.
tmp_ftfan\codex-paramiko\paramiko\sftp_handle.py	7424	out_of_scope	manifest_only	Unrelated project, runtime, cache or secret-adjacent path.
tmp_ftfan\codex-paramiko\paramiko\sftp_server.py	19704	out_of_scope	manifest_only	Unrelated project, runtime, cache or secret-adjacent path.
tmp_ftfan\codex-paramiko\paramiko\sftp_si.py	12544	out_of_scope	manifest_only	Unrelated project, runtime, cache or secret-adjacent path.
tmp_ftfan\codex-paramiko\paramiko\sftp.py	6471	out_of_scope	manifest_only	Unrelated project, runtime, cache or secret-adjacent path.
tmp_ftfan\codex-paramiko\paramiko\ssh_exception.py	7597	out_of_scope	manifest_only	Unrelated project, runtime, cache or secret-adjacent path.
tmp_ftfan\codex-paramiko\paramiko\transport.py	129014	out_of_scope	manifest_only	Unrelated project, runtime, cache or secret-adjacent path.
tmp_ftfan\codex-paramiko\paramiko\util.py	9556	out_of_scope	manifest_only	Unrelated project, runtime, cache or secret-adjacent path.
tmp_ftfan\codex-paramiko\paramiko\win_openssh.py	1918	out_of_scope	manifest_only	Unrelated project, runtime, cache or secret-adjacent path.
tmp_ftfan\codex-paramiko\paramiko\win_pageant.py	4177	out_of_scope	manifest_only	Unrelated project, runtime, cache or secret-adjacent path.
tmp_ftfan\codex-paramiko\pycparser-3.0.dist-info\INSTALLER	4	out_of_scope	manifest_only	Unrelated project, runtime, cache or secret-adjacent path.
tmp_ftfan\codex-paramiko\pycparser-3.0.dist-info\licenses\LICENSE	1543	out_of_scope	manifest_only	Unrelated project, runtime, cache or secret-adjacent path.
tmp_ftfan\codex-paramiko\pycparser-3.0.dist-info\METADATA	8229	out_of_scope	manifest_only	Unrelated project, runtime, cache or secret-adjacent path.
tmp_ftfan\codex-paramiko\pycparser-3.0.dist-info\RECORD	1484	out_of_scope	manifest_only	Unrelated project, runtime, cache or secret-adjacent path.
tmp_ftfan\codex-paramiko\pycparser-3.0.dist-info\top_level.txt	10	out_of_scope	manifest_only	Unrelated project, runtime, cache or secret-adjacent path.
tmp_ftfan\codex-paramiko\pycparser-3.0.dist-info\WHEEL	92	out_of_scope	manifest_only	Unrelated project, runtime, cache or secret-adjacent path.
tmp_ftfan\codex-paramiko\pycparser\__init__.py	2829	out_of_scope	manifest_only	Unrelated project, runtime, cache or secret-adjacent path.
tmp_ftfan\codex-paramiko\pycparser\__pycache__\__init__.cpython-313.pyc	2835	out_of_scope	manifest_only	Unrelated project, runtime, cache or secret-adjacent path.
tmp_ftfan\codex-paramiko\pycparser\__pycache__\_ast_gen.cpython-313.pyc	13865	out_of_scope	manifest_only	Unrelated project, runtime, cache or secret-adjacent path.
tmp_ftfan\codex-paramiko\pycparser\__pycache__\ast_transforms.cpython-313.pyc	6111	out_of_scope	manifest_only	Unrelated project, runtime, cache or secret-adjacent path.
tmp_ftfan\codex-paramiko\pycparser\__pycache__\c_ast.cpython-313.pyc	52391	out_of_scope	manifest_only	Unrelated project, runtime, cache or secret-adjacent path.
tmp_ftfan\codex-paramiko\pycparser\__pycache__\c_generator.cpython-313.pyc	35238	out_of_scope	manifest_only	Unrelated project, runtime, cache or secret-adjacent path.
tmp_ftfan\codex-paramiko\pycparser\__pycache__\c_lexer.cpython-313.pyc	22923	out_of_scope	manifest_only	Unrelated project, runtime, cache or secret-adjacent path.
tmp_ftfan\codex-paramiko\pycparser\__pycache__\c_parser.cpython-313.pyc	99316	out_of_scope	manifest_only	Unrelated project, runtime, cache or secret-adjacent path.
tmp_ftfan\codex-paramiko\pycparser\_ast_gen.py	11292	out_of_scope	manifest_only	Unrelated project, runtime, cache or secret-adjacent path.
tmp_ftfan\codex-paramiko\pycparser\_c_ast.cfg	4255	out_of_scope	manifest_only	Unrelated project, runtime, cache or secret-adjacent path.
tmp_ftfan\codex-paramiko\pycparser\ast_transforms.py	5899	out_of_scope	manifest_only	Unrelated project, runtime, cache or secret-adjacent path.
tmp_ftfan\codex-paramiko\pycparser\c_ast.py	32954	out_of_scope	manifest_only	Unrelated project, runtime, cache or secret-adjacent path.
tmp_ftfan\codex-paramiko\pycparser\c_generator.py	20661	out_of_scope	manifest_only	Unrelated project, runtime, cache or secret-adjacent path.
tmp_ftfan\codex-paramiko\pycparser\c_lexer.py	25155	out_of_scope	manifest_only	Unrelated project, runtime, cache or secret-adjacent path.
tmp_ftfan\codex-paramiko\pycparser\c_parser.py	89798	out_of_scope	manifest_only	Unrelated project, runtime, cache or secret-adjacent path.
tmp_ftfan\codex-paramiko\pynacl-1.6.2.dist-info\INSTALLER	4	out_of_scope	manifest_only	Unrelated project, runtime, cache or secret-adjacent path.
tmp_ftfan\codex-paramiko\pynacl-1.6.2.dist-info\licenses\LICENSE	9868	out_of_scope	manifest_only	Unrelated project, runtime, cache or secret-adjacent path.
tmp_ftfan\codex-paramiko\pynacl-1.6.2.dist-info\licenses\licenses\LICENSE.libsodium.txt	841	out_of_scope	manifest_only	Unrelated project, runtime, cache or secret-adjacent path.
tmp_ftfan\codex-paramiko\pynacl-1.6.2.dist-info\METADATA	10252	out_of_scope	manifest_only	Unrelated project, runtime, cache or secret-adjacent path.
tmp_ftfan\codex-paramiko\pynacl-1.6.2.dist-info\RECORD	4790	out_of_scope	manifest_only	Unrelated project, runtime, cache or secret-adjacent path.
tmp_ftfan\codex-paramiko\pynacl-1.6.2.dist-info\top_level.txt	13	out_of_scope	manifest_only	Unrelated project, runtime, cache or secret-adjacent path.
tmp_ftfan\codex-paramiko\pynacl-1.6.2.dist-info\WHEEL	99	out_of_scope	manifest_only	Unrelated project, runtime, cache or secret-adjacent path.
tools\__pycache__\build_moo3_publication_package.cpython-313.pyc	29102	out_of_scope	manifest_only	Unrelated project, runtime, cache or secret-adjacent path.
tools\__pycache__\prepare_al16_vib_v2_test_py2.cpython-313.pyc	5110	historical_dataset	manifest_only	Outside the curated CoOOH archive selection.
tools\__pycache__\prepare_cooh_vasp_jacs6c06054.cpython-313.pyc	26667	historical_dataset	manifest_only	Outside the curated CoOOH archive selection.
tools\__pycache__\validate_vasp_input_tree.cpython-313.pyc	8802	historical_dataset	manifest_only	Outside the curated CoOOH archive selection.
tools\build_moo3_publication_package.py	24813	out_of_scope	manifest_only	Unrelated project, runtime, cache or secret-adjacent path.
tools\create_confirmation_doc.py	3654	historical_dataset	manifest_only	Outside the curated CoOOH archive selection.
tools\make_charge_diff_xsf_py2.py	6225	historical_dataset	manifest_only	Outside the curated CoOOH archive selection.
tools\monitor_al16_oer_spin_once_py2.py	6052	supporting_dataset	curated	Reproducibility or analysis script.
tools\monitor_al16_oer_vib_once_py2.py	5650	supporting_dataset	curated	Reproducibility or analysis script.
tools\origin_formation_energy_PBE_noU.ogs	404	historical_dataset	manifest_only	Outside the curated CoOOH archive selection.
tools\prepare_al16_oer_restarts_py2.py	4751	supporting_dataset	curated	Reproducibility or analysis script.
tools\prepare_al16_oer_vib_py2.py	7641	supporting_dataset	curated	Reproducibility or analysis script.
tools\prepare_al16_vib_v2_batch_py2.py	4539	supporting_dataset	curated	Reproducibility or analysis script.
tools\prepare_al16_vib_v2_test_py2.py	2397	supporting_dataset	curated	Reproducibility or analysis script.
tools\prepare_co7_o_r2_py2.py	2444	supporting_dataset	curated	Reproducibility or analysis script.
tools\prepare_cooh_vasp_jacs6c06054.py	14229	supporting_dataset	curated	Reproducibility or analysis script.
tools\prepare_cp2k_polymer_tasks.py	10368	historical_dataset	manifest_only	Outside the curated CoOOH archive selection.
tools\prepare_farco19_oh_r1_py2.py	2898	historical_dataset	manifest_only	Outside the curated CoOOH archive selection.
tools\prepare_moo3_dos_static_20260529.sh	2320	out_of_scope	manifest_only	Unrelated project, runtime, cache or secret-adjacent path.
tools\prepare_moo3_dos_static_efwin_20260529.sh	2478	out_of_scope	manifest_only	Unrelated project, runtime, cache or secret-adjacent path.
tools\prepare_reconstructed_cooh_jacs6c06054.py	12638	supporting_dataset	curated	Reproducibility or analysis script.
tools\prepare_single_al16_oer_r2_py2.py	2909	supporting_dataset	curated	Reproducibility or analysis script.
tools\prepare_undoped_001333_geoopt_py2.py	8513	supporting_dataset	curated	Reproducibility or analysis script.
tools\prepare_undoped_oer_py2.py	7391	supporting_dataset	curated	Reproducibility or analysis script.
tools\prepare_valence_analysis_py2.py	12892	supporting_dataset	curated	Reproducibility or analysis script.
tools\process_chgcar_difference_py2.py	5615	historical_dataset	manifest_only	Outside the curated CoOOH archive selection.
tools\process_chgcar_difference.py	5608	historical_dataset	manifest_only	Outside the curated CoOOH archive selection.
tools\refresh_valence_preserve_spin_py2.py	2212	supporting_dataset	curated	Reproducibility or analysis script.
tools\resubmit_moo3_dos_static_20260529.sh	1224	out_of_scope	manifest_only	Unrelated project, runtime, cache or secret-adjacent path.
tools\validate_vasp_input_tree.py	4802	supporting_dataset	curated	Reproducibility or analysis script.
