x_A,y_A,value
-3.96406,-1.66086,-0.00016413805
-3.89796,-1.66086,-8.1144732e-05
-3.83186,-1.66086,5.7473491e-05
-3.76577,-1.66086,0.00022897411
-3.69967,-1.66086,0.00046678973
-3.63357,-1.66086,0.00080768613
-3.56747,-1.66086,0.0012442946
-3.50138,-1.66086,0.001802617
-3.43528,-1.66086,0.0024777567
-3.36918,-1.66086,0.0032247624
-3.30309,-1.66086,0.0040863897
-3.23699,-1.66086,0.0050549796
-3.17089,-1.66086,0.0059930817
-3.10479,-1.66086,0.0069351383
-3.03870,-1.66086,0.0081675434
-2.97260,-1.66086,0.0094112437
-2.90650,-1.66086,0.010371448
-2.84041,-1.66086,0.011147922
-2.77431,-1.66086,0.011791955
-2.70821,-1.66086,0.011859016
-2.64211,-1.66086,0.011628052
-2.57602,-1.66086,0.011242324
-2.50992,-1.66086,0.010426302
-2.44382,-1.66086,0.0095093176
-2.37773,-1.66086,0.008407197
-2.31163,-1.66086,0.0070921713
-2.24553,-1.66086,0.005677464
-2.17943,-1.66086,0.004229222
-2.11334,-1.66086,0.0028258688
-2.04724,-1.66086,0.0016351015
-1.98114,-1.66086,0.00053635327
-1.91505,-1.66086,-0.00036857059
-1.84895,-1.66086,-0.00096164463
-1.78285,-1.66086,-0.0012735144
-1.71675,-1.66086,-0.0013393251
-1.65066,-1.66086,-0.0011446509
-1.58456,-1.66086,-0.00041338909
-1.51846,-1.66086,0.00044788086
-1.45237,-1.66086,0.0013753992
-1.38627,-1.66086,0.0028473914
-1.32017,-1.66086,0.0042356593
-1.25408,-1.66086,0.00524492
-1.18798,-1.66086,0.0061488585
-1.12188,-1.66086,0.0068726931
-1.05578,-1.66086,0.0070705069
-0.98969,-1.66086,0.0067271492
-0.92359,-1.66086,0.0063005756
-0.85749,-1.66086,0.0058264085
-0.79140,-1.66086,0.0050295601
-0.72530,-1.66086,0.0044562323
-0.65920,-1.66086,0.0040272647
-0.59310,-1.66086,0.0034980713
-0.52701,-1.66086,0.0032250669
-0.46091,-1.66086,0.0031596117
-0.39481,-1.66086,0.0029088759
-0.32872,-1.66086,0.0027102756
-0.26262,-1.66086,0.0025668347
-0.19652,-1.66086,0.0022971823
-0.13042,-1.66086,0.0020757935
-0.06433,-1.66086,0.0018678119
0.00177,-1.66086,0.0016071171
0.06787,-1.66086,0.0014033065
0.13396,-1.66086,0.0012163888
0.20006,-1.66086,0.00098870322
0.26616,-1.66086,0.00081072701
0.33226,-1.66086,0.0006510992
0.39835,-1.66086,0.00047049377
0.46445,-1.66086,0.00032433978
0.53055,-1.66086,0.00019561857
0.59664,-1.66086,6.3994179e-05
0.66274,-1.66086,-6.7596309e-05
0.72884,-1.66086,-0.00017805115
0.79493,-1.66086,-0.00027555996
0.86103,-1.66086,-0.00037156531
0.92713,-1.66086,-0.00044846677
0.99323,-1.66086,-0.00050591648
1.05932,-1.66086,-0.0005476154
1.12542,-1.66086,-0.00057903701
1.19152,-1.66086,-0.00059674541
1.25761,-1.66086,-0.00061516033
1.32371,-1.66086,-0.00061641814
1.38981,-1.66086,-0.00061172899
1.45591,-1.66086,-0.0006107653
1.52200,-1.66086,-0.00059764867
1.58810,-1.66086,-0.00057156075
1.65420,-1.66086,-0.00053475949
1.72029,-1.66086,-0.00049125962
1.78639,-1.66086,-0.00043904359
1.85249,-1.66086,-0.00037813047
1.91859,-1.66086,-0.00031402864
1.98468,-1.66086,-0.00025448954
2.05078,-1.66086,-0.00018946677
2.11688,-1.66086,-0.00012773504
2.18297,-1.66086,-7.3776631e-05
2.24907,-1.66086,-2.6013469e-05
2.31517,-1.66086,1.0783616e-05
2.38127,-1.66086,3.5443118e-05
2.44736,-1.66086,4.8174956e-05
2.51346,-1.66086,5.1840667e-05
2.57956,-1.66086,4.7911439e-05
2.64565,-1.66086,4.2392887e-05
2.71175,-1.66086,3.7845952e-05
2.77785,-1.66086,2.7097763e-05
2.84394,-1.66086,2.1624446e-05
2.91004,-1.66086,2.3595618e-05
2.97614,-1.66086,2.6812348e-05
3.04224,-1.66086,3.6950743e-05
3.10833,-1.66086,4.7964735e-05
3.17443,-1.66086,5.630574e-05
3.24053,-1.66086,6.3049018e-05
3.30662,-1.66086,5.9649017e-05
3.37272,-1.66086,2.8040424e-05
3.43882,-1.66086,-3.6132249e-05
3.50492,-1.66086,-0.00013586732
3.57101,-1.66086,-0.00029944823
3.63711,-1.66086,-0.00058368366
3.70321,-1.66086,-0.0009822289
3.76930,-1.66086,-0.0015158427
3.83540,-1.66086,-0.0024655112
3.90150,-1.66086,-0.0037702713
-3.96406,-1.61672,-0.00019483233
-3.89796,-1.61672,-0.00012150877
-3.83186,-1.61672,4.2972279e-05
-3.76577,-1.61672,0.00026582688
-3.69967,-1.61672,0.00054400892
-3.63357,-1.61672,0.0009562737
-3.56747,-1.61672,0.0014633469
-3.50138,-1.61672,0.0020582129
-3.43528,-1.61672,0.0028248299
-3.36918,-1.61672,0.0036674242
-3.30309,-1.61672,0.0046180356
-3.23699,-1.61672,0.0059902938
-3.17089,-1.61672,0.0074145314
-3.10479,-1.61672,0.008892999
-3.03870,-1.61672,0.010342417
-2.97260,-1.61672,0.011726697
-2.90650,-1.61672,0.012866662
-2.84041,-1.61672,0.013620064
-2.77431,-1.61672,0.014236973
-2.70821,-1.61672,0.014551807
-2.64211,-1.61672,0.014540149
-2.57602,-1.61672,0.014204384
-2.50992,-1.61672,0.013509064
-2.44382,-1.61672,0.012184816
-2.37773,-1.61672,0.010672593
-2.31163,-1.61672,0.0090357186
-2.24553,-1.61672,0.0072917696
-2.17943,-1.61672,0.0055374266
-2.11334,-1.61672,0.0038126186
-2.04724,-1.61672,0.0023700912
-1.98114,-1.61672,0.0010814113
-1.91505,-1.61672,-7.6192933e-05
-1.84895,-1.61672,-0.00081395992
-1.78285,-1.61672,-0.0011687925
-1.71675,-1.61672,-0.0013223349
-1.65066,-1.61672,-0.00117861
-1.58456,-1.61672,-0.00041507548
-1.51846,-1.61672,0.0005793923
-1.45237,-1.61672,0.001579268
-1.38627,-1.61672,0.0030037495
-1.32017,-1.61672,0.0047137327
-1.25408,-1.61672,0.0058968337
-1.18798,-1.61672,0.0068615335
-1.12188,-1.61672,0.0079273758
-1.05578,-1.61672,0.0084148645
-0.98969,-1.61672,0.0083311656
-0.92359,-1.61672,0.0075281258
-0.85749,-1.61672,0.0070425402
-0.79140,-1.61672,0.0062190075
-0.72530,-1.61672,0.0050458112
-0.65920,-1.61672,0.0046798298
-0.59310,-1.61672,0.0041817958
-0.52701,-1.61672,0.0035153364
-0.46091,-1.61672,0.0034347959
-0.39481,-1.61672,0.0031817635
-0.32872,-1.61672,0.0027287267
-0.26262,-1.61672,0.0025616072
-0.19652,-1.61672,0.0023252112
-0.13042,-1.61672,0.0020027494
-0.06433,-1.61672,0.0018213633
0.00177,-1.61672,0.001591161
0.06787,-1.61672,0.0013277096
0.13396,-1.61672,0.0011579319
0.20006,-1.61672,0.00095682556
0.26616,-1.61672,0.00075621763
0.33226,-1.61672,0.00061892037
0.39835,-1.61672,0.00046785039
0.46445,-1.61672,0.0003038526
0.53055,-1.61672,0.00018029501
0.59664,-1.61672,6.0301918e-05
0.66274,-1.61672,-7.9836238e-05
0.72884,-1.61672,-0.00018590434
0.79493,-1.61672,-0.00027572399
0.86103,-1.61672,-0.0003590509
0.92713,-1.61672,-0.00042430931
0.99323,-1.61672,-0.00047461898
1.05932,-1.61672,-0.00051330781
1.12542,-1.61672,-0.00054577179
1.19152,-1.61672,-0.00056719739
1.25761,-1.61672,-0.00058153539
1.32371,-1.61672,-0.00058907364
1.38981,-1.61672,-0.00058601238
1.45591,-1.61672,-0.00057667191
1.52200,-1.61672,-0.00056110322
1.58810,-1.61672,-0.00053095538
1.65420,-1.61672,-0.00049758609
1.72029,-1.61672,-0.00045880009
1.78639,-1.61672,-0.00040924057
1.85249,-1.61672,-0.00035852086
1.91859,-1.61672,-0.00029812928
1.98468,-1.61672,-0.00023539652
2.05078,-1.61672,-0.00017540473
2.11688,-1.61672,-0.00011411526
2.18297,-1.61672,-6.3085725e-05
2.24907,-1.61672,-2.2727791e-05
2.31517,-1.61672,7.2572693e-06
2.38127,-1.61672,2.5326039e-05
2.44736,-1.61672,3.5743844e-05
2.51346,-1.61672,3.5268742e-05
2.57956,-1.61672,1.7855427e-05
2.64565,-1.61672,-2.8316656e-06
2.71175,-1.61672,-1.2922228e-05
2.77785,-1.61672,-2.3069202e-05
2.84394,-1.61672,-3.2808948e-05
2.91004,-1.61672,-2.5653e-05
2.97614,-1.61672,-1.8609138e-05
3.04224,-1.61672,-1.2015799e-05
3.10833,-1.61672,-2.1298119e-07
3.17443,-1.61672,1.1081916e-06
3.24053,-1.61672,-6.7650412e-06
3.30662,-1.61672,-2.7721037e-05
3.37272,-1.61672,-7.1656163e-05
3.43882,-1.61672,-0.00014000012
3.50492,-1.61672,-0.00025741124
3.57101,-1.61672,-0.00043763401
3.63711,-1.61672,-0.00069512415
3.70321,-1.61672,-0.0011225846
3.76930,-1.61672,-0.0016702831
3.83540,-1.61672,-0.0024119676
3.90150,-1.61672,-0.003608864
-3.96406,-1.57258,-0.00022747375
-3.89796,-1.57258,-0.00012859015
-3.83186,-1.57258,3.2257241e-05
-3.76577,-1.57258,0.00029312837
-3.69967,-1.57258,0.00061336614
-3.63357,-1.57258,0.0010232959
-3.56747,-1.57258,0.001595117
-3.50138,-1.57258,0.0023037989
-3.43528,-1.57258,0.0032660612
-3.36918,-1.57258,0.0044577792
-3.30309,-1.57258,0.005820821
-3.23699,-1.57258,0.0073748953
-3.17089,-1.57258,0.0090288613
-3.10479,-1.57258,0.010678809
-3.03870,-1.57258,0.01236636
-2.97260,-1.57258,0.013931017
-2.90650,-1.57258,0.015476606
-2.84041,-1.57258,0.017086932
-2.77431,-1.57258,0.018146576
-2.70821,-1.57258,0.018672535
-2.64211,-1.57258,0.018625962
-2.57602,-1.57258,0.017875262
-2.50992,-1.57258,0.016808655
-2.44382,-1.57258,0.015275336
-2.37773,-1.57258,0.013318917
-2.31163,-1.57258,0.011348065
-2.24553,-1.57258,0.0093171885
-2.17943,-1.57258,0.0072050984
-2.11334,-1.57258,0.0051122229
-2.04724,-1.57258,0.0032560367
-1.98114,-1.57258,0.0017545965
-1.91505,-1.57258,0.00041189624
-1.84895,-1.57258,-0.00064419635
-1.78285,-1.57258,-0.0010592089
-1.71675,-1.57258,-0.0012590105
-1.65066,-1.57258,-0.0011892992
-1.58456,-1.57258,-0.00047900889
-1.51846,-1.57258,0.00056640961
-1.45237,-1.57258,0.001728433
-1.38627,-1.57258,0.0030987225
-1.32017,-1.57258,0.0049813199
-1.25408,-1.57258,0.0065772058
-1.18798,-1.57258,0.0075915926
-1.12188,-1.57258,0.0087828552
-1.05578,-1.57258,0.009267604
-0.98969,-1.57258,0.0092185624
-0.92359,-1.57258,0.0087171765
-0.85749,-1.57258,0.0078789294
-0.79140,-1.57258,0.0072752158
-0.72530,-1.57258,0.0062943865
-0.65920,-1.57258,0.0053613498
-0.59310,-1.57258,0.004880656
-0.52701,-1.57258,0.0041238288
-0.46091,-1.57258,0.0035290949
-0.39481,-1.57258,0.0032513079
-0.32872,-1.57258,0.002857679
-0.26262,-1.57258,0.0024936411
-0.19652,-1.57258,0.0022890703
-0.13042,-1.57258,0.0020081743
-0.06433,-1.57258,0.0017324773
0.00177,-1.57258,0.0015321056
0.06787,-1.57258,0.0013106102
0.13396,-1.57258,0.0011044168
0.20006,-1.57258,0.00093663257
0.26616,-1.57258,0.00075169076
0.33226,-1.57258,0.00058479782
0.39835,-1.57258,0.00044847379
0.46445,-1.57258,0.00029319074
0.53055,-1.57258,0.00015456068
0.59664,-1.57258,4.7325408e-05
0.66274,-1.57258,-6.9726811e-05
0.72884,-1.57258,-0.00017283246
0.79493,-1.57258,-0.00025210198
0.86103,-1.57258,-0.00032757715
0.92713,-1.57258,-0.00039460053
0.99323,-1.57258,-0.0004430546
1.05932,-1.57258,-0.00048104586
1.12542,-1.57258,-0.00051020313
1.19152,-1.57258,-0.00052976748
1.25761,-1.57258,-0.00054269022
1.32371,-1.57258,-0.00054525613
1.38981,-1.57258,-0.0005410554
1.45591,-1.57258,-0.00053313019
1.52200,-1.57258,-0.00052023388
1.58810,-1.57258,-0.00049219053
1.65420,-1.57258,-0.00046147974
1.72029,-1.57258,-0.00042633261
1.78639,-1.57258,-0.00037406295
1.85249,-1.57258,-0.00031974909
1.91859,-1.57258,-0.00026191922
1.98468,-1.57258,-0.00020103896
2.05078,-1.57258,-0.00014487801
2.11688,-1.57258,-9.2470866e-05
2.18297,-1.57258,-4.7114714e-05
2.24907,-1.57258,-1.1066656e-05
2.31517,-1.57258,1.3681693e-05
2.38127,-1.57258,1.8669667e-05
2.44736,-1.57258,1.2236593e-05
2.51346,-1.57258,-1.987705e-06
2.57956,-1.57258,-2.4655274e-05
2.64565,-1.57258,-5.3023927e-05
2.71175,-1.57258,-6.7863708e-05
2.77785,-1.57258,-7.3553943e-05
2.84394,-1.57258,-8.1816077e-05
2.91004,-1.57258,-8.2673287e-05
2.97614,-1.57258,-7.4135365e-05
3.04224,-1.57258,-6.8078138e-05
3.10833,-1.57258,-6.4864158e-05
3.17443,-1.57258,-6.5755317e-05
3.24053,-1.57258,-7.792806e-05
3.30662,-1.57258,-0.00010484221
3.37272,-1.57258,-0.00015710147
3.43882,-1.57258,-0.000233236
3.50492,-1.57258,-0.00035342167
3.57101,-1.57258,-0.00054545479
3.63711,-1.57258,-0.00080640899
3.70321,-1.57258,-0.0011895915
3.76930,-1.57258,-0.0017408994
3.83540,-1.57258,-0.0024492559
3.90150,-1.57258,-0.003459861
-3.96406,-1.52845,-0.00027505381
-3.89796,-1.52845,-0.00015840278
-3.83186,-1.52845,6.845903e-06
-3.76577,-1.52845,0.00027252268
-3.69967,-1.52845,0.00065719051
-3.63357,-1.52845,0.0011537059
-3.56747,-1.52845,0.0018620522
-3.50138,-1.52845,0.002781746
-3.43528,-1.52845,0.0038752351
-3.36918,-1.52845,0.0052070157
-3.30309,-1.52845,0.0067686746
-3.23699,-1.52845,0.008515982
-3.17089,-1.52845,0.010402687
-3.10479,-1.52845,0.012753425
-3.03870,-1.52845,0.0153524
-2.97260,-1.52845,0.017885821
-2.90650,-1.52845,0.019813806
-2.84041,-1.52845,0.021529196
-2.77431,-1.52845,0.022667158
-2.70821,-1.52845,0.023036724
-2.64211,-1.52845,0.022843516
-2.57602,-1.52845,0.021959729
-2.50992,-1.52845,0.020921258
-2.44382,-1.52845,0.019255064
-2.37773,-1.52845,0.017028492
-2.31163,-1.52845,0.014454331
-2.24553,-1.52845,0.011851312
-2.17943,-1.52845,0.0092593962
-2.11334,-1.52845,0.0067341747
-2.04724,-1.52845,0.004412171
-1.98114,-1.52845,0.0025743642
-1.91505,-1.52845,0.00099070941
-1.84895,-1.52845,-0.00035736457
-1.78285,-1.52845,-0.00096819556
-1.71675,-1.52845,-0.0012087406
-1.65066,-1.52845,-0.0011924856
-1.58456,-1.52845,-0.00058929768
-1.51846,-1.52845,0.00051469682
-1.45237,-1.52845,0.0017898837
-1.38627,-1.52845,0.0031147748
-1.32017,-1.52845,0.0050741867
-1.25408,-1.52845,0.006758722
-1.18798,-1.52845,0.0078822039
-1.12188,-1.52845,0.0091554048
-1.05578,-1.52845,0.0098886257
-0.98969,-1.52845,0.010001787
-0.92359,-1.52845,0.0097663049
-0.85749,-1.52845,0.0090365009
-0.79140,-1.52845,0.0081387674
-0.72530,-1.52845,0.0071541592
-0.65920,-1.52845,0.0059081335
-0.59310,-1.52845,0.0050625149
-0.52701,-1.52845,0.0044227173
-0.46091,-1.52845,0.0036884712
-0.39481,-1.52845,0.0032547775
-0.32872,-1.52845,0.0029130371
-0.26262,-1.52845,0.0024830638
-0.19652,-1.52845,0.0022022522
-0.13042,-1.52845,0.0019669537
-0.06433,-1.52845,0.001688276
0.00177,-1.52845,0.0014713012
0.06787,-1.52845,0.0012761878
0.13396,-1.52845,0.0010628864
0.20006,-1.52845,0.000888273
0.26616,-1.52845,0.00071943109
0.33226,-1.52845,0.0005488412
0.39835,-1.52845,0.0004217558
0.46445,-1.52845,0.00028840316
0.53055,-1.52845,0.00015841187
0.59664,-1.52845,5.248237e-05
0.66274,-1.52845,-5.2140454e-05
0.72884,-1.52845,-0.00015549811
0.79493,-1.52845,-0.00023477623
0.86103,-1.52845,-0.00030172491
0.92713,-1.52845,-0.0003655476
0.99323,-1.52845,-0.0004084855
1.05932,-1.52845,-0.00044173186
1.12542,-1.52845,-0.00046695044
1.19152,-1.52845,-0.00048437595
1.25761,-1.52845,-0.00049728813
1.32371,-1.52845,-0.00050217408
1.38981,-1.52845,-0.00049727346
1.45591,-1.52845,-0.00049017183
1.52200,-1.52845,-0.00047932364
1.58810,-1.52845,-0.00044766912
1.65420,-1.52845,-0.00041228419
1.72029,-1.52845,-0.00037449898
1.78639,-1.52845,-0.00032658895
1.85249,-1.52845,-0.00027412488
1.91859,-1.52845,-0.00022270167
1.98468,-1.52845,-0.00016718452
2.05078,-1.52845,-0.00011360753
2.11688,-1.52845,-6.2853615e-05
2.18297,-1.52845,-2.1435708e-05
2.24907,-1.52845,7.2955745e-06
2.31517,-1.52845,2.4597392e-05
2.38127,-1.52845,1.8938068e-05
2.44736,-1.52845,-1.7767768e-06
2.51346,-1.52845,-2.6518212e-05
2.57956,-1.52845,-5.5521043e-05
2.64565,-1.52845,-9.1544498e-05
2.71175,-1.52845,-0.00013605185
2.77785,-1.52845,-0.00015499844
2.84394,-1.52845,-0.00016083139
2.91004,-1.52845,-0.00016321785
2.97614,-1.52845,-0.00014643763
3.04224,-1.52845,-0.00013098336
3.10833,-1.52845,-0.0001269908
3.17443,-1.52845,-0.00012948179
3.24053,-1.52845,-0.00014360037
3.30662,-1.52845,-0.00017469087
3.37272,-1.52845,-0.00023407325
3.43882,-1.52845,-0.00032213613
3.50492,-1.52845,-0.00043991863
3.57101,-1.52845,-0.0006303991
3.63711,-1.52845,-0.00090113789
3.70321,-1.52845,-0.0012463521
3.76930,-1.52845,-0.0017758473
3.83540,-1.52845,-0.0024705944
3.90150,-1.52845,-0.003235565
-3.96406,-1.48431,-0.00033753057
-3.89796,-1.48431,-0.00020412635
-3.83186,-1.48431,-8.0861209e-06
-3.76577,-1.48431,0.00027964142
-3.69967,-1.48431,0.00073583709
-3.63357,-1.48431,0.001311412
-3.56747,-1.48431,0.0020391445
-3.50138,-1.48431,0.0030769121
-3.43528,-1.48431,0.0043164282
-3.36918,-1.48431,0.0057705482
-3.30309,-1.48431,0.0079280315
-3.23699,-1.48431,0.010439942
-3.17089,-1.48431,0.013276041
-3.10479,-1.48431,0.016030326
-3.03870,-1.48431,0.018917834
-2.97260,-1.48431,0.021917809
-2.90650,-1.48431,0.024064446
-2.84041,-1.48431,0.025786035
-2.77431,-1.48431,0.027629137
-2.70821,-1.48431,0.028769819
-2.64211,-1.48431,0.028814256
-2.57602,-1.48431,0.028320352
-2.50992,-1.48431,0.026565686
-2.44382,-1.48431,0.024160331
-2.37773,-1.48431,0.021424172
-2.31163,-1.48431,0.018155662
-2.24553,-1.48431,0.014888626
-2.17943,-1.48431,0.011722449
-2.11334,-1.48431,0.0086848065
-2.04724,-1.48431,0.0058233747
-1.98114,-1.48431,0.0034812985
-1.91505,-1.48431,0.001648408
-1.84895,-1.48431,9.8177894e-05
-1.78285,-1.48431,-0.00086011086
-1.71675,-1.48431,-0.0011649594
-1.65066,-1.48431,-0.0011904753
-1.58456,-1.48431,-0.00076063228
-1.51846,-1.48431,0.00036565366
-1.45237,-1.48431,0.0016188611
-1.38627,-1.48431,0.0029767789
-1.32017,-1.48431,0.0049644816
-1.25408,-1.48431,0.0067514898
-1.18798,-1.48431,0.0081898477
-1.12188,-1.48431,0.0094944928
-1.05578,-1.48431,0.010579281
-0.98969,-1.48431,0.010504705
-0.92359,-1.48431,0.010186017
-0.85749,-1.48431,0.0096695609
-0.79140,-1.48431,0.0082488144
-0.72530,-1.48431,0.0074810334
-0.65920,-1.48431,0.0064756405
-0.59310,-1.48431,0.0051386091
-0.52701,-1.48431,0.004607914
-0.46091,-1.48431,0.0039541451
-0.39481,-1.48431,0.0031689447
-0.32872,-1.48431,0.0028606912
-0.26262,-1.48431,0.0024892276
-0.19652,-1.48431,0.0020789902
-0.13042,-1.48431,0.0018792603
-0.06433,-1.48431,0.0016430677
0.00177,-1.48431,0.0013717629
0.06787,-1.48431,0.0011986024
0.13396,-1.48431,0.0010158023
0.20006,-1.48431,0.00083157298
0.26616,-1.48431,0.00069026882
0.33226,-1.48431,0.00054675259
0.39835,-1.48431,0.00040330912
0.46445,-1.48431,0.00028347175
0.53055,-1.48431,0.00016278694
0.59664,-1.48431,4.7860372e-05
0.66274,-1.48431,-4.5170658e-05
0.72884,-1.48431,-0.00013747101
0.79493,-1.48431,-0.00021562206
0.86103,-1.48431,-0.00027021937
0.92713,-1.48431,-0.00032575775
0.99323,-1.48431,-0.00036937126
1.05932,-1.48431,-0.0004000745
1.12542,-1.48431,-0.00042442346
1.19152,-1.48431,-0.00044026505
1.25761,-1.48431,-0.00045171546
1.32371,-1.48431,-0.00045759269
1.38981,-1.48431,-0.00044973445
1.45591,-1.48431,-0.00043777164
1.52200,-1.48431,-0.00042319144
1.58810,-1.48431,-0.00039608241
1.65420,-1.48431,-0.00036092507
1.72029,-1.48431,-0.00032396632
1.78639,-1.48431,-0.00028276714
1.85249,-1.48431,-0.00023150057
1.91859,-1.48431,-0.00017704
1.98468,-1.48431,-0.00012276262
2.05078,-1.48431,-6.7155226e-05
2.11688,-1.48431,-1.8598423e-05
2.18297,-1.48431,2.1011158e-05
2.24907,-1.48431,3.91494e-05
2.31517,-1.48431,4.6839039e-05
2.38127,-1.48431,4.0290663e-05
2.44736,-1.48431,2.505114e-06
2.51346,-1.48431,-5.9426195e-05
2.57956,-1.48431,-0.00013461265
2.64565,-1.48431,-0.00019673051
2.71175,-1.48431,-0.00024463562
2.77785,-1.48431,-0.00027966895
2.84394,-1.48431,-0.00026106279
2.91004,-1.48431,-0.00024573039
2.97614,-1.48431,-0.00023064403
3.04224,-1.48431,-0.00020039428
3.10833,-1.48431,-0.0001838132
3.17443,-1.48431,-0.00018665149
3.24053,-1.48431,-0.00020375536
3.30662,-1.48431,-0.00024076187
3.37272,-1.48431,-0.00030161478
3.43882,-1.48431,-0.00039706079
3.50492,-1.48431,-0.00052424922
3.57101,-1.48431,-0.00069403247
3.63711,-1.48431,-0.00095939316
3.70321,-1.48431,-0.0012795109
3.76930,-1.48431,-0.0016772427
3.83540,-1.48431,-0.0022478856
3.90150,-1.48431,-0.0029315839
-3.96406,-1.44017,-0.00038598955
-3.89796,-1.44017,-0.00026264664
-3.83186,-1.44017,-4.508048e-05
-3.76577,-1.44017,0.00028421482
-3.69967,-1.44017,0.0007234845
-3.63357,-1.44017,0.0013697767
-3.56747,-1.44017,0.0022275227
-3.50138,-1.44017,0.0034446535
-3.43528,-1.44017,0.0051476657
-3.36918,-1.44017,0.0071826139
-3.30309,-1.44017,0.0095630363
-3.23699,-1.44017,0.012470859
-3.17089,-1.44017,0.015725896
-3.10479,-1.44017,0.018902747
-3.03870,-1.44017,0.022098491
-2.97260,-1.44017,0.026119001
-2.90650,-1.44017,0.030119738
-2.84041,-1.44017,0.032839186
-2.77431,-1.44017,0.035169799
-2.70821,-1.44017,0.036717519
-2.64211,-1.44017,0.036058057
-2.57602,-1.44017,0.034880809
-2.50992,-1.44017,0.032962646
-2.44382,-1.44017,0.029789507
-2.37773,-1.44017,0.026490383
-2.31163,-1.44017,0.022765037
-2.24553,-1.44017,0.01870192
-2.17943,-1.44017,0.014807005
-2.11334,-1.44017,0.011034806
-2.04724,-1.44017,0.0076027256
-1.98114,-1.44017,0.0048114243
-1.91505,-1.44017,0.0024530382
-1.84895,-1.44017,0.00066421123
-1.78285,-1.44017,-0.00058840855
-1.71675,-1.44017,-0.00116238
-1.65066,-1.44017,-0.0012491083
-1.58456,-1.44017,-0.00099355588
-1.51846,-1.44017,0.00015109422
-1.45237,-1.44017,0.0014288778
-1.38627,-1.44017,0.0027945139
-1.32017,-1.44017,0.0048768255
-1.25408,-1.44017,0.0067706737
-1.18798,-1.44017,0.0081177428
-1.12188,-1.44017,0.0093017751
-1.05578,-1.44017,0.010430316
-0.98969,-1.44017,0.010619159
-0.92359,-1.44017,0.010113524
-0.85749,-1.44017,0.0099019725
-0.79140,-1.44017,0.0089214612
-0.72530,-1.44017,0.0075990553
-0.65920,-1.44017,0.0067659668
-0.59310,-1.44017,0.005617904
-0.52701,-1.44017,0.0045051095
-0.46091,-1.44017,0.0039134226
-0.39481,-1.44017,0.003268068
-0.32872,-1.44017,0.0026966389
-0.26262,-1.44017,0.0023907127
-0.19652,-1.44017,0.0020438887
-0.13042,-1.44017,0.0017321307
-0.06433,-1.44017,0.0015422801
0.00177,-1.44017,0.0013313333
0.06787,-1.44017,0.0011265107
0.13396,-1.44017,0.00097713433
0.20006,-1.44017,0.00081784639
0.26616,-1.44017,0.00065306929
0.33226,-1.44017,0.00052263431
0.39835,-1.44017,0.00039202525
0.46445,-1.44017,0.00026465845
0.53055,-1.44017,0.00015943158
0.59664,-1.44017,6.0221064e-05
0.66274,-1.44017,-2.8915749e-05
0.72884,-1.44017,-0.00011078558
0.79493,-1.44017,-0.00018330601
0.86103,-1.44017,-0.00024199988
0.92713,-1.44017,-0.00029041377
0.99323,-1.44017,-0.00033052059
1.05932,-1.44017,-0.00036033671
1.12542,-1.44017,-0.00038117229
1.19152,-1.44017,-0.00039495828
1.25761,-1.44017,-0.00040288799
1.32371,-1.44017,-0.00040718261
1.38981,-1.44017,-0.00039954018
1.45591,-1.44017,-0.00038697518
1.52200,-1.44017,-0.00037073207
1.58810,-1.44017,-0.00034643727
1.65420,-1.44017,-0.00031309642
1.72029,-1.44017,-0.00027277303
1.78639,-1.44017,-0.00022945949
1.85249,-1.44017,-0.0001772351
1.91859,-1.44017,-0.00012201235
1.98468,-1.44017,-6.8401081e-05
2.05078,-1.44017,-1.6373217e-05
2.11688,-1.44017,2.8452321e-05
2.18297,-1.44017,6.5055465e-05
2.24907,-1.44017,8.3818537e-05
2.31517,-1.44017,7.2288305e-05
2.38127,-1.44017,3.6136811e-05
2.44736,-1.44017,-3.6037847e-05
2.51346,-1.44017,-0.00011628419
2.57956,-1.44017,-0.00021253648
2.64565,-1.44017,-0.00030032053
2.71175,-1.44017,-0.00034685072
2.77785,-1.44017,-0.00038105957
2.84394,-1.44017,-0.00038404425
2.91004,-1.44017,-0.00034499384
2.97614,-1.44017,-0.00030767304
3.04224,-1.44017,-0.0002705635
3.10833,-1.44017,-0.00024064984
3.17443,-1.44017,-0.00023806158
3.24053,-1.44017,-0.00025714273
3.30662,-1.44017,-0.0002983762
3.37272,-1.44017,-0.00036293274
3.43882,-1.44017,-0.00045263561
3.50492,-1.44017,-0.00057599688
3.57101,-1.44017,-0.00072995323
3.63711,-1.44017,-0.00094961433
3.70321,-1.44017,-0.0012519539
3.76930,-1.44017,-0.001618074
3.83540,-1.44017,-0.0020850212
3.90150,-1.44017,-0.0026912042
-3.96406,-1.39604,-0.00044981317
-3.89796,-1.39604,-0.00032307251
-3.83186,-1.39604,-0.00011290065
-3.76577,-1.39604,0.00025544292
-3.69967,-1.39604,0.00075913704
-3.63357,-1.39604,0.0015133461
-3.56747,-1.39604,0.0025913871
-3.50138,-1.39604,0.0039667739
-3.43528,-1.39604,0.0058216173
-3.36918,-1.39604,0.0081833545
-3.30309,-1.39604,0.010834479
-3.23699,-1.39604,0.014003391
-3.17089,-1.39604,0.018508166
-3.10479,-1.39604,0.023310568
-3.03870,-1.39604,0.028128624
-2.97260,-1.39604,0.033013605
-2.90650,-1.39604,0.037719518
-2.84041,-1.39604,0.040731393
-2.77431,-1.39604,0.042861786
-2.70821,-1.39604,0.044536069
-2.64211,-1.39604,0.044075105
-2.57602,-1.39604,0.043089293
-2.50992,-1.39604,0.041145593
-2.44382,-1.39604,0.037682965
-2.37773,-1.39604,0.033188619
-2.31163,-1.39604,0.028379377
-2.24553,-1.39604,0.023314772
-2.17943,-1.39604,0.018576456
-2.11334,-1.39604,0.013980015
-2.04724,-1.39604,0.0097879032
-1.98114,-1.39604,0.0063487147
-1.91505,-1.39604,0.003443605
-1.84895,-1.39604,0.0011995304
-1.78285,-1.39604,-0.00033358639
-1.71675,-1.39604,-0.001086777
-1.65066,-1.39604,-0.0013213123
-1.58456,-1.39604,-0.0011604495
-1.51846,-1.39604,-9.526682e-05
-1.45237,-1.39604,0.0012122464
-1.38627,-1.39604,0.0025072349
-1.32017,-1.39604,0.0043440419
-1.25408,-1.39604,0.0063197305
-1.18798,-1.39604,0.007711207
-1.12188,-1.39604,0.0087416423
-1.05578,-1.39604,0.010156061
-0.98969,-1.39604,0.010598909
-0.92359,-1.39604,0.010166822
-0.85749,-1.39604,0.0097729741
-0.79140,-1.39604,0.00903905
-0.72530,-1.39604,0.0076174722
-0.65920,-1.39604,0.0064982367
-0.59310,-1.39604,0.0056071286
-0.52701,-1.39604,0.0044617997
-0.46091,-1.39604,0.0036972673
-0.39481,-1.39604,0.0031688514
-0.32872,-1.39604,0.0025724897
-0.26262,-1.39604,0.0022091109
-0.19652,-1.39604,0.0019425618
-0.13042,-1.39604,0.001644511
-0.06433,-1.39604,0.0014390458
0.00177,-1.39604,0.0012672436
0.06787,-1.39604,0.0010615408
0.13396,-1.39604,0.00090470508
0.20006,-1.39604,0.00076666445
0.26616,-1.39604,0.00060994853
0.33226,-1.39604,0.00048935896
0.39835,-1.39604,0.00038117458
0.46445,-1.39604,0.00026750058
0.53055,-1.39604,0.00016426123
0.59664,-1.39604,7.3147909e-05
0.66274,-1.39604,-1.3684819e-05
0.72884,-1.39604,-9.2961178e-05
0.79493,-1.39604,-0.0001585929
0.86103,-1.39604,-0.00021521689
0.92713,-1.39604,-0.00025753959
0.99323,-1.39604,-0.00029174055
1.05932,-1.39604,-0.0003190045
1.12542,-1.39604,-0.00033796078
1.19152,-1.39604,-0.00034971198
1.25761,-1.39604,-0.00035684221
1.32371,-1.39604,-0.00035870686
1.38981,-1.39604,-0.00035149758
1.45591,-1.39604,-0.00033884306
1.52200,-1.39604,-0.00031985392
1.58810,-1.39604,-0.00029426609
1.65420,-1.39604,-0.00026038004
1.72029,-1.39604,-0.00021991003
1.78639,-1.39604,-0.00017593142
1.85249,-1.39604,-0.00012615952
1.91859,-1.39604,-7.2033443e-05
1.98468,-1.39604,-1.8249995e-05
2.05078,-1.39604,3.7801812e-05
2.11688,-1.39604,8.4667634e-05
2.18297,-1.39604,0.00011631801
2.24907,-1.39604,0.00013583053
2.31517,-1.39604,0.00011527566
2.38127,-1.39604,5.6567234e-05
2.44736,-1.39604,-3.1357697e-05
2.51346,-1.39604,-0.00013169245
2.57956,-1.39604,-0.00024543898
2.64565,-1.39604,-0.00040492899
2.71175,-1.39604,-0.00048971805
2.77785,-1.39604,-0.00051363715
2.84394,-1.39604,-0.00053511391
2.91004,-1.39604,-0.00047844744
2.97614,-1.39604,-0.00040469336
3.04224,-1.39604,-0.00035022947
3.10833,-1.39604,-0.00030607509
3.17443,-1.39604,-0.00029123493
3.24053,-1.39604,-0.00029531063
3.30662,-1.39604,-0.00033283589
3.37272,-1.39604,-0.00039628954
3.43882,-1.39604,-0.00048275685
3.50492,-1.39604,-0.0006046379
3.57101,-1.39604,-0.00075974182
3.63711,-1.39604,-0.00095344626
3.70321,-1.39604,-0.0012296037
3.76930,-1.39604,-0.0015668055
3.83540,-1.39604,-0.0019134728
3.90150,-1.39604,-0.0023326448
-3.96406,-1.35190,-0.00053387164
-3.89796,-1.35190,-0.00039455388
-3.83186,-1.35190,-0.00020160843
-3.76577,-1.35190,0.00020703272
-3.69967,-1.35190,0.00079340738
-3.63357,-1.35190,0.0015336501
-3.56747,-1.35190,0.0027232538
-3.50138,-1.35190,0.004289533
-3.43528,-1.35190,0.0062350077
-3.36918,-1.35190,0.0093504228
-3.30309,-1.35190,0.013091072
-3.23699,-1.35190,0.017440863
-3.17089,-1.35190,0.022739438
-3.10479,-1.35190,0.028370284
-3.03870,-1.35190,0.033953909
-2.97260,-1.35190,0.0393527
-2.90650,-1.35190,0.044730529
-2.84041,-1.35190,0.049431793
-2.77431,-1.35190,0.05327813
-2.70821,-1.35190,0.055998273
-2.64211,-1.35190,0.056894042
-2.57602,-1.35190,0.054503333
-2.50992,-1.35190,0.05109166
-2.44382,-1.35190,0.046893526
-2.37773,-1.35190,0.041080445
-2.31163,-1.35190,0.034983333
-2.24553,-1.35190,0.028810881
-2.17943,-1.35190,0.022989046
-2.11334,-1.35190,0.017423205
-2.04724,-1.35190,0.012167779
-1.98114,-1.35190,0.0080519263
-1.91505,-1.35190,0.0047341594
-1.84895,-1.35190,0.0018711282
-1.78285,-1.35190,-2.6323874e-05
-1.71675,-1.35190,-0.00090688147
-1.65066,-1.35190,-0.0014130557
-1.58456,-1.35190,-0.0013360059
-1.51846,-1.35190,-0.00049077498
-1.45237,-1.35190,0.00082285621
-1.38627,-1.35190,0.0021095101
-1.32017,-1.35190,0.0036726352
-1.25408,-1.35190,0.0058985082
-1.18798,-1.35190,0.007362328
-1.12188,-1.35190,0.008331948
-1.05578,-1.35190,0.0096405707
-0.98969,-1.35190,0.010133066
-0.92359,-1.35190,0.0098122973
-0.85749,-1.35190,0.0090487301
-0.79140,-1.35190,0.0085777799
-0.72530,-1.35190,0.0075172284
-0.65920,-1.35190,0.0059624696
-0.59310,-1.35190,0.0052659884
-0.52701,-1.35190,0.0043777162
-0.46091,-1.35190,0.0033481009
-0.39481,-1.35190,0.0029386273
-0.32872,-1.35190,0.0024850504
-0.26262,-1.35190,0.0019913041
-0.19652,-1.35190,0.0017810052
-0.13042,-1.35190,0.0015403066
-0.06433,-1.35190,0.0012859888
0.00177,-1.35190,0.0011480285
0.06787,-1.35190,0.00098394929
0.13396,-1.35190,0.00082364847
0.20006,-1.35190,0.0007190755
0.26616,-1.35190,0.00059716427
0.33226,-1.35190,0.00046485983
0.39835,-1.35190,0.00036661484
0.46445,-1.35190,0.00026677464
0.53055,-1.35190,0.00015794711
0.59664,-1.35190,7.4852658e-05
0.66274,-1.35190,-9.7861323e-07
0.72884,-1.35190,-7.7356199e-05
0.79493,-1.35190,-0.00013278286
0.86103,-1.35190,-0.00018164754
0.92713,-1.35190,-0.00022546272
0.99323,-1.35190,-0.00025550235
1.05932,-1.35190,-0.00027946141
1.12542,-1.35190,-0.00029820783
1.19152,-1.35190,-0.00030696424
1.25761,-1.35190,-0.00031171786
1.32371,-1.35190,-0.00031314476
1.38981,-1.35190,-0.00030408028
1.45591,-1.35190,-0.00028905203
1.52200,-1.35190,-0.00027145632
1.58810,-1.35190,-0.00024506604
1.65420,-1.35190,-0.0002101459
1.72029,-1.35190,-0.00017374715
1.78639,-1.35190,-0.00012777993
1.85249,-1.35190,-7.4655531e-05
1.91859,-1.35190,-1.8578075e-05
1.98468,-1.35190,4.0749401e-05
2.05078,-1.35190,9.9152887e-05
2.11688,-1.35190,0.00015684406
2.18297,-1.35190,0.00018104765
2.24907,-1.35190,0.00018954091
2.31517,-1.35190,0.00019841985
2.38127,-1.35190,0.00011597784
2.44736,-1.35190,-2.7523991e-05
2.51346,-1.35190,-0.00018778436
2.57956,-1.35190,-0.00034163095
2.64565,-1.35190,-0.0005164569
2.71175,-1.35190,-0.00069342373
2.77785,-1.35190,-0.00067356101
2.84394,-1.35190,-0.00066035229
2.91004,-1.35190,-0.00065010891
2.97614,-1.35190,-0.00051927479
3.04224,-1.35190,-0.00039778132
3.10833,-1.35190,-0.00032621116
3.17443,-1.35190,-0.00029474517
3.24053,-1.35190,-0.00030434225
3.30662,-1.35190,-0.00034792855
3.37272,-1.35190,-0.00041961801
3.43882,-1.35190,-0.00051007647
3.50492,-1.35190,-0.00062720338
3.57101,-1.35190,-0.00077322155
3.63711,-1.35190,-0.00093805447
3.70321,-1.35190,-0.0011376879
3.76930,-1.35190,-0.0013995697
3.83540,-1.35190,-0.0016943202
3.90150,-1.35190,-0.0020146265
-3.96406,-1.30776,-0.0006459062
-3.89796,-1.30776,-0.00048917485
-3.83186,-1.30776,-0.00027401824
-3.76577,-1.30776,7.7405231e-05
-3.69967,-1.30776,0.00073148019
-3.63357,-1.30776,0.0015981739
-3.56747,-1.30776,0.0028497628
-3.50138,-1.30776,0.0049383957
-3.43528,-1.30776,0.0075431722
-3.36918,-1.30776,0.010851839
-3.30309,-1.30776,0.015250215
-3.23699,-1.30776,0.020262647
-3.17089,-1.30776,0.0260321
-3.10479,-1.30776,0.032559946
-3.03870,-1.30776,0.040240575
-2.97260,-1.30776,0.048854604
-2.90650,-1.30776,0.056975998
-2.84041,-1.30776,0.063239783
-2.77431,-1.30776,0.067840092
-2.70821,-1.30776,0.06966342
-2.64211,-1.30776,0.069801688
-2.57602,-1.30776,0.067407794
-2.50992,-1.30776,0.062417906
-2.44382,-1.30776,0.057353377
-2.37773,-1.30776,0.050920404
-2.31163,-1.30776,0.043250449
-2.24553,-1.30776,0.035422776
-2.17943,-1.30776,0.028176054
-2.11334,-1.30776,0.021579258
-2.04724,-1.30776,0.015398296
-1.98114,-1.30776,0.010097528
-1.91505,-1.30776,0.0063000489
-1.84895,-1.30776,0.0029294128
-1.78285,-1.30776,0.00032455605
-1.71675,-1.30776,-0.00082052278
-1.65066,-1.30776,-0.0014319387
-1.58456,-1.30776,-0.0015596946
-1.51846,-1.30776,-0.00090119406
-1.45237,-1.30776,0.00037461956
-1.38627,-1.30776,0.0017586986
-1.32017,-1.30776,0.0030469163
-1.25408,-1.30776,0.0051361904
-1.18798,-1.30776,0.0067292931
-1.12188,-1.30776,0.0075830123
-1.05578,-1.30776,0.0086817062
-0.98969,-1.30776,0.0092734713
-0.92359,-1.30776,0.0091416631
-0.85749,-1.30776,0.0085194008
-0.79140,-1.30776,0.0077654389
-0.72530,-1.30776,0.0069961236
-0.65920,-1.30776,0.0058267908
-0.59310,-1.30776,0.0047261384
-0.52701,-1.30776,0.0040647849
-0.46091,-1.30776,0.0032685217
-0.39481,-1.30776,0.0025753572
-0.32872,-1.30776,0.0022244609
-0.26262,-1.30776,0.0018475374
-0.19652,-1.30776,0.0015344452
-0.13042,-1.30776,0.0013653708
-0.06433,-1.30776,0.0011921817
0.00177,-1.30776,0.0010388667
0.06787,-1.30776,0.00091949245
0.13396,-1.30776,0.00078444858
0.20006,-1.30776,0.00066139025
0.26616,-1.30776,0.00055961823
0.33226,-1.30776,0.00044283204
0.39835,-1.30776,0.00033704197
0.46445,-1.30776,0.00025523605
0.53055,-1.30776,0.00016438939
0.59664,-1.30776,8.2313367e-05
0.66274,-1.30776,1.5809032e-05
0.72884,-1.30776,-5.1725248e-05
0.79493,-1.30776,-0.00011157644
0.86103,-1.30776,-0.00015481657
0.92713,-1.30776,-0.00019276478
0.99323,-1.30776,-0.00022373436
1.05932,-1.30776,-0.00024307489
1.12542,-1.30776,-0.00025855296
1.19152,-1.30776,-0.00026716257
1.25761,-1.30776,-0.00026890554
1.32371,-1.30776,-0.00026799683
1.38981,-1.30776,-0.00026065687
1.45591,-1.30776,-0.00024331309
1.52200,-1.30776,-0.0002241835
1.58810,-1.30776,-0.00020049039
1.65420,-1.30776,-0.00016388351
1.72029,-1.30776,-0.00012482307
1.78639,-1.30776,-7.9233199e-05
1.85249,-1.30776,-2.2933526e-05
1.91859,-1.30776,3.6074769e-05
1.98468,-1.30776,9.6134878e-05
2.05078,-1.30776,0.00015497769
2.11688,-1.30776,0.00021637105
2.18297,-1.30776,0.00025764306
2.24907,-1.30776,0.00024733366
2.31517,-1.30776,0.00023012601
2.38127,-1.30776,0.00015754036
2.44736,-1.30776,-2.1975018e-05
2.51346,-1.30776,-0.00023307154
2.57956,-1.30776,-0.00040651805
2.64565,-1.30776,-0.00058336713
2.71175,-1.30776,-0.00079751114
2.77785,-1.30776,-0.0008368842
2.84394,-1.30776,-0.00073357427
2.91004,-1.30776,-0.00065586256
2.97614,-1.30776,-0.00054737611
3.04224,-1.30776,-0.00039992493
3.10833,-1.30776,-0.00031258486
3.17443,-1.30776,-0.00028790059
3.24053,-1.30776,-0.00030264843
3.30662,-1.30776,-0.00035178807
3.37272,-1.30776,-0.00042417538
3.43882,-1.30776,-0.00050854991
3.50492,-1.30776,-0.00061243633
3.57101,-1.30776,-0.00073909241
3.63711,-1.30776,-0.00088924612
3.70321,-1.30776,-0.0010662652
3.76930,-1.30776,-0.0012782271
3.83540,-1.30776,-0.0015265592
3.90150,-1.30776,-0.0017931246
-3.96406,-1.26362,-0.00074601232
-3.89796,-1.26362,-0.00060118007
-3.83186,-1.26362,-0.00037734123
-3.76577,-1.26362,-4.3282285e-05
-3.69967,-1.26362,0.0006674435
-3.63357,-1.26362,0.0017385002
-3.56747,-1.26362,0.0031130984
-3.50138,-1.26362,0.005300893
-3.43528,-1.26362,0.0083101857
-3.36918,-1.26362,0.011917615
-3.30309,-1.26362,0.016590904
-3.23699,-1.26362,0.023481412
-3.17089,-1.26362,0.031624027
-3.10479,-1.26362,0.041253276
-3.03870,-1.26362,0.05067762
-2.97260,-1.26362,0.060581263
-2.90650,-1.26362,0.069913283
-2.84041,-1.26362,0.076793753
-2.77431,-1.26362,0.08188922
-2.70821,-1.26362,0.084758177
-2.64211,-1.26362,0.086564414
-2.57602,-1.26362,0.084654756
-2.50992,-1.26362,0.079254717
-2.44382,-1.26362,0.071417056
-2.37773,-1.26362,0.062791131
-2.31163,-1.26362,0.053295143
-2.24553,-1.26362,0.043527886
-2.17943,-1.26362,0.034469042
-2.11334,-1.26362,0.026480438
-2.04724,-1.26362,0.019054376
-1.98114,-1.26362,0.012375574
-1.91505,-1.26362,0.0077300342
-1.84895,-1.26362,0.0039878846
-1.78285,-1.26362,0.00091219216
-1.71675,-1.26362,-0.00072916329
-1.65066,-1.26362,-0.0014433938
-1.58456,-1.26362,-0.0017192891
-1.51846,-1.26362,-0.0013331878
-1.45237,-1.26362,-0.00013530107
-1.38627,-1.26362,0.0011777334
-1.32017,-1.26362,0.002394353
-1.25408,-1.26362,0.004230517
-1.18798,-1.26362,0.0058468734
-1.12188,-1.26362,0.0068303202
-1.05578,-1.26362,0.0076981359
-0.98969,-1.26362,0.0083241602
-0.92359,-1.26362,0.0082406448
-0.85749,-1.26362,0.0076912893
-0.79140,-1.26362,0.0070486465
-0.72530,-1.26362,0.0062255734
-0.65920,-1.26362,0.005325723
-0.59310,-1.26362,0.0042372434
-0.52701,-1.26362,0.0034591882
-0.46091,-1.26362,0.0028528397
-0.39481,-1.26362,0.0021985595
-0.32872,-1.26362,0.0018548748
-0.26262,-1.26362,0.0016238848
-0.19652,-1.26362,0.0013728401
-0.13042,-1.26362,0.0012018393
-0.06433,-1.26362,0.0010715364
0.00177,-1.26362,0.00093074574
0.06787,-1.26362,0.00081701914
0.13396,-1.26362,0.00070646137
0.20006,-1.26362,0.00059451046
0.26616,-1.26362,0.00051272125
0.33226,-1.26362,0.00042069537
0.39835,-1.26362,0.00032792188
0.46445,-1.26362,0.00024860018
0.53055,-1.26362,0.00016861488
0.59664,-1.26362,8.8352244e-05
0.66274,-1.26362,2.3394346e-05
0.72884,-1.26362,-3.5034838e-05
0.79493,-1.26362,-9.2430804e-05
0.86103,-1.26362,-0.00013216447
0.92713,-1.26362,-0.00016312605
0.99323,-1.26362,-0.00019194859
1.05932,-1.26362,-0.00020997631
1.12542,-1.26362,-0.00022203862
1.19152,-1.26362,-0.000230091
1.25761,-1.26362,-0.00023006419
1.32371,-1.26362,-0.00022613748
1.38981,-1.26362,-0.00022029581
1.45591,-1.26362,-0.00020307921
1.52200,-1.26362,-0.00018198196
1.58810,-1.26362,-0.00015915607
1.65420,-1.26362,-0.00012334764
1.72029,-1.26362,-8.1215272e-05
1.78639,-1.26362,-3.7069796e-05
1.85249,-1.26362,1.9264347e-05
1.91859,-1.26362,8.14698e-05
1.98468,-1.26362,0.00014663443
2.05078,-1.26362,0.00020809907
2.11688,-1.26362,0.00027144555
2.18297,-1.26362,0.00033709864
2.24907,-1.26362,0.00032705502
2.31517,-1.26362,0.00028315233
2.38127,-1.26362,0.00024007016
2.44736,-1.26362,6.4467524e-05
2.51346,-1.26362,-0.00019770108
2.57956,-1.26362,-0.00042744775
2.64565,-1.26362,-0.00059917988
2.71175,-1.26362,-0.00076800544
2.77785,-1.26362,-0.00089043076
2.84394,-1.26362,-0.00078352162
2.91004,-1.26362,-0.00065172854
2.97614,-1.26362,-0.00057045778
3.04224,-1.26362,-0.00041934446
3.10833,-1.26362,-0.00029931398
3.17443,-1.26362,-0.00023402958
3.24053,-1.26362,-0.00024426749
3.30662,-1.26362,-0.00029744496
3.37272,-1.26362,-0.00038925535
3.43882,-1.26362,-0.00048513839
3.50492,-1.26362,-0.0005896003
3.57101,-1.26362,-0.00071317982
3.63711,-1.26362,-0.0008524764
3.70321,-1.26362,-0.0010049406
3.76930,-1.26362,-0.0011601355
3.83540,-1.26362,-0.0013239507
3.90150,-1.26362,-0.0014877383
-3.96406,-1.21949,-0.00088185346
-3.89796,-1.21949,-0.00077942695
-3.83186,-1.21949,-0.00053822342
-3.76577,-1.21949,-0.000186594
-3.69967,-1.21949,0.00047675264
-3.63357,-1.21949,0.0016598265
-3.56747,-1.21949,0.0032112109
-3.50138,-1.21949,0.005352906
-3.43528,-1.21949,0.0091478284
-3.36918,-1.21949,0.014040603
-3.30309,-1.21949,0.020027796
-3.23699,-1.21949,0.028155277
-3.17089,-1.21949,0.037694469
-3.10479,-1.21949,0.048566572
-3.03870,-1.21949,0.059531935
-2.97260,-1.21949,0.070607059
-2.90650,-1.21949,0.084153317
-2.84041,-1.21949,0.096356764
-2.77431,-1.21949,0.1046078
-2.70821,-1.21949,0.11087698
-2.64211,-1.21949,0.11074757
-2.57602,-1.21949,0.10575723
-2.50992,-1.21949,0.098964043
-2.44382,-1.21949,0.088155262
-2.37773,-1.21949,0.076711141
-2.31163,-1.21949,0.065147683
-2.24553,-1.21949,0.053002786
-2.17943,-1.21949,0.041496508
-2.11334,-1.21949,0.031594735
-2.04724,-1.21949,0.023035835
-1.98114,-1.21949,0.015367855
-1.91505,-1.21949,0.0094571216
-1.84895,-1.21949,0.0052432786
-1.78285,-1.21949,0.0017904235
-1.71675,-1.21949,-0.00064085849
-1.65066,-1.21949,-0.0015243589
-1.58456,-1.21949,-0.0019194699
-1.51846,-1.21949,-0.0018512997
-1.45237,-1.21949,-0.00070217205
-1.38627,-1.21949,0.00054293044
-1.32017,-1.21949,0.0018492396
-1.25408,-1.21949,0.0034269253
-1.18798,-1.21949,0.0049618869
-1.12188,-1.21949,0.0060181776
-1.05578,-1.21949,0.0066253124
-0.98969,-1.21949,0.007279742
-0.92359,-1.21949,0.0071482295
-0.85749,-1.21949,0.0066997483
-0.79140,-1.21949,0.0061965841
-0.72530,-1.21949,0.0051411255
-0.65920,-1.21949,0.0044113626
-0.59310,-1.21949,0.003590818
-0.52701,-1.21949,0.0027399363
-0.46091,-1.21949,0.0023652627
-0.39481,-1.21949,0.0019473603
-0.32872,-1.21949,0.0015030205
-0.26262,-1.21949,0.0013411628
-0.19652,-1.21949,0.0011689758
-0.13042,-1.21949,0.00097692525
-0.06433,-1.21949,0.00088632014
0.00177,-1.21949,0.00079999113
0.06787,-1.21949,0.00070891739
0.13396,-1.21949,0.00063758955
0.20006,-1.21949,0.00055858045
0.26616,-1.21949,0.00047306489
0.33226,-1.21949,0.00039423307
0.39835,-1.21949,0.00031250584
0.46445,-1.21949,0.00023116426
0.53055,-1.21949,0.00016142355
0.59664,-1.21949,9.263619e-05
0.66274,-1.21949,2.8503076e-05
0.72884,-1.21949,-1.8372733e-05
0.79493,-1.21949,-6.7915629e-05
0.86103,-1.21949,-0.0001116399
0.92713,-1.21949,-0.00013804642
0.99323,-1.21949,-0.00016198604
1.05932,-1.21949,-0.00018127658
1.12542,-1.21949,-0.00018948919
1.19152,-1.21949,-0.00019506091
1.25761,-1.21949,-0.00019682325
1.32371,-1.21949,-0.00019056009
1.38981,-1.21949,-0.000182658
1.45591,-1.21949,-0.00016932256
1.52200,-1.21949,-0.00014540166
1.58810,-1.21949,-0.00011978443
1.65420,-1.21949,-9.0589048e-05
1.72029,-1.21949,-4.5426368e-05
1.78639,-1.21949,2.4477695e-06
1.85249,-1.21949,5.4626802e-05
1.91859,-1.21949,0.00012131652
1.98468,-1.21949,0.00019064102
2.05078,-1.21949,0.00026218052
2.11688,-1.21949,0.00032424208
2.18297,-1.21949,0.00039152609
2.24907,-1.21949,0.00045173577
2.31517,-1.21949,0.0003737114
2.38127,-1.21949,0.00028841797
2.44736,-1.21949,0.00016057295
2.51346,-1.21949,-0.00014407832
2.57956,-1.21949,-0.00038594764
2.64565,-1.21949,-0.00062994997
2.71175,-1.21949,-0.00074777199
2.77785,-1.21949,-0.00085377961
2.84394,-1.21949,-0.00089732971
2.91004,-1.21949,-0.0006511031
2.97614,-1.21949,-0.00043812767
3.04224,-1.21949,-0.00027998121
3.10833,-1.21949,-0.00012400605
3.17443,-1.21949,-7.9532227e-05
3.24053,-1.21949,-0.00012821902
3.30662,-1.21949,-0.00021063845
3.37272,-1.21949,-0.00032629693
3.43882,-1.21949,-0.00045644862
3.50492,-1.21949,-0.00055682362
3.57101,-1.21949,-0.00066548691
3.63711,-1.21949,-0.00078141585
3.70321,-1.21949,-0.00089301064
3.76930,-1.21949,-0.001017262
3.83540,-1.21949,-0.001147539
3.90150,-1.21949,-0.0012538683
-3.96406,-1.17535,-0.0010338716
-3.89796,-1.17535,-0.00092554837
-3.83186,-1.17535,-0.00073369686
-3.76577,-1.17535,-0.00035194826
-3.69967,-1.17535,0.00035120835
-3.63357,-1.17535,0.0015039765
-3.56747,-1.17535,0.0034790714
-3.50138,-1.17535,0.006159496
-3.43528,-1.17535,0.010026217
-3.36918,-1.17535,0.015763789
-3.30309,-1.17535,0.022694454
-3.23699,-1.17535,0.031108785
-3.17089,-1.17535,0.041999064
-3.10479,-1.17535,0.056913346
-3.03870,-1.17535,0.073724709
-2.97260,-1.17535,0.090735003
-2.90650,-1.17535,0.10827134
-2.84041,-1.17535,0.12407569
-2.77431,-1.17535,0.131153
-2.70821,-1.17535,0.13611542
-2.64211,-1.17535,0.13735175
-2.57602,-1.17535,0.12968127
-2.50992,-1.17535,0.12160435
-2.44382,-1.17535,0.10981919
-2.37773,-1.17535,0.094612159
-2.31163,-1.17535,0.079396106
-2.24553,-1.17535,0.064252429
-2.17943,-1.17535,0.049930263
-2.11334,-1.17535,0.03828878
-2.04724,-1.17535,0.027793372
-1.98114,-1.17535,0.018976644
-1.91505,-1.17535,0.011797288
-1.84895,-1.17535,0.0063591329
-1.78285,-1.17535,0.0024837707
-1.71675,-1.17535,-0.00035570681
-1.65066,-1.17535,-0.0016851845
-1.58456,-1.17535,-0.0021480129
-1.51846,-1.17535,-0.0021758182
-1.45237,-1.17535,-0.0012430178
-1.38627,-1.17535,-4.8632475e-05
-1.32017,-1.17535,0.0011495273
-1.25408,-1.17535,0.0025918141
-1.18798,-1.17535,0.0039884173
-1.12188,-1.17535,0.0049608313
-1.05578,-1.17535,0.0054830224
-0.98969,-1.17535,0.0061182249
-0.92359,-1.17535,0.0060446276
-0.85749,-1.17535,0.0054706647
-0.79140,-1.17535,0.0050532767
-0.72530,-1.17535,0.004387043
-0.65920,-1.17535,0.0035428619
-0.59310,-1.17535,0.0029805778
-0.52701,-1.17535,0.0023566147
-0.46091,-1.17535,0.0017764807
-0.39481,-1.17535,0.0014804397
-0.32872,-1.17535,0.0011766638
-0.26262,-1.17535,0.00094444002
-0.19652,-1.17535,0.00088231504
-0.13042,-1.17535,0.00080725609
-0.06433,-1.17535,0.000731698
0.00177,-1.17535,0.00069247925
0.06787,-1.17535,0.00063822942
0.13396,-1.17535,0.00055896578
0.20006,-1.17535,0.00049721426
0.26616,-1.17535,0.00042944783
0.33226,-1.17535,0.00035231668
0.39835,-1.17535,0.00028862056
0.46445,-1.17535,0.0002236
0.53055,-1.17535,0.00015960797
0.59664,-1.17535,9.9424644e-05
0.66274,-1.17535,4.1737268e-05
0.72884,-1.17535,-8.1906965e-06
0.79493,-1.17535,-5.0922532e-05
0.86103,-1.17535,-8.9330963e-05
0.92713,-1.17535,-0.0001184848
0.99323,-1.17535,-0.00013688997
1.05932,-1.17535,-0.00015268165
1.12542,-1.17535,-0.00016237998
1.19152,-1.17535,-0.00016509774
1.25761,-1.17535,-0.00016463343
1.32371,-1.17535,-0.00015958893
1.38981,-1.17535,-0.00014860166
1.45591,-1.17535,-0.00013434561
1.52200,-1.17535,-0.00011466444
1.58810,-1.17535,-8.736147e-05
1.65420,-1.17535,-5.727899e-05
1.72029,-1.17535,-1.8775996e-05
1.78639,-1.17535,3.3482793e-05
1.85249,-1.17535,8.9732333e-05
1.91859,-1.17535,0.00015030876
1.98468,-1.17535,0.00022255071
2.05078,-1.17535,0.00029901945
2.11688,-1.17535,0.00036857146
2.18297,-1.17535,0.0004191887
2.24907,-1.17535,0.00046618731
2.31517,-1.17535,0.00043515273
2.38127,-1.17535,0.0003365037
2.44736,-1.17535,0.00020027993
2.51346,-1.17535,-3.2667431e-05
2.57956,-1.17535,-0.00029430093
2.64565,-1.17535,-0.00055459898
2.71175,-1.17535,-0.0006921537
2.77785,-1.17535,-0.00065887067
2.84394,-1.17535,-0.00057118665
2.91004,-1.17535,-0.00039895758
2.97614,-1.17535,-0.00015914765
3.04224,-1.17535,-1.9416614e-06
3.10833,-1.17535,9.0459507e-05
3.17443,-1.17535,0.00011346341
3.24053,-1.17535,3.5804322e-05
3.30662,-1.17535,-8.8527886e-05
3.37272,-1.17535,-0.00022871705
3.43882,-1.17535,-0.0003808593
3.50492,-1.17535,-0.00049799378
3.57101,-1.17535,-0.00059967069
3.63711,-1.17535,-0.00070798123
3.70321,-1.17535,-0.00080818724
3.76930,-1.17535,-0.00090499612
3.83540,-1.17535,-0.0010062755
3.90150,-1.17535,-0.0010699976
-3.96406,-1.13121,-0.001166534
-3.89796,-1.13121,-0.0010946303
-3.83186,-1.13121,-0.0009446519
-3.76577,-1.13121,-0.00059810409
-3.69967,-1.13121,0.00018262635
-3.63357,-1.13121,0.0014206726
-3.56747,-1.13121,0.0034251846
-3.50138,-1.13121,0.0064053047
-3.43528,-1.13121,0.010526774
-3.36918,-1.13121,0.016452944
-3.30309,-1.13121,0.025635954
-3.23699,-1.13121,0.03708455
-3.17089,-1.13121,0.052109968
-3.10479,-1.13121,0.070768617
-3.03870,-1.13121,0.091021597
-2.97260,-1.13121,0.11047543
-2.90650,-1.13121,0.12999798
-2.84041,-1.13121,0.14953855
-2.77431,-1.13121,0.16033354
-2.70821,-1.13121,0.16963983
-2.64211,-1.13121,0.17419015
-2.57602,-1.13121,0.16780601
-2.50992,-1.13121,0.15334433
-2.44382,-1.13121,0.13634726
-2.37773,-1.13121,0.11662968
-2.31163,-1.13121,0.097119659
-2.24553,-1.13121,0.078093819
-2.17943,-1.13121,0.060266361
-2.11334,-1.13121,0.045652017
-2.04724,-1.13121,0.032816976
-1.98114,-1.13121,0.02218255
-1.91505,-1.13121,0.014002486
-1.84895,-1.13121,0.0078046881
-1.78285,-1.13121,0.0032258804
-1.71675,-1.13121,-6.0031973e-05
-1.65066,-1.13121,-0.0016750576
-1.58456,-1.13121,-0.0024084907
-1.51846,-1.13121,-0.0025084859
-1.45237,-1.13121,-0.0018118861
-1.38627,-1.13121,-0.00067709334
-1.32017,-1.13121,0.00044867731
-1.25408,-1.13121,0.0016893505
-1.18798,-1.13121,0.0030943688
-1.12188,-1.13121,0.0039764848
-1.05578,-1.13121,0.0044470383
-0.98969,-1.13121,0.0049569448
-0.92359,-1.13121,0.0049891332
-0.85749,-1.13121,0.0045296396
-0.79140,-1.13121,0.0040512686
-0.72530,-1.13121,0.0035411841
-0.65920,-1.13121,0.0027317032
-0.59310,-1.13121,0.0020819977
-0.52701,-1.13121,0.0016239551
-0.46091,-1.13121,0.0011179511
-0.39481,-1.13121,0.00091314054
-0.32872,-1.13121,0.00080414885
-0.26262,-1.13121,0.00068331987
-0.19652,-1.13121,0.00063862914
-0.13042,-1.13121,0.00061869965
-0.06433,-1.13121,0.00056993688
0.00177,-1.13121,0.00054346886
0.06787,-1.13121,0.00052068807
0.13396,-1.13121,0.00046730513
0.20006,-1.13121,0.00042917556
0.26616,-1.13121,0.00038861134
0.33226,-1.13121,0.00033183338
0.39835,-1.13121,0.00027155216
0.46445,-1.13121,0.00021404817
0.53055,-1.13121,0.00015487727
0.59664,-1.13121,9.7337455e-05
0.66274,-1.13121,4.6332963e-05
0.72884,-1.13121,-8.1381125e-07
0.79493,-1.13121,-3.8544818e-05
0.86103,-1.13121,-7.0289483e-05
0.92713,-1.13121,-9.8222619e-05
0.99323,-1.13121,-0.00011579249
1.05932,-1.13121,-0.00012816273
1.12542,-1.13121,-0.00013729531
1.19152,-1.13121,-0.00013879576
1.25761,-1.13121,-0.00013558794
1.32371,-1.13121,-0.0001315985
1.38981,-1.13121,-0.00012149852
1.45591,-1.13121,-0.00010703424
1.52200,-1.13121,-9.1100505e-05
1.58810,-1.13121,-6.4171676e-05
1.65420,-1.13121,-3.0363139e-05
1.72029,-1.13121,3.2710623e-06
1.78639,-1.13121,5.3642223e-05
1.85249,-1.13121,0.00011422452
1.91859,-1.13121,0.00016699352
1.98468,-1.13121,0.00022501781
2.05078,-1.13121,0.00029060245
2.11688,-1.13121,0.00036880662
2.18297,-1.13121,0.00042671652
2.24907,-1.13121,0.00046429888
2.31517,-1.13121,0.00049811567
2.38127,-1.13121,0.00044379351
2.44736,-1.13121,0.00029510021
2.51346,-1.13121,0.00010474487
2.57956,-1.13121,-9.2513386e-05
2.64565,-1.13121,-0.00023786459
2.71175,-1.13121,-0.00041061375
2.77785,-1.13121,-0.00038225055
2.84394,-1.13121,-0.00021653541
2.91004,-1.13121,-0.00011491924
2.97614,-1.13121,0.00010106012
3.04224,-1.13121,0.00028830682
3.10833,-1.13121,0.0003914189
3.17443,-1.13121,0.00038512921
3.24053,-1.13121,0.00027080774
3.30662,-1.13121,8.6182634e-05
3.37272,-1.13121,-9.7551354e-05
3.43882,-1.13121,-0.0002779605
3.50492,-1.13121,-0.0004316096
3.57101,-1.13121,-0.00054025342
3.63711,-1.13121,-0.00063794851
3.70321,-1.13121,-0.00072447956
3.76930,-1.13121,-0.00078643451
3.83540,-1.13121,-0.00084239134
3.90150,-1.13121,-0.00089354865
-3.96406,-1.08708,-0.0013721521
-3.89796,-1.08708,-0.0013337408
-3.83186,-1.08708,-0.0011697082
-3.76577,-1.08708,-0.00090285216
-3.69967,-1.08708,-0.00013286555
-3.63357,-1.08708,0.0012483236
-3.56747,-1.08708,0.0031053065
-3.50138,-1.08708,0.0065501304
-3.43528,-1.08708,0.011863777
-3.36918,-1.08708,0.018729202
-3.30309,-1.08708,0.029543335
-3.23699,-1.08708,0.043161746
-3.17089,-1.08708,0.05934472
-3.10479,-1.08708,0.080722608
-3.03870,-1.08708,0.10468201
-2.97260,-1.08708,0.1317109
-2.90650,-1.08708,0.16182117
-2.84041,-1.08708,0.19137329
-2.77431,-1.08708,0.2125711
-2.70821,-1.08708,0.21829718
-2.64211,-1.08708,0.21822615
-2.57602,-1.08708,0.2119045
-2.50992,-1.08708,0.19116884
-2.44382,-1.08708,0.16761334
-2.37773,-1.08708,0.14270553
-2.31163,-1.08708,0.11785279
-2.24553,-1.08708,0.093636759
-2.17943,-1.08708,0.070959248
-2.11334,-1.08708,0.053444128
-2.04724,-1.08708,0.03887726
-1.98114,-1.08708,0.026012309
-1.91505,-1.08708,0.016531166
-1.84895,-1.08708,0.0097572748
-1.78285,-1.08708,0.0039785588
-1.71675,-1.08708,0.00029894969
-1.65066,-1.08708,-0.0016620173
-1.58456,-1.08708,-0.0027351647
-1.51846,-1.08708,-0.0028859954
-1.45237,-1.08708,-0.0023824356
-1.38627,-1.08708,-0.0012702177
-1.32017,-1.08708,-0.00018578224
-1.25408,-1.08708,0.00083875598
-1.18798,-1.08708,0.0023024664
-1.12188,-1.08708,0.0031453043
-1.05578,-1.08708,0.0035955268
-0.98969,-1.08708,0.0039533884
-0.92359,-1.08708,0.0039685415
-0.85749,-1.08708,0.003557276
-0.79140,-1.08708,0.002853703
-0.72530,-1.08708,0.0023909805
-0.65920,-1.08708,0.0017860312
-0.59310,-1.08708,0.0011686195
-0.52701,-1.08708,0.0009467135
-0.46091,-1.08708,0.0007039581
-0.39481,-1.08708,0.00043889522
-0.32872,-1.08708,0.00040039979
-0.26262,-1.08708,0.00036347774
-0.19652,-1.08708,0.00032622958
-0.13042,-1.08708,0.00035831227
-0.06433,-1.08708,0.00037719044
0.00177,-1.08708,0.00039628232
0.06787,-1.08708,0.00042059401
0.13396,-1.08708,0.00040874118
0.20006,-1.08708,0.00037458792
0.26616,-1.08708,0.00034502856
0.33226,-1.08708,0.00030311197
0.39835,-1.08708,0.00024485122
0.46445,-1.08708,0.00019453521
0.53055,-1.08708,0.0001466886
0.59664,-1.08708,9.3427901e-05
0.66274,-1.08708,5.159594e-05
0.72884,-1.08708,1.1523123e-05
0.79493,-1.08708,-2.8620596e-05
0.86103,-1.08708,-5.5882396e-05
0.92713,-1.08708,-7.9450052e-05
0.99323,-1.08708,-9.9301396e-05
1.05932,-1.08708,-0.00010792255
1.12542,-1.08708,-0.00011422313
1.19152,-1.08708,-0.00011832094
1.25761,-1.08708,-0.00011386965
1.32371,-1.08708,-0.00010832203
1.38981,-1.08708,-0.00010159797
1.45591,-1.08708,-8.4794694e-05
1.52200,-1.08708,-6.7030785e-05
1.58810,-1.08708,-4.8167884e-05
1.65420,-1.08708,-1.0886959e-05
1.72029,-1.08708,2.3607068e-05
1.78639,-1.08708,5.7060272e-05
1.85249,-1.08708,0.00011472629
1.91859,-1.08708,0.00016482995
1.98468,-1.08708,0.00019947333
2.05078,-1.08708,0.00026043857
2.11688,-1.08708,0.00033143951
2.18297,-1.08708,0.00044550438
2.24907,-1.08708,0.00046623976
2.31517,-1.08708,0.00046437292
2.38127,-1.08708,0.00054993702
2.44736,-1.08708,0.00041395775
2.51346,-1.08708,0.0002450179
2.57956,-1.08708,9.0588146e-05
2.64565,-1.08708,3.4990659e-05
2.71175,-1.08708,-6.5345885e-05
2.77785,-1.08708,-0.00019971003
2.84394,-1.08708,0.0001086508
2.91004,-1.08708,0.00038238746
2.97614,-1.08708,0.00054586894
3.04224,-1.08708,0.00075696135
3.10833,-1.08708,0.00082864676
3.17443,-1.08708,0.00075280631
3.24053,-1.08708,0.00058019062
3.30662,-1.08708,0.0003392158
3.37272,-1.08708,6.5296823e-05
3.43882,-1.08708,-0.0001548892
3.50492,-1.08708,-0.00033307221
3.57101,-1.08708,-0.00047311909
3.63711,-1.08708,-0.00055183168
3.70321,-1.08708,-0.00062346837
3.76930,-1.08708,-0.00068427389
3.83540,-1.08708,-0.00071206957
3.90150,-1.08708,-0.00073290651
-3.96406,-1.04294,-0.0015297338
-3.89796,-1.04294,-0.001552399
-3.83186,-1.04294,-0.0013874355
-3.76577,-1.04294,-0.0011229718
-3.69967,-1.04294,-0.00057854602
-3.63357,-1.04294,0.0010608674
-3.56747,-1.04294,0.0033092988
-3.50138,-1.04294,0.0065248641
-3.43528,-1.04294,0.012562715
-3.36918,-1.04294,0.020475421
-3.30309,-1.04294,0.030929063
-3.23699,-1.04294,0.046476811
-3.17089,-1.04294,0.068328768
-3.10479,-1.04294,0.096581042
-3.03870,-1.04294,0.13314433
-2.97260,-1.04294,0.16867897
-2.90650,-1.04294,0.20472148
-2.84041,-1.04294,0.23672251
-2.77431,-1.04294,0.26038328
-2.70821,-1.04294,0.271332
-2.64211,-1.04294,0.26697809
-2.57602,-1.04294,0.26096478
-2.50992,-1.04294,0.24035065
-2.44382,-1.04294,0.20822288
-2.37773,-1.04294,0.1741221
-2.31163,-1.04294,0.14254145
-2.24553,-1.04294,0.11284539
-2.17943,-1.04294,0.085349083
-2.11334,-1.04294,0.062704548
-2.04724,-1.04294,0.045998186
-1.98114,-1.04294,0.030878477
-1.91505,-1.04294,0.018628554
-1.84895,-1.04294,0.011141728
-1.78285,-1.04294,0.0050310781
-1.71675,-1.04294,0.0004957894
-1.65066,-1.04294,-0.0017489105
-1.58456,-1.04294,-0.0028884944
-1.51846,-1.04294,-0.0033074941
-1.45237,-1.04294,-0.0029412557
-1.38627,-1.04294,-0.001844547
-1.32017,-1.04294,-0.00068707525
-1.25408,-1.04294,0.00030492895
-1.18798,-1.04294,0.0015085699
-1.12188,-1.04294,0.002422099
-1.05578,-1.04294,0.0027970348
-0.98969,-1.04294,0.0029546777
-0.92359,-1.04294,0.0028559924
-0.85749,-1.04294,0.0025175817
-0.79140,-1.04294,0.001974571
-0.72530,-1.04294,0.0014849831
-0.65920,-1.04294,0.0010937735
-0.59310,-1.04294,0.00061035634
-0.52701,-1.04294,0.00022834349
-0.46091,-1.04294,8.8842833e-05
-0.39481,-1.04294,-5.2456831e-05
-0.32872,-1.04294,-0.00012596359
-0.26262,-1.04294,-2.8550521e-05
-0.19652,-1.04294,6.5617285e-05
-0.13042,-1.04294,0.00015413373
-0.06433,-1.04294,0.00022816386
0.00177,-1.04294,0.00027836137
0.06787,-1.04294,0.00031356912
0.13396,-1.04294,0.0003265563
0.20006,-1.04294,0.00031045949
0.26616,-1.04294,0.00028737492
0.33226,-1.04294,0.00026831677
0.39835,-1.04294,0.00022613308
0.46445,-1.04294,0.00018272281
0.53055,-1.04294,0.00014197797
0.59664,-1.04294,9.581718e-05
0.66274,-1.04294,5.1943338e-05
0.72884,-1.04294,1.6973683e-05
0.79493,-1.04294,-1.7086684e-05
0.86103,-1.04294,-4.7051697e-05
0.92713,-1.04294,-6.548992e-05
0.99323,-1.04294,-8.1360384e-05
1.05932,-1.04294,-9.2706709e-05
1.12542,-1.04294,-9.6355747e-05
1.19152,-1.04294,-9.8146891e-05
1.25761,-1.04294,-9.5784548e-05
1.32371,-1.04294,-8.8007015e-05
1.38981,-1.04294,-7.9542457e-05
1.45591,-1.04294,-6.7280656e-05
1.52200,-1.04294,-4.950415e-05
1.58810,-1.04294,-3.1431438e-05
1.65420,-1.04294,-4.5376701e-06
1.72029,-1.04294,3.2974356e-05
1.78639,-1.04294,6.5007152e-05
1.85249,-1.04294,0.00010500722
1.91859,-1.04294,0.00015717093
1.98468,-1.04294,0.00018286645
2.05078,-1.04294,0.00020178656
2.11688,-1.04294,0.00023917557
2.18297,-1.04294,0.00033232837
2.24907,-1.04294,0.00040427592
2.31517,-1.04294,0.00038684672
2.38127,-1.04294,0.00046082656
2.44736,-1.04294,0.00053101603
2.51346,-1.04294,0.00039098269
2.57956,-1.04294,0.00021953233
2.64565,-1.04294,0.00030402865
2.71175,-1.04294,0.00040723258
2.77785,-1.04294,0.00045551459
2.84394,-1.04294,0.00066583761
2.91004,-1.04294,0.00099880795
2.97614,-1.04294,0.0011881711
3.04224,-1.04294,0.0012842786
3.10833,-1.04294,0.0013245319
3.17443,-1.04294,0.0012140403
3.24053,-1.04294,0.00091804721
3.30662,-1.04294,0.00058477599
3.37272,-1.04294,0.00024189953
3.43882,-1.04294,-4.8019345e-05
3.50492,-1.04294,-0.00023432946
3.57101,-1.04294,-0.00038235419
3.63711,-1.04294,-0.00048185929
3.70321,-1.04294,-0.00053983397
3.76930,-1.04294,-0.00058740278
3.83540,-1.04294,-0.0006084193
3.90150,-1.04294,-0.00060200563
-3.96406,-0.99880,-0.0016827125
-3.89796,-0.99880,-0.0018147842
-3.83186,-0.99880,-0.0017010297
-3.76577,-0.99880,-0.0014113279
-3.69967,-0.99880,-0.00094724883
-3.63357,-0.99880,0.00063241523
-3.56747,-0.99880,0.0031537754
-3.50138,-0.99880,0.0064171022
-3.43528,-0.99880,0.012225613
-3.36918,-0.99880,0.022130681
-3.30309,-0.99880,0.035188042
-3.23699,-0.99880,0.054780792
-3.17089,-0.99880,0.082155727
-3.10479,-0.99880,0.11498085
-3.03870,-0.99880,0.15604851
-2.97260,-0.99880,0.19862586
-2.90650,-0.99880,0.24093701
-2.84041,-0.99880,0.28513071
-2.77431,-0.99880,0.32727423
-2.70821,-0.99880,0.34934717
-2.64211,-0.99880,0.34884503
-2.57602,-0.99880,0.32952189
-2.50992,-0.99880,0.29892573
-2.44382,-0.99880,0.25872371
-2.37773,-0.99880,0.21382393
-2.31163,-0.99880,0.1727635
-2.24553,-0.99880,0.13547108
-2.17943,-0.99880,0.1011519
-2.11334,-0.99880,0.071906924
-2.04724,-0.99880,0.051801514
-1.98114,-0.99880,0.035358462
-1.91505,-0.99880,0.021519106
-1.84895,-0.99880,0.012533245
-1.78285,-0.99880,0.0060889027
-1.71675,-0.99880,0.00099496287
-1.65066,-0.99880,-0.0019381384
-1.58456,-0.99880,-0.0030918871
-1.51846,-0.99880,-0.0035815635
-1.45237,-0.99880,-0.0033812663
-1.38627,-0.99880,-0.0023336238
-1.32017,-0.99880,-0.001183206
-1.25408,-0.99880,-0.00014990194
-1.18798,-0.99880,0.00084907666
-1.12188,-0.99880,0.0016866168
-1.05578,-0.99880,0.0021448031
-0.98969,-0.99880,0.0022489433
-0.92359,-0.99880,0.0021554166
-0.85749,-0.99880,0.0018006067
-0.79140,-0.99880,0.0012794129
-0.72530,-0.99880,0.00068709574
-0.65920,-0.99880,0.00020692352
-0.59310,-0.99880,-0.00018786124
-0.52701,-0.99880,-0.00054714031
-0.46091,-0.99880,-0.00058576011
-0.39481,-0.99880,-0.00052840129
-0.32872,-0.99880,-0.00046789547
-0.26262,-0.99880,-0.00033926906
-0.19652,-0.99880,-0.00019337289
-0.13042,-0.99880,-6.4855289e-05
-0.06433,-0.99880,3.9862851e-05
0.00177,-0.99880,0.00012076124
0.06787,-0.99880,0.0001895733
0.13396,-0.99880,0.00024326619
0.20006,-0.99880,0.00025522889
0.26616,-0.99880,0.00025275754
0.33226,-0.99880,0.00023969985
0.39835,-0.99880,0.00020701319
0.46445,-0.99880,0.0001677183
0.53055,-0.99880,0.00013009802
0.59664,-0.99880,9.0874004e-05
0.66274,-0.99880,5.0268289e-05
0.72884,-0.99880,1.9065479e-05
0.79493,-0.99880,-7.5771718e-06
0.86103,-0.99880,-3.625697e-05
0.92713,-0.99880,-5.4734035e-05
0.99323,-0.99880,-6.7349582e-05
1.05932,-0.99880,-7.8435245e-05
1.12542,-0.99880,-8.1841885e-05
1.19152,-0.99880,-8.0931881e-05
1.25761,-0.99880,-7.9614838e-05
1.32371,-0.99880,-7.3553834e-05
1.38981,-0.99880,-6.5008782e-05
1.45591,-0.99880,-5.6203418e-05
1.52200,-0.99880,-4.0120995e-05
1.58810,-0.99880,-2.0241225e-05
1.65420,-0.99880,7.3776576e-09
1.72029,-0.99880,3.4872766e-05
1.78639,-0.99880,6.81538e-05
1.85249,-0.99880,8.2905819e-05
1.91859,-0.99880,0.00011037146
1.98468,-0.99880,0.00010239873
2.05078,-0.99880,7.9464873e-05
2.11688,-0.99880,8.436729e-05
2.18297,-0.99880,0.00015932202
2.24907,-0.99880,0.0002978718
2.31517,-0.99880,0.00031737812
2.38127,-0.99880,0.00034516855
2.44736,-0.99880,0.00058247079
2.51346,-0.99880,0.00061771937
2.57956,-0.99880,0.00056691287
2.64565,-0.99880,0.00069316034
2.71175,-0.99880,0.00090424478
2.77785,-0.99880,0.0010744969
2.84394,-0.99880,0.0012205282
2.91004,-0.99880,0.0015557552
2.97614,-0.99880,0.0017973154
3.04224,-0.99880,0.0018248914
3.10833,-0.99880,0.0017535222
3.17443,-0.99880,0.0015501275
3.24053,-0.99880,0.0012115992
3.30662,-0.99880,0.00082945894
3.37272,-0.99880,0.00045546953
3.43882,-0.99880,8.944107e-05
3.50492,-0.99880,-0.00013811818
3.57101,-0.99880,-0.00029049013
3.63711,-0.99880,-0.00041077807
3.70321,-0.99880,-0.00046232218
3.76930,-0.99880,-0.00048987736
3.83540,-0.99880,-0.00051075069
3.90150,-0.99880,-0.00049323653
-3.96406,-0.95467,-0.0018699032
-3.89796,-0.95467,-0.002081383
-3.83186,-0.95467,-0.0020021691
-3.76577,-0.95467,-0.0017065718
-3.69967,-0.95467,-0.0012074447
-3.63357,-0.95467,4.7381622e-05
-3.56747,-0.95467,0.0028170203
-3.50138,-0.95467,0.0067139775
-3.43528,-0.95467,0.012300325
-3.36918,-0.95467,0.023818415
-3.30309,-0.95467,0.039202511
-3.23699,-0.95467,0.058492661
-3.17089,-0.95467,0.089679688
-3.10479,-0.95467,0.12755655
-3.03870,-0.95467,0.17943811
-2.97260,-0.95467,0.24573787
-2.90650,-0.95467,0.31254727
-2.84041,-0.95467,0.3809869
-2.77431,-0.95467,0.42698833
-2.70821,-0.95467,0.44094035
-2.64211,-0.95467,0.44292113
-2.57602,-0.95467,0.41084754
-2.50992,-0.95467,0.36705148
-2.44382,-0.95467,0.31803033
-2.37773,-0.95467,0.25909445
-2.31163,-0.95467,0.20406075
-2.24553,-0.95467,0.1575157
-2.17943,-0.95467,0.11773868
-2.11334,-0.95467,0.083174422
-2.04724,-0.95467,0.058645334
-1.98114,-0.95467,0.040470522
-1.91505,-0.95467,0.025280945
-1.84895,-0.95467,0.013805247
-1.78285,-0.95467,0.0068172244
-1.71675,-0.95467,0.0014688212
-1.65066,-0.95467,-0.0022517936
-1.58456,-0.95467,-0.0034114264
-1.51846,-0.95467,-0.0038824838
-1.45237,-0.95467,-0.0037563737
-1.38627,-0.95467,-0.0028207737
-1.32017,-0.95467,-0.0016777036
-1.25408,-0.95467,-0.00043523914
-1.18798,-0.95467,0.00052593817
-1.12188,-0.95467,0.0013237777
-1.05578,-0.95467,0.0018025202
-0.98969,-0.95467,0.0018074415
-0.92359,-0.95467,0.0015843565
-0.85749,-0.95467,0.0010384697
-0.79140,-0.95467,0.00048260199
-0.72530,-0.95467,-9.5142153e-05
-0.65920,-0.95467,-0.00064807886
-0.59310,-0.95467,-0.00085933687
-0.52701,-0.95467,-0.0010323051
-0.46091,-0.95467,-0.0011359192
-0.39481,-0.95467,-0.0010089364
-0.32872,-0.95467,-0.00086984533
-0.26262,-0.95467,-0.00071795745
-0.19652,-0.95467,-0.00052154809
-0.13042,-0.95467,-0.00031567158
-0.06433,-0.95467,-0.00013315026
0.00177,-0.95467,-8.4524788e-07
0.06787,-0.95467,0.00010318177
0.13396,-0.95467,0.00017933596
0.20006,-0.95467,0.00020111616
0.26616,-0.95467,0.00020881169
0.33226,-0.95467,0.00020312135
0.39835,-0.95467,0.00017993814
0.46445,-0.95467,0.00015063756
0.53055,-0.95467,0.00011796723
0.59664,-0.95467,8.7990942e-05
0.66274,-0.95467,5.3296997e-05
0.72884,-0.95467,1.9606348e-05
0.79493,-0.95467,-2.9980174e-06
0.86103,-0.95467,-2.6861042e-05
0.92713,-0.95467,-4.8256006e-05
0.99323,-0.95467,-5.7551777e-05
1.05932,-0.95467,-6.5323416e-05
1.12542,-0.95467,-7.2042931e-05
1.19152,-0.95467,-6.988422e-05
1.25761,-0.95467,-6.6882632e-05
1.32371,-0.95467,-6.4546468e-05
1.38981,-0.95467,-5.4322823e-05
1.45591,-0.95467,-4.3813896e-05
1.52200,-0.95467,-3.5479243e-05
1.58810,-0.95467,-1.4140355e-05
1.65420,-0.95467,5.9656545e-06
1.72029,-0.95467,2.2324526e-05
1.78639,-0.95467,4.2170774e-05
1.85249,-0.95467,4.1207528e-05
1.91859,-0.95467,1.7568202e-05
1.98468,-0.95467,-2.1459985e-06
2.05078,-0.95467,-4.399152e-05
2.11688,-0.95467,-9.2912313e-05
2.18297,-0.95467,-4.5513782e-05
2.24907,-0.95467,9.0887137e-05
2.31517,-0.95467,0.00027263604
2.38127,-0.95467,0.00026274507
2.44736,-0.95467,0.0005243303
2.51346,-0.95467,0.0008050722
2.57956,-0.95467,0.00084200519
2.64565,-0.95467,0.0010094002
2.71175,-0.95467,0.0012452411
2.77785,-0.95467,0.0015749956
2.84394,-0.95467,0.0018276884
2.91004,-0.95467,0.0020674448
2.97614,-0.95467,0.0023108493
3.04224,-0.95467,0.0023497497
3.10833,-0.95467,0.0022210234
3.17443,-0.95467,0.0019731051
3.24053,-0.95467,0.0016010585
3.30662,-0.95467,0.0011223875
3.37272,-0.95467,0.00066704536
3.43882,-0.95467,0.00025527924
3.50492,-0.95467,-8.0804806e-05
3.57101,-0.95467,-0.00022103028
3.63711,-0.95467,-0.00032746987
3.70321,-0.95467,-0.00039906465
3.76930,-0.95467,-0.00041088401
3.83540,-0.95467,-0.00041497638
3.90150,-0.95467,-0.00040603019
-3.96406,-0.91053,-0.0019805874
-3.89796,-0.91053,-0.0022553508
-3.83186,-0.91053,-0.0022448823
-3.76577,-0.91053,-0.0020393657
-3.69967,-0.91053,-0.0015299364
-3.63357,-0.91053,-0.00030060663
-3.56747,-0.91053,0.0022160651
-3.50138,-0.91053,0.0065882569
-3.43528,-0.91053,0.012447516
-3.36918,-0.91053,0.022992082
-3.30309,-0.91053,0.040319595
-3.23699,-0.91053,0.064729139
-3.17089,-0.91053,0.10042319
-3.10479,-0.91053,0.15648845
-3.03870,-0.91053,0.22544864
-2.97260,-0.91053,0.30434436
-2.90650,-0.91053,0.38231143
-2.84041,-0.91053,0.46028072
-2.77431,-0.91053,0.52951622
-2.70821,-0.91053,0.54073679
-2.64211,-0.91053,0.54625338
-2.57602,-0.91053,0.52180332
-2.50992,-0.91053,0.45777485
-2.44382,-0.91053,0.38645458
-2.37773,-0.91053,0.31271952
-2.31163,-0.91053,0.24213284
-2.24553,-0.91053,0.18680559
-2.17943,-0.91053,0.13775806
-2.11334,-0.91053,0.097344115
-2.04724,-0.91053,0.06715069
-1.98114,-0.91053,0.044352092
-1.91505,-0.91053,0.027794732
-1.84895,-0.91053,0.015304753
-1.78285,-0.91053,0.0071209958
-1.71675,-0.91053,0.0016985943
-1.65066,-0.91053,-0.0022760308
-1.58456,-0.91053,-0.0039071487
-1.51846,-0.91053,-0.0042696972
-1.45237,-0.91053,-0.0040033017
-1.38627,-0.91053,-0.0030334201
-1.32017,-0.91053,-0.0018192325
-1.25408,-0.91053,-0.00061397412
-1.18798,-0.91053,0.0004637797
-1.12188,-0.91053,0.0011318699
-1.05578,-0.91053,0.0014838442
-0.98969,-0.91053,0.0014905636
-0.92359,-0.91053,0.0011639299
-0.85749,-0.91053,0.00060087262
-0.79140,-0.91053,-7.5106822e-05
-0.72530,-0.91053,-0.00059626752
-0.65920,-0.91053,-0.0011247769
-0.59310,-0.91053,-0.0015427463
-0.52701,-0.91053,-0.0016558785
-0.46091,-0.91053,-0.001676616
-0.39481,-0.91053,-0.0016036334
-0.32872,-0.91053,-0.0013223761
-0.26262,-0.91053,-0.0010363505
-0.19652,-0.91053,-0.00076008547
-0.13042,-0.91053,-0.00050049182
-0.06433,-0.91053,-0.00028162688
0.00177,-0.91053,-0.000122199
0.06787,-0.91053,-9.4774737e-07
0.13396,-0.91053,9.2684175e-05
0.20006,-0.91053,0.00013728887
0.26616,-0.91053,0.00016320801
0.33226,-0.91053,0.00017285242
0.39835,-0.91053,0.0001627359
0.46445,-0.91053,0.00013855771
0.53055,-0.91053,0.00011030638
0.59664,-0.91053,8.1021368e-05
0.66274,-0.91053,5.0516854e-05
0.72884,-0.91053,2.1077463e-05
0.79493,-0.91053,-3.4298857e-06
0.86103,-0.91053,-2.1485095e-05
0.92713,-0.91053,-3.8889495e-05
0.99323,-0.91053,-5.1122057e-05
1.05932,-0.91053,-5.6185501e-05
1.12542,-0.91053,-6.0929771e-05
1.19152,-0.91053,-6.1629267e-05
1.25761,-0.91053,-5.6647557e-05
1.32371,-0.91053,-5.2708561e-05
1.38981,-0.91053,-4.7053523e-05
1.45591,-0.91053,-3.6328009e-05
1.52200,-0.91053,-2.7937891e-05
1.58810,-0.91053,-1.8439821e-05
1.65420,-0.91053,2.7233193e-06
1.72029,-0.91053,2.2822995e-05
1.78639,-0.91053,1.572514e-05
1.85249,-0.91053,5.1179322e-06
1.91859,-0.91053,-3.6432295e-05
1.98468,-0.91053,-0.00012654539
2.05078,-0.91053,-0.00019263579
2.11688,-0.91053,-0.00025371989
2.18297,-0.91053,-0.00026693405
2.24907,-0.91053,-0.00015013432
2.31517,-0.91053,3.9153601e-05
2.38127,-0.91053,0.00018530879
2.44736,-0.91053,0.00042626966
2.51346,-0.91053,0.00075047096
2.57956,-0.91053,0.0010690533
2.64565,-0.91053,0.0013447674
2.71175,-0.91053,0.0017096044
2.77785,-0.91053,0.0020759057
2.84394,-0.91053,0.0023924599
2.91004,-0.91053,0.002672876
2.97614,-0.91053,0.0028696018
3.04224,-0.91053,0.0029166234
3.10833,-0.91053,0.0027651377
3.17443,-0.91053,0.0023301719
3.24053,-0.91053,0.0018246147
3.30662,-0.91053,0.0012621332
3.37272,-0.91053,0.00073575036
3.43882,-0.91053,0.00035610047
3.50492,-0.91053,3.234452e-05
3.57101,-0.91053,-0.00017600716
3.63711,-0.91053,-0.00026480359
3.70321,-0.91053,-0.00032714807
3.76930,-0.91053,-0.00034995386
3.83540,-0.91053,-0.00034120455
3.90150,-0.91053,-0.00032648092
-3.96406,-0.86639,-0.0021219493
-3.89796,-0.86639,-0.0024280953
-3.83186,-0.86639,-0.002507119
-3.76577,-0.86639,-0.0023105456
-3.69967,-0.86639,-0.0018443944
-3.63357,-0.86639,-0.00074154855
-3.56747,-0.86639,0.0017621466
-3.50138,-0.86639,0.0059143943
-3.43528,-0.86639,0.012329671
-3.36918,-0.86639,0.023769408
-3.30309,-0.86639,0.043338444
-3.23699,-0.86639,0.072796762
-3.17089,-0.86639,0.11206556
-3.10479,-0.86639,0.17271776
-3.03870,-0.86639,0.25458449
-2.97260,-0.86639,0.34906778
-2.90650,-0.86639,0.44898525
-2.84041,-0.86639,0.5641669
-2.77431,-0.86639,0.67272151
-2.70821,-0.86639,0.71131855
-2.64211,-0.86639,0.69344765
-2.57602,-0.86639,0.6526261
-2.50992,-0.86639,0.57369494
-2.44382,-0.86639,0.4758839
-2.37773,-0.86639,0.37963063
-2.31163,-0.86639,0.2865918
-2.24553,-0.86639,0.21648926
-2.17943,-0.86639,0.15613912
-2.11334,-0.86639,0.10801524
-2.04724,-0.86639,0.074069619
-1.98114,-0.86639,0.048939992
-1.91505,-0.86639,0.030203054
-1.84895,-0.86639,0.016586369
-1.78285,-0.86639,0.0077866851
-1.71675,-0.86639,0.0016891352
-1.65066,-0.86639,-0.0022612477
-1.58456,-0.86639,-0.0041064937
-1.51846,-0.86639,-0.0045174714
-1.45237,-0.86639,-0.004170652
-1.38627,-0.86639,-0.0032137779
-1.32017,-0.86639,-0.0019143092
-1.25408,-0.86639,-0.00071866374
-1.18798,-0.86639,0.00041404139
-1.12188,-0.86639,0.0012549637
-1.05578,-0.86639,0.001588257
-0.98969,-0.86639,0.0015661801
-0.92359,-0.86639,0.0011481047
-0.85749,-0.86639,0.00045045521
-0.79140,-0.86639,-0.00042537574
-0.72530,-0.86639,-0.0011383165
-0.65920,-0.86639,-0.0016766561
-0.59310,-0.86639,-0.0021796771
-0.52701,-0.86639,-0.0023081503
-0.46091,-0.86639,-0.0021786694
-0.39481,-0.86639,-0.0019940361
-0.32872,-0.86639,-0.001689706
-0.26262,-0.86639,-0.0013408476
-0.19652,-0.86639,-0.0010151959
-0.13042,-0.86639,-0.00071959459
-0.06433,-0.86639,-0.00046161495
0.00177,-0.86639,-0.00025988632
0.06787,-0.86639,-9.6509197e-05
0.13396,-0.86639,2.4756535e-05
0.20006,-0.86639,9.7454504e-05
0.26616,-0.86639,0.00013074774
0.33226,-0.86639,0.00014535306
0.39835,-0.86639,0.00014277556
0.46445,-0.86639,0.00012170938
0.53055,-0.86639,9.7478376e-05
0.59664,-0.86639,7.1507144e-05
0.66274,-0.86639,4.5708348e-05
0.72884,-0.86639,2.1947755e-05
0.79493,-0.86639,-1.011982e-06
0.86103,-0.86639,-1.8304345e-05
0.92713,-0.86639,-3.2810894e-05
0.99323,-0.86639,-4.5217759e-05
1.05932,-0.86639,-5.0119357e-05
1.12542,-0.86639,-5.2524018e-05
1.19152,-0.86639,-5.4241485e-05
1.25761,-0.86639,-5.064263e-05
1.32371,-0.86639,-4.6115314e-05
1.38981,-0.86639,-4.3609969e-05
1.45591,-0.86639,-3.4584016e-05
1.52200,-0.86639,-2.3433831e-05
1.58810,-0.86639,-2.1339292e-05
1.65420,-0.86639,-5.9651879e-06
1.72029,-0.86639,1.5902733e-05
1.78639,-0.86639,-1.0467863e-05
1.85249,-0.86639,-5.3164349e-05
1.91859,-0.86639,-0.00011477614
1.98468,-0.86639,-0.00025618379
2.05078,-0.86639,-0.00039078554
2.11688,-0.86639,-0.00046845828
2.18297,-0.86639,-0.00051804038
2.24907,-0.86639,-0.0004314676
2.31517,-0.86639,-0.00025098235
2.38127,-0.86639,8.4390485e-05
2.44736,-0.86639,0.00043665987
2.51346,-0.86639,0.00084175594
2.57956,-0.86639,0.0012893137
2.64565,-0.86639,0.0016614379
2.71175,-0.86639,0.0021027527
2.77785,-0.86639,0.0025110999
2.84394,-0.86639,0.0028946528
2.91004,-0.86639,0.0031766195
2.97614,-0.86639,0.0032447095
3.04224,-0.86639,0.0031334027
3.10833,-0.86639,0.0028299452
3.17443,-0.86639,0.0024027075
3.24053,-0.86639,0.001925045
3.30662,-0.86639,0.001413409
3.37272,-0.86639,0.00081681763
3.43882,-0.86639,0.00042285124
3.50492,-0.86639,0.00012672639
3.57101,-0.86639,-0.00012464097
3.63711,-0.86639,-0.00022313053
3.70321,-0.86639,-0.00026732267
3.76930,-0.86639,-0.00029435821
3.83540,-0.86639,-0.00028270428
3.90150,-0.86639,-0.00025577875
-3.96406,-0.82226,-0.0022370494
-3.89796,-0.82226,-0.0025211973
-3.83186,-0.82226,-0.0026936368
-3.76577,-0.82226,-0.0024978537
-3.69967,-0.82226,-0.0021046381
-3.63357,-0.82226,-0.0012608594
-3.56747,-0.82226,0.001462386
-3.50138,-0.82226,0.0052385726
-3.43528,-0.82226,0.012125389
-3.36918,-0.82226,0.024402309
-3.30309,-0.82226,0.042303722
-3.23699,-0.82226,0.074588545
-3.17089,-0.82226,0.11826611
-3.10479,-0.82226,0.18434946
-3.03870,-0.82226,0.29639271
-2.97260,-0.82226,0.43715292
-2.90650,-0.82226,0.57441616
-2.84041,-0.82226,0.70422995
-2.77431,-0.82226,0.82267982
-2.70821,-0.82226,0.89751023
-2.64211,-0.82226,0.86337155
-2.57602,-0.82226,0.79911447
-2.50992,-0.82226,0.7052635
-2.44382,-0.82226,0.57333881
-2.37773,-0.82226,0.44475257
-2.31163,-0.82226,0.32759193
-2.24553,-0.82226,0.24438775
-2.17943,-0.82226,0.17739242
-2.11334,-0.82226,0.12042356
-2.04724,-0.82226,0.081450529
-1.98114,-0.82226,0.054641701
-1.91505,-0.82226,0.032284938
-1.84895,-0.82226,0.017371448
-1.78285,-0.82226,0.0082512479
-1.71675,-0.82226,0.0014380715
-1.65066,-0.82226,-0.002495111
-1.58456,-0.82226,-0.0044346848
-1.51846,-0.82226,-0.0049307845
-1.45237,-0.82226,-0.0044828407
-1.38627,-0.82226,-0.00345762
-1.32017,-0.82226,-0.0017378455
-1.25408,-0.82226,-0.00031023321
-1.18798,-0.82226,0.00097712129
-1.12188,-0.82226,0.0019612915
-1.05578,-0.82226,0.0021576867
-0.98969,-0.82226,0.0019663959
-0.92359,-0.82226,0.0013349263
-0.85749,-0.82226,0.00045441871
-0.79140,-0.82226,-0.00053976465
-0.72530,-0.82226,-0.0016578524
-0.65920,-0.82226,-0.0021717732
-0.59310,-0.82226,-0.0025749721
-0.52701,-0.82226,-0.0029045672
-0.46091,-0.82226,-0.0027062425
-0.39481,-0.82226,-0.0024287421
-0.32872,-0.82226,-0.0021309257
-0.26262,-0.82226,-0.0017128625
-0.19652,-0.82226,-0.0012949046
-0.13042,-0.82226,-0.00091003859
-0.06433,-0.82226,-0.00059261959
0.00177,-0.82226,-0.00035201714
0.06787,-0.82226,-0.00016391676
0.13396,-0.82226,-3.5093504e-05
0.20006,-0.82226,5.0724488e-05
0.26616,-0.82226,9.4824012e-05
0.33226,-0.82226,0.00011376878
0.39835,-0.82226,0.00012188658
0.46445,-0.82226,0.00010656948
0.53055,-0.82226,8.8407178e-05
0.59664,-0.82226,6.6908651e-05
0.66274,-0.82226,4.0221035e-05
0.72884,-0.82226,1.9604304e-05
0.79493,-0.82226,-5.5951773e-08
0.86103,-0.82226,-1.9067442e-05
0.92713,-0.82226,-3.0596722e-05
0.99323,-0.82226,-3.9947248e-05
1.05932,-0.82226,-4.7700942e-05
1.12542,-0.82226,-4.8212696e-05
1.19152,-0.82226,-4.8498998e-05
1.25761,-0.82226,-4.8200418e-05
1.32371,-0.82226,-4.1825031e-05
1.38981,-0.82226,-3.829701e-05
1.45591,-0.82226,-3.5975838e-05
1.52200,-0.82226,-2.170536e-05
1.58810,-0.82226,-1.9627099e-05
1.65420,-0.82226,-2.2917926e-05
1.72029,-0.82226,-4.5325619e-06
1.78639,-0.82226,-3.5379209e-05
1.85249,-0.82226,-0.00014275429
1.91859,-0.82226,-0.00021439618
1.98468,-0.82226,-0.00034621387
2.05078,-0.82226,-0.00063471985
2.11688,-0.82226,-0.00070737943
2.18297,-0.82226,-0.00069443416
2.24907,-0.82226,-0.00053918822
2.31517,-0.82226,-0.00033666179
2.38127,-0.82226,-3.1892821e-05
2.44736,-0.82226,0.00048928865
2.51346,-0.82226,0.00089957763
2.57956,-0.82226,0.0013587052
2.64565,-0.82226,0.0018665716
2.71175,-0.82226,0.0023672183
2.77785,-0.82226,0.0027722826
2.84394,-0.82226,0.0030888063
2.91004,-0.82226,0.0032766124
2.97614,-0.82226,0.0033433565
3.04224,-0.82226,0.0032776776
3.10833,-0.82226,0.0029789554
3.17443,-0.82226,0.0025421737
3.24053,-0.82226,0.00204045
3.30662,-0.82226,0.0014954582
3.37272,-0.82226,0.00088931981
3.43882,-0.82226,0.00037508903
3.50492,-0.82226,0.00014120294
3.57101,-0.82226,-5.6622004e-05
3.63711,-0.82226,-0.00020586517
3.70321,-0.82226,-0.00022835907
3.76930,-0.82226,-0.00023656012
3.83540,-0.82226,-0.00023716982
3.90150,-0.82226,-0.00020308101
-3.96406,-0.77812,-0.0022678135
-3.89796,-0.77812,-0.0025796506
-3.83186,-0.77812,-0.0027796689
-3.76577,-0.77812,-0.0025786611
-3.69967,-0.77812,-0.0021757123
-3.63357,-0.77812,-0.0015451757
-3.56747,-0.77812,0.0011333895
-3.50138,-0.77812,0.0051833191
-3.43528,-0.77812,0.011027294
-3.36918,-0.77812,0.023414532
-3.30309,-0.77812,0.043912832
-3.23699,-0.77812,0.074984357
-3.17089,-0.77812,0.13285293
-3.10479,-0.77812,0.21874009
-3.03870,-0.77812,0.33526716
-2.97260,-0.77812,0.50411642
-2.90650,-0.77812,0.67187756
-2.84041,-0.77812,0.83008283
-2.77431,-0.77812,0.96522039
-2.70821,-0.77812,1.0627779
-2.64211,-0.77812,1.0560062
-2.57602,-0.77812,0.95530504
-2.50992,-0.77812,0.82886666
-2.44382,-0.77812,0.68419719
-2.37773,-0.77812,0.52706826
-2.31163,-0.77812,0.38508537
-2.24553,-0.77812,0.27713448
-2.17943,-0.77812,0.2009519
-2.11334,-0.77812,0.13517828
-2.04724,-0.77812,0.085567616
-1.98114,-0.77812,0.057410099
-1.91505,-0.77812,0.034674685
-1.84895,-0.77812,0.01768191
-1.78285,-0.77812,0.0081071518
-1.71675,-0.77812,0.0014202441
-1.65066,-0.77812,-0.0031191942
-1.58456,-0.77812,-0.0050046388
-1.51846,-0.77812,-0.0051224804
-1.45237,-0.77812,-0.0044227988
-1.38627,-0.77812,-0.0031768349
-1.32017,-0.77812,-0.0013774363
-1.25408,-0.77812,0.00044935982
-1.18798,-0.77812,0.0017524706
-1.12188,-0.77812,0.0026861457
-1.05578,-0.77812,0.0030542533
-0.98969,-0.77812,0.0029321774
-0.92359,-0.77812,0.0022518272
-0.85749,-0.77812,0.00088421832
-0.79140,-0.77812,-0.00027890838
-0.72530,-0.77812,-0.0015877411
-0.65920,-0.77812,-0.0027026604
-0.59310,-0.77812,-0.0030419931
-0.52701,-0.77812,-0.0033112424
-0.46091,-0.77812,-0.0033523033
-0.39481,-0.77812,-0.0029167472
-0.32872,-0.77812,-0.002462365
-0.26262,-0.77812,-0.0019887434
-0.19652,-0.77812,-0.001501957
-0.13042,-0.77812,-0.0010735382
-0.06433,-0.77812,-0.00071686006
0.00177,-0.77812,-0.00045205638
0.06787,-0.77812,-0.00024988165
0.13396,-0.77812,-9.670591e-05
0.20006,-0.77812,9.5938376e-06
0.26616,-0.77812,6.4448563e-05
0.33226,-0.77812,9.4901196e-05
0.39835,-0.77812,0.00010559813
0.46445,-0.77812,9.5230913e-05
0.53055,-0.77812,7.6951408e-05
0.59664,-0.77812,5.8232945e-05
0.66274,-0.77812,3.5641649e-05
0.72884,-0.77812,1.3323716e-05
0.79493,-0.77812,-2.1742817e-06
0.86103,-0.77812,-1.6876776e-05
0.92713,-0.77812,-3.0439445e-05
0.99323,-0.77812,-3.7548773e-05
1.05932,-0.77812,-4.3178177e-05
1.12542,-0.77812,-4.6169829e-05
1.19152,-0.77812,-4.4777586e-05
1.25761,-0.77812,-4.3052085e-05
1.32371,-0.77812,-3.9624636e-05
1.38981,-0.77812,-3.568771e-05
1.45591,-0.77812,-3.3467149e-05
1.52200,-0.77812,-2.7162538e-05
1.58810,-0.77812,-2.2032806e-05
1.65420,-0.77812,-2.6607555e-05
1.72029,-0.77812,-2.7909713e-05
1.78639,-0.77812,-5.0123137e-05
1.85249,-0.77812,-0.00017698873
1.91859,-0.77812,-0.00031661618
1.98468,-0.77812,-0.00038373724
2.05078,-0.77812,-0.00062327
2.11688,-0.77812,-0.00080447301
2.18297,-0.77812,-0.00080035994
2.24907,-0.77812,-0.00065791345
2.31517,-0.77812,-0.00043164782
2.38127,-0.77812,-0.00017332491
2.44736,-0.77812,0.0002792759
2.51346,-0.77812,0.00097794901
2.57956,-0.77812,0.0014614842
2.64565,-0.77812,0.0019664345
2.71175,-0.77812,0.0025258043
2.77785,-0.77812,0.002919863
2.84394,-0.77812,0.0032376344
2.91004,-0.77812,0.0034527152
2.97614,-0.77812,0.0035047636
3.04224,-0.77812,0.0034133792
3.10833,-0.77812,0.0029905217
3.17443,-0.77812,0.0024024684
3.24053,-0.77812,0.0018129401
3.30662,-0.77812,0.0012990884
3.37272,-0.77812,0.00082122337
3.43882,-0.77812,0.00036404925
3.50492,-0.77812,7.8318655e-05
3.57101,-0.77812,-4.3915432e-05
3.63711,-0.77812,-0.00016499084
3.70321,-0.77812,-0.0002079399
3.76930,-0.77812,-0.00019817507
3.83540,-0.77812,-0.00019208902
3.90150,-0.77812,-0.00016891421
-3.96406,-0.73398,-0.00220501
-3.89796,-0.73398,-0.0025345637
-3.83186,-0.73398,-0.002838159
-3.76577,-0.73398,-0.0025255242
-3.69967,-0.73398,-0.0021184678
-3.63357,-0.73398,-0.0015028826
-3.56747,-0.73398,0.00085007941
-3.50138,-0.73398,0.0052070837
-3.43528,-0.73398,0.010924868
-3.36918,-0.73398,0.021793228
-3.30309,-0.73398,0.045158498
-3.23699,-0.73398,0.076926105
-3.17089,-0.73398,0.13307853
-3.10479,-0.73398,0.2329835
-3.03870,-0.73398,0.36015332
-2.97260,-0.73398,0.54810345
-2.90650,-0.73398,0.77184665
-2.84041,-0.73398,0.97482306
-2.77431,-0.73398,1.1419572
-2.70821,-0.73398,1.250109
-2.64211,-0.73398,1.2433242
-2.57602,-0.73398,1.1468365
-2.50992,-0.73398,0.98564631
-2.44382,-0.73398,0.81201315
-2.37773,-0.73398,0.61902088
-2.31163,-0.73398,0.43987975
-2.24553,-0.73398,0.30122215
-2.17943,-0.73398,0.21336865
-2.11334,-0.73398,0.14528778
-2.04724,-0.73398,0.090887532
-1.98114,-0.73398,0.059112724
-1.91505,-0.73398,0.036226116
-1.84895,-0.73398,0.018314345
-1.78285,-0.73398,0.0074373884
-1.71675,-0.73398,0.0011462433
-1.65066,-0.73398,-0.0032476671
-1.58456,-0.73398,-0.0054125055
-1.51846,-0.73398,-0.0052997409
-1.45237,-0.73398,-0.004395443
-1.38627,-0.73398,-0.0029306647
-1.32017,-0.73398,-0.0010658412
-1.25408,-0.73398,0.0010927076
-1.18798,-0.73398,0.0034284466
-1.12188,-0.73398,0.0049083773
-1.05578,-0.73398,0.0055303117
-0.98969,-0.73398,0.0053458535
-0.92359,-0.73398,0.0043240972
-0.85749,-0.73398,0.0021512718
-0.79140,-0.73398,0.0003353465
-0.72530,-0.73398,-0.0011760404
-0.65920,-0.73398,-0.0028598139
-0.59310,-0.73398,-0.0036915038
-0.52701,-0.73398,-0.0038077543
-0.46091,-0.73398,-0.0037985607
-0.39481,-0.73398,-0.0033958456
-0.32872,-0.73398,-0.0028144454
-0.26262,-0.73398,-0.002269353
-0.19652,-0.73398,-0.0017490856
-0.13042,-0.73398,-0.0012683467
-0.06433,-0.73398,-0.00084980892
0.00177,-0.73398,-0.00053041195
0.06787,-0.73398,-0.00030402475
0.13396,-0.73398,-0.00013030722
0.20006,-0.73398,-1.4167038e-05
0.26616,-0.73398,4.2536954e-05
0.33226,-0.73398,7.5589509e-05
0.39835,-0.73398,8.8190769e-05
0.46445,-0.73398,8.1903258e-05
0.53055,-0.73398,6.5289707e-05
0.59664,-0.73398,4.8594371e-05
0.66274,-0.73398,3.1104879e-05
0.72884,-0.73398,9.771752e-06
0.79493,-0.73398,-5.874389e-06
0.86103,-0.73398,-1.8060886e-05
0.92713,-0.73398,-3.0951818e-05
0.99323,-0.73398,-3.8103655e-05
1.05932,-0.73398,-4.1488231e-05
1.12542,-0.73398,-4.4460947e-05
1.19152,-0.73398,-4.3896209e-05
1.25761,-0.73398,-4.1266456e-05
1.32371,-0.73398,-3.8756611e-05
1.38981,-0.73398,-3.6084963e-05
1.45591,-0.73398,-3.2850701e-05
1.52200,-0.73398,-3.1492902e-05
1.58810,-0.73398,-2.7730886e-05
1.65420,-0.73398,-3.1584463e-05
1.72029,-0.73398,-4.5233446e-05
1.78639,-0.73398,-5.5703651e-05
1.85249,-0.73398,-0.00017305638
1.91859,-0.73398,-0.00036183596
1.98468,-0.73398,-0.00046333624
2.05078,-0.73398,-0.00065214455
2.11688,-0.73398,-0.00089920458
2.18297,-0.73398,-0.00097974634
2.24907,-0.73398,-0.00083298085
2.31517,-0.73398,-0.00042497745
2.38127,-0.73398,-6.5801119e-05
2.44736,-0.73398,0.0003486521
2.51346,-0.73398,0.0011187263
2.57956,-0.73398,0.0016461711
2.64565,-0.73398,0.002096572
2.71175,-0.73398,0.0026576831
2.77785,-0.73398,0.0030881101
2.84394,-0.73398,0.0033196348
2.91004,-0.73398,0.0033689525
2.97614,-0.73398,0.0032325003
3.04224,-0.73398,0.0029437658
3.10833,-0.73398,0.0025739777
3.17443,-0.73398,0.0020755189
3.24053,-0.73398,0.0015560689
3.30662,-0.73398,0.0010467618
3.37272,-0.73398,0.0006619395
3.43882,-0.73398,0.00030342949
3.50492,-0.73398,2.4750554e-05
3.57101,-0.73398,-5.247186e-05
3.63711,-0.73398,-0.00013518459
3.70321,-0.73398,-0.00018520665
3.76930,-0.73398,-0.00017467329
3.83540,-0.73398,-0.00015512665
3.90150,-0.73398,-0.00013462415
-3.96406,-0.68985,-0.0020872306
-3.89796,-0.68985,-0.0023915365
-3.83186,-0.68985,-0.0027439001
-3.76577,-0.68985,-0.0023157042
-3.69967,-0.68985,-0.001722084
-3.63357,-0.68985,-0.0010013271
-3.56747,-0.68985,0.0011029679
-3.50138,-0.68985,0.0056927758
-3.43528,-0.68985,0.011652041
-3.36918,-0.68985,0.019459698
-3.30309,-0.68985,0.04394323
-3.23699,-0.68985,0.078433976
-3.17089,-0.68985,0.12934195
-3.10479,-0.68985,0.25047767
-3.03870,-0.68985,0.41916704
-2.97260,-0.68985,0.62272179
-2.90650,-0.68985,0.8809185
-2.84041,-0.68985,1.1082569
-2.77431,-0.68985,1.3172953
-2.70821,-0.68985,1.441355
-2.64211,-0.68985,1.432701
-2.57602,-0.68985,1.3303243
-2.50992,-0.68985,1.1148117
-2.44382,-0.68985,0.88777202
-2.37773,-0.68985,0.67729419
-2.31163,-0.68985,0.48395228
-2.24553,-0.68985,0.32592598
-2.17943,-0.68985,0.22605602
-2.11334,-0.68985,0.15457147
-2.04724,-0.68985,0.097727649
-1.98114,-0.68985,0.059691831
-1.91505,-0.68985,0.036464162
-1.84895,-0.68985,0.018763263
-1.78285,-0.68985,0.006460805
-1.71675,-0.68985,0.00041319022
-1.65066,-0.68985,-0.0036707756
-1.58456,-0.68985,-0.0060430691
-1.51846,-0.68985,-0.0058211712
-1.45237,-0.68985,-0.0044846227
-1.38627,-0.68985,-0.0019651637
-1.32017,-0.68985,0.00074896484
-1.25408,-0.68985,0.0037573567
-1.18798,-0.68985,0.0069798813
-1.12188,-0.68985,0.0086666774
-1.05578,-0.68985,0.008924393
-0.98969,-0.68985,0.0086297747
-0.92359,-0.68985,0.0073255021
-0.85749,-0.68985,0.0045102811
-0.79140,-0.68985,0.00091011648
-0.72530,-0.68985,-0.0010491544
-0.65920,-0.68985,-0.0029420594
-0.59310,-0.68985,-0.0046840184
-0.52701,-0.68985,-0.0045423456
-0.46091,-0.68985,-0.0042606485
-0.39481,-0.68985,-0.0039918772
-0.32872,-0.68985,-0.0032770222
-0.26262,-0.68985,-0.0025593468
-0.19652,-0.68985,-0.0019521035
-0.13042,-0.68985,-0.0013913058
-0.06433,-0.68985,-0.00092549482
0.00177,-0.68985,-0.00056870526
0.06787,-0.68985,-0.00033992509
0.13396,-0.68985,-0.00016346763
0.20006,-0.68985,-3.7782669e-05
0.26616,-0.68985,2.3457318e-05
0.33226,-0.68985,5.8824335e-05
0.39835,-0.68985,7.3899682e-05
0.46445,-0.68985,7.2344701e-05
0.53055,-0.68985,5.7814519e-05
0.59664,-0.68985,3.875219e-05
0.66274,-0.68985,2.3873143e-05
0.72884,-0.68985,5.1737038e-06
0.79493,-0.68985,-1.2865372e-05
0.86103,-0.68985,-2.2679978e-05
0.92713,-0.68985,-3.2303e-05
0.99323,-0.68985,-4.1485597e-05
1.05932,-0.68985,-4.2857911e-05
1.12542,-0.68985,-4.3430278e-05
1.19152,-0.68985,-4.5355649e-05
1.25761,-0.68985,-4.1321877e-05
1.32371,-0.68985,-3.7474481e-05
1.38981,-0.68985,-3.8275688e-05
1.45591,-0.68985,-3.3873963e-05
1.52200,-0.68985,-3.0844902e-05
1.58810,-0.68985,-3.5386514e-05
1.65420,-0.68985,-3.7110753e-05
1.72029,-0.68985,-5.2179788e-05
1.78639,-0.68985,-8.1617436e-05
1.85249,-0.68985,-0.00018880038
1.91859,-0.68985,-0.00037269466
1.98468,-0.68985,-0.00062274007
2.05078,-0.68985,-0.00070063438
2.11688,-0.68985,-0.00079195999
2.18297,-0.68985,-0.00083192071
2.24907,-0.68985,-0.00062093453
2.31517,-0.68985,-0.00024215748
2.38127,-0.68985,0.00023098098
2.44736,-0.68985,0.00055211177
2.51346,-0.68985,0.0011762311
2.57956,-0.68985,0.0018801101
2.64565,-0.68985,0.0022265262
2.71175,-0.68985,0.0025908845
2.77785,-0.68985,0.0029700315
2.84394,-0.68985,0.0030160344
2.91004,-0.68985,0.002957779
2.97614,-0.68985,0.0029039795
3.04224,-0.68985,0.0025833736
3.10833,-0.68985,0.0021981345
3.17443,-0.68985,0.0017405609
3.24053,-0.68985,0.0012486679
3.30662,-0.68985,0.00081805297
3.37272,-0.68985,0.00042232918
3.43882,-0.68985,0.00018200072
3.50492,-0.68985,2.1549149e-06
3.57101,-0.68985,-0.00012082513
3.63711,-0.68985,-0.00014743365
3.70321,-0.68985,-0.0001665265
3.76930,-0.68985,-0.00016502786
3.83540,-0.68985,-0.00013134121
3.90150,-0.68985,-0.00010552505
-3.96406,-0.64571,-0.0019739836
-3.89796,-0.64571,-0.0020003847
-3.83186,-0.64571,-0.002250877
-3.76577,-0.64571,-0.001868911
-3.69967,-0.64571,-0.00088589475
-3.63357,-0.64571,-0.00014672834
-3.56747,-0.64571,0.001449234
-3.50138,-0.64571,0.0064793704
-3.43528,-0.64571,0.012699776
-3.36918,-0.64571,0.020584708
-3.30309,-0.64571,0.043312151
-3.23699,-0.64571,0.087543108
-3.17089,-0.64571,0.1495073
-3.10479,-0.64571,0.25538674
-3.03870,-0.64571,0.45396391
-2.97260,-0.64571,0.68644565
-2.90650,-0.64571,0.95757061
-2.84041,-0.64571,1.2152482
-2.77431,-0.64571,1.4307458
-2.70821,-0.64571,1.575402
-2.64211,-0.64571,1.5371565
-2.57602,-0.64571,1.4152924
-2.50992,-0.64571,1.2300534
-2.44382,-0.64571,0.97460693
-2.37773,-0.64571,0.74374563
-2.31163,-0.64571,0.53398037
-2.24553,-0.64571,0.35458705
-2.17943,-0.64571,0.24005622
-2.11334,-0.64571,0.15714432
-2.04724,-0.64571,0.099696182
-1.98114,-0.64571,0.060194362
-1.91505,-0.64571,0.03494953
-1.84895,-0.64571,0.017906858
-1.78285,-0.64571,0.0054152398
-1.71675,-0.64571,-0.0010736604
-1.65066,-0.64571,-0.0044772369
-1.58456,-0.64571,-0.0061121662
-1.51846,-0.64571,-0.0054653031
-1.45237,-0.64571,-0.0033817731
-1.38627,-0.64571,-0.00037641043
-1.32017,-0.64571,0.0032963124
-1.25408,-0.64571,0.0066016568
-1.18798,-0.64571,0.010104381
-1.12188,-0.64571,0.013221374
-1.05578,-0.64571,0.013595639
-0.98969,-0.64571,0.012896921
-0.92359,-0.64571,0.011017904
-0.85749,-0.64571,0.0076025762
-0.79140,-0.64571,0.0031326341
-0.72530,-0.64571,-0.00088378735
-0.65920,-0.64571,-0.0027574729
-0.59310,-0.64571,-0.0045997873
-0.52701,-0.64571,-0.0055813692
-0.46091,-0.64571,-0.0049863956
-0.39481,-0.64571,-0.0043936344
-0.32872,-0.64571,-0.0036847105
-0.26262,-0.64571,-0.0028005517
-0.19652,-0.64571,-0.0020769034
-0.13042,-0.64571,-0.0015071074
-0.06433,-0.64571,-0.0010067991
0.00177,-0.64571,-0.00061543245
0.06787,-0.64571,-0.00036615497
0.13396,-0.64571,-0.00018221767
0.20006,-0.64571,-5.2510113e-05
0.26616,-0.64571,1.7441535e-05
0.33226,-0.64571,5.0440591e-05
0.39835,-0.64571,6.4529151e-05
0.46445,-0.64571,6.2460815e-05
0.53055,-0.64571,4.8679463e-05
0.59664,-0.64571,3.1007414e-05
0.66274,-0.64571,1.3091306e-05
0.72884,-0.64571,-2.2400111e-06
0.79493,-0.64571,-1.7559238e-05
0.86103,-0.64571,-2.9556131e-05
0.92713,-0.64571,-3.6425085e-05
0.99323,-0.64571,-4.3300883e-05
1.05932,-0.64571,-4.6692057e-05
1.12542,-0.64571,-4.4865083e-05
1.19152,-0.64571,-4.4840388e-05
1.25761,-0.64571,-4.3032098e-05
1.32371,-0.64571,-3.7788024e-05
1.38981,-0.64571,-3.6351616e-05
1.45591,-0.64571,-3.6646226e-05
1.52200,-0.64571,-3.1813695e-05
1.58810,-0.64571,-3.1185602e-05
1.65420,-0.64571,-4.6314617e-05
1.72029,-0.64571,-5.9902275e-05
1.78639,-0.64571,-9.2540235e-05
1.85249,-0.64571,-0.00020088779
1.91859,-0.64571,-0.00030446495
1.98468,-0.64571,-0.00042641739
2.05078,-0.64571,-0.00052981364
2.11688,-0.64571,-0.0005637026
2.18297,-0.64571,-0.00053912587
2.24907,-0.64571,-0.0004114261
2.31517,-0.64571,-7.1457085e-05
2.38127,-0.64571,0.00038719343
2.44736,-0.64571,0.00087427808
2.51346,-0.64571,0.0013488837
2.57956,-0.64571,0.0019211752
2.64565,-0.64571,0.0023386546
2.71175,-0.64571,0.0025287108
2.77785,-0.64571,0.0027837392
2.84394,-0.64571,0.0028843384
2.91004,-0.64571,0.0027165762
2.97614,-0.64571,0.0025359169
3.04224,-0.64571,0.0021794164
3.10833,-0.64571,0.0016839458
3.17443,-0.64571,0.0011787832
3.24053,-0.64571,0.00075082661
3.30662,-0.64571,0.00046080034
3.37272,-0.64571,0.00021707988
3.43882,-0.64571,-7.4500444e-05
3.50492,-0.64571,-0.00013882839
3.57101,-0.64571,-0.00016150251
3.63711,-0.64571,-0.00017700427
3.70321,-0.64571,-0.00015963825
3.76930,-0.64571,-0.00014279666
3.83540,-0.64571,-0.00011756818
3.90150,-0.64571,-8.6401771e-05
-3.96406,-0.60157,-0.0016898959
-3.89796,-0.60157,-0.0016066422
-3.83186,-0.60157,-0.0016241878
-3.76577,-0.60157,-0.0013854735
-3.69967,-0.60157,-0.00019422633
-3.63357,-0.60157,0.0011767454
-3.56747,-0.60157,0.0027078644
-3.50138,-0.60157,0.0090243509
-3.43528,-0.60157,0.016616439
-3.36918,-0.60157,0.024202349
-3.30309,-0.60157,0.044324316
-3.23699,-0.60157,0.089107431
-3.17089,-0.60157,0.1590697
-3.10479,-0.60157,0.25895497
-3.03870,-0.60157,0.46526444
-2.97260,-0.60157,0.74103582
-2.90650,-0.60157,1.0347586
-2.84041,-0.60157,1.2963192
-2.77431,-0.60157,1.5148029
-2.70821,-0.60157,1.6709642
-2.64211,-0.60157,1.672076
-2.57602,-0.60157,1.5296792
-2.50992,-0.60157,1.340268
-2.44382,-0.60157,1.0546594
-2.37773,-0.60157,0.78276592
-2.31163,-0.60157,0.5499475
-2.24553,-0.60157,0.36158368
-2.17943,-0.60157,0.24123186
-2.11334,-0.60157,0.15779616
-2.04724,-0.60157,0.098148242
-1.98114,-0.60157,0.057840917
-1.91505,-0.60157,0.032988995
-1.84895,-0.60157,0.016106054
-1.78285,-0.60157,0.0045044781
-1.71675,-0.60157,-0.001627719
-1.65066,-0.60157,-0.0048695789
-1.58456,-0.60157,-0.0061118961
-1.51846,-0.60157,-0.005253165
-1.45237,-0.60157,-0.0026346999
-1.38627,-0.60157,0.00082747929
-1.32017,-0.60157,0.0054274155
-1.25408,-0.60157,0.010695107
-1.18798,-0.60157,0.015239421
-1.12188,-0.60157,0.019516662
-1.05578,-0.60157,0.020730553
-0.98969,-0.60157,0.019304423
-0.92359,-0.60157,0.016436579
-0.85749,-0.60157,0.012289493
-0.79140,-0.60157,0.0069739474
-0.72530,-0.60157,0.00091696257
-0.65920,-0.60157,-0.0032213717
-0.59310,-0.60157,-0.0052417489
-0.52701,-0.60157,-0.0066807903
-0.46091,-0.60157,-0.0062997988
-0.39481,-0.60157,-0.0051277829
-0.32872,-0.60157,-0.0041325679
-0.26262,-0.60157,-0.0031480107
-0.19652,-0.60157,-0.0022578849
-0.13042,-0.60157,-0.0016021692
-0.06433,-0.60157,-0.0010526663
0.00177,-0.60157,-0.00062462513
0.06787,-0.60157,-0.00035287655
0.13396,-0.60157,-0.00017483997
0.20006,-0.60157,-5.1480278e-05
0.26616,-0.60157,1.8533701e-05
0.33226,-0.60157,4.6800556e-05
0.39835,-0.60157,5.8196358e-05
0.46445,-0.60157,5.3864449e-05
0.53055,-0.60157,3.8521943e-05
0.59664,-0.60157,2.2318422e-05
0.66274,-0.60157,3.9215724e-06
0.72884,-0.60157,-1.1730785e-05
0.79493,-0.60157,-2.4972593e-05
0.86103,-0.60157,-3.7006335e-05
0.92713,-0.60157,-4.3538454e-05
0.99323,-0.60157,-4.8080256e-05
1.05932,-0.60157,-5.1165949e-05
1.12542,-0.60157,-4.9100563e-05
1.19152,-0.60157,-4.6535308e-05
1.25761,-0.60157,-4.4831497e-05
1.32371,-0.60157,-3.979501e-05
1.38981,-0.60157,-3.5610108e-05
1.45591,-0.60157,-3.8429844e-05
1.52200,-0.60157,-3.5792527e-05
1.58810,-0.60157,-2.987514e-05
1.65420,-0.60157,-4.8444821e-05
1.72029,-0.60157,-5.6034445e-05
1.78639,-0.60157,-5.7102479e-05
1.85249,-0.60157,-0.00014830929
1.91859,-0.60157,-0.00024154963
1.98468,-0.60157,-0.00029254696
2.05078,-0.60157,-0.00037506898
2.11688,-0.60157,-0.00045217574
2.18297,-0.60157,-0.00033069175
2.24907,-0.60157,-3.8315276e-05
2.31517,-0.60157,0.00034638238
2.38127,-0.60157,0.0008042173
2.44736,-0.60157,0.0013284005
2.51346,-0.60157,0.0017152166
2.57956,-0.60157,0.0021245228
2.64565,-0.60157,0.0025248276
2.71175,-0.60157,0.0026475387
2.77785,-0.60157,0.00267752
2.84394,-0.60157,0.0026230679
2.91004,-0.60157,0.0022787522
2.97614,-0.60157,0.0018556367
3.04224,-0.60157,0.0015100695
3.10833,-0.60157,0.001081482
3.17443,-0.60157,0.00061909779
3.24053,-0.60157,0.0001691839
3.30662,-0.60157,-3.3894266e-05
3.37272,-0.60157,-7.5304059e-05
3.43882,-0.60157,-0.00025658173
3.50492,-0.60157,-0.00024070784
3.57101,-0.60157,-0.00017444817
3.63711,-0.60157,-0.00017334991
3.70321,-0.60157,-0.0001622205
3.76930,-0.60157,-0.00013178139
3.83540,-0.60157,-0.00010392405
3.90150,-0.60157,-7.2864568e-05
-3.96406,-0.55744,-0.001383497
-3.89796,-0.55744,-0.0012590407
-3.83186,-0.55744,-0.00083397562
-3.76577,-0.55744,-0.00035024364
-3.69967,-0.55744,0.0014719262
-3.63357,-0.55744,0.0040269187
-3.56747,-0.55744,0.0059571578
-3.50138,-0.55744,0.012076605
-3.43528,-0.55744,0.021456357
-3.36918,-0.55744,0.029681206
-3.30309,-0.55744,0.046474904
-3.23699,-0.55744,0.094730973
-3.17089,-0.55744,0.18589433
-3.10479,-0.55744,0.31130743
-3.03870,-0.55744,0.50662255
-2.97260,-0.55744,0.79709828
-2.90650,-0.55744,1.1092986
-2.84041,-0.55744,1.380715
-2.77431,-0.55744,1.6075171
-2.70821,-0.55744,1.7642773
-2.64211,-0.55744,1.7661942
-2.57602,-0.55744,1.5640186
-2.50992,-0.55744,1.3197129
-2.44382,-0.55744,1.0501374
-2.37773,-0.55744,0.78080606
-2.31163,-0.55744,0.55128092
-2.24553,-0.55744,0.3605597
-2.17943,-0.55744,0.23429404
-2.11334,-0.55744,0.15469192
-2.04724,-0.55744,0.09430141
-1.98114,-0.55744,0.054066479
-1.91505,-0.55744,0.031483371
-1.84895,-0.55744,0.014318479
-1.78285,-0.55744,0.0032745753
-1.71675,-0.55744,-0.0027835204
-1.65066,-0.55744,-0.0058777919
-1.58456,-0.55744,-0.0067380997
-1.51846,-0.55744,-0.0053153662
-1.45237,-0.55744,-0.00088851777
-1.38627,-0.55744,0.0041340641
-1.32017,-0.55744,0.010057342
-1.25408,-0.55744,0.017170569
-1.18798,-0.55744,0.022270517
-1.12188,-0.55744,0.026663408
-1.05578,-0.55744,0.029525258
-0.98969,-0.55744,0.02781399
-0.92359,-0.55744,0.023742195
-0.85749,-0.55744,0.016912175
-0.79140,-0.55744,0.0099243047
-0.72530,-0.55744,0.0027598974
-0.65920,-0.55744,-0.0049072234
-0.59310,-0.55744,-0.0066994107
-0.52701,-0.55744,-0.0075416397
-0.46091,-0.55744,-0.0081144553
-0.39481,-0.55744,-0.0063269222
-0.32872,-0.55744,-0.0047384896
-0.26262,-0.55744,-0.0034393256
-0.19652,-0.55744,-0.0023353181
-0.13042,-0.55744,-0.001590165
-0.06433,-0.55744,-0.0010333061
0.00177,-0.55744,-0.00060313958
0.06787,-0.55744,-0.00032156543
0.13396,-0.55744,-0.00015032111
0.20006,-0.55744,-3.6669157e-05
0.26616,-0.55744,2.7913764e-05
0.33226,-0.55744,4.5422697e-05
0.39835,-0.55744,5.2335068e-05
0.46445,-0.55744,4.6722511e-05
0.53055,-0.55744,2.7543689e-05
0.59664,-0.55744,1.1948837e-05
0.66274,-0.55744,-5.1432571e-06
0.72884,-0.55744,-2.3862833e-05
0.79493,-0.55744,-3.5408091e-05
0.86103,-0.55744,-4.5678247e-05
0.92713,-0.55744,-5.4182408e-05
0.99323,-0.55744,-5.621283e-05
1.05932,-0.55744,-5.6732311e-05
1.12542,-0.55744,-5.5676774e-05
1.19152,-0.55744,-5.0344093e-05
1.25761,-0.55744,-4.6702437e-05
1.32371,-0.55744,-4.3455992e-05
1.38981,-0.55744,-3.5926365e-05
1.45591,-0.55744,-3.6298883e-05
1.52200,-0.55744,-3.9740775e-05
1.58810,-0.55744,-2.9095394e-05
1.65420,-0.55744,-3.8733881e-05
1.72029,-0.55744,-6.7448629e-05
1.78639,-0.55744,-5.0183138e-05
1.85249,-0.55744,-8.4996725e-05
1.91859,-0.55744,-0.00027702938
1.98468,-0.55744,-0.00021189648
2.05078,-0.55744,-6.0846469e-05
2.11688,-0.55744,-8.4452942e-05
2.18297,-0.55744,0.00017722632
2.24907,-0.55744,0.00052620226
2.31517,-0.55744,0.00096833409
2.38127,-0.55744,0.0013419808
2.44736,-0.55744,0.0017770018
2.51346,-0.55744,0.0022708254
2.57956,-0.55744,0.0024377734
2.64565,-0.55744,0.0025639581
2.71175,-0.55744,0.0026373449
2.77785,-0.55744,0.0024042716
2.84394,-0.55744,0.0021758587
2.91004,-0.55744,0.0019122233
2.97614,-0.55744,0.0013381614
3.04224,-0.55744,0.00089041516
3.10833,-0.55744,0.00049484218
3.17443,-0.55744,0.00012912593
3.24053,-0.55744,-0.00019351463
3.30662,-0.55744,-0.00039928348
3.37272,-0.55744,-0.00029042998
3.43882,-0.55744,-0.00031878453
3.50492,-0.55744,-0.0003891977
3.57101,-0.55744,-0.00025728953
3.63711,-0.55744,-0.00018022639
3.70321,-0.55744,-0.00017958407
3.76930,-0.55744,-0.00013085267
3.83540,-0.55744,-9.1500886e-05
3.90150,-0.55744,-6.7597073e-05
-3.96406,-0.51330,-0.00081105804
-3.89796,-0.51330,-0.00040062654
-3.83186,-0.51330,0.00027080567
-3.76577,-0.51330,0.0011128916
-3.69967,-0.51330,0.0032310185
-3.63357,-0.51330,0.0061476077
-3.56747,-0.51330,0.0095703583
-3.50138,-0.51330,0.015449741
-3.43528,-0.51330,0.028326947
-3.36918,-0.51330,0.044832774
-3.30309,-0.51330,0.066977449
-3.23699,-0.51330,0.12559231
-3.17089,-0.51330,0.2144613
-3.10479,-0.51330,0.35724398
-3.03870,-0.51330,0.56413019
-2.97260,-0.51330,0.82797283
-2.90650,-0.51330,1.1648556
-2.84041,-0.51330,1.4424524
-2.77431,-0.51330,1.6215476
-2.70821,-0.51330,1.720028
-2.64211,-0.51330,1.7198753
-2.57602,-0.51330,1.552907
-2.50992,-0.51330,1.3005642
-2.44382,-0.51330,1.0280384
-2.37773,-0.51330,0.76965404
-2.31163,-0.51330,0.54074639
-2.24553,-0.51330,0.3538174
-2.17943,-0.51330,0.21970126
-2.11334,-0.51330,0.14644067
-2.04724,-0.51330,0.090130515
-1.98114,-0.51330,0.049235523
-1.91505,-0.51330,0.027279435
-1.84895,-0.51330,0.01171093
-1.78285,-0.51330,0.00076644489
-1.71675,-0.51330,-0.0043931985
-1.65066,-0.51330,-0.0059407973
-1.58456,-0.51330,-0.0055523082
-1.51846,-0.51330,-0.0034613158
-1.45237,-0.51330,0.0017012613
-1.38627,-0.51330,0.0083074393
-1.32017,-0.51330,0.014819749
-1.25408,-0.51330,0.022385988
-1.18798,-0.51330,0.030289134
-1.12188,-0.51330,0.035238035
-1.05578,-0.51330,0.037963659
-0.98969,-0.51330,0.036938544
-0.92359,-0.51330,0.03159311
-0.85749,-0.51330,0.023372304
-0.79140,-0.51330,0.013342801
-0.72530,-0.51330,0.005777563
-0.65920,-0.51330,-0.0024200433
-0.59310,-0.51330,-0.0087866345
-0.52701,-0.51330,-0.0089349756
-0.46091,-0.51330,-0.008737145
-0.39481,-0.51330,-0.0077716741
-0.32872,-0.51330,-0.0055411952
-0.26262,-0.51330,-0.0037285681
-0.19652,-0.51330,-0.0024408766
-0.13042,-0.51330,-0.0015905707
-0.06433,-0.51330,-0.00098658958
0.00177,-0.51330,-0.0005572568
0.06787,-0.51330,-0.00026506433
0.13396,-0.51330,-0.00010616223
0.20006,-0.51330,-1.3942693e-05
0.26616,-0.51330,4.1775325e-05
0.33226,-0.51330,5.4007429e-05
0.39835,-0.51330,4.9355953e-05
0.46445,-0.51330,4.0949581e-05
0.53055,-0.51330,2.1796019e-05
0.59664,-0.51330,-5.3756685e-07
0.66274,-0.51330,-1.7478813e-05
0.72884,-0.51330,-3.4833749e-05
0.79493,-0.51330,-5.0062023e-05
0.86103,-0.51330,-5.8060315e-05
0.92713,-0.51330,-6.414274e-05
0.99323,-0.51330,-6.7396526e-05
1.05932,-0.51330,-6.5310443e-05
1.12542,-0.51330,-6.1677572e-05
1.19152,-0.51330,-5.5774333e-05
1.25761,-0.51330,-4.9217393e-05
1.32371,-0.51330,-4.3203079e-05
1.38981,-0.51330,-3.6040263e-05
1.45591,-0.51330,-3.3963268e-05
1.52200,-0.51330,-3.5736673e-05
1.58810,-0.51330,-3.3821958e-05
1.65420,-0.51330,-3.3711927e-05
1.72029,-0.51330,-5.911191e-05
1.78639,-0.51330,-5.4559805e-05
1.85249,-0.51330,1.6019323e-05
1.91859,-0.51330,-3.9992829e-05
1.98468,-0.51330,-4.5499551e-06
2.05078,-0.51330,0.00026139413
2.11688,-0.51330,0.00042706475
2.18297,-0.51330,0.00063720287
2.24907,-0.51330,0.0010371817
2.31517,-0.51330,0.0015310852
2.38127,-0.51330,0.0019385518
2.44736,-0.51330,0.0022090806
2.51346,-0.51330,0.0024882646
2.57956,-0.51330,0.0027049917
2.64565,-0.51330,0.0026564759
2.71175,-0.51330,0.0025653718
2.77785,-0.51330,0.0023500309
2.84394,-0.51330,0.0019410659
2.91004,-0.51330,0.0015121766
2.97614,-0.51330,0.00096509466
3.04224,-0.51330,0.00044183448
3.10833,-0.51330,1.8764804e-05
3.17443,-0.51330,-0.00029635604
3.24053,-0.51330,-0.00053695333
3.30662,-0.51330,-0.00069997087
3.37272,-0.51330,-0.00066380651
3.43882,-0.51330,-0.00052168389
3.50492,-0.51330,-0.00047767544
3.57101,-0.51330,-0.00034561584
3.63711,-0.51330,-0.00018738207
3.70321,-0.51330,-0.00016178635
3.76930,-0.51330,-0.00012921251
3.83540,-0.51330,-8.5024287e-05
3.90150,-0.51330,-5.5083034e-05
-3.96406,-0.46916,-0.00029962623
-3.89796,-0.46916,0.00041973943
-3.83186,-0.46916,0.0012526568
-3.76577,-0.46916,0.002396801
-3.69967,-0.46916,0.0052140746
-3.63357,-0.46916,0.0096508199
-3.56747,-0.46916,0.015721517
-3.50138,-0.46916,0.024696954
-3.43528,-0.46916,0.039900396
-3.36918,-0.46916,0.059946019
-3.30309,-0.46916,0.082897328
-3.23699,-0.46916,0.14829594
-3.17089,-0.46916,0.24072602
-3.10479,-0.46916,0.39957511
-3.03870,-0.46916,0.63708884
-2.97260,-0.46916,0.90570867
-2.90650,-0.46916,1.2067325
-2.84041,-0.46916,1.4835395
-2.77431,-0.46916,1.6395757
-2.70821,-0.46916,1.7148722
-2.64211,-0.46916,1.6960448
-2.57602,-0.46916,1.539839
-2.50992,-0.46916,1.2686259
-2.44382,-0.46916,0.97342646
-2.37773,-0.46916,0.70981377
-2.31163,-0.46916,0.49935576
-2.24553,-0.46916,0.3279424
-2.17943,-0.46916,0.19725084
-2.11334,-0.46916,0.12934394
-2.04724,-0.46916,0.079124615
-1.98114,-0.46916,0.04199899
-1.91505,-0.46916,0.021800069
-1.84895,-0.46916,0.0092629222
-1.78285,-0.46916,0.00019509791
-1.71675,-0.46916,-0.0048933281
-1.65066,-0.46916,-0.0056863176
-1.58456,-0.46916,-0.0045000869
-1.51846,-0.46916,-0.0017604566
-1.45237,-0.46916,0.0037132036
-1.38627,-0.46916,0.011742505
-1.32017,-0.46916,0.020883726
-1.25408,-0.46916,0.029603988
-1.18798,-0.46916,0.039143059
-1.12188,-0.46916,0.046048637
-1.05578,-0.46916,0.048670236
-0.98969,-0.46916,0.047129311
-0.92359,-0.46916,0.042123366
-0.85749,-0.46916,0.032870084
-0.79140,-0.46916,0.019779373
-0.72530,-0.46916,0.0087751625
-0.65920,-0.46916,-0.00015655241
-0.59310,-0.46916,-0.0091667837
-0.52701,-0.46916,-0.011468071
-0.46091,-0.46916,-0.010199413
-0.39481,-0.46916,-0.0089878216
-0.32872,-0.46916,-0.0068608532
-0.26262,-0.46916,-0.0044059618
-0.19652,-0.46916,-0.0025581873
-0.13042,-0.46916,-0.001517544
-0.06433,-0.46916,-0.00086488633
0.00177,-0.46916,-0.0004342699
0.06787,-0.46916,-0.00017143674
0.13396,-0.46916,-3.4367647e-05
0.20006,-0.46916,3.5767811e-05
0.26616,-0.46916,6.7559275e-05
0.33226,-0.46916,7.2204843e-05
0.39835,-0.46916,5.3014537e-05
0.46445,-0.46916,3.276435e-05
0.53055,-0.46916,1.1656363e-05
0.59664,-0.46916,-1.3551145e-05
0.66274,-0.46916,-3.3109562e-05
0.72884,-0.46916,-4.8972455e-05
0.79493,-0.46916,-6.4701228e-05
0.86103,-0.46916,-7.3424228e-05
0.92713,-0.46916,-7.7260163e-05
0.99323,-0.46916,-7.9615886e-05
1.05932,-0.46916,-7.6330965e-05
1.12542,-0.46916,-6.9033522e-05
1.19152,-0.46916,-6.0306098e-05
1.25761,-0.46916,-5.2558989e-05
1.32371,-0.46916,-4.4362616e-05
1.38981,-0.46916,-3.7059166e-05
1.45591,-0.46916,-3.3406268e-05
1.52200,-0.46916,-3.3007851e-05
1.58810,-0.46916,-3.3930206e-05
1.65420,-0.46916,-2.5928915e-05
1.72029,-0.46916,-2.8104332e-05
1.78639,-0.46916,-3.0106821e-05
1.85249,-0.46916,7.3136922e-05
1.91859,-0.46916,0.00011938435
1.98468,-0.46916,0.00015914701
2.05078,-0.46916,0.00043643583
2.11688,-0.46916,0.00079444394
2.18297,-0.46916,0.0011167682
2.24907,-0.46916,0.0015304338
2.31517,-0.46916,0.0020106784
2.38127,-0.46916,0.0024819796
2.44736,-0.46916,0.0027336911
2.51346,-0.46916,0.0028940849
2.57956,-0.46916,0.003075954
2.64565,-0.46916,0.0029608766
2.71175,-0.46916,0.0026299879
2.77785,-0.46916,0.0022686862
2.84394,-0.46916,0.00174528
2.91004,-0.46916,0.0011446386
2.97614,-0.46916,0.00056886091
3.04224,-0.46916,6.091216e-05
3.10833,-0.46916,-0.00041547162
3.17443,-0.46916,-0.00079797406
3.24053,-0.46916,-0.000992566
3.30662,-0.46916,-0.00096655072
3.37272,-0.46916,-0.00086856412
3.43882,-0.46916,-0.0005824017
3.50492,-0.46916,-0.00045239384
3.57101,-0.46916,-0.000348823
3.63711,-0.46916,-0.00021093807
3.70321,-0.46916,-0.00015602578
3.76930,-0.46916,-0.00012637212
3.83540,-0.46916,-8.4197542e-05
3.90150,-0.46916,-4.7182777e-05
-3.96406,-0.42502,0.00010082576
-3.89796,-0.42502,0.001289169
-3.83186,-0.42502,0.0027728484
-3.76577,-0.42502,0.0047835559
-3.69967,-0.42502,0.0087231612
-3.63357,-0.42502,0.014342209
-3.56747,-0.42502,0.021603087
-3.50138,-0.42502,0.032229465
-3.43528,-0.42502,0.049920306
-3.36918,-0.42502,0.072234243
-3.30309,-0.42502,0.11269569
-3.23699,-0.42502,0.19943821
-3.17089,-0.42502,0.32917973
-3.10479,-0.42502,0.49485457
-3.03870,-0.42502,0.73420036
-2.97260,-0.42502,1.0072681
-2.90650,-0.42502,1.2738131
-2.84041,-0.42502,1.5522456
-2.77431,-0.42502,1.6897864
-2.70821,-0.42502,1.6939849
-2.64211,-0.42502,1.6052222
-2.57602,-0.42502,1.4106641
-2.50992,-0.42502,1.1559443
-2.44382,-0.42502,0.87543339
-2.37773,-0.42502,0.62068743
-2.31163,-0.42502,0.43421489
-2.24553,-0.42502,0.28150284
-2.17943,-0.42502,0.16865912
-2.11334,-0.42502,0.10968112
-2.04724,-0.42502,0.069034986
-1.98114,-0.42502,0.037970722
-1.91505,-0.42502,0.017666494
-1.84895,-0.42502,0.0064689093
-1.78285,-0.42502,-0.0014012202
-1.71675,-0.42502,-0.0063093109
-1.65066,-0.42502,-0.0064098141
-1.58456,-0.42502,-0.0037861969
-1.51846,-0.42502,0.0014387202
-1.45237,-0.42502,0.0082954429
-1.38627,-0.42502,0.01759831
-1.32017,-0.42502,0.029007295
-1.25408,-0.42502,0.038489085
-1.18798,-0.42502,0.048017036
-1.12188,-0.42502,0.058148578
-1.05578,-0.42502,0.061515246
-0.98969,-0.42502,0.059063874
-0.92359,-0.42502,0.053370599
-0.85749,-0.42502,0.042321693
-0.79140,-0.42502,0.027345425
-0.72530,-0.42502,0.011034833
-0.65920,-0.42502,0.00162331
-0.59310,-0.42502,-0.0077015841
-0.52701,-0.42502,-0.014693794
-0.46091,-0.42502,-0.012746885
-0.39481,-0.42502,-0.0099662477
-0.32872,-0.42502,-0.0078686653
-0.26262,-0.42502,-0.0047990405
-0.19652,-0.42502,-0.0025571664
-0.13042,-0.42502,-0.0013088725
-0.06433,-0.42502,-0.00067729683
0.00177,-0.42502,-0.00025751998
0.06787,-0.42502,-4.118077e-05
0.13396,-0.42502,6.8651199e-05
0.20006,-0.42502,0.0001050662
0.26616,-0.42502,9.1795213e-05
0.33226,-0.42502,8.0417274e-05
0.39835,-0.42502,5.5943761e-05
0.46445,-0.42502,2.2392689e-05
0.53055,-0.42502,-2.762464e-07
0.59664,-0.42502,-2.5014542e-05
0.66274,-0.42502,-5.0359689e-05
0.72884,-0.42502,-6.5971624e-05
0.79493,-0.42502,-8.1027589e-05
0.86103,-0.42502,-9.3593415e-05
0.92713,-0.42502,-9.515891e-05
0.99323,-0.42502,-9.3776856e-05
1.05932,-0.42502,-9.0513044e-05
1.12542,-0.42502,-7.9814796e-05
1.19152,-0.42502,-6.7300549e-05
1.25761,-0.42502,-5.8061596e-05
1.32371,-0.42502,-4.6373396e-05
1.38981,-0.42502,-3.4889708e-05
1.45591,-0.42502,-2.9878795e-05
1.52200,-0.42502,-2.639581e-05
1.58810,-0.42502,-2.5119676e-05
1.65420,-0.42502,-2.7320486e-05
1.72029,-0.42502,-1.5980866e-05
1.78639,-0.42502,-1.9535803e-07
1.85249,-0.42502,2.8056769e-05
1.91859,-0.42502,0.00019985982
1.98468,-0.42502,0.00038652451
2.05078,-0.42502,0.00063927361
2.11688,-0.42502,0.0011665517
2.18297,-0.42502,0.0016070621
2.24907,-0.42502,0.0020862727
2.31517,-0.42502,0.0025697919
2.38127,-0.42502,0.0030349731
2.44736,-0.42502,0.0034324573
2.51346,-0.42502,0.0033302205
2.57956,-0.42502,0.003215441
2.64565,-0.42502,0.003047039
2.71175,-0.42502,0.0025516844
2.77785,-0.42502,0.002039568
2.84394,-0.42502,0.0016436685
2.91004,-0.42502,0.00091368466
2.97614,-0.42502,0.0002056213
3.04224,-0.42502,-0.00026879829
3.10833,-0.42502,-0.00066785229
3.17443,-0.42502,-0.00094551919
3.24053,-0.42502,-0.0011011733
3.30662,-0.42502,-0.00098930206
3.37272,-0.42502,-0.00085080258
3.43882,-0.42502,-0.00068408041
3.50492,-0.42502,-0.00049741194
3.57101,-0.42502,-0.00035428052
3.63711,-0.42502,-0.00024233757
3.70321,-0.42502,-0.00015666026
3.76930,-0.42502,-0.00011597412
3.83540,-0.42502,-8.2839739e-05
3.90150,-0.42502,-4.275814e-05
-3.96406,-0.38089,0.0010569065
-3.89796,-0.38089,0.0024330018
-3.83186,-0.38089,0.0045122555
-3.76577,-0.38089,0.0069644963
-3.69967,-0.38089,0.011029123
-3.63357,-0.38089,0.018078333
-3.56747,-0.38089,0.026930485
-3.50138,-0.38089,0.040819045
-3.43528,-0.38089,0.069693595
-3.36918,-0.38089,0.10787461
-3.30309,-0.38089,0.16067246
-3.23699,-0.38089,0.25639385
-3.17089,-0.38089,0.40488902
-3.10479,-0.38089,0.58884162
-3.03870,-0.38089,0.81834078
-2.97260,-0.38089,1.106874
-2.90650,-0.38089,1.3599038
-2.84041,-0.38089,1.5630369
-2.77431,-0.38089,1.6528034
-2.70821,-0.38089,1.6221997
-2.64211,-0.38089,1.4916397
-2.57602,-0.38089,1.2913129
-2.50992,-0.38089,1.0378762
-2.44382,-0.38089,0.76291209
-2.37773,-0.38089,0.51770216
-2.31163,-0.38089,0.36673075
-2.24553,-0.38089,0.24335301
-2.17943,-0.38089,0.14872737
-2.11334,-0.38089,0.092355482
-2.04724,-0.38089,0.056968026
-1.98114,-0.38089,0.029882917
-1.91505,-0.38089,0.011318946
-1.84895,-0.38089,0.0017499727
-1.78285,-0.38089,-0.0034043093
-1.71675,-0.38089,-0.0058207917
-1.65066,-0.38089,-0.0041210153
-1.58456,-0.38089,-0.00022300564
-1.51846,-0.38089,0.0056909937
-1.45237,-0.38089,0.013863701
-1.38627,-0.38089,0.023499923
-1.32017,-0.38089,0.035315067
-1.25408,-0.38089,0.048211351
-1.18798,-0.38089,0.058697086
-1.12188,-0.38089,0.068795726
-1.05578,-0.38089,0.075947948
-0.98969,-0.38089,0.072606571
-0.92359,-0.38089,0.064942509
-0.85749,-0.38089,0.053227529
-0.79140,-0.38089,0.036982566
-0.72530,-0.38089,0.019429255
-0.65920,-0.38089,0.0033348526
-0.59310,-0.38089,-0.0053136577
-0.52701,-0.38089,-0.01148387
-0.46091,-0.38089,-0.014087009
-0.39481,-0.38089,-0.010552529
-0.32872,-0.38089,-0.0077612596
-0.26262,-0.38089,-0.0052459608
-0.19652,-0.38089,-0.0026737002
-0.13042,-0.38089,-0.0010717472
-0.06433,-0.38089,-0.00043095383
0.00177,-0.38089,-4.1283616e-05
0.06787,-0.38089,0.00014050251
0.13396,-0.38089,0.00016387329
0.20006,-0.38089,0.00017529279
0.26616,-0.38089,0.00014403272
0.33226,-0.38089,9.3504816e-05
0.39835,-0.38089,6.2696883e-05
0.46445,-0.38089,2.465521e-05
0.53055,-0.38089,-1.4133821e-05
0.59664,-0.38089,-4.0812211e-05
0.66274,-0.38089,-6.7016757e-05
0.72884,-0.38089,-8.9420282e-05
0.79493,-0.38089,-0.00010264937
0.86103,-0.38089,-0.00011272919
0.92713,-0.38089,-0.00011700895
0.99323,-0.38089,-0.0001121533
1.05932,-0.38089,-0.00010525451
1.12542,-0.38089,-9.2795519e-05
1.19152,-0.38089,-7.4246745e-05
1.25761,-0.38089,-5.7954112e-05
1.32371,-0.38089,-4.3656131e-05
1.38981,-0.38089,-3.0334424e-05
1.45591,-0.38089,-2.1730066e-05
1.52200,-0.38089,-2.1411264e-05
1.58810,-0.38089,-1.8561075e-05
1.65420,-0.38089,-1.6689828e-05
1.72029,-0.38089,-1.6722579e-05
1.78639,-0.38089,3.1472809e-05
1.85249,-0.38089,0.00011675592
1.91859,-0.38089,0.00027177416
1.98468,-0.38089,0.00056896359
2.05078,-0.38089,0.0009407482
2.11688,-0.38089,0.0014582323
2.18297,-0.38089,0.0020152528
2.24907,-0.38089,0.0025888372
2.31517,-0.38089,0.0030047975
2.38127,-0.38089,0.0032886786
2.44736,-0.38089,0.0034692886
2.51346,-0.38089,0.0034526519
2.57956,-0.38089,0.0032539687
2.64565,-0.38089,0.0030166516
2.71175,-0.38089,0.0025866451
2.77785,-0.38089,0.001945202
2.84394,-0.38089,0.0014423251
2.91004,-0.38089,0.00087242993
2.97614,-0.38089,0.00014278153
3.04224,-0.38089,-0.00036619528
3.10833,-0.38089,-0.00067580194
3.17443,-0.38089,-0.00096292177
3.24053,-0.38089,-0.0011510476
3.30662,-0.38089,-0.0011401236
3.37272,-0.38089,-0.00094687776
3.43882,-0.38089,-0.00071479968
3.50492,-0.38089,-0.00053514639
3.57101,-0.38089,-0.00034483874
3.63711,-0.38089,-0.00021923515
3.70321,-0.38089,-0.00014881452
3.76930,-0.38089,-0.00010699718
3.83540,-0.38089,-7.30272e-05
3.90150,-0.38089,-3.9914488e-05
-3.96406,-0.33675,0.0018679069
-3.89796,-0.33675,0.0033013602
-3.83186,-0.33675,0.0056999903
-3.76577,-0.33675,0.0090457099
-3.69967,-0.33675,0.014162983
-3.63357,-0.33675,0.024011286
-3.56747,-0.33675,0.037163138
-3.50138,-0.33675,0.054281171
-3.43528,-0.33675,0.086359531
-3.36918,-0.33675,0.1331647
-3.30309,-0.33675,0.19556671
-3.23699,-0.33675,0.29397699
-3.17089,-0.33675,0.4746685
-3.10479,-0.33675,0.69618815
-3.03870,-0.33675,0.9446013
-2.97260,-0.33675,1.2198267
-2.90650,-0.33675,1.4511417
-2.84041,-0.33675,1.6154857
-2.77431,-0.33675,1.6708378
-2.70821,-0.33675,1.6057429
-2.64211,-0.33675,1.4347194
-2.57602,-0.33675,1.1789584
-2.50992,-0.33675,0.92401445
-2.44382,-0.33675,0.66836959
-2.37773,-0.33675,0.43758038
-2.31163,-0.33675,0.29727167
-2.24553,-0.33675,0.19525179
-2.17943,-0.33675,0.11589854
-2.11334,-0.33675,0.065606542
-2.04724,-0.33675,0.039013755
-1.98114,-0.33675,0.020872954
-1.91505,-0.33675,0.0066115526
-1.84895,-0.33675,0.0005764917
-1.78285,-0.33675,-0.0031682299
-1.71675,-0.33675,-0.0045216503
-1.65066,-0.33675,-0.0021334996
-1.58456,-0.33675,0.0028459933
-1.51846,-0.33675,0.0094073825
-1.45237,-0.33675,0.018859725
-1.38627,-0.33675,0.03135743
-1.32017,-0.33675,0.044676874
-1.25408,-0.33675,0.059755228
-1.18798,-0.33675,0.072311431
-1.12188,-0.33675,0.08166226
-1.05578,-0.33675,0.089368865
-0.98969,-0.33675,0.088905238
-0.92359,-0.33675,0.0798686
-0.85749,-0.33675,0.066314019
-0.79140,-0.33675,0.048350357
-0.72530,-0.33675,0.030248459
-0.65920,-0.33675,0.010997203
-0.59310,-0.33675,-0.0023049302
-0.52701,-0.33675,-0.0085341055
-0.46091,-0.33675,-0.012797722
-0.39481,-0.33675,-0.011932826
-0.32872,-0.33675,-0.0084049217
-0.26262,-0.33675,-0.0052116853
-0.19652,-0.33675,-0.0025706547
-0.13042,-0.33675,-0.0007365832
-0.06433,-0.33675,-5.4267501e-05
0.00177,-0.33675,0.00024100643
0.06787,-0.33675,0.00036845787
0.13396,-0.33675,0.00033210765
0.20006,-0.33675,0.000273004
0.26616,-0.33675,0.00021576833
0.33226,-0.33675,0.00012390937
0.39835,-0.33675,6.2736355e-05
0.46445,-0.33675,1.7713095e-05
0.53055,-0.33675,-2.8091274e-05
0.59664,-0.33675,-6.1252205e-05
0.66274,-0.33675,-8.6719971e-05
0.72884,-0.33675,-0.00011132501
0.79493,-0.33675,-0.00012725849
0.86103,-0.33675,-0.00013525803
0.92713,-0.33675,-0.00014034315
0.99323,-0.33675,-0.00013450283
1.05932,-0.33675,-0.00012137935
1.12542,-0.33675,-0.00010447347
1.19152,-0.33675,-8.2177779e-05
1.25761,-0.33675,-6.0357732e-05
1.32371,-0.33675,-4.2675001e-05
1.38981,-0.33675,-2.7018554e-05
1.45591,-0.33675,-1.3569161e-05
1.52200,-0.33675,-1.2073214e-05
1.58810,-0.33675,-9.8008013e-06
1.65420,-0.33675,-5.4975012e-06
1.72029,-0.33675,-1.0909461e-05
1.78639,-0.33675,3.9019502e-05
1.85249,-0.33675,0.00015899543
1.91859,-0.33675,0.00031509454
1.98468,-0.33675,0.00063090521
2.05078,-0.33675,0.0010973098
2.11688,-0.33675,0.0016196476
2.18297,-0.33675,0.0021423795
2.24907,-0.33675,0.0026614445
2.31517,-0.33675,0.0031340537
2.38127,-0.33675,0.0034473136
2.44736,-0.33675,0.0036019171
2.51346,-0.33675,0.0036154245
2.57956,-0.33675,0.0033987965
2.64565,-0.33675,0.0030223303
2.71175,-0.33675,0.0025511119
2.77785,-0.33675,0.0018884025
2.84394,-0.33675,0.0013082458
2.91004,-0.33675,0.00084224128
2.97614,-0.33675,0.00016942951
3.04224,-0.33675,-0.00045537253
3.10833,-0.33675,-0.00078042079
3.17443,-0.33675,-0.0010472406
3.24053,-0.33675,-0.0011365121
3.30662,-0.33675,-0.0011134382
3.37272,-0.33675,-0.00087171939
3.43882,-0.33675,-0.00060714147
3.50492,-0.33675,-0.00046365347
3.57101,-0.33675,-0.00032097902
3.63711,-0.33675,-0.0002009353
3.70321,-0.33675,-0.00013573583
3.76930,-0.33675,-0.00010130876
3.83540,-0.33675,-6.5914865e-05
3.90150,-0.33675,-3.7008471e-05
-3.96406,-0.29261,0.0026513145
-3.89796,-0.29261,0.004468719
-3.83186,-0.29261,0.0077123865
-3.76577,-0.29261,0.012097434
-3.69967,-0.29261,0.01784521
-3.63357,-0.29261,0.028925747
-3.56747,-0.29261,0.04416034
-3.50138,-0.29261,0.063974172
-3.43528,-0.29261,0.09705101
-3.36918,-0.29261,0.15808342
-3.30309,-0.29261,0.24524505
-3.23699,-0.29261,0.3700788
-3.17089,-0.29261,0.57497978
-3.10479,-0.29261,0.81653905
-3.03870,-0.29261,1.0792255
-2.97260,-0.29261,1.3517749
-2.90650,-0.29261,1.576571
-2.84041,-0.29261,1.7115186
-2.77431,-0.29261,1.6948683
-2.70821,-0.29261,1.5593435
-2.64211,-0.29261,1.341802
-2.57602,-0.29261,1.0494455
-2.50992,-0.29261,0.79706854
-2.44382,-0.29261,0.5606733
-2.37773,-0.29261,0.33745185
-2.31163,-0.29261,0.20342527
-2.24553,-0.29261,0.13224088
-2.17943,-0.29261,0.084440708
-2.11334,-0.29261,0.047507629
-2.04724,-0.29261,0.030067444
-1.98114,-0.29261,0.015599945
-1.91505,-0.29261,0.0034876312
-1.84895,-0.29261,-0.0019552927
-1.78285,-0.29261,-0.0042507458
-1.71675,-0.29261,-0.0044750948
-1.65066,-0.29261,-0.0004474115
-1.58456,-0.29261,0.0079799686
-1.51846,-0.29261,0.016958635
-1.45237,-0.29261,0.027657809
-1.38627,-0.29261,0.041728452
-1.32017,-0.29261,0.05552147
-1.25408,-0.29261,0.070555821
-1.18798,-0.29261,0.086264156
-1.12188,-0.29261,0.096124686
-1.05578,-0.29261,0.10362907
-0.98969,-0.29261,0.10705888
-0.92359,-0.29261,0.097479753
-0.85749,-0.29261,0.082021773
-0.79140,-0.29261,0.06092035
-0.72530,-0.29261,0.041602492
-0.65920,-0.29261,0.021882609
-0.59310,-0.29261,0.00065725716
-0.52701,-0.29261,-0.0069297459
-0.46091,-0.29261,-0.0089171585
-0.39481,-0.29261,-0.011254664
-0.32872,-0.29261,-0.0074325916
-0.26262,-0.29261,-0.004033416
-0.19652,-0.29261,-0.0019031588
-0.13042,-0.29261,-0.00022235888
-0.06433,-0.29261,0.00046414987
0.00177,-0.29261,0.00062594528
0.06787,-0.29261,0.00065997418
0.13396,-0.29261,0.00054097391
0.20006,-0.29261,0.00035684387
0.26616,-0.29261,0.00025721223
0.33226,-0.29261,0.00015273395
0.39835,-0.29261,5.6921665e-05
0.46445,-0.29261,7.9688825e-06
0.53055,-0.29261,-3.9037921e-05
0.59664,-0.29261,-8.2651335e-05
0.66274,-0.29261,-0.00010896021
0.72884,-0.29261,-0.00013504464
0.79493,-0.29261,-0.00015952592
0.86103,-0.29261,-0.00016608551
0.92713,-0.29261,-0.00016716108
0.99323,-0.29261,-0.00016251602
1.05932,-0.29261,-0.0001436849
1.12542,-0.29261,-0.00012101994
1.19152,-0.29261,-9.4824769e-05
1.25761,-0.29261,-6.3565421e-05
1.32371,-0.29261,-3.6988618e-05
1.38981,-0.29261,-1.3216053e-05
1.45591,-0.29261,3.3559456e-06
1.52200,-0.29261,5.6301305e-06
1.58810,-0.29261,8.3915313e-07
1.65420,-0.29261,4.5599545e-06
1.72029,-0.29261,5.6312879e-06
1.78639,-0.29261,7.4327509e-06
1.85249,-0.29261,0.00015096611
1.91859,-0.29261,0.00036004974
1.98468,-0.29261,0.00058171258
2.05078,-0.29261,0.00109364
2.11688,-0.29261,0.0016685112
2.18297,-0.29261,0.0022243853
2.24907,-0.29261,0.0027834403
2.31517,-0.29261,0.0032840823
2.38127,-0.29261,0.0037027677
2.44736,-0.29261,0.0036510646
2.51346,-0.29261,0.0034667642
2.57956,-0.29261,0.0031469094
2.64565,-0.29261,0.0027539178
2.71175,-0.29261,0.0023147569
2.77785,-0.29261,0.0018040228
2.84394,-0.29261,0.0011644952
2.91004,-0.29261,0.00067311333
2.97614,-0.29261,0.00021645761
3.04224,-0.29261,-0.00040706914
3.10833,-0.29261,-0.00066378037
3.17443,-0.29261,-0.00081513531
3.24053,-0.29261,-0.00089038757
3.30662,-0.29261,-0.0008829984
3.37272,-0.29261,-0.00080936577
3.43882,-0.29261,-0.00054828473
3.50492,-0.29261,-0.0003755533
3.57101,-0.29261,-0.0002953209
3.63711,-0.29261,-0.00018613147
3.70321,-0.29261,-0.00011750816
3.76930,-0.29261,-9.4073883e-05
3.83540,-0.29261,-5.9577356e-05
3.90150,-0.29261,-3.0962234e-05
-3.96406,-0.24848,0.0036340361
-3.89796,-0.24848,0.0056168325
-3.83186,-0.24848,0.0092855478
-3.76577,-0.24848,0.014215918
-3.69967,-0.24848,0.020610506
-3.63357,-0.24848,0.032485731
-3.56747,-0.24848,0.051443391
-3.50138,-0.24848,0.077245332
-3.43528,-0.24848,0.11873468
-3.36918,-0.24848,0.19007707
-3.30309,-0.24848,0.28939602
-3.23699,-0.24848,0.42725733
-3.17089,-0.24848,0.64666688
-3.10479,-0.24848,0.91785848
-3.03870,-0.24848,1.1939716
-2.97260,-0.24848,1.4476672
-2.90650,-0.24848,1.647999
-2.84041,-0.24848,1.7273939
-2.77431,-0.24848,1.6949296
-2.70821,-0.24848,1.5108211
-2.64211,-0.24848,1.2725006
-2.57602,-0.24848,0.96794224
-2.50992,-0.24848,0.66034681
-2.44382,-0.24848,0.45290193
-2.37773,-0.24848,0.27539921
-2.31163,-0.24848,0.15084685
-2.24553,-0.24848,0.10256471
-2.17943,-0.24848,0.063763708
-2.11334,-0.24848,0.032585468
-2.04724,-0.24848,0.018121719
-1.98114,-0.24848,0.0069651334
-1.91505,-0.24848,-0.0017083506
-1.84895,-0.24848,-0.0045088599
-1.78285,-0.24848,-0.0034489243
-1.71675,-0.24848,-0.00027066816
-1.65066,-0.24848,0.0050048102
-1.58456,-0.24848,0.014268193
-1.51846,-0.24848,0.025451291
-1.45237,-0.24848,0.036671326
-1.38627,-0.24848,0.05035416
-1.32017,-0.24848,0.066674419
-1.25408,-0.24848,0.08364255
-1.18798,-0.24848,0.10046552
-1.12188,-0.24848,0.11523602
-1.05578,-0.24848,0.12151695
-0.98969,-0.24848,0.12320296
-0.92359,-0.24848,0.11720311
-0.85749,-0.24848,0.10030311
-0.79140,-0.24848,0.077367425
-0.72530,-0.24848,0.053428642
-0.65920,-0.24848,0.034744602
-0.59310,-0.24848,0.014989059
-0.52701,-0.24848,-0.0010363419
-0.46091,-0.24848,-0.0028053166
-0.39481,-0.24848,-0.0049812705
-0.32872,-0.24848,-0.0059705619
-0.26262,-0.24848,-0.0027418642
-0.19652,-0.24848,-0.00060861564
-0.13042,-0.24848,0.00050348771
-0.06433,-0.24848,0.0010711615
0.00177,-0.24848,0.0010912505
0.06787,-0.24848,0.00090369006
0.13396,-0.24848,0.00072867633
0.20006,-0.24848,0.00050873682
0.26616,-0.24848,0.00030684256
0.33226,-0.24848,0.00018567426
0.39835,-0.24848,7.8626079e-05
0.46445,-0.24848,-4.2179936e-06
0.53055,-0.24848,-5.4642242e-05
0.59664,-0.24848,-0.00010149981
0.66274,-0.24848,-0.0001378836
0.72884,-0.24848,-0.00016422899
0.79493,-0.24848,-0.00018855205
0.86103,-0.24848,-0.00020146347
0.92713,-0.24848,-0.00019905579
0.99323,-0.24848,-0.00019046578
1.05932,-0.24848,-0.00017044999
1.12542,-0.24848,-0.00013686337
1.19152,-0.24848,-9.7818214e-05
1.25761,-0.24848,-5.5658573e-05
1.32371,-0.24848,-2.549999e-05
1.38981,-0.24848,1.1819639e-06
1.45591,-0.24848,2.1571917e-05
1.52200,-0.24848,2.5353336e-05
1.58810,-0.24848,1.9916512e-05
1.65420,-0.24848,1.4374198e-05
1.72029,-0.24848,1.6943e-05
1.78639,-0.24848,2.7573045e-05
1.85249,-0.24848,0.00010686344
1.91859,-0.24848,0.00034008743
1.98468,-0.24848,0.00062667375
2.05078,-0.24848,0.0010524112
2.11688,-0.24848,0.0016781406
2.18297,-0.24848,0.0022931965
2.24907,-0.24848,0.0027249504
2.31517,-0.24848,0.0030433757
2.38127,-0.24848,0.0032371052
2.44736,-0.24848,0.0032519125
2.51346,-0.24848,0.0030945353
2.57956,-0.24848,0.0027960022
2.64565,-0.24848,0.0024258385
2.71175,-0.24848,0.0020271905
2.77785,-0.24848,0.0015749679
2.84394,-0.24848,0.0010901858
2.91004,-0.24848,0.00067000941
2.97614,-0.24848,0.00030190195
3.04224,-0.24848,-0.00013682482
3.10833,-0.24848,-0.00044735268
3.17443,-0.24848,-0.0006362347
3.24053,-0.24848,-0.00073356298
3.30662,-0.24848,-0.00073093292
3.37272,-0.24848,-0.00065495039
3.43882,-0.24848,-0.00049729098
3.50492,-0.24848,-0.00030388212
3.57101,-0.24848,-0.00023091992
3.63711,-0.24848,-0.00016534027
3.70321,-0.24848,-0.00010371779
3.76930,-0.24848,-7.6944227e-05
3.83540,-0.24848,-5.356269e-05
3.90150,-0.24848,-2.5929725e-05
-3.96406,-0.20434,0.0043415129
-3.89796,-0.20434,0.0064299363
-3.83186,-0.20434,0.010525873
-3.76577,-0.20434,0.016580595
-3.69967,-0.20434,0.02465399
-3.63357,-0.20434,0.037894979
-3.56747,-0.20434,0.059415706
-3.50138,-0.20434,0.088215321
-3.43528,-0.20434,0.1298964
-3.36918,-0.20434,0.2079583
-3.30309,-0.20434,0.31599858
-3.23699,-0.20434,0.46941835
-3.17089,-0.20434,0.69811183
-3.10479,-0.20434,0.98035336
-3.03870,-0.20434,1.2734753
-2.97260,-0.20434,1.5227294
-2.90650,-0.20434,1.7057942
-2.84041,-0.20434,1.7906039
-2.77431,-0.20434,1.7422379
-2.70821,-0.20434,1.5197823
-2.64211,-0.20434,1.2195802
-2.57602,-0.20434,0.91057342
-2.50992,-0.20434,0.60951942
-2.44382,-0.20434,0.38729185
-2.37773,-0.20434,0.23106147
-2.31163,-0.20434,0.11089783
-2.24553,-0.20434,0.064218082
-2.17943,-0.20434,0.035592005
-2.11334,-0.20434,0.015126551
-2.04724,-0.20434,0.0074569993
-1.98114,-0.20434,0.0018044997
-1.91505,-0.20434,-0.0024409709
-1.84895,-0.20434,-0.0041109016
-1.78285,-0.20434,-0.0016738708
-1.71675,-0.20434,0.0031605135
-1.65066,-0.20434,0.0097470628
-1.58456,-0.20434,0.019705296
-1.51846,-0.20434,0.03305237
-1.45237,-0.20434,0.048207674
-1.38627,-0.20434,0.063752063
-1.32017,-0.20434,0.082031861
-1.25408,-0.20434,0.10063767
-1.18798,-0.20434,0.11733833
-1.12188,-0.20434,0.13214713
-1.05578,-0.20434,0.14137784
-0.98969,-0.20434,0.1417314
-0.92359,-0.20434,0.13576899
-0.85749,-0.20434,0.12108478
-0.79140,-0.20434,0.097680755
-0.72530,-0.20434,0.071013756
-0.65920,-0.20434,0.049497347
-0.59310,-0.20434,0.029968839
-0.52701,-0.20434,0.009546618
-0.46091,-0.20434,0.0024874569
-0.39481,-0.20434,0.00053495821
-0.32872,-0.20434,-0.0015173046
-0.26262,-0.20434,-0.00075375923
-0.19652,-0.20434,0.0011151115
-0.13042,-0.20434,0.0017186083
-0.06433,-0.20434,0.0017946664
0.00177,-0.20434,0.0016622469
0.06787,-0.20434,0.0013114831
0.13396,-0.20434,0.00096367154
0.20006,-0.20434,0.00069059752
0.26616,-0.20434,0.00039962321
0.33226,-0.20434,0.00020494488
0.39835,-0.20434,8.3376057e-05
0.46445,-0.20434,-1.0579109e-05
0.53055,-0.20434,-7.4702635e-05
0.59664,-0.20434,-0.00012381213
0.66274,-0.20434,-0.00016315246
0.72884,-0.20434,-0.00019433646
0.79493,-0.20434,-0.0002196338
0.86103,-0.20434,-0.00023991826
0.92713,-0.20434,-0.00024020027
0.99323,-0.20434,-0.00022450644
1.05932,-0.20434,-0.00019785968
1.12542,-0.20434,-0.00015716764
1.19152,-0.20434,-0.00010835542
1.25761,-0.20434,-5.5765682e-05
1.32371,-0.20434,-1.7018292e-05
1.38981,-0.20434,1.6617485e-05
1.45591,-0.20434,4.8041435e-05
1.52200,-0.20434,5.8233662e-05
1.58810,-0.20434,4.957202e-05
1.65420,-0.20434,3.3213317e-05
1.72029,-0.20434,2.5624844e-05
1.78639,-0.20434,3.8750302e-05
1.85249,-0.20434,8.0520578e-05
1.91859,-0.20434,0.00027508082
1.98468,-0.20434,0.00058805558
2.05078,-0.20434,0.00093550468
2.11688,-0.20434,0.0014220368
2.18297,-0.20434,0.0019422303
2.24907,-0.20434,0.0023630788
2.31517,-0.20434,0.002673561
2.38127,-0.20434,0.0028471313
2.44736,-0.20434,0.0028619128
2.51346,-0.20434,0.0027228422
2.57956,-0.20434,0.0024159825
2.64565,-0.20434,0.0020419937
2.71175,-0.20434,0.0017003602
2.77785,-0.20434,0.0013521354
2.84394,-0.20434,0.00099450827
2.91004,-0.20434,0.00067449227
2.97614,-0.20434,0.00032263846
3.04224,-0.20434,8.0020664e-06
3.10833,-0.20434,-0.00028141387
3.17443,-0.20434,-0.00044290768
3.24053,-0.20434,-0.00053672493
3.30662,-0.20434,-0.00052208453
3.37272,-0.20434,-0.00044901634
3.43882,-0.20434,-0.0003743225
3.50492,-0.20434,-0.00023797371
3.57101,-0.20434,-0.0001688996
3.63711,-0.20434,-0.00012789994
3.70321,-0.20434,-8.8536719e-05
3.76930,-0.20434,-6.2666972e-05
3.83540,-0.20434,-4.5443743e-05
3.90150,-0.20434,-2.3151924e-05
-3.96406,-0.16020,0.0051539922
-3.89796,-0.16020,0.0077989777
-3.83186,-0.16020,0.012148676
-3.76577,-0.16020,0.018834008
-3.69967,-0.16020,0.027850166
-3.63357,-0.16020,0.040735096
-3.56747,-0.16020,0.06358254
-3.50138,-0.16020,0.095060714
-3.43528,-0.16020,0.13799481
-3.36918,-0.16020,0.22196046
-3.30309,-0.16020,0.34441417
-3.23699,-0.16020,0.50630099
-3.17089,-0.16020,0.73608696
-3.10479,-0.16020,1.0240691
-3.03870,-0.16020,1.3485892
-2.97260,-0.16020,1.619276
-2.90650,-0.16020,1.7695328
-2.84041,-0.16020,1.8157045
-2.77431,-0.16020,1.7167146
-2.70821,-0.16020,1.4684485
-2.64211,-0.16020,1.149586
-2.57602,-0.16020,0.84507912
-2.50992,-0.16020,0.55619913
-2.44382,-0.16020,0.31268787
-2.37773,-0.16020,0.16434509
-2.31163,-0.16020,0.066422649
-2.24553,-0.16020,0.036357597
-2.17943,-0.16020,0.021312611
-2.11334,-0.16020,0.0089758486
-2.04724,-0.16020,0.0024960227
-1.98114,-0.16020,-0.0015453525
-1.91505,-0.16020,-0.0043435008
-1.84895,-0.16020,-0.0050681722
-1.78285,-0.16020,-0.0013953964
-1.71675,-0.16020,0.0060733957
-1.65066,-0.16020,0.016906649
-1.58456,-0.16020,0.029498862
-1.51846,-0.16020,0.044641357
-1.45237,-0.16020,0.062262062
-1.38627,-0.16020,0.078666158
-1.32017,-0.16020,0.096319854
-1.25408,-0.16020,0.11687538
-1.18798,-0.16020,0.13473095
-1.12188,-0.16020,0.1490396
-1.05578,-0.16020,0.1627086
-0.98969,-0.16020,0.16318448
-0.92359,-0.16020,0.15549378
-0.85749,-0.16020,0.142703
-0.79140,-0.16020,0.11926097
-0.72530,-0.16020,0.09085907
-0.65920,-0.16020,0.063992426
-0.59310,-0.16020,0.043927912
-0.52701,-0.16020,0.025144355
-0.46091,-0.16020,0.010785065
-0.39481,-0.16020,0.0083682295
-0.32872,-0.16020,0.0058577317
-0.26262,-0.16020,0.0028074295
-0.19652,-0.16020,0.0035679038
-0.13042,-0.16020,0.0035925042
-0.06433,-0.16020,0.0028026861
0.00177,-0.16020,0.0023729734
0.06787,-0.16020,0.0017925813
0.13396,-0.16020,0.0011563373
0.20006,-0.16020,0.00079117203
0.26616,-0.16020,0.00048646337
0.33226,-0.16020,0.0002126609
0.39835,-0.16020,7.7027864e-05
0.46445,-0.16020,-1.4863648e-05
0.53055,-0.16020,-9.5559291e-05
0.59664,-0.16020,-0.00014646671
0.66274,-0.16020,-0.00018917966
0.72884,-0.16020,-0.00023204098
0.79493,-0.16020,-0.00026304921
0.86103,-0.16020,-0.00028457461
0.92713,-0.16020,-0.00029191162
0.99323,-0.16020,-0.0002690418
1.05932,-0.16020,-0.00023373132
1.12542,-0.16020,-0.00018837157
1.19152,-0.16020,-0.00012128388
1.25761,-0.16020,-4.5805315e-05
1.32371,-0.16020,2.0448986e-05
1.38981,-0.16020,5.9723294e-05
1.45591,-0.16020,8.8710542e-05
1.52200,-0.16020,0.00010382933
1.58810,-0.16020,8.7846653e-05
1.65420,-0.16020,6.4814172e-05
1.72029,-0.16020,3.5856105e-05
1.78639,-0.16020,3.9864015e-05
1.85249,-0.16020,7.2454204e-05
1.91859,-0.16020,0.00013860634
1.98468,-0.16020,0.0004264556
2.05078,-0.16020,0.0007697689
2.11688,-0.16020,0.0011515948
2.18297,-0.16020,0.0016512981
2.24907,-0.16020,0.0020696651
2.31517,-0.16020,0.0023719522
2.38127,-0.16020,0.0024155003
2.44736,-0.16020,0.0023315114
2.51346,-0.16020,0.0020709112
2.57956,-0.16020,0.001836906
2.64565,-0.16020,0.0015491982
2.71175,-0.16020,0.001256756
2.77785,-0.16020,0.00099885545
2.84394,-0.16020,0.00071948126
2.91004,-0.16020,0.0006334256
2.97614,-0.16020,0.000361894
3.04224,-0.16020,0.000118159
3.10833,-0.16020,-2.4945443e-06
3.17443,-0.16020,-0.00017182705
3.24053,-0.16020,-0.00028427667
3.30662,-0.16020,-0.00034365579
3.37272,-0.16020,-0.00028278955
3.43882,-0.16020,-0.00022496628
3.50492,-0.16020,-0.00017750374
3.57101,-0.16020,-0.00012261607
3.63711,-0.16020,-9.4718242e-05
3.70321,-0.16020,-7.6406926e-05
3.76930,-0.16020,-5.0596063e-05
3.83540,-0.16020,-3.4231289e-05
3.90150,-0.16020,-1.9015666e-05
-3.96406,-0.11607,0.0058459486
-3.89796,-0.11607,0.0087815151
-3.83186,-0.11607,0.01324008
-3.76577,-0.11607,0.019934261
-3.69967,-0.11607,0.0298786
-3.63357,-0.11607,0.043687914
-3.56747,-0.11607,0.067198902
-3.50138,-0.11607,0.10306467
-3.43528,-0.11607,0.1501438
-3.36918,-0.11607,0.22676268
-3.30309,-0.11607,0.35584247
-3.23699,-0.11607,0.52734607
-3.17089,-0.11607,0.75578612
-3.10479,-0.11607,1.0379312
-3.03870,-0.11607,1.3266524
-2.97260,-0.11607,1.6057068
-2.90650,-0.11607,1.7062492
-2.84041,-0.11607,1.7298048
-2.77431,-0.11607,1.6670269
-2.70821,-0.11607,1.429119
-2.64211,-0.11607,1.107507
-2.57602,-0.11607,0.76578569
-2.50992,-0.11607,0.49644125
-2.44382,-0.11607,0.29553276
-2.37773,-0.11607,0.14082207
-2.31163,-0.11607,0.0636755
-2.24553,-0.11607,0.030562477
-2.17943,-0.11607,0.013093626
-2.11334,-0.11607,0.0025506883
-2.04724,-0.11607,-0.0039743977
-1.98114,-0.11607,-0.0058959723
-1.91505,-0.11607,-0.0058562984
-1.84895,-0.11607,-0.0039799213
-1.78285,-0.11607,0.0026624892
-1.71675,-0.11607,0.012191548
-1.65066,-0.11607,0.024593344
-1.58456,-0.11607,0.039643105
-1.51846,-0.11607,0.055459455
-1.45237,-0.11607,0.073718138
-1.38627,-0.11607,0.093533702
-1.32017,-0.11607,0.11242417
-1.25408,-0.11607,0.13390213
-1.18798,-0.11607,0.15607868
-1.12188,-0.11607,0.16965096
-1.05578,-0.11607,0.18079069
-0.98969,-0.11607,0.18699169
-0.92359,-0.11607,0.17798564
-0.85749,-0.11607,0.16293001
-0.79140,-0.11607,0.14144967
-0.72530,-0.11607,0.11191078
-0.65920,-0.11607,0.085383229
-0.59310,-0.11607,0.060536548
-0.52701,-0.11607,0.042458791
-0.46091,-0.11607,0.027196402
-0.39481,-0.11607,0.01684447
-0.32872,-0.11607,0.013540988
-0.26262,-0.11607,0.009639753
-0.19652,-0.11607,0.0066082855
-0.13042,-0.11607,0.0055861594
-0.06433,-0.11607,0.0041567152
0.00177,-0.11607,0.0028649827
0.06787,-0.11607,0.0021903778
0.13396,-0.11607,0.0014869104
0.20006,-0.11607,0.0008909647
0.26616,-0.11607,0.00056736608
0.33226,-0.11607,0.00027983214
0.39835,-0.11607,6.3342311e-05
0.46445,-0.11607,-2.302603e-05
0.53055,-0.11607,-9.9528421e-05
0.59664,-0.11607,-0.00016526172
0.66274,-0.11607,-0.00021530125
0.72884,-0.11607,-0.00026242714
0.79493,-0.11607,-0.00030587491
0.86103,-0.11607,-0.00033168844
0.92713,-0.11607,-0.0003370801
0.99323,-0.11607,-0.00032319344
1.05932,-0.11607,-0.00027051455
1.12542,-0.11607,-0.00019926019
1.19152,-0.11607,-0.00011540715
1.25761,-0.11607,-2.6422587e-05
1.32371,-0.11607,5.317626e-05
1.38981,-0.11607,0.00010668446
1.45591,-0.11607,0.00013396134
1.52200,-0.11607,0.00015076682
1.58810,-0.11607,0.00014051428
1.65420,-0.11607,0.00010804926
1.72029,-0.11607,6.5274973e-05
1.78639,-0.11607,3.300167e-05
1.85249,-0.11607,5.2878018e-05
1.91859,-0.11607,0.00010985752
1.98468,-0.11607,0.00027172474
2.05078,-0.11607,0.0006134439
2.11688,-0.11607,0.00096629467
2.18297,-0.11607,0.0012920309
2.24907,-0.11607,0.0015859081
2.31517,-0.11607,0.0017291533
2.38127,-0.11607,0.0017373094
2.44736,-0.11607,0.0016702535
2.51346,-0.11607,0.0014450032
2.57956,-0.11607,0.0011347585
2.64565,-0.11607,0.00091534801
2.71175,-0.11607,0.00079008751
2.77785,-0.11607,0.00065872044
2.84394,-0.11607,0.00054040685
2.91004,-0.11607,0.0005384633
2.97614,-0.11607,0.00048155992
3.04224,-0.11607,0.0002539742
3.10833,-0.11607,0.00010275994
3.17443,-0.11607,4.7624275e-05
3.24053,-0.11607,-7.452695e-05
3.30662,-0.11607,-0.00016092365
3.37272,-0.11607,-0.00016776953
3.43882,-0.11607,-0.0001332726
3.50492,-0.11607,-0.00010914911
3.57101,-0.11607,-8.9719819e-05
3.63711,-0.11607,-6.7845023e-05
3.70321,-0.11607,-5.4025713e-05
3.76930,-0.11607,-3.9822724e-05
3.83540,-0.11607,-2.456213e-05
3.90150,-0.11607,-1.1928613e-05
-3.96406,-0.07193,0.0063178441
-3.89796,-0.07193,0.0094426693
-3.83186,-0.07193,0.014205629
-3.76577,-0.07193,0.021627568
-3.69967,-0.07193,0.032014053
-3.63357,-0.07193,0.046597488
-3.56747,-0.07193,0.070410237
-3.50138,-0.07193,0.10551945
-3.43528,-0.07193,0.15558811
-3.36918,-0.07193,0.22924629
-3.30309,-0.07193,0.34811023
-3.23699,-0.07193,0.51548684
-3.17089,-0.07193,0.72340059
-3.10479,-0.07193,0.98564881
-3.03870,-0.07193,1.2557635
-2.97260,-0.07193,1.528172
-2.90650,-0.07193,1.6772901
-2.84041,-0.07193,1.6801848
-2.77431,-0.07193,1.6049583
-2.70821,-0.07193,1.3825674
-2.64211,-0.07193,1.0600548
-2.57602,-0.07193,0.73915368
-2.50992,-0.07193,0.46444345
-2.44382,-0.07193,0.28388947
-2.37773,-0.07193,0.14060527
-2.31163,-0.07193,0.052319922
-2.24553,-0.07193,0.019670259
-2.17943,-0.07193,0.0066689462
-2.11334,-0.07193,-0.0017999067
-2.04724,-0.07193,-0.0068604769
-1.98114,-0.07193,-0.006177438
-1.91505,-0.07193,-0.0049841464
-1.84895,-0.07193,-0.0018115945
-1.78285,-0.07193,0.0057172892
-1.71675,-0.07193,0.016713314
-1.65066,-0.07193,0.030620074
-1.58456,-0.07193,0.048193436
-1.51846,-0.07193,0.067637302
-1.45237,-0.07193,0.088273048
-1.38627,-0.07193,0.11136381
-1.32017,-0.07193,0.13160242
-1.25408,-0.07193,0.15245618
-1.18798,-0.07193,0.17511058
-1.12188,-0.07193,0.19170943
-1.05578,-0.07193,0.20101489
-0.98969,-0.07193,0.20649083
-0.92359,-0.07193,0.20020902
-0.85749,-0.07193,0.18249471
-0.79140,-0.07193,0.16067971
-0.72530,-0.07193,0.13362221
-0.65920,-0.07193,0.10665785
-0.59310,-0.07193,0.079978719
-0.52701,-0.07193,0.058346238
-0.46091,-0.07193,0.042463001
-0.39481,-0.07193,0.029298974
-0.32872,-0.07193,0.021033157
-0.26262,-0.07193,0.015764514
-0.19652,-0.07193,0.010712958
-0.13042,-0.07193,0.0075721503
-0.06433,-0.07193,0.0056379922
0.00177,-0.07193,0.0038012583
0.06787,-0.07193,0.0026566761
0.13396,-0.07193,0.0018521533
0.20006,-0.07193,0.0010703864
0.26616,-0.07193,0.00061326253
0.33226,-0.07193,0.00032033579
0.39835,-0.07193,8.4153362e-05
0.46445,-0.07193,-3.5603571e-05
0.53055,-0.07193,-0.00010936024
0.59664,-0.07193,-0.00017749704
0.66274,-0.07193,-0.00023689211
0.72884,-0.07193,-0.00028961565
0.79493,-0.07193,-0.00034895851
0.86103,-0.07193,-0.00039586384
0.92713,-0.07193,-0.00039955808
0.99323,-0.07193,-0.0003830221
1.05932,-0.07193,-0.00032256733
1.12542,-0.07193,-0.00023020167
1.19152,-0.07193,-0.00012649169
1.25761,-0.07193,-1.9757312e-05
1.32371,-0.07193,8.9189904e-05
1.38981,-0.07193,0.00017707139
1.45591,-0.07193,0.00022274628
1.52200,-0.07193,0.00023482916
1.58810,-0.07193,0.0002150622
1.65420,-0.07193,0.00016962293
1.72029,-0.07193,0.00011076379
1.78639,-0.07193,5.0312996e-05
1.85249,-0.07193,3.83894e-05
1.91859,-0.07193,7.3217867e-05
1.98468,-0.07193,0.00013448173
2.05078,-0.07193,0.00035912945
2.11688,-0.07193,0.00061814906
2.18297,-0.07193,0.00085050182
2.24907,-0.07193,0.0010769709
2.31517,-0.07193,0.0011785701
2.38127,-0.07193,0.0011091375
2.44736,-0.07193,0.0009962389
2.51346,-0.07193,0.0008539086
2.57956,-0.07193,0.00057903863
2.64565,-0.07193,0.00042815114
2.71175,-0.07193,0.00044129833
2.77785,-0.07193,0.00041113707
2.84394,-0.07193,0.00034991838
2.91004,-0.07193,0.00036879536
2.97614,-0.07193,0.00047638683
3.04224,-0.07193,0.00035920556
3.10833,-0.07193,0.00018299639
3.17443,-0.07193,0.000168971
3.24053,-0.07193,7.757626e-05
3.30662,-0.07193,-1.5394116e-05
3.37272,-0.07193,-6.2037798e-05
3.43882,-0.07193,-5.6209748e-05
3.50492,-0.07193,-4.5710945e-05
3.57101,-0.07193,-4.6490703e-05
3.63711,-0.07193,-4.1362786e-05
3.70321,-0.07193,-3.5155146e-05
3.76930,-0.07193,-2.9211287e-05
3.83540,-0.07193,-1.9007097e-05
3.90150,-0.07193,-7.9369838e-06
-3.96406,-0.02779,0.0069495067
-3.89796,-0.02779,0.010184625
-3.83186,-0.02779,0.014903501
-3.76577,-0.02779,0.022754638
-3.69967,-0.02779,0.032863908
-3.63357,-0.02779,0.047842011
-3.56747,-0.02779,0.071561158
-3.50138,-0.02779,0.1047059
-3.43528,-0.02779,0.15451673
-3.36918,-0.02779,0.22453015
-3.30309,-0.02779,0.32960501
-3.23699,-0.02779,0.4868423
-3.17089,-0.02779,0.68709809
-3.10479,-0.02779,0.94176656
-3.03870,-0.02779,1.2025611
-2.97260,-0.02779,1.4395939
-2.90650,-0.02779,1.5912702
-2.84041,-0.02779,1.5573345
-2.77431,-0.02779,1.4452313
-2.70821,-0.02779,1.274076
-2.64211,-0.02779,0.98235685
-2.57602,-0.02779,0.69157082
-2.50992,-0.02779,0.41537225
-2.44382,-0.02779,0.24206832
-2.37773,-0.02779,0.12947035
-2.31163,-0.02779,0.047907975
-2.24553,-0.02779,0.015620525
-2.17943,-0.02779,0.0062844371
-2.11334,-0.02779,-0.0023738143
-2.04724,-0.02779,-0.0076311887
-1.98114,-0.02779,-0.0068266876
-1.91505,-0.02779,-0.0050522168
-1.84895,-0.02779,-0.00099224516
-1.78285,-0.02779,0.0081065334
-1.71675,-0.02779,0.021948967
-1.65066,-0.02779,0.038836133
-1.58456,-0.02779,0.058672234
-1.51846,-0.02779,0.080668218
-1.45237,-0.02779,0.10264073
-1.38627,-0.02779,0.12660328
-1.32017,-0.02779,0.14946091
-1.25408,-0.02779,0.17048767
-1.18798,-0.02779,0.19199257
-1.12188,-0.02779,0.2119855
-1.05578,-0.02779,0.21900113
-0.98969,-0.02779,0.22158128
-0.92359,-0.02779,0.22053275
-0.85749,-0.02779,0.20323682
-0.79140,-0.02779,0.18061736
-0.72530,-0.02779,0.15416592
-0.65920,-0.02779,0.12678127
-0.59310,-0.02779,0.10002714
-0.52701,-0.02779,0.073631175
-0.46091,-0.02779,0.05660376
-0.39481,-0.02779,0.043013647
-0.32872,-0.02779,0.029533148
-0.26262,-0.02779,0.022591937
-0.19652,-0.02779,0.016358938
-0.13042,-0.02779,0.010353901
-0.06433,-0.02779,0.0073505524
0.00177,-0.02779,0.0048683425
0.06787,-0.02779,0.0030048045
0.13396,-0.02779,0.0020418367
0.20006,-0.02779,0.0012323041
0.26616,-0.02779,0.00062755885
0.33226,-0.02779,0.00032879089
0.39835,-0.02779,0.00010036868
0.46445,-0.02779,-5.5588418e-05
0.53055,-0.02779,-0.0001189335
0.59664,-0.02779,-0.00017684269
0.66274,-0.02779,-0.00024254731
0.72884,-0.02779,-0.00031286551
0.79493,-0.02779,-0.00038850179
0.86103,-0.02779,-0.00046558262
0.92713,-0.02779,-0.000472396
0.99323,-0.02779,-0.00044833354
1.05932,-0.02779,-0.00039829672
1.12542,-0.02779,-0.00026577435
1.19152,-0.02779,-0.00010738894
1.25761,-0.02779,6.1812207e-05
1.32371,-0.02779,0.00020037565
1.38981,-0.02779,0.00028288222
1.45591,-0.02779,0.00034358416
1.52200,-0.02779,0.00033918253
1.58810,-0.02779,0.00030513349
1.65420,-0.02779,0.00024996002
1.72029,-0.02779,0.00017365655
1.78639,-0.02779,9.0546877e-05
1.85249,-0.02779,1.755988e-05
1.91859,-0.02779,1.6188034e-05
1.98468,-0.02779,4.1538879e-05
2.05078,-0.02779,0.00013406503
2.11688,-0.02779,0.00034271379
2.18297,-0.02779,0.00051493692
2.24907,-0.02779,0.00064410345
2.31517,-0.02779,0.00070612895
2.38127,-0.02779,0.00062038418
2.44736,-0.02779,0.00039838403
2.51346,-0.02779,0.00033695519
2.57956,-0.02779,0.00015416635
2.64565,-0.02779,-0.00012230793
2.71175,-0.02779,-3.9023224e-05
2.77785,-0.02779,4.8076054e-05
2.84394,-0.02779,0.00011715121
2.91004,-0.02779,0.000192716
2.97614,-0.02779,0.00035503399
3.04224,-0.02779,0.00045326832
3.10833,-0.02779,0.00028152327
3.17443,-0.02779,0.00023075451
3.24053,-0.02779,0.00019527998
3.30662,-0.02779,0.00010176212
3.37272,-0.02779,4.4206685e-05
3.43882,-0.02779,7.5267926e-06
3.50492,-0.02779,-2.545851e-06
3.57101,-0.02779,-1.4028336e-05
3.63711,-0.02779,-2.649801e-05
3.70321,-0.02779,-2.1746913e-05
3.76930,-0.02779,-1.7058384e-05
3.83540,-0.02779,-1.2815248e-05
3.90150,-0.02779,-3.4641216e-06
-3.96406,0.01634,0.0072918013
-3.89796,0.01634,0.010723047
-3.83186,0.01634,0.015139216
-3.76577,0.01634,0.023100592
-3.69967,0.01634,0.033802215
-3.63357,0.01634,0.047675014
-3.56747,0.01634,0.070950471
-3.50138,0.01634,0.10466278
-3.43528,0.01634,0.14882047
-3.36918,0.01634,0.2155333
-3.30309,0.01634,0.31863382
-3.23699,0.01634,0.45445356
-3.17089,0.01634,0.63674277
-3.10479,0.01634,0.84644765
-3.03870,0.01634,1.0694996
-2.97260,0.01634,1.249174
-2.90650,0.01634,1.3839288
-2.84041,0.01634,1.4103613
-2.77431,0.01634,1.294782
-2.70821,0.01634,1.1315548
-2.64211,0.01634,0.87810642
-2.57602,0.01634,0.62617058
-2.50992,0.01634,0.40094641
-2.44382,0.01634,0.22452435
-2.37773,0.01634,0.13192751
-2.31163,0.01634,0.061213672
-2.24553,0.01634,0.014825361
-2.17943,0.01634,0.0059211534
-2.11334,0.01634,-0.0019110044
-2.04724,0.01634,-0.0077611315
-1.98114,0.01634,-0.0070393779
-1.91505,0.01634,-0.0037727477
-1.84895,0.01634,0.0015609547
-1.78285,0.01634,0.011818117
-1.71675,0.01634,0.027154075
-1.65066,0.01634,0.045892984
-1.58456,0.01634,0.067444928
-1.51846,0.01634,0.090500921
-1.45237,0.01634,0.11545698
-1.38627,0.01634,0.14057119
-1.32017,0.01634,0.16484047
-1.25408,0.01634,0.1880288
-1.18798,0.01634,0.20820925
-1.12188,0.01634,0.22765781
-1.05578,0.01634,0.23977467
-0.98969,0.01634,0.24021313
-0.92359,0.01634,0.23683526
-0.85749,0.01634,0.22424263
-0.79140,0.01634,0.19797997
-0.72530,0.01634,0.17004575
-0.65920,0.01634,0.14221013
-0.59310,0.01634,0.1170514
-0.52701,0.01634,0.09242931
-0.46091,0.01634,0.070508987
-0.39481,0.01634,0.056324463
-0.32872,0.01634,0.042420249
-0.26262,0.01634,0.029481031
-0.19652,0.01634,0.021188047
-0.13042,0.01634,0.013823089
-0.06433,0.01634,0.0082085291
0.00177,0.01634,0.0055419323
0.06787,0.01634,0.0036333126
0.13396,0.01634,0.0022038564
0.20006,0.01634,0.0013691798
0.26616,0.01634,0.0007416865
0.33226,0.01634,0.0003196511
0.39835,0.01634,0.000123023
0.46445,0.01634,-7.7974473e-06
0.53055,0.01634,-8.4876621e-05
0.59664,0.01634,-0.00015208246
0.66274,0.01634,-0.00023194191
0.72884,0.01634,-0.00031575098
0.79493,0.01634,-0.0004109912
0.86103,0.01634,-0.00050523953
0.92713,0.01634,-0.0005652273
0.99323,0.01634,-0.00052224688
1.05932,0.01634,-0.0004262554
1.12542,0.01634,-0.00026871037
1.19152,0.01634,-7.5080323e-05
1.25761,0.01634,0.00012430846
1.32371,0.01634,0.00030608338
1.38981,0.01634,0.00039482696
1.45591,0.01634,0.00045636651
1.52200,0.01634,0.00048640082
1.58810,0.01634,0.00043918789
1.65420,0.01634,0.00035885684
1.72029,0.01634,0.00025975806
1.78639,0.01634,0.00014843118
1.85249,0.01634,5.4201337e-05
1.91859,0.01634,-1.4680109e-05
1.98468,0.01634,-2.2052549e-05
2.05078,0.01634,2.1432237e-05
2.11688,0.01634,0.00011026237
2.18297,0.01634,0.0002125109
2.24907,0.01634,0.00026177644
2.31517,0.01634,0.00025678918
2.38127,0.01634,0.00016683099
2.44736,0.01634,-5.6819859e-05
2.51346,0.01634,-0.00026463004
2.57956,0.01634,-0.00037534887
2.64565,0.01634,-0.00048863946
2.71175,0.01634,-0.00044409526
2.77785,0.01634,-0.00018977828
2.84394,0.01634,-7.4187056e-07
2.91004,0.01634,0.0001128871
2.97614,0.01634,0.00027406946
3.04224,0.01634,0.00038643408
3.10833,0.01634,0.00038092639
3.17443,0.01634,0.00029928412
3.24053,0.01634,0.00023942642
3.30662,0.01634,0.00016740452
3.37272,0.01634,9.3497372e-05
3.43882,0.01634,4.8633843e-05
3.50492,0.01634,2.0954105e-05
3.57101,0.01634,7.3672973e-06
3.63711,0.01634,-5.5743599e-06
3.70321,0.01634,-1.0384271e-05
3.76930,0.01634,-7.1804347e-06
3.83540,0.01634,-5.3154131e-06
3.90150,0.01634,-1.6962045e-06
-3.96406,0.06048,0.007388189
-3.89796,0.06048,0.011050155
-3.83186,0.06048,0.015688399
-3.76577,0.06048,0.023052646
-3.69967,0.06048,0.034042206
-3.63357,0.06048,0.047927611
-3.56747,0.06048,0.068380982
-3.50138,0.06048,0.1021029
-3.43528,0.06048,0.14523865
-3.36918,0.06048,0.20188388
-3.30309,0.06048,0.2916021
-3.23699,0.06048,0.40463427
-3.17089,0.06048,0.54878336
-3.10479,0.06048,0.72788477
-3.03870,0.06048,0.92377335
-2.97260,0.06048,1.0966264
-2.90650,0.06048,1.2144955
-2.84041,0.06048,1.2294863
-2.77431,0.06048,1.1484708
-2.70821,0.06048,0.99260181
-2.64211,0.06048,0.7851792
-2.57602,0.06048,0.56870228
-2.50992,0.06048,0.37622568
-2.44382,0.06048,0.21650535
-2.37773,0.06048,0.11858544
-2.31163,0.06048,0.060892887
-2.24553,0.06048,0.021041408
-2.17943,0.06048,0.005823906
-2.11334,0.06048,-0.001071468
-2.04724,0.06048,-0.0061020646
-1.98114,0.06048,-0.0065300269
-1.91505,0.06048,-0.0024906124
-1.84895,0.06048,0.0036055592
-1.78285,0.06048,0.013682813
-1.71675,0.06048,0.030383136
-1.65066,0.06048,0.050877716
-1.58456,0.06048,0.074561402
-1.51846,0.06048,0.099346071
-1.45237,0.06048,0.12598929
-1.38627,0.06048,0.153264
-1.32017,0.06048,0.17920284
-1.25408,0.06048,0.20334369
-1.18798,0.06048,0.22555707
-1.12188,0.06048,0.24442567
-1.05578,0.06048,0.25445575
-0.98969,0.06048,0.25420031
-0.92359,0.06048,0.24472612
-0.85749,0.06048,0.23138894
-0.79140,0.06048,0.21016568
-0.72530,0.06048,0.18377557
-0.65920,0.06048,0.1569299
-0.59310,0.06048,0.13202259
-0.52701,0.06048,0.10897093
-0.46091,0.06048,0.085424058
-0.39481,0.06048,0.066481888
-0.32872,0.06048,0.050839804
-0.26262,0.06048,0.035845999
-0.19652,0.06048,0.024759626
-0.13042,0.06048,0.016870674
-0.06433,0.06048,0.01013698
0.00177,0.06048,0.0061188992
0.06787,0.06048,0.0041526477
0.13396,0.06048,0.00250422
0.20006,0.06048,0.0014441611
0.26616,0.06048,0.00081981847
0.33226,0.06048,0.00038016582
0.39835,0.06048,0.00013983586
0.46445,0.06048,1.9558629e-05
0.53055,0.06048,-4.7925336e-05
0.59664,0.06048,-0.00011754971
0.66274,0.06048,-0.00020054035
0.72884,0.06048,-0.00029935723
0.79493,0.06048,-0.00043270731
0.86103,0.06048,-0.00057209114
0.92713,0.06048,-0.0006770094
0.99323,0.06048,-0.00063717074
1.05932,0.06048,-0.00050215441
1.12542,0.06048,-0.00030921565
1.19152,0.06048,-8.3146901e-05
1.25761,0.06048,0.00018970571
1.32371,0.06048,0.00047605307
1.38981,0.06048,0.00063357118
1.45591,0.06048,0.00068405329
1.52200,0.06048,0.00069016154
1.58810,0.06048,0.00062277983
1.65420,0.06048,0.00050472928
1.72029,0.06048,0.00037295202
1.78639,0.06048,0.00023376492
1.85249,0.06048,0.0001107091
1.91859,0.06048,-4.0005298e-06
1.98468,0.06048,-7.1099807e-05
2.05078,0.06048,-8.5411513e-05
2.11688,0.06048,-7.1991308e-05
2.18297,0.06048,-4.14598e-05
2.24907,0.06048,-5.0395851e-05
2.31517,0.06048,-0.00013285482
2.38127,0.06048,-0.00027109589
2.44736,0.06048,-0.0004091755
2.51346,0.06048,-0.00058754178
2.57956,0.06048,-0.00061635865
2.64565,0.06048,-0.00059925835
2.71175,0.06048,-0.00059284759
2.77785,0.06048,-0.00038134347
2.84394,0.06048,-0.00014715797
2.91004,0.06048,5.5432596e-05
2.97614,0.06048,0.00022711746
3.04224,0.06048,0.00031959679
3.10833,0.06048,0.00037146636
3.17443,0.06048,0.00031131812
3.24053,0.06048,0.00024653578
3.30662,0.06048,0.00018753413
3.37272,0.06048,0.00012251167
3.43882,0.06048,7.8606281e-05
3.50492,0.06048,4.4088141e-05
3.57101,0.06048,2.3308681e-05
3.63711,0.06048,8.8375737e-06
3.70321,0.06048,-1.3869642e-06
3.76930,0.06048,-3.2532539e-06
3.83540,0.06048,-2.3585894e-06
3.90150,0.06048,-7.5098939e-07
-3.96406,0.10462,0.0074615427
-3.89796,0.10462,0.01113295
-3.83186,0.10462,0.015946429
-3.76577,0.10462,0.022581067
-3.69967,0.10462,0.033350229
-3.63357,0.10462,0.047428515
-3.56747,0.10462,0.064616576
-3.50138,0.10462,0.095369585
-3.43528,0.10462,0.13548133
-3.36918,0.10462,0.18406144
-3.30309,0.10462,0.26012483
-3.23699,0.10462,0.36177722
-3.17089,0.10462,0.48243338
-3.10479,0.10462,0.63353127
-3.03870,0.10462,0.79192907
-2.97260,0.10462,0.93803698
-2.90650,0.10462,1.0218997
-2.84041,0.10462,1.0165644
-2.77431,0.10462,0.97200167
-2.70821,0.10462,0.84250885
-2.64211,0.10462,0.66714525
-2.57602,0.10462,0.47648674
-2.50992,0.10462,0.31362173
-2.44382,0.10462,0.19209604
-2.37773,0.10462,0.1070791
-2.31163,0.10462,0.059575986
-2.24553,0.10462,0.026164288
-2.17943,0.10462,0.0065234043
-2.11334,0.10462,-0.00058686006
-2.04724,0.10462,-0.0047011226
-1.98114,0.10462,-0.0061775167
-1.91505,0.10462,-0.0020555952
-1.84895,0.10462,0.005076109
-1.78285,0.10462,0.015226057
-1.71675,0.10462,0.03287603
-1.65066,0.10462,0.054591291
-1.58456,0.10462,0.079719864
-1.51846,0.10462,0.1063075
-1.45237,0.10462,0.13391677
-1.38627,0.10462,0.1638023
-1.32017,0.10462,0.19209476
-1.25408,0.10462,0.2137959
-1.18798,0.10462,0.23673923
-1.12188,0.10462,0.25077236
-1.05578,0.10462,0.25831255
-0.98969,0.10462,0.2634151
-0.92359,0.10462,0.25389963
-0.85749,0.10462,0.23957771
-0.79140,0.10462,0.22179917
-0.72530,0.10462,0.19631599
-0.65920,0.10462,0.16859384
-0.59310,0.10462,0.14117813
-0.52701,0.10462,0.11795549
-0.46091,0.10462,0.09635096
-0.39481,0.10462,0.075018331
-0.32872,0.10462,0.058494553
-0.26262,0.10462,0.043246198
-0.19652,0.10462,0.028922867
-0.13042,0.10462,0.019698426
-0.06433,0.10462,0.012240901
0.00177,0.10462,0.0065886192
0.06787,0.10462,0.004348536
0.13396,0.10462,0.0027449906
0.20006,0.10462,0.0014544381
0.26616,0.10462,0.00081335317
0.33226,0.10462,0.00041297259
0.39835,0.10462,0.00012480665
0.46445,0.10462,5.2412375e-05
0.53055,0.10462,4.804926e-05
0.59664,0.10462,3.1054289e-05
0.66274,0.10462,-7.5340715e-05
0.72884,0.10462,-0.00023135314
0.79493,0.10462,-0.00042048283
0.86103,0.10462,-0.00060743972
0.92713,0.10462,-0.00075909484
0.99323,0.10462,-0.00079465046
1.05932,0.10462,-0.00059383275
1.12542,0.10462,-0.00027210629
1.19152,0.10462,0.00010235956
1.25761,0.10462,0.00043275286
1.32371,0.10462,0.00072837074
1.38981,0.10462,0.00095209049
1.45591,0.10462,0.00095963309
1.52200,0.10462,0.00092223764
1.58810,0.10462,0.00084826036
1.65420,0.10462,0.00069313747
1.72029,0.10462,0.00052085798
1.78639,0.10462,0.00034074241
1.85249,0.10462,0.00018545901
1.91859,0.10462,4.5267494e-05
1.98468,0.10462,-9.0431487e-05
2.05078,0.10462,-0.00015272456
2.11688,0.10462,-0.00018183792
2.18297,0.10462,-0.00023100298
2.24907,0.10462,-0.00025132118
2.31517,0.10462,-0.00031317971
2.38127,0.10462,-0.00045945364
2.44736,0.10462,-0.00054958096
2.51346,0.10462,-0.00068279711
2.57956,0.10462,-0.00086147361
2.64565,0.10462,-0.0007858391
2.71175,0.10462,-0.00072421296
2.77785,0.10462,-0.00055812451
2.84394,0.10462,-0.00027573243
2.91004,0.10462,-4.7007223e-05
2.97614,0.10462,0.00018362195
3.04224,0.10462,0.00025930442
3.10833,0.10462,0.0003001538
3.17443,0.10462,0.00031932956
3.24053,0.10462,0.00025289357
3.30662,0.10462,0.00019264795
3.37272,0.10462,0.00013868127
3.43882,0.10462,9.3844297e-05
3.50492,0.10462,5.8937108e-05
3.57101,0.10462,3.1775762e-05
3.63711,0.10462,1.7278689e-05
3.70321,0.10462,6.9997554e-06
3.76930,0.10462,4.9258824e-07
3.83540,0.10462,1.4055415e-07
3.90150,0.10462,8.5301326e-07
-3.96406,0.14875,0.0075158444
-3.89796,0.14875,0.010862264
-3.83186,0.14875,0.015770813
-3.76577,0.14875,0.022165317
-3.69967,0.14875,0.031596437
-3.63357,0.14875,0.045331266
-3.56747,0.14875,0.062192656
-3.50138,0.14875,0.087255634
-3.43528,0.14875,0.12539069
-3.36918,0.14875,0.17205836
-3.30309,0.14875,0.233069
-3.23699,0.14875,0.31917632
-3.17089,0.14875,0.41603351
-3.10479,0.14875,0.52269191
-3.03870,0.14875,0.63939255
-2.97260,0.14875,0.74861395
-2.90650,0.14875,0.83750206
-2.84041,0.14875,0.82579553
-2.77431,0.14875,0.76861799
-2.70821,0.14875,0.67756587
-2.64211,0.14875,0.54975116
-2.57602,0.14875,0.4068543
-2.50992,0.14875,0.2803711
-2.44382,0.14875,0.18214111
-2.37773,0.14875,0.10817741
-2.31163,0.14875,0.054893736
-2.24553,0.14875,0.026619276
-2.17943,0.14875,0.0087010441
-2.11334,0.14875,-0.00074872636
-2.04724,0.14875,-0.0038857539
-1.98114,0.14875,-0.0051554185
-1.91505,0.14875,-0.0018889393
-1.84895,0.14875,0.0060983561
-1.78285,0.14875,0.017258532
-1.71675,0.14875,0.033614278
-1.65066,0.14875,0.056389511
-1.58456,0.14875,0.082554162
-1.51846,0.14875,0.11074334
-1.45237,0.14875,0.13805331
-1.38627,0.14875,0.16721398
-1.32017,0.14875,0.19710554
-1.25408,0.14875,0.2186915
-1.18798,0.14875,0.24060304
-1.12188,0.14875,0.26039389
-1.05578,0.14875,0.26644033
-0.98969,0.14875,0.26895615
-0.92359,0.14875,0.26395121
-0.85749,0.14875,0.24369167
-0.79140,0.14875,0.220677
-0.72530,0.14875,0.1975994
-0.65920,0.14875,0.17300917
-0.59310,0.14875,0.14806131
-0.52701,0.14875,0.12461717
-0.46091,0.14875,0.1049934
-0.39481,0.14875,0.085626237
-0.32872,0.14875,0.064787753
-0.26262,0.14875,0.048039548
-0.19652,0.14875,0.032911088
-0.13042,0.14875,0.020435549
-0.06433,0.14875,0.013215892
0.00177,0.14875,0.007734539
0.06787,0.14875,0.0043704109
0.13396,0.14875,0.0028342165
0.20006,0.14875,0.0015913037
0.26616,0.14875,0.00076521974
0.33226,0.14875,0.00047167015
0.39835,0.14875,0.00029028076
0.46445,0.14875,0.00021988509
0.53055,0.14875,0.00021737941
0.59664,0.14875,0.00019589404
0.66274,0.14875,0.00011353828
0.72884,0.14875,-9.7294382e-05
0.79493,0.14875,-0.00034549524
0.86103,0.14875,-0.00063790585
0.92713,0.14875,-0.00085775653
0.99323,0.14875,-0.00086696795
1.05932,0.14875,-0.00068416662
1.12542,0.14875,-0.00025001122
1.19152,0.14875,0.00023138116
1.25761,0.14875,0.00066029566
1.32371,0.14875,0.00097397226
1.38981,0.14875,0.0012456597
1.45591,0.14875,0.0013466883
1.52200,0.14875,0.0012651937
1.58810,0.14875,0.0011268823
1.65420,0.14875,0.00093847193
1.72029,0.14875,0.00071381102
1.78639,0.14875,0.00048742749
1.85249,0.14875,0.00028331435
1.91859,0.14875,0.00011728115
1.98468,0.14875,-4.2454412e-05
2.05078,0.14875,-0.00017401749
2.11688,0.14875,-0.00022196565
2.18297,0.14875,-0.00028506329
2.24907,0.14875,-0.00035372583
2.31517,0.14875,-0.00042191977
2.38127,0.14875,-0.00056351715
2.44736,0.14875,-0.0007313806
2.51346,0.14875,-0.00083472766
2.57956,0.14875,-0.00090074277
2.64565,0.14875,-0.0008907895
2.71175,0.14875,-0.0007219332
2.77785,0.14875,-0.00051266636
2.84394,0.14875,-0.00030569214
2.91004,0.14875,-9.088558e-05
2.97614,0.14875,0.0001122402
3.04224,0.14875,0.00025397775
3.10833,0.14875,0.00027722219
3.17443,0.14875,0.00026846273
3.24053,0.14875,0.00024888382
3.30662,0.14875,0.00018860304
3.37272,0.14875,0.00013826019
3.43882,0.14875,9.8653778e-05
3.50492,0.14875,6.5854838e-05
3.57101,0.14875,4.0046023e-05
3.63711,0.14875,2.2358257e-05
3.70321,0.14875,1.2119799e-05
3.76930,0.14875,4.0691657e-06
3.83540,0.14875,-3.9047683e-07
3.90150,0.14875,-1.5133152e-06
-3.96406,0.19289,0.0073991045
-3.89796,0.19289,0.010709309
-3.83186,0.19289,0.015204482
-3.76577,0.19289,0.021308789
-3.69967,0.19289,0.030416723
-3.63357,0.19289,0.042693697
-3.56747,0.19289,0.059300657
-3.50138,0.19289,0.082027107
-3.43528,0.19289,0.11315651
-3.36918,0.19289,0.15401097
-3.30309,0.19289,0.20257127
-3.23699,0.19289,0.26831743
-3.17089,0.19289,0.34781411
-3.10479,0.19289,0.43335319
-3.03870,0.19289,0.52037841
-2.97260,0.19289,0.59670055
-2.90650,0.19289,0.65883052
-2.84041,0.19289,0.67031401
-2.77431,0.19289,0.62064654
-2.70821,0.19289,0.55752796
-2.64211,0.19289,0.46896815
-2.57602,0.19289,0.34657073
-2.50992,0.19289,0.23897961
-2.44382,0.19289,0.15305622
-2.37773,0.19289,0.092613749
-2.31163,0.19289,0.050473206
-2.24553,0.19289,0.024399169
-2.17943,0.19289,0.009266221
-2.11334,0.19289,0.00069643871
-2.04724,0.19289,-0.003601602
-1.98114,0.19289,-0.0043782406
-1.91505,0.19289,-0.0014062589
-1.84895,0.19289,0.0057259239
-1.78285,0.19289,0.017681202
-1.71675,0.19289,0.033690583
-1.65066,0.19289,0.05515131
-1.58456,0.19289,0.081140339
-1.51846,0.19289,0.10986909
-1.45237,0.19289,0.13775046
-1.38627,0.19289,0.16739452
-1.32017,0.19289,0.19885208
-1.25408,0.19289,0.22429763
-1.18798,0.19289,0.2454225
-1.12188,0.19289,0.26279584
-1.05578,0.19289,0.26840505
-0.98969,0.19289,0.2622492
-0.92359,0.19289,0.25526765
-0.85749,0.19289,0.24088491
-0.79140,0.19289,0.21790029
-0.72530,0.19289,0.19588213
-0.65920,0.19289,0.17487456
-0.59310,0.19289,0.15288331
-0.52701,0.19289,0.12872082
-0.46091,0.19289,0.10814431
-0.39481,0.19289,0.089401551
-0.32872,0.19289,0.067786984
-0.26262,0.19289,0.04990004
-0.19652,0.19289,0.035204999
-0.13042,0.19289,0.022049697
-0.06433,0.19289,0.013397534
0.00177,0.19289,0.0081862276
0.06787,0.19289,0.0046755667
0.13396,0.19289,0.0028368437
0.20006,0.19289,0.0017140025
0.26616,0.19289,0.00086741598
0.33226,0.19289,0.00051168445
0.39835,0.19289,0.00038915355
0.46445,0.19289,0.00036013772
0.53055,0.19289,0.00037754417
0.59664,0.19289,0.00040278691
0.66274,0.19289,0.00041348435
0.72884,0.19289,0.00020408393
0.79493,0.19289,-0.00018906847
0.86103,0.19289,-0.00064232352
0.92713,0.19289,-0.00098194578
0.99323,0.19289,-0.0010037776
1.05932,0.19289,-0.00083022704
1.12542,0.19289,-0.00036712733
1.19152,0.19289,0.00037407671
1.25761,0.19289,0.0011010102
1.32371,0.19289,0.0015828848
1.38981,0.19289,0.0018413113
1.45591,0.19289,0.0018747292
1.52200,0.19289,0.0017328048
1.58810,0.19289,0.0014942288
1.65420,0.19289,0.0012337224
1.72029,0.19289,0.0009561698
1.78639,0.19289,0.00067163061
1.85249,0.19289,0.0004085073
1.91859,0.19289,0.00020967488
1.98468,0.19289,3.1274896e-05
2.05078,0.19289,-0.00013662361
2.11688,0.19289,-0.00023173793
2.18297,0.19289,-0.00031594315
2.24907,0.19289,-0.00042431217
2.31517,0.19289,-0.00052304205
2.38127,0.19289,-0.00060670421
2.44736,0.19289,-0.00073392468
2.51346,0.19289,-0.00078147126
2.57956,0.19289,-0.00076785916
2.64565,0.19289,-0.00078358094
2.71175,0.19289,-0.00067143305
2.77785,0.19289,-0.00046081096
2.84394,0.19289,-0.00025360848
2.91004,0.19289,-7.1481627e-05
2.97614,0.19289,7.0483205e-05
3.04224,0.19289,0.00020809968
3.10833,0.19289,0.00023661222
3.17443,0.19289,0.0002235813
3.24053,0.19289,0.000216817
3.30662,0.19289,0.00017654052
3.37272,0.19289,0.00013125602
3.43882,0.19289,9.5401701e-05
3.50492,0.19289,6.6417335e-05
3.57101,0.19289,4.281884e-05
3.63711,0.19289,2.4050241e-05
3.70321,0.19289,1.1813563e-05
3.76930,0.19289,3.299996e-06
3.83540,0.19289,-2.3590562e-06
3.90150,0.19289,-4.4447652e-06
-3.96406,0.23703,0.0071357624
-3.89796,0.23703,0.010442211
-3.83186,0.23703,0.014556234
-3.76577,0.23703,0.020414816
-3.69967,0.23703,0.029025717
-3.63357,0.23703,0.039610706
-3.56747,0.23703,0.0543814
-3.50138,0.23703,0.073999166
-3.43528,0.23703,0.099682592
-3.36918,0.23703,0.13495424
-3.30309,0.23703,0.17712381
-3.23699,0.23703,0.23058976
-3.17089,0.23703,0.29455251
-3.10479,0.23703,0.36084196
-3.03870,0.23703,0.42512062
-2.97260,0.23703,0.47735804
-2.90650,0.23703,0.51744419
-2.84041,0.23703,0.53872675
-2.77431,0.23703,0.49442619
-2.70821,0.23703,0.43185788
-2.64211,0.23703,0.36036506
-2.57602,0.23703,0.26347423
-2.50992,0.23703,0.18861456
-2.44382,0.23703,0.12726621
-2.37773,0.23703,0.083102338
-2.31163,0.23703,0.049663495
-2.24553,0.23703,0.023149293
-2.17943,0.23703,0.0083170356
-2.11334,0.23703,0.0011967316
-2.04724,0.23703,-0.0035758212
-1.98114,0.23703,-0.0040878314
-1.91505,0.23703,-0.0011764836
-1.84895,0.23703,0.0044992473
-1.78285,0.23703,0.016110463
-1.71675,0.23703,0.031958826
-1.65066,0.23703,0.051528301
-1.58456,0.23703,0.077309251
-1.51846,0.23703,0.10665269
-1.45237,0.23703,0.13562173
-1.38627,0.23703,0.16550885
-1.32017,0.23703,0.19464287
-1.25408,0.23703,0.22241125
-1.18798,0.23703,0.2384946
-1.12188,0.23703,0.2523858
-1.05578,0.23703,0.26534271
-0.98969,0.23703,0.25815323
-0.92359,0.23703,0.24830683
-0.85749,0.23703,0.23857406
-0.79140,0.23703,0.21596912
-0.72530,0.23703,0.19125246
-0.65920,0.23703,0.17015891
-0.59310,0.23703,0.15015061
-0.52701,0.23703,0.12755156
-0.46091,0.23703,0.10747076
-0.39481,0.23703,0.090640798
-0.32872,0.23703,0.070235975
-0.26262,0.23703,0.051031377
-0.19652,0.23703,0.036267437
-0.13042,0.23703,0.023570063
-0.06433,0.23703,0.013337963
0.00177,0.23703,0.0082897712
0.06787,0.23703,0.0049052038
0.13396,0.23703,0.0027515662
0.20006,0.23703,0.0016689826
0.26616,0.23703,0.00090816384
0.33226,0.23703,0.00046394908
0.39835,0.23703,0.00048242733
0.46445,0.23703,0.00065223174
0.53055,0.23703,0.00089444133
0.59664,0.23703,0.00095437659
0.66274,0.23703,0.00089793326
0.72884,0.23703,0.00071460381
0.79493,0.23703,0.00015053965
0.86103,0.23703,-0.00046966886
0.92713,0.23703,-0.0010957898
0.99323,0.23703,-0.0010668476
1.05932,0.23703,-0.00063358608
1.12542,0.23703,7.2615832e-05
1.19152,0.23703,0.0010259904
1.25761,0.23703,0.0017709804
1.32371,0.23703,0.0024046123
1.38981,0.23703,0.0025559468
1.45591,0.23703,0.0024834727
1.52200,0.23703,0.002308087
1.58810,0.23703,0.0019511974
1.65420,0.23703,0.0015777204
1.72029,0.23703,0.0012177774
1.78639,0.23703,0.00088080997
1.85249,0.23703,0.00056780112
1.91859,0.23703,0.00031715792
1.98468,0.23703,0.00011871159
2.05078,0.23703,-6.8123009e-05
2.11688,0.23703,-0.00022022164
2.18297,0.23703,-0.00030286083
2.24907,0.23703,-0.00039271128
2.31517,0.23703,-0.00048592803
2.38127,0.23703,-0.00053515675
2.44736,0.23703,-0.00061873975
2.51346,0.23703,-0.0007256837
2.57956,0.23703,-0.00067903311
2.64565,0.23703,-0.00064135838
2.71175,0.23703,-0.00060590019
2.77785,0.23703,-0.00041700315
2.84394,0.23703,-0.00023035695
2.91004,0.23703,-7.994278e-05
2.97614,0.23703,3.2518798e-05
3.04224,0.23703,0.00014438547
3.10833,0.23703,0.00021451135
3.17443,0.23703,0.00019756853
3.24053,0.23703,0.00018023844
3.30662,0.23703,0.00015957674
3.37272,0.23703,0.0001223069
3.43882,0.23703,9.0736277e-05
3.50492,0.23703,6.5123124e-05
3.57101,0.23703,4.2288117e-05
3.63711,0.23703,2.4098304e-05
3.70321,0.23703,1.0491652e-05
3.76930,0.23703,1.5120331e-06
3.83540,0.23703,-4.6103355e-06
3.90150,0.23703,-7.5701723e-06
-3.96406,0.28117,0.0067391344
-3.89796,0.28117,0.0099645602
-3.83186,0.28117,0.013969992
-3.76577,0.28117,0.018909406
-3.69967,0.28117,0.026728496
-3.63357,0.28117,0.036836371
-3.56747,0.28117,0.049107704
-3.50138,0.28117,0.066716909
-3.43528,0.28117,0.090378717
-3.36918,0.28117,0.11878419
-3.30309,0.28117,0.15434285
-3.23699,0.28117,0.19640736
-3.17089,0.28117,0.24274124
-3.10479,0.28117,0.29261941
-3.03870,0.28117,0.34027055
-2.97260,0.28117,0.38037416
-2.90650,0.28117,0.39974493
-2.84041,0.28117,0.4046582
-2.77431,0.28117,0.37239096
-2.70821,0.28117,0.3288343
-2.64211,0.28117,0.2820425
-2.57602,0.28117,0.22555923
-2.50992,0.28117,0.16556455
-2.44382,0.28117,0.11343089
-2.37773,0.28117,0.070605308
-2.31163,0.28117,0.042572353
-2.24553,0.28117,0.02092276
-2.17943,0.28117,0.0059164064
-2.11334,0.28117,0.00048966991
-2.04724,0.28117,-0.0029713854
-1.98114,0.28117,-0.0045490498
-1.91505,0.28117,-0.0017154322
-1.84895,0.28117,0.0042049405
-1.78285,0.28117,0.013216789
-1.71675,0.28117,0.029104218
-1.65066,0.28117,0.04868646
-1.58456,0.28117,0.071171977
-1.51846,0.28117,0.099303938
-1.45237,0.28117,0.12763733
-1.38627,0.28117,0.15588216
-1.32017,0.28117,0.18399276
-1.25408,0.28117,0.21210174
-1.18798,0.28117,0.23498893
-1.12188,0.28117,0.24605799
-1.05578,0.28117,0.25657064
-0.98969,0.28117,0.25694105
-0.92359,0.28117,0.23969914
-0.85749,0.28117,0.22391318
-0.79140,0.28117,0.20597866
-0.72530,0.28117,0.18169011
-0.65920,0.28117,0.16143534
-0.59310,0.28117,0.14507285
-0.52701,0.28117,0.12394959
-0.46091,0.28117,0.10542148
-0.39481,0.28117,0.089017123
-0.32872,0.28117,0.069997802
-0.26262,0.28117,0.051049795
-0.19652,0.28117,0.03506837
-0.13042,0.28117,0.023469219
-0.06433,0.28117,0.014027969
0.00177,0.28117,0.0076953871
0.06787,0.28117,0.0046697487
0.13396,0.28117,0.0027410169
0.20006,0.28117,0.0015514221
0.26616,0.28117,0.001007133
0.33226,0.28117,0.0007652744
0.39835,0.28117,0.00079623988
0.46445,0.28117,0.0010505595
0.53055,0.28117,0.0013857078
0.59664,0.28117,0.0015733748
0.66274,0.28117,0.0014676744
0.72884,0.28117,0.00124447
0.79493,0.28117,0.00078200793
0.86103,0.28117,2.5292498e-05
0.92713,0.28117,-0.00066311925
0.99323,0.28117,-0.00094828365
1.05932,0.28117,-0.00038051204
1.12542,0.28117,0.00047153889
1.19152,0.28117,0.001583387
1.25761,0.28117,0.0023936059
1.32371,0.28117,0.0031215416
1.38981,0.28117,0.0035614676
1.45591,0.28117,0.0033590684
1.52200,0.28117,0.0029714494
1.58810,0.28117,0.0025121425
1.65420,0.28117,0.0020042202
1.72029,0.28117,0.0015486327
1.78639,0.28117,0.001130422
1.85249,0.28117,0.0007664545
1.91859,0.28117,0.00046643498
1.98468,0.28117,0.00021922393
2.05078,0.28117,2.3455339e-05
2.11688,0.28117,-0.00013996846
2.18297,0.28117,-0.00025269689
2.24907,0.28117,-0.00033752382
2.31517,0.28117,-0.00042620263
2.38127,0.28117,-0.00049331237
2.44736,0.28117,-0.0005438418
2.51346,0.28117,-0.00059427851
2.57956,0.28117,-0.00059642916
2.64565,0.28117,-0.00052031403
2.71175,0.28117,-0.00045435815
2.77785,0.28117,-0.00035479097
2.84394,0.28117,-0.00018388446
2.91004,0.28117,-4.3846496e-05
2.97614,0.28117,6.2701482e-05
3.04224,0.28117,0.00013945052
3.10833,0.28117,0.00017451801
3.17443,0.28117,0.0001801396
3.24053,0.28117,0.00015813469
3.30662,0.28117,0.00013843989
3.37272,0.28117,0.00011345696
3.43882,0.28117,8.4071718e-05
3.50492,0.28117,5.9757705e-05
3.57101,0.28117,3.8808994e-05
3.63711,0.28117,2.1433705e-05
3.70321,0.28117,8.0211821e-06
3.76930,0.28117,-1.6044164e-06
3.83540,0.28117,-7.8320345e-06
3.90150,0.28117,-1.0934857e-05
-3.96406,0.32530,0.0065109902
-3.89796,0.32530,0.0092450241
-3.83186,0.32530,0.013128231
-3.76577,0.32530,0.017834347
-3.69967,0.32530,0.024434784
-3.63357,0.32530,0.034057364
-3.56747,0.32530,0.045441911
-3.50138,0.32530,0.05918847
-3.43528,0.32530,0.079285286
-3.36918,0.32530,0.10226452
-3.30309,0.32530,0.12969039
-3.23699,0.32530,0.16366757
-3.17089,0.32530,0.20096759
-3.10479,0.32530,0.23859121
-3.03870,0.32530,0.27239653
-2.97260,0.32530,0.29821748
-2.90650,0.32530,0.31413487
-2.84041,0.32530,0.31687066
-2.77431,0.32530,0.30197978
-2.70821,0.32530,0.27069533
-2.64211,0.32530,0.2279384
-2.57602,0.32530,0.18075278
-2.50992,0.32530,0.13146675
-2.44382,0.32530,0.088692136
-2.37773,0.32530,0.056173004
-2.31163,0.32530,0.034407027
-2.24553,0.32530,0.018816268
-2.17943,0.32530,0.0064042662
-2.11334,0.32530,-0.00038741875
-2.04724,0.32530,-0.003141253
-1.98114,0.32530,-0.0045372625
-1.91505,0.32530,-0.0029477347
-1.84895,0.32530,0.0031392053
-1.78285,0.32530,0.011246017
-1.71675,0.32530,0.024091154
-1.65066,0.32530,0.042369306
-1.58456,0.32530,0.06263262
-1.51846,0.32530,0.087705269
-1.45237,0.32530,0.11657362
-1.38627,0.32530,0.14524077
-1.32017,0.32530,0.17358524
-1.25408,0.32530,0.20152134
-1.18798,0.32530,0.22454354
-1.12188,0.32530,0.23662518
-1.05578,0.32530,0.23942363
-0.98969,0.32530,0.23963799
-0.92359,0.32530,0.22812188
-0.85749,0.32530,0.20989205
-0.79140,0.32530,0.19298933
-0.72530,0.32530,0.17138988
-0.65920,0.32530,0.15152721
-0.59310,0.32530,0.13661394
-0.52701,0.32530,0.11773998
-0.46091,0.32530,0.099821322
-0.39481,0.32530,0.083918087
-0.32872,0.32530,0.067076445
-0.26262,0.32530,0.049065147
-0.19652,0.32530,0.033344924
-0.13042,0.32530,0.021596668
-0.06433,0.32530,0.013282487
0.00177,0.32530,0.0075865951
0.06787,0.32530,0.004449436
0.13396,0.32530,0.0028141036
0.20006,0.32530,0.0016522324
0.26616,0.32530,0.0010624496
0.33226,0.32530,0.00092138327
0.39835,0.32530,0.001029825
0.46445,0.32530,0.0013336348
0.53055,0.32530,0.001906511
0.59664,0.32530,0.0025183656
0.66274,0.32530,0.0026969167
0.72884,0.32530,0.0024035471
0.79493,0.32530,0.0017515713
0.86103,0.32530,0.00077730959
0.92713,0.32530,-0.0001325271
0.99323,0.32530,-0.00077197817
1.05932,0.32530,-0.00037487
1.12542,0.32530,0.00091075699
1.19152,0.32530,0.002631506
1.25761,0.32530,0.0038953845
1.32371,0.32530,0.004545352
1.38981,0.32530,0.0048721847
1.45591,0.32530,0.004569469
1.52200,0.32530,0.0038867297
1.58810,0.32530,0.0032009063
1.65420,0.32530,0.0025404643
1.72029,0.32530,0.0019387432
1.78639,0.32530,0.0014001899
1.85249,0.32530,0.00096146896
1.91859,0.32530,0.00062070356
1.98468,0.32530,0.00034034011
2.05078,0.32530,0.00011940707
2.11688,0.32530,-5.9321061e-05
2.18297,0.32530,-0.00019222527
2.24907,0.32530,-0.00028977281
2.31517,0.32530,-0.00036109748
2.38127,0.32530,-0.00041908448
2.44736,0.32530,-0.00044355824
2.51346,0.32530,-0.00045515498
2.57956,0.32530,-0.0004614963
2.64565,0.32530,-0.00040063204
2.71175,0.32530,-0.00031273314
2.77785,0.32530,-0.00022175418
2.84394,0.32530,-9.7996708e-05
2.91004,0.32530,-8.4369385e-06
2.97614,0.32530,6.4670196e-05
3.04224,0.32530,0.00011041391
3.10833,0.32530,0.00013758214
3.17443,0.32530,0.0001515336
3.24053,0.32530,0.00013893521
3.30662,0.32530,0.00011891592
3.37272,0.32530,9.8314325e-05
3.43882,0.32530,7.4865289e-05
3.50492,0.32530,5.3039592e-05
3.57101,0.32530,3.3937187e-05
3.63711,0.32530,1.7345601e-05
3.70321,0.32530,3.9146607e-06
3.76930,0.32530,-5.9847534e-06
3.83540,0.32530,-1.2142636e-05
3.90150,0.32530,-1.5231392e-05
-3.96406,0.36944,0.0062515154
-3.89796,0.36944,0.0085880691
-3.83186,0.36944,0.012200876
-3.76577,0.36944,0.016711142
-3.69967,0.36944,0.022085432
-3.63357,0.36944,0.030412743
-3.56747,0.36944,0.040489346
-3.50138,0.36944,0.051968075
-3.43528,0.36944,0.068550922
-3.36918,0.36944,0.088543609
-3.30309,0.36944,0.11063591
-3.23699,0.36944,0.13740653
-3.17089,0.36944,0.16638348
-3.10479,0.36944,0.1951326
-3.03870,0.36944,0.220221
-2.97260,0.36944,0.23820634
-2.90650,0.36944,0.25164694
-2.84041,0.36944,0.24990049
-2.77431,0.36944,0.23324805
-2.70821,0.36944,0.20689024
-2.64211,0.36944,0.16899711
-2.57602,0.36944,0.13690269
-2.50992,0.36944,0.10438664
-2.44382,0.36944,0.075491369
-2.37773,0.36944,0.050347835
-2.31163,0.36944,0.029391259
-2.24553,0.36944,0.015478693
-2.17943,0.36944,0.0051963115
-2.11334,0.36944,-0.0018771231
-2.04724,0.36944,-0.0042296816
-1.98114,0.36944,-0.0047627483
-1.91505,0.36944,-0.0043880427
-1.84895,0.36944,0.00092900317
-1.78285,0.36944,0.0085851485
-1.71675,0.36944,0.018071661
-1.65066,0.36944,0.034780957
-1.58456,0.36944,0.054338951
-1.51846,0.36944,0.075723372
-1.45237,0.36944,0.10376135
-1.38627,0.36944,0.13123022
-1.32017,0.36944,0.15958078
-1.25408,0.36944,0.18376599
-1.18798,0.36944,0.20501254
-1.12188,0.36944,0.22483791
-1.05578,0.36944,0.2261703
-0.98969,0.36944,0.22334681
-0.92359,0.36944,0.21845789
-0.85749,0.36944,0.19895767
-0.79140,0.36944,0.18055536
-0.72530,0.36944,0.16020158
-0.65920,0.36944,0.14098608
-0.59310,0.36944,0.12603708
-0.52701,0.36944,0.10946246
-0.46091,0.36944,0.092402622
-0.39481,0.36944,0.077258177
-0.32872,0.36944,0.062453505
-0.26262,0.36944,0.045697924
-0.19652,0.36944,0.031655423
-0.13042,0.36944,0.020043667
-0.06433,0.36944,0.012826352
0.00177,0.36944,0.007718022
0.06787,0.36944,0.0042027254
0.13396,0.36944,0.0026190239
0.20006,0.36944,0.0016127788
0.26616,0.36944,0.00094894011
0.33226,0.36944,0.0010418351
0.39835,0.36944,0.0015155232
0.46445,0.36944,0.0022261017
0.53055,0.36944,0.0031006774
0.59664,0.36944,0.0038287507
0.66274,0.36944,0.0043390635
0.72884,0.36944,0.0038831786
0.79493,0.36944,0.0030009255
0.86103,0.36944,0.001748497
0.92713,0.36944,0.00076144491
0.99323,0.36944,0.00031393979
1.05932,0.36944,0.00072691543
1.12542,0.36944,0.0022559303
1.19152,0.36944,0.0041000387
1.25761,0.36944,0.0058432403
1.32371,0.36944,0.006262837
1.38981,0.36944,0.0063279769
1.45591,0.36944,0.0060713184
1.52200,0.36944,0.0049840827
1.58810,0.36944,0.0039456724
1.65420,0.36944,0.0030334562
1.72029,0.36944,0.0023201762
1.78639,0.36944,0.0017048843
1.85249,0.36944,0.0011711512
1.91859,0.36944,0.00078780274
1.98468,0.36944,0.00048541644
2.05078,0.36944,0.00021686348
2.11688,0.36944,2.7779666e-05
2.18297,0.36944,-0.00010566949
2.24907,0.36944,-0.00022058428
2.31517,0.36944,-0.00028207371
2.38127,0.36944,-0.00032645089
2.44736,0.36944,-0.00036172321
2.51346,0.36944,-0.000346549
2.57956,0.36944,-0.00032215126
2.64565,0.36944,-0.00029456406
2.71175,0.36944,-0.0002236322
2.77785,0.36944,-0.00015785039
2.84394,0.36944,-8.8719302e-05
2.91004,0.36944,-1.0900905e-05
2.97614,0.36944,5.1483665e-05
3.04224,0.36944,0.00010109718
3.10833,0.36944,0.0001191835
3.17443,0.36944,0.00012573163
3.24053,0.36944,0.00012334592
3.30662,0.36944,0.0001043028
3.37272,0.36944,8.5856358e-05
3.43882,0.36944,6.8097674e-05
3.50492,0.36944,4.692642e-05
3.57101,0.36944,2.8065164e-05
3.63711,0.36944,1.2119737e-05
3.70321,0.36944,-1.1745335e-06
3.76930,0.36944,-1.1390376e-05
3.83540,0.36944,-1.6231932e-05
3.90150,0.36944,-1.7691427e-05
-3.96406,0.41358,0.0058991909
-3.89796,0.41358,0.0080134338
-3.83186,0.41358,0.010952261
-3.76577,0.41358,0.015113203
-3.69967,0.41358,0.020004699
-3.63357,0.41358,0.026837634
-3.56747,0.41358,0.036055174
-3.50138,0.41358,0.046607424
-3.43528,0.41358,0.059649508
-3.36918,0.41358,0.07616055
-3.30309,0.41358,0.093965203
-3.23699,0.41358,0.11312807
-3.17089,0.41358,0.13522604
-3.10479,0.41358,0.1568687
-3.03870,0.41358,0.17660214
-2.97260,0.41358,0.18730815
-2.90650,0.41358,0.1922715
-2.84041,0.41358,0.19065687
-2.77431,0.41358,0.17919905
-2.70821,0.41358,0.16106761
-2.64211,0.41358,0.14049384
-2.57602,0.41358,0.11465289
-2.50992,0.41358,0.086246297
-2.44382,0.41358,0.060806308
-2.37773,0.41358,0.039713237
-2.31163,0.41358,0.022382991
-2.24553,0.41358,0.0098144608
-2.17943,0.41358,0.0029417074
-2.11334,0.41358,-0.002271496
-2.04724,0.41358,-0.0050580977
-1.98114,0.41358,-0.0052819084
-1.91505,0.41358,-0.0046464135
-1.84895,0.41358,-0.0017295394
-1.78285,0.41358,0.0055904971
-1.71675,0.41358,0.014688644
-1.65066,0.41358,0.026215909
-1.58456,0.41358,0.04444794
-1.51846,0.41358,0.064425446
-1.45237,0.41358,0.087390453
-1.38627,0.41358,0.11393611
-1.32017,0.41358,0.14158069
-1.25408,0.41358,0.16883683
-1.18798,0.41358,0.18821183
-1.12188,0.41358,0.20611894
-1.05578,0.41358,0.21739149
-0.98969,0.41358,0.20940983
-0.92359,0.41358,0.19968612
-0.85749,0.41358,0.18771271
-0.79140,0.41358,0.16769944
-0.72530,0.41358,0.14678475
-0.65920,0.41358,0.128804
-0.59310,0.41358,0.11388963
-0.52701,0.41358,0.099361211
-0.46091,0.41358,0.08398369
-0.39481,0.41358,0.070235774
-0.32872,0.41358,0.057647534
-0.26262,0.41358,0.042031992
-0.19652,0.41358,0.02921675
-0.13042,0.41358,0.018763319
-0.06433,0.41358,0.011014837
0.00177,0.41358,0.0067620268
0.06787,0.41358,0.0038885714
0.13396,0.41358,0.0023287754
0.20006,0.41358,0.0016622584
0.26616,0.41358,0.0013351982
0.33226,0.41358,0.001421473
0.39835,0.41358,0.0020767627
0.46445,0.41358,0.0029934361
0.53055,0.41358,0.0041314396
0.59664,0.41358,0.0050511379
0.66274,0.41358,0.0056846919
0.72884,0.41358,0.0059449621
0.79493,0.41358,0.0049901255
0.86103,0.41358,0.0034997968
0.92713,0.41358,0.0021683087
0.99323,0.41358,0.0016720722
1.05932,0.41358,0.0020802771
1.12542,0.41358,0.0033383013
1.19152,0.41358,0.0053270468
1.25761,0.41358,0.0074161035
1.32371,0.41358,0.0084179156
1.38981,0.41358,0.0080812247
1.45591,0.41358,0.007366783
1.52200,0.41358,0.0061927596
1.58810,0.41358,0.0048470637
1.65420,0.41358,0.0036710424
1.72029,0.41358,0.0027685184
1.78639,0.41358,0.0020671966
1.85249,0.41358,0.0014392483
1.91859,0.41358,0.00094513892
1.98468,0.41358,0.0006208907
2.05078,0.41358,0.00034090396
2.11688,0.41358,0.00011780047
2.18297,0.41358,-2.1454805e-05
2.24907,0.41358,-0.00013431956
2.31517,0.41358,-0.00021783341
2.38127,0.41358,-0.00025397399
2.44736,0.41358,-0.0002734467
2.51346,0.41358,-0.00027812237
2.57956,0.41358,-0.00025345839
2.64565,0.41358,-0.00022128722
2.71175,0.41358,-0.00017808998
2.77785,0.41358,-0.00011233338
2.84394,0.41358,-4.6549692e-05
2.91004,0.41358,1.4946309e-05
2.97614,0.41358,6.4855783e-05
3.04224,0.41358,9.1530608e-05
3.10833,0.41358,0.00010664306
3.17443,0.41358,0.00010687101
3.24053,0.41358,0.00010357467
3.30662,0.41358,9.2764727e-05
3.37272,0.41358,7.4707641e-05
3.43882,0.41358,5.7568071e-05
3.50492,0.41358,3.9806109e-05
3.57101,0.41358,2.1380074e-05
3.63711,0.41358,6.6842927e-06
3.70321,0.41358,-4.892046e-06
3.76930,0.41358,-1.368124e-05
3.83540,0.41358,-1.8352121e-05
3.90150,0.41358,-1.9258065e-05
-3.96406,0.45771,0.0054140524
-3.89796,0.45771,0.007339594
-3.83186,0.45771,0.010061451
-3.76577,0.45771,0.013601573
-3.69967,0.45771,0.018210152
-3.63357,0.45771,0.024215091
-3.56747,0.45771,0.031614173
-3.50138,0.45771,0.040621463
-3.43528,0.45771,0.050976168
-3.36918,0.45771,0.06386286
-3.30309,0.45771,0.078557268
-3.23699,0.45771,0.093803041
-3.17089,0.45771,0.11010562
-3.10479,0.45771,0.12547402
-3.03870,0.45771,0.13932778
-2.97260,0.45771,0.14868857
-2.90650,0.45771,0.15195291
-2.84041,0.45771,0.15235066
-2.77431,0.45771,0.14531639
-2.70821,0.45771,0.127635
-2.64211,0.45771,0.10863179
-2.57602,0.45771,0.087363876
-2.50992,0.45771,0.063540779
-2.44382,0.45771,0.044625677
-2.37773,0.45771,0.030125778
-2.31163,0.45771,0.018229239
-2.24553,0.45771,0.0084025944
-2.17943,0.45771,0.0013977477
-2.11334,0.45771,-0.0031280639
-2.04724,0.45771,-0.0056159208
-1.98114,0.45771,-0.0063181673
-1.91505,0.45771,-0.0053693908
-1.84895,0.45771,-0.003136283
-1.78285,0.45771,0.0019234779
-1.71675,0.45771,0.01013037
-1.65066,0.45771,0.019530483
-1.58456,0.45771,0.032901119
-1.51846,0.45771,0.051906664
-1.45237,0.45771,0.073025174
-1.38627,0.45771,0.096472502
-1.32017,0.45771,0.12316348
-1.25408,0.45771,0.15078899
-1.18798,0.45771,0.17214964
-1.12188,0.45771,0.18551947
-1.05578,0.45771,0.19781211
-0.98969,0.45771,0.1975503
-0.92359,0.45771,0.18400878
-0.85749,0.45771,0.17175828
-0.79140,0.45771,0.15546104
-0.72530,0.45771,0.13420624
-0.65920,0.45771,0.11661413
-0.59310,0.45771,0.10341658
-0.52701,0.45771,0.091407157
-0.46091,0.45771,0.075930834
-0.39481,0.45771,0.062830962
-0.32872,0.45771,0.050800975
-0.26262,0.45771,0.036700472
-0.19652,0.45771,0.024751483
-0.13042,0.45771,0.015947904
-0.06433,0.45771,0.0097758966
0.00177,0.45771,0.0060744206
0.06787,0.45771,0.0038829907
0.13396,0.45771,0.0023335286
0.20006,0.45771,0.0016487046
0.26616,0.45771,0.0014936915
0.33226,0.45771,0.0016727968
0.39835,0.45771,0.00236114
0.46445,0.45771,0.0036753211
0.53055,0.45771,0.0055388818
0.59664,0.45771,0.0072505251
0.66274,0.45771,0.0079998886
0.72884,0.45771,0.0083625596
0.79493,0.45771,0.0075772852
0.86103,0.45771,0.0056461012
0.92713,0.45771,0.0037825876
0.99323,0.45771,0.002802209
1.05932,0.45771,0.003439663
1.12542,0.45771,0.0051157293
1.19152,0.45771,0.0074244984
1.25761,0.45771,0.0096985037
1.32371,0.45771,0.010740243
1.38981,0.45771,0.010406472
1.45591,0.45771,0.0091766762
1.52200,0.45771,0.0076414258
1.58810,0.45771,0.0060032229
1.65420,0.45771,0.0044050827
1.72029,0.45771,0.0031889607
1.78639,0.45771,0.0023469394
1.85249,0.45771,0.0016679075
1.91859,0.45771,0.0011121593
1.98468,0.45771,0.00074824836
2.05078,0.45771,0.00046121579
2.11688,0.45771,0.00021695657
2.18297,0.45771,5.4428052e-05
2.24907,0.45771,-5.629272e-05
2.31517,0.45771,-0.00014840566
2.38127,0.45771,-0.00019654651
2.44736,0.45771,-0.00020809559
2.51346,0.45771,-0.0002160178
2.57956,0.45771,-0.00019695744
2.64565,0.45771,-0.00015707713
2.71175,0.45771,-0.00011340923
2.77785,0.45771,-6.1685816e-05
2.84394,0.45771,-1.8247007e-05
2.91004,0.45771,2.106264e-05
2.97614,0.45771,5.0966908e-05
3.04224,0.45771,7.3626077e-05
3.10833,0.45771,8.9921472e-05
3.17443,0.45771,9.230584e-05
3.24053,0.45771,8.7794448e-05
3.30662,0.45771,7.9408703e-05
3.37272,0.45771,6.445084e-05
3.43882,0.45771,4.8778053e-05
3.50492,0.45771,3.3714929e-05
3.57101,0.45771,1.6875199e-05
3.63711,0.45771,2.4411215e-06
3.70321,0.45771,-8.9028063e-06
3.76930,0.45771,-1.728126e-05
3.83540,0.45771,-2.1738197e-05
3.90150,0.45771,-2.2257191e-05
-3.96406,0.50185,0.0049926229
-3.89796,0.50185,0.0067062038
-3.83186,0.50185,0.0092056291
-3.76577,0.50185,0.012129957
-3.69967,0.50185,0.01604075
-3.63357,0.50185,0.021110823
-3.56747,0.50185,0.027255526
-3.50138,0.50185,0.034929678
-3.43528,0.50185,0.043728389
-3.36918,0.50185,0.054155204
-3.30309,0.50185,0.065939657
-3.23699,0.50185,0.077895597
-3.17089,0.50185,0.090112619
-3.10479,0.50185,0.1014328
-3.03870,0.50185,0.11142913
-2.97260,0.50185,0.11909086
-2.90650,0.50185,0.11977337
-2.84041,0.50185,0.11663891
-2.77431,0.50185,0.11041631
-2.70821,0.50185,0.094003893
-2.64211,0.50185,0.080496453
-2.57602,0.50185,0.067335799
-2.50992,0.50185,0.05220456
-2.44382,0.50185,0.037416544
-2.37773,0.50185,0.024191909
-2.31163,0.50185,0.013728881
-2.24553,0.50185,0.0054704258
-2.17943,0.50185,-0.00109647
-2.11334,0.50185,-0.0048428718
-2.04724,0.50185,-0.0063189147
-1.98114,0.50185,-0.0070802616
-1.91505,0.50185,-0.00610669
-1.84895,0.50185,-0.0041509909
-1.78285,0.50185,-0.001497301
-1.71675,0.50185,0.0053134295
-1.65066,0.50185,0.01422736
-1.58456,0.50185,0.02231219
-1.51846,0.50185,0.038835704
-1.45237,0.50185,0.059230026
-1.38627,0.50185,0.080323622
-1.32017,0.50185,0.1044092
-1.25408,0.50185,0.1302326
-1.18798,0.50185,0.15714328
-1.12188,0.50185,0.16897325
-1.05578,0.50185,0.17790858
-0.98969,0.50185,0.18664657
-0.92359,0.50185,0.17268655
-0.85749,0.50185,0.15742724
-0.79140,0.50185,0.14549793
-0.72530,0.50185,0.12656
-0.65920,0.50185,0.10732671
-0.59310,0.50185,0.093308114
-0.52701,0.50185,0.082527921
-0.46091,0.50185,0.066785648
-0.39481,0.50185,0.053991292
-0.32872,0.50185,0.043382954
-0.26262,0.50185,0.032234713
-0.19652,0.50185,0.021934578
-0.13042,0.50185,0.014738034
-0.06433,0.50185,0.0093700262
0.00177,0.50185,0.0054865465
0.06787,0.50185,0.0034998867
0.13396,0.50185,0.0021723551
0.20006,0.50185,0.0014046623
0.26616,0.50185,0.0015614642
0.33226,0.50185,0.0021801246
0.39835,0.50185,0.0032336258
0.46445,0.50185,0.0049940087
0.53055,0.50185,0.0072098942
0.59664,0.50185,0.0098325815
0.66274,0.50185,0.010544238
0.72884,0.50185,0.010752447
0.79493,0.50185,0.010514923
0.86103,0.50185,0.0082189012
0.92713,0.50185,0.0060772537
0.99323,0.50185,0.0046885852
1.05932,0.50185,0.005451174
1.12542,0.50185,0.0072816187
1.19152,0.50185,0.0098446524
1.25761,0.50185,0.01212175
1.32371,0.50185,0.013037602
1.38981,0.50185,0.013179636
1.45591,0.50185,0.011121442
1.52200,0.50185,0.0088807615
1.58810,0.50185,0.0067597707
1.65420,0.50185,0.0049982956
1.72029,0.50185,0.0036038458
1.78639,0.50185,0.0026254277
1.85249,0.50185,0.0019058918
1.91859,0.50185,0.0013132886
1.98468,0.50185,0.00086899596
2.05078,0.50185,0.00056848326
2.11688,0.50185,0.00031805423
2.18297,0.50185,0.00012075708
2.24907,0.50185,1.3179144e-05
2.31517,0.50185,-7.4488133e-05
2.38127,0.50185,-0.00014343193
2.44736,0.50185,-0.00015200891
2.51346,0.50185,-0.00015219764
2.57956,0.50185,-0.00014977121
2.64565,0.50185,-0.00011834678
2.71175,0.50185,-8.5284133e-05
2.77785,0.50185,-5.5111756e-05
2.84394,0.50185,-1.6875685e-05
2.91004,0.50185,1.857309e-05
2.97614,0.50185,4.7131503e-05
3.04224,0.50185,6.5476117e-05
3.10833,0.50185,7.7460179e-05
3.17443,0.50185,8.2443883e-05
3.24053,0.50185,7.7026278e-05
3.30662,0.50185,6.9328977e-05
3.37272,0.50185,5.8198617e-05
3.43882,0.50185,4.2488817e-05
3.50492,0.50185,2.7778231e-05
3.57101,0.50185,1.1707089e-05
3.63711,0.50185,-2.5238676e-06
3.70321,0.50185,-1.3579912e-05
3.76930,0.50185,-2.0388878e-05
3.83540,0.50185,-2.2673359e-05
3.90150,0.50185,-2.1436905e-05
-3.96406,0.54599,0.0046135876
-3.89796,0.54599,0.0059828185
-3.83186,0.54599,0.0081560649
-3.76577,0.54599,0.010836443
-3.69967,0.54599,0.013982897
-3.63357,0.54599,0.018398149
-3.56747,0.54599,0.023901982
-3.50138,0.54599,0.030123187
-3.43528,0.54599,0.037300546
-3.36918,0.54599,0.045671329
-3.30309,0.54599,0.054518055
-3.23699,0.54599,0.06387224
-3.17089,0.54599,0.073103882
-3.10479,0.54599,0.081689283
-3.03870,0.54599,0.087830737
-2.97260,0.54599,0.091755427
-2.90650,0.54599,0.091891013
-2.84041,0.54599,0.089169584
-2.77431,0.54599,0.085075878
-2.70821,0.54599,0.077203564
-2.64211,0.54599,0.065207876
-2.57602,0.54599,0.053092416
-2.50992,0.54599,0.040511645
-2.44382,0.54599,0.027750013
-2.37773,0.54599,0.016550571
-2.31163,0.54599,0.0077368123
-2.24553,0.54599,0.0023786633
-2.17943,0.54599,-0.0020543686
-2.11334,0.54599,-0.0054373955
-2.04724,0.54599,-0.0067008985
-1.98114,0.54599,-0.0072157667
-1.91505,0.54599,-0.0070788334
-1.84895,0.54599,-0.0052422783
-1.78285,0.54599,-0.002883553
-1.71675,0.54599,0.00046153489
-1.65066,0.54599,0.0087280478
-1.58456,0.54599,0.016675737
-1.51846,0.54599,0.026342537
-1.45237,0.54599,0.045589432
-1.38627,0.54599,0.066569284
-1.32017,0.54599,0.087650321
-1.25408,0.54599,0.11133581
-1.18798,0.54599,0.13689403
-1.12188,0.54599,0.15669987
-1.05578,0.54599,0.16138661
-0.98969,0.54599,0.16644509
-0.92359,0.54599,0.16487975
-0.85749,0.54599,0.1467021
-0.79140,0.54599,0.13209744
-0.72530,0.54599,0.11840406
-0.65920,0.54599,0.097597957
-0.59310,0.54599,0.081946567
-0.52701,0.54599,0.072389826
-0.46091,0.54599,0.059324134
-0.39481,0.54599,0.047541805
-0.32872,0.54599,0.038016848
-0.26262,0.54599,0.028381199
-0.19652,0.54599,0.019046435
-0.13042,0.54599,0.012045032
-0.06433,0.54599,0.0076498338
0.00177,0.54599,0.0046618762
0.06787,0.54599,0.002999512
0.13396,0.54599,0.0021349192
0.20006,0.54599,0.0017217211
0.26616,0.54599,0.0018206829
0.33226,0.54599,0.0026736141
0.39835,0.54599,0.004000837
0.46445,0.54599,0.0058600637
0.53055,0.54599,0.0084105609
0.59664,0.54599,0.011493516
0.66274,0.54599,0.013432032
0.72884,0.54599,0.013363111
0.79493,0.54599,0.012717753
0.86103,0.54599,0.01099803
0.92713,0.54599,0.0085428366
0.99323,0.54599,0.0070080175
1.05932,0.54599,0.0069641927
1.12542,0.54599,0.0089660352
1.19152,0.54599,0.011659588
1.25761,0.54599,0.014421824
1.32371,0.54599,0.014936527
1.38981,0.54599,0.014340599
1.45591,0.54599,0.012844864
1.52200,0.54599,0.01021996
1.58810,0.54599,0.00772866
1.65420,0.54599,0.0056673833
1.72029,0.54599,0.0041090818
1.78639,0.54599,0.0029716252
1.85249,0.54599,0.0020969845
1.91859,0.54599,0.0014674927
1.98468,0.54599,0.0009937447
2.05078,0.54599,0.00065286661
2.11688,0.54599,0.00040535789
2.18297,0.54599,0.00020343572
2.24907,0.54599,7.2561394e-05
2.31517,0.54599,-1.0719043e-05
2.38127,0.54599,-7.8079654e-05
2.44736,0.54599,-0.00011117836
2.51346,0.54599,-0.0001135425
2.57956,0.54599,-0.00011128006
2.64565,0.54599,-9.6471755e-05
2.71175,0.54599,-6.4605621e-05
2.77785,0.54599,-3.496341e-05
2.84394,0.54599,-5.3152708e-06
2.91004,0.54599,2.4572084e-05
2.97614,0.54599,4.4762135e-05
3.04224,0.54599,5.9496651e-05
3.10833,0.54599,6.7348519e-05
3.17443,0.54599,7.1022587e-05
3.24053,0.54599,6.9432092e-05
3.30662,0.54599,6.1945306e-05
3.37272,0.54599,5.0373626e-05
3.43882,0.54599,3.6825964e-05
3.50492,0.54599,2.2292144e-05
3.57101,0.54599,7.4822519e-06
3.63711,0.54599,-5.0756717e-06
3.70321,0.54599,-1.3704295e-05
3.76930,0.54599,-1.9611491e-05
3.83540,0.54599,-2.240418e-05
3.90150,0.54599,-2.0941214e-05
-3.96406,0.59012,0.0041919635
-3.89796,0.59012,0.0054566404
-3.83186,0.59012,0.0072128251
-3.76577,0.59012,0.0096649602
-3.69967,0.59012,0.012464155
-3.63357,0.59012,0.01581387
-3.56747,0.59012,0.020432847
-3.50138,0.59012,0.025497889
-3.43528,0.59012,0.031199113
-3.36918,0.59012,0.037981585
-3.30309,0.59012,0.045134999
-3.23699,0.59012,0.052266426
-3.17089,0.59012,0.058934554
-3.10479,0.59012,0.065013997
-3.03870,0.59012,0.069893271
-2.97260,0.59012,0.072892502
-2.90650,0.59012,0.073504925
-2.84041,0.59012,0.071359143
-2.77431,0.59012,0.066269942
-2.70821,0.59012,0.05885686
-2.64211,0.59012,0.048805706
-2.57602,0.59012,0.037582565
-2.50992,0.59012,0.028394457
-2.44382,0.59012,0.020007936
-2.37773,0.59012,0.012472973
-2.31163,0.59012,0.0057485281
-2.24553,0.59012,0.00055010041
-2.17943,0.59012,-0.003162731
-2.11334,0.59012,-0.0060850098
-2.04724,0.59012,-0.0076083448
-1.98114,0.59012,-0.0078046834
-1.91505,0.59012,-0.0074075535
-1.84895,0.59012,-0.0061202175
-1.78285,0.59012,-0.0039103972
-1.71675,0.59012,-0.0017078805
-1.65066,0.59012,0.0032921741
-1.58456,0.59012,0.010997239
-1.51846,0.59012,0.018504102
-1.45237,0.59012,0.031862549
-1.38627,0.59012,0.052367218
-1.32017,0.59012,0.072986588
-1.25408,0.59012,0.094524503
-1.18798,0.59012,0.11719341
-1.12188,0.59012,0.13843241
-1.05578,0.59012,0.14846417
-0.98969,0.59012,0.15015069
-0.92359,0.59012,0.15047137
-0.85749,0.59012,0.13799973
-0.79140,0.59012,0.12066543
-0.72530,0.59012,0.10845658
-0.65920,0.59012,0.09062852
-0.59310,0.59012,0.075140677
-0.52701,0.59012,0.064161956
-0.46091,0.59012,0.052743509
-0.39481,0.59012,0.040893272
-0.32872,0.59012,0.031221427
-0.26262,0.59012,0.022880504
-0.19652,0.59012,0.015214158
-0.13042,0.59012,0.0099788904
-0.06433,0.59012,0.0066406014
0.00177,0.59012,0.0044943364
0.06787,0.59012,0.0029145167
0.13396,0.59012,0.0020451313
0.20006,0.59012,0.0017858972
0.26616,0.59012,0.0019613486
0.33226,0.59012,0.0028029315
0.39835,0.59012,0.0045451797
0.46445,0.59012,0.0069673387
0.53055,0.59012,0.01002587
0.59664,0.59012,0.013449102
0.66274,0.59012,0.016114695
0.72884,0.59012,0.016535766
0.79493,0.59012,0.015494124
0.86103,0.59012,0.013764736
0.92713,0.59012,0.011051531
0.99323,0.59012,0.009118042
1.05932,0.59012,0.0087738335
1.12542,0.59012,0.010456669
1.19152,0.59012,0.013129269
1.25761,0.59012,0.016178334
1.32371,0.59012,0.017327718
1.38981,0.59012,0.016183862
1.45591,0.59012,0.014566678
1.52200,0.59012,0.011947414
1.58810,0.59012,0.0087509891
1.65420,0.59012,0.0062135677
1.72029,0.59012,0.0044100168
1.78639,0.59012,0.0031920841
1.85249,0.59012,0.0022631965
1.91859,0.59012,0.0015907538
1.98468,0.59012,0.0011022991
2.05078,0.59012,0.00074341445
2.11688,0.59012,0.00047895286
2.18297,0.59012,0.00027553417
2.24907,0.59012,0.00013023541
2.31517,0.59012,3.5645517e-05
2.38127,0.59012,-2.8374672e-05
2.44736,0.59012,-6.9818016e-05
2.51346,0.59012,-7.9348152e-05
2.57956,0.59012,-7.5356191e-05
2.64565,0.59012,-6.55814e-05
2.71175,0.59012,-4.270771e-05
2.77785,0.59012,-2.0818816e-05
2.84394,0.59012,-2.5858938e-07
2.91004,0.59012,2.0610136e-05
2.97614,0.59012,3.8744176e-05
3.04224,0.59012,5.316269e-05
3.10833,0.59012,6.1132661e-05
3.17443,0.59012,6.3440108e-05
3.24053,0.59012,6.2581457e-05
3.30662,0.59012,5.6324352e-05
3.37272,0.59012,4.4727349e-05
3.43882,0.59012,3.2167671e-05
3.50492,0.59012,1.8976461e-05
3.57101,0.59012,5.2953428e-06
3.63711,0.59012,-7.3503384e-06
3.70321,0.59012,-1.543229e-05
3.76930,0.59012,-1.9916568e-05
3.83540,0.59012,-2.3089826e-05
3.90150,0.59012,-2.0588577e-05
-3.96406,0.63426,0.0037938931
-3.89796,0.63426,0.0049569709
-3.83186,0.63426,0.006337672
-3.76577,0.63426,0.0083721895
-3.69967,0.63426,0.01077993
-3.63357,0.63426,0.013458387
-3.56747,0.63426,0.017259292
-3.50138,0.63426,0.021595838
-3.43528,0.63426,0.026227022
-3.36918,0.63426,0.031579167
-3.30309,0.63426,0.037202489
-3.23699,0.63426,0.042769715
-3.17089,0.63426,0.04783399
-3.10479,0.63426,0.052259952
-3.03870,0.63426,0.0559799
-2.97260,0.63426,0.057473902
-2.90650,0.63426,0.056608561
-2.84041,0.63426,0.054084327
-2.77431,0.63426,0.048422258
-2.70821,0.63426,0.043309681
-2.64211,0.63426,0.037066925
-2.57602,0.63426,0.029811399
-2.50992,0.63426,0.022483729
-2.44382,0.63426,0.014992465
-2.37773,0.63426,0.0084078647
-2.31163,0.63426,0.002679501
-2.24553,0.63426,-0.0021345087
-2.17943,0.63426,-0.005115563
-2.11334,0.63426,-0.0066953474
-2.04724,0.63426,-0.0078259055
-1.98114,0.63426,-0.0076187477
-1.91505,0.63426,-0.0071187918
-1.84895,0.63426,-0.0065525128
-1.78285,0.63426,-0.0048510414
-1.71675,0.63426,-0.0029740825
-1.65066,0.63426,-0.0012052661
-1.58456,0.63426,0.005330855
-1.51846,0.63426,0.012807495
-1.45237,0.63426,0.02159051
-1.38627,0.63426,0.03995426
-1.32017,0.63426,0.059609778
-1.25408,0.63426,0.080862157
-1.18798,0.63426,0.10111038
-1.12188,0.63426,0.12029115
-1.05578,0.63426,0.13732348
-0.98969,0.63426,0.13771193
-0.92359,0.63426,0.13560368
-0.85749,0.63426,0.12940913
-0.79140,0.63426,0.11288743
-0.72530,0.63426,0.098822281
-0.65920,0.63426,0.083664976
-0.59310,0.63426,0.067863643
-0.52701,0.63426,0.055614889
-0.46091,0.63426,0.045028348
-0.39481,0.63426,0.034435932
-0.32872,0.63426,0.026177295
-0.26262,0.63426,0.019795833
-0.19652,0.63426,0.013727453
-0.13042,0.63426,0.0091419732
-0.06433,0.63426,0.0058475076
0.00177,0.63426,0.0039422549
0.06787,0.63426,0.0026069968
0.13396,0.63426,0.0017154384
0.20006,0.63426,0.0017286538
0.26616,0.63426,0.0022672489
0.33226,0.63426,0.0032347364
0.39835,0.63426,0.0053270124
0.46445,0.63426,0.0081439856
0.53055,0.63426,0.011638333
0.59664,0.63426,0.015292672
0.66274,0.63426,0.018383835
0.72884,0.63426,0.020037154
0.79493,0.63426,0.018188413
0.86103,0.63426,0.01581141
0.92713,0.63426,0.012554368
0.99323,0.63426,0.010642642
1.05932,0.63426,0.010477279
1.12542,0.63426,0.011854354
1.19152,0.63426,0.014535758
1.25761,0.63426,0.017552977
1.32371,0.63426,0.020064786
1.38981,0.63426,0.017815234
1.45591,0.63426,0.01518589
1.52200,0.63426,0.012452766
1.58810,0.63426,0.0092582703
1.65420,0.63426,0.0066432976
1.72029,0.63426,0.0046477583
1.78639,0.63426,0.0033824586
1.85249,0.63426,0.0024421187
1.91859,0.63426,0.001687817
1.98468,0.63426,0.0011814008
2.05078,0.63426,0.00082230242
2.11688,0.63426,0.00052898994
2.18297,0.63426,0.00033040621
2.24907,0.63426,0.0001850167
2.31517,0.63426,7.475265e-05
2.38127,0.63426,1.3807993e-05
2.44736,0.63426,-2.6805083e-05
2.51346,0.63426,-4.9945349e-05
2.57956,0.63426,-5.0626084e-05
2.64565,0.63426,-4.6642301e-05
2.71175,0.63426,-3.5146248e-05
2.77785,0.63426,-1.5165361e-05
2.84394,0.63426,3.7693487e-06
2.91004,0.63426,2.2017026e-05
2.97614,0.63426,3.7831276e-05
3.04224,0.63426,5.0161212e-05
3.10833,0.63426,5.801607e-05
3.17443,0.63426,5.8231388e-05
3.24053,0.63426,5.614254e-05
3.30662,0.63426,5.1849071e-05
3.37272,0.63426,4.0823696e-05
3.43882,0.63426,2.8234761e-05
3.50492,0.63426,1.52796e-05
3.57101,0.63426,2.8545317e-06
3.63711,0.63426,-9.5603309e-06
3.70321,0.63426,-1.7189108e-05
3.76930,0.63426,-1.8945075e-05
3.83540,0.63426,-2.0443835e-05
3.90150,0.63426,-1.8233322e-05
-3.96406,0.67840,0.0033295148
-3.89796,0.67840,0.0043730163
-3.83186,0.67840,0.0055777649
-3.76577,0.67840,0.0071998099
-3.69967,0.67840,0.00932007
-3.63357,0.67840,0.011685791
-3.56747,0.67840,0.014597065
-3.50138,0.67840,0.018138096
-3.43528,0.67840,0.02187754
-3.36918,0.67840,0.025865169
-3.30309,0.67840,0.030282792
-3.23699,0.67840,0.034568083
-3.17089,0.67840,0.038521707
-3.10479,0.67840,0.041319765
-3.03870,0.67840,0.043259434
-2.97260,0.67840,0.04428022
-2.90650,0.67840,0.04350163
-2.84041,0.67840,0.041677278
-2.77431,0.67840,0.039008912
-2.70821,0.67840,0.034229495
-2.64211,0.67840,0.028251192
-2.57602,0.67840,0.022067951
-2.50992,0.67840,0.015452918
-2.44382,0.67840,0.0089482842
-2.37773,0.67840,0.0036649986
-2.31163,0.67840,3.9840143e-05
-2.24553,0.67840,-0.0030615535
-2.17943,0.67840,-0.0054170527
-2.11334,0.67840,-0.0066189892
-2.04724,0.67840,-0.0074611041
-1.98114,0.67840,-0.0076569584
-1.91505,0.67840,-0.0070501911
-1.84895,0.67840,-0.0064228708
-1.78285,0.67840,-0.005598973
-1.71675,0.67840,-0.003687162
-1.65066,0.67840,-0.001757905
-1.58456,0.67840,0.0010083669
-1.51846,0.67840,0.008045299
-1.45237,0.67840,0.016658142
-1.38627,0.67840,0.028515667
-1.32017,0.67840,0.047270365
-1.25408,0.67840,0.067414217
-1.18798,0.67840,0.087979056
-1.12188,0.67840,0.10382385
-1.05578,0.67840,0.11699212
-0.98969,0.67840,0.12656225
-0.92359,0.67840,0.12309514
-0.85749,0.67840,0.1148119
-0.79140,0.67840,0.1052542
-0.72530,0.67840,0.089677855
-0.65920,0.67840,0.074442148
-0.59310,0.67840,0.060795672
-0.52701,0.67840,0.048981816
-0.46091,0.67840,0.039765388
-0.39481,0.67840,0.030201623
-0.32872,0.67840,0.022412354
-0.26262,0.67840,0.016299678
-0.19652,0.67840,0.011033841
-0.13042,0.67840,0.0072729085
-0.06433,0.67840,0.0047525628
0.00177,0.67840,0.0033218267
0.06787,0.67840,0.002443867
0.13396,0.67840,0.0019071512
0.20006,0.67840,0.0018001234
0.26616,0.67840,0.0025101248
0.33226,0.67840,0.0036884344
0.39835,0.67840,0.0055687875
0.46445,0.67840,0.0087334197
0.53055,0.67840,0.012579492
0.59664,0.67840,0.016727982
0.66274,0.67840,0.019712541
0.72884,0.67840,0.020575516
0.79493,0.67840,0.020097477
0.86103,0.67840,0.017428849
0.92713,0.67840,0.014086443
0.99323,0.67840,0.011615285
1.05932,0.67840,0.011529919
1.12542,0.67840,0.012954493
1.19152,0.67840,0.015154485
1.25761,0.67840,0.017425383
1.32371,0.67840,0.019477926
1.38981,0.67840,0.018646449
1.45591,0.67840,0.015688794
1.52200,0.67840,0.012703396
1.58810,0.67840,0.0097155711
1.65420,0.67840,0.0070431707
1.72029,0.67840,0.0049339808
1.78639,0.67840,0.0034790321
1.85249,0.67840,0.0025353346
1.91859,0.67840,0.0017854726
1.98468,0.67840,0.0012301977
2.05078,0.67840,0.00087444246
2.11688,0.67840,0.00058919284
2.18297,0.67840,0.00037076627
2.24907,0.67840,0.00022741196
2.31517,0.67840,0.00012014392
2.38127,0.67840,4.2672371e-05
2.44736,0.67840,-1.3948621e-06
2.51346,0.67840,-2.4006762e-05
2.57956,0.67840,-3.4398276e-05
2.64565,0.67840,-3.0636838e-05
2.71175,0.67840,-2.0380565e-05
2.77785,0.67840,-5.6983354e-06
2.84394,0.67840,1.0839077e-05
2.91004,0.67840,2.4342784e-05
2.97614,0.67840,3.6563288e-05
3.04224,0.67840,4.5648296e-05
3.10833,0.67840,5.2482552e-05
3.17443,0.67840,5.4677726e-05
3.24053,0.67840,5.2034069e-05
3.30662,0.67840,4.724594e-05
3.37272,0.67840,3.8341583e-05
3.43882,0.67840,2.5645601e-05
3.50492,0.67840,1.3240124e-05
3.57101,0.67840,2.0754708e-06
3.63711,0.67840,-8.4762278e-06
3.70321,0.67840,-1.5370922e-05
3.76930,0.67840,-1.7955179e-05
3.83540,0.67840,-1.8301067e-05
3.90150,0.67840,-1.6183905e-05
-3.96406,0.72253,0.0029739216
-3.89796,0.72253,0.0038526994
-3.83186,0.72253,0.004931693
-3.76577,0.72253,0.0063208006
-3.69967,0.72253,0.0079623424
-3.63357,0.72253,0.0099222763
-3.56747,0.72253,0.012198672
-3.50138,0.72253,0.014945194
-3.43528,0.72253,0.017996186
-3.36918,0.72253,0.021129386
-3.30309,0.72253,0.024480168
-3.23699,0.72253,0.027607702
-3.17089,0.72253,0.030503912
-3.10479,0.72253,0.032778647
-3.03870,0.72253,0.034149196
-2.97260,0.72253,0.034974191
-2.90650,0.72253,0.034407541
-2.84041,0.72253,0.032025479
-2.77431,0.72253,0.029006798
-2.70821,0.72253,0.024868734
-2.64211,0.72253,0.019163748
-2.57602,0.72253,0.014517874
-2.50992,0.72253,0.010232059
-2.44382,0.72253,0.0059445561
-2.37773,0.72253,0.0019438532
-2.31163,0.72253,-0.0013800892
-2.24553,0.72253,-0.0039561335
-2.17943,0.72253,-0.0059311003
-2.11334,0.72253,-0.0071123634
-2.04724,0.72253,-0.0075711329
-1.98114,0.72253,-0.0072241831
-1.91505,0.72253,-0.0064933845
-1.84895,0.72253,-0.0055449749
-1.78285,0.72253,-0.0048507345
-1.71675,0.72253,-0.0039129211
-1.65066,0.72253,-0.0021637527
-1.58456,0.72253,-0.00022727733
-1.51846,0.72253,0.0032404254
-1.45237,0.72253,0.011402489
-1.38627,0.72253,0.021745592
-1.32017,0.72253,0.035845757
-1.25408,0.72253,0.053570647
-1.18798,0.72253,0.073116817
-1.12188,0.72253,0.09019468
-1.05578,0.72253,0.10040566
-0.98969,0.72253,0.1104179
-0.92359,0.72253,0.11250202
-0.85749,0.72253,0.10283793
-0.79140,0.72253,0.093188636
-0.72530,0.72253,0.081597708
-0.65920,0.72253,0.06758675
-0.59310,0.72253,0.053899437
-0.52701,0.72253,0.04293213
-0.46091,0.72253,0.033976648
-0.39481,0.72253,0.024742713
-0.32872,0.72253,0.017596669
-0.26262,0.72253,0.012572914
-0.19652,0.72253,0.0089384746
-0.13042,0.72253,0.0062960861
-0.06433,0.72253,0.0044572949
0.00177,0.72253,0.0030984164
0.06787,0.72253,0.0022609457
0.13396,0.72253,0.0018770923
0.20006,0.72253,0.0018283501
0.26616,0.72253,0.0024629808
0.33226,0.72253,0.0038871574
0.39835,0.72253,0.0059311539
0.46445,0.72253,0.0090477522
0.53055,0.72253,0.013009043
0.59664,0.72253,0.017475056
0.66274,0.72253,0.021269944
0.72884,0.72253,0.021778088
0.79493,0.72253,0.021532094
0.86103,0.72253,0.019421885
0.92713,0.72253,0.01533127
0.99323,0.72253,0.012049114
1.05932,0.72253,0.011199904
1.12542,0.72253,0.012688812
1.19152,0.72253,0.015035556
1.25761,0.72253,0.017396953
1.32371,0.72253,0.019147651
1.38981,0.72253,0.019032633
1.45591,0.72253,0.016603135
1.52200,0.72253,0.012952943
1.58810,0.72253,0.0097337281
1.65420,0.72253,0.0070640142
1.72029,0.72253,0.0050114417
1.78639,0.72253,0.0035042912
1.85249,0.72253,0.0025539217
1.91859,0.72253,0.0018334339
1.98468,0.72253,0.0012732891
2.05078,0.72253,0.00090126082
2.11688,0.72253,0.00062845752
2.18297,0.72253,0.0004065352
2.24907,0.72253,0.00025209595
2.31517,0.72253,0.00014986859
2.38127,0.72253,6.9562331e-05
2.44736,0.72253,2.0334886e-05
2.51346,0.72253,-2.0461273e-06
2.57956,0.72253,-1.451312e-05
2.64565,0.72253,-1.5924836e-05
2.71175,0.72253,-1.0308086e-05
2.77785,0.72253,-6.5409353e-07
2.84394,0.72253,1.1183926e-05
2.91004,0.72253,2.3360599e-05
2.97614,0.72253,3.522835e-05
3.04224,0.72253,4.3900975e-05
3.10833,0.72253,4.9719871e-05
3.17443,0.72253,5.2594427e-05
3.24053,0.72253,4.9688533e-05
3.30662,0.72253,4.3668915e-05
3.37272,0.72253,3.5337329e-05
3.43882,0.72253,2.3582952e-05
3.50492,0.72253,1.2126641e-05
3.57101,0.72253,1.1839882e-06
3.63711,0.72253,-8.9268106e-06
3.70321,0.72253,-1.4846159e-05
3.76930,0.72253,-1.7513534e-05
3.83540,0.72253,-1.6581502e-05
3.90150,0.72253,-1.3671911e-05
-3.96406,0.76667,0.0026417144
-3.89796,0.76667,0.0033659383
-3.83186,0.76667,0.0042598541
-3.76577,0.76667,0.0054041888
-3.69967,0.76667,0.0067333314
-3.63357,0.76667,0.0083401389
-3.56747,0.76667,0.010190662
-3.50138,0.76667,0.012356287
-3.43528,0.76667,0.014744927
-3.36918,0.76667,0.017165152
-3.30309,0.76667,0.019735504
-3.23699,0.76667,0.022110019
-3.17089,0.76667,0.024207603
-3.10479,0.76667,0.025926078
-3.03870,0.76667,0.026583934
-2.97260,0.76667,0.026490938
-2.90650,0.76667,0.02570135
-2.84041,0.76667,0.023037022
-2.77431,0.76667,0.020735512
-2.70821,0.76667,0.01815621
-2.64211,0.76667,0.01448857
-2.57602,0.76667,0.010555523
-2.50992,0.76667,0.006698275
-2.44382,0.76667,0.002979157
-2.37773,0.76667,-0.00045568059
-2.31163,0.76667,-0.0034763003
-2.24553,0.76667,-0.0054125367
-2.17943,0.76667,-0.0061666071
-2.11334,0.76667,-0.0066606738
-2.04724,0.76667,-0.0064489655
-1.98114,0.76667,-0.0059753652
-1.91505,0.76667,-0.0054765223
-1.84895,0.76667,-0.0046557961
-1.78285,0.76667,-0.0039452566
-1.71675,0.76667,-0.0038367936
-1.65066,0.76667,-0.0025050663
-1.58456,0.76667,-0.00047787966
-1.51846,0.76667,0.00058646488
-1.45237,0.76667,0.0070590936
-1.38627,0.76667,0.016649252
-1.32017,0.76667,0.027705416
-1.25408,0.76667,0.042541955
-1.18798,0.76667,0.060007539
-1.12188,0.76667,0.079540782
-1.05578,0.76667,0.087191306
-0.98969,0.76667,0.092927702
-0.92359,0.76667,0.099118128
-0.85749,0.76667,0.091245472
-0.79140,0.76667,0.08055374
-0.72530,0.76667,0.072077893
-0.65920,0.76667,0.060001187
-0.59310,0.76667,0.046182219
-0.52701,0.76667,0.035669059
-0.46091,0.76667,0.027958242
-0.39481,0.76667,0.020806476
-0.32872,0.76667,0.015160776
-0.26262,0.76667,0.011154651
-0.19652,0.76667,0.0080198916
-0.13042,0.76667,0.0055155163
-0.06433,0.76667,0.0038810407
0.00177,0.76667,0.0026968494
0.06787,0.76667,0.0018747131
0.13396,0.76667,0.0017398181
0.20006,0.76667,0.001939222
0.26616,0.76667,0.0025118354
0.33226,0.76667,0.0040404284
0.39835,0.76667,0.0062866728
0.46445,0.76667,0.0092468634
0.53055,0.76667,0.01325866
0.59664,0.76667,0.017813331
0.66274,0.76667,0.022626257
0.72884,0.76667,0.022510732
0.79493,0.76667,0.02094616
0.86103,0.76667,0.018793037
0.92713,0.76667,0.015050773
0.99323,0.76667,0.0119077
1.05932,0.76667,0.01036427
1.12542,0.76667,0.011965164
1.19152,0.76667,0.014520353
1.25761,0.76667,0.017448243
1.32371,0.76667,0.018353533
1.38981,0.76667,0.017663803
1.45591,0.76667,0.015896384
1.52200,0.76667,0.012486563
1.58810,0.76667,0.009406738
1.65420,0.76667,0.0068320781
1.72029,0.76667,0.0049231388
1.78639,0.76667,0.003496014
1.85249,0.76667,0.00251119
1.91859,0.76667,0.0018364989
1.98468,0.76667,0.0013051139
2.05078,0.76667,0.00090789347
2.11688,0.76667,0.00064596115
2.18297,0.76667,0.00043401658
2.24907,0.76667,0.00026596134
2.31517,0.76667,0.00016890361
2.38127,0.76667,9.3789116e-05
2.44736,0.76667,3.6701265e-05
2.51346,0.76667,1.1542644e-05
2.57956,0.76667,-2.4948145e-06
2.64565,0.76667,-9.8161399e-06
2.71175,0.76667,-5.6907043e-06
2.77785,0.76667,3.5814501e-06
2.84394,0.76667,1.4025025e-05
2.91004,0.76667,2.5042442e-05
2.97614,0.76667,3.5859768e-05
3.04224,0.76667,4.3481064e-05
3.10833,0.76667,4.6932753e-05
3.17443,0.76667,4.8116308e-05
3.24053,0.76667,4.6414974e-05
3.30662,0.76667,4.0403662e-05
3.37272,0.76667,3.2646814e-05
3.43882,0.76667,2.1122274e-05
3.50492,0.76667,1.0611041e-05
3.57101,0.76667,7.4321377e-07
3.63711,0.76667,-9.944888e-06
3.70321,0.76667,-1.3992912e-05
3.76930,0.76667,-1.5124702e-05
3.83540,0.76667,-1.4375483e-05
3.90150,0.76667,-1.1022444e-05
-3.96406,0.81081,0.0022805566
-3.89796,0.81081,0.002929748
-3.83186,0.81081,0.0036550092
-3.76577,0.81081,0.0046177064
-3.69967,0.81081,0.005766144
-3.63357,0.81081,0.0070135207
-3.56747,0.81081,0.0084520215
-3.50138,0.81081,0.010167631
-3.43528,0.81081,0.011947651
-3.36918,0.81081,0.01380779
-3.30309,0.81081,0.015697975
-3.23699,0.81081,0.017479958
-3.17089,0.81081,0.018780947
-3.10479,0.81081,0.019672289
-3.03870,0.81081,0.020116949
-2.97260,0.81081,0.019881459
-2.90650,0.81081,0.019298764
-2.84041,0.81081,0.017956179
-2.77431,0.81081,0.015556505
-2.70821,0.81081,0.012896378
-2.64211,0.81081,0.0098003345
-2.57602,0.81081,0.0061667915
-2.50992,0.81081,0.0026337085
-2.44382,0.81081,-0.0002072206
-2.37773,0.81081,-0.0021643639
-2.31163,0.81081,-0.0038238573
-2.24553,0.81081,-0.0051182932
-2.17943,0.81081,-0.0055466848
-2.11334,0.81081,-0.005731395
-2.04724,0.81081,-0.005672175
-1.98114,0.81081,-0.0050362903
-1.91505,0.81081,-0.00441432
-1.84895,0.81081,-0.0035856832
-1.78285,0.81081,-0.0025842139
-1.71675,0.81081,-0.0021211514
-1.65066,0.81081,-0.001872094
-1.58456,0.81081,-0.00017106404
-1.51846,0.81081,0.0013259124
-1.45237,0.81081,0.0035994819
-1.38627,0.81081,0.012254816
-1.32017,0.81081,0.023102166
-1.25408,0.81081,0.033398472
-1.18798,0.81081,0.047059931
-1.12188,0.81081,0.062126089
-1.05578,0.81081,0.073405847
-0.98969,0.81081,0.076816142
-0.92359,0.81081,0.080592074
-0.85749,0.81081,0.080612734
-0.79140,0.81081,0.069042586
-0.72530,0.81081,0.059620939
-0.65920,0.81081,0.052123293
-0.59310,0.81081,0.039968774
-0.52701,0.81081,0.030664071
-0.46091,0.81081,0.023889992
-0.39481,0.81081,0.017726129
-0.32872,0.81081,0.012581151
-0.26262,0.81081,0.0089472653
-0.19652,0.81081,0.006403123
-0.13042,0.81081,0.0044887965
-0.06433,0.81081,0.0032929422
0.00177,0.81081,0.0024662286
0.06787,0.81081,0.001912627
0.13396,0.81081,0.0016909303
0.20006,0.81081,0.0019956504
0.26616,0.81081,0.0026588147
0.33226,0.81081,0.0038942306
0.39835,0.81081,0.0062641418
0.46445,0.81081,0.0093616322
0.53055,0.81081,0.01284678
0.59664,0.81081,0.016679099
0.66274,0.81081,0.020425821
0.72884,0.81081,0.022031946
0.79493,0.81081,0.020032633
0.86103,0.81081,0.017528633
0.92713,0.81081,0.014429643
0.99323,0.81081,0.011326306
1.05932,0.81081,0.0097869355
1.12542,0.81081,0.010251685
1.19152,0.81081,0.012486816
1.25761,0.81081,0.014853141
1.32371,0.81081,0.016739516
1.38981,0.81081,0.016160257
1.45591,0.81081,0.014281791
1.52200,0.81081,0.011886064
1.58810,0.81081,0.0089309271
1.65420,0.81081,0.0065219267
1.72029,0.81081,0.0047309189
1.78639,0.81081,0.0034326112
1.85249,0.81081,0.0024855461
1.91859,0.81081,0.0017938493
1.98468,0.81081,0.0012953856
2.05078,0.81081,0.00091246865
2.11688,0.81081,0.00064029393
2.18297,0.81081,0.00044222156
2.24907,0.81081,0.00028543701
2.31517,0.81081,0.00017711906
2.38127,0.81081,0.0001059061
2.44736,0.81081,5.156011e-05
2.51346,0.81081,1.8545396e-05
2.57956,0.81081,5.6899057e-06
2.64565,0.81081,-7.5093396e-07
2.71175,0.81081,-3.2604757e-07
2.77785,0.81081,8.1588196e-06
2.84394,0.81081,1.6422235e-05
2.91004,0.81081,2.5092377e-05
2.97614,0.81081,3.3210054e-05
3.04224,0.81081,4.0161172e-05
3.10833,0.81081,4.4572276e-05
3.17443,0.81081,4.5277116e-05
3.24053,0.81081,4.3446391e-05
3.30662,0.81081,3.8511585e-05
3.37272,0.81081,3.0704119e-05
3.43882,0.81081,2.0187807e-05
3.50492,0.81081,9.5199548e-06
3.57101,0.81081,1.4942594e-06
3.63711,0.81081,-7.0898586e-06
3.70321,0.81081,-1.3646571e-05
3.76930,0.81081,-1.3876044e-05
3.83540,0.81081,-1.1655554e-05
3.90150,0.81081,-9.1140701e-06
-3.96406,0.85494,0.0019644925
-3.89796,0.85494,0.0025446764
-3.83186,0.85494,0.0031742328
-3.76577,0.85494,0.0039006122
-3.69967,0.85494,0.0048374259
-3.63357,0.85494,0.0058388147
-3.56747,0.85494,0.0069299438
-3.50138,0.85494,0.0082639167
-3.43528,0.85494,0.0096421549
-3.36918,0.85494,0.010992844
-3.30309,0.85494,0.012281444
-3.23699,0.85494,0.013538019
-3.17089,0.85494,0.014558154
-3.10479,0.85494,0.015175587
-3.03870,0.85494,0.015444248
-2.97260,0.85494,0.015143179
-2.90650,0.85494,0.014153754
-2.84041,0.85494,0.012628654
-2.77431,0.85494,0.010439447
-2.70821,0.85494,0.007678729
-2.64211,0.85494,0.0054347091
-2.57602,0.85494,0.003151567
-2.50992,0.85494,0.00092014734
-2.44382,0.85494,-0.0011563045
-2.37773,0.85494,-0.0028796457
-2.31163,0.85494,-0.0041238978
-2.24553,0.85494,-0.0050980896
-2.17943,0.85494,-0.0054903291
-2.11334,0.85494,-0.0053089163
-2.04724,0.85494,-0.0044368235
-1.98114,0.85494,-0.0033813319
-1.91505,0.85494,-0.0022349381
-1.84895,0.85494,-0.0013775087
-1.78285,0.85494,-0.0007168359
-1.71675,0.85494,-0.00028952517
-1.65066,0.85494,-0.0002773306
-1.58456,0.85494,0.00026057026
-1.51846,0.85494,0.0018049198
-1.45237,0.85494,0.0032548571
-1.38627,0.85494,0.0078324741
-1.32017,0.85494,0.016536277
-1.25408,0.85494,0.025378494
-1.18798,0.85494,0.035864484
-1.12188,0.85494,0.048092909
-1.05578,0.85494,0.059191942
-0.98969,0.85494,0.064286359
-0.92359,0.85494,0.065532848
-0.85749,0.85494,0.066344485
-0.79140,0.85494,0.058913175
-0.72530,0.85494,0.049782135
-0.65920,0.85494,0.042713135
-0.59310,0.85494,0.033686947
-0.52701,0.85494,0.025016995
-0.46091,0.85494,0.018600855
-0.39481,0.85494,0.013533283
-0.32872,0.85494,0.009724048
-0.26262,0.85494,0.0072467132
-0.19652,0.85494,0.005550568
-0.13042,0.85494,0.0041211601
-0.06433,0.85494,0.002998987
0.00177,0.85494,0.0022290731
0.06787,0.85494,0.0017829298
0.13396,0.85494,0.0016064795
0.20006,0.85494,0.0018692022
0.26616,0.85494,0.0026258926
0.33226,0.85494,0.0037989039
0.39835,0.85494,0.0057832496
0.46445,0.85494,0.0087427469
0.53055,0.85494,0.012130292
0.59664,0.85494,0.015655339
0.66274,0.85494,0.018939858
0.72884,0.85494,0.021181194
0.79493,0.85494,0.019863186
0.86103,0.85494,0.016346695
0.92713,0.85494,0.012868402
0.99323,0.85494,0.0096230553
1.05932,0.85494,0.0082212221
1.12542,0.85494,0.0084874872
1.19152,0.85494,0.01035267
1.25761,0.85494,0.012597125
1.32371,0.85494,0.014785241
1.38981,0.85494,0.015104539
1.45591,0.85494,0.012868752
1.52200,0.85494,0.010710678
1.58810,0.85494,0.0083309282
1.65420,0.85494,0.0061459988
1.72029,0.85494,0.0044675218
1.78639,0.85494,0.0032524655
1.85249,0.85494,0.0023686641
1.91859,0.85494,0.0017113197
1.98468,0.85494,0.0012409771
2.05078,0.85494,0.00089371268
2.11688,0.85494,0.00063474034
2.18297,0.85494,0.00044047981
2.24907,0.85494,0.00029228424
2.31517,0.85494,0.0001823106
2.38127,0.85494,0.00010977003
2.44736,0.85494,5.9461006e-05
2.51346,0.85494,2.5270056e-05
2.57956,0.85494,1.0864335e-05
2.64565,0.85494,4.201841e-06
2.71175,0.85494,2.6637408e-06
2.77785,0.85494,8.4332933e-06
2.84394,0.85494,1.6251588e-05
2.91004,0.85494,2.4711433e-05
2.97614,0.85494,3.2529191e-05
3.04224,0.85494,3.8889702e-05
3.10833,0.85494,4.3477641e-05
3.17443,0.85494,4.3617019e-05
3.24053,0.85494,4.0861047e-05
3.30662,0.85494,3.565698e-05
3.37272,0.85494,2.8347273e-05
3.43882,0.85494,1.9235085e-05
3.50492,0.85494,8.6991849e-06
3.57101,0.85494,6.5643343e-07
3.63711,0.85494,-5.7872098e-06
3.70321,0.85494,-1.292664e-05
3.76930,0.85494,-1.3837616e-05
3.83540,0.85494,-1.0027435e-05
3.90150,0.85494,-5.9991758e-06
-3.96406,0.89908,0.001673655
-3.89796,0.89908,0.0021483176
-3.83186,0.89908,0.0026809606
-3.76577,0.89908,0.0032552781
-3.69967,0.89908,0.0040173614
-3.63357,0.89908,0.0048424066
-3.56747,0.89908,0.0056951889
-3.50138,0.89908,0.0066787153
-3.43528,0.89908,0.0077154846
-3.36918,0.89908,0.0087329345
-3.30309,0.89908,0.0096573774
-3.23699,0.89908,0.010507548
-3.17089,0.89908,0.011195792
-3.10479,0.89908,0.01142052
-3.03870,0.89908,0.011222399
-2.97260,0.89908,0.0106891
-2.90650,0.89908,0.0094888378
-2.84041,0.89908,0.0083334306
-2.77431,0.89908,0.0069378028
-2.70821,0.89908,0.0051409113
-2.64211,0.89908,0.0031954213
-2.57602,0.89908,0.0011324006
-2.50992,0.89908,-0.00079884805
-2.44382,0.89908,-0.0025544649
-2.37773,0.89908,-0.0041165827
-2.31163,0.89908,-0.0048019211
-2.24553,0.89908,-0.0046543437
-2.17943,0.89908,-0.0043077143
-2.11334,0.89908,-0.0033381914
-2.04724,0.89908,-0.0022609502
-1.98114,0.89908,-0.0012631158
-1.91505,0.89908,-0.00014072032
-1.84895,0.89908,0.00072916487
-1.78285,0.89908,0.0012265693
-1.71675,0.89908,0.0016577845
-1.65066,0.89908,0.001839426
-1.58456,0.89908,0.0015774531
-1.51846,0.89908,0.0023130032
-1.45237,0.89908,0.0035413301
-1.38627,0.89908,0.0054939045
-1.32017,0.89908,0.011758894
-1.25408,0.89908,0.019552631
-1.18798,0.89908,0.028389208
-1.12188,0.89908,0.037210457
-1.05578,0.89908,0.045354571
-0.98969,0.89908,0.051195651
-0.92359,0.89908,0.051646326
-0.85749,0.89908,0.051501274
-0.79140,0.89908,0.047637396
-0.72530,0.89908,0.039694324
-0.65920,0.89908,0.032632973
-0.59310,0.89908,0.025694674
-0.52701,0.89908,0.019563075
-0.46091,0.89908,0.014988856
-0.39481,0.89908,0.011655076
-0.32872,0.89908,0.0086572599
-0.26262,0.89908,0.0064259204
-0.19652,0.89908,0.0048179771
-0.13042,0.89908,0.0035682472
-0.06433,0.89908,0.0025731032
0.00177,0.89908,0.0018470043
0.06787,0.89908,0.0015856004
0.13396,0.89908,0.0015747334
0.20006,0.89908,0.0017768734
0.26616,0.89908,0.0025126468
0.33226,0.89908,0.0037064669
0.39835,0.89908,0.0053013614
0.46445,0.89908,0.0080726137
0.53055,0.89908,0.01143557
0.59664,0.89908,0.01493776
0.66274,0.89908,0.017175289
0.72884,0.89908,0.018496662
0.79493,0.89908,0.017475581
0.86103,0.89908,0.014116109
0.92713,0.89908,0.010669635
0.99323,0.89908,0.0073044202
1.05932,0.89908,0.0060800347
1.12542,0.89908,0.0065561193
1.19152,0.89908,0.0083043892
1.25761,0.89908,0.010224017
1.32371,0.89908,0.011837118
1.38981,0.89908,0.013083968
1.45591,0.89908,0.01118454
1.52200,0.89908,0.0091903806
1.58810,0.89908,0.0073515899
1.65420,0.89908,0.0054819128
1.72029,0.89908,0.0040171258
1.78639,0.89908,0.0029740722
1.85249,0.89908,0.0022213834
1.91859,0.89908,0.0016464479
1.98468,0.89908,0.0011909459
2.05078,0.89908,0.00086444186
2.11688,0.89908,0.00061761547
2.18297,0.89908,0.00042174628
2.24907,0.89908,0.00028345757
2.31517,0.89908,0.00017971828
2.38127,0.89908,0.00010680674
2.44736,0.89908,6.0796992e-05
2.51346,0.89908,2.7622984e-05
2.57956,0.89908,1.1553762e-05
2.64565,0.89908,5.478239e-06
2.71175,0.89908,4.3562495e-06
2.77785,0.89908,9.5385976e-06
2.84394,0.89908,1.71186e-05
2.91004,0.89908,2.5082145e-05
2.97614,0.89908,3.2335091e-05
3.04224,0.89908,3.6981783e-05
3.10833,0.89908,3.9770479e-05
3.17443,0.89908,4.0675011e-05
3.24053,0.89908,3.8048402e-05
3.30662,0.89908,3.3097487e-05
3.37272,0.89908,2.5690151e-05
3.43882,0.89908,1.7720135e-05
3.50492,0.89908,8.4249732e-06
3.57101,0.89908,-1.5315985e-06
3.63711,0.89908,-5.9795884e-06
3.70321,0.89908,-1.1833899e-05
3.76930,0.89908,-1.5175198e-05
3.83540,0.89908,-9.9021536e-06
3.90150,0.89908,-3.688388e-06
-3.96406,0.94322,0.0014146528
-3.89796,0.94322,0.0017990292
-3.83186,0.94322,0.0022554214
-3.76577,0.94322,0.0027432099
-3.69967,0.94322,0.0033289399
-3.63357,0.94322,0.0039770221
-3.56747,0.94322,0.0046417387
-3.50138,0.94322,0.0053523909
-3.43528,0.94322,0.0061160647
-3.36918,0.94322,0.0068350695
-3.30309,0.94322,0.007468665
-3.23699,0.94322,0.0079151439
-3.17089,0.94322,0.0081673274
-3.10479,0.94322,0.0082633626
-3.03870,0.94322,0.0080002798
-2.97260,0.94322,0.0075492267
-2.90650,0.94322,0.0068784365
-2.84041,0.94322,0.0056500765
-2.77431,0.94322,0.0041858829
-2.70821,0.94322,0.0025775081
-2.64211,0.94322,0.00072973932
-2.57602,0.94322,-0.0011682921
-2.50992,0.94322,-0.0025412594
-2.44382,0.94322,-0.0032466899
-2.37773,0.94322,-0.0037322768
-2.31163,0.94322,-0.0039323657
-2.24553,0.94322,-0.0034106055
-2.17943,0.94322,-0.0027256061
-2.11334,0.94322,-0.0018756327
-2.04724,0.94322,-0.0005371712
-1.98114,0.94322,0.00067269243
-1.91505,0.94322,0.0022093253
-1.84895,0.94322,0.0035842997
-1.78285,0.94322,0.0043666326
-1.71675,0.94322,0.0045814905
-1.65066,0.94322,0.0044741048
-1.58456,0.94322,0.003979261
-1.51846,0.94322,0.00334668
-1.45237,0.94322,0.0041717682
-1.38627,0.94322,0.0058826911
-1.32017,0.94322,0.008350349
-1.25408,0.94322,0.013836518
-1.18798,0.94322,0.01997439
-1.12188,0.94322,0.02669644
-1.05578,0.94322,0.032930873
-0.98969,0.94322,0.036860272
-0.92359,0.94322,0.039592993
-0.85749,0.94322,0.038120877
-0.79140,0.94322,0.034538992
-0.72530,0.94322,0.030945107
-0.65920,0.94322,0.02572952
-0.59310,0.94322,0.021131042
-0.52701,0.94322,0.016398408
-0.46091,0.94322,0.012392371
-0.39481,0.94322,0.0095152268
-0.32872,0.94322,0.0070563653
-0.26262,0.94322,0.0052047651
-0.19652,0.94322,0.0039456682
-0.13042,0.94322,0.0030477187
-0.06433,0.94322,0.0023137436
0.00177,0.94322,0.0017792322
0.06787,0.94322,0.001467953
0.13396,0.94322,0.0015142574
0.20006,0.94322,0.001774405
0.26616,0.94322,0.0023232261
0.33226,0.94322,0.0035015461
0.39835,0.94322,0.005041711
0.46445,0.94322,0.0070163272
0.53055,0.94322,0.009769409
0.59664,0.94322,0.012435531
0.66274,0.94322,0.01476573
0.72884,0.94322,0.015689366
0.79493,0.94322,0.014383861
0.86103,0.94322,0.011968313
0.92713,0.94322,0.0084539419
0.99323,0.94322,0.0054525067
1.05932,0.94322,0.0038072953
1.12542,0.94322,0.0044264393
1.19152,0.94322,0.0060188943
1.25761,0.94322,0.0078080394
1.32371,0.94322,0.0091397455
1.38981,0.94322,0.010067893
1.45591,0.94322,0.0095071485
1.52200,0.94322,0.0076374137
1.58810,0.94322,0.006160391
1.65420,0.94322,0.0048679025
1.72029,0.94322,0.0036947641
1.78639,0.94322,0.0027684087
1.85249,0.94322,0.0020587656
1.91859,0.94322,0.0015342385
1.98468,0.94322,0.0011182844
2.05078,0.94322,0.00080121704
2.11688,0.94322,0.00057478459
2.18297,0.94322,0.00040229526
2.24907,0.94322,0.00026784191
2.31517,0.94322,0.00017242052
2.38127,0.94322,0.00010494109
2.44736,0.94322,5.6845351e-05
2.51346,0.94322,2.6373404e-05
2.57956,0.94322,1.1170896e-05
2.64565,0.94322,5.373664e-06
2.71175,0.94322,4.8572133e-06
2.77785,0.94322,8.9988935e-06
2.84394,0.94322,1.6560565e-05
2.91004,0.94322,2.2913378e-05
2.97614,0.94322,2.9094368e-05
3.04224,0.94322,3.5144905e-05
3.10833,0.94322,3.7459828e-05
3.17443,0.94322,3.7809961e-05
3.24053,0.94322,3.6189194e-05
3.30662,0.94322,3.1281612e-05
3.37272,0.94322,2.4002635e-05
3.43882,0.94322,1.5485819e-05
3.50492,0.94322,7.3557298e-06
3.57101,0.94322,-1.2088396e-06
3.63711,0.94322,-8.0976024e-06
3.70321,0.94322,-1.2224863e-05
3.76930,0.94322,-1.4314667e-05
3.83540,0.94322,-1.1638987e-05
3.90150,0.94322,-2.6486921e-06
-3.96406,0.98735,0.0011906169
-3.89796,0.98735,0.00151508
-3.83186,0.98735,0.0018690226
-3.76577,0.98735,0.0022594959
-3.69967,0.98735,0.0027101003
-3.63357,0.98735,0.0032106678
-3.56747,0.98735,0.0037242211
-3.50138,0.98735,0.0042415941
-3.43528,0.98735,0.0047783507
-3.36918,0.98735,0.0052281697
-3.30309,0.98735,0.0056302682
-3.23699,0.98735,0.0059398883
-3.17089,0.98735,0.0060527343
-3.10479,0.98735,0.0060313861
-3.03870,0.98735,0.0057198578
-2.97260,0.98735,0.005051896
-2.90650,0.98735,0.0041978392
-2.84041,0.98735,0.0030295956
-2.77431,0.98735,0.0014892229
-2.70821,0.98735,0.00034528744
-2.64211,0.98735,-0.00074561191
-2.57602,0.98735,-0.0017746048
-2.50992,0.98735,-0.002679738
-2.44382,0.98735,-0.0032484129
-2.37773,0.98735,-0.0033830223
-2.31163,0.98735,-0.0033298277
-2.24553,0.98735,-0.0027852431
-2.17943,0.98735,-0.0016445726
-2.11334,0.98735,0.00018521777
-2.04724,0.98735,0.0021936388
-1.98114,0.98735,0.0042334218
-1.91505,0.98735,0.0058914479
-1.84895,0.98735,0.0071058148
-1.78285,0.98735,0.0076941843
-1.71675,0.98735,0.0076060528
-1.65066,0.98735,0.007301026
-1.58456,0.98735,0.006528344
-1.51846,0.98735,0.0053671161
-1.45237,0.98735,0.0047754603
-1.38627,0.98735,0.0053252042
-1.32017,0.98735,0.0064523709
-1.25408,0.98735,0.0091470871
-1.18798,0.98735,0.01358265
-1.12188,0.98735,0.018614581
-1.05578,0.98735,0.023358207
-0.98969,0.98735,0.025832748
-0.92359,0.98735,0.028243082
-0.85749,0.98735,0.028791225
-0.79140,0.98735,0.026455058
-0.72530,0.98735,0.023349537
-0.65920,0.98735,0.019789226
-0.59310,0.98735,0.015983427
-0.52701,0.98735,0.011988342
-0.46091,0.98735,0.0089282095
-0.39481,0.98735,0.007128627
-0.32872,0.98735,0.0057207518
-0.26262,0.98735,0.0045131752
-0.19652,0.98735,0.0035220005
-0.13042,0.98735,0.0027089363
-0.06433,0.98735,0.0020499087
0.00177,0.98735,0.0015992232
0.06787,0.98735,0.0013241753
0.13396,0.98735,0.0013484989
0.20006,0.98735,0.0016692013
0.26616,0.98735,0.0021606919
0.33226,0.98735,0.0030444881
0.39835,0.98735,0.0044068377
0.46445,0.98735,0.0060839802
0.53055,0.98735,0.0082715778
0.59664,0.98735,0.010499674
0.66274,0.98735,0.012603201
0.72884,0.98735,0.013540016
0.79493,0.98735,0.01189208
0.86103,0.98735,0.0094923945
0.92713,0.98735,0.0065917457
0.99323,0.98735,0.0039401772
1.05932,0.98735,0.0022029257
1.12542,0.98735,0.0022606652
1.19152,0.98735,0.0037649418
1.25761,0.98735,0.0056026909
1.32371,0.98735,0.0069780569
1.38981,0.98735,0.0076881666
1.45591,0.98735,0.0076719844
1.52200,0.98735,0.0065992516
1.58810,0.98735,0.0053176591
1.65420,0.98735,0.0042457189
1.72029,0.98735,0.0032625711
1.78639,0.98735,0.0024492501
1.85249,0.98735,0.0018207683
1.91859,0.98735,0.0013688741
1.98468,0.98735,0.0010262721
2.05078,0.98735,0.00074790895
2.11688,0.98735,0.00053778244
2.18297,0.98735,0.00037688072
2.24907,0.98735,0.00024815678
2.31517,0.98735,0.00015445965
2.38127,0.98735,9.2817463e-05
2.44736,0.98735,4.8298287e-05
2.51346,0.98735,2.0901261e-05
2.57956,0.98735,7.4463724e-06
2.64565,0.98735,3.3342471e-06
2.71175,0.98735,3.5124879e-06
2.77785,0.98735,6.8410841e-06
2.84394,0.98735,1.5030037e-05
2.91004,0.98735,2.2084469e-05
2.97614,0.98735,2.7665455e-05
3.04224,0.98735,3.3799039e-05
3.10833,0.98735,3.6086145e-05
3.17443,0.98735,3.533038e-05
3.24053,0.98735,3.3143715e-05
3.30662,0.98735,2.8745148e-05
3.37272,0.98735,2.202416e-05
3.43882,0.98735,1.3413412e-05
3.50492,0.98735,5.1789916e-06
3.57101,0.98735,-2.2425154e-06
3.63711,0.98735,-9.6644426e-06
3.70321,0.98735,-1.5384809e-05
3.76930,0.98735,-1.7037093e-05
3.83540,0.98735,-1.4833056e-05
3.90150,0.98735,-3.5569342e-06
-3.96406,1.03149,0.00098054204
-3.89796,1.03149,0.0012372702
-3.83186,1.03149,0.001522645
-3.76577,1.03149,0.001833993
-3.69967,1.03149,0.0021819612
-3.63357,1.03149,0.0025717737
-3.56747,1.03149,0.0029509566
-3.50138,1.03149,0.0033094913
-3.43528,1.03149,0.0037038147
-3.36918,1.03149,0.004008404
-3.30309,1.03149,0.0042274115
-3.23699,1.03149,0.0043795742
-3.17089,1.03149,0.0043030176
-3.10479,1.03149,0.0040356345
-3.03870,1.03149,0.0035958379
-2.97260,1.03149,0.002837396
-2.90650,1.03149,0.0021375637
-2.84041,1.03149,0.0013626673
-2.77431,1.03149,0.00038363089
-2.70821,1.03149,-0.0006362964
-2.64211,1.03149,-0.0016417361
-2.57602,1.03149,-0.0024796836
-2.50992,1.03149,-0.0031540752
-2.44382,1.03149,-0.0036822909
-2.37773,1.03149,-0.003319968
-2.31163,1.03149,-0.002222904
-2.24553,1.03149,-0.00094381336
-2.17943,1.03149,0.0011203062
-2.11334,1.03149,0.0033077253
-2.04724,1.03149,0.0053063352
-1.98114,1.03149,0.00744825
-1.91505,1.03149,0.0092128729
-1.84895,1.03149,0.010494626
-1.78285,1.03149,0.011318459
-1.71675,1.03149,0.011266932
-1.65066,1.03149,0.010937279
-1.58456,1.03149,0.0096530644
-1.51846,1.03149,0.007803909
-1.45237,1.03149,0.006137995
-1.38627,1.03149,0.0056998809
-1.32017,1.03149,0.0059334226
-1.25408,1.03149,0.0067722532
-1.18798,1.03149,0.0092821531
-1.12188,1.03149,0.012499551
-1.05578,1.03149,0.016098157
-0.98969,1.03149,0.017968863
-0.92359,1.03149,0.019198013
-0.85749,1.03149,0.020250788
-0.79140,1.03149,0.018554661
-0.72530,1.03149,0.015488897
-0.65920,1.03149,0.012837538
-0.59310,1.03149,0.011258929
-0.52701,1.03149,0.009187609
-0.46091,1.03149,0.0075558405
-0.39481,1.03149,0.0061912504
-0.32872,1.03149,0.0049574762
-0.26262,1.03149,0.0038667496
-0.19652,1.03149,0.0029800227
-0.13042,1.03149,0.0022647348
-0.06433,1.03149,0.0016821601
0.00177,1.03149,0.0013877355
0.06787,1.03149,0.0012302558
0.13396,1.03149,0.0012219057
0.20006,1.03149,0.0015167873
0.26616,1.03149,0.0019996839
0.33226,1.03149,0.0026600671
0.39835,1.03149,0.0038457599
0.46445,1.03149,0.0053784926
0.53055,1.03149,0.0071203704
0.59664,1.03149,0.0086608175
0.66274,1.03149,0.009913764
0.72884,1.03149,0.010811339
0.79493,1.03149,0.0094150836
0.86103,1.03149,0.0069756676
0.92713,1.03149,0.0043236753
0.99323,1.03149,0.0019271889
1.05932,1.03149,0.00049640879
1.12542,1.03149,0.00025917456
1.19152,1.03149,0.0018013772
1.25761,1.03149,0.0035802405
1.32371,1.03149,0.005160748
1.38981,1.03149,0.0057770489
1.45591,1.03149,0.0058275997
1.52200,1.03149,0.0053171157
1.58810,1.03149,0.0042897975
1.65420,1.03149,0.0034196959
1.72029,1.03149,0.0027517369
1.78639,1.03149,0.0021496031
1.85249,1.03149,0.0016522945
1.91859,1.03149,0.0012535835
1.98468,1.03149,0.00093821395
2.05078,1.03149,0.00068245386
2.11688,1.03149,0.00047971919
2.18297,1.03149,0.00033180669
2.24907,1.03149,0.0002149332
2.31517,1.03149,0.00013086273
2.38127,1.03149,7.7261691e-05
2.44736,1.03149,3.9537888e-05
2.51346,1.03149,1.4837262e-05
2.57956,1.03149,1.6730578e-06
2.64565,1.03149,-1.1426689e-06
2.71175,1.03149,1.7257065e-06
2.77785,1.03149,4.8667739e-06
2.84394,1.03149,1.2989179e-05
2.91004,1.03149,2.1472581e-05
2.97614,1.03149,2.5923086e-05
3.04224,1.03149,3.0299516e-05
3.10833,1.03149,3.3726639e-05
3.17443,1.03149,3.2847955e-05
3.24053,1.03149,3.0199923e-05
3.30662,1.03149,2.6173422e-05
3.37272,1.03149,1.9876732e-05
3.43882,1.03149,1.1476925e-05
3.50492,1.03149,7.4272367e-07
3.57101,1.03149,-7.3317433e-06
3.63711,1.03149,-1.5130278e-05
3.70321,1.03149,-2.2791577e-05
3.76930,1.03149,-2.2829268e-05
3.83540,1.03149,-1.8526784e-05
3.90150,1.03149,-9.4249253e-06
-3.96406,1.07563,0.00080032286
-3.89796,1.07563,0.001002046
-3.83186,1.07563,0.0012350986
-3.76577,1.07563,0.0014756682
-3.69967,1.07563,0.0017273113
-3.63357,1.07563,0.0020196817
-3.56747,1.07563,0.0023040299
-3.50138,1.07563,0.0025446902
-3.43528,1.07563,0.0027877626
-3.36918,1.07563,0.0029865312
-3.30309,1.07563,0.0030255925
-3.23699,1.07563,0.0029715439
-3.17089,1.07563,0.0028586823
-3.10479,1.07563,0.0025554213
-3.03870,1.07563,0.0021657101
-2.97260,1.07563,0.0016639015
-2.90650,1.07563,0.00091483287
-2.84041,1.07563,9.259073e-05
-2.77431,1.07563,-0.00080739276
-2.70821,1.07563,-0.0017588895
-2.64211,1.07563,-0.0026874377
-2.57602,1.07563,-0.0031905167
-2.50992,1.07563,-0.0030570142
-2.44382,1.07563,-0.0026958266
-2.37773,1.07563,-0.002020048
-2.31163,1.07563,-0.00048114022
-2.24553,1.07563,0.0011886174
-2.17943,1.07563,0.0030700045
-2.11334,1.07563,0.0057225251
-2.04724,1.07563,0.0080605689
-1.98114,1.07563,0.010990179
-1.91505,1.07563,0.013707486
-1.84895,1.07563,0.015716476
-1.78285,1.07563,0.016631195
-1.71675,1.07563,0.015876096
-1.65066,1.07563,0.014831143
-1.58456,1.07563,0.013382848
-1.51846,1.07563,0.010771109
-1.45237,1.07563,0.0082384441
-1.38627,1.07563,0.0066949539
-1.32017,1.07563,0.0057482398
-1.25408,1.07563,0.0053163343
-1.18798,1.07563,0.0060914443
-1.12188,1.07563,0.0079312464
-1.05578,1.07563,0.0099714985
-0.98969,1.07563,0.011531293
-0.92359,1.07563,0.01172902
-0.85749,1.07563,0.011971346
-0.79140,1.07563,0.012693086
-0.72530,1.07563,0.011263708
-0.65920,1.07563,0.010168543
-0.59310,1.07563,0.0092230299
-0.52701,1.07563,0.0075704679
-0.46091,1.07563,0.0061417529
-0.39481,1.07563,0.0050545703
-0.32872,1.07563,0.004022025
-0.26262,1.07563,0.003138083
-0.19652,1.07563,0.0025056305
-0.13042,1.07563,0.0019859998
-0.06433,1.07563,0.0015511063
0.00177,1.07563,0.0012505959
0.06787,1.07563,0.0011307365
0.13396,1.07563,0.0011453852
0.20006,1.07563,0.0013351934
0.26616,1.07563,0.0018115289
0.33226,1.07563,0.0024113203
0.39835,1.07563,0.003196368
0.46445,1.07563,0.0043512373
0.53055,1.07563,0.0056409901
0.59664,1.07563,0.0068041435
0.66274,1.07563,0.0075643798
0.72884,1.07563,0.0079135103
0.79493,1.07563,0.0072473562
0.86103,1.07563,0.0047010579
0.92713,1.07563,0.0024208152
0.99323,1.07563,0.00048524898
1.05932,1.07563,-0.00027590134
1.12542,1.07563,-0.00030394626
1.19152,1.07563,0.00043780889
1.25761,1.07563,0.001957132
1.32371,1.07563,0.0032825607
1.38981,1.07563,0.0041645085
1.45591,1.07563,0.0041897548
1.52200,1.07563,0.0039169178
1.58810,1.07563,0.0035219353
1.65420,1.07563,0.0029355604
1.72029,1.07563,0.0023867949
1.78639,1.07563,0.0018927789
1.85249,1.07563,0.0014515461
1.91859,1.07563,0.0010969936
1.98468,1.07563,0.00081114733
2.05078,1.07563,0.00058834819
2.11688,1.07563,0.00041982514
2.18297,1.07563,0.00028841011
2.24907,1.07563,0.00018813301
2.31517,1.07563,0.00011090622
2.38127,1.07563,5.8549645e-05
2.44736,1.07563,2.4723464e-05
2.51346,1.07563,3.3211604e-06
2.57956,1.07563,-6.9723392e-06
2.64565,1.07563,-7.6128276e-06
2.71175,1.07563,-3.1378463e-06
2.77785,1.07563,3.3852166e-06
2.84394,1.07563,1.0166126e-05
2.91004,1.07563,1.7969123e-05
2.97614,1.07563,2.446783e-05
3.04224,1.07563,2.7964432e-05
3.10833,1.07563,3.089926e-05
3.17443,1.07563,3.1208554e-05
3.24053,1.07563,2.7627835e-05
3.30662,1.07563,2.2872617e-05
3.37272,1.07563,1.5568812e-05
3.43882,1.07563,6.6239636e-06
3.50492,1.07563,-3.619823e-06
3.57101,1.07563,-1.369197e-05
3.63711,1.07563,-2.1081589e-05
3.70321,1.07563,-2.7459429e-05
3.76930,1.07563,-3.0294708e-05
3.83540,1.07563,-2.6069878e-05
3.90150,1.07563,-1.5123521e-05
-3.96406,1.11977,0.00065381516
-3.89796,1.11977,0.00079609326
-3.83186,1.11977,0.00097310683
-3.76577,1.11977,0.0011546462
-3.69967,1.11977,0.0013332953
-3.63357,1.11977,0.0015436916
-3.56747,1.11977,0.0017416526
-3.50138,1.11977,0.0018991883
-3.43528,1.11977,0.0020088751
-3.36918,1.11977,0.0021054635
-3.30309,1.11977,0.0021165847
-3.23699,1.11977,0.0020037256
-3.17089,1.11977,0.0018352933
-3.10479,1.11977,0.0015227544
-3.03870,1.11977,0.0010295296
-2.97260,1.11977,0.00044390449
-2.90650,1.11977,-0.0002823305
-2.84041,1.11977,-0.0011540735
-2.77431,1.11977,-0.0017541604
-2.70821,1.11977,-0.0022560488
-2.64211,1.11977,-0.0025865426
-2.57602,1.11977,-0.0027733771
-2.50992,1.11977,-0.002583435
-2.44382,1.11977,-0.0018871049
-2.37773,1.11977,-0.0009701681
-2.31163,1.11977,0.000518366
-2.24553,1.11977,0.0027810752
-2.17943,1.11977,0.0058682854
-2.11334,1.11977,0.0094732344
-2.04724,1.11977,0.01325343
-1.98114,1.11977,0.016451146
-1.91505,1.11977,0.01896419
-1.84895,1.11977,0.020889144
-1.78285,1.11977,0.021727409
-1.71675,1.11977,0.02082675
-1.65066,1.11977,0.018986495
-1.58456,1.11977,0.017211858
-1.51846,1.11977,0.014053681
-1.45237,1.11977,0.010029248
-1.38627,1.11977,0.0079360856
-1.32017,1.11977,0.0060663363
-1.25408,1.11977,0.0047175963
-1.18798,1.11977,0.0044296985
-1.12188,1.11977,0.0049281591
-1.05578,1.11977,0.005863802
-0.98969,1.11977,0.007153926
-0.92359,1.11977,0.0080326246
-0.85749,1.11977,0.0085876947
-0.79140,1.11977,0.0091185346
-0.72530,1.11977,0.0084565049
-0.65920,1.11977,0.0074399505
-0.59310,1.11977,0.0066301716
-0.52701,1.11977,0.0055892668
-0.46091,1.11977,0.0047122259
-0.39481,1.11977,0.004075408
-0.32872,1.11977,0.0034684504
-0.26262,1.11977,0.0027519427
-0.19652,1.11977,0.0021741199
-0.13042,1.11977,0.0017154348
-0.06433,1.11977,0.0013462098
0.00177,1.11977,0.001082975
0.06787,1.11977,0.00097010791
0.13396,1.11977,0.0010229654
0.20006,1.11977,0.0011858209
0.26616,1.11977,0.0015207812
0.33226,1.11977,0.0020309882
0.39835,1.11977,0.0026572994
0.46445,1.11977,0.003480332
0.53055,1.11977,0.004480768
0.59664,1.11977,0.0054054456
0.66274,1.11977,0.0058678114
0.72884,1.11977,0.0057950197
0.79493,1.11977,0.0053497534
0.86103,1.11977,0.0036106366
0.92713,1.11977,0.0016189894
0.99323,1.11977,-0.00019522733
1.05932,1.11977,-0.00111818
1.12542,1.11977,-0.0010408863
1.19152,1.11977,-0.00043961863
1.25761,1.11977,0.00072481413
1.32371,1.11977,0.0019300253
1.38981,1.11977,0.0028793714
1.45591,1.11977,0.0032880164
1.52200,1.11977,0.0030851518
1.58810,1.11977,0.0028195521
1.65420,1.11977,0.002418098
1.72029,1.11977,0.0019574387
1.78639,1.11977,0.0015429871
1.85249,1.11977,0.001211011
1.91859,1.11977,0.00094317971
1.98468,1.11977,0.00071134116
2.05078,1.11977,0.00052019028
2.11688,1.11977,0.00036445665
2.18297,1.11977,0.00024129951
2.24907,1.11977,0.00014792617
2.31517,1.11977,7.8327816e-05
2.38127,1.11977,3.1153391e-05
2.44736,1.11977,5.7870002e-06
2.51346,1.11977,-9.2518876e-06
2.57956,1.11977,-1.5081978e-05
2.64565,1.11977,-1.2291944e-05
2.71175,1.11977,-7.7306604e-06
2.77785,1.11977,1.8856181e-07
2.84394,1.11977,8.328374e-06
2.91004,1.11977,1.5686028e-05
2.97614,1.11977,2.2720924e-05
3.04224,1.11977,2.6229609e-05
3.10833,1.11977,2.7984121e-05
3.17443,1.11977,2.7623584e-05
3.24053,1.11977,2.4069437e-05
3.30662,1.11977,1.8801771e-05
3.37272,1.11977,1.1389663e-05
3.43882,1.11977,2.1123626e-06
3.50492,1.11977,-8.1919852e-06
3.57101,1.11977,-1.9160088e-05
3.63711,1.11977,-3.0888314e-05
3.70321,1.11977,-3.9948976e-05
3.76930,1.11977,-4.6563233e-05
3.83540,1.11977,-4.1904819e-05
3.90150,1.11977,-2.6514617e-05
-3.96406,1.16390,0.00051524246
-3.89796,1.16390,0.00061776611
-3.83186,1.16390,0.00074952614
-3.76577,1.16390,0.0008821644
-3.69967,1.16390,0.0010103736
-3.63357,1.16390,0.0011445063
-3.56747,1.16390,0.0012702984
-3.50138,1.16390,0.0013764407
-3.43528,1.16390,0.0014229208
-3.36918,1.16390,0.0014301745
-3.30309,1.16390,0.0013861832
-3.23699,1.16390,0.0011965189
-3.17089,1.16390,0.00091678678
-3.10479,1.16390,0.00055241294
-3.03870,1.16390,3.8837043e-05
-2.97260,1.16390,-0.00044504518
-2.90650,1.16390,-0.00094739394
-2.84041,1.16390,-0.0014903194
-2.77431,1.16390,-0.0020121941
-2.70821,1.16390,-0.0024770389
-2.64211,1.16390,-0.0026721172
-2.57602,1.16390,-0.0026581581
-2.50992,1.16390,-0.0025031369
-2.44382,1.16390,-0.0013534282
-2.37773,1.16390,0.00059003296
-2.31163,1.16390,0.0027837758
-2.24553,1.16390,0.006093232
-2.17943,1.16390,0.0097727869
-2.11334,1.16390,0.013380165
-2.04724,1.16390,0.017478015
-1.98114,1.16390,0.021115409
-1.91505,1.16390,0.023728259
-1.84895,1.16390,0.026283588
-1.78285,1.16390,0.027727256
-1.71675,1.16390,0.0271926
-1.65066,1.16390,0.024080856
-1.58456,1.16390,0.021464216
-1.51846,1.16390,0.017902056
-1.45237,1.16390,0.012841779
-1.38627,1.16390,0.0097136367
-1.32017,1.16390,0.0071991123
-1.25408,1.16390,0.004846402
-1.18798,1.16390,0.0036264914
-1.12188,1.16390,0.0035516573
-1.05578,1.16390,0.0039777947
-0.98969,1.16390,0.0046706651
-0.92359,1.16390,0.0053667123
-0.85749,1.16390,0.0056230994
-0.79140,1.16390,0.0057118568
-0.72530,1.16390,0.0054215426
-0.65920,1.16390,0.0051932381
-0.59310,1.16390,0.0049463962
-0.52701,1.16390,0.0046568909
-0.46091,1.16390,0.0039815512
-0.39481,1.16390,0.0033816525
-0.32872,1.16390,0.0028795151
-0.26262,1.16390,0.0022794486
-0.19652,1.16390,0.0017680676
-0.13042,1.16390,0.0013830275
-0.06433,1.16390,0.0011382654
0.00177,1.16390,0.00096237368
0.06787,1.16390,0.00086046959
0.13396,1.16390,0.00089676579
0.20006,1.16390,0.0010488833
0.26616,1.16390,0.0012811554
0.33226,1.16390,0.0017104992
0.39835,1.16390,0.0022515308
0.46445,1.16390,0.0028372279
0.53055,1.16390,0.0034995447
0.59664,1.16390,0.0041050152
0.66274,1.16390,0.0044544996
0.72884,1.16390,0.0042188056
0.79493,1.16390,0.0036158981
0.86103,1.16390,0.0023096704
0.92713,1.16390,0.00056141603
0.99323,1.16390,-0.0010219648
1.05932,1.16390,-0.0019481542
1.12542,1.16390,-0.0015522933
1.19152,1.16390,-0.00082532858
1.25761,1.16390,8.0911974e-05
1.32371,1.16390,0.0010782019
1.38981,1.16390,0.0018432015
1.45591,1.16390,0.0023744244
1.52200,1.16390,0.0022752217
1.58810,1.16390,0.002049895
1.65420,1.16390,0.00189656
1.72029,1.16390,0.0016148614
1.78639,1.16390,0.0013155149
1.85249,1.16390,0.0010562045
1.91859,1.16390,0.00081587763
1.98468,1.16390,0.00060436164
2.05078,1.16390,0.00042935205
2.11688,1.16390,0.00028845694
2.18297,1.16390,0.00017763309
2.24907,1.16390,0.00010291678
2.31517,1.16390,4.7922509e-05
2.38127,1.16390,1.0187011e-05
2.44736,1.16390,-8.0621876e-06
2.51346,1.16390,-2.0936304e-05
2.57956,1.16390,-2.546454e-05
2.64565,1.16390,-1.8125505e-05
2.71175,1.16390,-1.2605527e-05
2.77785,1.16390,-4.4520398e-06
2.84394,1.16390,6.9017719e-06
2.91004,1.16390,1.376047e-05
2.97614,1.16390,1.9385576e-05
3.04224,1.16390,2.3903442e-05
3.10833,1.16390,2.5147767e-05
3.17443,1.16390,2.4242427e-05
3.24053,1.16390,2.1195723e-05
3.30662,1.16390,1.5294965e-05
3.37272,1.16390,6.9306639e-06
3.43882,1.16390,-4.7978442e-06
3.50492,1.16390,-1.8763043e-05
3.57101,1.16390,-3.2864835e-05
3.63711,1.16390,-4.6521389e-05
3.70321,1.16390,-5.5851506e-05
3.76930,1.16390,-6.1548839e-05
3.83540,1.16390,-6.1218714e-05
3.90150,1.16390,-4.2242351e-05
-3.96406,1.20804,0.00039952126
-3.89796,1.20804,0.00047166081
-3.83186,1.20804,0.00056649547
-3.76577,1.20804,0.00065421819
-3.69967,1.20804,0.00073642598
-3.63357,1.20804,0.00082451844
-3.56747,1.20804,0.00088707643
-3.50138,1.20804,0.00092479127
-3.43528,1.20804,0.00093070872
-3.36918,1.20804,0.0008510105
-3.30309,1.20804,0.00071331125
-3.23699,1.20804,0.00054037472
-3.17089,1.20804,0.00025757891
-3.10479,1.20804,-6.3994528e-05
-3.03870,1.20804,-0.00043694029
-2.97260,1.20804,-0.00092908577
-2.90650,1.20804,-0.0014342031
-2.84041,1.20804,-0.0019506677
-2.77431,1.20804,-0.0024082968
-2.70821,1.20804,-0.0027953957
-2.64211,1.20804,-0.0028000991
-2.57602,1.20804,-0.0021280763
-2.50992,1.20804,-0.0011977813
-2.44382,1.20804,5.3824206e-05
-2.37773,1.20804,0.0025370787
-2.31163,1.20804,0.0052869576
-2.24553,1.20804,0.0081418483
-2.17943,1.20804,0.012540989
-2.11334,1.20804,0.016759366
-2.04724,1.20804,0.021849435
-1.98114,1.20804,0.027443264
-1.91505,1.20804,0.03147348
-1.84895,1.20804,0.033945594
-1.78285,1.20804,0.034879047
-1.71675,1.20804,0.033661742
-1.65066,1.20804,0.029883742
-1.58456,1.20804,0.026363356
-1.51846,1.20804,0.021889385
-1.45237,1.20804,0.016113937
-1.38627,1.20804,0.011282563
-1.32017,1.20804,0.0079913139
-1.25408,1.20804,0.0051081656
-1.18798,1.20804,0.0031934844
-1.12188,1.20804,0.0027399652
-1.05578,1.20804,0.0026113845
-0.98969,1.20804,0.0027604175
-0.92359,1.20804,0.0030967197
-0.85749,1.20804,0.0036386035
-0.79140,1.20804,0.0039822347
-0.72530,1.20804,0.0041929982
-0.65920,1.20804,0.0041805096
-0.59310,1.20804,0.0039122519
-0.52701,1.20804,0.0036578723
-0.46091,1.20804,0.0031787602
-0.39481,1.20804,0.0026351379
-0.32872,1.20804,0.0022414092
-0.26262,1.20804,0.0018884713
-0.19652,1.20804,0.001525684
-0.13042,1.20804,0.0012318499
-0.06433,1.20804,0.0010019295
0.00177,1.20804,0.00084915443
0.06787,1.20804,0.0007664322
0.13396,1.20804,0.00076232292
0.20006,1.20804,0.00090488663
0.26616,1.20804,0.0011124784
0.33226,1.20804,0.0013854825
0.39835,1.20804,0.0017861896
0.46445,1.20804,0.0022139919
0.53055,1.20804,0.0026470681
0.59664,1.20804,0.0030373116
0.66274,1.20804,0.0031389117
0.72884,1.20804,0.0029461083
0.79493,1.20804,0.002132148
0.86103,1.20804,0.0011461945
0.92713,1.20804,4.9504626e-05
0.99323,1.20804,-0.00091651763
1.05932,1.20804,-0.0015742702
1.12542,1.20804,-0.0016326588
1.19152,1.20804,-0.0010045012
1.25761,1.20804,-0.00025520899
1.32371,1.20804,0.00052486442
1.38981,1.20804,0.0010999403
1.45591,1.20804,0.0015403559
1.52200,1.20804,0.0017415384
1.58810,1.20804,0.0016447029
1.65420,1.20804,0.0015223763
1.72029,1.20804,0.0013534039
1.78639,1.20804,0.0010859502
1.85249,1.20804,0.00085574243
1.91859,1.20804,0.0006557423
1.98468,1.20804,0.0004766655
2.05078,1.20804,0.00033777618
2.11688,1.20804,0.00022488808
2.18297,1.20804,0.00013436042
2.24907,1.20804,6.5668159e-05
2.31517,1.20804,1.7902932e-05
2.38127,1.20804,-1.6368094e-05
2.44736,1.20804,-3.1621534e-05
2.51346,1.20804,-3.6023215e-05
2.57956,1.20804,-3.7179612e-05
2.64565,1.20804,-2.7863747e-05
2.71175,1.20804,-1.4712082e-05
2.77785,1.20804,-6.7395149e-06
2.84394,1.20804,2.6934026e-06
2.91004,1.20804,1.289267e-05
2.97614,1.20804,1.7683122e-05
3.04224,1.20804,2.1209697e-05
3.10833,1.20804,2.3346394e-05
3.17443,1.20804,2.112481e-05
3.24053,1.20804,1.6232003e-05
3.30662,1.20804,8.7869421e-06
3.37272,1.20804,-1.6316812e-06
3.43882,1.20804,-1.4151279e-05
3.50492,1.20804,-2.8943532e-05
3.57101,1.20804,-4.4544049e-05
3.63711,1.20804,-5.8883121e-05
3.70321,1.20804,-7.0414841e-05
3.76930,1.20804,-8.1657468e-05
3.83540,1.20804,-8.5660387e-05
3.90150,1.20804,-7.5382857e-05
-3.96406,1.25218,0.00030079533
-3.89796,1.25218,0.00034765137
-3.83186,1.25218,0.00040720694
-3.76577,1.25218,0.00046431294
-3.69967,1.25218,0.00050604786
-3.63357,1.25218,0.00054331752
-3.56747,1.25218,0.00056682271
-3.50138,1.25218,0.00054202991
-3.43528,1.25218,0.00050263066
-3.36918,1.25218,0.00042785026
-3.30309,1.25218,0.00027401411
-3.23699,1.25218,7.8549921e-05
-3.17089,1.25218,-0.00019113702
-3.10479,1.25218,-0.00055317418
-3.03870,1.25218,-0.00095976389
-2.97260,1.25218,-0.0014299472
-2.90650,1.25218,-0.0019284592
-2.84041,1.25218,-0.0022390587
-2.77431,1.25218,-0.0024191553
-2.70821,1.25218,-0.0023594629
-2.64211,1.25218,-0.0021397576
-2.57602,1.25218,-0.0014703724
-2.50992,1.25218,-0.00018599544
-2.44382,1.25218,0.0012840839
-2.37773,1.25218,0.0035727578
-2.31163,1.25218,0.0071645193
-2.24553,1.25218,0.011363658
-2.17943,1.25218,0.016679926
-2.11334,1.25218,0.023160173
-2.04724,1.25218,0.028860629
-1.98114,1.25218,0.034154981
-1.91505,1.25218,0.038604543
-1.84895,1.25218,0.04093913
-1.78285,1.25218,0.041963778
-1.71675,1.25218,0.040397298
-1.65066,1.25218,0.035882466
-1.58456,1.25218,0.031273961
-1.51846,1.25218,0.025414003
-1.45237,1.25218,0.018826187
-1.38627,1.25218,0.012938062
-1.32017,1.25218,0.0091307564
-1.25408,1.25218,0.0057709152
-1.18798,1.25218,0.003043527
-1.12188,1.25218,0.0022787147
-1.05578,1.25218,0.0018857882
-0.98969,1.25218,0.001857635
-0.92359,1.25218,0.0021531142
-0.85749,1.25218,0.0025721241
-0.79140,1.25218,0.0029026875
-0.72530,1.25218,0.0030555467
-0.65920,1.25218,0.0030360105
-0.59310,1.25218,0.0028855666
-0.52701,1.25218,0.0027596687
-0.46091,1.25218,0.0025267149
-0.39481,1.25218,0.002233241
-0.32872,1.25218,0.0019185193
-0.26262,1.25218,0.0016141717
-0.19652,1.25218,0.001306462
-0.13042,1.25218,0.0010430495
-0.06433,1.25218,0.00083692762
0.00177,1.25218,0.0007009512
0.06787,1.25218,0.00065635156
0.13396,1.25218,0.00065568415
0.20006,1.25218,0.00074173964
0.26616,1.25218,0.00091077632
0.33226,1.25218,0.0011204762
0.39835,1.25218,0.0013981805
0.46445,1.25218,0.0017170736
0.53055,1.25218,0.0020214983
0.59664,1.25218,0.0022401055
0.66274,1.25218,0.0022185852
0.72884,1.25218,0.0020595391
0.79493,1.25218,0.0015975613
0.86103,1.25218,0.00079018745
0.92713,1.25218,-0.00013551835
0.99323,1.25218,-0.00093103893
1.05932,1.25218,-0.0014370497
1.12542,1.25218,-0.0014940836
1.19152,1.25218,-0.0010933469
1.25761,1.25218,-0.00045749819
1.32371,1.25218,0.00018528968
1.38981,1.25218,0.00070171425
1.45591,1.25218,0.0010666223
1.52200,1.25218,0.0012914457
1.58810,1.25218,0.0012709189
1.65420,1.25218,0.0011561393
1.72029,1.25218,0.0010248526
1.78639,1.25218,0.00084929791
1.85249,1.25218,0.00068219064
1.91859,1.25218,0.00053399435
1.98468,1.25218,0.00039155039
2.05078,1.25218,0.00026178098
2.11688,1.25218,0.00015846828
2.18297,1.25218,7.7759658e-05
2.24907,1.25218,1.5420519e-05
2.31517,1.25218,-2.4541354e-05
2.38127,1.25218,-4.4373784e-05
2.44736,1.25218,-5.1718696e-05
2.51346,1.25218,-4.7225218e-05
2.57956,1.25218,-4.153623e-05
2.64565,1.25218,-3.3841792e-05
2.71175,1.25218,-1.8704883e-05
2.77785,1.25218,-7.3535452e-06
2.84394,1.25218,8.4383578e-07
2.91004,1.25218,1.1316738e-05
2.97614,1.25218,1.6853088e-05
3.04224,1.25218,1.8610097e-05
3.10833,1.25218,1.9059955e-05
3.17443,1.25218,1.6428037e-05
3.24053,1.25218,1.0654232e-05
3.30662,1.25218,2.6802811e-06
3.37272,1.25218,-8.2726674e-06
3.43882,1.25218,-2.1961496e-05
3.50492,1.25218,-3.7858099e-05
3.57101,1.25218,-5.9671995e-05
3.63711,1.25218,-8.1537226e-05
3.70321,1.25218,-0.00010130606
3.76930,1.25218,-0.00011464216
3.83540,1.25218,-0.00011731094
3.90150,1.25218,-0.00010953523
-3.96406,1.29631,0.00021568309
-3.89796,1.29631,0.0002441252
-3.83186,1.29631,0.00027430666
-3.76577,1.29631,0.00030628272
-3.69967,1.29631,0.00031690512
-3.63357,1.29631,0.00031636306
-3.56747,1.29631,0.000319279
-3.50138,1.29631,0.00027504677
-3.43528,1.29631,0.00019242063
-3.36918,1.29631,9.1675487e-05
-3.30309,1.29631,-9.1821516e-05
-3.23699,1.29631,-0.00033785336
-3.17089,1.29631,-0.00062597153
-3.10479,1.29631,-0.0009730825
-3.03870,1.29631,-0.001298134
-2.97260,1.29631,-0.0016267803
-2.90650,1.29631,-0.0019167218
-2.84041,1.29631,-0.0021498813
-2.77431,1.29631,-0.0023186253
-2.70821,1.29631,-0.0021565577
-2.64211,1.29631,-0.0017533816
-2.57602,1.29631,-0.0011766625
-2.50992,1.29631,0.00052820868
-2.44382,1.29631,0.0029459517
-2.37773,1.29631,0.0057170601
-2.31163,1.29631,0.010425587
-2.24553,1.29631,0.015578802
-2.17943,1.29631,0.020552397
-2.11334,1.29631,0.027620081
-2.04724,1.29631,0.034425627
-1.98114,1.29631,0.039631519
-1.91505,1.29631,0.04556876
-1.84895,1.29631,0.048703756
-1.78285,1.29631,0.050715983
-1.71675,1.29631,0.048485063
-1.65066,1.29631,0.042389601
-1.58456,1.29631,0.03654791
-1.51846,1.29631,0.029911032
-1.45237,1.29631,0.022195594
-1.38627,1.29631,0.01494344
-1.32017,1.29631,0.010368714
-1.25408,1.29631,0.0064047729
-1.18798,1.29631,0.0032073855
-1.12188,1.29631,0.0019911521
-1.05578,1.29631,0.0014658415
-0.98969,1.29631,0.0012327004
-0.92359,1.29631,0.0013362442
-0.85749,1.29631,0.0016212127
-0.79140,1.29631,0.001919121
-0.72530,1.29631,0.0021870814
-0.65920,1.29631,0.0022870586
-0.59310,1.29631,0.0023635931
-0.52701,1.29631,0.0022701393
-0.46091,1.29631,0.0020680239
-0.39481,1.29631,0.0018426537
-0.32872,1.29631,0.001565663
-0.26262,1.29631,0.0012970297
-0.19652,1.29631,0.001055578
-0.13042,1.29631,0.00087254989
-0.06433,1.29631,0.00072218105
0.00177,1.29631,0.00061043131
0.06787,1.29631,0.00056320435
0.13396,1.29631,0.00056113169
0.20006,1.29631,0.00060414453
0.26616,1.29631,0.00073672761
0.33226,1.29631,0.00091088976
0.39835,1.29631,0.0011031999
0.46445,1.29631,0.0013142668
0.53055,1.29631,0.0015084011
0.59664,1.29631,0.0016677737
0.66274,1.29631,0.0016029298
0.72884,1.29631,0.0013683107
0.79493,1.29631,0.0010100461
0.86103,1.29631,0.00033220369
0.92713,1.29631,-0.00045652819
0.99323,1.29631,-0.001058402
1.05932,1.29631,-0.0013041912
1.12542,1.29631,-0.0012469277
1.19152,1.29631,-0.0010477731
1.25761,1.29631,-0.0005495674
1.32371,1.29631,-2.7774695e-05
1.38981,1.29631,0.00042338361
1.45591,1.29631,0.00070891471
1.52200,1.29631,0.0008797351
1.58810,1.29631,0.00094633794
1.65420,1.29631,0.00089287775
1.72029,1.29631,0.00081584585
1.78639,1.29631,0.00070138957
1.85249,1.29631,0.000548649
1.91859,1.29631,0.00041157176
1.98468,1.29631,0.00028855202
2.05078,1.29631,0.00016868966
2.11688,1.29631,7.6019525e-05
2.18297,1.29631,2.0728725e-05
2.24907,1.29631,-2.4308783e-05
2.31517,1.29631,-5.1564624e-05
2.38127,1.29631,-6.0325063e-05
2.44736,1.29631,-6.635693e-05
2.51346,1.29631,-6.1267892e-05
2.57956,1.29631,-4.6709065e-05
2.64565,1.29631,-3.9067352e-05
2.71175,1.29631,-2.3965933e-05
2.77785,1.29631,-6.5854792e-06
2.84394,1.29631,1.1926114e-06
2.91004,1.29631,9.0583226e-06
2.97614,1.29631,1.5843694e-05
3.04224,1.29631,1.6799651e-05
3.10833,1.29631,1.5816828e-05
3.17443,1.29631,1.3121317e-05
3.24053,1.29631,6.503687e-06
3.30662,1.29631,-3.5492471e-06
3.37272,1.29631,-1.6516782e-05
3.43882,1.29631,-3.5637186e-05
3.50492,1.29631,-5.7450692e-05
3.57101,1.29631,-7.9640289e-05
3.63711,1.29631,-0.0001048469
3.70321,1.29631,-0.00012722322
3.76930,1.29631,-0.00014507661
3.83540,1.29631,-0.00014776824
3.90150,1.29631,-0.00014580996
-3.96406,1.34045,0.00014328449
-3.89796,1.34045,0.00016130685
-3.83186,1.34045,0.0001675672
-3.76577,1.34045,0.00017682437
-3.69967,1.34045,0.0001769354
-3.63357,1.34045,0.00014440196
-3.56747,1.34045,0.00011000831
-3.50138,1.34045,5.4139233e-05
-3.43528,1.34045,-7.041663e-05
-3.36918,1.34045,-0.00022172371
-3.30309,1.34045,-0.00037935443
-3.23699,1.34045,-0.00060827937
-3.17089,1.34045,-0.00085745117
-3.10479,1.34045,-0.0011167836
-3.03870,1.34045,-0.0014288994
-2.97260,1.34045,-0.0017417603
-2.90650,1.34045,-0.0020284804
-2.84041,1.34045,-0.0021926577
-2.77431,1.34045,-0.0022849995
-2.70821,1.34045,-0.0020383392
-2.64211,1.34045,-0.0011118868
-2.57602,1.34045,0.00010227627
-2.50992,1.34045,0.0017389088
-2.44382,1.34045,0.0047372561
-2.37773,1.34045,0.008057463
-2.31163,1.34045,0.011950505
-2.24553,1.34045,0.018238485
-2.17943,1.34045,0.024145396
-2.11334,1.34045,0.031500429
-2.04724,1.34045,0.041419223
-1.98114,1.34045,0.049154159
-1.91505,1.34045,0.054589227
-1.84895,1.34045,0.057749774
-1.78285,1.34045,0.058973167
-1.71675,1.34045,0.057292245
-1.65066,1.34045,0.049894374
-1.58456,1.34045,0.041252621
-1.51846,1.34045,0.034380823
-1.45237,1.34045,0.024839114
-1.38627,1.34045,0.015501163
-1.32017,1.34045,0.010967358
-1.25408,1.34045,0.0068518156
-1.18798,1.34045,0.0034926627
-1.12188,1.34045,0.0017086013
-1.05578,1.34045,0.0011012977
-0.98969,1.34045,0.00079362374
-0.92359,1.34045,0.00081187004
-0.85749,1.34045,0.0011345641
-0.79140,1.34045,0.0014492365
-0.72530,1.34045,0.0017142204
-0.65920,1.34045,0.0017827572
-0.59310,1.34045,0.0018131249
-0.52701,1.34045,0.0017871156
-0.46091,1.34045,0.0016012281
-0.39481,1.34045,0.0014390951
-0.32872,1.34045,0.001301154
-0.26262,1.34045,0.0011177154
-0.19652,1.34045,0.00092799804
-0.13042,1.34045,0.00076395978
-0.06433,1.34045,0.00062292133
0.00177,1.34045,0.00051977666
0.06787,1.34045,0.00046076535
0.13396,1.34045,0.0004605343
0.20006,1.34045,0.00049836817
0.26616,1.34045,0.00057775766
0.33226,1.34045,0.00070557347
0.39835,1.34045,0.00084466231
0.46445,1.34045,0.00098087208
0.53055,1.34045,0.001093419
0.59664,1.34045,0.0011603177
0.66274,1.34045,0.001105269
0.72884,1.34045,0.00079914555
0.79493,1.34045,0.0004969553
0.86103,1.34045,0.00012796889
0.92713,1.34045,-0.00036733624
0.99323,1.34045,-0.00079118222
1.05932,1.34045,-0.0010857722
1.12542,1.34045,-0.0010230665
1.19152,1.34045,-0.00081769796
1.25761,1.34045,-0.00051023712
1.32371,1.34045,-0.00010596362
1.38981,1.34045,0.00022670996
1.45591,1.34045,0.00048762612
1.52200,1.34045,0.00064669002
1.58810,1.34045,0.00070821668
1.65420,1.34045,0.00070230738
1.72029,1.34045,0.00062683073
1.78639,1.34045,0.00052535126
1.85249,1.34045,0.00039953226
1.91859,1.34045,0.00028170532
1.98468,1.34045,0.00019124389
2.05078,1.34045,9.9715704e-05
2.11688,1.34045,2.5760537e-05
2.18297,1.34045,-2.5136669e-05
2.24907,1.34045,-5.8703994e-05
2.31517,1.34045,-8.3476378e-05
2.38127,1.34045,-9.0071277e-05
2.44736,1.34045,-8.3384242e-05
2.51346,1.34045,-7.4367934e-05
2.57956,1.34045,-5.6303754e-05
2.64565,1.34045,-3.689127e-05
2.71175,1.34045,-2.2971524e-05
2.77785,1.34045,-8.0713062e-06
2.84394,1.34045,4.243635e-06
2.91004,1.34045,1.0023606e-05
2.97614,1.34045,1.4909583e-05
3.04224,1.34045,1.6824391e-05
3.10833,1.34045,1.3647477e-05
3.17443,1.34045,8.1528706e-06
3.24053,1.34045,-4.3232583e-07
3.30662,1.34045,-1.3403648e-05
3.37272,1.34045,-2.8429786e-05
3.43882,1.34045,-4.6747988e-05
3.50492,1.34045,-7.181352e-05
3.57101,1.34045,-9.7630451e-05
3.63711,1.34045,-0.00012168503
3.70321,1.34045,-0.00015637823
3.76930,1.34045,-0.00018720565
3.83540,1.34045,-0.00020521363
3.90150,1.34045,-0.00020614128
-3.96406,1.38459,8.158735e-05
-3.89796,1.38459,8.6872242e-05
-3.83186,1.38459,8.2550941e-05
-3.76577,1.38459,7.1292052e-05
-3.69967,1.38459,4.9967261e-05
-3.63357,1.38459,5.9518024e-06
-3.56747,1.38459,-6.3498701e-05
-3.50138,1.38459,-0.000135883
-3.43528,1.38459,-0.00024269179
-3.36918,1.38459,-0.00039427512
-3.30309,1.38459,-0.00055928697
-3.23699,1.38459,-0.00076868426
-3.17089,1.38459,-0.0010322544
-3.10479,1.38459,-0.0013022576
-3.03870,1.38459,-0.0015931589
-2.97260,1.38459,-0.001876921
-2.90650,1.38459,-0.0020209334
-2.84041,1.38459,-0.002015986
-2.77431,1.38459,-0.0017699638
-2.70821,1.38459,-0.0013580224
-2.64211,1.38459,-0.00050011819
-2.57602,1.38459,0.001024292
-2.50992,1.38459,0.0028623885
-2.44382,1.38459,0.0055578547
-2.37773,1.38459,0.0097059319
-2.31163,1.38459,0.014815556
-2.24553,1.38459,0.021761486
-2.17943,1.38459,0.03032816
-2.11334,1.38459,0.038395517
-2.04724,1.38459,0.04761542
-1.98114,1.38459,0.056832727
-1.91505,1.38459,0.062900364
-1.84895,1.38459,0.065807976
-1.78285,1.38459,0.066568546
-1.71675,1.38459,0.064774916
-1.65066,1.38459,0.05667755
-1.58456,1.38459,0.043949444
-1.51846,1.38459,0.036694881
-1.45237,1.38459,0.027468495
-1.38627,1.38459,0.017307002
-1.32017,1.38459,0.011512068
-1.25408,1.38459,0.0073152236
-1.18798,1.38459,0.0038182586
-1.12188,1.38459,0.001694249
-1.05578,1.38459,0.0010328548
-0.98969,1.38459,0.00073066878
-0.92359,1.38459,0.00059128797
-0.85749,1.38459,0.00083165284
-0.79140,1.38459,0.0010572495
-0.72530,1.38459,0.0012400321
-0.65920,1.38459,0.0013213324
-0.59310,1.38459,0.0013958892
-0.52701,1.38459,0.0014383661
-0.46091,1.38459,0.0013885822
-0.39481,1.38459,0.0012533005
-0.32872,1.38459,0.001119333
-0.26262,1.38459,0.00096310297
-0.19652,1.38459,0.00078783708
-0.13042,1.38459,0.00063523417
-0.06433,1.38459,0.00050911092
0.00177,1.38459,0.00043093774
0.06787,1.38459,0.00038464935
0.13396,1.38459,0.00037471557
0.20006,1.38459,0.00039843051
0.26616,1.38459,0.00045345127
0.33226,1.38459,0.00053499389
0.39835,1.38459,0.00063326996
0.46445,1.38459,0.00072296825
0.53055,1.38459,0.00077947078
0.59664,1.38459,0.00079819129
0.66274,1.38459,0.00076835096
0.72884,1.38459,0.00058743969
0.79493,1.38459,0.00031246548
0.86103,1.38459,2.0956622e-06
0.92713,1.38459,-0.00035905154
0.99323,1.38459,-0.00066594593
1.05932,1.38459,-0.00088066148
1.12542,1.38459,-0.00086510467
1.19152,1.38459,-0.00067481364
1.25761,1.38459,-0.0004596677
1.32371,1.38459,-0.00019148177
1.38981,1.38459,9.1278926e-05
1.45591,1.38459,0.0003167151
1.52200,1.38459,0.00046072205
1.58810,1.38459,0.00050813059
1.65420,1.38459,0.00049945916
1.72029,1.38459,0.00045646384
1.78639,1.38459,0.00038811748
1.85249,1.38459,0.00029267243
1.91859,1.38459,0.00019813635
1.98468,1.38459,0.00011399121
2.05078,1.38459,3.0748808e-05
2.11688,1.38459,-3.5591111e-05
2.18297,1.38459,-8.2365957e-05
2.24907,1.38459,-0.0001077347
2.31517,1.38459,-0.00011328873
2.38127,1.38459,-0.00011018004
2.44736,1.38459,-9.2882139e-05
2.51346,1.38459,-7.3855677e-05
2.57956,1.38459,-5.7513087e-05
2.64565,1.38459,-3.6080852e-05
2.71175,1.38459,-1.8233879e-05
2.77785,1.38459,-5.3047929e-06
2.84394,1.38459,7.0005663e-06
2.91004,1.38459,1.314469e-05
2.97614,1.38459,1.5219725e-05
3.04224,1.38459,1.4703054e-05
3.10833,1.38459,1.0571504e-05
3.17443,1.38459,3.4020188e-06
3.24053,1.38459,-6.2071167e-06
3.30662,1.38459,-2.0116915e-05
3.37272,1.38459,-3.749222e-05
3.43882,1.38459,-5.676848e-05
3.50492,1.38459,-8.7255561e-05
3.57101,1.38459,-0.00012543042
3.63711,1.38459,-0.00015914276
3.70321,1.38459,-0.00019651638
3.76930,1.38459,-0.00023250048
3.83540,1.38459,-0.00025565209
3.90150,1.38459,-0.00026070076
-3.96406,1.42872,3.1047759e-05
-3.89796,1.42872,2.4701392e-05
-3.83186,1.42872,1.1777178e-05
-3.76577,1.42872,-1.288761e-05
-3.69967,1.42872,-4.833132e-05
-3.63357,1.42872,-9.3953044e-05
-3.56747,1.42872,-0.00016710172
-3.50138,1.42872,-0.00025978018
-3.43528,1.42872,-0.00037135481
-3.36918,1.42872,-0.00053376541
-3.30309,1.42872,-0.000721213
-3.23699,1.42872,-0.00093342515
-3.17089,1.42872,-0.0011729529
-3.10479,1.42872,-0.0013826862
-3.03870,1.42872,-0.0015788891
-2.97260,1.42872,-0.0017275589
-2.90650,1.42872,-0.0018065776
-2.84041,1.42872,-0.00180738
-2.77431,1.42872,-0.0014869298
-2.70821,1.42872,-0.00091230992
-2.64211,1.42872,-0.0001822051
-2.57602,1.42872,0.001627557
-2.50992,1.42872,0.0042311065
-2.44382,1.42872,0.0071537946
-2.37773,1.42872,0.012154985
-2.31163,1.42872,0.018249171
-2.24553,1.42872,0.024635782
-2.17943,1.42872,0.033853535
-2.11334,1.42872,0.043422513
-2.04724,1.42872,0.051763963
-1.98114,1.42872,0.063126028
-1.91505,1.42872,0.071914315
-1.84895,1.42872,0.075149655
-1.78285,1.42872,0.07406497
-1.71675,1.42872,0.071739905
-1.65066,1.42872,0.064055443
-1.58456,1.42872,0.048202988
-1.51846,1.42872,0.039593011
-1.45237,1.42872,0.030489841
-1.38627,1.42872,0.019027814
-1.32017,1.42872,0.011628017
-1.25408,1.42872,0.0073548891
-1.18798,1.42872,0.0040149568
-1.12188,1.42872,0.0016990878
-1.05578,1.42872,0.00098143471
-0.98969,1.42872,0.00063787127
-0.92359,1.42872,0.00044751193
-0.85749,1.42872,0.00059564348
-0.79140,1.42872,0.00084659096
-0.72530,1.42872,0.0010321737
-0.65920,1.42872,0.0011834359
-0.59310,1.42872,0.0012397133
-0.52701,1.42872,0.0012378193
-0.46091,1.42872,0.0011996182
-0.39481,1.42872,0.0010732933
-0.32872,1.42872,0.00093315769
-0.26262,1.42872,0.00080619752
-0.19652,1.42872,0.00067459804
-0.13042,1.42872,0.00055360061
-0.06433,1.42872,0.00044900202
0.00177,1.42872,0.00036816788
0.06787,1.42872,0.00032183729
0.13396,1.42872,0.00029802957
0.20006,1.42872,0.00030997011
0.26616,1.42872,0.00034926002
0.33226,1.42872,0.0004021058
0.39835,1.42872,0.00046654433
0.46445,1.42872,0.00052497973
0.53055,1.42872,0.00056571065
0.59664,1.42872,0.00055445527
0.66274,1.42872,0.00050122407
0.72884,1.42872,0.00035890317
0.79493,1.42872,0.00011207236
0.86103,1.42872,-0.00017219907
0.92713,1.42872,-0.00041339413
0.99323,1.42872,-0.00058180105
1.05932,1.42872,-0.00069741701
1.12542,1.42872,-0.000749939
1.19152,1.42872,-0.00059165468
1.25761,1.42872,-0.00039942842
1.32371,1.42872,-0.00019902817
1.38981,1.42872,2.5359124e-05
1.45591,1.42872,0.00020074061
1.52200,1.42872,0.00032608196
1.58810,1.42872,0.00037380596
1.65420,1.42872,0.00037137189
1.72029,1.42872,0.00034606841
1.78639,1.42872,0.00028723315
1.85249,1.42872,0.00019143597
1.91859,1.42872,0.00010380635
1.98468,1.42872,2.4260213e-05
2.05078,1.42872,-4.9027905e-05
2.11688,1.42872,-9.100436e-05
2.18297,1.42872,-0.00012028736
2.24907,1.42872,-0.00013164774
2.31517,1.42872,-0.00012382468
2.38127,1.42872,-0.00011914345
2.44736,1.42872,-0.00010331107
2.51346,1.42872,-7.2622832e-05
2.57956,1.42872,-5.5382261e-05
2.64565,1.42872,-3.5119476e-05
2.71175,1.42872,-1.0644218e-05
2.77785,1.42872,1.1879305e-06
2.84394,1.42872,1.0279605e-05
2.91004,1.42872,1.7134105e-05
2.97614,1.42872,1.7682518e-05
3.04224,1.42872,1.5175912e-05
3.10833,1.42872,9.7141437e-06
3.17443,1.42872,9.9433294e-07
3.24053,1.42872,-1.1318072e-05
3.30662,1.42872,-2.7058612e-05
3.37272,1.42872,-5.054455e-05
3.43882,1.42872,-7.6039309e-05
3.50492,1.42872,-0.00010359035
3.57101,1.42872,-0.00014864303
3.63711,1.42872,-0.00018930963
3.70321,1.42872,-0.00022497917
3.76930,1.42872,-0.00026726938
3.83540,1.42872,-0.00031004983
3.90150,1.42872,-0.00033735321
-3.96406,1.47286,-8.392748e-06
-3.89796,1.47286,-2.38391e-05
-3.83186,1.47286,-4.5298522e-05
-3.76577,1.47286,-6.9809699e-05
-3.69967,1.47286,-0.00011829787
-3.63357,1.47286,-0.0001783389
-3.56747,1.47286,-0.00025072222
-3.50138,1.47286,-0.00036234525
-3.43528,1.47286,-0.00049459975
-3.36918,1.47286,-0.00063210976
-3.30309,1.47286,-0.00080135278
-3.23699,1.47286,-0.0009778837
-3.17089,1.47286,-0.0011629841
-3.10479,1.47286,-0.0013563447
-3.03870,1.47286,-0.0015310596
-2.97260,1.47286,-0.0016838345
-2.90650,1.47286,-0.0017051058
-2.84041,1.47286,-0.0016393868
-2.77431,1.47286,-0.0013147236
-2.70821,1.47286,-0.00036322861
-2.64211,1.47286,0.00083527062
-2.57602,1.47286,0.0023768917
-2.50992,1.47286,0.0054852311
-2.44382,1.47286,0.0089882575
-2.37773,1.47286,0.0128372
-2.31163,1.47286,0.019990597
-2.24553,1.47286,0.027637983
-2.17943,1.47286,0.035800967
-2.11334,1.47286,0.04885364
-2.04724,1.47286,0.060107246
-1.98114,1.47286,0.069283754
-1.91505,1.47286,0.080221497
-1.84895,1.47286,0.084336475
-1.78285,1.47286,0.081310011
-1.71675,1.47286,0.078880198
-1.65066,1.47286,0.069977224
-1.58456,1.47286,0.053313162
-1.51846,1.47286,0.039863743
-1.45237,1.47286,0.029464722
-1.38627,1.47286,0.019227192
-1.32017,1.47286,0.01112972
-1.25408,1.47286,0.0071106884
-1.18798,1.47286,0.0038672558
-1.12188,1.47286,0.0015513852
-1.05578,1.47286,0.00096874766
-0.98969,1.47286,0.0007061339
-0.92359,1.47286,0.00058901979
-0.85749,1.47286,0.00067958742
-0.79140,1.47286,0.0008927848
-0.72530,1.47286,0.00099186576
-0.65920,1.47286,0.0010470672
-0.59310,1.47286,0.001125367
-0.52701,1.47286,0.0010774276
-0.46091,1.47286,0.0010197911
-0.39481,1.47286,0.00095941051
-0.32872,1.47286,0.00084350794
-0.26262,1.47286,0.00072579627
-0.19652,1.47286,0.00060831214
-0.13042,1.47286,0.00048871891
-0.06433,1.47286,0.00038538766
0.00177,1.47286,0.00029937545
0.06787,1.47286,0.00025454847
0.13396,1.47286,0.00023655857
0.20006,1.47286,0.00023581355
0.26616,1.47286,0.00026179574
0.33226,1.47286,0.0002972041
0.39835,1.47286,0.00033480331
0.46445,1.47286,0.00036588806
0.53055,1.47286,0.00037535245
0.59664,1.47286,0.00035472892
0.66274,1.47286,0.00027106021
0.72884,1.47286,0.00016388489
0.79493,1.47286,2.3169607e-05
0.86103,1.47286,-0.00016048067
0.92713,1.47286,-0.00034140286
0.99323,1.47286,-0.00049153855
1.05932,1.47286,-0.00056231109
1.12542,1.47286,-0.00058516109
1.19152,1.47286,-0.00049565121
1.25761,1.47286,-0.0003241096
1.32371,1.47286,-0.00016896811
1.38981,1.47286,-1.5230456e-05
1.45591,1.47286,0.00012160443
1.52200,1.47286,0.00022357886
1.58810,1.47286,0.00027951298
1.65420,1.47286,0.0002658664
1.72029,1.47286,0.00023177394
1.78639,1.47286,0.00017910689
1.85249,1.47286,9.4877592e-05
1.91859,1.47286,2.3406503e-05
1.98468,1.47286,-3.4456167e-05
2.05078,1.47286,-8.8482833e-05
2.11688,1.47286,-0.00013045373
2.18297,1.47286,-0.0001478254
2.24907,1.47286,-0.00015748787
2.31517,1.47286,-0.00015093166
2.38127,1.47286,-0.00012773693
2.44736,1.47286,-0.00010860897
2.51346,1.47286,-7.684384e-05
2.57956,1.47286,-4.347723e-05
2.64565,1.47286,-2.4911253e-05
2.71175,1.47286,-4.9741666e-06
2.77785,1.47286,1.2437916e-05
2.84394,1.47286,1.9106597e-05
2.91004,1.47286,2.3030518e-05
2.97614,1.47286,2.3447994e-05
3.04224,1.47286,1.7645565e-05
3.10833,1.47286,8.6241635e-06
3.17443,1.47286,-3.6264728e-06
3.24053,1.47286,-1.8650371e-05
3.30662,1.47286,-3.6438767e-05
3.37272,1.47286,-5.9344056e-05
3.43882,1.47286,-8.8897737e-05
3.50492,1.47286,-0.0001203285
3.57101,1.47286,-0.00015990376
3.63711,1.47286,-0.00021912529
3.70321,1.47286,-0.00027279046
3.76930,1.47286,-0.00032870207
3.83540,1.47286,-0.0003902415
3.90150,1.47286,-0.00042415096
-3.96406,1.51700,-4.4705354e-05
-3.89796,1.51700,-6.1087027e-05
-3.83186,1.51700,-9.0973459e-05
-3.76577,1.51700,-0.00012604502
-3.69967,1.51700,-0.0001745097
-3.63357,1.51700,-0.00024715409
-3.56747,1.51700,-0.00032354533
-3.50138,1.51700,-0.00041617375
-3.43528,1.51700,-0.00053906214
-3.36918,1.51700,-0.00067471847
-3.30309,1.51700,-0.00082737755
-3.23699,1.51700,-0.0010028626
-3.17089,1.51700,-0.0011852238
-3.10479,1.51700,-0.0013658584
-3.03870,1.51700,-0.0015075151
-2.97260,1.51700,-0.001564041
-2.90650,1.51700,-0.0014977679
-2.84041,1.51700,-0.001206222
-2.77431,1.51700,-0.00077546219
-2.70821,1.51700,6.8622248e-05
-2.64211,1.51700,0.0015237409
-2.57602,1.51700,0.0032111227
-2.50992,1.51700,0.0058767046
-2.44382,1.51700,0.01015994
-2.37773,1.51700,0.014811941
-2.31163,1.51700,0.021674532
-2.24553,1.51700,0.031596892
-2.17943,1.51700,0.040701691
-2.11334,1.51700,0.052063003
-2.04724,1.51700,0.065665632
-1.98114,1.51700,0.075675152
-1.91505,1.51700,0.085134722
-1.84895,1.51700,0.090898983
-1.78285,1.51700,0.085864946
-1.71675,1.51700,0.081020974
-1.65066,1.51700,0.070068702
-1.58456,1.51700,0.053925581
-1.51846,1.51700,0.03936911
-1.45237,1.51700,0.028836094
-1.38627,1.51700,0.018821727
-1.32017,1.51700,0.01029583
-1.25408,1.51700,0.0067043561
-1.18798,1.51700,0.0039347908
-1.12188,1.51700,0.0019034069
-1.05578,1.51700,0.0012489234
-0.98969,1.51700,0.0010178724
-0.92359,1.51700,0.00083217432
-0.85749,1.51700,0.00077913504
-0.79140,1.51700,0.0009530072
-0.72530,1.51700,0.0010171519
-0.65920,1.51700,0.00099838676
-0.59310,1.51700,0.0010685484
-0.52701,1.51700,0.0010555781
-0.46091,1.51700,0.0009680072
-0.39481,1.51700,0.00088487909
-0.32872,1.51700,0.00078319368
-0.26262,1.51700,0.00065372355
-0.19652,1.51700,0.00052876765
-0.13042,1.51700,0.00042213037
-0.06433,1.51700,0.00033316447
0.00177,1.51700,0.00025773462
0.06787,1.51700,0.00021339947
0.13396,1.51700,0.00019102266
0.20006,1.51700,0.00018117596
0.26616,1.51700,0.00018879518
0.33226,1.51700,0.00020928311
0.39835,1.51700,0.00022927152
0.46445,1.51700,0.00024284163
0.53055,1.51700,0.00024051536
0.59664,1.51700,0.00022504863
0.66274,1.51700,0.00017725115
0.72884,1.51700,8.2789353e-05
0.79493,1.51700,-3.6323494e-05
0.86103,1.51700,-0.00017586774
0.92713,1.51700,-0.00031792393
0.99323,1.51700,-0.00043258275
1.05932,1.51700,-0.00047755445
1.12542,1.51700,-0.00046646356
1.19152,1.51700,-0.00040604881
1.25761,1.51700,-0.00029405861
1.32371,1.51700,-0.00015857483
1.38981,1.51700,-3.1053609e-05
1.45591,1.51700,7.7734687e-05
1.52200,1.51700,0.00015553689
1.58810,1.51700,0.00019992088
1.65420,1.51700,0.00018311666
1.72029,1.51700,0.00015017559
1.78639,1.51700,0.00010814811
1.85249,1.51700,3.8730512e-05
1.91859,1.51700,-3.3118878e-05
1.98468,1.51700,-8.8648601e-05
2.05078,1.51700,-0.00013450232
2.11688,1.51700,-0.00017756248
2.18297,1.51700,-0.00018986971
2.24907,1.51700,-0.00017704829
2.31517,1.51700,-0.000161344
2.38127,1.51700,-0.00012677854
2.44736,1.51700,-9.4906223e-05
2.51346,1.51700,-6.7421184e-05
2.57956,1.51700,-3.2956541e-05
2.64565,1.51700,-7.8560524e-06
2.71175,1.51700,8.7506678e-06
2.77785,1.51700,2.4722225e-05
2.84394,1.51700,3.0823889e-05
2.91004,1.51700,3.0462381e-05
2.97614,1.51700,2.6486652e-05
3.04224,1.51700,1.894128e-05
3.10833,1.51700,8.2863098e-06
3.17443,1.51700,-5.8370242e-06
3.24053,1.51700,-2.2936885e-05
3.30662,1.51700,-4.2699765e-05
3.37272,1.51700,-6.6448221e-05
3.43882,1.51700,-0.00010076759
3.50492,1.51700,-0.0001436016
3.57101,1.51700,-0.00019084587
3.63711,1.51700,-0.00025402027
3.70321,1.51700,-0.00031798545
3.76930,1.51700,-0.00037490512
3.83540,1.51700,-0.00044446732
3.90150,1.51700,-0.0004919279
-3.96406,1.56113,-7.437692e-05
-3.89796,1.56113,-9.3501403e-05
-3.83186,1.56113,-0.0001264477
-3.76577,1.56113,-0.00016711936
-3.69967,1.56113,-0.00021183274
-3.63357,1.56113,-0.0002787816
-3.56747,1.56113,-0.00036212848
-3.50138,1.56113,-0.00045240202
-3.43528,1.56113,-0.00057304109
-3.36918,1.56113,-0.00071429141
-3.30309,1.56113,-0.00086476217
-3.23699,1.56113,-0.001017587
-3.17089,1.56113,-0.0011551718
-3.10479,1.56113,-0.0012811549
-3.03870,1.56113,-0.0013444362
-2.97260,1.56113,-0.0013480912
-2.90650,1.56113,-0.0012944379
-2.84041,1.56113,-0.00096174295
-2.77431,1.56113,-0.00041239287
-2.70821,1.56113,0.00029787622
-2.64211,1.56113,0.0019210503
-2.57602,1.56113,0.0041027064
-2.50992,1.56113,0.0066491943
-2.44382,1.56113,0.011426662
-2.37773,1.56113,0.01693056
-2.31163,1.56113,0.022684282
-2.24553,1.56113,0.032936767
-2.17943,1.56113,0.043919537
-2.11334,1.56113,0.053155247
-2.04724,1.56113,0.068165101
-1.98114,1.56113,0.080722868
-1.91505,1.56113,0.088439822
-1.84895,1.56113,0.093542352
-1.78285,1.56113,0.089174934
-1.71675,1.56113,0.083309136
-1.65066,1.56113,0.072080038
-1.58456,1.56113,0.055364236
-1.51846,1.56113,0.038970206
-1.45237,1.56113,0.027634099
-1.38627,1.56113,0.017629117
-1.32017,1.56113,0.0093679158
-1.25408,1.56113,0.0061233933
-1.18798,1.56113,0.0038769427
-1.12188,1.56113,0.0020945899
-1.05578,1.56113,0.0013315086
-0.98969,1.56113,0.0012045676
-0.92359,1.56113,0.0010913112
-0.85749,1.56113,0.0009574783
-0.79140,1.56113,0.0011183542
-0.72530,1.56113,0.0011917209
-0.65920,1.56113,0.0011073209
-0.59310,1.56113,0.0010878053
-0.52701,1.56113,0.0010685516
-0.46091,1.56113,0.00095113541
-0.39481,1.56113,0.0008245231
-0.32872,1.56113,0.00073271676
-0.26262,1.56113,0.00061136577
-0.19652,1.56113,0.00048800913
-0.13042,1.56113,0.00039589382
-0.06433,1.56113,0.00030655961
0.00177,1.56113,0.00022900103
0.06787,1.56113,0.00017519624
0.13396,1.56113,0.0001480374
0.20006,1.56113,0.00013310359
0.26616,1.56113,0.0001305319
0.33226,1.56113,0.00014196584
0.39835,1.56113,0.00015310172
0.46445,1.56113,0.0001615661
0.53055,1.56113,0.00015119156
0.59664,1.56113,0.00012462774
0.66274,1.56113,8.3081293e-05
0.72884,1.56113,-1.3237811e-06
0.79493,1.56113,-0.00011077034
0.86103,1.56113,-0.00020207855
0.92713,1.56113,-0.00028657372
0.99323,1.56113,-0.00034908904
1.05932,1.56113,-0.00039325884
1.12542,1.56113,-0.00037678867
1.19152,1.56113,-0.00031869177
1.25761,1.56113,-0.00023753554
1.32371,1.56113,-0.00012315331
1.38981,1.56113,-1.6808011e-05
1.45591,1.56113,5.8701447e-05
1.52200,1.56113,0.00011184746
1.58810,1.56113,0.00014290139
1.65420,1.56113,0.00012845051
1.72029,1.56113,9.0828609e-05
1.78639,1.56113,4.5886958e-05
1.85249,1.56113,-2.0069669e-05
1.91859,1.56113,-9.5192954e-05
1.98468,1.56113,-0.00014742157
2.05078,1.56113,-0.00016809396
2.11688,1.56113,-0.00019750081
2.18297,1.56113,-0.000198703
2.24907,1.56113,-0.00017200943
2.31517,1.56113,-0.00015445121
2.38127,1.56113,-0.00012391101
2.44736,1.56113,-7.7434823e-05
2.51346,1.56113,-4.9911054e-05
2.57956,1.56113,-1.9126941e-05
2.64565,1.56113,1.2054372e-05
2.71175,1.56113,2.5924139e-05
2.77785,1.56113,3.6255096e-05
2.84394,1.56113,4.2445503e-05
2.91004,1.56113,4.0592102e-05
2.97614,1.56113,3.4155899e-05
3.04224,1.56113,2.3111499e-05
3.10833,1.56113,1.0838513e-05
3.17443,1.56113,-5.9500153e-06
3.24053,1.56113,-2.6707459e-05
3.30662,1.56113,-5.1135296e-05
3.37272,1.56113,-8.0031437e-05
3.43882,1.56113,-0.00011038295
3.50492,1.56113,-0.00015995179
3.57101,1.56113,-0.00021485645
3.63711,1.56113,-0.00027035802
3.70321,1.56113,-0.00034505583
3.76930,1.56113,-0.00042618084
3.83540,1.56113,-0.00049960369
3.90150,1.56113,-0.00061640103
-3.96406,1.60527,-9.5589574e-05
-3.89796,1.60527,-0.00011862693
-3.83186,1.60527,-0.00014683352
-3.76577,1.60527,-0.00019321439
-3.69967,1.60527,-0.00024406525
-3.63357,1.60527,-0.00030392592
-3.56747,1.60527,-0.00039301356
-3.50138,1.60527,-0.00049148651
-3.43528,1.60527,-0.00059001625
-3.36918,1.60527,-0.00071372197
-3.30309,1.60527,-0.00083911052
-3.23699,1.60527,-0.00096052384
-3.17089,1.60527,-0.0010791476
-3.10479,1.60527,-0.0011850375
-3.03870,1.60527,-0.0012593388
-2.97260,1.60527,-0.0012169403
-2.90650,1.60527,-0.0011107008
-2.84041,1.60527,-0.00082457211
-2.77431,1.60527,-4.3783351e-05
-2.70821,1.60527,0.00095361937
-2.64211,1.60527,0.002256013
-2.57602,1.60527,0.0047816425
-2.50992,1.60527,0.0076847211
-2.44382,1.60527,0.011224054
-2.37773,1.60527,0.017693702
-2.31163,1.60527,0.024337644
-2.24553,1.60527,0.032141048
-2.17943,1.60527,0.046003584
-2.11334,1.60527,0.057464149
-2.04724,1.60527,0.067723744
-1.98114,1.60527,0.083198234
-1.91505,1.60527,0.092892528
-1.84895,1.60527,0.096102886
-1.78285,1.60527,0.092758603
-1.71675,1.60527,0.083393253
-1.65066,1.60527,0.071233943
-1.58456,1.60527,0.051892605
-1.51846,1.60527,0.032688603
-1.45237,1.60527,0.0236001
-1.38627,1.60527,0.015101534
-1.32017,1.60527,0.0082136011
-1.25408,1.60527,0.0047427667
-1.18798,1.60527,0.0031955703
-1.12188,1.60527,0.002150265
-1.05578,1.60527,0.0015391292
-0.98969,1.60527,0.0016173989
-0.92359,1.60527,0.0015555928
-0.85749,1.60527,0.0013268881
-0.79140,1.60527,0.0013773543
-0.72530,1.60527,0.0013802423
-0.65920,1.60527,0.0012865091
-0.59310,1.60527,0.0011589719
-0.52701,1.60527,0.0010888615
-0.46091,1.60527,0.00097970781
-0.39481,1.60527,0.00081541127
-0.32872,1.60527,0.00071337953
-0.26262,1.60527,0.00060189626
-0.19652,1.60527,0.00046865194
-0.13042,1.60527,0.00036612715
-0.06433,1.60527,0.00027889092
0.00177,1.60527,0.00019926082
0.06787,1.60527,0.00014562024
0.13396,1.60527,0.00011607797
0.20006,1.60527,9.957861e-05
0.26616,1.60527,8.9460889e-05
0.33226,1.60527,9.0843649e-05
0.39835,1.60527,9.1874557e-05
0.46445,1.60527,8.8759967e-05
0.53055,1.60527,7.5814169e-05
0.59664,1.60527,4.1550338e-05
0.66274,1.60527,8.2819251e-06
0.72884,1.60527,-3.6552399e-05
0.79493,1.60527,-0.00010607888
0.86103,1.60527,-0.00017654557
0.92713,1.60527,-0.00024359918
0.99323,1.60527,-0.00028526632
1.05932,1.60527,-0.00030623219
1.12542,1.60527,-0.00030057743
1.19152,1.60527,-0.00024288183
1.25761,1.60527,-0.00017353115
1.32371,1.60527,-0.00010213038
1.38981,1.60527,-2.2448769e-05
1.45591,1.60527,4.1870284e-05
1.52200,1.60527,8.2240331e-05
1.58810,1.60527,0.00010256127
1.65420,1.60527,8.5036358e-05
1.72029,1.60527,3.6605816e-05
1.78639,1.60527,-7.8217863e-06
1.85249,1.60527,-5.5727716e-05
1.91859,1.60527,-0.00012454492
1.98468,1.60527,-0.00016606637
2.05078,1.60527,-0.00018578004
2.11688,1.60527,-0.00020284875
2.18297,1.60527,-0.00020602655
2.24907,1.60527,-0.00018220562
2.31517,1.60527,-0.00014272108
2.38127,1.60527,-0.00011095315
2.44736,1.60527,-6.6995883e-05
2.51346,1.60527,-2.3000031e-05
2.57956,1.60527,3.9772367e-06
2.64565,1.60527,2.9557044e-05
2.71175,1.60527,4.8993352e-05
2.77785,1.60527,5.6234785e-05
2.84394,1.60527,5.8559224e-05
2.91004,1.60527,5.5348908e-05
2.97614,1.60527,4.4430497e-05
3.04224,1.60527,2.8494685e-05
3.10833,1.60527,1.0316306e-05
3.17443,1.60527,-8.1855123e-06
3.24053,1.60527,-3.0336743e-05
3.30662,1.60527,-5.5630277e-05
3.37272,1.60527,-8.7733439e-05
3.43882,1.60527,-0.00012252804
3.50492,1.60527,-0.00016405733
3.57101,1.60527,-0.00023444707
3.63711,1.60527,-0.0003118685
3.70321,1.60527,-0.00038738613
3.76930,1.60527,-0.00049065147
3.83540,1.60527,-0.00057790912
3.90150,1.60527,-0.00067122973
-3.96406,1.64941,-0.00010984026
-3.89796,1.64941,-0.00013734274
-3.83186,1.64941,-0.00016998545
-3.76577,1.64941,-0.0002130542
-3.69967,1.64941,-0.00026918395
-3.63357,1.64941,-0.00032759347
-3.56747,1.64941,-0.00039959262
-3.50138,1.64941,-0.00048931933
-3.43528,1.64941,-0.00058412255
-3.36918,1.64941,-0.00069132232
-3.30309,1.64941,-0.00081154925
-3.23699,1.64941,-0.00092615595
-3.17089,1.64941,-0.0010338982
-3.10479,1.64941,-0.0011108109
-3.03870,1.64941,-0.0011294895
-2.97260,1.64941,-0.0010522314
-2.90650,1.64941,-0.0008097901
-2.84041,1.64941,-0.00046042571
-2.77431,1.64941,0.00019765369
-2.70821,1.64941,0.0013557649
-2.64211,1.64941,0.0027628746
-2.57602,1.64941,0.0048612701
-2.50992,1.64941,0.008194631
-2.44382,1.64941,0.012095402
-2.37773,1.64941,0.01778573
-2.31163,1.64941,0.025747506
-2.24553,1.64941,0.033895321
-2.17943,1.64941,0.045548517
-2.11334,1.64941,0.059182659
-2.04724,1.64941,0.070024878
-1.98114,1.64941,0.082146868
-1.91505,1.64941,0.092878349
-1.84895,1.64941,0.094388403
-1.78285,1.64941,0.087087721
-1.71675,1.64941,0.073590331
-1.65066,1.64941,0.062762201
-1.58456,1.64941,0.046770543
-1.51846,1.64941,0.027912674
-1.45237,1.64941,0.018569777
-1.38627,1.64941,0.011460186
-1.32017,1.64941,0.0067064976
-1.25408,1.64941,0.0041175336
-1.18798,1.64941,0.0032809775
-1.12188,1.64941,0.0027023628
-1.05578,1.64941,0.0020091645
-0.98969,1.64941,0.0021029545
-0.92359,1.64941,0.0020153422
-0.85749,1.64941,0.0017629358
-0.79140,1.64941,0.0016962204
-0.72530,1.64941,0.0016133494
-0.65920,1.64941,0.0014550755
-0.59310,1.64941,0.0012665198
-0.52701,1.64941,0.0011529218
-0.46091,1.64941,0.0010157368
-0.39481,1.64941,0.00083765876
-0.32872,1.64941,0.0007113688
-0.26262,1.64941,0.00058840128
-0.19652,1.64941,0.00045734813
-0.13042,1.64941,0.00034857518
-0.06433,1.64941,0.00026567001
0.00177,1.64941,0.00019122227
0.06787,1.64941,0.00012998555
0.13396,1.64941,9.5763549e-05
0.20006,1.64941,7.1825125e-05
0.26616,1.64941,5.5661509e-05
0.33226,1.64941,4.8509257e-05
0.39835,1.64941,4.4041142e-05
0.46445,1.64941,3.860148e-05
0.53055,1.64941,2.988021e-05
0.59664,1.64941,9.9715926e-06
0.66274,1.64941,-2.2304073e-05
0.72884,1.64941,-6.1204133e-05
0.79493,1.64941,-0.00011270895
0.86103,1.64941,-0.00016819288
0.92713,1.64941,-0.00022006709
0.99323,1.64941,-0.00024436938
1.05932,1.64941,-0.00024388984
1.12542,1.64941,-0.00023503756
1.19152,1.64941,-0.00020009221
1.25761,1.64941,-0.00013369421
1.32371,1.64941,-7.1628558e-05
1.38981,1.64941,-9.628704e-06
1.45591,1.64941,4.374464e-05
1.52200,1.64941,7.2289055e-05
1.58810,1.64941,7.7819263e-05
1.65420,1.64941,6.0842354e-05
1.72029,1.64941,1.3212441e-05
1.78639,1.64941,-3.4549208e-05
1.85249,1.64941,-7.3181007e-05
1.91859,1.64941,-0.00014300291
1.98468,1.64941,-0.00018879994
2.05078,1.64941,-0.00020859468
2.11688,1.64941,-0.00021728614
2.18297,1.64941,-0.00020170855
2.24907,1.64941,-0.00017200054
2.31517,1.64941,-0.00012285422
2.38127,1.64941,-7.7217548e-05
2.44736,1.64941,-3.8451566e-05
2.51346,1.64941,4.7852595e-06
2.57956,1.64941,3.8312563e-05
2.64565,1.64941,6.0135244e-05
2.71175,1.64941,7.5732809e-05
2.77785,1.64941,7.8518649e-05
2.84394,1.64941,7.401326e-05
2.91004,1.64941,6.4308915e-05
2.97614,1.64941,5.1653715e-05
3.04224,1.64941,3.4227389e-05
3.10833,1.64941,1.3229687e-05
3.17443,1.64941,-8.2656297e-06
3.24053,1.64941,-3.1627107e-05
3.30662,1.64941,-5.8059333e-05
3.37272,1.64941,-9.3322284e-05
3.43882,1.64941,-0.00013799853
3.50492,1.64941,-0.00018227907
3.57101,1.64941,-0.00025169886
3.63711,1.64941,-0.00034191512
3.70321,1.64941,-0.00041682221
3.76930,1.64941,-0.00052004086
3.83540,1.64941,-0.0006280758
3.90150,1.64941,-0.00072042132
-3.96406,1.69354,-0.00012209904
-3.89796,1.69354,-0.0001503168
-3.83186,1.69354,-0.00018429686
-3.76577,1.69354,-0.00022269243
-3.69967,1.69354,-0.00027356957
-3.63357,1.69354,-0.00033388205
-3.56747,1.69354,-0.00040087421
-3.50138,1.69354,-0.00048588851
-3.43528,1.69354,-0.00058045634
-3.36918,1.69354,-0.00068142102
-3.30309,1.69354,-0.0007828098
-3.23699,1.69354,-0.0008689565
-3.17089,1.69354,-0.00094422547
-3.10479,1.69354,-0.00097845879
-3.03870,1.69354,-0.00096419529
-2.97260,1.69354,-0.00090253184
-2.90650,1.69354,-0.00064066506
-2.84041,1.69354,-0.00021199345
-2.77431,1.69354,0.00032975522
-2.70821,1.69354,0.0015341662
-2.64211,1.69354,0.0032072237
-2.57602,1.69354,0.0050768945
-2.50992,1.69354,0.0084780352
-2.44382,1.69354,0.012843279
-2.37773,1.69354,0.017534833
-2.31163,1.69354,0.025438691
-2.24553,1.69354,0.034640715
-2.17943,1.69354,0.043815743
-2.11334,1.69354,0.057402652
-2.04724,1.69354,0.069423132
-1.98114,1.69354,0.076843984
-1.91505,1.69354,0.085477382
-1.84895,1.69354,0.088226289
-1.78285,1.69354,0.08223141
-1.71675,1.69354,0.066706419
-1.65066,1.69354,0.055850103
-1.58456,1.69354,0.041748855
-1.51846,1.69354,0.02425506
-1.45237,1.69354,0.014406285
-1.38627,1.69354,0.0088735679
-1.32017,1.69354,0.005608377
-1.25408,1.69354,0.0036503223
-1.18798,1.69354,0.0031605742
-1.12188,1.69354,0.0028995222
-1.05578,1.69354,0.0023668646
-0.98969,1.69354,0.0025546406
-0.92359,1.69354,0.00251332
-0.85749,1.69354,0.0022099023
-0.79140,1.69354,0.0020229612
-0.72530,1.69354,0.0018901271
-0.65920,1.69354,0.0016594591
-0.59310,1.69354,0.0014047339
-0.52701,1.69354,0.0012613436
-0.46091,1.69354,0.001080994
-0.39481,1.69354,0.00088667218
-0.32872,1.69354,0.00072905485
-0.26262,1.69354,0.00059555477
-0.19652,1.69354,0.00046791465
-0.13042,1.69354,0.00034845277
-0.06433,1.69354,0.00026158895
0.00177,1.69354,0.00018412099
0.06787,1.69354,0.00011685445
0.13396,1.69354,7.8240984e-05
0.20006,1.69354,5.0540042e-05
0.26616,1.69354,3.2117139e-05
0.33226,1.69354,2.1997283e-05
0.39835,1.69354,1.6452595e-05
0.46445,1.69354,7.428855e-06
0.53055,1.69354,-5.3856866e-06
0.59664,1.69354,-2.2531873e-05
0.66274,1.69354,-5.2985546e-05
0.72884,1.69354,-9.0959707e-05
0.79493,1.69354,-0.00012096266
0.86103,1.69354,-0.00015168889
0.92713,1.69354,-0.00018002276
0.99323,1.69354,-0.00020025225
1.05932,1.69354,-0.00019273393
1.12542,1.69354,-0.00017530541
1.19152,1.69354,-0.00015080796
1.25761,1.69354,-8.8811386e-05
1.32371,1.69354,-3.0793657e-05
1.38981,1.69354,1.0141296e-05
1.45591,1.69354,4.6625395e-05
1.52200,1.69354,6.4685271e-05
1.58810,1.69354,6.1224069e-05
1.65420,1.69354,4.6151134e-05
1.72029,1.69354,-2.1622425e-06
1.78639,1.69354,-6.0559589e-05
1.85249,1.69354,-0.00010202071
1.91859,1.69354,-0.00016064043
1.98468,1.69354,-0.00019728746
2.05078,1.69354,-0.00020533825
2.11688,1.69354,-0.00019883092
2.18297,1.69354,-0.0001712786
2.24907,1.69354,-0.0001408916
2.31517,1.69354,-9.6635449e-05
2.38127,1.69354,-3.5461784e-05
2.44736,1.69354,4.6998316e-06
2.51346,1.69354,4.049065e-05
2.57956,1.69354,7.3196112e-05
2.64565,1.69354,8.8696914e-05
2.71175,1.69354,9.6952732e-05
2.77785,1.69354,9.7412034e-05
2.84394,1.69354,9.1175272e-05
2.91004,1.69354,7.9480415e-05
2.97614,1.69354,6.161318e-05
3.04224,1.69354,4.29908e-05
3.10833,1.69354,1.905176e-05
3.17443,1.69354,-8.2999923e-06
3.24053,1.69354,-3.4564251e-05
3.30662,1.69354,-6.3666572e-05
3.37272,1.69354,-9.5313117e-05
3.43882,1.69354,-0.0001463892
3.50492,1.69354,-0.00019711428
3.57101,1.69354,-0.00025003572
3.63711,1.69354,-0.00035020456
3.70321,1.69354,-0.00044962988
3.76930,1.69354,-0.00052944542
3.83540,1.69354,-0.00070266472
3.90150,1.69354,-0.00084692793
-3.96406,1.73768,-0.00012937505
-3.89796,1.73768,-0.00015392294
-3.83186,1.73768,-0.00019002867
-3.76577,1.73768,-0.00023076555
-3.69967,1.73768,-0.00027606043
-3.63357,1.73768,-0.00033806878
-3.56747,1.73768,-0.00040693849
-3.50138,1.73768,-0.00047554905
-3.43528,1.73768,-0.00055712042
-3.36918,1.73768,-0.00063973508
-3.30309,1.73768,-0.00072241301
-3.23699,1.73768,-0.00079536648
-3.17089,1.73768,-0.00085479813
-3.10479,1.73768,-0.00089781504
-3.03870,1.73768,-0.00085474073
-2.97260,1.73768,-0.00075611478
-2.90650,1.73768,-0.00055366027
-2.84041,1.73768,3.386406e-06
-2.77431,1.73768,0.00070093392
-2.70821,1.73768,0.0015941762
-2.64211,1.73768,0.0034501909
-2.57602,1.73768,0.0055549308
-2.50992,1.73768,0.0079619866
-2.44382,1.73768,0.012771313
-2.37773,1.73768,0.018097751
-2.31163,1.73768,0.023351293
-2.24553,1.73768,0.033493038
-2.17943,1.73768,0.043241039
-2.11334,1.73768,0.0518042
-2.04724,1.73768,0.065981939
-1.98114,1.73768,0.074999161
-1.91505,1.73768,0.079299107
-1.84895,1.73768,0.083144173
-1.78285,1.73768,0.076590143
-1.71675,1.73768,0.059865888
-1.65066,1.73768,0.045648575
-1.58456,1.73768,0.032053828
-1.51846,1.73768,0.018377053
-1.45237,1.73768,0.0094115157
-1.38627,1.73768,0.0054821353
-1.32017,1.73768,0.0028927349
-1.25408,1.73768,0.0022643935
-1.18798,1.73768,0.0029228406
-1.12188,1.73768,0.003311191
-1.05578,1.73768,0.0031140922
-0.98969,1.73768,0.0031284231
-0.92359,1.73768,0.0031614888
-0.85749,1.73768,0.002743121
-0.79140,1.73768,0.0023463287
-0.72530,1.73768,0.0022488679
-0.65920,1.73768,0.001933984
-0.59310,1.73768,0.0015559251
-0.52701,1.73768,0.0013821512
-0.46091,1.73768,0.0011543969
-0.39481,1.73768,0.00093161064
-0.32872,1.73768,0.00076201314
-0.26262,1.73768,0.00061643944
-0.19652,1.73768,0.00047804805
-0.13042,1.73768,0.00035127092
-0.06433,1.73768,0.00026020582
0.00177,1.73768,0.00018107607
0.06787,1.73768,0.00011265649
0.13396,1.73768,6.980035e-05
0.20006,1.73768,3.965756e-05
0.26616,1.73768,1.5951031e-05
0.33226,1.73768,7.0763366e-07
0.39835,1.73768,-8.646889e-06
0.46445,1.73768,-1.9523372e-05
0.53055,1.73768,-3.4636068e-05
0.59664,1.73768,-4.6432848e-05
0.66274,1.73768,-6.1924184e-05
0.72884,1.73768,-8.529683e-05
0.79493,1.73768,-0.00010897206
0.86103,1.73768,-0.00013065361
0.92713,1.73768,-0.00014863511
0.99323,1.73768,-0.00016030957
1.05932,1.73768,-0.00015188205
1.12542,1.73768,-0.00012671696
1.19152,1.73768,-0.00010082567
1.25761,1.73768,-6.0113638e-05
1.32371,1.73768,-1.2222526e-05
1.38981,1.73768,2.4681203e-05
1.45591,1.73768,5.1154901e-05
1.52200,1.73768,6.6030028e-05
1.58810,1.73768,5.9206839e-05
1.65420,1.73768,3.4724002e-05
1.72029,1.73768,-1.2219915e-05
1.78639,1.73768,-6.2902269e-05
1.85249,1.73768,-0.00010880589
1.91859,1.73768,-0.0001492333
1.98468,1.73768,-0.00018230337
2.05078,1.73768,-0.00018849857
2.11688,1.73768,-0.00017748111
2.18297,1.73768,-0.00015138267
2.24907,1.73768,-9.992296e-05
2.31517,1.73768,-5.7983842e-05
2.38127,1.73768,-4.1725357e-06
2.44736,1.73768,4.9044036e-05
2.51346,1.73768,7.9086654e-05
2.57956,1.73768,0.00010512765
2.64565,1.73768,0.00012258581
2.71175,1.73768,0.00012881804
2.77785,1.73768,0.00012648712
2.84394,1.73768,0.00011368946
2.91004,1.73768,9.5659001e-05
2.97614,1.73768,7.2830262e-05
3.04224,1.73768,4.5536606e-05
3.10833,1.73768,2.1173506e-05
3.17443,1.73768,-6.0272118e-06
3.24053,1.73768,-3.5562713e-05
3.30662,1.73768,-6.6203851e-05
3.37272,1.73768,-9.9612887e-05
3.43882,1.73768,-0.00014294492
3.50492,1.73768,-0.00020593843
3.57101,1.73768,-0.00027149185
3.63711,1.73768,-0.00035663063
3.70321,1.73768,-0.00047807264
3.76930,1.73768,-0.0005709395
3.83540,1.73768,-0.00069354021
3.90150,1.73768,-0.00090028509
-3.96406,1.78182,-0.00013337783
-3.89796,1.78182,-0.00016031481
-3.83186,1.78182,-0.00019331885
-3.76577,1.78182,-0.00023551068
-3.69967,1.78182,-0.00027881979
-3.63357,1.78182,-0.00032884849
-3.56747,1.78182,-0.00039011112
-3.50138,1.78182,-0.00045542454
-3.43528,1.78182,-0.00052558212
-3.36918,1.78182,-0.00060184306
-3.30309,1.78182,-0.00067746808
-3.23699,1.78182,-0.00074424996
-3.17089,1.78182,-0.00078284013
-3.10479,1.78182,-0.00079096004
-3.03870,1.78182,-0.00073908397
-2.97260,1.78182,-0.00056980335
-2.90650,1.78182,-0.00033121041
-2.84041,1.78182,0.00011901257
-2.77431,1.78182,0.00091125222
-2.70821,1.78182,0.0018561156
-2.64211,1.78182,0.0033464397
-2.57602,1.78182,0.0056906468
-2.50992,1.78182,0.0081805987
-2.44382,1.78182,0.01196254
-2.37773,1.78182,0.017785314
-2.31163,1.78182,0.023219949
-2.24553,1.78182,0.030838141
-2.17943,1.78182,0.041492265
-2.11334,1.78182,0.050446045
-2.04724,1.78182,0.060648553
-1.98114,1.78182,0.0699002
-1.91505,1.78182,0.071427502
-1.84895,1.78182,0.069870427
-1.78285,1.78182,0.062403634
-1.71675,1.78182,0.04810011
-1.65066,1.78182,0.034699772
-1.58456,1.78182,0.022659717
-1.51846,1.78182,0.011059826
-1.45237,1.78182,0.0028579766
-1.38627,1.78182,0.0024167425
-1.32017,1.78182,0.0023791983
-1.25408,1.78182,0.0026223937
-1.18798,1.78182,0.0036570947
-1.12188,1.78182,0.0042240107
-1.05578,1.78182,0.0040146257
-0.98969,1.78182,0.0037171557
-0.92359,1.78182,0.0037598931
-0.85749,1.78182,0.0033706429
-0.79140,1.78182,0.0026804938
-0.72530,1.78182,0.0024995515
-0.65920,1.78182,0.0021657653
-0.59310,1.78182,0.0017295792
-0.52701,1.78182,0.0014735135
-0.46091,1.78182,0.0012525857
-0.39481,1.78182,0.0010010651
-0.32872,1.78182,0.00079275283
-0.26262,1.78182,0.00064762321
-0.19652,1.78182,0.00049704459
-0.13042,1.78182,0.00035985414
-0.06433,1.78182,0.00026723993
0.00177,1.78182,0.00018496325
0.06787,1.78182,0.00011313944
0.13396,1.78182,6.269788e-05
0.20006,1.78182,3.0185871e-05
0.26616,1.78182,3.1183813e-06
0.33226,1.78182,-1.5745834e-05
0.39835,1.78182,-2.3423729e-05
0.46445,1.78182,-3.105971e-05
0.53055,1.78182,-4.088413e-05
0.59664,1.78182,-5.264283e-05
0.66274,1.78182,-6.6148757e-05
0.72884,1.78182,-8.3848783e-05
0.79493,1.78182,-0.00010329927
0.86103,1.78182,-0.00011861637
0.92713,1.78182,-0.00012603738
0.99323,1.78182,-0.00012794125
1.05932,1.78182,-0.00011514127
1.12542,1.78182,-9.2811766e-05
1.19152,1.78182,-6.4859778e-05
1.25761,1.78182,-2.8839222e-05
1.32371,1.78182,1.3411204e-05
1.38981,1.78182,4.7731199e-05
1.45591,1.78182,6.8719986e-05
1.52200,1.78182,7.2512004e-05
1.58810,1.78182,6.198098e-05
1.65420,1.78182,3.4840956e-05
1.72029,1.78182,-1.2538834e-05
1.78639,1.78182,-5.8249945e-05
1.85249,1.78182,-0.0001028219
1.91859,1.78182,-0.00014259087
1.98468,1.78182,-0.00017286428
2.05078,1.78182,-0.00017371732
2.11688,1.78182,-0.00014869378
2.18297,1.78182,-0.00011681338
2.24907,1.78182,-5.985122e-05
2.31517,1.78182,-5.2947653e-06
2.38127,1.78182,4.3851778e-05
2.44736,1.78182,9.6446332e-05
2.51346,1.78182,0.00013309225
2.57956,1.78182,0.00015512086
2.64565,1.78182,0.00016507362
2.71175,1.78182,0.00015900742
2.77785,1.78182,0.00014819689
2.84394,1.78182,0.00012631975
2.91004,1.78182,0.00010367154
2.97614,1.78182,8.1518621e-05
3.04224,1.78182,5.2446208e-05
3.10833,1.78182,2.3675248e-05
3.17443,1.78182,-3.2124358e-06
3.24053,1.78182,-3.3592551e-05
3.30662,1.78182,-6.7082023e-05
3.37272,1.78182,-0.00010440896
3.43882,1.78182,-0.00014660129
3.50492,1.78182,-0.00020845649
3.57101,1.78182,-0.00028333865
3.63711,1.78182,-0.00036116803
3.70321,1.78182,-0.00047936218
3.76930,1.78182,-0.0005898237
3.83540,1.78182,-0.00068168022
3.90150,1.78182,-0.00087382807
-3.96406,1.82595,-0.00013453732
-3.89796,1.82595,-0.000161595
-3.83186,1.82595,-0.00019088939
-3.76577,1.82595,-0.00022845327
-3.69967,1.82595,-0.00027197707
-3.63357,1.82595,-0.00031818933
-3.56747,1.82595,-0.00037486869
-3.50138,1.82595,-0.00043830212
-3.43528,1.82595,-0.00050384464
-3.36918,1.82595,-0.00056646182
-3.30309,1.82595,-0.00062263821
-3.23699,1.82595,-0.00067127903
-3.17089,1.82595,-0.00068755262
-3.10479,1.82595,-0.00067387207
-3.03870,1.82595,-0.00063366664
-2.97260,1.82595,-0.0004604948
-2.90650,1.82595,-0.00017770431
-2.84041,1.82595,0.00018696299
-2.77431,1.82595,0.00097533863
-2.70821,1.82595,0.0020380009
-2.64211,1.82595,0.0032764061
-2.57602,1.82595,0.0055472623
-2.50992,1.82595,0.0082343733
-2.44382,1.82595,0.011163067
-2.37773,1.82595,0.016617578
-2.31163,1.82595,0.022735914
-2.24553,1.82595,0.028393699
-2.17943,1.82595,0.037652817
-2.11334,1.82595,0.046606947
-2.04724,1.82595,0.051833265
-1.98114,1.82595,0.058965936
-1.91505,1.82595,0.060992617
-1.84895,1.82595,0.058901239
-1.78285,1.82595,0.051489752
-1.71675,1.82595,0.038140029
-1.65066,1.82595,0.024737649
-1.58456,1.82595,0.015566813
-1.51846,1.82595,0.0077564074
-1.45237,1.82595,0.0013269832
-1.38627,1.82595,0.0017635453
-1.32017,1.82595,0.0027760428
-1.25408,1.82595,0.0031100567
-1.18798,1.82595,0.004020358
-1.12188,1.82595,0.0048697153
-1.05578,1.82595,0.0049226945
-0.98969,1.82595,0.00429632
-0.92359,1.82595,0.0042360709
-0.85749,1.82595,0.0038711764
-0.79140,1.82595,0.0030837823
-0.72530,1.82595,0.0027524061
-0.65920,1.82595,0.0024299857
-0.59310,1.82595,0.0019583502
-0.52701,1.82595,0.0015974814
-0.46091,1.82595,0.0013584766
-0.39481,1.82595,0.001077524
-0.32872,1.82595,0.00082147948
-0.26262,1.82595,0.00067543425
-0.19652,1.82595,0.00052178797
-0.13042,1.82595,0.00037788317
-0.06433,1.82595,0.0002748596
0.00177,1.82595,0.00019025311
0.06787,1.82595,0.00011528762
0.13396,1.82595,5.8278121e-05
0.20006,1.82595,2.6297512e-05
0.26616,1.82595,6.6127529e-07
0.33226,1.82595,-1.9736184e-05
0.39835,1.82595,-2.9254486e-05
0.46445,1.82595,-3.803875e-05
0.53055,1.82595,-4.7454763e-05
0.59664,1.82595,-5.9200829e-05
0.66274,1.82595,-7.1971306e-05
0.72884,1.82595,-8.1739287e-05
0.79493,1.82595,-9.2709699e-05
0.86103,1.82595,-9.7696109e-05
0.92713,1.82595,-0.00010060018
0.99323,1.82595,-9.7557022e-05
1.05932,1.82595,-8.1829639e-05
1.12542,1.82595,-5.9418348e-05
1.19152,1.82595,-2.9527851e-05
1.25761,1.82595,4.019043e-06
1.32371,1.82595,3.6977483e-05
1.38981,1.82595,6.2389037e-05
1.45591,1.82595,7.4944386e-05
1.52200,1.82595,7.416783e-05
1.58810,1.82595,6.3748732e-05
1.65420,1.82595,3.9355971e-05
1.72029,1.82595,-1.2563171e-05
1.78639,1.82595,-5.9046732e-05
1.85249,1.82595,-9.659546e-05
1.91859,1.82595,-0.00012795599
1.98468,1.82595,-0.00014879236
2.05078,1.82595,-0.00013970428
2.11688,1.82595,-0.00010509004
2.18297,1.82595,-6.608593e-05
2.24907,1.82595,-9.9307781e-06
2.31517,1.82595,5.9516708e-05
2.38127,1.82595,0.00011040609
2.44736,1.82595,0.00015447084
2.51346,1.82595,0.00018094805
2.57956,1.82595,0.000190743
2.64565,1.82595,0.00019270928
2.71175,1.82595,0.00017882469
2.77785,1.82595,0.00016750152
2.84394,1.82595,0.0001465485
2.91004,1.82595,0.00011447143
2.97614,1.82595,9.1679649e-05
3.04224,1.82595,6.2127212e-05
3.10833,1.82595,2.4996067e-05
3.17443,1.82595,-2.9469509e-06
3.24053,1.82595,-3.2806278e-05
3.30662,1.82595,-6.5170483e-05
3.37272,1.82595,-0.00010477789
3.43882,1.82595,-0.00015009384
3.50492,1.82595,-0.00019711681
3.57101,1.82595,-0.00027913356
3.63711,1.82595,-0.00036723635
3.70321,1.82595,-0.00045542524
3.76930,1.82595,-0.00059901952
3.83540,1.82595,-0.00071704999
3.90150,1.82595,-0.00078983972
