system	state	energy_eV_rel_EF	spin	site_role	atom_index	element	orbital	dos	source_file
pristine	*O	-7.91322	up	TDOS	0	all	total	8.351	source_manifest:COHP/PDOS/pristine/*O/DOSCAR
pristine	*O	-7.91322	down	TDOS	0	all	total	-0.788	source_manifest:COHP/PDOS/pristine/*O/DOSCAR
pristine	*O	-7.80722	up	TDOS	0	all	total	24.61	source_manifest:COHP/PDOS/pristine/*O/DOSCAR
pristine	*O	-7.80722	down	TDOS	0	all	total	0.9702	source_manifest:COHP/PDOS/pristine/*O/DOSCAR
pristine	*O	-7.70122	up	TDOS	0	all	total	43.07	source_manifest:COHP/PDOS/pristine/*O/DOSCAR
pristine	*O	-7.70122	down	TDOS	0	all	total	8.33	source_manifest:COHP/PDOS/pristine/*O/DOSCAR
pristine	*O	-7.59622	up	TDOS	0	all	total	51.09	source_manifest:COHP/PDOS/pristine/*O/DOSCAR
pristine	*O	-7.59622	down	TDOS	0	all	total	18.47	source_manifest:COHP/PDOS/pristine/*O/DOSCAR
pristine	*O	-7.49022	up	TDOS	0	all	total	51.23	source_manifest:COHP/PDOS/pristine/*O/DOSCAR
pristine	*O	-7.49022	down	TDOS	0	all	total	23.9	source_manifest:COHP/PDOS/pristine/*O/DOSCAR
pristine	*O	-7.38422	up	TDOS	0	all	total	60.77	source_manifest:COHP/PDOS/pristine/*O/DOSCAR
pristine	*O	-7.38422	down	TDOS	0	all	total	24.4	source_manifest:COHP/PDOS/pristine/*O/DOSCAR
pristine	*O	-7.27822	up	TDOS	0	all	total	83.55	source_manifest:COHP/PDOS/pristine/*O/DOSCAR
pristine	*O	-7.27822	down	TDOS	0	all	total	25.39	source_manifest:COHP/PDOS/pristine/*O/DOSCAR
pristine	*O	-7.17222	up	TDOS	0	all	total	110.6	source_manifest:COHP/PDOS/pristine/*O/DOSCAR
pristine	*O	-7.17222	down	TDOS	0	all	total	28.84	source_manifest:COHP/PDOS/pristine/*O/DOSCAR
pristine	*O	-7.06622	up	TDOS	0	all	total	122	source_manifest:COHP/PDOS/pristine/*O/DOSCAR
pristine	*O	-7.06622	down	TDOS	0	all	total	32.93	source_manifest:COHP/PDOS/pristine/*O/DOSCAR
pristine	*O	-6.96022	up	TDOS	0	all	total	113	source_manifest:COHP/PDOS/pristine/*O/DOSCAR
pristine	*O	-6.96022	down	TDOS	0	all	total	38.68	source_manifest:COHP/PDOS/pristine/*O/DOSCAR
pristine	*O	-6.85422	up	TDOS	0	all	total	108.9	source_manifest:COHP/PDOS/pristine/*O/DOSCAR
pristine	*O	-6.85422	down	TDOS	0	all	total	49.62	source_manifest:COHP/PDOS/pristine/*O/DOSCAR
pristine	*O	-6.74822	up	TDOS	0	all	total	115.6	source_manifest:COHP/PDOS/pristine/*O/DOSCAR
pristine	*O	-6.74822	down	TDOS	0	all	total	64.16	source_manifest:COHP/PDOS/pristine/*O/DOSCAR
pristine	*O	-6.64222	up	TDOS	0	all	total	104.3	source_manifest:COHP/PDOS/pristine/*O/DOSCAR
pristine	*O	-6.64222	down	TDOS	0	all	total	75.36	source_manifest:COHP/PDOS/pristine/*O/DOSCAR
pristine	*O	-6.53622	up	TDOS	0	all	total	69.18	source_manifest:COHP/PDOS/pristine/*O/DOSCAR
pristine	*O	-6.53622	down	TDOS	0	all	total	81.33	source_manifest:COHP/PDOS/pristine/*O/DOSCAR
pristine	*O	-6.43022	up	TDOS	0	all	total	45.81	source_manifest:COHP/PDOS/pristine/*O/DOSCAR
pristine	*O	-6.43022	down	TDOS	0	all	total	85.69	source_manifest:COHP/PDOS/pristine/*O/DOSCAR
pristine	*O	-6.32422	up	TDOS	0	all	total	49.17	source_manifest:COHP/PDOS/pristine/*O/DOSCAR
pristine	*O	-6.32422	down	TDOS	0	all	total	88.06	source_manifest:COHP/PDOS/pristine/*O/DOSCAR
pristine	*O	-6.21822	up	TDOS	0	all	total	59.83	source_manifest:COHP/PDOS/pristine/*O/DOSCAR
pristine	*O	-6.21822	down	TDOS	0	all	total	82.58	source_manifest:COHP/PDOS/pristine/*O/DOSCAR
pristine	*O	-6.11222	up	TDOS	0	all	total	63.39	source_manifest:COHP/PDOS/pristine/*O/DOSCAR
pristine	*O	-6.11222	down	TDOS	0	all	total	70.11	source_manifest:COHP/PDOS/pristine/*O/DOSCAR
pristine	*O	-6.00622	up	TDOS	0	all	total	61.27	source_manifest:COHP/PDOS/pristine/*O/DOSCAR
pristine	*O	-6.00622	down	TDOS	0	all	total	66.07	source_manifest:COHP/PDOS/pristine/*O/DOSCAR
pristine	*O	-5.90022	up	TDOS	0	all	total	59.5	source_manifest:COHP/PDOS/pristine/*O/DOSCAR
pristine	*O	-5.90022	down	TDOS	0	all	total	75.55	source_manifest:COHP/PDOS/pristine/*O/DOSCAR
pristine	*O	-5.79522	up	TDOS	0	all	total	54.46	source_manifest:COHP/PDOS/pristine/*O/DOSCAR
pristine	*O	-5.79522	down	TDOS	0	all	total	81.14	source_manifest:COHP/PDOS/pristine/*O/DOSCAR
pristine	*O	-5.68922	up	TDOS	0	all	total	53.45	source_manifest:COHP/PDOS/pristine/*O/DOSCAR
pristine	*O	-5.68922	down	TDOS	0	all	total	74.51	source_manifest:COHP/PDOS/pristine/*O/DOSCAR
pristine	*O	-5.58322	up	TDOS	0	all	total	81.34	source_manifest:COHP/PDOS/pristine/*O/DOSCAR
pristine	*O	-5.58322	down	TDOS	0	all	total	65.9	source_manifest:COHP/PDOS/pristine/*O/DOSCAR
pristine	*O	-5.47722	up	TDOS	0	all	total	120.8	source_manifest:COHP/PDOS/pristine/*O/DOSCAR
pristine	*O	-5.47722	down	TDOS	0	all	total	57.34	source_manifest:COHP/PDOS/pristine/*O/DOSCAR
pristine	*O	-5.37122	up	TDOS	0	all	total	129	source_manifest:COHP/PDOS/pristine/*O/DOSCAR
pristine	*O	-5.37122	down	TDOS	0	all	total	41.13	source_manifest:COHP/PDOS/pristine/*O/DOSCAR
pristine	*O	-5.26522	up	TDOS	0	all	total	115	source_manifest:COHP/PDOS/pristine/*O/DOSCAR
pristine	*O	-5.26522	down	TDOS	0	all	total	25.52	source_manifest:COHP/PDOS/pristine/*O/DOSCAR
pristine	*O	-5.15922	up	TDOS	0	all	total	112.1	source_manifest:COHP/PDOS/pristine/*O/DOSCAR
pristine	*O	-5.15922	down	TDOS	0	all	total	24.11	source_manifest:COHP/PDOS/pristine/*O/DOSCAR
pristine	*O	-5.05322	up	TDOS	0	all	total	116	source_manifest:COHP/PDOS/pristine/*O/DOSCAR
pristine	*O	-5.05322	down	TDOS	0	all	total	24.83	source_manifest:COHP/PDOS/pristine/*O/DOSCAR
pristine	*O	-4.94722	up	TDOS	0	all	total	107	source_manifest:COHP/PDOS/pristine/*O/DOSCAR
pristine	*O	-4.94722	down	TDOS	0	all	total	14.18	source_manifest:COHP/PDOS/pristine/*O/DOSCAR
pristine	*O	-4.84122	up	TDOS	0	all	total	85.85	source_manifest:COHP/PDOS/pristine/*O/DOSCAR
pristine	*O	-4.84122	down	TDOS	0	all	total	2.702	source_manifest:COHP/PDOS/pristine/*O/DOSCAR
pristine	*O	-4.73522	up	TDOS	0	all	total	71.63	source_manifest:COHP/PDOS/pristine/*O/DOSCAR
pristine	*O	-4.73522	down	TDOS	0	all	total	2.18	source_manifest:COHP/PDOS/pristine/*O/DOSCAR
pristine	*O	-4.62922	up	TDOS	0	all	total	81.93	source_manifest:COHP/PDOS/pristine/*O/DOSCAR
pristine	*O	-4.62922	down	TDOS	0	all	total	13.09	source_manifest:COHP/PDOS/pristine/*O/DOSCAR
pristine	*O	-4.52322	up	TDOS	0	all	total	103.2	source_manifest:COHP/PDOS/pristine/*O/DOSCAR
pristine	*O	-4.52322	down	TDOS	0	all	total	32.68	source_manifest:COHP/PDOS/pristine/*O/DOSCAR
pristine	*O	-4.41722	up	TDOS	0	all	total	108.4	source_manifest:COHP/PDOS/pristine/*O/DOSCAR
pristine	*O	-4.41722	down	TDOS	0	all	total	51.03	source_manifest:COHP/PDOS/pristine/*O/DOSCAR
pristine	*O	-4.31122	up	TDOS	0	all	total	99.63	source_manifest:COHP/PDOS/pristine/*O/DOSCAR
pristine	*O	-4.31122	down	TDOS	0	all	total	57.38	source_manifest:COHP/PDOS/pristine/*O/DOSCAR
pristine	*O	-4.20522	up	TDOS	0	all	total	92.37	source_manifest:COHP/PDOS/pristine/*O/DOSCAR
pristine	*O	-4.20522	down	TDOS	0	all	total	56.09	source_manifest:COHP/PDOS/pristine/*O/DOSCAR
pristine	*O	-4.10022	up	TDOS	0	all	total	92.6	source_manifest:COHP/PDOS/pristine/*O/DOSCAR
pristine	*O	-4.10022	down	TDOS	0	all	total	56.77	source_manifest:COHP/PDOS/pristine/*O/DOSCAR
pristine	*O	-3.99422	up	TDOS	0	all	total	96.72	source_manifest:COHP/PDOS/pristine/*O/DOSCAR
pristine	*O	-3.99422	down	TDOS	0	all	total	60.11	source_manifest:COHP/PDOS/pristine/*O/DOSCAR
pristine	*O	-3.88822	up	TDOS	0	all	total	91.49	source_manifest:COHP/PDOS/pristine/*O/DOSCAR
pristine	*O	-3.88822	down	TDOS	0	all	total	65.02	source_manifest:COHP/PDOS/pristine/*O/DOSCAR
pristine	*O	-3.78222	up	TDOS	0	all	total	71.66	source_manifest:COHP/PDOS/pristine/*O/DOSCAR
pristine	*O	-3.78222	down	TDOS	0	all	total	72.68	source_manifest:COHP/PDOS/pristine/*O/DOSCAR
pristine	*O	-3.67622	up	TDOS	0	all	total	56.65	source_manifest:COHP/PDOS/pristine/*O/DOSCAR
pristine	*O	-3.67622	down	TDOS	0	all	total	78.83	source_manifest:COHP/PDOS/pristine/*O/DOSCAR
pristine	*O	-3.57022	up	TDOS	0	all	total	69.48	source_manifest:COHP/PDOS/pristine/*O/DOSCAR
pristine	*O	-3.57022	down	TDOS	0	all	total	77.27	source_manifest:COHP/PDOS/pristine/*O/DOSCAR
pristine	*O	-3.46422	up	TDOS	0	all	total	99.96	source_manifest:COHP/PDOS/pristine/*O/DOSCAR
pristine	*O	-3.46422	down	TDOS	0	all	total	75.08	source_manifest:COHP/PDOS/pristine/*O/DOSCAR
pristine	*O	-3.35822	up	TDOS	0	all	total	116.3	source_manifest:COHP/PDOS/pristine/*O/DOSCAR
pristine	*O	-3.35822	down	TDOS	0	all	total	81	source_manifest:COHP/PDOS/pristine/*O/DOSCAR
pristine	*O	-3.25222	up	TDOS	0	all	total	108.1	source_manifest:COHP/PDOS/pristine/*O/DOSCAR
pristine	*O	-3.25222	down	TDOS	0	all	total	90.9	source_manifest:COHP/PDOS/pristine/*O/DOSCAR
pristine	*O	-3.14622	up	TDOS	0	all	total	104	source_manifest:COHP/PDOS/pristine/*O/DOSCAR
pristine	*O	-3.14622	down	TDOS	0	all	total	103.2	source_manifest:COHP/PDOS/pristine/*O/DOSCAR
pristine	*O	-3.04022	up	TDOS	0	all	total	128.9	source_manifest:COHP/PDOS/pristine/*O/DOSCAR
pristine	*O	-3.04022	down	TDOS	0	all	total	121.4	source_manifest:COHP/PDOS/pristine/*O/DOSCAR
pristine	*O	-2.93422	up	TDOS	0	all	total	165.1	source_manifest:COHP/PDOS/pristine/*O/DOSCAR
pristine	*O	-2.93422	down	TDOS	0	all	total	139.4	source_manifest:COHP/PDOS/pristine/*O/DOSCAR
pristine	*O	-2.82822	up	TDOS	0	all	total	182.4	source_manifest:COHP/PDOS/pristine/*O/DOSCAR
pristine	*O	-2.82822	down	TDOS	0	all	total	148.2	source_manifest:COHP/PDOS/pristine/*O/DOSCAR
pristine	*O	-2.72222	up	TDOS	0	all	total	173	source_manifest:COHP/PDOS/pristine/*O/DOSCAR
pristine	*O	-2.72222	down	TDOS	0	all	total	147.5	source_manifest:COHP/PDOS/pristine/*O/DOSCAR
pristine	*O	-2.61622	up	TDOS	0	all	total	148.9	source_manifest:COHP/PDOS/pristine/*O/DOSCAR
pristine	*O	-2.61622	down	TDOS	0	all	total	136.5	source_manifest:COHP/PDOS/pristine/*O/DOSCAR
pristine	*O	-2.51022	up	TDOS	0	all	total	126	source_manifest:COHP/PDOS/pristine/*O/DOSCAR
pristine	*O	-2.51022	down	TDOS	0	all	total	122.8	source_manifest:COHP/PDOS/pristine/*O/DOSCAR
pristine	*O	-2.40522	up	TDOS	0	all	total	111.4	source_manifest:COHP/PDOS/pristine/*O/DOSCAR
pristine	*O	-2.40522	down	TDOS	0	all	total	118.6	source_manifest:COHP/PDOS/pristine/*O/DOSCAR
pristine	*O	-2.29922	up	TDOS	0	all	total	102.2	source_manifest:COHP/PDOS/pristine/*O/DOSCAR
pristine	*O	-2.29922	down	TDOS	0	all	total	117.1	source_manifest:COHP/PDOS/pristine/*O/DOSCAR
pristine	*O	-2.19322	up	TDOS	0	all	total	95.42	source_manifest:COHP/PDOS/pristine/*O/DOSCAR
pristine	*O	-2.19322	down	TDOS	0	all	total	110.9	source_manifest:COHP/PDOS/pristine/*O/DOSCAR
pristine	*O	-2.08722	up	TDOS	0	all	total	89.37	source_manifest:COHP/PDOS/pristine/*O/DOSCAR
pristine	*O	-2.08722	down	TDOS	0	all	total	105.8	source_manifest:COHP/PDOS/pristine/*O/DOSCAR
pristine	*O	-1.98122	up	TDOS	0	all	total	82.45	source_manifest:COHP/PDOS/pristine/*O/DOSCAR
pristine	*O	-1.98122	down	TDOS	0	all	total	99.97	source_manifest:COHP/PDOS/pristine/*O/DOSCAR
pristine	*O	-1.87522	up	TDOS	0	all	total	78.86	source_manifest:COHP/PDOS/pristine/*O/DOSCAR
pristine	*O	-1.87522	down	TDOS	0	all	total	85.91	source_manifest:COHP/PDOS/pristine/*O/DOSCAR
pristine	*O	-1.76922	up	TDOS	0	all	total	81.15	source_manifest:COHP/PDOS/pristine/*O/DOSCAR
pristine	*O	-1.76922	down	TDOS	0	all	total	67.24	source_manifest:COHP/PDOS/pristine/*O/DOSCAR
pristine	*O	-1.66322	up	TDOS	0	all	total	84.28	source_manifest:COHP/PDOS/pristine/*O/DOSCAR
pristine	*O	-1.66322	down	TDOS	0	all	total	53.52	source_manifest:COHP/PDOS/pristine/*O/DOSCAR
pristine	*O	-1.55722	up	TDOS	0	all	total	90.15	source_manifest:COHP/PDOS/pristine/*O/DOSCAR
pristine	*O	-1.55722	down	TDOS	0	all	total	45.3	source_manifest:COHP/PDOS/pristine/*O/DOSCAR
pristine	*O	-1.45122	up	TDOS	0	all	total	100.1	source_manifest:COHP/PDOS/pristine/*O/DOSCAR
pristine	*O	-1.45122	down	TDOS	0	all	total	40.69	source_manifest:COHP/PDOS/pristine/*O/DOSCAR
pristine	*O	-1.34522	up	TDOS	0	all	total	101.5	source_manifest:COHP/PDOS/pristine/*O/DOSCAR
pristine	*O	-1.34522	down	TDOS	0	all	total	52.66	source_manifest:COHP/PDOS/pristine/*O/DOSCAR
pristine	*O	-1.23922	up	TDOS	0	all	total	90.87	source_manifest:COHP/PDOS/pristine/*O/DOSCAR
pristine	*O	-1.23922	down	TDOS	0	all	total	91.64	source_manifest:COHP/PDOS/pristine/*O/DOSCAR
pristine	*O	-1.13322	up	TDOS	0	all	total	78.45	source_manifest:COHP/PDOS/pristine/*O/DOSCAR
pristine	*O	-1.13322	down	TDOS	0	all	total	143.8	source_manifest:COHP/PDOS/pristine/*O/DOSCAR
pristine	*O	-1.02722	up	TDOS	0	all	total	71.06	source_manifest:COHP/PDOS/pristine/*O/DOSCAR
pristine	*O	-1.02722	down	TDOS	0	all	total	186.5	source_manifest:COHP/PDOS/pristine/*O/DOSCAR
pristine	*O	-0.92122	up	TDOS	0	all	total	69.94	source_manifest:COHP/PDOS/pristine/*O/DOSCAR
pristine	*O	-0.92122	down	TDOS	0	all	total	200.3	source_manifest:COHP/PDOS/pristine/*O/DOSCAR
pristine	*O	-0.81522	up	TDOS	0	all	total	73.98	source_manifest:COHP/PDOS/pristine/*O/DOSCAR
pristine	*O	-0.81522	down	TDOS	0	all	total	175.4	source_manifest:COHP/PDOS/pristine/*O/DOSCAR
pristine	*O	-0.71022	up	TDOS	0	all	total	76	source_manifest:COHP/PDOS/pristine/*O/DOSCAR
pristine	*O	-0.71022	down	TDOS	0	all	total	127	source_manifest:COHP/PDOS/pristine/*O/DOSCAR
pristine	*O	-0.60422	up	TDOS	0	all	total	68.81	source_manifest:COHP/PDOS/pristine/*O/DOSCAR
pristine	*O	-0.60422	down	TDOS	0	all	total	78.53	source_manifest:COHP/PDOS/pristine/*O/DOSCAR
pristine	*O	-0.49822	up	TDOS	0	all	total	58.88	source_manifest:COHP/PDOS/pristine/*O/DOSCAR
pristine	*O	-0.49822	down	TDOS	0	all	total	40.48	source_manifest:COHP/PDOS/pristine/*O/DOSCAR
pristine	*O	-0.39222	up	TDOS	0	all	total	57.62	source_manifest:COHP/PDOS/pristine/*O/DOSCAR
pristine	*O	-0.39222	down	TDOS	0	all	total	17.55	source_manifest:COHP/PDOS/pristine/*O/DOSCAR
pristine	*O	-0.28622	up	TDOS	0	all	total	70.63	source_manifest:COHP/PDOS/pristine/*O/DOSCAR
pristine	*O	-0.28622	down	TDOS	0	all	total	7.615	source_manifest:COHP/PDOS/pristine/*O/DOSCAR
pristine	*O	-0.18022	up	TDOS	0	all	total	93.53	source_manifest:COHP/PDOS/pristine/*O/DOSCAR
pristine	*O	-0.18022	down	TDOS	0	all	total	5.748	source_manifest:COHP/PDOS/pristine/*O/DOSCAR
pristine	*O	-0.07422	up	TDOS	0	all	total	103.1	source_manifest:COHP/PDOS/pristine/*O/DOSCAR
pristine	*O	-0.07422	down	TDOS	0	all	total	9.03	source_manifest:COHP/PDOS/pristine/*O/DOSCAR
pristine	*O	0.03178	up	TDOS	0	all	total	78.77	source_manifest:COHP/PDOS/pristine/*O/DOSCAR
pristine	*O	0.03178	down	TDOS	0	all	total	9.463	source_manifest:COHP/PDOS/pristine/*O/DOSCAR
pristine	*O	0.13778	up	TDOS	0	all	total	36	source_manifest:COHP/PDOS/pristine/*O/DOSCAR
pristine	*O	0.13778	down	TDOS	0	all	total	4.71	source_manifest:COHP/PDOS/pristine/*O/DOSCAR
pristine	*O	0.24378	up	TDOS	0	all	total	7.114	source_manifest:COHP/PDOS/pristine/*O/DOSCAR
pristine	*O	0.24378	down	TDOS	0	all	total	2.053	source_manifest:COHP/PDOS/pristine/*O/DOSCAR
pristine	*O	0.34978	up	TDOS	0	all	total	6.259	source_manifest:COHP/PDOS/pristine/*O/DOSCAR
pristine	*O	0.34978	down	TDOS	0	all	total	3.335	source_manifest:COHP/PDOS/pristine/*O/DOSCAR
pristine	*O	0.45578	up	TDOS	0	all	total	22.1	source_manifest:COHP/PDOS/pristine/*O/DOSCAR
pristine	*O	0.45578	down	TDOS	0	all	total	3.284	source_manifest:COHP/PDOS/pristine/*O/DOSCAR
pristine	*O	0.56178	up	TDOS	0	all	total	30.31	source_manifest:COHP/PDOS/pristine/*O/DOSCAR
pristine	*O	0.56178	down	TDOS	0	all	total	1.119	source_manifest:COHP/PDOS/pristine/*O/DOSCAR
pristine	*O	0.66778	up	TDOS	0	all	total	20.24	source_manifest:COHP/PDOS/pristine/*O/DOSCAR
pristine	*O	0.66778	down	TDOS	0	all	total	-0.1153	source_manifest:COHP/PDOS/pristine/*O/DOSCAR
pristine	*O	0.77378	up	TDOS	0	all	total	7.489	source_manifest:COHP/PDOS/pristine/*O/DOSCAR
pristine	*O	0.77378	down	TDOS	0	all	total	-0.1632	source_manifest:COHP/PDOS/pristine/*O/DOSCAR
pristine	*O	0.87978	up	TDOS	0	all	total	3.073	source_manifest:COHP/PDOS/pristine/*O/DOSCAR
pristine	*O	0.87978	down	TDOS	0	all	total	-0.09653	source_manifest:COHP/PDOS/pristine/*O/DOSCAR
pristine	*O	0.98478	up	TDOS	0	all	total	1.532	source_manifest:COHP/PDOS/pristine/*O/DOSCAR
pristine	*O	0.98478	down	TDOS	0	all	total	-0.3878	source_manifest:COHP/PDOS/pristine/*O/DOSCAR
pristine	*O	1.09078	up	TDOS	0	all	total	0.1174	source_manifest:COHP/PDOS/pristine/*O/DOSCAR
pristine	*O	1.09078	down	TDOS	0	all	total	-1.173	source_manifest:COHP/PDOS/pristine/*O/DOSCAR
pristine	*O	1.19678	up	TDOS	0	all	total	-0.2297	source_manifest:COHP/PDOS/pristine/*O/DOSCAR
pristine	*O	1.19678	down	TDOS	0	all	total	-0.5138	source_manifest:COHP/PDOS/pristine/*O/DOSCAR
pristine	*O	1.30278	up	TDOS	0	all	total	-0.08956	source_manifest:COHP/PDOS/pristine/*O/DOSCAR
pristine	*O	1.30278	down	TDOS	0	all	total	7.48	source_manifest:COHP/PDOS/pristine/*O/DOSCAR
pristine	*O	1.40878	up	TDOS	0	all	total	-0.01386	source_manifest:COHP/PDOS/pristine/*O/DOSCAR
pristine	*O	1.40878	down	TDOS	0	all	total	26.95	source_manifest:COHP/PDOS/pristine/*O/DOSCAR
pristine	*O	1.51478	up	TDOS	0	all	total	-0.001065	source_manifest:COHP/PDOS/pristine/*O/DOSCAR
pristine	*O	1.51478	down	TDOS	0	all	total	49.12	source_manifest:COHP/PDOS/pristine/*O/DOSCAR
pristine	*O	1.62078	up	TDOS	0	all	total	-4.339e-05	source_manifest:COHP/PDOS/pristine/*O/DOSCAR
pristine	*O	1.62078	down	TDOS	0	all	total	52.87	source_manifest:COHP/PDOS/pristine/*O/DOSCAR
pristine	*O	1.72678	up	TDOS	0	all	total	-9.661e-07	source_manifest:COHP/PDOS/pristine/*O/DOSCAR
pristine	*O	1.72678	down	TDOS	0	all	total	34.19	source_manifest:COHP/PDOS/pristine/*O/DOSCAR
pristine	*O	1.83278	up	TDOS	0	all	total	-1.193e-08	source_manifest:COHP/PDOS/pristine/*O/DOSCAR
pristine	*O	1.83278	down	TDOS	0	all	total	19.79	source_manifest:COHP/PDOS/pristine/*O/DOSCAR
pristine	*O	1.93878	up	TDOS	0	all	total	-4.589e-10	source_manifest:COHP/PDOS/pristine/*O/DOSCAR
pristine	*O	1.93878	down	TDOS	0	all	total	27.09	source_manifest:COHP/PDOS/pristine/*O/DOSCAR
pristine	*O	2.04478	up	TDOS	0	all	total	-4.338e-08	source_manifest:COHP/PDOS/pristine/*O/DOSCAR
pristine	*O	2.04478	down	TDOS	0	all	total	40.33	source_manifest:COHP/PDOS/pristine/*O/DOSCAR
pristine	*O	2.15078	up	TDOS	0	all	total	-2.809e-06	source_manifest:COHP/PDOS/pristine/*O/DOSCAR
pristine	*O	2.15078	down	TDOS	0	all	total	38.66	source_manifest:COHP/PDOS/pristine/*O/DOSCAR
pristine	*O	2.25678	up	TDOS	0	all	total	-0.0001016	source_manifest:COHP/PDOS/pristine/*O/DOSCAR
pristine	*O	2.25678	down	TDOS	0	all	total	25	source_manifest:COHP/PDOS/pristine/*O/DOSCAR
pristine	*O	2.36278	up	TDOS	0	all	total	-0.002029	source_manifest:COHP/PDOS/pristine/*O/DOSCAR
pristine	*O	2.36278	down	TDOS	0	all	total	11.47	source_manifest:COHP/PDOS/pristine/*O/DOSCAR
pristine	*O	2.46878	up	TDOS	0	all	total	-0.0218	source_manifest:COHP/PDOS/pristine/*O/DOSCAR
pristine	*O	2.46878	down	TDOS	0	all	total	4.581	source_manifest:COHP/PDOS/pristine/*O/DOSCAR
pristine	*O	2.57478	up	TDOS	0	all	total	-0.1173	source_manifest:COHP/PDOS/pristine/*O/DOSCAR
pristine	*O	2.57478	down	TDOS	0	all	total	4.555	source_manifest:COHP/PDOS/pristine/*O/DOSCAR
pristine	*O	2.67978	up	TDOS	0	all	total	-0.2334	source_manifest:COHP/PDOS/pristine/*O/DOSCAR
pristine	*O	2.67978	down	TDOS	0	all	total	6.917	source_manifest:COHP/PDOS/pristine/*O/DOSCAR
pristine	*O	2.78578	up	TDOS	0	all	total	0.3957	source_manifest:COHP/PDOS/pristine/*O/DOSCAR
pristine	*O	2.78578	down	TDOS	0	all	total	8.343	source_manifest:COHP/PDOS/pristine/*O/DOSCAR
pristine	*O	2.89178	up	TDOS	0	all	total	2.652	source_manifest:COHP/PDOS/pristine/*O/DOSCAR
pristine	*O	2.89178	down	TDOS	0	all	total	10.82	source_manifest:COHP/PDOS/pristine/*O/DOSCAR
pristine	*O	2.99778	up	TDOS	0	all	total	4.931	source_manifest:COHP/PDOS/pristine/*O/DOSCAR
pristine	*O	2.99778	down	TDOS	0	all	total	15.19	source_manifest:COHP/PDOS/pristine/*O/DOSCAR
pristine	*O	3.10378	up	TDOS	0	all	total	5.564	source_manifest:COHP/PDOS/pristine/*O/DOSCAR
pristine	*O	3.10378	down	TDOS	0	all	total	16.6	source_manifest:COHP/PDOS/pristine/*O/DOSCAR
pristine	*O	3.20978	up	TDOS	0	all	total	7.18	source_manifest:COHP/PDOS/pristine/*O/DOSCAR
pristine	*O	3.20978	down	TDOS	0	all	total	22.11	source_manifest:COHP/PDOS/pristine/*O/DOSCAR
pristine	*O	3.31578	up	TDOS	0	all	total	10.56	source_manifest:COHP/PDOS/pristine/*O/DOSCAR
pristine	*O	3.31578	down	TDOS	0	all	total	47.35	source_manifest:COHP/PDOS/pristine/*O/DOSCAR
pristine	*O	3.42178	up	TDOS	0	all	total	13.18	source_manifest:COHP/PDOS/pristine/*O/DOSCAR
pristine	*O	3.42178	down	TDOS	0	all	total	86.33	source_manifest:COHP/PDOS/pristine/*O/DOSCAR
pristine	*O	3.52778	up	TDOS	0	all	total	16.43	source_manifest:COHP/PDOS/pristine/*O/DOSCAR
pristine	*O	3.52778	down	TDOS	0	all	total	110	source_manifest:COHP/PDOS/pristine/*O/DOSCAR
pristine	*O	3.63378	up	TDOS	0	all	total	20.86	source_manifest:COHP/PDOS/pristine/*O/DOSCAR
pristine	*O	3.63378	down	TDOS	0	all	total	106.8	source_manifest:COHP/PDOS/pristine/*O/DOSCAR
pristine	*O	3.73978	up	TDOS	0	all	total	20.14	source_manifest:COHP/PDOS/pristine/*O/DOSCAR
pristine	*O	3.73978	down	TDOS	0	all	total	94.29	source_manifest:COHP/PDOS/pristine/*O/DOSCAR
pristine	*O	3.84578	up	TDOS	0	all	total	13.71	source_manifest:COHP/PDOS/pristine/*O/DOSCAR
pristine	*O	3.84578	down	TDOS	0	all	total	78.89	source_manifest:COHP/PDOS/pristine/*O/DOSCAR
pristine	*O	3.95178	up	TDOS	0	all	total	10.66	source_manifest:COHP/PDOS/pristine/*O/DOSCAR
pristine	*O	3.95178	down	TDOS	0	all	total	55.98	source_manifest:COHP/PDOS/pristine/*O/DOSCAR
pristine	*O	-7.91322	up	Coact	21	Co	dxy	0.000693	source_manifest:COHP/PDOS/pristine/*O/DOSCAR
pristine	*O	-7.91322	down	Coact	21	Co	dxy	-0.000132	source_manifest:COHP/PDOS/pristine/*O/DOSCAR
pristine	*O	-7.91322	up	Coact	21	Co	dyz	0.01172	source_manifest:COHP/PDOS/pristine/*O/DOSCAR
pristine	*O	-7.91322	down	Coact	21	Co	dyz	-9.406e-06	source_manifest:COHP/PDOS/pristine/*O/DOSCAR
pristine	*O	-7.91322	up	Coact	21	Co	dz2	0.0296	source_manifest:COHP/PDOS/pristine/*O/DOSCAR
pristine	*O	-7.91322	down	Coact	21	Co	dz2	-0.0002667	source_manifest:COHP/PDOS/pristine/*O/DOSCAR
pristine	*O	-7.91322	up	Coact	21	Co	dxz	0.01295	source_manifest:COHP/PDOS/pristine/*O/DOSCAR
pristine	*O	-7.91322	down	Coact	21	Co	dxz	-1.785e-06	source_manifest:COHP/PDOS/pristine/*O/DOSCAR
pristine	*O	-7.91322	up	Coact	21	Co	dx2-y2	0.0004198	source_manifest:COHP/PDOS/pristine/*O/DOSCAR
pristine	*O	-7.91322	down	Coact	21	Co	dx2-y2	-6.664e-05	source_manifest:COHP/PDOS/pristine/*O/DOSCAR
pristine	*O	-7.80722	up	Coact	21	Co	dxy	0.002193	source_manifest:COHP/PDOS/pristine/*O/DOSCAR
pristine	*O	-7.80722	down	Coact	21	Co	dxy	0.0003949	source_manifest:COHP/PDOS/pristine/*O/DOSCAR
pristine	*O	-7.80722	up	Coact	21	Co	dyz	0.4843	source_manifest:COHP/PDOS/pristine/*O/DOSCAR
pristine	*O	-7.80722	down	Coact	21	Co	dyz	8.286e-06	source_manifest:COHP/PDOS/pristine/*O/DOSCAR
pristine	*O	-7.80722	up	Coact	21	Co	dz2	0.04359	source_manifest:COHP/PDOS/pristine/*O/DOSCAR
pristine	*O	-7.80722	down	Coact	21	Co	dz2	0.0009915	source_manifest:COHP/PDOS/pristine/*O/DOSCAR
pristine	*O	-7.80722	up	Coact	21	Co	dxz	0.2129	source_manifest:COHP/PDOS/pristine/*O/DOSCAR
pristine	*O	-7.80722	down	Coact	21	Co	dxz	-2.037e-06	source_manifest:COHP/PDOS/pristine/*O/DOSCAR
pristine	*O	-7.80722	up	Coact	21	Co	dx2-y2	0.007832	source_manifest:COHP/PDOS/pristine/*O/DOSCAR
pristine	*O	-7.80722	down	Coact	21	Co	dx2-y2	0.0002028	source_manifest:COHP/PDOS/pristine/*O/DOSCAR
pristine	*O	-7.70122	up	Coact	21	Co	dxy	0.01539	source_manifest:COHP/PDOS/pristine/*O/DOSCAR
pristine	*O	-7.70122	down	Coact	21	Co	dxy	0.00183	source_manifest:COHP/PDOS/pristine/*O/DOSCAR
pristine	*O	-7.70122	up	Coact	21	Co	dyz	1.158	source_manifest:COHP/PDOS/pristine/*O/DOSCAR
pristine	*O	-7.70122	down	Coact	21	Co	dyz	8.423e-05	source_manifest:COHP/PDOS/pristine/*O/DOSCAR
pristine	*O	-7.70122	up	Coact	21	Co	dz2	0.04485	source_manifest:COHP/PDOS/pristine/*O/DOSCAR
pristine	*O	-7.70122	down	Coact	21	Co	dz2	0.004213	source_manifest:COHP/PDOS/pristine/*O/DOSCAR
pristine	*O	-7.70122	up	Coact	21	Co	dxz	0.4841	source_manifest:COHP/PDOS/pristine/*O/DOSCAR
pristine	*O	-7.70122	down	Coact	21	Co	dxz	5.959e-06	source_manifest:COHP/PDOS/pristine/*O/DOSCAR
pristine	*O	-7.70122	up	Coact	21	Co	dx2-y2	0.007863	source_manifest:COHP/PDOS/pristine/*O/DOSCAR
pristine	*O	-7.70122	down	Coact	21	Co	dx2-y2	0.0009315	source_manifest:COHP/PDOS/pristine/*O/DOSCAR
pristine	*O	-7.59622	up	Coact	21	Co	dxy	0.1199	source_manifest:COHP/PDOS/pristine/*O/DOSCAR
pristine	*O	-7.59622	down	Coact	21	Co	dxy	0.002939	source_manifest:COHP/PDOS/pristine/*O/DOSCAR
pristine	*O	-7.59622	up	Coact	21	Co	dyz	1.15	source_manifest:COHP/PDOS/pristine/*O/DOSCAR
pristine	*O	-7.59622	down	Coact	21	Co	dyz	0.000192	source_manifest:COHP/PDOS/pristine/*O/DOSCAR
pristine	*O	-7.59622	up	Coact	21	Co	dz2	0.07176	source_manifest:COHP/PDOS/pristine/*O/DOSCAR
pristine	*O	-7.59622	down	Coact	21	Co	dz2	0.00636	source_manifest:COHP/PDOS/pristine/*O/DOSCAR
pristine	*O	-7.59622	up	Coact	21	Co	dxz	0.4631	source_manifest:COHP/PDOS/pristine/*O/DOSCAR
pristine	*O	-7.59622	down	Coact	21	Co	dxz	2.862e-05	source_manifest:COHP/PDOS/pristine/*O/DOSCAR
pristine	*O	-7.59622	up	Coact	21	Co	dx2-y2	-0.008028	source_manifest:COHP/PDOS/pristine/*O/DOSCAR
pristine	*O	-7.59622	down	Coact	21	Co	dx2-y2	0.001493	source_manifest:COHP/PDOS/pristine/*O/DOSCAR
pristine	*O	-7.49022	up	Coact	21	Co	dxy	0.4361	source_manifest:COHP/PDOS/pristine/*O/DOSCAR
pristine	*O	-7.49022	down	Coact	21	Co	dxy	0.003118	source_manifest:COHP/PDOS/pristine/*O/DOSCAR
pristine	*O	-7.49022	up	Coact	21	Co	dyz	0.5322	source_manifest:COHP/PDOS/pristine/*O/DOSCAR
pristine	*O	-7.49022	down	Coact	21	Co	dyz	0.0002718	source_manifest:COHP/PDOS/pristine/*O/DOSCAR
pristine	*O	-7.49022	up	Coact	21	Co	dz2	0.1877	source_manifest:COHP/PDOS/pristine/*O/DOSCAR
pristine	*O	-7.49022	down	Coact	21	Co	dz2	0.005913	source_manifest:COHP/PDOS/pristine/*O/DOSCAR
pristine	*O	-7.49022	up	Coact	21	Co	dxz	0.2599	source_manifest:COHP/PDOS/pristine/*O/DOSCAR
pristine	*O	-7.49022	down	Coact	21	Co	dxz	6.366e-05	source_manifest:COHP/PDOS/pristine/*O/DOSCAR
pristine	*O	-7.49022	up	Coact	21	Co	dx2-y2	0.1219	source_manifest:COHP/PDOS/pristine/*O/DOSCAR
pristine	*O	-7.49022	down	Coact	21	Co	dx2-y2	0.001595	source_manifest:COHP/PDOS/pristine/*O/DOSCAR
pristine	*O	-7.38422	up	Coact	21	Co	dxy	0.8784	source_manifest:COHP/PDOS/pristine/*O/DOSCAR
pristine	*O	-7.38422	down	Coact	21	Co	dxy	0.005077	source_manifest:COHP/PDOS/pristine/*O/DOSCAR
pristine	*O	-7.38422	up	Coact	21	Co	dyz	0.1764	source_manifest:COHP/PDOS/pristine/*O/DOSCAR
pristine	*O	-7.38422	down	Coact	21	Co	dyz	0.0004111	source_manifest:COHP/PDOS/pristine/*O/DOSCAR
pristine	*O	-7.38422	up	Coact	21	Co	dz2	0.384	source_manifest:COHP/PDOS/pristine/*O/DOSCAR
pristine	*O	-7.38422	down	Coact	21	Co	dz2	0.008035	source_manifest:COHP/PDOS/pristine/*O/DOSCAR
pristine	*O	-7.38422	up	Coact	21	Co	dxz	0.3353	source_manifest:COHP/PDOS/pristine/*O/DOSCAR
pristine	*O	-7.38422	down	Coact	21	Co	dxz	0.0001185	source_manifest:COHP/PDOS/pristine/*O/DOSCAR
pristine	*O	-7.38422	up	Coact	21	Co	dx2-y2	0.7908	source_manifest:COHP/PDOS/pristine/*O/DOSCAR
pristine	*O	-7.38422	down	Coact	21	Co	dx2-y2	0.002581	source_manifest:COHP/PDOS/pristine/*O/DOSCAR
pristine	*O	-7.27822	up	Coact	21	Co	dxy	1.111	source_manifest:COHP/PDOS/pristine/*O/DOSCAR
pristine	*O	-7.27822	down	Coact	21	Co	dxy	0.01175	source_manifest:COHP/PDOS/pristine/*O/DOSCAR
pristine	*O	-7.27822	up	Coact	21	Co	dyz	0.1809	source_manifest:COHP/PDOS/pristine/*O/DOSCAR
pristine	*O	-7.27822	down	Coact	21	Co	dyz	0.0008231	source_manifest:COHP/PDOS/pristine/*O/DOSCAR
pristine	*O	-7.27822	up	Coact	21	Co	dz2	0.448	source_manifest:COHP/PDOS/pristine/*O/DOSCAR
pristine	*O	-7.27822	down	Coact	21	Co	dz2	0.0173	source_manifest:COHP/PDOS/pristine/*O/DOSCAR
pristine	*O	-7.27822	up	Coact	21	Co	dxz	0.5879	source_manifest:COHP/PDOS/pristine/*O/DOSCAR
pristine	*O	-7.27822	down	Coact	21	Co	dxz	0.000194	source_manifest:COHP/PDOS/pristine/*O/DOSCAR
pristine	*O	-7.27822	up	Coact	21	Co	dx2-y2	1.781	source_manifest:COHP/PDOS/pristine/*O/DOSCAR
pristine	*O	-7.27822	down	Coact	21	Co	dx2-y2	0.005837	source_manifest:COHP/PDOS/pristine/*O/DOSCAR
pristine	*O	-7.17222	up	Coact	21	Co	dxy	0.9628	source_manifest:COHP/PDOS/pristine/*O/DOSCAR
pristine	*O	-7.17222	down	Coact	21	Co	dxy	0.02028	source_manifest:COHP/PDOS/pristine/*O/DOSCAR
pristine	*O	-7.17222	up	Coact	21	Co	dyz	0.202	source_manifest:COHP/PDOS/pristine/*O/DOSCAR
pristine	*O	-7.17222	down	Coact	21	Co	dyz	0.001424	source_manifest:COHP/PDOS/pristine/*O/DOSCAR
pristine	*O	-7.17222	up	Coact	21	Co	dz2	0.2967	source_manifest:COHP/PDOS/pristine/*O/DOSCAR
pristine	*O	-7.17222	down	Coact	21	Co	dz2	0.02872	source_manifest:COHP/PDOS/pristine/*O/DOSCAR
pristine	*O	-7.17222	up	Coact	21	Co	dxz	0.6542	source_manifest:COHP/PDOS/pristine/*O/DOSCAR
pristine	*O	-7.17222	down	Coact	21	Co	dxz	0.0002632	source_manifest:COHP/PDOS/pristine/*O/DOSCAR
pristine	*O	-7.17222	up	Coact	21	Co	dx2-y2	1.869	source_manifest:COHP/PDOS/pristine/*O/DOSCAR
pristine	*O	-7.17222	down	Coact	21	Co	dx2-y2	0.009918	source_manifest:COHP/PDOS/pristine/*O/DOSCAR
pristine	*O	-7.06622	up	Coact	21	Co	dxy	0.6348	source_manifest:COHP/PDOS/pristine/*O/DOSCAR
pristine	*O	-7.06622	down	Coact	21	Co	dxy	0.02583	source_manifest:COHP/PDOS/pristine/*O/DOSCAR
pristine	*O	-7.06622	up	Coact	21	Co	dyz	0.161	source_manifest:COHP/PDOS/pristine/*O/DOSCAR
pristine	*O	-7.06622	down	Coact	21	Co	dyz	0.002947	source_manifest:COHP/PDOS/pristine/*O/DOSCAR
pristine	*O	-7.06622	up	Coact	21	Co	dz2	0.2324	source_manifest:COHP/PDOS/pristine/*O/DOSCAR
pristine	*O	-7.06622	down	Coact	21	Co	dz2	0.03283	source_manifest:COHP/PDOS/pristine/*O/DOSCAR
pristine	*O	-7.06622	up	Coact	21	Co	dxz	0.5416	source_manifest:COHP/PDOS/pristine/*O/DOSCAR
pristine	*O	-7.06622	down	Coact	21	Co	dxz	0.001006	source_manifest:COHP/PDOS/pristine/*O/DOSCAR
pristine	*O	-7.06622	up	Coact	21	Co	dx2-y2	0.9458	source_manifest:COHP/PDOS/pristine/*O/DOSCAR
pristine	*O	-7.06622	down	Coact	21	Co	dx2-y2	0.01236	source_manifest:COHP/PDOS/pristine/*O/DOSCAR
pristine	*O	-6.96022	up	Coact	21	Co	dxy	0.4072	source_manifest:COHP/PDOS/pristine/*O/DOSCAR
pristine	*O	-6.96022	down	Coact	21	Co	dxy	0.03433	source_manifest:COHP/PDOS/pristine/*O/DOSCAR
pristine	*O	-6.96022	up	Coact	21	Co	dyz	0.1343	source_manifest:COHP/PDOS/pristine/*O/DOSCAR
pristine	*O	-6.96022	down	Coact	21	Co	dyz	0.008669	source_manifest:COHP/PDOS/pristine/*O/DOSCAR
pristine	*O	-6.96022	up	Coact	21	Co	dz2	0.4104	source_manifest:COHP/PDOS/pristine/*O/DOSCAR
pristine	*O	-6.96022	down	Coact	21	Co	dz2	0.03263	source_manifest:COHP/PDOS/pristine/*O/DOSCAR
pristine	*O	-6.96022	up	Coact	21	Co	dxz	0.3938	source_manifest:COHP/PDOS/pristine/*O/DOSCAR
pristine	*O	-6.96022	down	Coact	21	Co	dxz	0.004352	source_manifest:COHP/PDOS/pristine/*O/DOSCAR
pristine	*O	-6.96022	up	Coact	21	Co	dx2-y2	0.2424	source_manifest:COHP/PDOS/pristine/*O/DOSCAR
pristine	*O	-6.96022	down	Coact	21	Co	dx2-y2	0.0164	source_manifest:COHP/PDOS/pristine/*O/DOSCAR
pristine	*O	-6.85422	up	Coact	21	Co	dxy	0.3269	source_manifest:COHP/PDOS/pristine/*O/DOSCAR
pristine	*O	-6.85422	down	Coact	21	Co	dxy	0.0486	source_manifest:COHP/PDOS/pristine/*O/DOSCAR
pristine	*O	-6.85422	up	Coact	21	Co	dyz	0.1232	source_manifest:COHP/PDOS/pristine/*O/DOSCAR
pristine	*O	-6.85422	down	Coact	21	Co	dyz	0.01754	source_manifest:COHP/PDOS/pristine/*O/DOSCAR
pristine	*O	-6.85422	up	Coact	21	Co	dz2	0.6317	source_manifest:COHP/PDOS/pristine/*O/DOSCAR
pristine	*O	-6.85422	down	Coact	21	Co	dz2	0.03577	source_manifest:COHP/PDOS/pristine/*O/DOSCAR
pristine	*O	-6.85422	up	Coact	21	Co	dxz	0.2838	source_manifest:COHP/PDOS/pristine/*O/DOSCAR
pristine	*O	-6.85422	down	Coact	21	Co	dxz	0.009568	source_manifest:COHP/PDOS/pristine/*O/DOSCAR
pristine	*O	-6.85422	up	Coact	21	Co	dx2-y2	0.09452	source_manifest:COHP/PDOS/pristine/*O/DOSCAR
pristine	*O	-6.85422	down	Coact	21	Co	dx2-y2	0.02459	source_manifest:COHP/PDOS/pristine/*O/DOSCAR
pristine	*O	-6.74822	up	Coact	21	Co	dxy	0.2636	source_manifest:COHP/PDOS/pristine/*O/DOSCAR
pristine	*O	-6.74822	down	Coact	21	Co	dxy	0.05618	source_manifest:COHP/PDOS/pristine/*O/DOSCAR
pristine	*O	-6.74822	up	Coact	21	Co	dyz	0.08688	source_manifest:COHP/PDOS/pristine/*O/DOSCAR
pristine	*O	-6.74822	down	Coact	21	Co	dyz	0.0196	source_manifest:COHP/PDOS/pristine/*O/DOSCAR
pristine	*O	-6.74822	up	Coact	21	Co	dz2	0.6898	source_manifest:COHP/PDOS/pristine/*O/DOSCAR
pristine	*O	-6.74822	down	Coact	21	Co	dz2	0.03923	source_manifest:COHP/PDOS/pristine/*O/DOSCAR
pristine	*O	-6.74822	up	Coact	21	Co	dxz	0.2119	source_manifest:COHP/PDOS/pristine/*O/DOSCAR
pristine	*O	-6.74822	down	Coact	21	Co	dxz	0.01241	source_manifest:COHP/PDOS/pristine/*O/DOSCAR
pristine	*O	-6.74822	up	Coact	21	Co	dx2-y2	0.09141	source_manifest:COHP/PDOS/pristine/*O/DOSCAR
pristine	*O	-6.74822	down	Coact	21	Co	dx2-y2	0.03088	source_manifest:COHP/PDOS/pristine/*O/DOSCAR
pristine	*O	-6.64222	up	Coact	21	Co	dxy	0.161	source_manifest:COHP/PDOS/pristine/*O/DOSCAR
pristine	*O	-6.64222	down	Coact	21	Co	dxy	0.05439	source_manifest:COHP/PDOS/pristine/*O/DOSCAR
pristine	*O	-6.64222	up	Coact	21	Co	dyz	0.03988	source_manifest:COHP/PDOS/pristine/*O/DOSCAR
pristine	*O	-6.64222	down	Coact	21	Co	dyz	0.01317	source_manifest:COHP/PDOS/pristine/*O/DOSCAR
pristine	*O	-6.64222	up	Coact	21	Co	dz2	0.5459	source_manifest:COHP/PDOS/pristine/*O/DOSCAR
pristine	*O	-6.64222	down	Coact	21	Co	dz2	0.03944	source_manifest:COHP/PDOS/pristine/*O/DOSCAR
pristine	*O	-6.64222	up	Coact	21	Co	dxz	0.1373	source_manifest:COHP/PDOS/pristine/*O/DOSCAR
pristine	*O	-6.64222	down	Coact	21	Co	dxz	0.01459	source_manifest:COHP/PDOS/pristine/*O/DOSCAR
pristine	*O	-6.64222	up	Coact	21	Co	dx2-y2	0.05454	source_manifest:COHP/PDOS/pristine/*O/DOSCAR
pristine	*O	-6.64222	down	Coact	21	Co	dx2-y2	0.03137	source_manifest:COHP/PDOS/pristine/*O/DOSCAR
pristine	*O	-6.53622	up	Coact	21	Co	dxy	0.07251	source_manifest:COHP/PDOS/pristine/*O/DOSCAR
pristine	*O	-6.53622	down	Coact	21	Co	dxy	0.04857	source_manifest:COHP/PDOS/pristine/*O/DOSCAR
pristine	*O	-6.53622	up	Coact	21	Co	dyz	0.02381	source_manifest:COHP/PDOS/pristine/*O/DOSCAR
pristine	*O	-6.53622	down	Coact	21	Co	dyz	0.01588	source_manifest:COHP/PDOS/pristine/*O/DOSCAR
pristine	*O	-6.53622	up	Coact	21	Co	dz2	0.3452	source_manifest:COHP/PDOS/pristine/*O/DOSCAR
pristine	*O	-6.53622	down	Coact	21	Co	dz2	0.03479	source_manifest:COHP/PDOS/pristine/*O/DOSCAR
pristine	*O	-6.53622	up	Coact	21	Co	dxz	0.1157	source_manifest:COHP/PDOS/pristine/*O/DOSCAR
pristine	*O	-6.53622	down	Coact	21	Co	dxz	0.02015	source_manifest:COHP/PDOS/pristine/*O/DOSCAR
pristine	*O	-6.53622	up	Coact	21	Co	dx2-y2	0.02115	source_manifest:COHP/PDOS/pristine/*O/DOSCAR
pristine	*O	-6.53622	down	Coact	21	Co	dx2-y2	0.02653	source_manifest:COHP/PDOS/pristine/*O/DOSCAR
pristine	*O	-6.43022	up	Coact	21	Co	dxy	0.03837	source_manifest:COHP/PDOS/pristine/*O/DOSCAR
pristine	*O	-6.43022	down	Coact	21	Co	dxy	0.038	source_manifest:COHP/PDOS/pristine/*O/DOSCAR
pristine	*O	-6.43022	up	Coact	21	Co	dyz	0.03271	source_manifest:COHP/PDOS/pristine/*O/DOSCAR
pristine	*O	-6.43022	down	Coact	21	Co	dyz	0.0468	source_manifest:COHP/PDOS/pristine/*O/DOSCAR
pristine	*O	-6.43022	up	Coact	21	Co	dz2	0.2514	source_manifest:COHP/PDOS/pristine/*O/DOSCAR
pristine	*O	-6.43022	down	Coact	21	Co	dz2	0.02433	source_manifest:COHP/PDOS/pristine/*O/DOSCAR
pristine	*O	-6.43022	up	Coact	21	Co	dxz	0.182	source_manifest:COHP/PDOS/pristine/*O/DOSCAR
pristine	*O	-6.43022	down	Coact	21	Co	dxz	0.02884	source_manifest:COHP/PDOS/pristine/*O/DOSCAR
pristine	*O	-6.43022	up	Coact	21	Co	dx2-y2	0.01414	source_manifest:COHP/PDOS/pristine/*O/DOSCAR
pristine	*O	-6.43022	down	Coact	21	Co	dx2-y2	0.01843	source_manifest:COHP/PDOS/pristine/*O/DOSCAR
pristine	*O	-6.32422	up	Coact	21	Co	dxy	0.02833	source_manifest:COHP/PDOS/pristine/*O/DOSCAR
pristine	*O	-6.32422	down	Coact	21	Co	dxy	0.02734	source_manifest:COHP/PDOS/pristine/*O/DOSCAR
pristine	*O	-6.32422	up	Coact	21	Co	dyz	0.03284	source_manifest:COHP/PDOS/pristine/*O/DOSCAR
pristine	*O	-6.32422	down	Coact	21	Co	dyz	0.08717	source_manifest:COHP/PDOS/pristine/*O/DOSCAR
pristine	*O	-6.32422	up	Coact	21	Co	dz2	0.1821	source_manifest:COHP/PDOS/pristine/*O/DOSCAR
pristine	*O	-6.32422	down	Coact	21	Co	dz2	0.01376	source_manifest:COHP/PDOS/pristine/*O/DOSCAR
pristine	*O	-6.32422	up	Coact	21	Co	dxz	0.2363	source_manifest:COHP/PDOS/pristine/*O/DOSCAR
pristine	*O	-6.32422	down	Coact	21	Co	dxz	0.04253	source_manifest:COHP/PDOS/pristine/*O/DOSCAR
pristine	*O	-6.32422	up	Coact	21	Co	dx2-y2	0.01629	source_manifest:COHP/PDOS/pristine/*O/DOSCAR
pristine	*O	-6.32422	down	Coact	21	Co	dx2-y2	0.0131	source_manifest:COHP/PDOS/pristine/*O/DOSCAR
pristine	*O	-6.21822	up	Coact	21	Co	dxy	0.01905	source_manifest:COHP/PDOS/pristine/*O/DOSCAR
pristine	*O	-6.21822	down	Coact	21	Co	dxy	0.0209	source_manifest:COHP/PDOS/pristine/*O/DOSCAR
pristine	*O	-6.21822	up	Coact	21	Co	dyz	0.05836	source_manifest:COHP/PDOS/pristine/*O/DOSCAR
pristine	*O	-6.21822	down	Coact	21	Co	dyz	0.0858	source_manifest:COHP/PDOS/pristine/*O/DOSCAR
pristine	*O	-6.21822	up	Coact	21	Co	dz2	0.07518	source_manifest:COHP/PDOS/pristine/*O/DOSCAR
pristine	*O	-6.21822	down	Coact	21	Co	dz2	0.00732	source_manifest:COHP/PDOS/pristine/*O/DOSCAR
pristine	*O	-6.21822	up	Coact	21	Co	dxz	0.2205	source_manifest:COHP/PDOS/pristine/*O/DOSCAR
pristine	*O	-6.21822	down	Coact	21	Co	dxz	0.04909	source_manifest:COHP/PDOS/pristine/*O/DOSCAR
pristine	*O	-6.21822	up	Coact	21	Co	dx2-y2	0.02052	source_manifest:COHP/PDOS/pristine/*O/DOSCAR
pristine	*O	-6.21822	down	Coact	21	Co	dx2-y2	0.01177	source_manifest:COHP/PDOS/pristine/*O/DOSCAR
pristine	*O	-6.11222	up	Coact	21	Co	dxy	0.02172	source_manifest:COHP/PDOS/pristine/*O/DOSCAR
pristine	*O	-6.11222	down	Coact	21	Co	dxy	0.01684	source_manifest:COHP/PDOS/pristine/*O/DOSCAR
pristine	*O	-6.11222	up	Coact	21	Co	dyz	0.1934	source_manifest:COHP/PDOS/pristine/*O/DOSCAR
pristine	*O	-6.11222	down	Coact	21	Co	dyz	0.04562	source_manifest:COHP/PDOS/pristine/*O/DOSCAR
pristine	*O	-6.11222	up	Coact	21	Co	dz2	0.02072	source_manifest:COHP/PDOS/pristine/*O/DOSCAR
pristine	*O	-6.11222	down	Coact	21	Co	dz2	0.004087	source_manifest:COHP/PDOS/pristine/*O/DOSCAR
pristine	*O	-6.11222	up	Coact	21	Co	dxz	0.1607	source_manifest:COHP/PDOS/pristine/*O/DOSCAR
pristine	*O	-6.11222	down	Coact	21	Co	dxz	0.03278	source_manifest:COHP/PDOS/pristine/*O/DOSCAR
pristine	*O	-6.11222	up	Coact	21	Co	dx2-y2	0.03024	source_manifest:COHP/PDOS/pristine/*O/DOSCAR
pristine	*O	-6.11222	down	Coact	21	Co	dx2-y2	0.01191	source_manifest:COHP/PDOS/pristine/*O/DOSCAR
pristine	*O	-6.00622	up	Coact	21	Co	dxy	0.02908	source_manifest:COHP/PDOS/pristine/*O/DOSCAR
pristine	*O	-6.00622	down	Coact	21	Co	dxy	0.01412	source_manifest:COHP/PDOS/pristine/*O/DOSCAR
pristine	*O	-6.00622	up	Coact	21	Co	dyz	0.3812	source_manifest:COHP/PDOS/pristine/*O/DOSCAR
pristine	*O	-6.00622	down	Coact	21	Co	dyz	0.01986	source_manifest:COHP/PDOS/pristine/*O/DOSCAR
pristine	*O	-6.00622	up	Coact	21	Co	dz2	0.02194	source_manifest:COHP/PDOS/pristine/*O/DOSCAR
pristine	*O	-6.00622	down	Coact	21	Co	dz2	0.002962	source_manifest:COHP/PDOS/pristine/*O/DOSCAR
pristine	*O	-6.00622	up	Coact	21	Co	dxz	0.1293	source_manifest:COHP/PDOS/pristine/*O/DOSCAR
pristine	*O	-6.00622	down	Coact	21	Co	dxz	0.01687	source_manifest:COHP/PDOS/pristine/*O/DOSCAR
pristine	*O	-6.00622	up	Coact	21	Co	dx2-y2	0.04331	source_manifest:COHP/PDOS/pristine/*O/DOSCAR
pristine	*O	-6.00622	down	Coact	21	Co	dx2-y2	0.01374	source_manifest:COHP/PDOS/pristine/*O/DOSCAR
pristine	*O	-5.90022	up	Coact	21	Co	dxy	0.02421	source_manifest:COHP/PDOS/pristine/*O/DOSCAR
pristine	*O	-5.90022	down	Coact	21	Co	dxy	0.01186	source_manifest:COHP/PDOS/pristine/*O/DOSCAR
pristine	*O	-5.90022	up	Coact	21	Co	dyz	0.3873	source_manifest:COHP/PDOS/pristine/*O/DOSCAR
pristine	*O	-5.90022	down	Coact	21	Co	dyz	0.01798	source_manifest:COHP/PDOS/pristine/*O/DOSCAR
pristine	*O	-5.90022	up	Coact	21	Co	dz2	0.02712	source_manifest:COHP/PDOS/pristine/*O/DOSCAR
pristine	*O	-5.90022	down	Coact	21	Co	dz2	0.003057	source_manifest:COHP/PDOS/pristine/*O/DOSCAR
pristine	*O	-5.90022	up	Coact	21	Co	dxz	0.1308	source_manifest:COHP/PDOS/pristine/*O/DOSCAR
pristine	*O	-5.90022	down	Coact	21	Co	dxz	0.02596	source_manifest:COHP/PDOS/pristine/*O/DOSCAR
pristine	*O	-5.90022	up	Coact	21	Co	dx2-y2	0.0457	source_manifest:COHP/PDOS/pristine/*O/DOSCAR
pristine	*O	-5.90022	down	Coact	21	Co	dx2-y2	0.01384	source_manifest:COHP/PDOS/pristine/*O/DOSCAR
pristine	*O	-5.79522	up	Coact	21	Co	dxy	0.01013	source_manifest:COHP/PDOS/pristine/*O/DOSCAR
pristine	*O	-5.79522	down	Coact	21	Co	dxy	0.009239	source_manifest:COHP/PDOS/pristine/*O/DOSCAR
pristine	*O	-5.79522	up	Coact	21	Co	dyz	0.1859	source_manifest:COHP/PDOS/pristine/*O/DOSCAR
pristine	*O	-5.79522	down	Coact	21	Co	dyz	0.01561	source_manifest:COHP/PDOS/pristine/*O/DOSCAR
pristine	*O	-5.79522	up	Coact	21	Co	dz2	0.01868	source_manifest:COHP/PDOS/pristine/*O/DOSCAR
pristine	*O	-5.79522	down	Coact	21	Co	dz2	0.003295	source_manifest:COHP/PDOS/pristine/*O/DOSCAR
pristine	*O	-5.79522	up	Coact	21	Co	dxz	0.09118	source_manifest:COHP/PDOS/pristine/*O/DOSCAR
pristine	*O	-5.79522	down	Coact	21	Co	dxz	0.04034	source_manifest:COHP/PDOS/pristine/*O/DOSCAR
pristine	*O	-5.79522	up	Coact	21	Co	dx2-y2	0.02653	source_manifest:COHP/PDOS/pristine/*O/DOSCAR
pristine	*O	-5.79522	down	Coact	21	Co	dx2-y2	0.009392	source_manifest:COHP/PDOS/pristine/*O/DOSCAR
pristine	*O	-5.68922	up	Coact	21	Co	dxy	0.002135	source_manifest:COHP/PDOS/pristine/*O/DOSCAR
pristine	*O	-5.68922	down	Coact	21	Co	dxy	0.007166	source_manifest:COHP/PDOS/pristine/*O/DOSCAR
pristine	*O	-5.68922	up	Coact	21	Co	dyz	0.02929	source_manifest:COHP/PDOS/pristine/*O/DOSCAR
pristine	*O	-5.68922	down	Coact	21	Co	dyz	0.01207	source_manifest:COHP/PDOS/pristine/*O/DOSCAR
pristine	*O	-5.68922	up	Coact	21	Co	dz2	0.01356	source_manifest:COHP/PDOS/pristine/*O/DOSCAR
pristine	*O	-5.68922	down	Coact	21	Co	dz2	0.00354	source_manifest:COHP/PDOS/pristine/*O/DOSCAR
pristine	*O	-5.68922	up	Coact	21	Co	dxz	0.03645	source_manifest:COHP/PDOS/pristine/*O/DOSCAR
pristine	*O	-5.68922	down	Coact	21	Co	dxz	0.04561	source_manifest:COHP/PDOS/pristine/*O/DOSCAR
pristine	*O	-5.68922	up	Coact	21	Co	dx2-y2	0.007374	source_manifest:COHP/PDOS/pristine/*O/DOSCAR
pristine	*O	-5.68922	down	Coact	21	Co	dx2-y2	0.005203	source_manifest:COHP/PDOS/pristine/*O/DOSCAR
pristine	*O	-5.58322	up	Coact	21	Co	dxy	0.007389	source_manifest:COHP/PDOS/pristine/*O/DOSCAR
pristine	*O	-5.58322	down	Coact	21	Co	dxy	0.00662	source_manifest:COHP/PDOS/pristine/*O/DOSCAR
pristine	*O	-5.58322	up	Coact	21	Co	dyz	0.006596	source_manifest:COHP/PDOS/pristine/*O/DOSCAR
pristine	*O	-5.58322	down	Coact	21	Co	dyz	0.01351	source_manifest:COHP/PDOS/pristine/*O/DOSCAR
pristine	*O	-5.58322	up	Coact	21	Co	dz2	0.02928	source_manifest:COHP/PDOS/pristine/*O/DOSCAR
pristine	*O	-5.58322	down	Coact	21	Co	dz2	0.004104	source_manifest:COHP/PDOS/pristine/*O/DOSCAR
pristine	*O	-5.58322	up	Coact	21	Co	dxz	0.01605	source_manifest:COHP/PDOS/pristine/*O/DOSCAR
pristine	*O	-5.58322	down	Coact	21	Co	dxz	0.05006	source_manifest:COHP/PDOS/pristine/*O/DOSCAR
pristine	*O	-5.58322	up	Coact	21	Co	dx2-y2	0.009591	source_manifest:COHP/PDOS/pristine/*O/DOSCAR
pristine	*O	-5.58322	down	Coact	21	Co	dx2-y2	0.00376	source_manifest:COHP/PDOS/pristine/*O/DOSCAR
pristine	*O	-5.47722	up	Coact	21	Co	dxy	0.02058	source_manifest:COHP/PDOS/pristine/*O/DOSCAR
pristine	*O	-5.47722	down	Coact	21	Co	dxy	0.005122	source_manifest:COHP/PDOS/pristine/*O/DOSCAR
pristine	*O	-5.47722	up	Coact	21	Co	dyz	0.02484	source_manifest:COHP/PDOS/pristine/*O/DOSCAR
pristine	*O	-5.47722	down	Coact	21	Co	dyz	0.01106	source_manifest:COHP/PDOS/pristine/*O/DOSCAR
pristine	*O	-5.47722	up	Coact	21	Co	dz2	0.0567	source_manifest:COHP/PDOS/pristine/*O/DOSCAR
pristine	*O	-5.47722	down	Coact	21	Co	dz2	0.003461	source_manifest:COHP/PDOS/pristine/*O/DOSCAR
pristine	*O	-5.47722	up	Coact	21	Co	dxz	0.0204	source_manifest:COHP/PDOS/pristine/*O/DOSCAR
pristine	*O	-5.47722	down	Coact	21	Co	dxz	0.04036	source_manifest:COHP/PDOS/pristine/*O/DOSCAR
pristine	*O	-5.47722	up	Coact	21	Co	dx2-y2	0.02499	source_manifest:COHP/PDOS/pristine/*O/DOSCAR
pristine	*O	-5.47722	down	Coact	21	Co	dx2-y2	0.002014	source_manifest:COHP/PDOS/pristine/*O/DOSCAR
pristine	*O	-5.37122	up	Coact	21	Co	dxy	0.02788	source_manifest:COHP/PDOS/pristine/*O/DOSCAR
pristine	*O	-5.37122	down	Coact	21	Co	dxy	0.002382	source_manifest:COHP/PDOS/pristine/*O/DOSCAR
pristine	*O	-5.37122	up	Coact	21	Co	dyz	0.03308	source_manifest:COHP/PDOS/pristine/*O/DOSCAR
pristine	*O	-5.37122	down	Coact	21	Co	dyz	0.004159	source_manifest:COHP/PDOS/pristine/*O/DOSCAR
pristine	*O	-5.37122	up	Coact	21	Co	dz2	0.07141	source_manifest:COHP/PDOS/pristine/*O/DOSCAR
pristine	*O	-5.37122	down	Coact	21	Co	dz2	0.001406	source_manifest:COHP/PDOS/pristine/*O/DOSCAR
pristine	*O	-5.37122	up	Coact	21	Co	dxz	0.03456	source_manifest:COHP/PDOS/pristine/*O/DOSCAR
pristine	*O	-5.37122	down	Coact	21	Co	dxz	0.01534	source_manifest:COHP/PDOS/pristine/*O/DOSCAR
pristine	*O	-5.37122	up	Coact	21	Co	dx2-y2	0.03383	source_manifest:COHP/PDOS/pristine/*O/DOSCAR
pristine	*O	-5.37122	down	Coact	21	Co	dx2-y2	0.0008241	source_manifest:COHP/PDOS/pristine/*O/DOSCAR
pristine	*O	-5.26522	up	Coact	21	Co	dxy	0.02296	source_manifest:COHP/PDOS/pristine/*O/DOSCAR
pristine	*O	-5.26522	down	Coact	21	Co	dxy	0.003701	source_manifest:COHP/PDOS/pristine/*O/DOSCAR
pristine	*O	-5.26522	up	Coact	21	Co	dyz	0.03921	source_manifest:COHP/PDOS/pristine/*O/DOSCAR
pristine	*O	-5.26522	down	Coact	21	Co	dyz	0.002912	source_manifest:COHP/PDOS/pristine/*O/DOSCAR
pristine	*O	-5.26522	up	Coact	21	Co	dz2	0.06683	source_manifest:COHP/PDOS/pristine/*O/DOSCAR
pristine	*O	-5.26522	down	Coact	21	Co	dz2	0.0001747	source_manifest:COHP/PDOS/pristine/*O/DOSCAR
pristine	*O	-5.26522	up	Coact	21	Co	dxz	0.0533	source_manifest:COHP/PDOS/pristine/*O/DOSCAR
pristine	*O	-5.26522	down	Coact	21	Co	dxz	0.0007878	source_manifest:COHP/PDOS/pristine/*O/DOSCAR
pristine	*O	-5.26522	up	Coact	21	Co	dx2-y2	0.03029	source_manifest:COHP/PDOS/pristine/*O/DOSCAR
pristine	*O	-5.26522	down	Coact	21	Co	dx2-y2	0.005016	source_manifest:COHP/PDOS/pristine/*O/DOSCAR
pristine	*O	-5.15922	up	Coact	21	Co	dxy	0.01692	source_manifest:COHP/PDOS/pristine/*O/DOSCAR
pristine	*O	-5.15922	down	Coact	21	Co	dxy	0.006628	source_manifest:COHP/PDOS/pristine/*O/DOSCAR
pristine	*O	-5.15922	up	Coact	21	Co	dyz	0.05454	source_manifest:COHP/PDOS/pristine/*O/DOSCAR
pristine	*O	-5.15922	down	Coact	21	Co	dyz	0.006104	source_manifest:COHP/PDOS/pristine/*O/DOSCAR
pristine	*O	-5.15922	up	Coact	21	Co	dz2	0.05818	source_manifest:COHP/PDOS/pristine/*O/DOSCAR
pristine	*O	-5.15922	down	Coact	21	Co	dz2	0.0001442	source_manifest:COHP/PDOS/pristine/*O/DOSCAR
pristine	*O	-5.15922	up	Coact	21	Co	dxz	0.06838	source_manifest:COHP/PDOS/pristine/*O/DOSCAR
pristine	*O	-5.15922	down	Coact	21	Co	dxz	-0.001351	source_manifest:COHP/PDOS/pristine/*O/DOSCAR
pristine	*O	-5.15922	up	Coact	21	Co	dx2-y2	0.02446	source_manifest:COHP/PDOS/pristine/*O/DOSCAR
pristine	*O	-5.15922	down	Coact	21	Co	dx2-y2	0.01097	source_manifest:COHP/PDOS/pristine/*O/DOSCAR
pristine	*O	-5.05322	up	Coact	21	Co	dxy	0.01915	source_manifest:COHP/PDOS/pristine/*O/DOSCAR
pristine	*O	-5.05322	down	Coact	21	Co	dxy	-0.0003462	source_manifest:COHP/PDOS/pristine/*O/DOSCAR
pristine	*O	-5.05322	up	Coact	21	Co	dyz	0.0758	source_manifest:COHP/PDOS/pristine/*O/DOSCAR
pristine	*O	-5.05322	down	Coact	21	Co	dyz	0.003886	source_manifest:COHP/PDOS/pristine/*O/DOSCAR
pristine	*O	-5.05322	up	Coact	21	Co	dz2	0.05292	source_manifest:COHP/PDOS/pristine/*O/DOSCAR
pristine	*O	-5.05322	down	Coact	21	Co	dz2	0.0001583	source_manifest:COHP/PDOS/pristine/*O/DOSCAR
pristine	*O	-5.05322	up	Coact	21	Co	dxz	0.07086	source_manifest:COHP/PDOS/pristine/*O/DOSCAR
pristine	*O	-5.05322	down	Coact	21	Co	dxz	-0.007374	source_manifest:COHP/PDOS/pristine/*O/DOSCAR
pristine	*O	-5.05322	up	Coact	21	Co	dx2-y2	0.02142	source_manifest:COHP/PDOS/pristine/*O/DOSCAR
pristine	*O	-5.05322	down	Coact	21	Co	dx2-y2	0.007043	source_manifest:COHP/PDOS/pristine/*O/DOSCAR
pristine	*O	-4.94722	up	Coact	21	Co	dxy	0.03036	source_manifest:COHP/PDOS/pristine/*O/DOSCAR
pristine	*O	-4.94722	down	Coact	21	Co	dxy	-0.004063	source_manifest:COHP/PDOS/pristine/*O/DOSCAR
pristine	*O	-4.94722	up	Coact	21	Co	dyz	0.08795	source_manifest:COHP/PDOS/pristine/*O/DOSCAR
pristine	*O	-4.94722	down	Coact	21	Co	dyz	-0.0009234	source_manifest:COHP/PDOS/pristine/*O/DOSCAR
pristine	*O	-4.94722	up	Coact	21	Co	dz2	0.0562	source_manifest:COHP/PDOS/pristine/*O/DOSCAR
pristine	*O	-4.94722	down	Coact	21	Co	dz2	-9.967e-06	source_manifest:COHP/PDOS/pristine/*O/DOSCAR
pristine	*O	-4.94722	up	Coact	21	Co	dxz	0.0685	source_manifest:COHP/PDOS/pristine/*O/DOSCAR
pristine	*O	-4.94722	down	Coact	21	Co	dxz	-0.006585	source_manifest:COHP/PDOS/pristine/*O/DOSCAR
pristine	*O	-4.94722	up	Coact	21	Co	dx2-y2	0.02289	source_manifest:COHP/PDOS/pristine/*O/DOSCAR
pristine	*O	-4.94722	down	Coact	21	Co	dx2-y2	0.0005818	source_manifest:COHP/PDOS/pristine/*O/DOSCAR
pristine	*O	-4.84122	up	Coact	21	Co	dxy	0.04943	source_manifest:COHP/PDOS/pristine/*O/DOSCAR
pristine	*O	-4.84122	down	Coact	21	Co	dxy	0.05602	source_manifest:COHP/PDOS/pristine/*O/DOSCAR
pristine	*O	-4.84122	up	Coact	21	Co	dyz	0.08367	source_manifest:COHP/PDOS/pristine/*O/DOSCAR
pristine	*O	-4.84122	down	Coact	21	Co	dyz	0.01099	source_manifest:COHP/PDOS/pristine/*O/DOSCAR
pristine	*O	-4.84122	up	Coact	21	Co	dz2	0.08001	source_manifest:COHP/PDOS/pristine/*O/DOSCAR
pristine	*O	-4.84122	down	Coact	21	Co	dz2	0.000241	source_manifest:COHP/PDOS/pristine/*O/DOSCAR
pristine	*O	-4.84122	up	Coact	21	Co	dxz	0.07427	source_manifest:COHP/PDOS/pristine/*O/DOSCAR
pristine	*O	-4.84122	down	Coact	21	Co	dxz	0.06446	source_manifest:COHP/PDOS/pristine/*O/DOSCAR
pristine	*O	-4.84122	up	Coact	21	Co	dx2-y2	0.03252	source_manifest:COHP/PDOS/pristine/*O/DOSCAR
pristine	*O	-4.84122	down	Coact	21	Co	dx2-y2	0.02411	source_manifest:COHP/PDOS/pristine/*O/DOSCAR
pristine	*O	-4.73522	up	Coact	21	Co	dxy	0.07186	source_manifest:COHP/PDOS/pristine/*O/DOSCAR
pristine	*O	-4.73522	down	Coact	21	Co	dxy	0.1773	source_manifest:COHP/PDOS/pristine/*O/DOSCAR
pristine	*O	-4.73522	up	Coact	21	Co	dyz	0.09061	source_manifest:COHP/PDOS/pristine/*O/DOSCAR
pristine	*O	-4.73522	down	Coact	21	Co	dyz	0.04777	source_manifest:COHP/PDOS/pristine/*O/DOSCAR
pristine	*O	-4.73522	up	Coact	21	Co	dz2	0.125	source_manifest:COHP/PDOS/pristine/*O/DOSCAR
pristine	*O	-4.73522	down	Coact	21	Co	dz2	0.001009	source_manifest:COHP/PDOS/pristine/*O/DOSCAR
pristine	*O	-4.73522	up	Coact	21	Co	dxz	0.09699	source_manifest:COHP/PDOS/pristine/*O/DOSCAR
pristine	*O	-4.73522	down	Coact	21	Co	dxz	0.2006	source_manifest:COHP/PDOS/pristine/*O/DOSCAR
pristine	*O	-4.73522	up	Coact	21	Co	dx2-y2	0.04661	source_manifest:COHP/PDOS/pristine/*O/DOSCAR
pristine	*O	-4.73522	down	Coact	21	Co	dx2-y2	0.07617	source_manifest:COHP/PDOS/pristine/*O/DOSCAR
pristine	*O	-4.62922	up	Coact	21	Co	dxy	0.1099	source_manifest:COHP/PDOS/pristine/*O/DOSCAR
pristine	*O	-4.62922	down	Coact	21	Co	dxy	0.2087	source_manifest:COHP/PDOS/pristine/*O/DOSCAR
pristine	*O	-4.62922	up	Coact	21	Co	dyz	0.136	source_manifest:COHP/PDOS/pristine/*O/DOSCAR
pristine	*O	-4.62922	down	Coact	21	Co	dyz	0.08723	source_manifest:COHP/PDOS/pristine/*O/DOSCAR
pristine	*O	-4.62922	up	Coact	21	Co	dz2	0.1833	source_manifest:COHP/PDOS/pristine/*O/DOSCAR
pristine	*O	-4.62922	down	Coact	21	Co	dz2	0.002655	source_manifest:COHP/PDOS/pristine/*O/DOSCAR
pristine	*O	-4.62922	up	Coact	21	Co	dxz	0.1412	source_manifest:COHP/PDOS/pristine/*O/DOSCAR
pristine	*O	-4.62922	down	Coact	21	Co	dxz	0.2305	source_manifest:COHP/PDOS/pristine/*O/DOSCAR
pristine	*O	-4.62922	up	Coact	21	Co	dx2-y2	0.06557	source_manifest:COHP/PDOS/pristine/*O/DOSCAR
pristine	*O	-4.62922	down	Coact	21	Co	dx2-y2	0.08741	source_manifest:COHP/PDOS/pristine/*O/DOSCAR
pristine	*O	-4.52322	up	Coact	21	Co	dxy	0.1586	source_manifest:COHP/PDOS/pristine/*O/DOSCAR
pristine	*O	-4.52322	down	Coact	21	Co	dxy	0.1187	source_manifest:COHP/PDOS/pristine/*O/DOSCAR
pristine	*O	-4.52322	up	Coact	21	Co	dyz	0.1753	source_manifest:COHP/PDOS/pristine/*O/DOSCAR
pristine	*O	-4.52322	down	Coact	21	Co	dyz	0.1029	source_manifest:COHP/PDOS/pristine/*O/DOSCAR
pristine	*O	-4.52322	up	Coact	21	Co	dz2	0.2161	source_manifest:COHP/PDOS/pristine/*O/DOSCAR
pristine	*O	-4.52322	down	Coact	21	Co	dz2	0.006865	source_manifest:COHP/PDOS/pristine/*O/DOSCAR
pristine	*O	-4.52322	up	Coact	21	Co	dxz	0.1733	source_manifest:COHP/PDOS/pristine/*O/DOSCAR
pristine	*O	-4.52322	down	Coact	21	Co	dxz	0.132	source_manifest:COHP/PDOS/pristine/*O/DOSCAR
pristine	*O	-4.52322	up	Coact	21	Co	dx2-y2	0.08731	source_manifest:COHP/PDOS/pristine/*O/DOSCAR
pristine	*O	-4.52322	down	Coact	21	Co	dx2-y2	0.0422	source_manifest:COHP/PDOS/pristine/*O/DOSCAR
pristine	*O	-4.41722	up	Coact	21	Co	dxy	0.1818	source_manifest:COHP/PDOS/pristine/*O/DOSCAR
pristine	*O	-4.41722	down	Coact	21	Co	dxy	0.04838	source_manifest:COHP/PDOS/pristine/*O/DOSCAR
pristine	*O	-4.41722	up	Coact	21	Co	dyz	0.1646	source_manifest:COHP/PDOS/pristine/*O/DOSCAR
pristine	*O	-4.41722	down	Coact	21	Co	dyz	0.07792	source_manifest:COHP/PDOS/pristine/*O/DOSCAR
pristine	*O	-4.41722	up	Coact	21	Co	dz2	0.2041	source_manifest:COHP/PDOS/pristine/*O/DOSCAR
pristine	*O	-4.41722	down	Coact	21	Co	dz2	0.01043	source_manifest:COHP/PDOS/pristine/*O/DOSCAR
pristine	*O	-4.41722	up	Coact	21	Co	dxz	0.1656	source_manifest:COHP/PDOS/pristine/*O/DOSCAR
pristine	*O	-4.41722	down	Coact	21	Co	dxz	0.07153	source_manifest:COHP/PDOS/pristine/*O/DOSCAR
pristine	*O	-4.41722	up	Coact	21	Co	dx2-y2	0.1027	source_manifest:COHP/PDOS/pristine/*O/DOSCAR
pristine	*O	-4.41722	down	Coact	21	Co	dx2-y2	0.009667	source_manifest:COHP/PDOS/pristine/*O/DOSCAR
pristine	*O	-4.31122	up	Coact	21	Co	dxy	0.2229	source_manifest:COHP/PDOS/pristine/*O/DOSCAR
pristine	*O	-4.31122	down	Coact	21	Co	dxy	0.04006	source_manifest:COHP/PDOS/pristine/*O/DOSCAR
pristine	*O	-4.31122	up	Coact	21	Co	dyz	0.1463	source_manifest:COHP/PDOS/pristine/*O/DOSCAR
pristine	*O	-4.31122	down	Coact	21	Co	dyz	0.03668	source_manifest:COHP/PDOS/pristine/*O/DOSCAR
pristine	*O	-4.31122	up	Coact	21	Co	dz2	0.2226	source_manifest:COHP/PDOS/pristine/*O/DOSCAR
pristine	*O	-4.31122	down	Coact	21	Co	dz2	0.007635	source_manifest:COHP/PDOS/pristine/*O/DOSCAR
pristine	*O	-4.31122	up	Coact	21	Co	dxz	0.1571	source_manifest:COHP/PDOS/pristine/*O/DOSCAR
pristine	*O	-4.31122	down	Coact	21	Co	dxz	0.06209	source_manifest:COHP/PDOS/pristine/*O/DOSCAR
pristine	*O	-4.31122	up	Coact	21	Co	dx2-y2	0.1277	source_manifest:COHP/PDOS/pristine/*O/DOSCAR
pristine	*O	-4.31122	down	Coact	21	Co	dx2-y2	0.028	source_manifest:COHP/PDOS/pristine/*O/DOSCAR
pristine	*O	-4.20522	up	Coact	21	Co	dxy	0.2862	source_manifest:COHP/PDOS/pristine/*O/DOSCAR
pristine	*O	-4.20522	down	Coact	21	Co	dxy	0.0527	source_manifest:COHP/PDOS/pristine/*O/DOSCAR
pristine	*O	-4.20522	up	Coact	21	Co	dyz	0.1345	source_manifest:COHP/PDOS/pristine/*O/DOSCAR
pristine	*O	-4.20522	down	Coact	21	Co	dyz	0.02694	source_manifest:COHP/PDOS/pristine/*O/DOSCAR
pristine	*O	-4.20522	up	Coact	21	Co	dz2	0.2571	source_manifest:COHP/PDOS/pristine/*O/DOSCAR
pristine	*O	-4.20522	down	Coact	21	Co	dz2	0.002177	source_manifest:COHP/PDOS/pristine/*O/DOSCAR
pristine	*O	-4.20522	up	Coact	21	Co	dxz	0.1502	source_manifest:COHP/PDOS/pristine/*O/DOSCAR
pristine	*O	-4.20522	down	Coact	21	Co	dxz	0.04946	source_manifest:COHP/PDOS/pristine/*O/DOSCAR
pristine	*O	-4.20522	up	Coact	21	Co	dx2-y2	0.1505	source_manifest:COHP/PDOS/pristine/*O/DOSCAR
pristine	*O	-4.20522	down	Coact	21	Co	dx2-y2	0.07998	source_manifest:COHP/PDOS/pristine/*O/DOSCAR
pristine	*O	-4.10022	up	Coact	21	Co	dxy	0.2666	source_manifest:COHP/PDOS/pristine/*O/DOSCAR
pristine	*O	-4.10022	down	Coact	21	Co	dxy	0.05357	source_manifest:COHP/PDOS/pristine/*O/DOSCAR
pristine	*O	-4.10022	up	Coact	21	Co	dyz	0.09553	source_manifest:COHP/PDOS/pristine/*O/DOSCAR
pristine	*O	-4.10022	down	Coact	21	Co	dyz	0.03914	source_manifest:COHP/PDOS/pristine/*O/DOSCAR
pristine	*O	-4.10022	up	Coact	21	Co	dz2	0.2103	source_manifest:COHP/PDOS/pristine/*O/DOSCAR
pristine	*O	-4.10022	down	Coact	21	Co	dz2	0.006848	source_manifest:COHP/PDOS/pristine/*O/DOSCAR
pristine	*O	-4.10022	up	Coact	21	Co	dxz	0.1063	source_manifest:COHP/PDOS/pristine/*O/DOSCAR
pristine	*O	-4.10022	down	Coact	21	Co	dxz	0.04143	source_manifest:COHP/PDOS/pristine/*O/DOSCAR
pristine	*O	-4.10022	up	Coact	21	Co	dx2-y2	0.1318	source_manifest:COHP/PDOS/pristine/*O/DOSCAR
pristine	*O	-4.10022	down	Coact	21	Co	dx2-y2	0.1016	source_manifest:COHP/PDOS/pristine/*O/DOSCAR
pristine	*O	-3.99422	up	Coact	21	Co	dxy	0.1699	source_manifest:COHP/PDOS/pristine/*O/DOSCAR
pristine	*O	-3.99422	down	Coact	21	Co	dxy	0.04734	source_manifest:COHP/PDOS/pristine/*O/DOSCAR
pristine	*O	-3.99422	up	Coact	21	Co	dyz	0.05051	source_manifest:COHP/PDOS/pristine/*O/DOSCAR
pristine	*O	-3.99422	down	Coact	21	Co	dyz	0.04453	source_manifest:COHP/PDOS/pristine/*O/DOSCAR
pristine	*O	-3.99422	up	Coact	21	Co	dz2	0.1236	source_manifest:COHP/PDOS/pristine/*O/DOSCAR
pristine	*O	-3.99422	down	Coact	21	Co	dz2	0.03403	source_manifest:COHP/PDOS/pristine/*O/DOSCAR
pristine	*O	-3.99422	up	Coact	21	Co	dxz	0.05104	source_manifest:COHP/PDOS/pristine/*O/DOSCAR
pristine	*O	-3.99422	down	Coact	21	Co	dxz	0.05434	source_manifest:COHP/PDOS/pristine/*O/DOSCAR
pristine	*O	-3.99422	up	Coact	21	Co	dx2-y2	0.09057	source_manifest:COHP/PDOS/pristine/*O/DOSCAR
pristine	*O	-3.99422	down	Coact	21	Co	dx2-y2	0.07614	source_manifest:COHP/PDOS/pristine/*O/DOSCAR
pristine	*O	-3.88822	up	Coact	21	Co	dxy	0.08512	source_manifest:COHP/PDOS/pristine/*O/DOSCAR
pristine	*O	-3.88822	down	Coact	21	Co	dxy	0.05306	source_manifest:COHP/PDOS/pristine/*O/DOSCAR
pristine	*O	-3.88822	up	Coact	21	Co	dyz	0.02831	source_manifest:COHP/PDOS/pristine/*O/DOSCAR
pristine	*O	-3.88822	down	Coact	21	Co	dyz	0.04504	source_manifest:COHP/PDOS/pristine/*O/DOSCAR
pristine	*O	-3.88822	up	Coact	21	Co	dz2	0.07193	source_manifest:COHP/PDOS/pristine/*O/DOSCAR
pristine	*O	-3.88822	down	Coact	21	Co	dz2	0.08261	source_manifest:COHP/PDOS/pristine/*O/DOSCAR
pristine	*O	-3.88822	up	Coact	21	Co	dxz	0.01816	source_manifest:COHP/PDOS/pristine/*O/DOSCAR
pristine	*O	-3.88822	down	Coact	21	Co	dxz	0.08196	source_manifest:COHP/PDOS/pristine/*O/DOSCAR
pristine	*O	-3.88822	up	Coact	21	Co	dx2-y2	0.0582	source_manifest:COHP/PDOS/pristine/*O/DOSCAR
pristine	*O	-3.88822	down	Coact	21	Co	dx2-y2	0.0731	source_manifest:COHP/PDOS/pristine/*O/DOSCAR
pristine	*O	-3.78222	up	Coact	21	Co	dxy	0.05012	source_manifest:COHP/PDOS/pristine/*O/DOSCAR
pristine	*O	-3.78222	down	Coact	21	Co	dxy	0.06177	source_manifest:COHP/PDOS/pristine/*O/DOSCAR
pristine	*O	-3.78222	up	Coact	21	Co	dyz	0.0226	source_manifest:COHP/PDOS/pristine/*O/DOSCAR
pristine	*O	-3.78222	down	Coact	21	Co	dyz	0.0524	source_manifest:COHP/PDOS/pristine/*O/DOSCAR
pristine	*O	-3.78222	up	Coact	21	Co	dz2	0.08084	source_manifest:COHP/PDOS/pristine/*O/DOSCAR
pristine	*O	-3.78222	down	Coact	21	Co	dz2	0.1908	source_manifest:COHP/PDOS/pristine/*O/DOSCAR
pristine	*O	-3.78222	up	Coact	21	Co	dxz	0.004794	source_manifest:COHP/PDOS/pristine/*O/DOSCAR
pristine	*O	-3.78222	down	Coact	21	Co	dxz	0.1113	source_manifest:COHP/PDOS/pristine/*O/DOSCAR
pristine	*O	-3.78222	up	Coact	21	Co	dx2-y2	0.04075	source_manifest:COHP/PDOS/pristine/*O/DOSCAR
pristine	*O	-3.78222	down	Coact	21	Co	dx2-y2	0.1082	source_manifest:COHP/PDOS/pristine/*O/DOSCAR
pristine	*O	-3.67622	up	Coact	21	Co	dxy	0.05309	source_manifest:COHP/PDOS/pristine/*O/DOSCAR
pristine	*O	-3.67622	down	Coact	21	Co	dxy	0.06653	source_manifest:COHP/PDOS/pristine/*O/DOSCAR
pristine	*O	-3.67622	up	Coact	21	Co	dyz	0.02503	source_manifest:COHP/PDOS/pristine/*O/DOSCAR
pristine	*O	-3.67622	down	Coact	21	Co	dyz	0.08466	source_manifest:COHP/PDOS/pristine/*O/DOSCAR
pristine	*O	-3.67622	up	Coact	21	Co	dz2	0.1674	source_manifest:COHP/PDOS/pristine/*O/DOSCAR
pristine	*O	-3.67622	down	Coact	21	Co	dz2	0.3731	source_manifest:COHP/PDOS/pristine/*O/DOSCAR
pristine	*O	-3.67622	up	Coact	21	Co	dxz	0.00241	source_manifest:COHP/PDOS/pristine/*O/DOSCAR
pristine	*O	-3.67622	down	Coact	21	Co	dxz	0.1685	source_manifest:COHP/PDOS/pristine/*O/DOSCAR
pristine	*O	-3.67622	up	Coact	21	Co	dx2-y2	0.04218	source_manifest:COHP/PDOS/pristine/*O/DOSCAR
pristine	*O	-3.67622	down	Coact	21	Co	dx2-y2	0.1323	source_manifest:COHP/PDOS/pristine/*O/DOSCAR
pristine	*O	-3.57022	up	Coact	21	Co	dxy	0.07285	source_manifest:COHP/PDOS/pristine/*O/DOSCAR
pristine	*O	-3.57022	down	Coact	21	Co	dxy	0.07219	source_manifest:COHP/PDOS/pristine/*O/DOSCAR
pristine	*O	-3.57022	up	Coact	21	Co	dyz	0.03488	source_manifest:COHP/PDOS/pristine/*O/DOSCAR
pristine	*O	-3.57022	down	Coact	21	Co	dyz	0.1503	source_manifest:COHP/PDOS/pristine/*O/DOSCAR
pristine	*O	-3.57022	up	Coact	21	Co	dz2	0.263	source_manifest:COHP/PDOS/pristine/*O/DOSCAR
pristine	*O	-3.57022	down	Coact	21	Co	dz2	0.4259	source_manifest:COHP/PDOS/pristine/*O/DOSCAR
pristine	*O	-3.57022	up	Coact	21	Co	dxz	0.005369	source_manifest:COHP/PDOS/pristine/*O/DOSCAR
pristine	*O	-3.57022	down	Coact	21	Co	dxz	0.2746	source_manifest:COHP/PDOS/pristine/*O/DOSCAR
pristine	*O	-3.57022	up	Coact	21	Co	dx2-y2	0.06279	source_manifest:COHP/PDOS/pristine/*O/DOSCAR
pristine	*O	-3.57022	down	Coact	21	Co	dx2-y2	0.1246	source_manifest:COHP/PDOS/pristine/*O/DOSCAR
pristine	*O	-3.46422	up	Coact	21	Co	dxy	0.09212	source_manifest:COHP/PDOS/pristine/*O/DOSCAR
pristine	*O	-3.46422	down	Coact	21	Co	dxy	0.07138	source_manifest:COHP/PDOS/pristine/*O/DOSCAR
pristine	*O	-3.46422	up	Coact	21	Co	dyz	0.04769	source_manifest:COHP/PDOS/pristine/*O/DOSCAR
pristine	*O	-3.46422	down	Coact	21	Co	dyz	0.2188	source_manifest:COHP/PDOS/pristine/*O/DOSCAR
pristine	*O	-3.46422	up	Coact	21	Co	dz2	0.2581	source_manifest:COHP/PDOS/pristine/*O/DOSCAR
pristine	*O	-3.46422	down	Coact	21	Co	dz2	0.2525	source_manifest:COHP/PDOS/pristine/*O/DOSCAR
pristine	*O	-3.46422	up	Coact	21	Co	dxz	0.009922	source_manifest:COHP/PDOS/pristine/*O/DOSCAR
pristine	*O	-3.46422	down	Coact	21	Co	dxz	0.3473	source_manifest:COHP/PDOS/pristine/*O/DOSCAR
pristine	*O	-3.46422	up	Coact	21	Co	dx2-y2	0.101	source_manifest:COHP/PDOS/pristine/*O/DOSCAR
pristine	*O	-3.46422	down	Coact	21	Co	dx2-y2	0.1014	source_manifest:COHP/PDOS/pristine/*O/DOSCAR
pristine	*O	-3.35822	up	Coact	21	Co	dxy	0.1085	source_manifest:COHP/PDOS/pristine/*O/DOSCAR
pristine	*O	-3.35822	down	Coact	21	Co	dxy	0.06052	source_manifest:COHP/PDOS/pristine/*O/DOSCAR
pristine	*O	-3.35822	up	Coact	21	Co	dyz	0.05988	source_manifest:COHP/PDOS/pristine/*O/DOSCAR
pristine	*O	-3.35822	down	Coact	21	Co	dyz	0.2164	source_manifest:COHP/PDOS/pristine/*O/DOSCAR
pristine	*O	-3.35822	up	Coact	21	Co	dz2	0.2083	source_manifest:COHP/PDOS/pristine/*O/DOSCAR
pristine	*O	-3.35822	down	Coact	21	Co	dz2	0.0863	source_manifest:COHP/PDOS/pristine/*O/DOSCAR
pristine	*O	-3.35822	up	Coact	21	Co	dxz	0.01621	source_manifest:COHP/PDOS/pristine/*O/DOSCAR
pristine	*O	-3.35822	down	Coact	21	Co	dxz	0.2928	source_manifest:COHP/PDOS/pristine/*O/DOSCAR
pristine	*O	-3.35822	up	Coact	21	Co	dx2-y2	0.172	source_manifest:COHP/PDOS/pristine/*O/DOSCAR
pristine	*O	-3.35822	down	Coact	21	Co	dx2-y2	0.08138	source_manifest:COHP/PDOS/pristine/*O/DOSCAR
pristine	*O	-3.25222	up	Coact	21	Co	dxy	0.1224	source_manifest:COHP/PDOS/pristine/*O/DOSCAR
pristine	*O	-3.25222	down	Coact	21	Co	dxy	0.06376	source_manifest:COHP/PDOS/pristine/*O/DOSCAR
pristine	*O	-3.25222	up	Coact	21	Co	dyz	0.07462	source_manifest:COHP/PDOS/pristine/*O/DOSCAR
pristine	*O	-3.25222	down	Coact	21	Co	dyz	0.1377	source_manifest:COHP/PDOS/pristine/*O/DOSCAR
pristine	*O	-3.25222	up	Coact	21	Co	dz2	0.2155	source_manifest:COHP/PDOS/pristine/*O/DOSCAR
pristine	*O	-3.25222	down	Coact	21	Co	dz2	0.05482	source_manifest:COHP/PDOS/pristine/*O/DOSCAR
pristine	*O	-3.25222	up	Coact	21	Co	dxz	0.02488	source_manifest:COHP/PDOS/pristine/*O/DOSCAR
pristine	*O	-3.25222	down	Coact	21	Co	dxz	0.2028	source_manifest:COHP/PDOS/pristine/*O/DOSCAR
pristine	*O	-3.25222	up	Coact	21	Co	dx2-y2	0.2533	source_manifest:COHP/PDOS/pristine/*O/DOSCAR
pristine	*O	-3.25222	down	Coact	21	Co	dx2-y2	0.08214	source_manifest:COHP/PDOS/pristine/*O/DOSCAR
pristine	*O	-3.14622	up	Coact	21	Co	dxy	0.1182	source_manifest:COHP/PDOS/pristine/*O/DOSCAR
pristine	*O	-3.14622	down	Coact	21	Co	dxy	0.09601	source_manifest:COHP/PDOS/pristine/*O/DOSCAR
pristine	*O	-3.14622	up	Coact	21	Co	dyz	0.08067	source_manifest:COHP/PDOS/pristine/*O/DOSCAR
pristine	*O	-3.14622	down	Coact	21	Co	dyz	0.06833	source_manifest:COHP/PDOS/pristine/*O/DOSCAR
pristine	*O	-3.14622	up	Coact	21	Co	dz2	0.2354	source_manifest:COHP/PDOS/pristine/*O/DOSCAR
pristine	*O	-3.14622	down	Coact	21	Co	dz2	0.08664	source_manifest:COHP/PDOS/pristine/*O/DOSCAR
pristine	*O	-3.14622	up	Coact	21	Co	dxz	0.03103	source_manifest:COHP/PDOS/pristine/*O/DOSCAR
pristine	*O	-3.14622	down	Coact	21	Co	dxz	0.1751	source_manifest:COHP/PDOS/pristine/*O/DOSCAR
pristine	*O	-3.14622	up	Coact	21	Co	dx2-y2	0.2571	source_manifest:COHP/PDOS/pristine/*O/DOSCAR
pristine	*O	-3.14622	down	Coact	21	Co	dx2-y2	0.1027	source_manifest:COHP/PDOS/pristine/*O/DOSCAR
pristine	*O	-3.04022	up	Coact	21	Co	dxy	0.09225	source_manifest:COHP/PDOS/pristine/*O/DOSCAR
pristine	*O	-3.04022	down	Coact	21	Co	dxy	0.1316	source_manifest:COHP/PDOS/pristine/*O/DOSCAR
pristine	*O	-3.04022	up	Coact	21	Co	dyz	0.06336	source_manifest:COHP/PDOS/pristine/*O/DOSCAR
pristine	*O	-3.04022	down	Coact	21	Co	dyz	0.05049	source_manifest:COHP/PDOS/pristine/*O/DOSCAR
pristine	*O	-3.04022	up	Coact	21	Co	dz2	0.1936	source_manifest:COHP/PDOS/pristine/*O/DOSCAR
pristine	*O	-3.04022	down	Coact	21	Co	dz2	0.1126	source_manifest:COHP/PDOS/pristine/*O/DOSCAR
pristine	*O	-3.04022	up	Coact	21	Co	dxz	0.02922	source_manifest:COHP/PDOS/pristine/*O/DOSCAR
pristine	*O	-3.04022	down	Coact	21	Co	dxz	0.1592	source_manifest:COHP/PDOS/pristine/*O/DOSCAR
pristine	*O	-3.04022	up	Coact	21	Co	dx2-y2	0.1731	source_manifest:COHP/PDOS/pristine/*O/DOSCAR
pristine	*O	-3.04022	down	Coact	21	Co	dx2-y2	0.1168	source_manifest:COHP/PDOS/pristine/*O/DOSCAR
pristine	*O	-2.93422	up	Coact	21	Co	dxy	0.06219	source_manifest:COHP/PDOS/pristine/*O/DOSCAR
pristine	*O	-2.93422	down	Coact	21	Co	dxy	0.144	source_manifest:COHP/PDOS/pristine/*O/DOSCAR
pristine	*O	-2.93422	up	Coact	21	Co	dyz	0.03687	source_manifest:COHP/PDOS/pristine/*O/DOSCAR
pristine	*O	-2.93422	down	Coact	21	Co	dyz	0.08532	source_manifest:COHP/PDOS/pristine/*O/DOSCAR
pristine	*O	-2.93422	up	Coact	21	Co	dz2	0.1164	source_manifest:COHP/PDOS/pristine/*O/DOSCAR
pristine	*O	-2.93422	down	Coact	21	Co	dz2	0.1074	source_manifest:COHP/PDOS/pristine/*O/DOSCAR
pristine	*O	-2.93422	up	Coact	21	Co	dxz	0.02208	source_manifest:COHP/PDOS/pristine/*O/DOSCAR
pristine	*O	-2.93422	down	Coact	21	Co	dxz	0.1224	source_manifest:COHP/PDOS/pristine/*O/DOSCAR
pristine	*O	-2.93422	up	Coact	21	Co	dx2-y2	0.08437	source_manifest:COHP/PDOS/pristine/*O/DOSCAR
pristine	*O	-2.93422	down	Coact	21	Co	dx2-y2	0.1198	source_manifest:COHP/PDOS/pristine/*O/DOSCAR
pristine	*O	-2.82822	up	Coact	21	Co	dxy	0.03861	source_manifest:COHP/PDOS/pristine/*O/DOSCAR
pristine	*O	-2.82822	down	Coact	21	Co	dxy	0.1408	source_manifest:COHP/PDOS/pristine/*O/DOSCAR
pristine	*O	-2.82822	up	Coact	21	Co	dyz	0.02249	source_manifest:COHP/PDOS/pristine/*O/DOSCAR
pristine	*O	-2.82822	down	Coact	21	Co	dyz	0.1607	source_manifest:COHP/PDOS/pristine/*O/DOSCAR
pristine	*O	-2.82822	up	Coact	21	Co	dz2	0.06591	source_manifest:COHP/PDOS/pristine/*O/DOSCAR
pristine	*O	-2.82822	down	Coact	21	Co	dz2	0.08814	source_manifest:COHP/PDOS/pristine/*O/DOSCAR
pristine	*O	-2.82822	up	Coact	21	Co	dxz	0.01534	source_manifest:COHP/PDOS/pristine/*O/DOSCAR
pristine	*O	-2.82822	down	Coact	21	Co	dxz	0.09499	source_manifest:COHP/PDOS/pristine/*O/DOSCAR
pristine	*O	-2.82822	up	Coact	21	Co	dx2-y2	0.03337	source_manifest:COHP/PDOS/pristine/*O/DOSCAR
pristine	*O	-2.82822	down	Coact	21	Co	dx2-y2	0.1246	source_manifest:COHP/PDOS/pristine/*O/DOSCAR
pristine	*O	-2.72222	up	Coact	21	Co	dxy	0.02857	source_manifest:COHP/PDOS/pristine/*O/DOSCAR
pristine	*O	-2.72222	down	Coact	21	Co	dxy	0.1361	source_manifest:COHP/PDOS/pristine/*O/DOSCAR
pristine	*O	-2.72222	up	Coact	21	Co	dyz	0.02391	source_manifest:COHP/PDOS/pristine/*O/DOSCAR
pristine	*O	-2.72222	down	Coact	21	Co	dyz	0.2066	source_manifest:COHP/PDOS/pristine/*O/DOSCAR
pristine	*O	-2.72222	up	Coact	21	Co	dz2	0.051	source_manifest:COHP/PDOS/pristine/*O/DOSCAR
pristine	*O	-2.72222	down	Coact	21	Co	dz2	0.09183	source_manifest:COHP/PDOS/pristine/*O/DOSCAR
pristine	*O	-2.72222	up	Coact	21	Co	dxz	0.01352	source_manifest:COHP/PDOS/pristine/*O/DOSCAR
pristine	*O	-2.72222	down	Coact	21	Co	dxz	0.08331	source_manifest:COHP/PDOS/pristine/*O/DOSCAR
pristine	*O	-2.72222	up	Coact	21	Co	dx2-y2	0.01372	source_manifest:COHP/PDOS/pristine/*O/DOSCAR
pristine	*O	-2.72222	down	Coact	21	Co	dx2-y2	0.1225	source_manifest:COHP/PDOS/pristine/*O/DOSCAR
pristine	*O	-2.61622	up	Coact	21	Co	dxy	0.03498	source_manifest:COHP/PDOS/pristine/*O/DOSCAR
pristine	*O	-2.61622	down	Coact	21	Co	dxy	0.1348	source_manifest:COHP/PDOS/pristine/*O/DOSCAR
pristine	*O	-2.61622	up	Coact	21	Co	dyz	0.03467	source_manifest:COHP/PDOS/pristine/*O/DOSCAR
pristine	*O	-2.61622	down	Coact	21	Co	dyz	0.1681	source_manifest:COHP/PDOS/pristine/*O/DOSCAR
pristine	*O	-2.61622	up	Coact	21	Co	dz2	0.05872	source_manifest:COHP/PDOS/pristine/*O/DOSCAR
pristine	*O	-2.61622	down	Coact	21	Co	dz2	0.1298	source_manifest:COHP/PDOS/pristine/*O/DOSCAR
pristine	*O	-2.61622	up	Coact	21	Co	dxz	0.02153	source_manifest:COHP/PDOS/pristine/*O/DOSCAR
pristine	*O	-2.61622	down	Coact	21	Co	dxz	0.06919	source_manifest:COHP/PDOS/pristine/*O/DOSCAR
pristine	*O	-2.61622	up	Coact	21	Co	dx2-y2	0.01149	source_manifest:COHP/PDOS/pristine/*O/DOSCAR
pristine	*O	-2.61622	down	Coact	21	Co	dx2-y2	0.1021	source_manifest:COHP/PDOS/pristine/*O/DOSCAR
pristine	*O	-2.51022	up	Coact	21	Co	dxy	0.04654	source_manifest:COHP/PDOS/pristine/*O/DOSCAR
pristine	*O	-2.51022	down	Coact	21	Co	dxy	0.1356	source_manifest:COHP/PDOS/pristine/*O/DOSCAR
pristine	*O	-2.51022	up	Coact	21	Co	dyz	0.03975	source_manifest:COHP/PDOS/pristine/*O/DOSCAR
pristine	*O	-2.51022	down	Coact	21	Co	dyz	0.09854	source_manifest:COHP/PDOS/pristine/*O/DOSCAR
pristine	*O	-2.51022	up	Coact	21	Co	dz2	0.06825	source_manifest:COHP/PDOS/pristine/*O/DOSCAR
pristine	*O	-2.51022	down	Coact	21	Co	dz2	0.1591	source_manifest:COHP/PDOS/pristine/*O/DOSCAR
pristine	*O	-2.51022	up	Coact	21	Co	dxz	0.04106	source_manifest:COHP/PDOS/pristine/*O/DOSCAR
pristine	*O	-2.51022	down	Coact	21	Co	dxz	0.05225	source_manifest:COHP/PDOS/pristine/*O/DOSCAR
pristine	*O	-2.51022	up	Coact	21	Co	dx2-y2	0.01692	source_manifest:COHP/PDOS/pristine/*O/DOSCAR
pristine	*O	-2.51022	down	Coact	21	Co	dx2-y2	0.07805	source_manifest:COHP/PDOS/pristine/*O/DOSCAR
pristine	*O	-2.40522	up	Coact	21	Co	dxy	0.04721	source_manifest:COHP/PDOS/pristine/*O/DOSCAR
pristine	*O	-2.40522	down	Coact	21	Co	dxy	0.1448	source_manifest:COHP/PDOS/pristine/*O/DOSCAR
pristine	*O	-2.40522	up	Coact	21	Co	dyz	0.02878	source_manifest:COHP/PDOS/pristine/*O/DOSCAR
pristine	*O	-2.40522	down	Coact	21	Co	dyz	0.07265	source_manifest:COHP/PDOS/pristine/*O/DOSCAR
pristine	*O	-2.40522	up	Coact	21	Co	dz2	0.05255	source_manifest:COHP/PDOS/pristine/*O/DOSCAR
pristine	*O	-2.40522	down	Coact	21	Co	dz2	0.1449	source_manifest:COHP/PDOS/pristine/*O/DOSCAR
pristine	*O	-2.40522	up	Coact	21	Co	dxz	0.05829	source_manifest:COHP/PDOS/pristine/*O/DOSCAR
pristine	*O	-2.40522	down	Coact	21	Co	dxz	0.04795	source_manifest:COHP/PDOS/pristine/*O/DOSCAR
pristine	*O	-2.40522	up	Coact	21	Co	dx2-y2	0.02218	source_manifest:COHP/PDOS/pristine/*O/DOSCAR
pristine	*O	-2.40522	down	Coact	21	Co	dx2-y2	0.06915	source_manifest:COHP/PDOS/pristine/*O/DOSCAR
pristine	*O	-2.29922	up	Coact	21	Co	dxy	0.0355	source_manifest:COHP/PDOS/pristine/*O/DOSCAR
pristine	*O	-2.29922	down	Coact	21	Co	dxy	0.1656	source_manifest:COHP/PDOS/pristine/*O/DOSCAR
pristine	*O	-2.29922	up	Coact	21	Co	dyz	0.01365	source_manifest:COHP/PDOS/pristine/*O/DOSCAR
pristine	*O	-2.29922	down	Coact	21	Co	dyz	0.09044	source_manifest:COHP/PDOS/pristine/*O/DOSCAR
pristine	*O	-2.29922	up	Coact	21	Co	dz2	0.02407	source_manifest:COHP/PDOS/pristine/*O/DOSCAR
pristine	*O	-2.29922	down	Coact	21	Co	dz2	0.1245	source_manifest:COHP/PDOS/pristine/*O/DOSCAR
pristine	*O	-2.29922	up	Coact	21	Co	dxz	0.05621	source_manifest:COHP/PDOS/pristine/*O/DOSCAR
pristine	*O	-2.29922	down	Coact	21	Co	dxz	0.05089	source_manifest:COHP/PDOS/pristine/*O/DOSCAR
pristine	*O	-2.29922	up	Coact	21	Co	dx2-y2	0.02199	source_manifest:COHP/PDOS/pristine/*O/DOSCAR
pristine	*O	-2.29922	down	Coact	21	Co	dx2-y2	0.07854	source_manifest:COHP/PDOS/pristine/*O/DOSCAR
pristine	*O	-2.19322	up	Coact	21	Co	dxy	0.02324	source_manifest:COHP/PDOS/pristine/*O/DOSCAR
pristine	*O	-2.19322	down	Coact	21	Co	dxy	0.1841	source_manifest:COHP/PDOS/pristine/*O/DOSCAR
pristine	*O	-2.19322	up	Coact	21	Co	dyz	0.005895	source_manifest:COHP/PDOS/pristine/*O/DOSCAR
pristine	*O	-2.19322	down	Coact	21	Co	dyz	0.113	source_manifest:COHP/PDOS/pristine/*O/DOSCAR
pristine	*O	-2.19322	up	Coact	21	Co	dz2	0.009093	source_manifest:COHP/PDOS/pristine/*O/DOSCAR
pristine	*O	-2.19322	down	Coact	21	Co	dz2	0.1629	source_manifest:COHP/PDOS/pristine/*O/DOSCAR
pristine	*O	-2.19322	up	Coact	21	Co	dxz	0.0406	source_manifest:COHP/PDOS/pristine/*O/DOSCAR
pristine	*O	-2.19322	down	Coact	21	Co	dxz	0.04696	source_manifest:COHP/PDOS/pristine/*O/DOSCAR
pristine	*O	-2.19322	up	Coact	21	Co	dx2-y2	0.01782	source_manifest:COHP/PDOS/pristine/*O/DOSCAR
pristine	*O	-2.19322	down	Coact	21	Co	dx2-y2	0.09536	source_manifest:COHP/PDOS/pristine/*O/DOSCAR
pristine	*O	-2.08722	up	Coact	21	Co	dxy	0.01581	source_manifest:COHP/PDOS/pristine/*O/DOSCAR
pristine	*O	-2.08722	down	Coact	21	Co	dxy	0.1983	source_manifest:COHP/PDOS/pristine/*O/DOSCAR
pristine	*O	-2.08722	up	Coact	21	Co	dyz	0.003154	source_manifest:COHP/PDOS/pristine/*O/DOSCAR
pristine	*O	-2.08722	down	Coact	21	Co	dyz	0.1184	source_manifest:COHP/PDOS/pristine/*O/DOSCAR
pristine	*O	-2.08722	up	Coact	21	Co	dz2	0.005714	source_manifest:COHP/PDOS/pristine/*O/DOSCAR
pristine	*O	-2.08722	down	Coact	21	Co	dz2	0.3137	source_manifest:COHP/PDOS/pristine/*O/DOSCAR
pristine	*O	-2.08722	up	Coact	21	Co	dxz	0.02471	source_manifest:COHP/PDOS/pristine/*O/DOSCAR
pristine	*O	-2.08722	down	Coact	21	Co	dxz	0.04567	source_manifest:COHP/PDOS/pristine/*O/DOSCAR
pristine	*O	-2.08722	up	Coact	21	Co	dx2-y2	0.01278	source_manifest:COHP/PDOS/pristine/*O/DOSCAR
pristine	*O	-2.08722	down	Coact	21	Co	dx2-y2	0.1165	source_manifest:COHP/PDOS/pristine/*O/DOSCAR
pristine	*O	-1.98122	up	Coact	21	Co	dxy	0.0113	source_manifest:COHP/PDOS/pristine/*O/DOSCAR
pristine	*O	-1.98122	down	Coact	21	Co	dxy	0.1935	source_manifest:COHP/PDOS/pristine/*O/DOSCAR
pristine	*O	-1.98122	up	Coact	21	Co	dyz	0.002241	source_manifest:COHP/PDOS/pristine/*O/DOSCAR
pristine	*O	-1.98122	down	Coact	21	Co	dyz	0.09381	source_manifest:COHP/PDOS/pristine/*O/DOSCAR
pristine	*O	-1.98122	up	Coact	21	Co	dz2	0.004333	source_manifest:COHP/PDOS/pristine/*O/DOSCAR
pristine	*O	-1.98122	down	Coact	21	Co	dz2	0.5167	source_manifest:COHP/PDOS/pristine/*O/DOSCAR
pristine	*O	-1.98122	up	Coact	21	Co	dxz	0.01282	source_manifest:COHP/PDOS/pristine/*O/DOSCAR
pristine	*O	-1.98122	down	Coact	21	Co	dxz	0.0574	source_manifest:COHP/PDOS/pristine/*O/DOSCAR
pristine	*O	-1.98122	up	Coact	21	Co	dx2-y2	0.008962	source_manifest:COHP/PDOS/pristine/*O/DOSCAR
pristine	*O	-1.98122	down	Coact	21	Co	dx2-y2	0.133	source_manifest:COHP/PDOS/pristine/*O/DOSCAR
pristine	*O	-1.87522	up	Coact	21	Co	dxy	0.0105	source_manifest:COHP/PDOS/pristine/*O/DOSCAR
pristine	*O	-1.87522	down	Coact	21	Co	dxy	0.1508	source_manifest:COHP/PDOS/pristine/*O/DOSCAR
pristine	*O	-1.87522	up	Coact	21	Co	dyz	0.002935	source_manifest:COHP/PDOS/pristine/*O/DOSCAR
pristine	*O	-1.87522	down	Coact	21	Co	dyz	0.04806	source_manifest:COHP/PDOS/pristine/*O/DOSCAR
pristine	*O	-1.87522	up	Coact	21	Co	dz2	0.004177	source_manifest:COHP/PDOS/pristine/*O/DOSCAR
pristine	*O	-1.87522	down	Coact	21	Co	dz2	0.5375	source_manifest:COHP/PDOS/pristine/*O/DOSCAR
pristine	*O	-1.87522	up	Coact	21	Co	dxz	0.006831	source_manifest:COHP/PDOS/pristine/*O/DOSCAR
pristine	*O	-1.87522	down	Coact	21	Co	dxz	0.06001	source_manifest:COHP/PDOS/pristine/*O/DOSCAR
pristine	*O	-1.87522	up	Coact	21	Co	dx2-y2	0.00777	source_manifest:COHP/PDOS/pristine/*O/DOSCAR
pristine	*O	-1.87522	down	Coact	21	Co	dx2-y2	0.1222	source_manifest:COHP/PDOS/pristine/*O/DOSCAR
pristine	*O	-1.76922	up	Coact	21	Co	dxy	0.01428	source_manifest:COHP/PDOS/pristine/*O/DOSCAR
pristine	*O	-1.76922	down	Coact	21	Co	dxy	0.103	source_manifest:COHP/PDOS/pristine/*O/DOSCAR
pristine	*O	-1.76922	up	Coact	21	Co	dyz	0.005525	source_manifest:COHP/PDOS/pristine/*O/DOSCAR
pristine	*O	-1.76922	down	Coact	21	Co	dyz	0.0128	source_manifest:COHP/PDOS/pristine/*O/DOSCAR
pristine	*O	-1.76922	up	Coact	21	Co	dz2	0.006834	source_manifest:COHP/PDOS/pristine/*O/DOSCAR
pristine	*O	-1.76922	down	Coact	21	Co	dz2	0.3107	source_manifest:COHP/PDOS/pristine/*O/DOSCAR
pristine	*O	-1.76922	up	Coact	21	Co	dxz	0.007271	source_manifest:COHP/PDOS/pristine/*O/DOSCAR
pristine	*O	-1.76922	down	Coact	21	Co	dxz	0.03713	source_manifest:COHP/PDOS/pristine/*O/DOSCAR
pristine	*O	-1.76922	up	Coact	21	Co	dx2-y2	0.008794	source_manifest:COHP/PDOS/pristine/*O/DOSCAR
pristine	*O	-1.76922	down	Coact	21	Co	dx2-y2	0.097	source_manifest:COHP/PDOS/pristine/*O/DOSCAR
pristine	*O	-1.66322	up	Coact	21	Co	dxy	0.02002	source_manifest:COHP/PDOS/pristine/*O/DOSCAR
pristine	*O	-1.66322	down	Coact	21	Co	dxy	0.07478	source_manifest:COHP/PDOS/pristine/*O/DOSCAR
pristine	*O	-1.66322	up	Coact	21	Co	dyz	0.009637	source_manifest:COHP/PDOS/pristine/*O/DOSCAR
pristine	*O	-1.66322	down	Coact	21	Co	dyz	0.0006602	source_manifest:COHP/PDOS/pristine/*O/DOSCAR
pristine	*O	-1.66322	up	Coact	21	Co	dz2	0.01055	source_manifest:COHP/PDOS/pristine/*O/DOSCAR
pristine	*O	-1.66322	down	Coact	21	Co	dz2	0.09554	source_manifest:COHP/PDOS/pristine/*O/DOSCAR
pristine	*O	-1.66322	up	Coact	21	Co	dxz	0.0121	source_manifest:COHP/PDOS/pristine/*O/DOSCAR
pristine	*O	-1.66322	down	Coact	21	Co	dxz	0.01368	source_manifest:COHP/PDOS/pristine/*O/DOSCAR
pristine	*O	-1.66322	up	Coact	21	Co	dx2-y2	0.01142	source_manifest:COHP/PDOS/pristine/*O/DOSCAR
pristine	*O	-1.66322	down	Coact	21	Co	dx2-y2	0.07201	source_manifest:COHP/PDOS/pristine/*O/DOSCAR
pristine	*O	-1.55722	up	Coact	21	Co	dxy	0.0248	source_manifest:COHP/PDOS/pristine/*O/DOSCAR
pristine	*O	-1.55722	down	Coact	21	Co	dxy	0.0471	source_manifest:COHP/PDOS/pristine/*O/DOSCAR
pristine	*O	-1.55722	up	Coact	21	Co	dyz	0.01465	source_manifest:COHP/PDOS/pristine/*O/DOSCAR
pristine	*O	-1.55722	down	Coact	21	Co	dyz	0.000278	source_manifest:COHP/PDOS/pristine/*O/DOSCAR
pristine	*O	-1.55722	up	Coact	21	Co	dz2	0.0126	source_manifest:COHP/PDOS/pristine/*O/DOSCAR
pristine	*O	-1.55722	down	Coact	21	Co	dz2	0.02189	source_manifest:COHP/PDOS/pristine/*O/DOSCAR
pristine	*O	-1.55722	up	Coact	21	Co	dxz	0.01718	source_manifest:COHP/PDOS/pristine/*O/DOSCAR
pristine	*O	-1.55722	down	Coact	21	Co	dxz	0.004784	source_manifest:COHP/PDOS/pristine/*O/DOSCAR
pristine	*O	-1.55722	up	Coact	21	Co	dx2-y2	0.01407	source_manifest:COHP/PDOS/pristine/*O/DOSCAR
pristine	*O	-1.55722	down	Coact	21	Co	dx2-y2	0.038	source_manifest:COHP/PDOS/pristine/*O/DOSCAR
pristine	*O	-1.45122	up	Coact	21	Co	dxy	0.02481	source_manifest:COHP/PDOS/pristine/*O/DOSCAR
pristine	*O	-1.45122	down	Coact	21	Co	dxy	0.01938	source_manifest:COHP/PDOS/pristine/*O/DOSCAR
pristine	*O	-1.45122	up	Coact	21	Co	dyz	0.01818	source_manifest:COHP/PDOS/pristine/*O/DOSCAR
pristine	*O	-1.45122	down	Coact	21	Co	dyz	0.001067	source_manifest:COHP/PDOS/pristine/*O/DOSCAR
pristine	*O	-1.45122	up	Coact	21	Co	dz2	0.01325	source_manifest:COHP/PDOS/pristine/*O/DOSCAR
pristine	*O	-1.45122	down	Coact	21	Co	dz2	0.008773	source_manifest:COHP/PDOS/pristine/*O/DOSCAR
pristine	*O	-1.45122	up	Coact	21	Co	dxz	0.01798	source_manifest:COHP/PDOS/pristine/*O/DOSCAR
pristine	*O	-1.45122	down	Coact	21	Co	dxz	0.001815	source_manifest:COHP/PDOS/pristine/*O/DOSCAR
pristine	*O	-1.45122	up	Coact	21	Co	dx2-y2	0.01414	source_manifest:COHP/PDOS/pristine/*O/DOSCAR
pristine	*O	-1.45122	down	Coact	21	Co	dx2-y2	0.00961	source_manifest:COHP/PDOS/pristine/*O/DOSCAR
pristine	*O	-1.34522	up	Coact	21	Co	dxy	0.01847	source_manifest:COHP/PDOS/pristine/*O/DOSCAR
pristine	*O	-1.34522	down	Coact	21	Co	dxy	0.00437	source_manifest:COHP/PDOS/pristine/*O/DOSCAR
pristine	*O	-1.34522	up	Coact	21	Co	dyz	0.01727	source_manifest:COHP/PDOS/pristine/*O/DOSCAR
pristine	*O	-1.34522	down	Coact	21	Co	dyz	0.001393	source_manifest:COHP/PDOS/pristine/*O/DOSCAR
pristine	*O	-1.34522	up	Coact	21	Co	dz2	0.01343	source_manifest:COHP/PDOS/pristine/*O/DOSCAR
pristine	*O	-1.34522	down	Coact	21	Co	dz2	0.00509	source_manifest:COHP/PDOS/pristine/*O/DOSCAR
pristine	*O	-1.34522	up	Coact	21	Co	dxz	0.01498	source_manifest:COHP/PDOS/pristine/*O/DOSCAR
pristine	*O	-1.34522	down	Coact	21	Co	dxz	0.001391	source_manifest:COHP/PDOS/pristine/*O/DOSCAR
pristine	*O	-1.34522	up	Coact	21	Co	dx2-y2	0.01107	source_manifest:COHP/PDOS/pristine/*O/DOSCAR
pristine	*O	-1.34522	down	Coact	21	Co	dx2-y2	-0.0003292	source_manifest:COHP/PDOS/pristine/*O/DOSCAR
pristine	*O	-1.23922	up	Coact	21	Co	dxy	0.01107	source_manifest:COHP/PDOS/pristine/*O/DOSCAR
pristine	*O	-1.23922	down	Coact	21	Co	dxy	0.0008547	source_manifest:COHP/PDOS/pristine/*O/DOSCAR
pristine	*O	-1.23922	up	Coact	21	Co	dyz	0.01787	source_manifest:COHP/PDOS/pristine/*O/DOSCAR
pristine	*O	-1.23922	down	Coact	21	Co	dyz	0.002912	source_manifest:COHP/PDOS/pristine/*O/DOSCAR
pristine	*O	-1.23922	up	Coact	21	Co	dz2	0.0124	source_manifest:COHP/PDOS/pristine/*O/DOSCAR
pristine	*O	-1.23922	down	Coact	21	Co	dz2	0.00559	source_manifest:COHP/PDOS/pristine/*O/DOSCAR
pristine	*O	-1.23922	up	Coact	21	Co	dxz	0.01393	source_manifest:COHP/PDOS/pristine/*O/DOSCAR
pristine	*O	-1.23922	down	Coact	21	Co	dxz	0.004941	source_manifest:COHP/PDOS/pristine/*O/DOSCAR
pristine	*O	-1.23922	up	Coact	21	Co	dx2-y2	0.007456	source_manifest:COHP/PDOS/pristine/*O/DOSCAR
pristine	*O	-1.23922	down	Coact	21	Co	dx2-y2	-4.021e-05	source_manifest:COHP/PDOS/pristine/*O/DOSCAR
pristine	*O	-1.13322	up	Coact	21	Co	dxy	0.007211	source_manifest:COHP/PDOS/pristine/*O/DOSCAR
pristine	*O	-1.13322	down	Coact	21	Co	dxy	0.00261	source_manifest:COHP/PDOS/pristine/*O/DOSCAR
pristine	*O	-1.13322	up	Coact	21	Co	dyz	0.0307	source_manifest:COHP/PDOS/pristine/*O/DOSCAR
pristine	*O	-1.13322	down	Coact	21	Co	dyz	0.005456	source_manifest:COHP/PDOS/pristine/*O/DOSCAR
pristine	*O	-1.13322	up	Coact	21	Co	dz2	0.009246	source_manifest:COHP/PDOS/pristine/*O/DOSCAR
pristine	*O	-1.13322	down	Coact	21	Co	dz2	0.007019	source_manifest:COHP/PDOS/pristine/*O/DOSCAR
pristine	*O	-1.13322	up	Coact	21	Co	dxz	0.01788	source_manifest:COHP/PDOS/pristine/*O/DOSCAR
pristine	*O	-1.13322	down	Coact	21	Co	dxz	0.01077	source_manifest:COHP/PDOS/pristine/*O/DOSCAR
pristine	*O	-1.13322	up	Coact	21	Co	dx2-y2	0.006603	source_manifest:COHP/PDOS/pristine/*O/DOSCAR
pristine	*O	-1.13322	down	Coact	21	Co	dx2-y2	0.002885	source_manifest:COHP/PDOS/pristine/*O/DOSCAR
pristine	*O	-1.02722	up	Coact	21	Co	dxy	0.006907	source_manifest:COHP/PDOS/pristine/*O/DOSCAR
pristine	*O	-1.02722	down	Coact	21	Co	dxy	0.005327	source_manifest:COHP/PDOS/pristine/*O/DOSCAR
pristine	*O	-1.02722	up	Coact	21	Co	dyz	0.05446	source_manifest:COHP/PDOS/pristine/*O/DOSCAR
pristine	*O	-1.02722	down	Coact	21	Co	dyz	0.006235	source_manifest:COHP/PDOS/pristine/*O/DOSCAR
pristine	*O	-1.02722	up	Coact	21	Co	dz2	0.005385	source_manifest:COHP/PDOS/pristine/*O/DOSCAR
pristine	*O	-1.02722	down	Coact	21	Co	dz2	0.008242	source_manifest:COHP/PDOS/pristine/*O/DOSCAR
pristine	*O	-1.02722	up	Coact	21	Co	dxz	0.0269	source_manifest:COHP/PDOS/pristine/*O/DOSCAR
pristine	*O	-1.02722	down	Coact	21	Co	dxz	0.01316	source_manifest:COHP/PDOS/pristine/*O/DOSCAR
pristine	*O	-1.02722	up	Coact	21	Co	dx2-y2	0.009932	source_manifest:COHP/PDOS/pristine/*O/DOSCAR
pristine	*O	-1.02722	down	Coact	21	Co	dx2-y2	0.005533	source_manifest:COHP/PDOS/pristine/*O/DOSCAR
pristine	*O	-0.92122	up	Coact	21	Co	dxy	0.00989	source_manifest:COHP/PDOS/pristine/*O/DOSCAR
pristine	*O	-0.92122	down	Coact	21	Co	dxy	0.006295	source_manifest:COHP/PDOS/pristine/*O/DOSCAR
pristine	*O	-0.92122	up	Coact	21	Co	dyz	0.07759	source_manifest:COHP/PDOS/pristine/*O/DOSCAR
pristine	*O	-0.92122	down	Coact	21	Co	dyz	0.005038	source_manifest:COHP/PDOS/pristine/*O/DOSCAR
pristine	*O	-0.92122	up	Coact	21	Co	dz2	0.003167	source_manifest:COHP/PDOS/pristine/*O/DOSCAR
pristine	*O	-0.92122	down	Coact	21	Co	dz2	0.009176	source_manifest:COHP/PDOS/pristine/*O/DOSCAR
pristine	*O	-0.92122	up	Coact	21	Co	dxz	0.04281	source_manifest:COHP/PDOS/pristine/*O/DOSCAR
pristine	*O	-0.92122	down	Coact	21	Co	dxz	0.01058	source_manifest:COHP/PDOS/pristine/*O/DOSCAR
pristine	*O	-0.92122	up	Coact	21	Co	dx2-y2	0.01822	source_manifest:COHP/PDOS/pristine/*O/DOSCAR
pristine	*O	-0.92122	down	Coact	21	Co	dx2-y2	0.006063	source_manifest:COHP/PDOS/pristine/*O/DOSCAR
pristine	*O	-0.81522	up	Coact	21	Co	dxy	0.01593	source_manifest:COHP/PDOS/pristine/*O/DOSCAR
pristine	*O	-0.81522	down	Coact	21	Co	dxy	0.005533	source_manifest:COHP/PDOS/pristine/*O/DOSCAR
pristine	*O	-0.81522	up	Coact	21	Co	dyz	0.08727	source_manifest:COHP/PDOS/pristine/*O/DOSCAR
pristine	*O	-0.81522	down	Coact	21	Co	dyz	0.004979	source_manifest:COHP/PDOS/pristine/*O/DOSCAR
pristine	*O	-0.81522	up	Coact	21	Co	dz2	0.002896	source_manifest:COHP/PDOS/pristine/*O/DOSCAR
pristine	*O	-0.81522	down	Coact	21	Co	dz2	0.007826	source_manifest:COHP/PDOS/pristine/*O/DOSCAR
pristine	*O	-0.81522	up	Coact	21	Co	dxz	0.05641	source_manifest:COHP/PDOS/pristine/*O/DOSCAR
pristine	*O	-0.81522	down	Coact	21	Co	dxz	0.007286	source_manifest:COHP/PDOS/pristine/*O/DOSCAR
pristine	*O	-0.81522	up	Coact	21	Co	dx2-y2	0.02747	source_manifest:COHP/PDOS/pristine/*O/DOSCAR
pristine	*O	-0.81522	down	Coact	21	Co	dx2-y2	0.005086	source_manifest:COHP/PDOS/pristine/*O/DOSCAR
pristine	*O	-0.71022	up	Coact	21	Co	dxy	0.02203	source_manifest:COHP/PDOS/pristine/*O/DOSCAR
pristine	*O	-0.71022	down	Coact	21	Co	dxy	0.004334	source_manifest:COHP/PDOS/pristine/*O/DOSCAR
pristine	*O	-0.71022	up	Coact	21	Co	dyz	0.06966	source_manifest:COHP/PDOS/pristine/*O/DOSCAR
pristine	*O	-0.71022	down	Coact	21	Co	dyz	0.005327	source_manifest:COHP/PDOS/pristine/*O/DOSCAR
pristine	*O	-0.71022	up	Coact	21	Co	dz2	0.003034	source_manifest:COHP/PDOS/pristine/*O/DOSCAR
pristine	*O	-0.71022	down	Coact	21	Co	dz2	0.004464	source_manifest:COHP/PDOS/pristine/*O/DOSCAR
pristine	*O	-0.71022	up	Coact	21	Co	dxz	0.05153	source_manifest:COHP/PDOS/pristine/*O/DOSCAR
pristine	*O	-0.71022	down	Coact	21	Co	dxz	0.004284	source_manifest:COHP/PDOS/pristine/*O/DOSCAR
pristine	*O	-0.71022	up	Coact	21	Co	dx2-y2	0.02751	source_manifest:COHP/PDOS/pristine/*O/DOSCAR
pristine	*O	-0.71022	down	Coact	21	Co	dx2-y2	0.004	source_manifest:COHP/PDOS/pristine/*O/DOSCAR
pristine	*O	-0.60422	up	Coact	21	Co	dxy	0.02343	source_manifest:COHP/PDOS/pristine/*O/DOSCAR
pristine	*O	-0.60422	down	Coact	21	Co	dxy	0.002625	source_manifest:COHP/PDOS/pristine/*O/DOSCAR
pristine	*O	-0.60422	up	Coact	21	Co	dyz	0.03219	source_manifest:COHP/PDOS/pristine/*O/DOSCAR
pristine	*O	-0.60422	down	Coact	21	Co	dyz	0.003341	source_manifest:COHP/PDOS/pristine/*O/DOSCAR
pristine	*O	-0.60422	up	Coact	21	Co	dz2	0.002296	source_manifest:COHP/PDOS/pristine/*O/DOSCAR
pristine	*O	-0.60422	down	Coact	21	Co	dz2	0.001501	source_manifest:COHP/PDOS/pristine/*O/DOSCAR
pristine	*O	-0.60422	up	Coact	21	Co	dxz	0.03563	source_manifest:COHP/PDOS/pristine/*O/DOSCAR
pristine	*O	-0.60422	down	Coact	21	Co	dxz	0.00144	source_manifest:COHP/PDOS/pristine/*O/DOSCAR
pristine	*O	-0.60422	up	Coact	21	Co	dx2-y2	0.01713	source_manifest:COHP/PDOS/pristine/*O/DOSCAR
pristine	*O	-0.60422	down	Coact	21	Co	dx2-y2	0.002653	source_manifest:COHP/PDOS/pristine/*O/DOSCAR
pristine	*O	-0.49822	up	Coact	21	Co	dxy	0.01813	source_manifest:COHP/PDOS/pristine/*O/DOSCAR
pristine	*O	-0.49822	down	Coact	21	Co	dxy	0.0009974	source_manifest:COHP/PDOS/pristine/*O/DOSCAR
pristine	*O	-0.49822	up	Coact	21	Co	dyz	0.009766	source_manifest:COHP/PDOS/pristine/*O/DOSCAR
pristine	*O	-0.49822	down	Coact	21	Co	dyz	0.00057	source_manifest:COHP/PDOS/pristine/*O/DOSCAR
pristine	*O	-0.49822	up	Coact	21	Co	dz2	0.0011	source_manifest:COHP/PDOS/pristine/*O/DOSCAR
pristine	*O	-0.49822	down	Coact	21	Co	dz2	1.382e-05	source_manifest:COHP/PDOS/pristine/*O/DOSCAR
pristine	*O	-0.49822	up	Coact	21	Co	dxz	0.02318	source_manifest:COHP/PDOS/pristine/*O/DOSCAR
pristine	*O	-0.49822	down	Coact	21	Co	dxz	-0.0005819	source_manifest:COHP/PDOS/pristine/*O/DOSCAR
pristine	*O	-0.49822	up	Coact	21	Co	dx2-y2	0.008512	source_manifest:COHP/PDOS/pristine/*O/DOSCAR
pristine	*O	-0.49822	down	Coact	21	Co	dx2-y2	0.001255	source_manifest:COHP/PDOS/pristine/*O/DOSCAR
pristine	*O	-0.39222	up	Coact	21	Co	dxy	0.01418	source_manifest:COHP/PDOS/pristine/*O/DOSCAR
pristine	*O	-0.39222	down	Coact	21	Co	dxy	8.793e-06	source_manifest:COHP/PDOS/pristine/*O/DOSCAR
pristine	*O	-0.39222	up	Coact	21	Co	dyz	0.06098	source_manifest:COHP/PDOS/pristine/*O/DOSCAR
pristine	*O	-0.39222	down	Coact	21	Co	dyz	-0.001232	source_manifest:COHP/PDOS/pristine/*O/DOSCAR
pristine	*O	-0.39222	up	Coact	21	Co	dz2	0.0004097	source_manifest:COHP/PDOS/pristine/*O/DOSCAR
pristine	*O	-0.39222	down	Coact	21	Co	dz2	-0.0005473	source_manifest:COHP/PDOS/pristine/*O/DOSCAR
pristine	*O	-0.39222	up	Coact	21	Co	dxz	0.02762	source_manifest:COHP/PDOS/pristine/*O/DOSCAR
pristine	*O	-0.39222	down	Coact	21	Co	dxz	-0.00319	source_manifest:COHP/PDOS/pristine/*O/DOSCAR
pristine	*O	-0.39222	up	Coact	21	Co	dx2-y2	0.02423	source_manifest:COHP/PDOS/pristine/*O/DOSCAR
pristine	*O	-0.39222	down	Coact	21	Co	dx2-y2	0.000318	source_manifest:COHP/PDOS/pristine/*O/DOSCAR
pristine	*O	-0.28622	up	Coact	21	Co	dxy	0.02431	source_manifest:COHP/PDOS/pristine/*O/DOSCAR
pristine	*O	-0.28622	down	Coact	21	Co	dxy	-0.0001697	source_manifest:COHP/PDOS/pristine/*O/DOSCAR
pristine	*O	-0.28622	up	Coact	21	Co	dyz	0.2157	source_manifest:COHP/PDOS/pristine/*O/DOSCAR
pristine	*O	-0.28622	down	Coact	21	Co	dyz	-0.0007583	source_manifest:COHP/PDOS/pristine/*O/DOSCAR
pristine	*O	-0.28622	up	Coact	21	Co	dz2	0.0003797	source_manifest:COHP/PDOS/pristine/*O/DOSCAR
pristine	*O	-0.28622	down	Coact	21	Co	dz2	-0.0002999	source_manifest:COHP/PDOS/pristine/*O/DOSCAR
pristine	*O	-0.28622	up	Coact	21	Co	dxz	0.07411	source_manifest:COHP/PDOS/pristine/*O/DOSCAR
pristine	*O	-0.28622	down	Coact	21	Co	dxz	-0.001839	source_manifest:COHP/PDOS/pristine/*O/DOSCAR
pristine	*O	-0.28622	up	Coact	21	Co	dx2-y2	0.07768	source_manifest:COHP/PDOS/pristine/*O/DOSCAR
pristine	*O	-0.28622	down	Coact	21	Co	dx2-y2	-4.888e-05	source_manifest:COHP/PDOS/pristine/*O/DOSCAR
pristine	*O	-0.18022	up	Coact	21	Co	dxy	0.05969	source_manifest:COHP/PDOS/pristine/*O/DOSCAR
pristine	*O	-0.18022	down	Coact	21	Co	dxy	0.001819	source_manifest:COHP/PDOS/pristine/*O/DOSCAR
pristine	*O	-0.18022	up	Coact	21	Co	dyz	0.3462	source_manifest:COHP/PDOS/pristine/*O/DOSCAR
pristine	*O	-0.18022	down	Coact	21	Co	dyz	0.008619	source_manifest:COHP/PDOS/pristine/*O/DOSCAR
pristine	*O	-0.18022	up	Coact	21	Co	dz2	0.0006885	source_manifest:COHP/PDOS/pristine/*O/DOSCAR
pristine	*O	-0.18022	down	Coact	21	Co	dz2	0.003074	source_manifest:COHP/PDOS/pristine/*O/DOSCAR
pristine	*O	-0.18022	up	Coact	21	Co	dxz	0.1561	source_manifest:COHP/PDOS/pristine/*O/DOSCAR
pristine	*O	-0.18022	down	Coact	21	Co	dxz	0.02359	source_manifest:COHP/PDOS/pristine/*O/DOSCAR
pristine	*O	-0.18022	up	Coact	21	Co	dx2-y2	0.1279	source_manifest:COHP/PDOS/pristine/*O/DOSCAR
pristine	*O	-0.18022	down	Coact	21	Co	dx2-y2	0.0002307	source_manifest:COHP/PDOS/pristine/*O/DOSCAR
pristine	*O	-0.07422	up	Coact	21	Co	dxy	0.1491	source_manifest:COHP/PDOS/pristine/*O/DOSCAR
pristine	*O	-0.07422	down	Coact	21	Co	dxy	0.00496	source_manifest:COHP/PDOS/pristine/*O/DOSCAR
pristine	*O	-0.07422	up	Coact	21	Co	dyz	0.3307	source_manifest:COHP/PDOS/pristine/*O/DOSCAR
pristine	*O	-0.07422	down	Coact	21	Co	dyz	0.02478	source_manifest:COHP/PDOS/pristine/*O/DOSCAR
pristine	*O	-0.07422	up	Coact	21	Co	dz2	0.001211	source_manifest:COHP/PDOS/pristine/*O/DOSCAR
pristine	*O	-0.07422	down	Coact	21	Co	dz2	0.008739	source_manifest:COHP/PDOS/pristine/*O/DOSCAR
pristine	*O	-0.07422	up	Coact	21	Co	dxz	0.2733	source_manifest:COHP/PDOS/pristine/*O/DOSCAR
pristine	*O	-0.07422	down	Coact	21	Co	dxz	0.06779	source_manifest:COHP/PDOS/pristine/*O/DOSCAR
pristine	*O	-0.07422	up	Coact	21	Co	dx2-y2	0.1371	source_manifest:COHP/PDOS/pristine/*O/DOSCAR
pristine	*O	-0.07422	down	Coact	21	Co	dx2-y2	-4.649e-05	source_manifest:COHP/PDOS/pristine/*O/DOSCAR
pristine	*O	0.03178	up	Coact	21	Co	dxy	0.2633	source_manifest:COHP/PDOS/pristine/*O/DOSCAR
pristine	*O	0.03178	down	Coact	21	Co	dxy	0.003766	source_manifest:COHP/PDOS/pristine/*O/DOSCAR
pristine	*O	0.03178	up	Coact	21	Co	dyz	0.2505	source_manifest:COHP/PDOS/pristine/*O/DOSCAR
pristine	*O	0.03178	down	Coact	21	Co	dyz	0.02589	source_manifest:COHP/PDOS/pristine/*O/DOSCAR
pristine	*O	0.03178	up	Coact	21	Co	dz2	0.001819	source_manifest:COHP/PDOS/pristine/*O/DOSCAR
pristine	*O	0.03178	down	Coact	21	Co	dz2	0.008721	source_manifest:COHP/PDOS/pristine/*O/DOSCAR
pristine	*O	0.03178	up	Coact	21	Co	dxz	0.4024	source_manifest:COHP/PDOS/pristine/*O/DOSCAR
pristine	*O	0.03178	down	Coact	21	Co	dxz	0.0713	source_manifest:COHP/PDOS/pristine/*O/DOSCAR
pristine	*O	0.03178	up	Coact	21	Co	dx2-y2	0.1277	source_manifest:COHP/PDOS/pristine/*O/DOSCAR
pristine	*O	0.03178	down	Coact	21	Co	dx2-y2	-0.003219	source_manifest:COHP/PDOS/pristine/*O/DOSCAR
pristine	*O	0.13778	up	Coact	21	Co	dxy	0.2497	source_manifest:COHP/PDOS/pristine/*O/DOSCAR
pristine	*O	0.13778	down	Coact	21	Co	dxy	0.002357	source_manifest:COHP/PDOS/pristine/*O/DOSCAR
pristine	*O	0.13778	up	Coact	21	Co	dyz	0.1606	source_manifest:COHP/PDOS/pristine/*O/DOSCAR
pristine	*O	0.13778	down	Coact	21	Co	dyz	0.01049	source_manifest:COHP/PDOS/pristine/*O/DOSCAR
pristine	*O	0.13778	up	Coact	21	Co	dz2	0.001678	source_manifest:COHP/PDOS/pristine/*O/DOSCAR
pristine	*O	0.13778	down	Coact	21	Co	dz2	0.00377	source_manifest:COHP/PDOS/pristine/*O/DOSCAR
pristine	*O	0.13778	up	Coact	21	Co	dxz	0.3637	source_manifest:COHP/PDOS/pristine/*O/DOSCAR
pristine	*O	0.13778	down	Coact	21	Co	dxz	0.02861	source_manifest:COHP/PDOS/pristine/*O/DOSCAR
pristine	*O	0.13778	up	Coact	21	Co	dx2-y2	0.09509	source_manifest:COHP/PDOS/pristine/*O/DOSCAR
pristine	*O	0.13778	down	Coact	21	Co	dx2-y2	0.0005468	source_manifest:COHP/PDOS/pristine/*O/DOSCAR
pristine	*O	0.24378	up	Coact	21	Co	dxy	0.1025	source_manifest:COHP/PDOS/pristine/*O/DOSCAR
pristine	*O	0.24378	down	Coact	21	Co	dxy	0.01819	source_manifest:COHP/PDOS/pristine/*O/DOSCAR
pristine	*O	0.24378	up	Coact	21	Co	dyz	0.0571	source_manifest:COHP/PDOS/pristine/*O/DOSCAR
pristine	*O	0.24378	down	Coact	21	Co	dyz	0.002523	source_manifest:COHP/PDOS/pristine/*O/DOSCAR
pristine	*O	0.24378	up	Coact	21	Co	dz2	0.0006967	source_manifest:COHP/PDOS/pristine/*O/DOSCAR
pristine	*O	0.24378	down	Coact	21	Co	dz2	0.005938	source_manifest:COHP/PDOS/pristine/*O/DOSCAR
pristine	*O	0.24378	up	Coact	21	Co	dxz	0.1476	source_manifest:COHP/PDOS/pristine/*O/DOSCAR
pristine	*O	0.24378	down	Coact	21	Co	dxz	0.0008722	source_manifest:COHP/PDOS/pristine/*O/DOSCAR
pristine	*O	0.24378	up	Coact	21	Co	dx2-y2	0.0363	source_manifest:COHP/PDOS/pristine/*O/DOSCAR
pristine	*O	0.24378	down	Coact	21	Co	dx2-y2	0.03939	source_manifest:COHP/PDOS/pristine/*O/DOSCAR
pristine	*O	0.34978	up	Coact	21	Co	dxy	0.001294	source_manifest:COHP/PDOS/pristine/*O/DOSCAR
pristine	*O	0.34978	down	Coact	21	Co	dxy	0.04329	source_manifest:COHP/PDOS/pristine/*O/DOSCAR
pristine	*O	0.34978	up	Coact	21	Co	dyz	-0.001973	source_manifest:COHP/PDOS/pristine/*O/DOSCAR
pristine	*O	0.34978	down	Coact	21	Co	dyz	0.005222	source_manifest:COHP/PDOS/pristine/*O/DOSCAR
pristine	*O	0.34978	up	Coact	21	Co	dz2	1.986e-05	source_manifest:COHP/PDOS/pristine/*O/DOSCAR
pristine	*O	0.34978	down	Coact	21	Co	dz2	0.0139	source_manifest:COHP/PDOS/pristine/*O/DOSCAR
pristine	*O	0.34978	up	Coact	21	Co	dxz	0.001238	source_manifest:COHP/PDOS/pristine/*O/DOSCAR
pristine	*O	0.34978	down	Coact	21	Co	dxz	-0.0001252	source_manifest:COHP/PDOS/pristine/*O/DOSCAR
pristine	*O	0.34978	up	Coact	21	Co	dx2-y2	-0.0003138	source_manifest:COHP/PDOS/pristine/*O/DOSCAR
pristine	*O	0.34978	down	Coact	21	Co	dx2-y2	0.09409	source_manifest:COHP/PDOS/pristine/*O/DOSCAR
pristine	*O	0.45578	up	Coact	21	Co	dxy	-0.01157	source_manifest:COHP/PDOS/pristine/*O/DOSCAR
pristine	*O	0.45578	down	Coact	21	Co	dxy	0.03988	source_manifest:COHP/PDOS/pristine/*O/DOSCAR
pristine	*O	0.45578	up	Coact	21	Co	dyz	-0.007933	source_manifest:COHP/PDOS/pristine/*O/DOSCAR
pristine	*O	0.45578	down	Coact	21	Co	dyz	0.005595	source_manifest:COHP/PDOS/pristine/*O/DOSCAR
pristine	*O	0.45578	up	Coact	21	Co	dz2	-6.081e-05	source_manifest:COHP/PDOS/pristine/*O/DOSCAR
pristine	*O	0.45578	down	Coact	21	Co	dz2	0.01304	source_manifest:COHP/PDOS/pristine/*O/DOSCAR
pristine	*O	0.45578	up	Coact	21	Co	dxz	-0.01715	source_manifest:COHP/PDOS/pristine/*O/DOSCAR
pristine	*O	0.45578	down	Coact	21	Co	dxz	0.002085	source_manifest:COHP/PDOS/pristine/*O/DOSCAR
pristine	*O	0.45578	up	Coact	21	Co	dx2-y2	-0.004562	source_manifest:COHP/PDOS/pristine/*O/DOSCAR
pristine	*O	0.45578	down	Coact	21	Co	dx2-y2	0.08632	source_manifest:COHP/PDOS/pristine/*O/DOSCAR
pristine	*O	0.56178	up	Coact	21	Co	dxy	-0.003165	source_manifest:COHP/PDOS/pristine/*O/DOSCAR
pristine	*O	0.56178	down	Coact	21	Co	dxy	0.01322	source_manifest:COHP/PDOS/pristine/*O/DOSCAR
pristine	*O	0.56178	up	Coact	21	Co	dyz	-0.002012	source_manifest:COHP/PDOS/pristine/*O/DOSCAR
pristine	*O	0.56178	down	Coact	21	Co	dyz	0.001927	source_manifest:COHP/PDOS/pristine/*O/DOSCAR
pristine	*O	0.56178	up	Coact	21	Co	dz2	-7.973e-06	source_manifest:COHP/PDOS/pristine/*O/DOSCAR
pristine	*O	0.56178	down	Coact	21	Co	dz2	0.004343	source_manifest:COHP/PDOS/pristine/*O/DOSCAR
pristine	*O	0.56178	up	Coact	21	Co	dxz	-0.004817	source_manifest:COHP/PDOS/pristine/*O/DOSCAR
pristine	*O	0.56178	down	Coact	21	Co	dxz	0.000892	source_manifest:COHP/PDOS/pristine/*O/DOSCAR
pristine	*O	0.56178	up	Coact	21	Co	dx2-y2	-0.001259	source_manifest:COHP/PDOS/pristine/*O/DOSCAR
pristine	*O	0.56178	down	Coact	21	Co	dx2-y2	0.02859	source_manifest:COHP/PDOS/pristine/*O/DOSCAR
pristine	*O	0.66778	up	Coact	21	Co	dxy	-0.0001896	source_manifest:COHP/PDOS/pristine/*O/DOSCAR
pristine	*O	0.66778	down	Coact	21	Co	dxy	-0.001294	source_manifest:COHP/PDOS/pristine/*O/DOSCAR
pristine	*O	0.66778	up	Coact	21	Co	dyz	1.147e-05	source_manifest:COHP/PDOS/pristine/*O/DOSCAR
pristine	*O	0.66778	down	Coact	21	Co	dyz	-0.000195	source_manifest:COHP/PDOS/pristine/*O/DOSCAR
pristine	*O	0.66778	up	Coact	21	Co	dz2	2.057e-06	source_manifest:COHP/PDOS/pristine/*O/DOSCAR
pristine	*O	0.66778	down	Coact	21	Co	dz2	-0.000427	source_manifest:COHP/PDOS/pristine/*O/DOSCAR
pristine	*O	0.66778	up	Coact	21	Co	dxz	-0.0003533	source_manifest:COHP/PDOS/pristine/*O/DOSCAR
pristine	*O	0.66778	down	Coact	21	Co	dxz	-0.0001054	source_manifest:COHP/PDOS/pristine/*O/DOSCAR
pristine	*O	0.66778	up	Coact	21	Co	dx2-y2	-8.751e-05	source_manifest:COHP/PDOS/pristine/*O/DOSCAR
pristine	*O	0.66778	down	Coact	21	Co	dx2-y2	-0.002795	source_manifest:COHP/PDOS/pristine/*O/DOSCAR
pristine	*O	0.77378	up	Coact	21	Co	dxy	3.206e-05	source_manifest:COHP/PDOS/pristine/*O/DOSCAR
pristine	*O	0.77378	down	Coact	21	Co	dxy	-0.001822	source_manifest:COHP/PDOS/pristine/*O/DOSCAR
pristine	*O	0.77378	up	Coact	21	Co	dyz	7.335e-05	source_manifest:COHP/PDOS/pristine/*O/DOSCAR
pristine	*O	0.77378	down	Coact	21	Co	dyz	-0.0002711	source_manifest:COHP/PDOS/pristine/*O/DOSCAR
pristine	*O	0.77378	up	Coact	21	Co	dz2	-4.77e-07	source_manifest:COHP/PDOS/pristine/*O/DOSCAR
pristine	*O	0.77378	down	Coact	21	Co	dz2	-0.0006008	source_manifest:COHP/PDOS/pristine/*O/DOSCAR
pristine	*O	0.77378	up	Coact	21	Co	dxz	8.035e-05	source_manifest:COHP/PDOS/pristine/*O/DOSCAR
pristine	*O	0.77378	down	Coact	21	Co	dxz	-0.0001392	source_manifest:COHP/PDOS/pristine/*O/DOSCAR
pristine	*O	0.77378	up	Coact	21	Co	dx2-y2	1.679e-05	source_manifest:COHP/PDOS/pristine/*O/DOSCAR
pristine	*O	0.77378	down	Coact	21	Co	dx2-y2	-0.003935	source_manifest:COHP/PDOS/pristine/*O/DOSCAR
pristine	*O	0.87978	up	Coact	21	Co	dxy	1.438e-05	source_manifest:COHP/PDOS/pristine/*O/DOSCAR
pristine	*O	0.87978	down	Coact	21	Co	dxy	-0.0004544	source_manifest:COHP/PDOS/pristine/*O/DOSCAR
pristine	*O	0.87978	up	Coact	21	Co	dyz	-9.73e-06	source_manifest:COHP/PDOS/pristine/*O/DOSCAR
pristine	*O	0.87978	down	Coact	21	Co	dyz	-6.643e-05	source_manifest:COHP/PDOS/pristine/*O/DOSCAR
pristine	*O	0.87978	up	Coact	21	Co	dz2	-3.343e-07	source_manifest:COHP/PDOS/pristine/*O/DOSCAR
pristine	*O	0.87978	down	Coact	21	Co	dz2	-0.0001812	source_manifest:COHP/PDOS/pristine/*O/DOSCAR
pristine	*O	0.87978	up	Coact	21	Co	dxz	7.841e-05	source_manifest:COHP/PDOS/pristine/*O/DOSCAR
pristine	*O	0.87978	down	Coact	21	Co	dxz	-5.062e-05	source_manifest:COHP/PDOS/pristine/*O/DOSCAR
pristine	*O	0.87978	up	Coact	21	Co	dx2-y2	5.272e-06	source_manifest:COHP/PDOS/pristine/*O/DOSCAR
pristine	*O	0.87978	down	Coact	21	Co	dx2-y2	-0.0009433	source_manifest:COHP/PDOS/pristine/*O/DOSCAR
pristine	*O	0.98478	up	Coact	21	Co	dxy	1.288e-05	source_manifest:COHP/PDOS/pristine/*O/DOSCAR
pristine	*O	0.98478	down	Coact	21	Co	dxy	-0.0004955	source_manifest:COHP/PDOS/pristine/*O/DOSCAR
pristine	*O	0.98478	up	Coact	21	Co	dyz	-1.137e-05	source_manifest:COHP/PDOS/pristine/*O/DOSCAR
pristine	*O	0.98478	down	Coact	21	Co	dyz	-5.703e-05	source_manifest:COHP/PDOS/pristine/*O/DOSCAR
pristine	*O	0.98478	up	Coact	21	Co	dz2	4.257e-08	source_manifest:COHP/PDOS/pristine/*O/DOSCAR
pristine	*O	0.98478	down	Coact	21	Co	dz2	-0.0008289	source_manifest:COHP/PDOS/pristine/*O/DOSCAR
pristine	*O	0.98478	up	Coact	21	Co	dxz	4.808e-05	source_manifest:COHP/PDOS/pristine/*O/DOSCAR
pristine	*O	0.98478	down	Coact	21	Co	dxz	-0.0003774	source_manifest:COHP/PDOS/pristine/*O/DOSCAR
pristine	*O	0.98478	up	Coact	21	Co	dx2-y2	1.565e-06	source_manifest:COHP/PDOS/pristine/*O/DOSCAR
pristine	*O	0.98478	down	Coact	21	Co	dx2-y2	-0.0002907	source_manifest:COHP/PDOS/pristine/*O/DOSCAR
pristine	*O	1.09078	up	Coact	21	Co	dxy	1.312e-06	source_manifest:COHP/PDOS/pristine/*O/DOSCAR
pristine	*O	1.09078	down	Coact	21	Co	dxy	-0.005093	source_manifest:COHP/PDOS/pristine/*O/DOSCAR
pristine	*O	1.09078	up	Coact	21	Co	dyz	-3.132e-06	source_manifest:COHP/PDOS/pristine/*O/DOSCAR
pristine	*O	1.09078	down	Coact	21	Co	dyz	-0.0007246	source_manifest:COHP/PDOS/pristine/*O/DOSCAR
pristine	*O	1.09078	up	Coact	21	Co	dz2	4.664e-09	source_manifest:COHP/PDOS/pristine/*O/DOSCAR
pristine	*O	1.09078	down	Coact	21	Co	dz2	-0.009051	source_manifest:COHP/PDOS/pristine/*O/DOSCAR
pristine	*O	1.09078	up	Coact	21	Co	dxz	5.489e-06	source_manifest:COHP/PDOS/pristine/*O/DOSCAR
pristine	*O	1.09078	down	Coact	21	Co	dxz	-0.004242	source_manifest:COHP/PDOS/pristine/*O/DOSCAR
pristine	*O	1.09078	up	Coact	21	Co	dx2-y2	-4.312e-07	source_manifest:COHP/PDOS/pristine/*O/DOSCAR
pristine	*O	1.09078	down	Coact	21	Co	dx2-y2	-0.002933	source_manifest:COHP/PDOS/pristine/*O/DOSCAR
pristine	*O	1.19678	up	Coact	21	Co	dxy	-2.294e-06	source_manifest:COHP/PDOS/pristine/*O/DOSCAR
pristine	*O	1.19678	down	Coact	21	Co	dxy	-0.02815	source_manifest:COHP/PDOS/pristine/*O/DOSCAR
pristine	*O	1.19678	up	Coact	21	Co	dyz	-7.145e-07	source_manifest:COHP/PDOS/pristine/*O/DOSCAR
pristine	*O	1.19678	down	Coact	21	Co	dyz	-0.005501	source_manifest:COHP/PDOS/pristine/*O/DOSCAR
pristine	*O	1.19678	up	Coact	21	Co	dz2	-2.285e-08	source_manifest:COHP/PDOS/pristine/*O/DOSCAR
pristine	*O	1.19678	down	Coact	21	Co	dz2	-0.04813	source_manifest:COHP/PDOS/pristine/*O/DOSCAR
pristine	*O	1.19678	up	Coact	21	Co	dxz	-5.718e-06	source_manifest:COHP/PDOS/pristine/*O/DOSCAR
pristine	*O	1.19678	down	Coact	21	Co	dxz	-0.02352	source_manifest:COHP/PDOS/pristine/*O/DOSCAR
pristine	*O	1.19678	up	Coact	21	Co	dx2-y2	-7.005e-07	source_manifest:COHP/PDOS/pristine/*O/DOSCAR
pristine	*O	1.19678	down	Coact	21	Co	dx2-y2	-0.02363	source_manifest:COHP/PDOS/pristine/*O/DOSCAR
pristine	*O	1.30278	up	Coact	21	Co	dxy	-9.154e-07	source_manifest:COHP/PDOS/pristine/*O/DOSCAR
pristine	*O	1.30278	down	Coact	21	Co	dxy	-0.05198	source_manifest:COHP/PDOS/pristine/*O/DOSCAR
pristine	*O	1.30278	up	Coact	21	Co	dyz	-1.51e-07	source_manifest:COHP/PDOS/pristine/*O/DOSCAR
pristine	*O	1.30278	down	Coact	21	Co	dyz	-0.0183	source_manifest:COHP/PDOS/pristine/*O/DOSCAR
pristine	*O	1.30278	up	Coact	21	Co	dz2	-8.897e-09	source_manifest:COHP/PDOS/pristine/*O/DOSCAR
pristine	*O	1.30278	down	Coact	21	Co	dz2	-0.07815	source_manifest:COHP/PDOS/pristine/*O/DOSCAR
pristine	*O	1.30278	up	Coact	21	Co	dxz	-2.332e-06	source_manifest:COHP/PDOS/pristine/*O/DOSCAR
pristine	*O	1.30278	down	Coact	21	Co	dxz	-0.04387	source_manifest:COHP/PDOS/pristine/*O/DOSCAR
pristine	*O	1.30278	up	Coact	21	Co	dx2-y2	-2.392e-07	source_manifest:COHP/PDOS/pristine/*O/DOSCAR
pristine	*O	1.30278	down	Coact	21	Co	dx2-y2	-0.08412	source_manifest:COHP/PDOS/pristine/*O/DOSCAR
pristine	*O	1.40878	up	Coact	21	Co	dxy	-1.425e-07	source_manifest:COHP/PDOS/pristine/*O/DOSCAR
pristine	*O	1.40878	down	Coact	21	Co	dxy	0.13	source_manifest:COHP/PDOS/pristine/*O/DOSCAR
pristine	*O	1.40878	up	Coact	21	Co	dyz	-2.036e-08	source_manifest:COHP/PDOS/pristine/*O/DOSCAR
pristine	*O	1.40878	down	Coact	21	Co	dyz	0.0005343	source_manifest:COHP/PDOS/pristine/*O/DOSCAR
pristine	*O	1.40878	up	Coact	21	Co	dz2	-1.379e-09	source_manifest:COHP/PDOS/pristine/*O/DOSCAR
pristine	*O	1.40878	down	Coact	21	Co	dz2	0.2559	source_manifest:COHP/PDOS/pristine/*O/DOSCAR
pristine	*O	1.40878	up	Coact	21	Co	dxz	-3.635e-07	source_manifest:COHP/PDOS/pristine/*O/DOSCAR
pristine	*O	1.40878	down	Coact	21	Co	dxz	0.1074	source_manifest:COHP/PDOS/pristine/*O/DOSCAR
pristine	*O	1.40878	up	Coact	21	Co	dx2-y2	-3.608e-08	source_manifest:COHP/PDOS/pristine/*O/DOSCAR
pristine	*O	1.40878	down	Coact	21	Co	dx2-y2	-0.01365	source_manifest:COHP/PDOS/pristine/*O/DOSCAR
pristine	*O	1.51478	up	Coact	21	Co	dxy	-1.096e-08	source_manifest:COHP/PDOS/pristine/*O/DOSCAR
pristine	*O	1.51478	down	Coact	21	Co	dxy	0.7019	source_manifest:COHP/PDOS/pristine/*O/DOSCAR
pristine	*O	1.51478	up	Coact	21	Co	dyz	-1.512e-09	source_manifest:COHP/PDOS/pristine/*O/DOSCAR
pristine	*O	1.51478	down	Coact	21	Co	dyz	0.1568	source_manifest:COHP/PDOS/pristine/*O/DOSCAR
pristine	*O	1.51478	up	Coact	21	Co	dz2	-1.06e-10	source_manifest:COHP/PDOS/pristine/*O/DOSCAR
pristine	*O	1.51478	down	Coact	21	Co	dz2	1.18	source_manifest:COHP/PDOS/pristine/*O/DOSCAR
pristine	*O	1.51478	up	Coact	21	Co	dxz	-2.797e-08	source_manifest:COHP/PDOS/pristine/*O/DOSCAR
pristine	*O	1.51478	down	Coact	21	Co	dxz	0.5877	source_manifest:COHP/PDOS/pristine/*O/DOSCAR
pristine	*O	1.51478	up	Coact	21	Co	dx2-y2	-2.753e-09	source_manifest:COHP/PDOS/pristine/*O/DOSCAR
pristine	*O	1.51478	down	Coact	21	Co	dx2-y2	0.6998	source_manifest:COHP/PDOS/pristine/*O/DOSCAR
pristine	*O	1.62078	up	Coact	21	Co	dxy	-4.471e-10	source_manifest:COHP/PDOS/pristine/*O/DOSCAR
pristine	*O	1.62078	down	Coact	21	Co	dxy	1.087	source_manifest:COHP/PDOS/pristine/*O/DOSCAR
pristine	*O	1.62078	up	Coact	21	Co	dyz	-6.11e-11	source_manifest:COHP/PDOS/pristine/*O/DOSCAR
pristine	*O	1.62078	down	Coact	21	Co	dyz	0.3735	source_manifest:COHP/PDOS/pristine/*O/DOSCAR
pristine	*O	1.62078	up	Coact	21	Co	dz2	-4.322e-12	source_manifest:COHP/PDOS/pristine/*O/DOSCAR
pristine	*O	1.62078	down	Coact	21	Co	dz2	1.674	source_manifest:COHP/PDOS/pristine/*O/DOSCAR
pristine	*O	1.62078	up	Coact	21	Co	dxz	-1.141e-09	source_manifest:COHP/PDOS/pristine/*O/DOSCAR
pristine	*O	1.62078	down	Coact	21	Co	dxz	0.9173	source_manifest:COHP/PDOS/pristine/*O/DOSCAR
pristine	*O	1.62078	up	Coact	21	Co	dx2-y2	-1.12e-10	source_manifest:COHP/PDOS/pristine/*O/DOSCAR
pristine	*O	1.62078	down	Coact	21	Co	dx2-y2	1.78	source_manifest:COHP/PDOS/pristine/*O/DOSCAR
pristine	*O	1.72678	up	Coact	21	Co	dxy	-9.955e-12	source_manifest:COHP/PDOS/pristine/*O/DOSCAR
pristine	*O	1.72678	down	Coact	21	Co	dxy	0.7053	source_manifest:COHP/PDOS/pristine/*O/DOSCAR
pristine	*O	1.72678	up	Coact	21	Co	dyz	-1.357e-12	source_manifest:COHP/PDOS/pristine/*O/DOSCAR
pristine	*O	1.72678	down	Coact	21	Co	dyz	0.3484	source_manifest:COHP/PDOS/pristine/*O/DOSCAR
pristine	*O	1.72678	up	Coact	21	Co	dz2	-9.624e-14	source_manifest:COHP/PDOS/pristine/*O/DOSCAR
pristine	*O	1.72678	down	Coact	21	Co	dz2	0.9667	source_manifest:COHP/PDOS/pristine/*O/DOSCAR
pristine	*O	1.72678	up	Coact	21	Co	dxz	-2.54e-11	source_manifest:COHP/PDOS/pristine/*O/DOSCAR
pristine	*O	1.72678	down	Coact	21	Co	dxz	0.5996	source_manifest:COHP/PDOS/pristine/*O/DOSCAR
pristine	*O	1.72678	up	Coact	21	Co	dx2-y2	-2.493e-12	source_manifest:COHP/PDOS/pristine/*O/DOSCAR
pristine	*O	1.72678	down	Coact	21	Co	dx2-y2	1.733	source_manifest:COHP/PDOS/pristine/*O/DOSCAR
pristine	*O	1.83278	up	Coact	21	Co	dxy	-1.229e-13	source_manifest:COHP/PDOS/pristine/*O/DOSCAR
pristine	*O	1.83278	down	Coact	21	Co	dxy	0.2947	source_manifest:COHP/PDOS/pristine/*O/DOSCAR
pristine	*O	1.83278	up	Coact	21	Co	dyz	-1.674e-14	source_manifest:COHP/PDOS/pristine/*O/DOSCAR
pristine	*O	1.83278	down	Coact	21	Co	dyz	0.2092	source_manifest:COHP/PDOS/pristine/*O/DOSCAR
pristine	*O	1.83278	up	Coact	21	Co	dz2	-1.216e-15	source_manifest:COHP/PDOS/pristine/*O/DOSCAR
pristine	*O	1.83278	down	Coact	21	Co	dz2	0.134	source_manifest:COHP/PDOS/pristine/*O/DOSCAR
pristine	*O	1.83278	up	Coact	21	Co	dxz	-3.135e-13	source_manifest:COHP/PDOS/pristine/*O/DOSCAR
pristine	*O	1.83278	down	Coact	21	Co	dxz	0.2557	source_manifest:COHP/PDOS/pristine/*O/DOSCAR
pristine	*O	1.83278	up	Coact	21	Co	dx2-y2	-3.077e-14	source_manifest:COHP/PDOS/pristine/*O/DOSCAR
pristine	*O	1.83278	down	Coact	21	Co	dx2-y2	0.6385	source_manifest:COHP/PDOS/pristine/*O/DOSCAR
pristine	*O	1.93878	up	Coact	21	Co	dxy	-1.104e-15	source_manifest:COHP/PDOS/pristine/*O/DOSCAR
pristine	*O	1.93878	down	Coact	21	Co	dxy	0.5338	source_manifest:COHP/PDOS/pristine/*O/DOSCAR
pristine	*O	1.93878	up	Coact	21	Co	dyz	-6.823e-16	source_manifest:COHP/PDOS/pristine/*O/DOSCAR
pristine	*O	1.93878	down	Coact	21	Co	dyz	0.3203	source_manifest:COHP/PDOS/pristine/*O/DOSCAR
pristine	*O	1.93878	up	Coact	21	Co	dz2	-5.656e-15	source_manifest:COHP/PDOS/pristine/*O/DOSCAR
pristine	*O	1.93878	down	Coact	21	Co	dz2	-0.08117	source_manifest:COHP/PDOS/pristine/*O/DOSCAR
pristine	*O	1.93878	up	Coact	21	Co	dxz	-3.239e-15	source_manifest:COHP/PDOS/pristine/*O/DOSCAR
pristine	*O	1.93878	down	Coact	21	Co	dxz	0.4726	source_manifest:COHP/PDOS/pristine/*O/DOSCAR
pristine	*O	1.93878	up	Coact	21	Co	dx2-y2	-4.073e-16	source_manifest:COHP/PDOS/pristine/*O/DOSCAR
pristine	*O	1.93878	down	Coact	21	Co	dx2-y2	-0.006913	source_manifest:COHP/PDOS/pristine/*O/DOSCAR
pristine	*O	2.04478	up	Coact	21	Co	dxy	-2.907e-14	source_manifest:COHP/PDOS/pristine/*O/DOSCAR
pristine	*O	2.04478	down	Coact	21	Co	dxy	0.765	source_manifest:COHP/PDOS/pristine/*O/DOSCAR
pristine	*O	2.04478	up	Coact	21	Co	dyz	-6.564e-14	source_manifest:COHP/PDOS/pristine/*O/DOSCAR
pristine	*O	2.04478	down	Coact	21	Co	dyz	0.4325	source_manifest:COHP/PDOS/pristine/*O/DOSCAR
pristine	*O	2.04478	up	Coact	21	Co	dz2	-6.48e-13	source_manifest:COHP/PDOS/pristine/*O/DOSCAR
pristine	*O	2.04478	down	Coact	21	Co	dz2	-0.03592	source_manifest:COHP/PDOS/pristine/*O/DOSCAR
pristine	*O	2.04478	up	Coact	21	Co	dxz	-1.222e-13	source_manifest:COHP/PDOS/pristine/*O/DOSCAR
pristine	*O	2.04478	down	Coact	21	Co	dxz	0.6822	source_manifest:COHP/PDOS/pristine/*O/DOSCAR
pristine	*O	2.04478	up	Coact	21	Co	dx2-y2	-2.24e-14	source_manifest:COHP/PDOS/pristine/*O/DOSCAR
pristine	*O	2.04478	down	Coact	21	Co	dx2-y2	-0.04213	source_manifest:COHP/PDOS/pristine/*O/DOSCAR
pristine	*O	2.15078	up	Coact	21	Co	dxy	-1.851e-12	source_manifest:COHP/PDOS/pristine/*O/DOSCAR
pristine	*O	2.15078	down	Coact	21	Co	dxy	0.4396	source_manifest:COHP/PDOS/pristine/*O/DOSCAR
pristine	*O	2.15078	up	Coact	21	Co	dyz	-4.286e-12	source_manifest:COHP/PDOS/pristine/*O/DOSCAR
pristine	*O	2.15078	down	Coact	21	Co	dyz	0.2484	source_manifest:COHP/PDOS/pristine/*O/DOSCAR
pristine	*O	2.15078	up	Coact	21	Co	dz2	-4.171e-11	source_manifest:COHP/PDOS/pristine/*O/DOSCAR
pristine	*O	2.15078	down	Coact	21	Co	dz2	-0.005723	source_manifest:COHP/PDOS/pristine/*O/DOSCAR
pristine	*O	2.15078	up	Coact	21	Co	dxz	-7.764e-12	source_manifest:COHP/PDOS/pristine/*O/DOSCAR
pristine	*O	2.15078	down	Coact	21	Co	dxz	0.396	source_manifest:COHP/PDOS/pristine/*O/DOSCAR
pristine	*O	2.15078	up	Coact	21	Co	dx2-y2	-1.445e-12	source_manifest:COHP/PDOS/pristine/*O/DOSCAR
pristine	*O	2.15078	down	Coact	21	Co	dx2-y2	0.001728	source_manifest:COHP/PDOS/pristine/*O/DOSCAR
pristine	*O	2.25678	up	Coact	21	Co	dxy	-6.554e-11	source_manifest:COHP/PDOS/pristine/*O/DOSCAR
pristine	*O	2.25678	down	Coact	21	Co	dxy	0.05629	source_manifest:COHP/PDOS/pristine/*O/DOSCAR
pristine	*O	2.25678	up	Coact	21	Co	dyz	-1.572e-10	source_manifest:COHP/PDOS/pristine/*O/DOSCAR
pristine	*O	2.25678	down	Coact	21	Co	dyz	0.03254	source_manifest:COHP/PDOS/pristine/*O/DOSCAR
pristine	*O	2.25678	up	Coact	21	Co	dz2	-1.496e-09	source_manifest:COHP/PDOS/pristine/*O/DOSCAR
pristine	*O	2.25678	down	Coact	21	Co	dz2	-0.0004079	source_manifest:COHP/PDOS/pristine/*O/DOSCAR
pristine	*O	2.25678	up	Coact	21	Co	dxz	-2.735e-10	source_manifest:COHP/PDOS/pristine/*O/DOSCAR
pristine	*O	2.25678	down	Coact	21	Co	dxz	0.05253	source_manifest:COHP/PDOS/pristine/*O/DOSCAR
pristine	*O	2.25678	up	Coact	21	Co	dx2-y2	-5.201e-11	source_manifest:COHP/PDOS/pristine/*O/DOSCAR
pristine	*O	2.25678	down	Coact	21	Co	dx2-y2	0.001039	source_manifest:COHP/PDOS/pristine/*O/DOSCAR
pristine	*O	2.36278	up	Coact	21	Co	dxy	-1.276e-09	source_manifest:COHP/PDOS/pristine/*O/DOSCAR
pristine	*O	2.36278	down	Coact	21	Co	dxy	-0.03866	source_manifest:COHP/PDOS/pristine/*O/DOSCAR
pristine	*O	2.36278	up	Coact	21	Co	dyz	-3.21e-09	source_manifest:COHP/PDOS/pristine/*O/DOSCAR
pristine	*O	2.36278	down	Coact	21	Co	dyz	-0.02156	source_manifest:COHP/PDOS/pristine/*O/DOSCAR
pristine	*O	2.36278	up	Coact	21	Co	dz2	-2.95e-08	source_manifest:COHP/PDOS/pristine/*O/DOSCAR
pristine	*O	2.36278	down	Coact	21	Co	dz2	-9.582e-06	source_manifest:COHP/PDOS/pristine/*O/DOSCAR
pristine	*O	2.36278	up	Coact	21	Co	dxz	-5.266e-09	source_manifest:COHP/PDOS/pristine/*O/DOSCAR
pristine	*O	2.36278	down	Coact	21	Co	dxz	-0.03433	source_manifest:COHP/PDOS/pristine/*O/DOSCAR
pristine	*O	2.36278	up	Coact	21	Co	dx2-y2	-1.032e-09	source_manifest:COHP/PDOS/pristine/*O/DOSCAR
pristine	*O	2.36278	down	Coact	21	Co	dx2-y2	-0.001867	source_manifest:COHP/PDOS/pristine/*O/DOSCAR
pristine	*O	2.46878	up	Coact	21	Co	dxy	-1.335e-08	source_manifest:COHP/PDOS/pristine/*O/DOSCAR
pristine	*O	2.46878	down	Coact	21	Co	dxy	-0.01655	source_manifest:COHP/PDOS/pristine/*O/DOSCAR
pristine	*O	2.46878	up	Coact	21	Co	dyz	-3.581e-08	source_manifest:COHP/PDOS/pristine/*O/DOSCAR
pristine	*O	2.46878	down	Coact	21	Co	dyz	-0.009201	source_manifest:COHP/PDOS/pristine/*O/DOSCAR
pristine	*O	2.46878	up	Coact	21	Co	dz2	-3.109e-07	source_manifest:COHP/PDOS/pristine/*O/DOSCAR
pristine	*O	2.46878	down	Coact	21	Co	dz2	-8.787e-07	source_manifest:COHP/PDOS/pristine/*O/DOSCAR
pristine	*O	2.46878	up	Coact	21	Co	dxz	-5.381e-08	source_manifest:COHP/PDOS/pristine/*O/DOSCAR
pristine	*O	2.46878	down	Coact	21	Co	dxz	-0.01495	source_manifest:COHP/PDOS/pristine/*O/DOSCAR
pristine	*O	2.46878	up	Coact	21	Co	dx2-y2	-1.098e-08	source_manifest:COHP/PDOS/pristine/*O/DOSCAR
pristine	*O	2.46878	down	Coact	21	Co	dx2-y2	-0.0008034	source_manifest:COHP/PDOS/pristine/*O/DOSCAR
pristine	*O	2.57478	up	Coact	21	Co	dxy	-7.101e-08	source_manifest:COHP/PDOS/pristine/*O/DOSCAR
pristine	*O	2.57478	down	Coact	21	Co	dxy	-0.002725	source_manifest:COHP/PDOS/pristine/*O/DOSCAR
pristine	*O	2.57478	up	Coact	21	Co	dyz	-2.068e-07	source_manifest:COHP/PDOS/pristine/*O/DOSCAR
pristine	*O	2.57478	down	Coact	21	Co	dyz	-0.001664	source_manifest:COHP/PDOS/pristine/*O/DOSCAR
pristine	*O	2.57478	up	Coact	21	Co	dz2	-1.622e-06	source_manifest:COHP/PDOS/pristine/*O/DOSCAR
pristine	*O	2.57478	down	Coact	21	Co	dz2	-1.93e-06	source_manifest:COHP/PDOS/pristine/*O/DOSCAR
pristine	*O	2.57478	up	Coact	21	Co	dxz	-2.708e-07	source_manifest:COHP/PDOS/pristine/*O/DOSCAR
pristine	*O	2.57478	down	Coact	21	Co	dxz	-0.002567	source_manifest:COHP/PDOS/pristine/*O/DOSCAR
pristine	*O	2.57478	up	Coact	21	Co	dx2-y2	-5.845e-08	source_manifest:COHP/PDOS/pristine/*O/DOSCAR
pristine	*O	2.57478	down	Coact	21	Co	dx2-y2	-0.0001863	source_manifest:COHP/PDOS/pristine/*O/DOSCAR
pristine	*O	2.67978	up	Coact	21	Co	dxy	-1.517e-07	source_manifest:COHP/PDOS/pristine/*O/DOSCAR
pristine	*O	2.67978	down	Coact	21	Co	dxy	-0.0007092	source_manifest:COHP/PDOS/pristine/*O/DOSCAR
pristine	*O	2.67978	up	Coact	21	Co	dyz	-4.997e-07	source_manifest:COHP/PDOS/pristine/*O/DOSCAR
pristine	*O	2.67978	down	Coact	21	Co	dyz	-0.004341	source_manifest:COHP/PDOS/pristine/*O/DOSCAR
pristine	*O	2.67978	up	Coact	21	Co	dz2	-2.958e-06	source_manifest:COHP/PDOS/pristine/*O/DOSCAR
pristine	*O	2.67978	down	Coact	21	Co	dz2	-4.398e-05	source_manifest:COHP/PDOS/pristine/*O/DOSCAR
pristine	*O	2.67978	up	Coact	21	Co	dxz	-4.885e-07	source_manifest:COHP/PDOS/pristine/*O/DOSCAR
pristine	*O	2.67978	down	Coact	21	Co	dxz	-0.001468	source_manifest:COHP/PDOS/pristine/*O/DOSCAR
pristine	*O	2.67978	up	Coact	21	Co	dx2-y2	-1.139e-07	source_manifest:COHP/PDOS/pristine/*O/DOSCAR
pristine	*O	2.67978	down	Coact	21	Co	dx2-y2	-0.001091	source_manifest:COHP/PDOS/pristine/*O/DOSCAR
pristine	*O	2.78578	up	Coact	21	Co	dxy	1.479e-07	source_manifest:COHP/PDOS/pristine/*O/DOSCAR
pristine	*O	2.78578	down	Coact	21	Co	dxy	-0.003196	source_manifest:COHP/PDOS/pristine/*O/DOSCAR
pristine	*O	2.78578	up	Coact	21	Co	dyz	3.063e-07	source_manifest:COHP/PDOS/pristine/*O/DOSCAR
pristine	*O	2.78578	down	Coact	21	Co	dyz	-0.02725	source_manifest:COHP/PDOS/pristine/*O/DOSCAR
pristine	*O	2.78578	up	Coact	21	Co	dz2	6.533e-06	source_manifest:COHP/PDOS/pristine/*O/DOSCAR
pristine	*O	2.78578	down	Coact	21	Co	dz2	-0.0002847	source_manifest:COHP/PDOS/pristine/*O/DOSCAR
pristine	*O	2.78578	up	Coact	21	Co	dxz	8.15e-07	source_manifest:COHP/PDOS/pristine/*O/DOSCAR
pristine	*O	2.78578	down	Coact	21	Co	dxz	-0.007807	source_manifest:COHP/PDOS/pristine/*O/DOSCAR
pristine	*O	2.78578	up	Coact	21	Co	dx2-y2	2.014e-07	source_manifest:COHP/PDOS/pristine/*O/DOSCAR
pristine	*O	2.78578	down	Coact	21	Co	dx2-y2	-0.007057	source_manifest:COHP/PDOS/pristine/*O/DOSCAR
pristine	*O	2.89178	up	Coact	21	Co	dxy	1.4e-06	source_manifest:COHP/PDOS/pristine/*O/DOSCAR
pristine	*O	2.89178	down	Coact	21	Co	dxy	-0.007764	source_manifest:COHP/PDOS/pristine/*O/DOSCAR
pristine	*O	2.89178	up	Coact	21	Co	dyz	4.02e-06	source_manifest:COHP/PDOS/pristine/*O/DOSCAR
pristine	*O	2.89178	down	Coact	21	Co	dyz	-0.0659	source_manifest:COHP/PDOS/pristine/*O/DOSCAR
pristine	*O	2.89178	up	Coact	21	Co	dz2	3.824e-05	source_manifest:COHP/PDOS/pristine/*O/DOSCAR
pristine	*O	2.89178	down	Coact	21	Co	dz2	-0.0006437	source_manifest:COHP/PDOS/pristine/*O/DOSCAR
pristine	*O	2.89178	up	Coact	21	Co	dxz	4.773e-06	source_manifest:COHP/PDOS/pristine/*O/DOSCAR
pristine	*O	2.89178	down	Coact	21	Co	dxz	-0.01864	source_manifest:COHP/PDOS/pristine/*O/DOSCAR
pristine	*O	2.89178	up	Coact	21	Co	dx2-y2	1.307e-06	source_manifest:COHP/PDOS/pristine/*O/DOSCAR
pristine	*O	2.89178	down	Coact	21	Co	dx2-y2	-0.0171	source_manifest:COHP/PDOS/pristine/*O/DOSCAR
pristine	*O	2.99778	up	Coact	21	Co	dxy	3e-06	source_manifest:COHP/PDOS/pristine/*O/DOSCAR
pristine	*O	2.99778	down	Coact	21	Co	dxy	0.0102	source_manifest:COHP/PDOS/pristine/*O/DOSCAR
pristine	*O	2.99778	up	Coact	21	Co	dyz	8.272e-06	source_manifest:COHP/PDOS/pristine/*O/DOSCAR
pristine	*O	2.99778	down	Coact	21	Co	dyz	0.08857	source_manifest:COHP/PDOS/pristine/*O/DOSCAR
pristine	*O	2.99778	up	Coact	21	Co	dz2	6.812e-05	source_manifest:COHP/PDOS/pristine/*O/DOSCAR
pristine	*O	2.99778	down	Coact	21	Co	dz2	0.001035	source_manifest:COHP/PDOS/pristine/*O/DOSCAR
pristine	*O	2.99778	up	Coact	21	Co	dxz	9.124e-06	source_manifest:COHP/PDOS/pristine/*O/DOSCAR
pristine	*O	2.99778	down	Coact	21	Co	dxz	0.02585	source_manifest:COHP/PDOS/pristine/*O/DOSCAR
pristine	*O	2.99778	up	Coact	21	Co	dx2-y2	2.347e-06	source_manifest:COHP/PDOS/pristine/*O/DOSCAR
pristine	*O	2.99778	down	Coact	21	Co	dx2-y2	0.02277	source_manifest:COHP/PDOS/pristine/*O/DOSCAR
pristine	*O	3.10378	up	Coact	21	Co	dxy	4.139e-06	source_manifest:COHP/PDOS/pristine/*O/DOSCAR
pristine	*O	3.10378	down	Coact	21	Co	dxy	0.08659	source_manifest:COHP/PDOS/pristine/*O/DOSCAR
pristine	*O	3.10378	up	Coact	21	Co	dyz	1.277e-05	source_manifest:COHP/PDOS/pristine/*O/DOSCAR
pristine	*O	3.10378	down	Coact	21	Co	dyz	0.738	source_manifest:COHP/PDOS/pristine/*O/DOSCAR
pristine	*O	3.10378	up	Coact	21	Co	dz2	6.542e-05	source_manifest:COHP/PDOS/pristine/*O/DOSCAR
pristine	*O	3.10378	down	Coact	21	Co	dz2	0.008176	source_manifest:COHP/PDOS/pristine/*O/DOSCAR
pristine	*O	3.10378	up	Coact	21	Co	dxz	1.78e-05	source_manifest:COHP/PDOS/pristine/*O/DOSCAR
pristine	*O	3.10378	down	Coact	21	Co	dxz	0.2113	source_manifest:COHP/PDOS/pristine/*O/DOSCAR
pristine	*O	3.10378	up	Coact	21	Co	dx2-y2	2.397e-06	source_manifest:COHP/PDOS/pristine/*O/DOSCAR
pristine	*O	3.10378	down	Coact	21	Co	dx2-y2	0.1905	source_manifest:COHP/PDOS/pristine/*O/DOSCAR
pristine	*O	3.20978	up	Coact	21	Co	dxy	7.392e-06	source_manifest:COHP/PDOS/pristine/*O/DOSCAR
pristine	*O	3.20978	down	Coact	21	Co	dxy	0.1605	source_manifest:COHP/PDOS/pristine/*O/DOSCAR
pristine	*O	3.20978	up	Coact	21	Co	dyz	3.219e-05	source_manifest:COHP/PDOS/pristine/*O/DOSCAR
pristine	*O	3.20978	down	Coact	21	Co	dyz	1.343	source_manifest:COHP/PDOS/pristine/*O/DOSCAR
pristine	*O	3.20978	up	Coact	21	Co	dz2	5.4e-05	source_manifest:COHP/PDOS/pristine/*O/DOSCAR
pristine	*O	3.20978	down	Coact	21	Co	dz2	0.016	source_manifest:COHP/PDOS/pristine/*O/DOSCAR
pristine	*O	3.20978	up	Coact	21	Co	dxz	4.021e-05	source_manifest:COHP/PDOS/pristine/*O/DOSCAR
pristine	*O	3.20978	down	Coact	21	Co	dxz	0.3827	source_manifest:COHP/PDOS/pristine/*O/DOSCAR
pristine	*O	3.20978	up	Coact	21	Co	dx2-y2	3.155e-06	source_manifest:COHP/PDOS/pristine/*O/DOSCAR
pristine	*O	3.20978	down	Coact	21	Co	dx2-y2	0.349	source_manifest:COHP/PDOS/pristine/*O/DOSCAR
pristine	*O	3.31578	up	Coact	21	Co	dxy	1.633e-05	source_manifest:COHP/PDOS/pristine/*O/DOSCAR
pristine	*O	3.31578	down	Coact	21	Co	dxy	0.133	source_manifest:COHP/PDOS/pristine/*O/DOSCAR
pristine	*O	3.31578	up	Coact	21	Co	dyz	6.776e-05	source_manifest:COHP/PDOS/pristine/*O/DOSCAR
pristine	*O	3.31578	down	Coact	21	Co	dyz	1.052	source_manifest:COHP/PDOS/pristine/*O/DOSCAR
pristine	*O	3.31578	up	Coact	21	Co	dz2	5.297e-05	source_manifest:COHP/PDOS/pristine/*O/DOSCAR
pristine	*O	3.31578	down	Coact	21	Co	dz2	0.01451	source_manifest:COHP/PDOS/pristine/*O/DOSCAR
pristine	*O	3.31578	up	Coact	21	Co	dxz	6.097e-05	source_manifest:COHP/PDOS/pristine/*O/DOSCAR
pristine	*O	3.31578	down	Coact	21	Co	dxz	0.2985	source_manifest:COHP/PDOS/pristine/*O/DOSCAR
pristine	*O	3.31578	up	Coact	21	Co	dx2-y2	6.093e-06	source_manifest:COHP/PDOS/pristine/*O/DOSCAR
pristine	*O	3.31578	down	Coact	21	Co	dx2-y2	0.2825	source_manifest:COHP/PDOS/pristine/*O/DOSCAR
pristine	*O	3.42178	up	Coact	21	Co	dxy	2.917e-05	source_manifest:COHP/PDOS/pristine/*O/DOSCAR
pristine	*O	3.42178	down	Coact	21	Co	dxy	0.05986	source_manifest:COHP/PDOS/pristine/*O/DOSCAR
pristine	*O	3.42178	up	Coact	21	Co	dyz	8.861e-05	source_manifest:COHP/PDOS/pristine/*O/DOSCAR
pristine	*O	3.42178	down	Coact	21	Co	dyz	0.3799	source_manifest:COHP/PDOS/pristine/*O/DOSCAR
pristine	*O	3.42178	up	Coact	21	Co	dz2	4.344e-05	source_manifest:COHP/PDOS/pristine/*O/DOSCAR
pristine	*O	3.42178	down	Coact	21	Co	dz2	0.006876	source_manifest:COHP/PDOS/pristine/*O/DOSCAR
pristine	*O	3.42178	up	Coact	21	Co	dxz	6.101e-05	source_manifest:COHP/PDOS/pristine/*O/DOSCAR
pristine	*O	3.42178	down	Coact	21	Co	dxz	0.109	source_manifest:COHP/PDOS/pristine/*O/DOSCAR
pristine	*O	3.42178	up	Coact	21	Co	dx2-y2	1.127e-05	source_manifest:COHP/PDOS/pristine/*O/DOSCAR
pristine	*O	3.42178	down	Coact	21	Co	dx2-y2	0.1173	source_manifest:COHP/PDOS/pristine/*O/DOSCAR
pristine	*O	3.52778	up	Coact	21	Co	dxy	4.175e-05	source_manifest:COHP/PDOS/pristine/*O/DOSCAR
pristine	*O	3.52778	down	Coact	21	Co	dxy	0.02191	source_manifest:COHP/PDOS/pristine/*O/DOSCAR
pristine	*O	3.52778	up	Coact	21	Co	dyz	9.521e-05	source_manifest:COHP/PDOS/pristine/*O/DOSCAR
pristine	*O	3.52778	down	Coact	21	Co	dyz	0.06331	source_manifest:COHP/PDOS/pristine/*O/DOSCAR
pristine	*O	3.52778	up	Coact	21	Co	dz2	3.479e-05	source_manifest:COHP/PDOS/pristine/*O/DOSCAR
pristine	*O	3.52778	down	Coact	21	Co	dz2	0.002027	source_manifest:COHP/PDOS/pristine/*O/DOSCAR
pristine	*O	3.52778	up	Coact	21	Co	dxz	6.174e-05	source_manifest:COHP/PDOS/pristine/*O/DOSCAR
pristine	*O	3.52778	down	Coact	21	Co	dxz	0.02285	source_manifest:COHP/PDOS/pristine/*O/DOSCAR
pristine	*O	3.52778	up	Coact	21	Co	dx2-y2	2.319e-05	source_manifest:COHP/PDOS/pristine/*O/DOSCAR
pristine	*O	3.52778	down	Coact	21	Co	dx2-y2	0.03337	source_manifest:COHP/PDOS/pristine/*O/DOSCAR
pristine	*O	3.63378	up	Coact	21	Co	dxy	5.586e-05	source_manifest:COHP/PDOS/pristine/*O/DOSCAR
pristine	*O	3.63378	down	Coact	21	Co	dxy	0.01083	source_manifest:COHP/PDOS/pristine/*O/DOSCAR
pristine	*O	3.63378	up	Coact	21	Co	dyz	0.0001133	source_manifest:COHP/PDOS/pristine/*O/DOSCAR
pristine	*O	3.63378	down	Coact	21	Co	dyz	0.008462	source_manifest:COHP/PDOS/pristine/*O/DOSCAR
pristine	*O	3.63378	up	Coact	21	Co	dz2	4.268e-05	source_manifest:COHP/PDOS/pristine/*O/DOSCAR
pristine	*O	3.63378	down	Coact	21	Co	dz2	0.0007634	source_manifest:COHP/PDOS/pristine/*O/DOSCAR
pristine	*O	3.63378	up	Coact	21	Co	dxz	9.486e-05	source_manifest:COHP/PDOS/pristine/*O/DOSCAR
pristine	*O	3.63378	down	Coact	21	Co	dxz	0.007602	source_manifest:COHP/PDOS/pristine/*O/DOSCAR
pristine	*O	3.63378	up	Coact	21	Co	dx2-y2	4.238e-05	source_manifest:COHP/PDOS/pristine/*O/DOSCAR
pristine	*O	3.63378	down	Coact	21	Co	dx2-y2	0.01362	source_manifest:COHP/PDOS/pristine/*O/DOSCAR
pristine	*O	3.73978	up	Coact	21	Co	dxy	7.188e-05	source_manifest:COHP/PDOS/pristine/*O/DOSCAR
pristine	*O	3.73978	down	Coact	21	Co	dxy	0.007	source_manifest:COHP/PDOS/pristine/*O/DOSCAR
pristine	*O	3.73978	up	Coact	21	Co	dyz	0.0001167	source_manifest:COHP/PDOS/pristine/*O/DOSCAR
pristine	*O	3.73978	down	Coact	21	Co	dyz	0.009171	source_manifest:COHP/PDOS/pristine/*O/DOSCAR
pristine	*O	3.73978	up	Coact	21	Co	dz2	5.052e-05	source_manifest:COHP/PDOS/pristine/*O/DOSCAR
pristine	*O	3.73978	down	Coact	21	Co	dz2	0.0006005	source_manifest:COHP/PDOS/pristine/*O/DOSCAR
pristine	*O	3.73978	up	Coact	21	Co	dxz	0.0001648	source_manifest:COHP/PDOS/pristine/*O/DOSCAR
pristine	*O	3.73978	down	Coact	21	Co	dxz	0.005443	source_manifest:COHP/PDOS/pristine/*O/DOSCAR
pristine	*O	3.73978	up	Coact	21	Co	dx2-y2	5.344e-05	source_manifest:COHP/PDOS/pristine/*O/DOSCAR
pristine	*O	3.73978	down	Coact	21	Co	dx2-y2	0.01024	source_manifest:COHP/PDOS/pristine/*O/DOSCAR
pristine	*O	3.84578	up	Coact	21	Co	dxy	8.838e-05	source_manifest:COHP/PDOS/pristine/*O/DOSCAR
pristine	*O	3.84578	down	Coact	21	Co	dxy	0.003993	source_manifest:COHP/PDOS/pristine/*O/DOSCAR
pristine	*O	3.84578	up	Coact	21	Co	dyz	9.756e-05	source_manifest:COHP/PDOS/pristine/*O/DOSCAR
pristine	*O	3.84578	down	Coact	21	Co	dyz	0.009558	source_manifest:COHP/PDOS/pristine/*O/DOSCAR
pristine	*O	3.84578	up	Coact	21	Co	dz2	5.441e-05	source_manifest:COHP/PDOS/pristine/*O/DOSCAR
pristine	*O	3.84578	down	Coact	21	Co	dz2	0.0006158	source_manifest:COHP/PDOS/pristine/*O/DOSCAR
pristine	*O	3.84578	up	Coact	21	Co	dxz	0.0002268	source_manifest:COHP/PDOS/pristine/*O/DOSCAR
pristine	*O	3.84578	down	Coact	21	Co	dxz	0.004208	source_manifest:COHP/PDOS/pristine/*O/DOSCAR
pristine	*O	3.84578	up	Coact	21	Co	dx2-y2	5.396e-05	source_manifest:COHP/PDOS/pristine/*O/DOSCAR
pristine	*O	3.84578	down	Coact	21	Co	dx2-y2	0.006192	source_manifest:COHP/PDOS/pristine/*O/DOSCAR
pristine	*O	3.95178	up	Coact	21	Co	dxy	0.0001161	source_manifest:COHP/PDOS/pristine/*O/DOSCAR
pristine	*O	3.95178	down	Coact	21	Co	dxy	0.002156	source_manifest:COHP/PDOS/pristine/*O/DOSCAR
pristine	*O	3.95178	up	Coact	21	Co	dyz	0.0001093	source_manifest:COHP/PDOS/pristine/*O/DOSCAR
pristine	*O	3.95178	down	Coact	21	Co	dyz	0.00732	source_manifest:COHP/PDOS/pristine/*O/DOSCAR
pristine	*O	3.95178	up	Coact	21	Co	dz2	5.865e-05	source_manifest:COHP/PDOS/pristine/*O/DOSCAR
pristine	*O	3.95178	down	Coact	21	Co	dz2	0.0009181	source_manifest:COHP/PDOS/pristine/*O/DOSCAR
pristine	*O	3.95178	up	Coact	21	Co	dxz	0.0002523	source_manifest:COHP/PDOS/pristine/*O/DOSCAR
pristine	*O	3.95178	down	Coact	21	Co	dxz	0.003866	source_manifest:COHP/PDOS/pristine/*O/DOSCAR
pristine	*O	3.95178	up	Coact	21	Co	dx2-y2	6.97e-05	source_manifest:COHP/PDOS/pristine/*O/DOSCAR
pristine	*O	3.95178	down	Coact	21	Co	dx2-y2	0.003138	source_manifest:COHP/PDOS/pristine/*O/DOSCAR
pristine	*O	-7.91322	up	neighbor	23	Co	dxy	-0.0001071	source_manifest:COHP/PDOS/pristine/*O/DOSCAR
pristine	*O	-7.91322	down	neighbor	23	Co	dxy	-2.523e-06	source_manifest:COHP/PDOS/pristine/*O/DOSCAR
pristine	*O	-7.91322	up	neighbor	23	Co	dyz	0.0002737	source_manifest:COHP/PDOS/pristine/*O/DOSCAR
pristine	*O	-7.91322	down	neighbor	23	Co	dyz	-7.209e-06	source_manifest:COHP/PDOS/pristine/*O/DOSCAR
pristine	*O	-7.91322	up	neighbor	23	Co	dz2	0.02122	source_manifest:COHP/PDOS/pristine/*O/DOSCAR
pristine	*O	-7.91322	down	neighbor	23	Co	dz2	-0.0008719	source_manifest:COHP/PDOS/pristine/*O/DOSCAR
pristine	*O	-7.91322	up	neighbor	23	Co	dxz	9.165e-05	source_manifest:COHP/PDOS/pristine/*O/DOSCAR
pristine	*O	-7.91322	down	neighbor	23	Co	dxz	-1.386e-06	source_manifest:COHP/PDOS/pristine/*O/DOSCAR
pristine	*O	-7.91322	up	neighbor	23	Co	dx2-y2	0.001311	source_manifest:COHP/PDOS/pristine/*O/DOSCAR
pristine	*O	-7.91322	down	neighbor	23	Co	dx2-y2	-1.618e-05	source_manifest:COHP/PDOS/pristine/*O/DOSCAR
pristine	*O	-7.80722	up	neighbor	23	Co	dxy	0.0002944	source_manifest:COHP/PDOS/pristine/*O/DOSCAR
pristine	*O	-7.80722	down	neighbor	23	Co	dxy	-5.619e-06	source_manifest:COHP/PDOS/pristine/*O/DOSCAR
pristine	*O	-7.80722	up	neighbor	23	Co	dyz	0.0004512	source_manifest:COHP/PDOS/pristine/*O/DOSCAR
pristine	*O	-7.80722	down	neighbor	23	Co	dyz	2.251e-05	source_manifest:COHP/PDOS/pristine/*O/DOSCAR
pristine	*O	-7.80722	up	neighbor	23	Co	dz2	0.03334	source_manifest:COHP/PDOS/pristine/*O/DOSCAR
pristine	*O	-7.80722	down	neighbor	23	Co	dz2	0.002651	source_manifest:COHP/PDOS/pristine/*O/DOSCAR
pristine	*O	-7.80722	up	neighbor	23	Co	dxz	0.000197	source_manifest:COHP/PDOS/pristine/*O/DOSCAR
pristine	*O	-7.80722	down	neighbor	23	Co	dxz	4.849e-07	source_manifest:COHP/PDOS/pristine/*O/DOSCAR
pristine	*O	-7.80722	up	neighbor	23	Co	dx2-y2	0.002007	source_manifest:COHP/PDOS/pristine/*O/DOSCAR
pristine	*O	-7.80722	down	neighbor	23	Co	dx2-y2	4.392e-05	source_manifest:COHP/PDOS/pristine/*O/DOSCAR
pristine	*O	-7.70122	up	neighbor	23	Co	dxy	0.001864	source_manifest:COHP/PDOS/pristine/*O/DOSCAR
pristine	*O	-7.70122	down	neighbor	23	Co	dxy	1.225e-07	source_manifest:COHP/PDOS/pristine/*O/DOSCAR
pristine	*O	-7.70122	up	neighbor	23	Co	dyz	0.000345	source_manifest:COHP/PDOS/pristine/*O/DOSCAR
pristine	*O	-7.70122	down	neighbor	23	Co	dyz	0.0001091	source_manifest:COHP/PDOS/pristine/*O/DOSCAR
pristine	*O	-7.70122	up	neighbor	23	Co	dz2	0.03196	source_manifest:COHP/PDOS/pristine/*O/DOSCAR
pristine	*O	-7.70122	down	neighbor	23	Co	dz2	0.01293	source_manifest:COHP/PDOS/pristine/*O/DOSCAR
pristine	*O	-7.70122	up	neighbor	23	Co	dxz	0.0001644	source_manifest:COHP/PDOS/pristine/*O/DOSCAR
pristine	*O	-7.70122	down	neighbor	23	Co	dxz	1.199e-05	source_manifest:COHP/PDOS/pristine/*O/DOSCAR
pristine	*O	-7.70122	up	neighbor	23	Co	dx2-y2	0.0007549	source_manifest:COHP/PDOS/pristine/*O/DOSCAR
pristine	*O	-7.70122	down	neighbor	23	Co	dx2-y2	0.0002237	source_manifest:COHP/PDOS/pristine/*O/DOSCAR
pristine	*O	-7.59622	up	neighbor	23	Co	dxy	0.005441	source_manifest:COHP/PDOS/pristine/*O/DOSCAR
pristine	*O	-7.59622	down	neighbor	23	Co	dxy	4.063e-05	source_manifest:COHP/PDOS/pristine/*O/DOSCAR
pristine	*O	-7.59622	up	neighbor	23	Co	dyz	-0.0001019	source_manifest:COHP/PDOS/pristine/*O/DOSCAR
pristine	*O	-7.59622	down	neighbor	23	Co	dyz	0.0001851	source_manifest:COHP/PDOS/pristine/*O/DOSCAR
pristine	*O	-7.59622	up	neighbor	23	Co	dz2	0.02565	source_manifest:COHP/PDOS/pristine/*O/DOSCAR
pristine	*O	-7.59622	down	neighbor	23	Co	dz2	0.02211	source_manifest:COHP/PDOS/pristine/*O/DOSCAR
pristine	*O	-7.59622	up	neighbor	23	Co	dxz	0.0001706	source_manifest:COHP/PDOS/pristine/*O/DOSCAR
pristine	*O	-7.59622	down	neighbor	23	Co	dxz	3.171e-05	source_manifest:COHP/PDOS/pristine/*O/DOSCAR
pristine	*O	-7.59622	up	neighbor	23	Co	dx2-y2	-0.002841	source_manifest:COHP/PDOS/pristine/*O/DOSCAR
pristine	*O	-7.59622	down	neighbor	23	Co	dx2-y2	0.0003865	source_manifest:COHP/PDOS/pristine/*O/DOSCAR
pristine	*O	-7.49022	up	neighbor	23	Co	dxy	0.01268	source_manifest:COHP/PDOS/pristine/*O/DOSCAR
pristine	*O	-7.49022	down	neighbor	23	Co	dxy	0.000143	source_manifest:COHP/PDOS/pristine/*O/DOSCAR
pristine	*O	-7.49022	up	neighbor	23	Co	dyz	0.0007027	source_manifest:COHP/PDOS/pristine/*O/DOSCAR
pristine	*O	-7.49022	down	neighbor	23	Co	dyz	0.0001721	source_manifest:COHP/PDOS/pristine/*O/DOSCAR
pristine	*O	-7.49022	up	neighbor	23	Co	dz2	0.02203	source_manifest:COHP/PDOS/pristine/*O/DOSCAR
pristine	*O	-7.49022	down	neighbor	23	Co	dz2	0.02173	source_manifest:COHP/PDOS/pristine/*O/DOSCAR
pristine	*O	-7.49022	up	neighbor	23	Co	dxz	0.001625	source_manifest:COHP/PDOS/pristine/*O/DOSCAR
pristine	*O	-7.49022	down	neighbor	23	Co	dxz	4.426e-05	source_manifest:COHP/PDOS/pristine/*O/DOSCAR
pristine	*O	-7.49022	up	neighbor	23	Co	dx2-y2	0.002056	source_manifest:COHP/PDOS/pristine/*O/DOSCAR
pristine	*O	-7.49022	down	neighbor	23	Co	dx2-y2	0.0003683	source_manifest:COHP/PDOS/pristine/*O/DOSCAR
pristine	*O	-7.38422	up	neighbor	23	Co	dxy	0.02264	source_manifest:COHP/PDOS/pristine/*O/DOSCAR
pristine	*O	-7.38422	down	neighbor	23	Co	dxy	0.0003003	source_manifest:COHP/PDOS/pristine/*O/DOSCAR
pristine	*O	-7.38422	up	neighbor	23	Co	dyz	0.007417	source_manifest:COHP/PDOS/pristine/*O/DOSCAR
pristine	*O	-7.38422	down	neighbor	23	Co	dyz	0.000113	source_manifest:COHP/PDOS/pristine/*O/DOSCAR
pristine	*O	-7.38422	up	neighbor	23	Co	dz2	0.02147	source_manifest:COHP/PDOS/pristine/*O/DOSCAR
pristine	*O	-7.38422	down	neighbor	23	Co	dz2	0.01714	source_manifest:COHP/PDOS/pristine/*O/DOSCAR
pristine	*O	-7.38422	up	neighbor	23	Co	dxz	0.005608	source_manifest:COHP/PDOS/pristine/*O/DOSCAR
pristine	*O	-7.38422	down	neighbor	23	Co	dxz	4.268e-05	source_manifest:COHP/PDOS/pristine/*O/DOSCAR
pristine	*O	-7.38422	up	neighbor	23	Co	dx2-y2	0.04226	source_manifest:COHP/PDOS/pristine/*O/DOSCAR
pristine	*O	-7.38422	down	neighbor	23	Co	dx2-y2	0.0002711	source_manifest:COHP/PDOS/pristine/*O/DOSCAR
pristine	*O	-7.27822	up	neighbor	23	Co	dxy	0.0291	source_manifest:COHP/PDOS/pristine/*O/DOSCAR
pristine	*O	-7.27822	down	neighbor	23	Co	dxy	0.0004729	source_manifest:COHP/PDOS/pristine/*O/DOSCAR
pristine	*O	-7.27822	up	neighbor	23	Co	dyz	0.01987	source_manifest:COHP/PDOS/pristine/*O/DOSCAR
pristine	*O	-7.27822	down	neighbor	23	Co	dyz	8.346e-05	source_manifest:COHP/PDOS/pristine/*O/DOSCAR
pristine	*O	-7.27822	up	neighbor	23	Co	dz2	0.02451	source_manifest:COHP/PDOS/pristine/*O/DOSCAR
pristine	*O	-7.27822	down	neighbor	23	Co	dz2	0.01449	source_manifest:COHP/PDOS/pristine/*O/DOSCAR
pristine	*O	-7.27822	up	neighbor	23	Co	dxz	0.009617	source_manifest:COHP/PDOS/pristine/*O/DOSCAR
pristine	*O	-7.27822	down	neighbor	23	Co	dxz	4.125e-05	source_manifest:COHP/PDOS/pristine/*O/DOSCAR
pristine	*O	-7.27822	up	neighbor	23	Co	dx2-y2	0.1095	source_manifest:COHP/PDOS/pristine/*O/DOSCAR
pristine	*O	-7.27822	down	neighbor	23	Co	dx2-y2	0.0003503	source_manifest:COHP/PDOS/pristine/*O/DOSCAR
pristine	*O	-7.17222	up	neighbor	23	Co	dxy	0.03702	source_manifest:COHP/PDOS/pristine/*O/DOSCAR
pristine	*O	-7.17222	down	neighbor	23	Co	dxy	0.0006035	source_manifest:COHP/PDOS/pristine/*O/DOSCAR
pristine	*O	-7.17222	up	neighbor	23	Co	dyz	0.02697	source_manifest:COHP/PDOS/pristine/*O/DOSCAR
pristine	*O	-7.17222	down	neighbor	23	Co	dyz	0.0001104	source_manifest:COHP/PDOS/pristine/*O/DOSCAR
pristine	*O	-7.17222	up	neighbor	23	Co	dz2	0.02962	source_manifest:COHP/PDOS/pristine/*O/DOSCAR
pristine	*O	-7.17222	down	neighbor	23	Co	dz2	0.01351	source_manifest:COHP/PDOS/pristine/*O/DOSCAR
pristine	*O	-7.17222	up	neighbor	23	Co	dxz	0.01199	source_manifest:COHP/PDOS/pristine/*O/DOSCAR
pristine	*O	-7.17222	down	neighbor	23	Co	dxz	5.704e-05	source_manifest:COHP/PDOS/pristine/*O/DOSCAR
pristine	*O	-7.17222	up	neighbor	23	Co	dx2-y2	0.1377	source_manifest:COHP/PDOS/pristine/*O/DOSCAR
pristine	*O	-7.17222	down	neighbor	23	Co	dx2-y2	0.0008759	source_manifest:COHP/PDOS/pristine/*O/DOSCAR
pristine	*O	-7.06622	up	neighbor	23	Co	dxy	0.06087	source_manifest:COHP/PDOS/pristine/*O/DOSCAR
pristine	*O	-7.06622	down	neighbor	23	Co	dxy	0.0007044	source_manifest:COHP/PDOS/pristine/*O/DOSCAR
pristine	*O	-7.06622	up	neighbor	23	Co	dyz	0.0251	source_manifest:COHP/PDOS/pristine/*O/DOSCAR
pristine	*O	-7.06622	down	neighbor	23	Co	dyz	0.0002	source_manifest:COHP/PDOS/pristine/*O/DOSCAR
pristine	*O	-7.06622	up	neighbor	23	Co	dz2	0.0297	source_manifest:COHP/PDOS/pristine/*O/DOSCAR
pristine	*O	-7.06622	down	neighbor	23	Co	dz2	0.01386	source_manifest:COHP/PDOS/pristine/*O/DOSCAR
pristine	*O	-7.06622	up	neighbor	23	Co	dxz	0.01527	source_manifest:COHP/PDOS/pristine/*O/DOSCAR
pristine	*O	-7.06622	down	neighbor	23	Co	dxz	9.991e-05	source_manifest:COHP/PDOS/pristine/*O/DOSCAR
pristine	*O	-7.06622	up	neighbor	23	Co	dx2-y2	0.113	source_manifest:COHP/PDOS/pristine/*O/DOSCAR
pristine	*O	-7.06622	down	neighbor	23	Co	dx2-y2	0.003006	source_manifest:COHP/PDOS/pristine/*O/DOSCAR
pristine	*O	-6.96022	up	neighbor	23	Co	dxy	0.09802	source_manifest:COHP/PDOS/pristine/*O/DOSCAR
pristine	*O	-6.96022	down	neighbor	23	Co	dxy	0.001089	source_manifest:COHP/PDOS/pristine/*O/DOSCAR
pristine	*O	-6.96022	up	neighbor	23	Co	dyz	0.02582	source_manifest:COHP/PDOS/pristine/*O/DOSCAR
pristine	*O	-6.96022	down	neighbor	23	Co	dyz	0.0003481	source_manifest:COHP/PDOS/pristine/*O/DOSCAR
pristine	*O	-6.96022	up	neighbor	23	Co	dz2	0.022	source_manifest:COHP/PDOS/pristine/*O/DOSCAR
pristine	*O	-6.96022	down	neighbor	23	Co	dz2	0.01499	source_manifest:COHP/PDOS/pristine/*O/DOSCAR
pristine	*O	-6.96022	up	neighbor	23	Co	dxz	0.01947	source_manifest:COHP/PDOS/pristine/*O/DOSCAR
pristine	*O	-6.96022	down	neighbor	23	Co	dxz	0.0001763	source_manifest:COHP/PDOS/pristine/*O/DOSCAR
pristine	*O	-6.96022	up	neighbor	23	Co	dx2-y2	0.08777	source_manifest:COHP/PDOS/pristine/*O/DOSCAR
pristine	*O	-6.96022	down	neighbor	23	Co	dx2-y2	0.01079	source_manifest:COHP/PDOS/pristine/*O/DOSCAR
pristine	*O	-6.85422	up	neighbor	23	Co	dxy	0.1356	source_manifest:COHP/PDOS/pristine/*O/DOSCAR
pristine	*O	-6.85422	down	neighbor	23	Co	dxy	0.001961	source_manifest:COHP/PDOS/pristine/*O/DOSCAR
pristine	*O	-6.85422	up	neighbor	23	Co	dyz	0.0327	source_manifest:COHP/PDOS/pristine/*O/DOSCAR
pristine	*O	-6.85422	down	neighbor	23	Co	dyz	0.0004952	source_manifest:COHP/PDOS/pristine/*O/DOSCAR
pristine	*O	-6.85422	up	neighbor	23	Co	dz2	0.01324	source_manifest:COHP/PDOS/pristine/*O/DOSCAR
pristine	*O	-6.85422	down	neighbor	23	Co	dz2	0.01436	source_manifest:COHP/PDOS/pristine/*O/DOSCAR
pristine	*O	-6.85422	up	neighbor	23	Co	dxz	0.02209	source_manifest:COHP/PDOS/pristine/*O/DOSCAR
pristine	*O	-6.85422	down	neighbor	23	Co	dxz	0.0002531	source_manifest:COHP/PDOS/pristine/*O/DOSCAR
pristine	*O	-6.85422	up	neighbor	23	Co	dx2-y2	0.07528	source_manifest:COHP/PDOS/pristine/*O/DOSCAR
pristine	*O	-6.85422	down	neighbor	23	Co	dx2-y2	0.02684	source_manifest:COHP/PDOS/pristine/*O/DOSCAR
pristine	*O	-6.74822	up	neighbor	23	Co	dxy	0.1536	source_manifest:COHP/PDOS/pristine/*O/DOSCAR
pristine	*O	-6.74822	down	neighbor	23	Co	dxy	0.002941	source_manifest:COHP/PDOS/pristine/*O/DOSCAR
pristine	*O	-6.74822	up	neighbor	23	Co	dyz	0.0374	source_manifest:COHP/PDOS/pristine/*O/DOSCAR
pristine	*O	-6.74822	down	neighbor	23	Co	dyz	0.0005043	source_manifest:COHP/PDOS/pristine/*O/DOSCAR
pristine	*O	-6.74822	up	neighbor	23	Co	dz2	0.00785	source_manifest:COHP/PDOS/pristine/*O/DOSCAR
pristine	*O	-6.74822	down	neighbor	23	Co	dz2	0.01171	source_manifest:COHP/PDOS/pristine/*O/DOSCAR
pristine	*O	-6.74822	up	neighbor	23	Co	dxz	0.02194	source_manifest:COHP/PDOS/pristine/*O/DOSCAR
pristine	*O	-6.74822	down	neighbor	23	Co	dxz	0.0003024	source_manifest:COHP/PDOS/pristine/*O/DOSCAR
pristine	*O	-6.74822	up	neighbor	23	Co	dx2-y2	0.06382	source_manifest:COHP/PDOS/pristine/*O/DOSCAR
pristine	*O	-6.74822	down	neighbor	23	Co	dx2-y2	0.04415	source_manifest:COHP/PDOS/pristine/*O/DOSCAR
pristine	*O	-6.64222	up	neighbor	23	Co	dxy	0.1268	source_manifest:COHP/PDOS/pristine/*O/DOSCAR
pristine	*O	-6.64222	down	neighbor	23	Co	dxy	0.003697	source_manifest:COHP/PDOS/pristine/*O/DOSCAR
pristine	*O	-6.64222	up	neighbor	23	Co	dyz	0.04118	source_manifest:COHP/PDOS/pristine/*O/DOSCAR
pristine	*O	-6.64222	down	neighbor	23	Co	dyz	0.0003498	source_manifest:COHP/PDOS/pristine/*O/DOSCAR
pristine	*O	-6.64222	up	neighbor	23	Co	dz2	0.005066	source_manifest:COHP/PDOS/pristine/*O/DOSCAR
pristine	*O	-6.64222	down	neighbor	23	Co	dz2	0.01005	source_manifest:COHP/PDOS/pristine/*O/DOSCAR
pristine	*O	-6.64222	up	neighbor	23	Co	dxz	0.01992	source_manifest:COHP/PDOS/pristine/*O/DOSCAR
pristine	*O	-6.64222	down	neighbor	23	Co	dxz	0.000437	source_manifest:COHP/PDOS/pristine/*O/DOSCAR
pristine	*O	-6.64222	up	neighbor	23	Co	dx2-y2	0.05999	source_manifest:COHP/PDOS/pristine/*O/DOSCAR
pristine	*O	-6.64222	down	neighbor	23	Co	dx2-y2	0.0539	source_manifest:COHP/PDOS/pristine/*O/DOSCAR
pristine	*O	-6.53622	up	neighbor	23	Co	dxy	0.09064	source_manifest:COHP/PDOS/pristine/*O/DOSCAR
pristine	*O	-6.53622	down	neighbor	23	Co	dxy	0.00453	source_manifest:COHP/PDOS/pristine/*O/DOSCAR
pristine	*O	-6.53622	up	neighbor	23	Co	dyz	0.04697	source_manifest:COHP/PDOS/pristine/*O/DOSCAR
pristine	*O	-6.53622	down	neighbor	23	Co	dyz	0.0002389	source_manifest:COHP/PDOS/pristine/*O/DOSCAR
pristine	*O	-6.53622	up	neighbor	23	Co	dz2	0.004669	source_manifest:COHP/PDOS/pristine/*O/DOSCAR
pristine	*O	-6.53622	down	neighbor	23	Co	dz2	0.009223	source_manifest:COHP/PDOS/pristine/*O/DOSCAR
pristine	*O	-6.53622	up	neighbor	23	Co	dxz	0.0271	source_manifest:COHP/PDOS/pristine/*O/DOSCAR
pristine	*O	-6.53622	down	neighbor	23	Co	dxz	0.0008492	source_manifest:COHP/PDOS/pristine/*O/DOSCAR
pristine	*O	-6.53622	up	neighbor	23	Co	dx2-y2	0.06171	source_manifest:COHP/PDOS/pristine/*O/DOSCAR
pristine	*O	-6.53622	down	neighbor	23	Co	dx2-y2	0.05133	source_manifest:COHP/PDOS/pristine/*O/DOSCAR
pristine	*O	-6.43022	up	neighbor	23	Co	dxy	0.09181	source_manifest:COHP/PDOS/pristine/*O/DOSCAR
pristine	*O	-6.43022	down	neighbor	23	Co	dxy	0.006298	source_manifest:COHP/PDOS/pristine/*O/DOSCAR
pristine	*O	-6.43022	up	neighbor	23	Co	dyz	0.04929	source_manifest:COHP/PDOS/pristine/*O/DOSCAR
pristine	*O	-6.43022	down	neighbor	23	Co	dyz	0.0003237	source_manifest:COHP/PDOS/pristine/*O/DOSCAR
pristine	*O	-6.43022	up	neighbor	23	Co	dz2	0.005714	source_manifest:COHP/PDOS/pristine/*O/DOSCAR
pristine	*O	-6.43022	down	neighbor	23	Co	dz2	0.006841	source_manifest:COHP/PDOS/pristine/*O/DOSCAR
pristine	*O	-6.43022	up	neighbor	23	Co	dxz	0.04468	source_manifest:COHP/PDOS/pristine/*O/DOSCAR
pristine	*O	-6.43022	down	neighbor	23	Co	dxz	0.001914	source_manifest:COHP/PDOS/pristine/*O/DOSCAR
pristine	*O	-6.43022	up	neighbor	23	Co	dx2-y2	0.05368	source_manifest:COHP/PDOS/pristine/*O/DOSCAR
pristine	*O	-6.43022	down	neighbor	23	Co	dx2-y2	0.03717	source_manifest:COHP/PDOS/pristine/*O/DOSCAR
pristine	*O	-6.32422	up	neighbor	23	Co	dxy	0.1001	source_manifest:COHP/PDOS/pristine/*O/DOSCAR
pristine	*O	-6.32422	down	neighbor	23	Co	dxy	0.008509	source_manifest:COHP/PDOS/pristine/*O/DOSCAR
pristine	*O	-6.32422	up	neighbor	23	Co	dyz	0.05767	source_manifest:COHP/PDOS/pristine/*O/DOSCAR
pristine	*O	-6.32422	down	neighbor	23	Co	dyz	0.0004753	source_manifest:COHP/PDOS/pristine/*O/DOSCAR
pristine	*O	-6.32422	up	neighbor	23	Co	dz2	0.004972	source_manifest:COHP/PDOS/pristine/*O/DOSCAR
pristine	*O	-6.32422	down	neighbor	23	Co	dz2	0.004087	source_manifest:COHP/PDOS/pristine/*O/DOSCAR
pristine	*O	-6.32422	up	neighbor	23	Co	dxz	0.05014	source_manifest:COHP/PDOS/pristine/*O/DOSCAR
pristine	*O	-6.32422	down	neighbor	23	Co	dxz	0.003771	source_manifest:COHP/PDOS/pristine/*O/DOSCAR
pristine	*O	-6.32422	up	neighbor	23	Co	dx2-y2	0.04411	source_manifest:COHP/PDOS/pristine/*O/DOSCAR
pristine	*O	-6.32422	down	neighbor	23	Co	dx2-y2	0.02738	source_manifest:COHP/PDOS/pristine/*O/DOSCAR
pristine	*O	-6.21822	up	neighbor	23	Co	dxy	0.09329	source_manifest:COHP/PDOS/pristine/*O/DOSCAR
pristine	*O	-6.21822	down	neighbor	23	Co	dxy	0.008186	source_manifest:COHP/PDOS/pristine/*O/DOSCAR
pristine	*O	-6.21822	up	neighbor	23	Co	dyz	0.07674	source_manifest:COHP/PDOS/pristine/*O/DOSCAR
pristine	*O	-6.21822	down	neighbor	23	Co	dyz	0.0006273	source_manifest:COHP/PDOS/pristine/*O/DOSCAR
pristine	*O	-6.21822	up	neighbor	23	Co	dz2	0.003158	source_manifest:COHP/PDOS/pristine/*O/DOSCAR
pristine	*O	-6.21822	down	neighbor	23	Co	dz2	0.002793	source_manifest:COHP/PDOS/pristine/*O/DOSCAR
pristine	*O	-6.21822	up	neighbor	23	Co	dxz	0.04002	source_manifest:COHP/PDOS/pristine/*O/DOSCAR
pristine	*O	-6.21822	down	neighbor	23	Co	dxz	0.004758	source_manifest:COHP/PDOS/pristine/*O/DOSCAR
pristine	*O	-6.21822	up	neighbor	23	Co	dx2-y2	0.04964	source_manifest:COHP/PDOS/pristine/*O/DOSCAR
pristine	*O	-6.21822	down	neighbor	23	Co	dx2-y2	0.03282	source_manifest:COHP/PDOS/pristine/*O/DOSCAR
pristine	*O	-6.11222	up	neighbor	23	Co	dxy	0.08157	source_manifest:COHP/PDOS/pristine/*O/DOSCAR
pristine	*O	-6.11222	down	neighbor	23	Co	dxy	0.005778	source_manifest:COHP/PDOS/pristine/*O/DOSCAR
pristine	*O	-6.11222	up	neighbor	23	Co	dyz	0.0748	source_manifest:COHP/PDOS/pristine/*O/DOSCAR
pristine	*O	-6.11222	down	neighbor	23	Co	dyz	0.0009802	source_manifest:COHP/PDOS/pristine/*O/DOSCAR
pristine	*O	-6.11222	up	neighbor	23	Co	dz2	0.003589	source_manifest:COHP/PDOS/pristine/*O/DOSCAR
pristine	*O	-6.11222	down	neighbor	23	Co	dz2	0.00265	source_manifest:COHP/PDOS/pristine/*O/DOSCAR
pristine	*O	-6.11222	up	neighbor	23	Co	dxz	0.02676	source_manifest:COHP/PDOS/pristine/*O/DOSCAR
pristine	*O	-6.11222	down	neighbor	23	Co	dxz	0.00355	source_manifest:COHP/PDOS/pristine/*O/DOSCAR
pristine	*O	-6.11222	up	neighbor	23	Co	dx2-y2	0.05174	source_manifest:COHP/PDOS/pristine/*O/DOSCAR
pristine	*O	-6.11222	down	neighbor	23	Co	dx2-y2	0.04026	source_manifest:COHP/PDOS/pristine/*O/DOSCAR
pristine	*O	-6.00622	up	neighbor	23	Co	dxy	0.06947	source_manifest:COHP/PDOS/pristine/*O/DOSCAR
pristine	*O	-6.00622	down	neighbor	23	Co	dxy	0.007644	source_manifest:COHP/PDOS/pristine/*O/DOSCAR
pristine	*O	-6.00622	up	neighbor	23	Co	dyz	0.04277	source_manifest:COHP/PDOS/pristine/*O/DOSCAR
pristine	*O	-6.00622	down	neighbor	23	Co	dyz	0.001295	source_manifest:COHP/PDOS/pristine/*O/DOSCAR
pristine	*O	-6.00622	up	neighbor	23	Co	dz2	0.004853	source_manifest:COHP/PDOS/pristine/*O/DOSCAR
pristine	*O	-6.00622	down	neighbor	23	Co	dz2	0.003081	source_manifest:COHP/PDOS/pristine/*O/DOSCAR
pristine	*O	-6.00622	up	neighbor	23	Co	dxz	0.01618	source_manifest:COHP/PDOS/pristine/*O/DOSCAR
pristine	*O	-6.00622	down	neighbor	23	Co	dxz	0.00267	source_manifest:COHP/PDOS/pristine/*O/DOSCAR
pristine	*O	-6.00622	up	neighbor	23	Co	dx2-y2	0.03183	source_manifest:COHP/PDOS/pristine/*O/DOSCAR
pristine	*O	-6.00622	down	neighbor	23	Co	dx2-y2	0.03753	source_manifest:COHP/PDOS/pristine/*O/DOSCAR
pristine	*O	-5.90022	up	neighbor	23	Co	dxy	0.06761	source_manifest:COHP/PDOS/pristine/*O/DOSCAR
pristine	*O	-5.90022	down	neighbor	23	Co	dxy	0.01493	source_manifest:COHP/PDOS/pristine/*O/DOSCAR
pristine	*O	-5.90022	up	neighbor	23	Co	dyz	0.009449	source_manifest:COHP/PDOS/pristine/*O/DOSCAR
pristine	*O	-5.90022	down	neighbor	23	Co	dyz	0.001222	source_manifest:COHP/PDOS/pristine/*O/DOSCAR
pristine	*O	-5.90022	up	neighbor	23	Co	dz2	0.004239	source_manifest:COHP/PDOS/pristine/*O/DOSCAR
pristine	*O	-5.90022	down	neighbor	23	Co	dz2	0.00283	source_manifest:COHP/PDOS/pristine/*O/DOSCAR
pristine	*O	-5.90022	up	neighbor	23	Co	dxz	0.007358	source_manifest:COHP/PDOS/pristine/*O/DOSCAR
pristine	*O	-5.90022	down	neighbor	23	Co	dxz	0.003941	source_manifest:COHP/PDOS/pristine/*O/DOSCAR
pristine	*O	-5.90022	up	neighbor	23	Co	dx2-y2	0.008982	source_manifest:COHP/PDOS/pristine/*O/DOSCAR
pristine	*O	-5.90022	down	neighbor	23	Co	dx2-y2	0.02865	source_manifest:COHP/PDOS/pristine/*O/DOSCAR
pristine	*O	-5.79522	up	neighbor	23	Co	dxy	0.09751	source_manifest:COHP/PDOS/pristine/*O/DOSCAR
pristine	*O	-5.79522	down	neighbor	23	Co	dxy	0.01929	source_manifest:COHP/PDOS/pristine/*O/DOSCAR
pristine	*O	-5.79522	up	neighbor	23	Co	dyz	0.04188	source_manifest:COHP/PDOS/pristine/*O/DOSCAR
pristine	*O	-5.79522	down	neighbor	23	Co	dyz	0.001104	source_manifest:COHP/PDOS/pristine/*O/DOSCAR
pristine	*O	-5.79522	up	neighbor	23	Co	dz2	0.002803	source_manifest:COHP/PDOS/pristine/*O/DOSCAR
pristine	*O	-5.79522	down	neighbor	23	Co	dz2	0.001518	source_manifest:COHP/PDOS/pristine/*O/DOSCAR
pristine	*O	-5.79522	up	neighbor	23	Co	dxz	0.0105	source_manifest:COHP/PDOS/pristine/*O/DOSCAR
pristine	*O	-5.79522	down	neighbor	23	Co	dxz	0.005222	source_manifest:COHP/PDOS/pristine/*O/DOSCAR
pristine	*O	-5.79522	up	neighbor	23	Co	dx2-y2	0.02251	source_manifest:COHP/PDOS/pristine/*O/DOSCAR
pristine	*O	-5.79522	down	neighbor	23	Co	dx2-y2	0.0206	source_manifest:COHP/PDOS/pristine/*O/DOSCAR
pristine	*O	-5.68922	up	neighbor	23	Co	dxy	0.1469	source_manifest:COHP/PDOS/pristine/*O/DOSCAR
pristine	*O	-5.68922	down	neighbor	23	Co	dxy	0.01679	source_manifest:COHP/PDOS/pristine/*O/DOSCAR
pristine	*O	-5.68922	up	neighbor	23	Co	dyz	0.2791	source_manifest:COHP/PDOS/pristine/*O/DOSCAR
pristine	*O	-5.68922	down	neighbor	23	Co	dyz	0.001006	source_manifest:COHP/PDOS/pristine/*O/DOSCAR
pristine	*O	-5.68922	up	neighbor	23	Co	dz2	0.002486	source_manifest:COHP/PDOS/pristine/*O/DOSCAR
pristine	*O	-5.68922	down	neighbor	23	Co	dz2	0.0004349	source_manifest:COHP/PDOS/pristine/*O/DOSCAR
pristine	*O	-5.68922	up	neighbor	23	Co	dxz	0.07755	source_manifest:COHP/PDOS/pristine/*O/DOSCAR
pristine	*O	-5.68922	down	neighbor	23	Co	dxz	0.005276	source_manifest:COHP/PDOS/pristine/*O/DOSCAR
pristine	*O	-5.68922	up	neighbor	23	Co	dx2-y2	0.1179	source_manifest:COHP/PDOS/pristine/*O/DOSCAR
pristine	*O	-5.68922	down	neighbor	23	Co	dx2-y2	0.0164	source_manifest:COHP/PDOS/pristine/*O/DOSCAR
pristine	*O	-5.58322	up	neighbor	23	Co	dxy	0.1695	source_manifest:COHP/PDOS/pristine/*O/DOSCAR
pristine	*O	-5.58322	down	neighbor	23	Co	dxy	0.01127	source_manifest:COHP/PDOS/pristine/*O/DOSCAR
pristine	*O	-5.58322	up	neighbor	23	Co	dyz	0.6567	source_manifest:COHP/PDOS/pristine/*O/DOSCAR
pristine	*O	-5.58322	down	neighbor	23	Co	dyz	0.0006848	source_manifest:COHP/PDOS/pristine/*O/DOSCAR
pristine	*O	-5.58322	up	neighbor	23	Co	dz2	0.003361	source_manifest:COHP/PDOS/pristine/*O/DOSCAR
pristine	*O	-5.58322	down	neighbor	23	Co	dz2	6.705e-05	source_manifest:COHP/PDOS/pristine/*O/DOSCAR
pristine	*O	-5.58322	up	neighbor	23	Co	dxz	0.2146	source_manifest:COHP/PDOS/pristine/*O/DOSCAR
pristine	*O	-5.58322	down	neighbor	23	Co	dxz	0.004496	source_manifest:COHP/PDOS/pristine/*O/DOSCAR
pristine	*O	-5.58322	up	neighbor	23	Co	dx2-y2	0.2489	source_manifest:COHP/PDOS/pristine/*O/DOSCAR
pristine	*O	-5.58322	down	neighbor	23	Co	dx2-y2	0.01315	source_manifest:COHP/PDOS/pristine/*O/DOSCAR
pristine	*O	-5.47722	up	neighbor	23	Co	dxy	0.1859	source_manifest:COHP/PDOS/pristine/*O/DOSCAR
pristine	*O	-5.47722	down	neighbor	23	Co	dxy	0.005897	source_manifest:COHP/PDOS/pristine/*O/DOSCAR
pristine	*O	-5.47722	up	neighbor	23	Co	dyz	0.7918	source_manifest:COHP/PDOS/pristine/*O/DOSCAR
pristine	*O	-5.47722	down	neighbor	23	Co	dyz	0.0003389	source_manifest:COHP/PDOS/pristine/*O/DOSCAR
pristine	*O	-5.47722	up	neighbor	23	Co	dz2	0.005302	source_manifest:COHP/PDOS/pristine/*O/DOSCAR
pristine	*O	-5.47722	down	neighbor	23	Co	dz2	-3.323e-05	source_manifest:COHP/PDOS/pristine/*O/DOSCAR
pristine	*O	-5.47722	up	neighbor	23	Co	dxz	0.321	source_manifest:COHP/PDOS/pristine/*O/DOSCAR
pristine	*O	-5.47722	down	neighbor	23	Co	dxz	0.002791	source_manifest:COHP/PDOS/pristine/*O/DOSCAR
pristine	*O	-5.47722	up	neighbor	23	Co	dx2-y2	0.2723	source_manifest:COHP/PDOS/pristine/*O/DOSCAR
pristine	*O	-5.47722	down	neighbor	23	Co	dx2-y2	0.007851	source_manifest:COHP/PDOS/pristine/*O/DOSCAR
pristine	*O	-5.37122	up	neighbor	23	Co	dxy	0.2057	source_manifest:COHP/PDOS/pristine/*O/DOSCAR
pristine	*O	-5.37122	down	neighbor	23	Co	dxy	0.002142	source_manifest:COHP/PDOS/pristine/*O/DOSCAR
pristine	*O	-5.37122	up	neighbor	23	Co	dyz	0.5703	source_manifest:COHP/PDOS/pristine/*O/DOSCAR
pristine	*O	-5.37122	down	neighbor	23	Co	dyz	0.000159	source_manifest:COHP/PDOS/pristine/*O/DOSCAR
pristine	*O	-5.37122	up	neighbor	23	Co	dz2	0.006931	source_manifest:COHP/PDOS/pristine/*O/DOSCAR
pristine	*O	-5.37122	down	neighbor	23	Co	dz2	5.785e-05	source_manifest:COHP/PDOS/pristine/*O/DOSCAR
pristine	*O	-5.37122	up	neighbor	23	Co	dxz	0.396	source_manifest:COHP/PDOS/pristine/*O/DOSCAR
pristine	*O	-5.37122	down	neighbor	23	Co	dxz	0.00107	source_manifest:COHP/PDOS/pristine/*O/DOSCAR
pristine	*O	-5.37122	up	neighbor	23	Co	dx2-y2	0.176	source_manifest:COHP/PDOS/pristine/*O/DOSCAR
pristine	*O	-5.37122	down	neighbor	23	Co	dx2-y2	0.002893	source_manifest:COHP/PDOS/pristine/*O/DOSCAR
pristine	*O	-5.26522	up	neighbor	23	Co	dxy	0.2026	source_manifest:COHP/PDOS/pristine/*O/DOSCAR
pristine	*O	-5.26522	down	neighbor	23	Co	dxy	0.0003814	source_manifest:COHP/PDOS/pristine/*O/DOSCAR
pristine	*O	-5.26522	up	neighbor	23	Co	dyz	0.3079	source_manifest:COHP/PDOS/pristine/*O/DOSCAR
pristine	*O	-5.26522	down	neighbor	23	Co	dyz	0.000103	source_manifest:COHP/PDOS/pristine/*O/DOSCAR
pristine	*O	-5.26522	up	neighbor	23	Co	dz2	0.006843	source_manifest:COHP/PDOS/pristine/*O/DOSCAR
pristine	*O	-5.26522	down	neighbor	23	Co	dz2	0.0007936	source_manifest:COHP/PDOS/pristine/*O/DOSCAR
pristine	*O	-5.26522	up	neighbor	23	Co	dxz	0.5603	source_manifest:COHP/PDOS/pristine/*O/DOSCAR
pristine	*O	-5.26522	down	neighbor	23	Co	dxz	0.0005315	source_manifest:COHP/PDOS/pristine/*O/DOSCAR
pristine	*O	-5.26522	up	neighbor	23	Co	dx2-y2	0.08055	source_manifest:COHP/PDOS/pristine/*O/DOSCAR
pristine	*O	-5.26522	down	neighbor	23	Co	dx2-y2	0.001186	source_manifest:COHP/PDOS/pristine/*O/DOSCAR
pristine	*O	-5.15922	up	neighbor	23	Co	dxy	0.1925	source_manifest:COHP/PDOS/pristine/*O/DOSCAR
pristine	*O	-5.15922	down	neighbor	23	Co	dxy	-0.000182	source_manifest:COHP/PDOS/pristine/*O/DOSCAR
pristine	*O	-5.15922	up	neighbor	23	Co	dyz	0.1814	source_manifest:COHP/PDOS/pristine/*O/DOSCAR
pristine	*O	-5.15922	down	neighbor	23	Co	dyz	1.853e-05	source_manifest:COHP/PDOS/pristine/*O/DOSCAR
pristine	*O	-5.15922	up	neighbor	23	Co	dz2	0.006081	source_manifest:COHP/PDOS/pristine/*O/DOSCAR
pristine	*O	-5.15922	down	neighbor	23	Co	dz2	0.001776	source_manifest:COHP/PDOS/pristine/*O/DOSCAR
pristine	*O	-5.15922	up	neighbor	23	Co	dxz	0.7472	source_manifest:COHP/PDOS/pristine/*O/DOSCAR
pristine	*O	-5.15922	down	neighbor	23	Co	dxz	0.0007936	source_manifest:COHP/PDOS/pristine/*O/DOSCAR
pristine	*O	-5.15922	up	neighbor	23	Co	dx2-y2	0.04179	source_manifest:COHP/PDOS/pristine/*O/DOSCAR
pristine	*O	-5.15922	down	neighbor	23	Co	dx2-y2	0.001671	source_manifest:COHP/PDOS/pristine/*O/DOSCAR
pristine	*O	-5.05322	up	neighbor	23	Co	dxy	0.1886	source_manifest:COHP/PDOS/pristine/*O/DOSCAR
pristine	*O	-5.05322	down	neighbor	23	Co	dxy	-0.0005651	source_manifest:COHP/PDOS/pristine/*O/DOSCAR
pristine	*O	-5.05322	up	neighbor	23	Co	dyz	0.1075	source_manifest:COHP/PDOS/pristine/*O/DOSCAR
pristine	*O	-5.05322	down	neighbor	23	Co	dyz	-0.000403	source_manifest:COHP/PDOS/pristine/*O/DOSCAR
pristine	*O	-5.05322	up	neighbor	23	Co	dz2	0.00526	source_manifest:COHP/PDOS/pristine/*O/DOSCAR
pristine	*O	-5.05322	down	neighbor	23	Co	dz2	0.001563	source_manifest:COHP/PDOS/pristine/*O/DOSCAR
pristine	*O	-5.05322	up	neighbor	23	Co	dxz	0.7034	source_manifest:COHP/PDOS/pristine/*O/DOSCAR
pristine	*O	-5.05322	down	neighbor	23	Co	dxz	0.0007155	source_manifest:COHP/PDOS/pristine/*O/DOSCAR
pristine	*O	-5.05322	up	neighbor	23	Co	dx2-y2	0.03034	source_manifest:COHP/PDOS/pristine/*O/DOSCAR
pristine	*O	-5.05322	down	neighbor	23	Co	dx2-y2	0.001573	source_manifest:COHP/PDOS/pristine/*O/DOSCAR
pristine	*O	-4.94722	up	neighbor	23	Co	dxy	0.2127	source_manifest:COHP/PDOS/pristine/*O/DOSCAR
pristine	*O	-4.94722	down	neighbor	23	Co	dxy	-0.0004332	source_manifest:COHP/PDOS/pristine/*O/DOSCAR
pristine	*O	-4.94722	up	neighbor	23	Co	dyz	0.0676	source_manifest:COHP/PDOS/pristine/*O/DOSCAR
pristine	*O	-4.94722	down	neighbor	23	Co	dyz	-0.0004229	source_manifest:COHP/PDOS/pristine/*O/DOSCAR
pristine	*O	-4.94722	up	neighbor	23	Co	dz2	0.004451	source_manifest:COHP/PDOS/pristine/*O/DOSCAR
pristine	*O	-4.94722	down	neighbor	23	Co	dz2	0.0004194	source_manifest:COHP/PDOS/pristine/*O/DOSCAR
pristine	*O	-4.94722	up	neighbor	23	Co	dxz	0.4332	source_manifest:COHP/PDOS/pristine/*O/DOSCAR
pristine	*O	-4.94722	down	neighbor	23	Co	dxz	0.0002099	source_manifest:COHP/PDOS/pristine/*O/DOSCAR
pristine	*O	-4.94722	up	neighbor	23	Co	dx2-y2	0.02311	source_manifest:COHP/PDOS/pristine/*O/DOSCAR
pristine	*O	-4.94722	down	neighbor	23	Co	dx2-y2	0.0005518	source_manifest:COHP/PDOS/pristine/*O/DOSCAR
pristine	*O	-4.84122	up	neighbor	23	Co	dxy	0.2562	source_manifest:COHP/PDOS/pristine/*O/DOSCAR
pristine	*O	-4.84122	down	neighbor	23	Co	dxy	0.00344	source_manifest:COHP/PDOS/pristine/*O/DOSCAR
pristine	*O	-4.84122	up	neighbor	23	Co	dyz	0.08764	source_manifest:COHP/PDOS/pristine/*O/DOSCAR
pristine	*O	-4.84122	down	neighbor	23	Co	dyz	0.003337	source_manifest:COHP/PDOS/pristine/*O/DOSCAR
pristine	*O	-4.84122	up	neighbor	23	Co	dz2	0.005223	source_manifest:COHP/PDOS/pristine/*O/DOSCAR
pristine	*O	-4.84122	down	neighbor	23	Co	dz2	-9.074e-05	source_manifest:COHP/PDOS/pristine/*O/DOSCAR
pristine	*O	-4.84122	up	neighbor	23	Co	dxz	0.2443	source_manifest:COHP/PDOS/pristine/*O/DOSCAR
pristine	*O	-4.84122	down	neighbor	23	Co	dxz	-0.0001058	source_manifest:COHP/PDOS/pristine/*O/DOSCAR
pristine	*O	-4.84122	up	neighbor	23	Co	dx2-y2	0.02106	source_manifest:COHP/PDOS/pristine/*O/DOSCAR
pristine	*O	-4.84122	down	neighbor	23	Co	dx2-y2	-5.132e-05	source_manifest:COHP/PDOS/pristine/*O/DOSCAR
pristine	*O	-4.73522	up	neighbor	23	Co	dxy	0.26	source_manifest:COHP/PDOS/pristine/*O/DOSCAR
pristine	*O	-4.73522	down	neighbor	23	Co	dxy	0.01072	source_manifest:COHP/PDOS/pristine/*O/DOSCAR
pristine	*O	-4.73522	up	neighbor	23	Co	dyz	0.1151	source_manifest:COHP/PDOS/pristine/*O/DOSCAR
pristine	*O	-4.73522	down	neighbor	23	Co	dyz	0.01083	source_manifest:COHP/PDOS/pristine/*O/DOSCAR
pristine	*O	-4.73522	up	neighbor	23	Co	dz2	0.008668	source_manifest:COHP/PDOS/pristine/*O/DOSCAR
pristine	*O	-4.73522	down	neighbor	23	Co	dz2	0.000774	source_manifest:COHP/PDOS/pristine/*O/DOSCAR
pristine	*O	-4.73522	up	neighbor	23	Co	dxz	0.2973	source_manifest:COHP/PDOS/pristine/*O/DOSCAR
pristine	*O	-4.73522	down	neighbor	23	Co	dxz	2.489e-05	source_manifest:COHP/PDOS/pristine/*O/DOSCAR
pristine	*O	-4.73522	up	neighbor	23	Co	dx2-y2	0.02969	source_manifest:COHP/PDOS/pristine/*O/DOSCAR
pristine	*O	-4.73522	down	neighbor	23	Co	dx2-y2	-9.149e-05	source_manifest:COHP/PDOS/pristine/*O/DOSCAR
pristine	*O	-4.62922	up	neighbor	23	Co	dxy	0.2811	source_manifest:COHP/PDOS/pristine/*O/DOSCAR
pristine	*O	-4.62922	down	neighbor	23	Co	dxy	0.01278	source_manifest:COHP/PDOS/pristine/*O/DOSCAR
pristine	*O	-4.62922	up	neighbor	23	Co	dyz	0.1089	source_manifest:COHP/PDOS/pristine/*O/DOSCAR
pristine	*O	-4.62922	down	neighbor	23	Co	dyz	0.01413	source_manifest:COHP/PDOS/pristine/*O/DOSCAR
pristine	*O	-4.62922	up	neighbor	23	Co	dz2	0.01137	source_manifest:COHP/PDOS/pristine/*O/DOSCAR
pristine	*O	-4.62922	down	neighbor	23	Co	dz2	0.003212	source_manifest:COHP/PDOS/pristine/*O/DOSCAR
pristine	*O	-4.62922	up	neighbor	23	Co	dxz	0.4543	source_manifest:COHP/PDOS/pristine/*O/DOSCAR
pristine	*O	-4.62922	down	neighbor	23	Co	dxz	0.0008691	source_manifest:COHP/PDOS/pristine/*O/DOSCAR
pristine	*O	-4.62922	up	neighbor	23	Co	dx2-y2	0.04365	source_manifest:COHP/PDOS/pristine/*O/DOSCAR
pristine	*O	-4.62922	down	neighbor	23	Co	dx2-y2	0.000138	source_manifest:COHP/PDOS/pristine/*O/DOSCAR
pristine	*O	-4.52322	up	neighbor	23	Co	dxy	0.3849	source_manifest:COHP/PDOS/pristine/*O/DOSCAR
pristine	*O	-4.52322	down	neighbor	23	Co	dxy	0.01004	source_manifest:COHP/PDOS/pristine/*O/DOSCAR
pristine	*O	-4.52322	up	neighbor	23	Co	dyz	0.09994	source_manifest:COHP/PDOS/pristine/*O/DOSCAR
pristine	*O	-4.52322	down	neighbor	23	Co	dyz	0.01268	source_manifest:COHP/PDOS/pristine/*O/DOSCAR
pristine	*O	-4.52322	up	neighbor	23	Co	dz2	0.008811	source_manifest:COHP/PDOS/pristine/*O/DOSCAR
pristine	*O	-4.52322	down	neighbor	23	Co	dz2	0.005139	source_manifest:COHP/PDOS/pristine/*O/DOSCAR
pristine	*O	-4.52322	up	neighbor	23	Co	dxz	0.4903	source_manifest:COHP/PDOS/pristine/*O/DOSCAR
pristine	*O	-4.52322	down	neighbor	23	Co	dxz	0.002162	source_manifest:COHP/PDOS/pristine/*O/DOSCAR
pristine	*O	-4.52322	up	neighbor	23	Co	dx2-y2	0.04309	source_manifest:COHP/PDOS/pristine/*O/DOSCAR
pristine	*O	-4.52322	down	neighbor	23	Co	dx2-y2	0.0008461	source_manifest:COHP/PDOS/pristine/*O/DOSCAR
pristine	*O	-4.41722	up	neighbor	23	Co	dxy	0.4126	source_manifest:COHP/PDOS/pristine/*O/DOSCAR
pristine	*O	-4.41722	down	neighbor	23	Co	dxy	0.0103	source_manifest:COHP/PDOS/pristine/*O/DOSCAR
pristine	*O	-4.41722	up	neighbor	23	Co	dyz	0.1167	source_manifest:COHP/PDOS/pristine/*O/DOSCAR
pristine	*O	-4.41722	down	neighbor	23	Co	dyz	0.01168	source_manifest:COHP/PDOS/pristine/*O/DOSCAR
pristine	*O	-4.41722	up	neighbor	23	Co	dz2	0.005106	source_manifest:COHP/PDOS/pristine/*O/DOSCAR
pristine	*O	-4.41722	down	neighbor	23	Co	dz2	0.003933	source_manifest:COHP/PDOS/pristine/*O/DOSCAR
pristine	*O	-4.41722	up	neighbor	23	Co	dxz	0.3823	source_manifest:COHP/PDOS/pristine/*O/DOSCAR
pristine	*O	-4.41722	down	neighbor	23	Co	dxz	0.003021	source_manifest:COHP/PDOS/pristine/*O/DOSCAR
pristine	*O	-4.41722	up	neighbor	23	Co	dx2-y2	0.02604	source_manifest:COHP/PDOS/pristine/*O/DOSCAR
pristine	*O	-4.41722	down	neighbor	23	Co	dx2-y2	0.001648	source_manifest:COHP/PDOS/pristine/*O/DOSCAR
pristine	*O	-4.31122	up	neighbor	23	Co	dxy	0.2744	source_manifest:COHP/PDOS/pristine/*O/DOSCAR
pristine	*O	-4.31122	down	neighbor	23	Co	dxy	0.009884	source_manifest:COHP/PDOS/pristine/*O/DOSCAR
pristine	*O	-4.31122	up	neighbor	23	Co	dyz	0.1307	source_manifest:COHP/PDOS/pristine/*O/DOSCAR
pristine	*O	-4.31122	down	neighbor	23	Co	dyz	0.01097	source_manifest:COHP/PDOS/pristine/*O/DOSCAR
pristine	*O	-4.31122	up	neighbor	23	Co	dz2	0.01544	source_manifest:COHP/PDOS/pristine/*O/DOSCAR
pristine	*O	-4.31122	down	neighbor	23	Co	dz2	0.005336	source_manifest:COHP/PDOS/pristine/*O/DOSCAR
pristine	*O	-4.31122	up	neighbor	23	Co	dxz	0.2585	source_manifest:COHP/PDOS/pristine/*O/DOSCAR
pristine	*O	-4.31122	down	neighbor	23	Co	dxz	0.00398	source_manifest:COHP/PDOS/pristine/*O/DOSCAR
pristine	*O	-4.31122	up	neighbor	23	Co	dx2-y2	0.01217	source_manifest:COHP/PDOS/pristine/*O/DOSCAR
pristine	*O	-4.31122	down	neighbor	23	Co	dx2-y2	0.001686	source_manifest:COHP/PDOS/pristine/*O/DOSCAR
pristine	*O	-4.20522	up	neighbor	23	Co	dxy	0.1729	source_manifest:COHP/PDOS/pristine/*O/DOSCAR
pristine	*O	-4.20522	down	neighbor	23	Co	dxy	0.006363	source_manifest:COHP/PDOS/pristine/*O/DOSCAR
pristine	*O	-4.20522	up	neighbor	23	Co	dyz	0.1296	source_manifest:COHP/PDOS/pristine/*O/DOSCAR
pristine	*O	-4.20522	down	neighbor	23	Co	dyz	0.01463	source_manifest:COHP/PDOS/pristine/*O/DOSCAR
pristine	*O	-4.20522	up	neighbor	23	Co	dz2	0.05036	source_manifest:COHP/PDOS/pristine/*O/DOSCAR
pristine	*O	-4.20522	down	neighbor	23	Co	dz2	0.01811	source_manifest:COHP/PDOS/pristine/*O/DOSCAR
pristine	*O	-4.20522	up	neighbor	23	Co	dxz	0.1835	source_manifest:COHP/PDOS/pristine/*O/DOSCAR
pristine	*O	-4.20522	down	neighbor	23	Co	dxz	0.005521	source_manifest:COHP/PDOS/pristine/*O/DOSCAR
pristine	*O	-4.20522	up	neighbor	23	Co	dx2-y2	0.01529	source_manifest:COHP/PDOS/pristine/*O/DOSCAR
pristine	*O	-4.20522	down	neighbor	23	Co	dx2-y2	0.001521	source_manifest:COHP/PDOS/pristine/*O/DOSCAR
pristine	*O	-4.10022	up	neighbor	23	Co	dxy	0.2626	source_manifest:COHP/PDOS/pristine/*O/DOSCAR
pristine	*O	-4.10022	down	neighbor	23	Co	dxy	0.003589	source_manifest:COHP/PDOS/pristine/*O/DOSCAR
pristine	*O	-4.10022	up	neighbor	23	Co	dyz	0.143	source_manifest:COHP/PDOS/pristine/*O/DOSCAR
pristine	*O	-4.10022	down	neighbor	23	Co	dyz	0.02064	source_manifest:COHP/PDOS/pristine/*O/DOSCAR
pristine	*O	-4.10022	up	neighbor	23	Co	dz2	0.0871	source_manifest:COHP/PDOS/pristine/*O/DOSCAR
pristine	*O	-4.10022	down	neighbor	23	Co	dz2	0.03488	source_manifest:COHP/PDOS/pristine/*O/DOSCAR
pristine	*O	-4.10022	up	neighbor	23	Co	dxz	0.1447	source_manifest:COHP/PDOS/pristine/*O/DOSCAR
pristine	*O	-4.10022	down	neighbor	23	Co	dxz	0.006657	source_manifest:COHP/PDOS/pristine/*O/DOSCAR
pristine	*O	-4.10022	up	neighbor	23	Co	dx2-y2	0.03734	source_manifest:COHP/PDOS/pristine/*O/DOSCAR
pristine	*O	-4.10022	down	neighbor	23	Co	dx2-y2	0.002012	source_manifest:COHP/PDOS/pristine/*O/DOSCAR
pristine	*O	-3.99422	up	neighbor	23	Co	dxy	0.4073	source_manifest:COHP/PDOS/pristine/*O/DOSCAR
pristine	*O	-3.99422	down	neighbor	23	Co	dxy	0.002488	source_manifest:COHP/PDOS/pristine/*O/DOSCAR
pristine	*O	-3.99422	up	neighbor	23	Co	dyz	0.1498	source_manifest:COHP/PDOS/pristine/*O/DOSCAR
pristine	*O	-3.99422	down	neighbor	23	Co	dyz	0.02057	source_manifest:COHP/PDOS/pristine/*O/DOSCAR
pristine	*O	-3.99422	up	neighbor	23	Co	dz2	0.09175	source_manifest:COHP/PDOS/pristine/*O/DOSCAR
pristine	*O	-3.99422	down	neighbor	23	Co	dz2	0.03894	source_manifest:COHP/PDOS/pristine/*O/DOSCAR
pristine	*O	-3.99422	up	neighbor	23	Co	dxz	0.1185	source_manifest:COHP/PDOS/pristine/*O/DOSCAR
pristine	*O	-3.99422	down	neighbor	23	Co	dxz	0.009057	source_manifest:COHP/PDOS/pristine/*O/DOSCAR
pristine	*O	-3.99422	up	neighbor	23	Co	dx2-y2	0.06386	source_manifest:COHP/PDOS/pristine/*O/DOSCAR
pristine	*O	-3.99422	down	neighbor	23	Co	dx2-y2	0.002452	source_manifest:COHP/PDOS/pristine/*O/DOSCAR
pristine	*O	-3.88822	up	neighbor	23	Co	dxy	0.3863	source_manifest:COHP/PDOS/pristine/*O/DOSCAR
pristine	*O	-3.88822	down	neighbor	23	Co	dxy	0.002249	source_manifest:COHP/PDOS/pristine/*O/DOSCAR
pristine	*O	-3.88822	up	neighbor	23	Co	dyz	0.1181	source_manifest:COHP/PDOS/pristine/*O/DOSCAR
pristine	*O	-3.88822	down	neighbor	23	Co	dyz	0.01907	source_manifest:COHP/PDOS/pristine/*O/DOSCAR
pristine	*O	-3.88822	up	neighbor	23	Co	dz2	0.07358	source_manifest:COHP/PDOS/pristine/*O/DOSCAR
pristine	*O	-3.88822	down	neighbor	23	Co	dz2	0.031	source_manifest:COHP/PDOS/pristine/*O/DOSCAR
pristine	*O	-3.88822	up	neighbor	23	Co	dxz	0.09043	source_manifest:COHP/PDOS/pristine/*O/DOSCAR
pristine	*O	-3.88822	down	neighbor	23	Co	dxz	0.01439	source_manifest:COHP/PDOS/pristine/*O/DOSCAR
pristine	*O	-3.88822	up	neighbor	23	Co	dx2-y2	0.07505	source_manifest:COHP/PDOS/pristine/*O/DOSCAR
pristine	*O	-3.88822	down	neighbor	23	Co	dx2-y2	0.00217	source_manifest:COHP/PDOS/pristine/*O/DOSCAR
pristine	*O	-3.78222	up	neighbor	23	Co	dxy	0.2243	source_manifest:COHP/PDOS/pristine/*O/DOSCAR
pristine	*O	-3.78222	down	neighbor	23	Co	dxy	0.002283	source_manifest:COHP/PDOS/pristine/*O/DOSCAR
pristine	*O	-3.78222	up	neighbor	23	Co	dyz	0.07091	source_manifest:COHP/PDOS/pristine/*O/DOSCAR
pristine	*O	-3.78222	down	neighbor	23	Co	dyz	0.01988	source_manifest:COHP/PDOS/pristine/*O/DOSCAR
pristine	*O	-3.78222	up	neighbor	23	Co	dz2	0.07713	source_manifest:COHP/PDOS/pristine/*O/DOSCAR
pristine	*O	-3.78222	down	neighbor	23	Co	dz2	0.02156	source_manifest:COHP/PDOS/pristine/*O/DOSCAR
pristine	*O	-3.78222	up	neighbor	23	Co	dxz	0.06465	source_manifest:COHP/PDOS/pristine/*O/DOSCAR
pristine	*O	-3.78222	down	neighbor	23	Co	dxz	0.01843	source_manifest:COHP/PDOS/pristine/*O/DOSCAR
pristine	*O	-3.78222	up	neighbor	23	Co	dx2-y2	0.06455	source_manifest:COHP/PDOS/pristine/*O/DOSCAR
pristine	*O	-3.78222	down	neighbor	23	Co	dx2-y2	0.002754	source_manifest:COHP/PDOS/pristine/*O/DOSCAR
pristine	*O	-3.67622	up	neighbor	23	Co	dxy	0.1383	source_manifest:COHP/PDOS/pristine/*O/DOSCAR
pristine	*O	-3.67622	down	neighbor	23	Co	dxy	0.002565	source_manifest:COHP/PDOS/pristine/*O/DOSCAR
pristine	*O	-3.67622	up	neighbor	23	Co	dyz	0.04313	source_manifest:COHP/PDOS/pristine/*O/DOSCAR
pristine	*O	-3.67622	down	neighbor	23	Co	dyz	0.01922	source_manifest:COHP/PDOS/pristine/*O/DOSCAR
pristine	*O	-3.67622	up	neighbor	23	Co	dz2	0.1402	source_manifest:COHP/PDOS/pristine/*O/DOSCAR
pristine	*O	-3.67622	down	neighbor	23	Co	dz2	0.01548	source_manifest:COHP/PDOS/pristine/*O/DOSCAR
pristine	*O	-3.67622	up	neighbor	23	Co	dxz	0.05903	source_manifest:COHP/PDOS/pristine/*O/DOSCAR
pristine	*O	-3.67622	down	neighbor	23	Co	dxz	0.01696	source_manifest:COHP/PDOS/pristine/*O/DOSCAR
pristine	*O	-3.67622	up	neighbor	23	Co	dx2-y2	0.04944	source_manifest:COHP/PDOS/pristine/*O/DOSCAR
pristine	*O	-3.67622	down	neighbor	23	Co	dx2-y2	0.008393	source_manifest:COHP/PDOS/pristine/*O/DOSCAR
pristine	*O	-3.57022	up	neighbor	23	Co	dxy	0.195	source_manifest:COHP/PDOS/pristine/*O/DOSCAR
pristine	*O	-3.57022	down	neighbor	23	Co	dxy	0.003014	source_manifest:COHP/PDOS/pristine/*O/DOSCAR
pristine	*O	-3.57022	up	neighbor	23	Co	dyz	0.05462	source_manifest:COHP/PDOS/pristine/*O/DOSCAR
pristine	*O	-3.57022	down	neighbor	23	Co	dyz	0.02099	source_manifest:COHP/PDOS/pristine/*O/DOSCAR
pristine	*O	-3.57022	up	neighbor	23	Co	dz2	0.2218	source_manifest:COHP/PDOS/pristine/*O/DOSCAR
pristine	*O	-3.57022	down	neighbor	23	Co	dz2	0.01558	source_manifest:COHP/PDOS/pristine/*O/DOSCAR
pristine	*O	-3.57022	up	neighbor	23	Co	dxz	0.07106	source_manifest:COHP/PDOS/pristine/*O/DOSCAR
pristine	*O	-3.57022	down	neighbor	23	Co	dxz	0.01335	source_manifest:COHP/PDOS/pristine/*O/DOSCAR
pristine	*O	-3.57022	up	neighbor	23	Co	dx2-y2	0.06514	source_manifest:COHP/PDOS/pristine/*O/DOSCAR
pristine	*O	-3.57022	down	neighbor	23	Co	dx2-y2	0.02042	source_manifest:COHP/PDOS/pristine/*O/DOSCAR
pristine	*O	-3.46422	up	neighbor	23	Co	dxy	0.2463	source_manifest:COHP/PDOS/pristine/*O/DOSCAR
pristine	*O	-3.46422	down	neighbor	23	Co	dxy	0.00367	source_manifest:COHP/PDOS/pristine/*O/DOSCAR
pristine	*O	-3.46422	up	neighbor	23	Co	dyz	0.09576	source_manifest:COHP/PDOS/pristine/*O/DOSCAR
pristine	*O	-3.46422	down	neighbor	23	Co	dyz	0.02888	source_manifest:COHP/PDOS/pristine/*O/DOSCAR
pristine	*O	-3.46422	up	neighbor	23	Co	dz2	0.2337	source_manifest:COHP/PDOS/pristine/*O/DOSCAR
pristine	*O	-3.46422	down	neighbor	23	Co	dz2	0.02099	source_manifest:COHP/PDOS/pristine/*O/DOSCAR
pristine	*O	-3.46422	up	neighbor	23	Co	dxz	0.07349	source_manifest:COHP/PDOS/pristine/*O/DOSCAR
pristine	*O	-3.46422	down	neighbor	23	Co	dxz	0.01354	source_manifest:COHP/PDOS/pristine/*O/DOSCAR
pristine	*O	-3.46422	up	neighbor	23	Co	dx2-y2	0.1187	source_manifest:COHP/PDOS/pristine/*O/DOSCAR
pristine	*O	-3.46422	down	neighbor	23	Co	dx2-y2	0.03206	source_manifest:COHP/PDOS/pristine/*O/DOSCAR
pristine	*O	-3.35822	up	neighbor	23	Co	dxy	0.2097	source_manifest:COHP/PDOS/pristine/*O/DOSCAR
pristine	*O	-3.35822	down	neighbor	23	Co	dxy	0.005642	source_manifest:COHP/PDOS/pristine/*O/DOSCAR
pristine	*O	-3.35822	up	neighbor	23	Co	dyz	0.1266	source_manifest:COHP/PDOS/pristine/*O/DOSCAR
pristine	*O	-3.35822	down	neighbor	23	Co	dyz	0.03449	source_manifest:COHP/PDOS/pristine/*O/DOSCAR
pristine	*O	-3.35822	up	neighbor	23	Co	dz2	0.1751	source_manifest:COHP/PDOS/pristine/*O/DOSCAR
pristine	*O	-3.35822	down	neighbor	23	Co	dz2	0.02679	source_manifest:COHP/PDOS/pristine/*O/DOSCAR
pristine	*O	-3.35822	up	neighbor	23	Co	dxz	0.05712	source_manifest:COHP/PDOS/pristine/*O/DOSCAR
pristine	*O	-3.35822	down	neighbor	23	Co	dxz	0.01521	source_manifest:COHP/PDOS/pristine/*O/DOSCAR
pristine	*O	-3.35822	up	neighbor	23	Co	dx2-y2	0.1595	source_manifest:COHP/PDOS/pristine/*O/DOSCAR
pristine	*O	-3.35822	down	neighbor	23	Co	dx2-y2	0.0382	source_manifest:COHP/PDOS/pristine/*O/DOSCAR
pristine	*O	-3.25222	up	neighbor	23	Co	dxy	0.1657	source_manifest:COHP/PDOS/pristine/*O/DOSCAR
pristine	*O	-3.25222	down	neighbor	23	Co	dxy	0.008697	source_manifest:COHP/PDOS/pristine/*O/DOSCAR
pristine	*O	-3.25222	up	neighbor	23	Co	dyz	0.1277	source_manifest:COHP/PDOS/pristine/*O/DOSCAR
pristine	*O	-3.25222	down	neighbor	23	Co	dyz	0.02965	source_manifest:COHP/PDOS/pristine/*O/DOSCAR
pristine	*O	-3.25222	up	neighbor	23	Co	dz2	0.0918	source_manifest:COHP/PDOS/pristine/*O/DOSCAR
pristine	*O	-3.25222	down	neighbor	23	Co	dz2	0.02843	source_manifest:COHP/PDOS/pristine/*O/DOSCAR
pristine	*O	-3.25222	up	neighbor	23	Co	dxz	0.04316	source_manifest:COHP/PDOS/pristine/*O/DOSCAR
pristine	*O	-3.25222	down	neighbor	23	Co	dxz	0.014	source_manifest:COHP/PDOS/pristine/*O/DOSCAR
pristine	*O	-3.25222	up	neighbor	23	Co	dx2-y2	0.1547	source_manifest:COHP/PDOS/pristine/*O/DOSCAR
pristine	*O	-3.25222	down	neighbor	23	Co	dx2-y2	0.04518	source_manifest:COHP/PDOS/pristine/*O/DOSCAR
pristine	*O	-3.14622	up	neighbor	23	Co	dxy	0.1679	source_manifest:COHP/PDOS/pristine/*O/DOSCAR
pristine	*O	-3.14622	down	neighbor	23	Co	dxy	0.01097	source_manifest:COHP/PDOS/pristine/*O/DOSCAR
pristine	*O	-3.14622	up	neighbor	23	Co	dyz	0.147	source_manifest:COHP/PDOS/pristine/*O/DOSCAR
pristine	*O	-3.14622	down	neighbor	23	Co	dyz	0.02071	source_manifest:COHP/PDOS/pristine/*O/DOSCAR
pristine	*O	-3.14622	up	neighbor	23	Co	dz2	0.08711	source_manifest:COHP/PDOS/pristine/*O/DOSCAR
pristine	*O	-3.14622	down	neighbor	23	Co	dz2	0.02581	source_manifest:COHP/PDOS/pristine/*O/DOSCAR
pristine	*O	-3.14622	up	neighbor	23	Co	dxz	0.04986	source_manifest:COHP/PDOS/pristine/*O/DOSCAR
pristine	*O	-3.14622	down	neighbor	23	Co	dxz	0.01285	source_manifest:COHP/PDOS/pristine/*O/DOSCAR
pristine	*O	-3.14622	up	neighbor	23	Co	dx2-y2	0.1949	source_manifest:COHP/PDOS/pristine/*O/DOSCAR
pristine	*O	-3.14622	down	neighbor	23	Co	dx2-y2	0.08314	source_manifest:COHP/PDOS/pristine/*O/DOSCAR
pristine	*O	-3.04022	up	neighbor	23	Co	dxy	0.1939	source_manifest:COHP/PDOS/pristine/*O/DOSCAR
pristine	*O	-3.04022	down	neighbor	23	Co	dxy	0.01286	source_manifest:COHP/PDOS/pristine/*O/DOSCAR
pristine	*O	-3.04022	up	neighbor	23	Co	dyz	0.2234	source_manifest:COHP/PDOS/pristine/*O/DOSCAR
pristine	*O	-3.04022	down	neighbor	23	Co	dyz	0.0231	source_manifest:COHP/PDOS/pristine/*O/DOSCAR
pristine	*O	-3.04022	up	neighbor	23	Co	dz2	0.4211	source_manifest:COHP/PDOS/pristine/*O/DOSCAR
pristine	*O	-3.04022	down	neighbor	23	Co	dz2	0.02268	source_manifest:COHP/PDOS/pristine/*O/DOSCAR
pristine	*O	-3.04022	up	neighbor	23	Co	dxz	0.06219	source_manifest:COHP/PDOS/pristine/*O/DOSCAR
pristine	*O	-3.04022	down	neighbor	23	Co	dxz	0.01315	source_manifest:COHP/PDOS/pristine/*O/DOSCAR
pristine	*O	-3.04022	up	neighbor	23	Co	dx2-y2	0.3655	source_manifest:COHP/PDOS/pristine/*O/DOSCAR
pristine	*O	-3.04022	down	neighbor	23	Co	dx2-y2	0.1745	source_manifest:COHP/PDOS/pristine/*O/DOSCAR
pristine	*O	-2.93422	up	neighbor	23	Co	dxy	0.209	source_manifest:COHP/PDOS/pristine/*O/DOSCAR
pristine	*O	-2.93422	down	neighbor	23	Co	dxy	0.01822	source_manifest:COHP/PDOS/pristine/*O/DOSCAR
pristine	*O	-2.93422	up	neighbor	23	Co	dyz	0.2813	source_manifest:COHP/PDOS/pristine/*O/DOSCAR
pristine	*O	-2.93422	down	neighbor	23	Co	dyz	0.04437	source_manifest:COHP/PDOS/pristine/*O/DOSCAR
pristine	*O	-2.93422	up	neighbor	23	Co	dz2	1.148	source_manifest:COHP/PDOS/pristine/*O/DOSCAR
pristine	*O	-2.93422	down	neighbor	23	Co	dz2	0.02317	source_manifest:COHP/PDOS/pristine/*O/DOSCAR
pristine	*O	-2.93422	up	neighbor	23	Co	dxz	0.05421	source_manifest:COHP/PDOS/pristine/*O/DOSCAR
pristine	*O	-2.93422	down	neighbor	23	Co	dxz	0.01558	source_manifest:COHP/PDOS/pristine/*O/DOSCAR
pristine	*O	-2.93422	up	neighbor	23	Co	dx2-y2	0.5401	source_manifest:COHP/PDOS/pristine/*O/DOSCAR
pristine	*O	-2.93422	down	neighbor	23	Co	dx2-y2	0.2504	source_manifest:COHP/PDOS/pristine/*O/DOSCAR
pristine	*O	-2.82822	up	neighbor	23	Co	dxy	0.1769	source_manifest:COHP/PDOS/pristine/*O/DOSCAR
pristine	*O	-2.82822	down	neighbor	23	Co	dxy	0.02995	source_manifest:COHP/PDOS/pristine/*O/DOSCAR
pristine	*O	-2.82822	up	neighbor	23	Co	dyz	0.259	source_manifest:COHP/PDOS/pristine/*O/DOSCAR
pristine	*O	-2.82822	down	neighbor	23	Co	dyz	0.06752	source_manifest:COHP/PDOS/pristine/*O/DOSCAR
pristine	*O	-2.82822	up	neighbor	23	Co	dz2	1.628	source_manifest:COHP/PDOS/pristine/*O/DOSCAR
pristine	*O	-2.82822	down	neighbor	23	Co	dz2	0.02919	source_manifest:COHP/PDOS/pristine/*O/DOSCAR
pristine	*O	-2.82822	up	neighbor	23	Co	dxz	0.03206	source_manifest:COHP/PDOS/pristine/*O/DOSCAR
pristine	*O	-2.82822	down	neighbor	23	Co	dxz	0.02562	source_manifest:COHP/PDOS/pristine/*O/DOSCAR
pristine	*O	-2.82822	up	neighbor	23	Co	dx2-y2	0.5935	source_manifest:COHP/PDOS/pristine/*O/DOSCAR
pristine	*O	-2.82822	down	neighbor	23	Co	dx2-y2	0.2371	source_manifest:COHP/PDOS/pristine/*O/DOSCAR
pristine	*O	-2.72222	up	neighbor	23	Co	dxy	0.1113	source_manifest:COHP/PDOS/pristine/*O/DOSCAR
pristine	*O	-2.72222	down	neighbor	23	Co	dxy	0.03987	source_manifest:COHP/PDOS/pristine/*O/DOSCAR
pristine	*O	-2.72222	up	neighbor	23	Co	dyz	0.2252	source_manifest:COHP/PDOS/pristine/*O/DOSCAR
pristine	*O	-2.72222	down	neighbor	23	Co	dyz	0.06772	source_manifest:COHP/PDOS/pristine/*O/DOSCAR
pristine	*O	-2.72222	up	neighbor	23	Co	dz2	1.396	source_manifest:COHP/PDOS/pristine/*O/DOSCAR
pristine	*O	-2.72222	down	neighbor	23	Co	dz2	0.03794	source_manifest:COHP/PDOS/pristine/*O/DOSCAR
pristine	*O	-2.72222	up	neighbor	23	Co	dxz	0.0165	source_manifest:COHP/PDOS/pristine/*O/DOSCAR
pristine	*O	-2.72222	down	neighbor	23	Co	dxz	0.04072	source_manifest:COHP/PDOS/pristine/*O/DOSCAR
pristine	*O	-2.72222	up	neighbor	23	Co	dx2-y2	0.6629	source_manifest:COHP/PDOS/pristine/*O/DOSCAR
pristine	*O	-2.72222	down	neighbor	23	Co	dx2-y2	0.173	source_manifest:COHP/PDOS/pristine/*O/DOSCAR
pristine	*O	-2.61622	up	neighbor	23	Co	dxy	0.07134	source_manifest:COHP/PDOS/pristine/*O/DOSCAR
pristine	*O	-2.61622	down	neighbor	23	Co	dxy	0.0354	source_manifest:COHP/PDOS/pristine/*O/DOSCAR
pristine	*O	-2.61622	up	neighbor	23	Co	dyz	0.2187	source_manifest:COHP/PDOS/pristine/*O/DOSCAR
pristine	*O	-2.61622	down	neighbor	23	Co	dyz	0.05233	source_manifest:COHP/PDOS/pristine/*O/DOSCAR
pristine	*O	-2.61622	up	neighbor	23	Co	dz2	0.8826	source_manifest:COHP/PDOS/pristine/*O/DOSCAR
pristine	*O	-2.61622	down	neighbor	23	Co	dz2	0.04249	source_manifest:COHP/PDOS/pristine/*O/DOSCAR
pristine	*O	-2.61622	up	neighbor	23	Co	dxz	0.01272	source_manifest:COHP/PDOS/pristine/*O/DOSCAR
pristine	*O	-2.61622	down	neighbor	23	Co	dxz	0.0499	source_manifest:COHP/PDOS/pristine/*O/DOSCAR
pristine	*O	-2.61622	up	neighbor	23	Co	dx2-y2	0.788	source_manifest:COHP/PDOS/pristine/*O/DOSCAR
pristine	*O	-2.61622	down	neighbor	23	Co	dx2-y2	0.1254	source_manifest:COHP/PDOS/pristine/*O/DOSCAR
pristine	*O	-2.51022	up	neighbor	23	Co	dxy	0.06633	source_manifest:COHP/PDOS/pristine/*O/DOSCAR
pristine	*O	-2.51022	down	neighbor	23	Co	dxy	0.02333	source_manifest:COHP/PDOS/pristine/*O/DOSCAR
pristine	*O	-2.51022	up	neighbor	23	Co	dyz	0.1827	source_manifest:COHP/PDOS/pristine/*O/DOSCAR
pristine	*O	-2.51022	down	neighbor	23	Co	dyz	0.04274	source_manifest:COHP/PDOS/pristine/*O/DOSCAR
pristine	*O	-2.51022	up	neighbor	23	Co	dz2	0.4917	source_manifest:COHP/PDOS/pristine/*O/DOSCAR
pristine	*O	-2.51022	down	neighbor	23	Co	dz2	0.0385	source_manifest:COHP/PDOS/pristine/*O/DOSCAR
pristine	*O	-2.51022	up	neighbor	23	Co	dxz	0.01409	source_manifest:COHP/PDOS/pristine/*O/DOSCAR
pristine	*O	-2.51022	down	neighbor	23	Co	dxz	0.05688	source_manifest:COHP/PDOS/pristine/*O/DOSCAR
pristine	*O	-2.51022	up	neighbor	23	Co	dx2-y2	0.7299	source_manifest:COHP/PDOS/pristine/*O/DOSCAR
pristine	*O	-2.51022	down	neighbor	23	Co	dx2-y2	0.1031	source_manifest:COHP/PDOS/pristine/*O/DOSCAR
pristine	*O	-2.40522	up	neighbor	23	Co	dxy	0.06038	source_manifest:COHP/PDOS/pristine/*O/DOSCAR
pristine	*O	-2.40522	down	neighbor	23	Co	dxy	0.01883	source_manifest:COHP/PDOS/pristine/*O/DOSCAR
pristine	*O	-2.40522	up	neighbor	23	Co	dyz	0.1152	source_manifest:COHP/PDOS/pristine/*O/DOSCAR
pristine	*O	-2.40522	down	neighbor	23	Co	dyz	0.04099	source_manifest:COHP/PDOS/pristine/*O/DOSCAR
pristine	*O	-2.40522	up	neighbor	23	Co	dz2	0.2896	source_manifest:COHP/PDOS/pristine/*O/DOSCAR
pristine	*O	-2.40522	down	neighbor	23	Co	dz2	0.03493	source_manifest:COHP/PDOS/pristine/*O/DOSCAR
pristine	*O	-2.40522	up	neighbor	23	Co	dxz	0.01445	source_manifest:COHP/PDOS/pristine/*O/DOSCAR
pristine	*O	-2.40522	down	neighbor	23	Co	dxz	0.06749	source_manifest:COHP/PDOS/pristine/*O/DOSCAR
pristine	*O	-2.40522	up	neighbor	23	Co	dx2-y2	0.4661	source_manifest:COHP/PDOS/pristine/*O/DOSCAR
pristine	*O	-2.40522	down	neighbor	23	Co	dx2-y2	0.08172	source_manifest:COHP/PDOS/pristine/*O/DOSCAR
pristine	*O	-2.29922	up	neighbor	23	Co	dxy	0.04691	source_manifest:COHP/PDOS/pristine/*O/DOSCAR
pristine	*O	-2.29922	down	neighbor	23	Co	dxy	0.01811	source_manifest:COHP/PDOS/pristine/*O/DOSCAR
pristine	*O	-2.29922	up	neighbor	23	Co	dyz	0.07435	source_manifest:COHP/PDOS/pristine/*O/DOSCAR
pristine	*O	-2.29922	down	neighbor	23	Co	dyz	0.04477	source_manifest:COHP/PDOS/pristine/*O/DOSCAR
pristine	*O	-2.29922	up	neighbor	23	Co	dz2	0.2562	source_manifest:COHP/PDOS/pristine/*O/DOSCAR
pristine	*O	-2.29922	down	neighbor	23	Co	dz2	0.04379	source_manifest:COHP/PDOS/pristine/*O/DOSCAR
pristine	*O	-2.29922	up	neighbor	23	Co	dxz	0.01435	source_manifest:COHP/PDOS/pristine/*O/DOSCAR
pristine	*O	-2.29922	down	neighbor	23	Co	dxz	0.06463	source_manifest:COHP/PDOS/pristine/*O/DOSCAR
pristine	*O	-2.29922	up	neighbor	23	Co	dx2-y2	0.2609	source_manifest:COHP/PDOS/pristine/*O/DOSCAR
pristine	*O	-2.29922	down	neighbor	23	Co	dx2-y2	0.06089	source_manifest:COHP/PDOS/pristine/*O/DOSCAR
pristine	*O	-2.19322	up	neighbor	23	Co	dxy	0.04253	source_manifest:COHP/PDOS/pristine/*O/DOSCAR
pristine	*O	-2.19322	down	neighbor	23	Co	dxy	0.01299	source_manifest:COHP/PDOS/pristine/*O/DOSCAR
pristine	*O	-2.19322	up	neighbor	23	Co	dyz	0.0634	source_manifest:COHP/PDOS/pristine/*O/DOSCAR
pristine	*O	-2.19322	down	neighbor	23	Co	dyz	0.04958	source_manifest:COHP/PDOS/pristine/*O/DOSCAR
pristine	*O	-2.19322	up	neighbor	23	Co	dz2	0.2581	source_manifest:COHP/PDOS/pristine/*O/DOSCAR
pristine	*O	-2.19322	down	neighbor	23	Co	dz2	0.05551	source_manifest:COHP/PDOS/pristine/*O/DOSCAR
pristine	*O	-2.19322	up	neighbor	23	Co	dxz	0.01855	source_manifest:COHP/PDOS/pristine/*O/DOSCAR
pristine	*O	-2.19322	down	neighbor	23	Co	dxz	0.04392	source_manifest:COHP/PDOS/pristine/*O/DOSCAR
pristine	*O	-2.19322	up	neighbor	23	Co	dx2-y2	0.1969	source_manifest:COHP/PDOS/pristine/*O/DOSCAR
pristine	*O	-2.19322	down	neighbor	23	Co	dx2-y2	0.04826	source_manifest:COHP/PDOS/pristine/*O/DOSCAR
pristine	*O	-2.08722	up	neighbor	23	Co	dxy	0.04433	source_manifest:COHP/PDOS/pristine/*O/DOSCAR
pristine	*O	-2.08722	down	neighbor	23	Co	dxy	0.007734	source_manifest:COHP/PDOS/pristine/*O/DOSCAR
pristine	*O	-2.08722	up	neighbor	23	Co	dyz	0.05298	source_manifest:COHP/PDOS/pristine/*O/DOSCAR
pristine	*O	-2.08722	down	neighbor	23	Co	dyz	0.04744	source_manifest:COHP/PDOS/pristine/*O/DOSCAR
pristine	*O	-2.08722	up	neighbor	23	Co	dz2	0.1978	source_manifest:COHP/PDOS/pristine/*O/DOSCAR
pristine	*O	-2.08722	down	neighbor	23	Co	dz2	0.06308	source_manifest:COHP/PDOS/pristine/*O/DOSCAR
pristine	*O	-2.08722	up	neighbor	23	Co	dxz	0.02752	source_manifest:COHP/PDOS/pristine/*O/DOSCAR
pristine	*O	-2.08722	down	neighbor	23	Co	dxz	0.02717	source_manifest:COHP/PDOS/pristine/*O/DOSCAR
pristine	*O	-2.08722	up	neighbor	23	Co	dx2-y2	0.1488	source_manifest:COHP/PDOS/pristine/*O/DOSCAR
pristine	*O	-2.08722	down	neighbor	23	Co	dx2-y2	0.04294	source_manifest:COHP/PDOS/pristine/*O/DOSCAR
pristine	*O	-1.98122	up	neighbor	23	Co	dxy	0.04072	source_manifest:COHP/PDOS/pristine/*O/DOSCAR
pristine	*O	-1.98122	down	neighbor	23	Co	dxy	0.005637	source_manifest:COHP/PDOS/pristine/*O/DOSCAR
pristine	*O	-1.98122	up	neighbor	23	Co	dyz	0.0424	source_manifest:COHP/PDOS/pristine/*O/DOSCAR
pristine	*O	-1.98122	down	neighbor	23	Co	dyz	0.04685	source_manifest:COHP/PDOS/pristine/*O/DOSCAR
pristine	*O	-1.98122	up	neighbor	23	Co	dz2	0.1079	source_manifest:COHP/PDOS/pristine/*O/DOSCAR
pristine	*O	-1.98122	down	neighbor	23	Co	dz2	0.09205	source_manifest:COHP/PDOS/pristine/*O/DOSCAR
pristine	*O	-1.98122	up	neighbor	23	Co	dxz	0.03833	source_manifest:COHP/PDOS/pristine/*O/DOSCAR
pristine	*O	-1.98122	down	neighbor	23	Co	dxz	0.02192	source_manifest:COHP/PDOS/pristine/*O/DOSCAR
pristine	*O	-1.98122	up	neighbor	23	Co	dx2-y2	0.09256	source_manifest:COHP/PDOS/pristine/*O/DOSCAR
pristine	*O	-1.98122	down	neighbor	23	Co	dx2-y2	0.04162	source_manifest:COHP/PDOS/pristine/*O/DOSCAR
pristine	*O	-1.87522	up	neighbor	23	Co	dxy	0.03574	source_manifest:COHP/PDOS/pristine/*O/DOSCAR
pristine	*O	-1.87522	down	neighbor	23	Co	dxy	0.004981	source_manifest:COHP/PDOS/pristine/*O/DOSCAR
pristine	*O	-1.87522	up	neighbor	23	Co	dyz	0.03287	source_manifest:COHP/PDOS/pristine/*O/DOSCAR
pristine	*O	-1.87522	down	neighbor	23	Co	dyz	0.05226	source_manifest:COHP/PDOS/pristine/*O/DOSCAR
pristine	*O	-1.87522	up	neighbor	23	Co	dz2	0.05084	source_manifest:COHP/PDOS/pristine/*O/DOSCAR
pristine	*O	-1.87522	down	neighbor	23	Co	dz2	0.1357	source_manifest:COHP/PDOS/pristine/*O/DOSCAR
pristine	*O	-1.87522	up	neighbor	23	Co	dxz	0.05564	source_manifest:COHP/PDOS/pristine/*O/DOSCAR
pristine	*O	-1.87522	down	neighbor	23	Co	dxz	0.0195	source_manifest:COHP/PDOS/pristine/*O/DOSCAR
pristine	*O	-1.87522	up	neighbor	23	Co	dx2-y2	0.07365	source_manifest:COHP/PDOS/pristine/*O/DOSCAR
pristine	*O	-1.87522	down	neighbor	23	Co	dx2-y2	0.03569	source_manifest:COHP/PDOS/pristine/*O/DOSCAR
pristine	*O	-1.76922	up	neighbor	23	Co	dxy	0.03688	source_manifest:COHP/PDOS/pristine/*O/DOSCAR
pristine	*O	-1.76922	down	neighbor	23	Co	dxy	0.004698	source_manifest:COHP/PDOS/pristine/*O/DOSCAR
pristine	*O	-1.76922	up	neighbor	23	Co	dyz	0.02436	source_manifest:COHP/PDOS/pristine/*O/DOSCAR
pristine	*O	-1.76922	down	neighbor	23	Co	dyz	0.04717	source_manifest:COHP/PDOS/pristine/*O/DOSCAR
pristine	*O	-1.76922	up	neighbor	23	Co	dz2	0.03634	source_manifest:COHP/PDOS/pristine/*O/DOSCAR
pristine	*O	-1.76922	down	neighbor	23	Co	dz2	0.1304	source_manifest:COHP/PDOS/pristine/*O/DOSCAR
pristine	*O	-1.76922	up	neighbor	23	Co	dxz	0.08334	source_manifest:COHP/PDOS/pristine/*O/DOSCAR
pristine	*O	-1.76922	down	neighbor	23	Co	dxz	0.01533	source_manifest:COHP/PDOS/pristine/*O/DOSCAR
pristine	*O	-1.76922	up	neighbor	23	Co	dx2-y2	0.07425	source_manifest:COHP/PDOS/pristine/*O/DOSCAR
pristine	*O	-1.76922	down	neighbor	23	Co	dx2-y2	0.02434	source_manifest:COHP/PDOS/pristine/*O/DOSCAR
pristine	*O	-1.66322	up	neighbor	23	Co	dxy	0.03988	source_manifest:COHP/PDOS/pristine/*O/DOSCAR
pristine	*O	-1.66322	down	neighbor	23	Co	dxy	0.004212	source_manifest:COHP/PDOS/pristine/*O/DOSCAR
pristine	*O	-1.66322	up	neighbor	23	Co	dyz	0.0413	source_manifest:COHP/PDOS/pristine/*O/DOSCAR
pristine	*O	-1.66322	down	neighbor	23	Co	dyz	0.03062	source_manifest:COHP/PDOS/pristine/*O/DOSCAR
pristine	*O	-1.66322	up	neighbor	23	Co	dz2	0.03919	source_manifest:COHP/PDOS/pristine/*O/DOSCAR
pristine	*O	-1.66322	down	neighbor	23	Co	dz2	0.06986	source_manifest:COHP/PDOS/pristine/*O/DOSCAR
pristine	*O	-1.66322	up	neighbor	23	Co	dxz	0.1114	source_manifest:COHP/PDOS/pristine/*O/DOSCAR
pristine	*O	-1.66322	down	neighbor	23	Co	dxz	0.0117	source_manifest:COHP/PDOS/pristine/*O/DOSCAR
pristine	*O	-1.66322	up	neighbor	23	Co	dx2-y2	0.07005	source_manifest:COHP/PDOS/pristine/*O/DOSCAR
pristine	*O	-1.66322	down	neighbor	23	Co	dx2-y2	0.01479	source_manifest:COHP/PDOS/pristine/*O/DOSCAR
pristine	*O	-1.55722	up	neighbor	23	Co	dxy	0.04183	source_manifest:COHP/PDOS/pristine/*O/DOSCAR
pristine	*O	-1.55722	down	neighbor	23	Co	dxy	0.003065	source_manifest:COHP/PDOS/pristine/*O/DOSCAR
pristine	*O	-1.55722	up	neighbor	23	Co	dyz	0.1042	source_manifest:COHP/PDOS/pristine/*O/DOSCAR
pristine	*O	-1.55722	down	neighbor	23	Co	dyz	0.01611	source_manifest:COHP/PDOS/pristine/*O/DOSCAR
pristine	*O	-1.55722	up	neighbor	23	Co	dz2	0.04197	source_manifest:COHP/PDOS/pristine/*O/DOSCAR
pristine	*O	-1.55722	down	neighbor	23	Co	dz2	0.008728	source_manifest:COHP/PDOS/pristine/*O/DOSCAR
pristine	*O	-1.55722	up	neighbor	23	Co	dxz	0.1329	source_manifest:COHP/PDOS/pristine/*O/DOSCAR
pristine	*O	-1.55722	down	neighbor	23	Co	dxz	0.01086	source_manifest:COHP/PDOS/pristine/*O/DOSCAR
pristine	*O	-1.55722	up	neighbor	23	Co	dx2-y2	0.0671	source_manifest:COHP/PDOS/pristine/*O/DOSCAR
pristine	*O	-1.55722	down	neighbor	23	Co	dx2-y2	0.001469	source_manifest:COHP/PDOS/pristine/*O/DOSCAR
pristine	*O	-1.45122	up	neighbor	23	Co	dxy	0.04477	source_manifest:COHP/PDOS/pristine/*O/DOSCAR
pristine	*O	-1.45122	down	neighbor	23	Co	dxy	0.002279	source_manifest:COHP/PDOS/pristine/*O/DOSCAR
pristine	*O	-1.45122	up	neighbor	23	Co	dyz	0.1665	source_manifest:COHP/PDOS/pristine/*O/DOSCAR
pristine	*O	-1.45122	down	neighbor	23	Co	dyz	0.01291	source_manifest:COHP/PDOS/pristine/*O/DOSCAR
pristine	*O	-1.45122	up	neighbor	23	Co	dz2	0.03774	source_manifest:COHP/PDOS/pristine/*O/DOSCAR
pristine	*O	-1.45122	down	neighbor	23	Co	dz2	0.0847	source_manifest:COHP/PDOS/pristine/*O/DOSCAR
pristine	*O	-1.45122	up	neighbor	23	Co	dxz	0.1404	source_manifest:COHP/PDOS/pristine/*O/DOSCAR
pristine	*O	-1.45122	down	neighbor	23	Co	dxz	0.009499	source_manifest:COHP/PDOS/pristine/*O/DOSCAR
pristine	*O	-1.45122	up	neighbor	23	Co	dx2-y2	0.06897	source_manifest:COHP/PDOS/pristine/*O/DOSCAR
pristine	*O	-1.45122	down	neighbor	23	Co	dx2-y2	-0.007182	source_manifest:COHP/PDOS/pristine/*O/DOSCAR
pristine	*O	-1.34522	up	neighbor	23	Co	dxy	0.0509	source_manifest:COHP/PDOS/pristine/*O/DOSCAR
pristine	*O	-1.34522	down	neighbor	23	Co	dxy	0.002699	source_manifest:COHP/PDOS/pristine/*O/DOSCAR
pristine	*O	-1.34522	up	neighbor	23	Co	dyz	0.166	source_manifest:COHP/PDOS/pristine/*O/DOSCAR
pristine	*O	-1.34522	down	neighbor	23	Co	dyz	0.05239	source_manifest:COHP/PDOS/pristine/*O/DOSCAR
pristine	*O	-1.34522	up	neighbor	23	Co	dz2	0.02473	source_manifest:COHP/PDOS/pristine/*O/DOSCAR
pristine	*O	-1.34522	down	neighbor	23	Co	dz2	0.5965	source_manifest:COHP/PDOS/pristine/*O/DOSCAR
pristine	*O	-1.34522	up	neighbor	23	Co	dxz	0.1398	source_manifest:COHP/PDOS/pristine/*O/DOSCAR
pristine	*O	-1.34522	down	neighbor	23	Co	dxz	0.006677	source_manifest:COHP/PDOS/pristine/*O/DOSCAR
pristine	*O	-1.34522	up	neighbor	23	Co	dx2-y2	0.06547	source_manifest:COHP/PDOS/pristine/*O/DOSCAR
pristine	*O	-1.34522	down	neighbor	23	Co	dx2-y2	0.1213	source_manifest:COHP/PDOS/pristine/*O/DOSCAR
pristine	*O	-1.23922	up	neighbor	23	Co	dxy	0.05733	source_manifest:COHP/PDOS/pristine/*O/DOSCAR
pristine	*O	-1.23922	down	neighbor	23	Co	dxy	0.004017	source_manifest:COHP/PDOS/pristine/*O/DOSCAR
pristine	*O	-1.23922	up	neighbor	23	Co	dyz	0.1338	source_manifest:COHP/PDOS/pristine/*O/DOSCAR
pristine	*O	-1.23922	down	neighbor	23	Co	dyz	0.1631	source_manifest:COHP/PDOS/pristine/*O/DOSCAR
pristine	*O	-1.23922	up	neighbor	23	Co	dz2	0.01247	source_manifest:COHP/PDOS/pristine/*O/DOSCAR
pristine	*O	-1.23922	down	neighbor	23	Co	dz2	1.415	source_manifest:COHP/PDOS/pristine/*O/DOSCAR
pristine	*O	-1.23922	up	neighbor	23	Co	dxz	0.1563	source_manifest:COHP/PDOS/pristine/*O/DOSCAR
pristine	*O	-1.23922	down	neighbor	23	Co	dxz	0.006647	source_manifest:COHP/PDOS/pristine/*O/DOSCAR
pristine	*O	-1.23922	up	neighbor	23	Co	dx2-y2	0.05619	source_manifest:COHP/PDOS/pristine/*O/DOSCAR
pristine	*O	-1.23922	down	neighbor	23	Co	dx2-y2	0.5725	source_manifest:COHP/PDOS/pristine/*O/DOSCAR
pristine	*O	-1.13322	up	neighbor	23	Co	dxy	0.05287	source_manifest:COHP/PDOS/pristine/*O/DOSCAR
pristine	*O	-1.13322	down	neighbor	23	Co	dxy	0.00627	source_manifest:COHP/PDOS/pristine/*O/DOSCAR
pristine	*O	-1.13322	up	neighbor	23	Co	dyz	0.1191	source_manifest:COHP/PDOS/pristine/*O/DOSCAR
pristine	*O	-1.13322	down	neighbor	23	Co	dyz	0.2965	source_manifest:COHP/PDOS/pristine/*O/DOSCAR
pristine	*O	-1.13322	up	neighbor	23	Co	dz2	0.006613	source_manifest:COHP/PDOS/pristine/*O/DOSCAR
pristine	*O	-1.13322	down	neighbor	23	Co	dz2	1.765	source_manifest:COHP/PDOS/pristine/*O/DOSCAR
pristine	*O	-1.13322	up	neighbor	23	Co	dxz	0.1695	source_manifest:COHP/PDOS/pristine/*O/DOSCAR
pristine	*O	-1.13322	down	neighbor	23	Co	dxz	0.008898	source_manifest:COHP/PDOS/pristine/*O/DOSCAR
pristine	*O	-1.13322	up	neighbor	23	Co	dx2-y2	0.0532	source_manifest:COHP/PDOS/pristine/*O/DOSCAR
pristine	*O	-1.13322	down	neighbor	23	Co	dx2-y2	1.16	source_manifest:COHP/PDOS/pristine/*O/DOSCAR
pristine	*O	-1.02722	up	neighbor	23	Co	dxy	0.04322	source_manifest:COHP/PDOS/pristine/*O/DOSCAR
pristine	*O	-1.02722	down	neighbor	23	Co	dxy	0.008565	source_manifest:COHP/PDOS/pristine/*O/DOSCAR
pristine	*O	-1.02722	up	neighbor	23	Co	dyz	0.1177	source_manifest:COHP/PDOS/pristine/*O/DOSCAR
pristine	*O	-1.02722	down	neighbor	23	Co	dyz	0.3786	source_manifest:COHP/PDOS/pristine/*O/DOSCAR
pristine	*O	-1.02722	up	neighbor	23	Co	dz2	0.00413	source_manifest:COHP/PDOS/pristine/*O/DOSCAR
pristine	*O	-1.02722	down	neighbor	23	Co	dz2	1.453	source_manifest:COHP/PDOS/pristine/*O/DOSCAR
pristine	*O	-1.02722	up	neighbor	23	Co	dxz	0.1578	source_manifest:COHP/PDOS/pristine/*O/DOSCAR
pristine	*O	-1.02722	down	neighbor	23	Co	dxz	0.009512	source_manifest:COHP/PDOS/pristine/*O/DOSCAR
pristine	*O	-1.02722	up	neighbor	23	Co	dx2-y2	0.0585	source_manifest:COHP/PDOS/pristine/*O/DOSCAR
pristine	*O	-1.02722	down	neighbor	23	Co	dx2-y2	1.424	source_manifest:COHP/PDOS/pristine/*O/DOSCAR
pristine	*O	-0.92122	up	neighbor	23	Co	dxy	0.04689	source_manifest:COHP/PDOS/pristine/*O/DOSCAR
pristine	*O	-0.92122	down	neighbor	23	Co	dxy	0.008435	source_manifest:COHP/PDOS/pristine/*O/DOSCAR
pristine	*O	-0.92122	up	neighbor	23	Co	dyz	0.1207	source_manifest:COHP/PDOS/pristine/*O/DOSCAR
pristine	*O	-0.92122	down	neighbor	23	Co	dyz	0.3747	source_manifest:COHP/PDOS/pristine/*O/DOSCAR
pristine	*O	-0.92122	up	neighbor	23	Co	dz2	0.003504	source_manifest:COHP/PDOS/pristine/*O/DOSCAR
pristine	*O	-0.92122	down	neighbor	23	Co	dz2	0.9693	source_manifest:COHP/PDOS/pristine/*O/DOSCAR
pristine	*O	-0.92122	up	neighbor	23	Co	dxz	0.158	source_manifest:COHP/PDOS/pristine/*O/DOSCAR
pristine	*O	-0.92122	down	neighbor	23	Co	dxz	0.007224	source_manifest:COHP/PDOS/pristine/*O/DOSCAR
pristine	*O	-0.92122	up	neighbor	23	Co	dx2-y2	0.06517	source_manifest:COHP/PDOS/pristine/*O/DOSCAR
pristine	*O	-0.92122	down	neighbor	23	Co	dx2-y2	1.227	source_manifest:COHP/PDOS/pristine/*O/DOSCAR
pristine	*O	-0.81522	up	neighbor	23	Co	dxy	0.06397	source_manifest:COHP/PDOS/pristine/*O/DOSCAR
pristine	*O	-0.81522	down	neighbor	23	Co	dxy	0.005893	source_manifest:COHP/PDOS/pristine/*O/DOSCAR
pristine	*O	-0.81522	up	neighbor	23	Co	dyz	0.1208	source_manifest:COHP/PDOS/pristine/*O/DOSCAR
pristine	*O	-0.81522	down	neighbor	23	Co	dyz	0.2737	source_manifest:COHP/PDOS/pristine/*O/DOSCAR
pristine	*O	-0.81522	up	neighbor	23	Co	dz2	0.004191	source_manifest:COHP/PDOS/pristine/*O/DOSCAR
pristine	*O	-0.81522	down	neighbor	23	Co	dz2	0.5401	source_manifest:COHP/PDOS/pristine/*O/DOSCAR
pristine	*O	-0.81522	up	neighbor	23	Co	dxz	0.1834	source_manifest:COHP/PDOS/pristine/*O/DOSCAR
pristine	*O	-0.81522	down	neighbor	23	Co	dxz	0.003926	source_manifest:COHP/PDOS/pristine/*O/DOSCAR
pristine	*O	-0.81522	up	neighbor	23	Co	dx2-y2	0.0656	source_manifest:COHP/PDOS/pristine/*O/DOSCAR
pristine	*O	-0.81522	down	neighbor	23	Co	dx2-y2	0.747	source_manifest:COHP/PDOS/pristine/*O/DOSCAR
pristine	*O	-0.71022	up	neighbor	23	Co	dxy	0.07336	source_manifest:COHP/PDOS/pristine/*O/DOSCAR
pristine	*O	-0.71022	down	neighbor	23	Co	dxy	0.004453	source_manifest:COHP/PDOS/pristine/*O/DOSCAR
pristine	*O	-0.71022	up	neighbor	23	Co	dyz	0.1133	source_manifest:COHP/PDOS/pristine/*O/DOSCAR
pristine	*O	-0.71022	down	neighbor	23	Co	dyz	0.1424	source_manifest:COHP/PDOS/pristine/*O/DOSCAR
pristine	*O	-0.71022	up	neighbor	23	Co	dz2	0.004469	source_manifest:COHP/PDOS/pristine/*O/DOSCAR
pristine	*O	-0.71022	down	neighbor	23	Co	dz2	0.2812	source_manifest:COHP/PDOS/pristine/*O/DOSCAR
pristine	*O	-0.71022	up	neighbor	23	Co	dxz	0.1867	source_manifest:COHP/PDOS/pristine/*O/DOSCAR
pristine	*O	-0.71022	down	neighbor	23	Co	dxz	0.002324	source_manifest:COHP/PDOS/pristine/*O/DOSCAR
pristine	*O	-0.71022	up	neighbor	23	Co	dx2-y2	0.0586	source_manifest:COHP/PDOS/pristine/*O/DOSCAR
pristine	*O	-0.71022	down	neighbor	23	Co	dx2-y2	0.3078	source_manifest:COHP/PDOS/pristine/*O/DOSCAR
pristine	*O	-0.60422	up	neighbor	23	Co	dxy	0.06232	source_manifest:COHP/PDOS/pristine/*O/DOSCAR
pristine	*O	-0.60422	down	neighbor	23	Co	dxy	0.004266	source_manifest:COHP/PDOS/pristine/*O/DOSCAR
pristine	*O	-0.60422	up	neighbor	23	Co	dyz	0.1041	source_manifest:COHP/PDOS/pristine/*O/DOSCAR
pristine	*O	-0.60422	down	neighbor	23	Co	dyz	0.05848	source_manifest:COHP/PDOS/pristine/*O/DOSCAR
pristine	*O	-0.60422	up	neighbor	23	Co	dz2	0.003328	source_manifest:COHP/PDOS/pristine/*O/DOSCAR
pristine	*O	-0.60422	down	neighbor	23	Co	dz2	0.1952	source_manifest:COHP/PDOS/pristine/*O/DOSCAR
pristine	*O	-0.60422	up	neighbor	23	Co	dxz	0.1493	source_manifest:COHP/PDOS/pristine/*O/DOSCAR
pristine	*O	-0.60422	down	neighbor	23	Co	dxz	0.002101	source_manifest:COHP/PDOS/pristine/*O/DOSCAR
pristine	*O	-0.60422	up	neighbor	23	Co	dx2-y2	0.05027	source_manifest:COHP/PDOS/pristine/*O/DOSCAR
pristine	*O	-0.60422	down	neighbor	23	Co	dx2-y2	0.09769	source_manifest:COHP/PDOS/pristine/*O/DOSCAR
pristine	*O	-0.49822	up	neighbor	23	Co	dxy	0.04352	source_manifest:COHP/PDOS/pristine/*O/DOSCAR
pristine	*O	-0.49822	down	neighbor	23	Co	dxy	0.002606	source_manifest:COHP/PDOS/pristine/*O/DOSCAR
pristine	*O	-0.49822	up	neighbor	23	Co	dyz	0.1049	source_manifest:COHP/PDOS/pristine/*O/DOSCAR
pristine	*O	-0.49822	down	neighbor	23	Co	dyz	0.01785	source_manifest:COHP/PDOS/pristine/*O/DOSCAR
pristine	*O	-0.49822	up	neighbor	23	Co	dz2	0.001716	source_manifest:COHP/PDOS/pristine/*O/DOSCAR
pristine	*O	-0.49822	down	neighbor	23	Co	dz2	0.1063	source_manifest:COHP/PDOS/pristine/*O/DOSCAR
pristine	*O	-0.49822	up	neighbor	23	Co	dxz	0.09936	source_manifest:COHP/PDOS/pristine/*O/DOSCAR
pristine	*O	-0.49822	down	neighbor	23	Co	dxz	0.001334	source_manifest:COHP/PDOS/pristine/*O/DOSCAR
pristine	*O	-0.49822	up	neighbor	23	Co	dx2-y2	0.05086	source_manifest:COHP/PDOS/pristine/*O/DOSCAR
pristine	*O	-0.49822	down	neighbor	23	Co	dx2-y2	0.02646	source_manifest:COHP/PDOS/pristine/*O/DOSCAR
pristine	*O	-0.39222	up	neighbor	23	Co	dxy	0.03389	source_manifest:COHP/PDOS/pristine/*O/DOSCAR
pristine	*O	-0.39222	down	neighbor	23	Co	dxy	0.0004998	source_manifest:COHP/PDOS/pristine/*O/DOSCAR
pristine	*O	-0.39222	up	neighbor	23	Co	dyz	0.1264	source_manifest:COHP/PDOS/pristine/*O/DOSCAR
pristine	*O	-0.39222	down	neighbor	23	Co	dyz	-0.0003263	source_manifest:COHP/PDOS/pristine/*O/DOSCAR
pristine	*O	-0.39222	up	neighbor	23	Co	dz2	0.0008157	source_manifest:COHP/PDOS/pristine/*O/DOSCAR
pristine	*O	-0.39222	down	neighbor	23	Co	dz2	0.01546	source_manifest:COHP/PDOS/pristine/*O/DOSCAR
pristine	*O	-0.39222	up	neighbor	23	Co	dxz	0.06002	source_manifest:COHP/PDOS/pristine/*O/DOSCAR
pristine	*O	-0.39222	down	neighbor	23	Co	dxz	0.0002826	source_manifest:COHP/PDOS/pristine/*O/DOSCAR
pristine	*O	-0.39222	up	neighbor	23	Co	dx2-y2	0.06349	source_manifest:COHP/PDOS/pristine/*O/DOSCAR
pristine	*O	-0.39222	down	neighbor	23	Co	dx2-y2	-0.002399	source_manifest:COHP/PDOS/pristine/*O/DOSCAR
pristine	*O	-0.28622	up	neighbor	23	Co	dxy	0.03359	source_manifest:COHP/PDOS/pristine/*O/DOSCAR
pristine	*O	-0.28622	down	neighbor	23	Co	dxy	-0.0002019	source_manifest:COHP/PDOS/pristine/*O/DOSCAR
pristine	*O	-0.28622	up	neighbor	23	Co	dyz	0.1492	source_manifest:COHP/PDOS/pristine/*O/DOSCAR
pristine	*O	-0.28622	down	neighbor	23	Co	dyz	-0.003162	source_manifest:COHP/PDOS/pristine/*O/DOSCAR
pristine	*O	-0.28622	up	neighbor	23	Co	dz2	0.000611	source_manifest:COHP/PDOS/pristine/*O/DOSCAR
pristine	*O	-0.28622	down	neighbor	23	Co	dz2	-0.01066	source_manifest:COHP/PDOS/pristine/*O/DOSCAR
pristine	*O	-0.28622	up	neighbor	23	Co	dxz	0.0374	source_manifest:COHP/PDOS/pristine/*O/DOSCAR
pristine	*O	-0.28622	down	neighbor	23	Co	dxz	-9.981e-05	source_manifest:COHP/PDOS/pristine/*O/DOSCAR
pristine	*O	-0.28622	up	neighbor	23	Co	dx2-y2	0.07764	source_manifest:COHP/PDOS/pristine/*O/DOSCAR
pristine	*O	-0.28622	down	neighbor	23	Co	dx2-y2	-0.006541	source_manifest:COHP/PDOS/pristine/*O/DOSCAR
pristine	*O	-0.18022	up	neighbor	23	Co	dxy	0.03419	source_manifest:COHP/PDOS/pristine/*O/DOSCAR
pristine	*O	-0.18022	down	neighbor	23	Co	dxy	4.547e-06	source_manifest:COHP/PDOS/pristine/*O/DOSCAR
pristine	*O	-0.18022	up	neighbor	23	Co	dyz	0.1535	source_manifest:COHP/PDOS/pristine/*O/DOSCAR
pristine	*O	-0.18022	down	neighbor	23	Co	dyz	-0.00112	source_manifest:COHP/PDOS/pristine/*O/DOSCAR
pristine	*O	-0.18022	up	neighbor	23	Co	dz2	0.0005793	source_manifest:COHP/PDOS/pristine/*O/DOSCAR
pristine	*O	-0.18022	down	neighbor	23	Co	dz2	-0.004712	source_manifest:COHP/PDOS/pristine/*O/DOSCAR
pristine	*O	-0.18022	up	neighbor	23	Co	dxz	0.02672	source_manifest:COHP/PDOS/pristine/*O/DOSCAR
pristine	*O	-0.18022	down	neighbor	23	Co	dxz	2.566e-05	source_manifest:COHP/PDOS/pristine/*O/DOSCAR
pristine	*O	-0.18022	up	neighbor	23	Co	dx2-y2	0.08746	source_manifest:COHP/PDOS/pristine/*O/DOSCAR
pristine	*O	-0.18022	down	neighbor	23	Co	dx2-y2	-0.001847	source_manifest:COHP/PDOS/pristine/*O/DOSCAR
pristine	*O	-0.07422	up	neighbor	23	Co	dxy	0.03098	source_manifest:COHP/PDOS/pristine/*O/DOSCAR
pristine	*O	-0.07422	down	neighbor	23	Co	dxy	0.0003316	source_manifest:COHP/PDOS/pristine/*O/DOSCAR
pristine	*O	-0.07422	up	neighbor	23	Co	dyz	0.1308	source_manifest:COHP/PDOS/pristine/*O/DOSCAR
pristine	*O	-0.07422	down	neighbor	23	Co	dyz	6.114e-05	source_manifest:COHP/PDOS/pristine/*O/DOSCAR
pristine	*O	-0.07422	up	neighbor	23	Co	dz2	0.000482	source_manifest:COHP/PDOS/pristine/*O/DOSCAR
pristine	*O	-0.07422	down	neighbor	23	Co	dz2	0.0002191	source_manifest:COHP/PDOS/pristine/*O/DOSCAR
pristine	*O	-0.07422	up	neighbor	23	Co	dxz	0.02465	source_manifest:COHP/PDOS/pristine/*O/DOSCAR
pristine	*O	-0.07422	down	neighbor	23	Co	dxz	0.0002403	source_manifest:COHP/PDOS/pristine/*O/DOSCAR
pristine	*O	-0.07422	up	neighbor	23	Co	dx2-y2	0.08069	source_manifest:COHP/PDOS/pristine/*O/DOSCAR
pristine	*O	-0.07422	down	neighbor	23	Co	dx2-y2	0.001305	source_manifest:COHP/PDOS/pristine/*O/DOSCAR
pristine	*O	0.03178	up	neighbor	23	Co	dxy	0.02258	source_manifest:COHP/PDOS/pristine/*O/DOSCAR
pristine	*O	0.03178	down	neighbor	23	Co	dxy	0.0003847	source_manifest:COHP/PDOS/pristine/*O/DOSCAR
pristine	*O	0.03178	up	neighbor	23	Co	dyz	0.08081	source_manifest:COHP/PDOS/pristine/*O/DOSCAR
pristine	*O	0.03178	down	neighbor	23	Co	dyz	0.0002726	source_manifest:COHP/PDOS/pristine/*O/DOSCAR
pristine	*O	0.03178	up	neighbor	23	Co	dz2	0.00034	source_manifest:COHP/PDOS/pristine/*O/DOSCAR
pristine	*O	0.03178	down	neighbor	23	Co	dz2	0.001187	source_manifest:COHP/PDOS/pristine/*O/DOSCAR
pristine	*O	0.03178	up	neighbor	23	Co	dxz	0.02493	source_manifest:COHP/PDOS/pristine/*O/DOSCAR
pristine	*O	0.03178	down	neighbor	23	Co	dxz	0.0002643	source_manifest:COHP/PDOS/pristine/*O/DOSCAR
pristine	*O	0.03178	up	neighbor	23	Co	dx2-y2	0.04553	source_manifest:COHP/PDOS/pristine/*O/DOSCAR
pristine	*O	0.03178	down	neighbor	23	Co	dx2-y2	0.001807	source_manifest:COHP/PDOS/pristine/*O/DOSCAR
pristine	*O	0.13778	up	neighbor	23	Co	dxy	0.01138	source_manifest:COHP/PDOS/pristine/*O/DOSCAR
pristine	*O	0.13778	down	neighbor	23	Co	dxy	0.000168	source_manifest:COHP/PDOS/pristine/*O/DOSCAR
pristine	*O	0.13778	up	neighbor	23	Co	dyz	0.03239	source_manifest:COHP/PDOS/pristine/*O/DOSCAR
pristine	*O	0.13778	down	neighbor	23	Co	dyz	0.0001355	source_manifest:COHP/PDOS/pristine/*O/DOSCAR
pristine	*O	0.13778	up	neighbor	23	Co	dz2	0.000189	source_manifest:COHP/PDOS/pristine/*O/DOSCAR
pristine	*O	0.13778	down	neighbor	23	Co	dz2	0.0005599	source_manifest:COHP/PDOS/pristine/*O/DOSCAR
pristine	*O	0.13778	up	neighbor	23	Co	dxz	0.01792	source_manifest:COHP/PDOS/pristine/*O/DOSCAR
pristine	*O	0.13778	down	neighbor	23	Co	dxz	0.0001096	source_manifest:COHP/PDOS/pristine/*O/DOSCAR
pristine	*O	0.13778	up	neighbor	23	Co	dx2-y2	0.009526	source_manifest:COHP/PDOS/pristine/*O/DOSCAR
pristine	*O	0.13778	down	neighbor	23	Co	dx2-y2	0.0007755	source_manifest:COHP/PDOS/pristine/*O/DOSCAR
pristine	*O	0.24378	up	neighbor	23	Co	dxy	0.002561	source_manifest:COHP/PDOS/pristine/*O/DOSCAR
pristine	*O	0.24378	down	neighbor	23	Co	dxy	2.592e-05	source_manifest:COHP/PDOS/pristine/*O/DOSCAR
pristine	*O	0.24378	up	neighbor	23	Co	dyz	0.005713	source_manifest:COHP/PDOS/pristine/*O/DOSCAR
pristine	*O	0.24378	down	neighbor	23	Co	dyz	0.0001118	source_manifest:COHP/PDOS/pristine/*O/DOSCAR
pristine	*O	0.24378	up	neighbor	23	Co	dz2	4.864e-05	source_manifest:COHP/PDOS/pristine/*O/DOSCAR
pristine	*O	0.24378	down	neighbor	23	Co	dz2	2.015e-05	source_manifest:COHP/PDOS/pristine/*O/DOSCAR
pristine	*O	0.24378	up	neighbor	23	Co	dxz	0.005735	source_manifest:COHP/PDOS/pristine/*O/DOSCAR
pristine	*O	0.24378	down	neighbor	23	Co	dxz	3.769e-05	source_manifest:COHP/PDOS/pristine/*O/DOSCAR
pristine	*O	0.24378	up	neighbor	23	Co	dx2-y2	-0.002826	source_manifest:COHP/PDOS/pristine/*O/DOSCAR
pristine	*O	0.24378	down	neighbor	23	Co	dx2-y2	8.89e-05	source_manifest:COHP/PDOS/pristine/*O/DOSCAR
pristine	*O	0.34978	up	neighbor	23	Co	dxy	0.001669	source_manifest:COHP/PDOS/pristine/*O/DOSCAR
pristine	*O	0.34978	down	neighbor	23	Co	dxy	3.457e-05	source_manifest:COHP/PDOS/pristine/*O/DOSCAR
pristine	*O	0.34978	up	neighbor	23	Co	dyz	0.001761	source_manifest:COHP/PDOS/pristine/*O/DOSCAR
pristine	*O	0.34978	down	neighbor	23	Co	dyz	0.0002389	source_manifest:COHP/PDOS/pristine/*O/DOSCAR
pristine	*O	0.34978	up	neighbor	23	Co	dz2	3.869e-05	source_manifest:COHP/PDOS/pristine/*O/DOSCAR
pristine	*O	0.34978	down	neighbor	23	Co	dz2	-5.745e-05	source_manifest:COHP/PDOS/pristine/*O/DOSCAR
pristine	*O	0.34978	up	neighbor	23	Co	dxz	0.002203	source_manifest:COHP/PDOS/pristine/*O/DOSCAR
pristine	*O	0.34978	down	neighbor	23	Co	dxz	7.98e-05	source_manifest:COHP/PDOS/pristine/*O/DOSCAR
pristine	*O	0.34978	up	neighbor	23	Co	dx2-y2	-0.001777	source_manifest:COHP/PDOS/pristine/*O/DOSCAR
pristine	*O	0.34978	down	neighbor	23	Co	dx2-y2	0.0001104	source_manifest:COHP/PDOS/pristine/*O/DOSCAR
pristine	*O	0.45578	up	neighbor	23	Co	dxy	0.007962	source_manifest:COHP/PDOS/pristine/*O/DOSCAR
pristine	*O	0.45578	down	neighbor	23	Co	dxy	4.299e-05	source_manifest:COHP/PDOS/pristine/*O/DOSCAR
pristine	*O	0.45578	up	neighbor	23	Co	dyz	0.01172	source_manifest:COHP/PDOS/pristine/*O/DOSCAR
pristine	*O	0.45578	down	neighbor	23	Co	dyz	0.0002275	source_manifest:COHP/PDOS/pristine/*O/DOSCAR
pristine	*O	0.45578	up	neighbor	23	Co	dz2	0.000207	source_manifest:COHP/PDOS/pristine/*O/DOSCAR
pristine	*O	0.45578	down	neighbor	23	Co	dz2	-1.615e-05	source_manifest:COHP/PDOS/pristine/*O/DOSCAR
pristine	*O	0.45578	up	neighbor	23	Co	dxz	0.01067	source_manifest:COHP/PDOS/pristine/*O/DOSCAR
pristine	*O	0.45578	down	neighbor	23	Co	dxz	8.14e-05	source_manifest:COHP/PDOS/pristine/*O/DOSCAR
pristine	*O	0.45578	up	neighbor	23	Co	dx2-y2	8.847e-05	source_manifest:COHP/PDOS/pristine/*O/DOSCAR
pristine	*O	0.45578	down	neighbor	23	Co	dx2-y2	0.0001562	source_manifest:COHP/PDOS/pristine/*O/DOSCAR
pristine	*O	0.56178	up	neighbor	23	Co	dxy	0.01161	source_manifest:COHP/PDOS/pristine/*O/DOSCAR
pristine	*O	0.56178	down	neighbor	23	Co	dxy	1.539e-05	source_manifest:COHP/PDOS/pristine/*O/DOSCAR
pristine	*O	0.56178	up	neighbor	23	Co	dyz	0.01703	source_manifest:COHP/PDOS/pristine/*O/DOSCAR
pristine	*O	0.56178	down	neighbor	23	Co	dyz	7.627e-05	source_manifest:COHP/PDOS/pristine/*O/DOSCAR
pristine	*O	0.56178	up	neighbor	23	Co	dz2	0.0003244	source_manifest:COHP/PDOS/pristine/*O/DOSCAR
pristine	*O	0.56178	down	neighbor	23	Co	dz2	-1.507e-06	source_manifest:COHP/PDOS/pristine/*O/DOSCAR
pristine	*O	0.56178	up	neighbor	23	Co	dxz	0.01683	source_manifest:COHP/PDOS/pristine/*O/DOSCAR
pristine	*O	0.56178	down	neighbor	23	Co	dxz	2.773e-05	source_manifest:COHP/PDOS/pristine/*O/DOSCAR
pristine	*O	0.56178	up	neighbor	23	Co	dx2-y2	0.0004887	source_manifest:COHP/PDOS/pristine/*O/DOSCAR
pristine	*O	0.56178	down	neighbor	23	Co	dx2-y2	5.709e-05	source_manifest:COHP/PDOS/pristine/*O/DOSCAR
pristine	*O	0.66778	up	neighbor	23	Co	dxy	0.006884	source_manifest:COHP/PDOS/pristine/*O/DOSCAR
pristine	*O	0.66778	down	neighbor	23	Co	dxy	-1.635e-06	source_manifest:COHP/PDOS/pristine/*O/DOSCAR
pristine	*O	0.66778	up	neighbor	23	Co	dyz	0.009736	source_manifest:COHP/PDOS/pristine/*O/DOSCAR
pristine	*O	0.66778	down	neighbor	23	Co	dyz	-7.571e-06	source_manifest:COHP/PDOS/pristine/*O/DOSCAR
pristine	*O	0.66778	up	neighbor	23	Co	dz2	0.0002036	source_manifest:COHP/PDOS/pristine/*O/DOSCAR
pristine	*O	0.66778	down	neighbor	23	Co	dz2	-3.165e-07	source_manifest:COHP/PDOS/pristine/*O/DOSCAR
pristine	*O	0.66778	up	neighbor	23	Co	dxz	0.01047	source_manifest:COHP/PDOS/pristine/*O/DOSCAR
pristine	*O	0.66778	down	neighbor	23	Co	dxz	-2.783e-06	source_manifest:COHP/PDOS/pristine/*O/DOSCAR
pristine	*O	0.66778	up	neighbor	23	Co	dx2-y2	0.0002282	source_manifest:COHP/PDOS/pristine/*O/DOSCAR
pristine	*O	0.66778	down	neighbor	23	Co	dx2-y2	-6.144e-06	source_manifest:COHP/PDOS/pristine/*O/DOSCAR
pristine	*O	0.77378	up	neighbor	23	Co	dxy	0.001048	source_manifest:COHP/PDOS/pristine/*O/DOSCAR
pristine	*O	0.77378	down	neighbor	23	Co	dxy	-2.257e-06	source_manifest:COHP/PDOS/pristine/*O/DOSCAR
pristine	*O	0.77378	up	neighbor	23	Co	dyz	0.001368	source_manifest:COHP/PDOS/pristine/*O/DOSCAR
pristine	*O	0.77378	down	neighbor	23	Co	dyz	-1.06e-05	source_manifest:COHP/PDOS/pristine/*O/DOSCAR
pristine	*O	0.77378	up	neighbor	23	Co	dz2	3.496e-05	source_manifest:COHP/PDOS/pristine/*O/DOSCAR
pristine	*O	0.77378	down	neighbor	23	Co	dz2	-1.975e-07	source_manifest:COHP/PDOS/pristine/*O/DOSCAR
pristine	*O	0.77378	up	neighbor	23	Co	dxz	0.001726	source_manifest:COHP/PDOS/pristine/*O/DOSCAR
pristine	*O	0.77378	down	neighbor	23	Co	dxz	-3.886e-06	source_manifest:COHP/PDOS/pristine/*O/DOSCAR
pristine	*O	0.77378	up	neighbor	23	Co	dx2-y2	1.215e-05	source_manifest:COHP/PDOS/pristine/*O/DOSCAR
pristine	*O	0.77378	down	neighbor	23	Co	dx2-y2	-8.337e-06	source_manifest:COHP/PDOS/pristine/*O/DOSCAR
pristine	*O	0.87978	up	neighbor	23	Co	dxy	-0.0005626	source_manifest:COHP/PDOS/pristine/*O/DOSCAR
pristine	*O	0.87978	down	neighbor	23	Co	dxy	-1.212e-06	source_manifest:COHP/PDOS/pristine/*O/DOSCAR
pristine	*O	0.87978	up	neighbor	23	Co	dyz	-0.0008195	source_manifest:COHP/PDOS/pristine/*O/DOSCAR
pristine	*O	0.87978	down	neighbor	23	Co	dyz	-2.645e-06	source_manifest:COHP/PDOS/pristine/*O/DOSCAR
pristine	*O	0.87978	up	neighbor	23	Co	dz2	-1.544e-05	source_manifest:COHP/PDOS/pristine/*O/DOSCAR
pristine	*O	0.87978	down	neighbor	23	Co	dz2	-4.804e-07	source_manifest:COHP/PDOS/pristine/*O/DOSCAR
pristine	*O	0.87978	up	neighbor	23	Co	dxz	-0.0008292	source_manifest:COHP/PDOS/pristine/*O/DOSCAR
pristine	*O	0.87978	down	neighbor	23	Co	dxz	-1.085e-06	source_manifest:COHP/PDOS/pristine/*O/DOSCAR
pristine	*O	0.87978	up	neighbor	23	Co	dx2-y2	-2.373e-05	source_manifest:COHP/PDOS/pristine/*O/DOSCAR
pristine	*O	0.87978	down	neighbor	23	Co	dx2-y2	-2.007e-06	source_manifest:COHP/PDOS/pristine/*O/DOSCAR
pristine	*O	0.98478	up	neighbor	23	Co	dxy	-0.0002642	source_manifest:COHP/PDOS/pristine/*O/DOSCAR
pristine	*O	0.98478	down	neighbor	23	Co	dxy	-8.506e-06	source_manifest:COHP/PDOS/pristine/*O/DOSCAR
pristine	*O	0.98478	up	neighbor	23	Co	dyz	-0.0003759	source_manifest:COHP/PDOS/pristine/*O/DOSCAR
pristine	*O	0.98478	down	neighbor	23	Co	dyz	-1.998e-06	source_manifest:COHP/PDOS/pristine/*O/DOSCAR
pristine	*O	0.98478	up	neighbor	23	Co	dz2	-7.827e-06	source_manifest:COHP/PDOS/pristine/*O/DOSCAR
pristine	*O	0.98478	down	neighbor	23	Co	dz2	-5.055e-06	source_manifest:COHP/PDOS/pristine/*O/DOSCAR
pristine	*O	0.98478	up	neighbor	23	Co	dxz	-0.0004052	source_manifest:COHP/PDOS/pristine/*O/DOSCAR
pristine	*O	0.98478	down	neighbor	23	Co	dxz	-2.271e-06	source_manifest:COHP/PDOS/pristine/*O/DOSCAR
pristine	*O	0.98478	up	neighbor	23	Co	dx2-y2	-8.671e-06	source_manifest:COHP/PDOS/pristine/*O/DOSCAR
pristine	*O	0.98478	down	neighbor	23	Co	dx2-y2	-5.513e-07	source_manifest:COHP/PDOS/pristine/*O/DOSCAR
pristine	*O	1.09078	up	neighbor	23	Co	dxy	-4.473e-05	source_manifest:COHP/PDOS/pristine/*O/DOSCAR
pristine	*O	1.09078	down	neighbor	23	Co	dxy	-5.576e-05	source_manifest:COHP/PDOS/pristine/*O/DOSCAR
pristine	*O	1.09078	up	neighbor	23	Co	dyz	-6.413e-05	source_manifest:COHP/PDOS/pristine/*O/DOSCAR
pristine	*O	1.09078	down	neighbor	23	Co	dyz	-1.39e-05	source_manifest:COHP/PDOS/pristine/*O/DOSCAR
pristine	*O	1.09078	up	neighbor	23	Co	dz2	-1.387e-06	source_manifest:COHP/PDOS/pristine/*O/DOSCAR
pristine	*O	1.09078	down	neighbor	23	Co	dz2	-2.924e-05	source_manifest:COHP/PDOS/pristine/*O/DOSCAR
pristine	*O	1.09078	up	neighbor	23	Co	dxz	-6.933e-05	source_manifest:COHP/PDOS/pristine/*O/DOSCAR
pristine	*O	1.09078	down	neighbor	23	Co	dxz	-1.74e-05	source_manifest:COHP/PDOS/pristine/*O/DOSCAR
pristine	*O	1.09078	up	neighbor	23	Co	dx2-y2	-1.386e-06	source_manifest:COHP/PDOS/pristine/*O/DOSCAR
pristine	*O	1.09078	down	neighbor	23	Co	dx2-y2	-2.525e-06	source_manifest:COHP/PDOS/pristine/*O/DOSCAR
pristine	*O	1.19678	up	neighbor	23	Co	dxy	-4.017e-06	source_manifest:COHP/PDOS/pristine/*O/DOSCAR
pristine	*O	1.19678	down	neighbor	23	Co	dxy	-0.0001682	source_manifest:COHP/PDOS/pristine/*O/DOSCAR
pristine	*O	1.19678	up	neighbor	23	Co	dyz	-5.585e-06	source_manifest:COHP/PDOS/pristine/*O/DOSCAR
pristine	*O	1.19678	down	neighbor	23	Co	dyz	-6.063e-05	source_manifest:COHP/PDOS/pristine/*O/DOSCAR
pristine	*O	1.19678	up	neighbor	23	Co	dz2	-1.327e-07	source_manifest:COHP/PDOS/pristine/*O/DOSCAR
pristine	*O	1.19678	down	neighbor	23	Co	dz2	-6.697e-05	source_manifest:COHP/PDOS/pristine/*O/DOSCAR
pristine	*O	1.19678	up	neighbor	23	Co	dxz	-6.094e-06	source_manifest:COHP/PDOS/pristine/*O/DOSCAR
pristine	*O	1.19678	down	neighbor	23	Co	dxz	-8.104e-05	source_manifest:COHP/PDOS/pristine/*O/DOSCAR
pristine	*O	1.19678	up	neighbor	23	Co	dx2-y2	-1.21e-07	source_manifest:COHP/PDOS/pristine/*O/DOSCAR
pristine	*O	1.19678	down	neighbor	23	Co	dx2-y2	-8.959e-06	source_manifest:COHP/PDOS/pristine/*O/DOSCAR
pristine	*O	1.30278	up	neighbor	23	Co	dxy	-2.752e-07	source_manifest:COHP/PDOS/pristine/*O/DOSCAR
pristine	*O	1.30278	down	neighbor	23	Co	dxy	3.102e-06	source_manifest:COHP/PDOS/pristine/*O/DOSCAR
pristine	*O	1.30278	up	neighbor	23	Co	dyz	-2.822e-07	source_manifest:COHP/PDOS/pristine/*O/DOSCAR
pristine	*O	1.30278	down	neighbor	23	Co	dyz	-9.448e-05	source_manifest:COHP/PDOS/pristine/*O/DOSCAR
pristine	*O	1.30278	up	neighbor	23	Co	dz2	-9.929e-09	source_manifest:COHP/PDOS/pristine/*O/DOSCAR
pristine	*O	1.30278	down	neighbor	23	Co	dz2	7.198e-05	source_manifest:COHP/PDOS/pristine/*O/DOSCAR
pristine	*O	1.30278	up	neighbor	23	Co	dxz	-3.682e-07	source_manifest:COHP/PDOS/pristine/*O/DOSCAR
pristine	*O	1.30278	down	neighbor	23	Co	dxz	-0.0001657	source_manifest:COHP/PDOS/pristine/*O/DOSCAR
pristine	*O	1.30278	up	neighbor	23	Co	dx2-y2	-6.506e-09	source_manifest:COHP/PDOS/pristine/*O/DOSCAR
pristine	*O	1.30278	down	neighbor	23	Co	dx2-y2	-4.898e-06	source_manifest:COHP/PDOS/pristine/*O/DOSCAR
pristine	*O	1.40878	up	neighbor	23	Co	dxy	-2.091e-08	source_manifest:COHP/PDOS/pristine/*O/DOSCAR
pristine	*O	1.40878	down	neighbor	23	Co	dxy	0.001444	source_manifest:COHP/PDOS/pristine/*O/DOSCAR
pristine	*O	1.40878	up	neighbor	23	Co	dyz	-1.011e-08	source_manifest:COHP/PDOS/pristine/*O/DOSCAR
pristine	*O	1.40878	down	neighbor	23	Co	dyz	0.0002869	source_manifest:COHP/PDOS/pristine/*O/DOSCAR
pristine	*O	1.40878	up	neighbor	23	Co	dz2	-7.891e-10	source_manifest:COHP/PDOS/pristine/*O/DOSCAR
pristine	*O	1.40878	down	neighbor	23	Co	dz2	0.0007056	source_manifest:COHP/PDOS/pristine/*O/DOSCAR
pristine	*O	1.40878	up	neighbor	23	Co	dxz	-2.32e-08	source_manifest:COHP/PDOS/pristine/*O/DOSCAR
pristine	*O	1.40878	down	neighbor	23	Co	dxz	0.0002648	source_manifest:COHP/PDOS/pristine/*O/DOSCAR
pristine	*O	1.40878	up	neighbor	23	Co	dx2-y2	-2.615e-10	source_manifest:COHP/PDOS/pristine/*O/DOSCAR
pristine	*O	1.40878	down	neighbor	23	Co	dx2-y2	6.098e-05	source_manifest:COHP/PDOS/pristine/*O/DOSCAR
pristine	*O	1.51478	up	neighbor	23	Co	dxy	-1.347e-09	source_manifest:COHP/PDOS/pristine/*O/DOSCAR
pristine	*O	1.51478	down	neighbor	23	Co	dxy	0.00384	source_manifest:COHP/PDOS/pristine/*O/DOSCAR
pristine	*O	1.51478	up	neighbor	23	Co	dyz	-3.395e-10	source_manifest:COHP/PDOS/pristine/*O/DOSCAR
pristine	*O	1.51478	down	neighbor	23	Co	dyz	0.001526	source_manifest:COHP/PDOS/pristine/*O/DOSCAR
pristine	*O	1.51478	up	neighbor	23	Co	dz2	-5.083e-11	source_manifest:COHP/PDOS/pristine/*O/DOSCAR
pristine	*O	1.51478	down	neighbor	23	Co	dz2	0.001562	source_manifest:COHP/PDOS/pristine/*O/DOSCAR
pristine	*O	1.51478	up	neighbor	23	Co	dxz	-1.378e-09	source_manifest:COHP/PDOS/pristine/*O/DOSCAR
pristine	*O	1.51478	down	neighbor	23	Co	dxz	0.002185	source_manifest:COHP/PDOS/pristine/*O/DOSCAR
pristine	*O	1.51478	up	neighbor	23	Co	dx2-y2	-9.716e-12	source_manifest:COHP/PDOS/pristine/*O/DOSCAR
pristine	*O	1.51478	down	neighbor	23	Co	dx2-y2	0.0001566	source_manifest:COHP/PDOS/pristine/*O/DOSCAR
pristine	*O	1.62078	up	neighbor	23	Co	dxy	-5.298e-11	source_manifest:COHP/PDOS/pristine/*O/DOSCAR
pristine	*O	1.62078	down	neighbor	23	Co	dxy	0.00388	source_manifest:COHP/PDOS/pristine/*O/DOSCAR
pristine	*O	1.62078	up	neighbor	23	Co	dyz	-1.023e-11	source_manifest:COHP/PDOS/pristine/*O/DOSCAR
pristine	*O	1.62078	down	neighbor	23	Co	dyz	0.002526	source_manifest:COHP/PDOS/pristine/*O/DOSCAR
pristine	*O	1.62078	up	neighbor	23	Co	dz2	-1.991e-12	source_manifest:COHP/PDOS/pristine/*O/DOSCAR
pristine	*O	1.62078	down	neighbor	23	Co	dz2	0.001691	source_manifest:COHP/PDOS/pristine/*O/DOSCAR
pristine	*O	1.62078	up	neighbor	23	Co	dxz	-5.322e-11	source_manifest:COHP/PDOS/pristine/*O/DOSCAR
pristine	*O	1.62078	down	neighbor	23	Co	dxz	0.004415	source_manifest:COHP/PDOS/pristine/*O/DOSCAR
pristine	*O	1.62078	up	neighbor	23	Co	dx2-y2	-3.029e-13	source_manifest:COHP/PDOS/pristine/*O/DOSCAR
pristine	*O	1.62078	down	neighbor	23	Co	dx2-y2	-1.423e-05	source_manifest:COHP/PDOS/pristine/*O/DOSCAR
pristine	*O	1.72678	up	neighbor	23	Co	dxy	-1.171e-12	source_manifest:COHP/PDOS/pristine/*O/DOSCAR
pristine	*O	1.72678	down	neighbor	23	Co	dxy	0.000922	source_manifest:COHP/PDOS/pristine/*O/DOSCAR
pristine	*O	1.72678	up	neighbor	23	Co	dyz	-2.095e-13	source_manifest:COHP/PDOS/pristine/*O/DOSCAR
pristine	*O	1.72678	down	neighbor	23	Co	dyz	0.001696	source_manifest:COHP/PDOS/pristine/*O/DOSCAR
pristine	*O	1.72678	up	neighbor	23	Co	dz2	-4.392e-14	source_manifest:COHP/PDOS/pristine/*O/DOSCAR
pristine	*O	1.72678	down	neighbor	23	Co	dz2	0.0008775	source_manifest:COHP/PDOS/pristine/*O/DOSCAR
pristine	*O	1.72678	up	neighbor	23	Co	dxz	-1.172e-12	source_manifest:COHP/PDOS/pristine/*O/DOSCAR
pristine	*O	1.72678	down	neighbor	23	Co	dxz	0.003751	source_manifest:COHP/PDOS/pristine/*O/DOSCAR
pristine	*O	1.72678	up	neighbor	23	Co	dx2-y2	-6.229e-15	source_manifest:COHP/PDOS/pristine/*O/DOSCAR
pristine	*O	1.72678	down	neighbor	23	Co	dx2-y2	-0.0004922	source_manifest:COHP/PDOS/pristine/*O/DOSCAR
pristine	*O	1.83278	up	neighbor	23	Co	dxy	-1.444e-14	source_manifest:COHP/PDOS/pristine/*O/DOSCAR
pristine	*O	1.83278	down	neighbor	23	Co	dxy	0.002755	source_manifest:COHP/PDOS/pristine/*O/DOSCAR
pristine	*O	1.83278	up	neighbor	23	Co	dyz	-2.551e-15	source_manifest:COHP/PDOS/pristine/*O/DOSCAR
pristine	*O	1.83278	down	neighbor	23	Co	dyz	0.001263	source_manifest:COHP/PDOS/pristine/*O/DOSCAR
pristine	*O	1.83278	up	neighbor	23	Co	dz2	-5.436e-16	source_manifest:COHP/PDOS/pristine/*O/DOSCAR
pristine	*O	1.83278	down	neighbor	23	Co	dz2	0.0003004	source_manifest:COHP/PDOS/pristine/*O/DOSCAR
pristine	*O	1.83278	up	neighbor	23	Co	dxz	-1.444e-14	source_manifest:COHP/PDOS/pristine/*O/DOSCAR
pristine	*O	1.83278	down	neighbor	23	Co	dxz	0.001641	source_manifest:COHP/PDOS/pristine/*O/DOSCAR
pristine	*O	1.83278	up	neighbor	23	Co	dx2-y2	-1.393e-16	source_manifest:COHP/PDOS/pristine/*O/DOSCAR
pristine	*O	1.83278	down	neighbor	23	Co	dx2-y2	0.0007603	source_manifest:COHP/PDOS/pristine/*O/DOSCAR
pristine	*O	1.93878	up	neighbor	23	Co	dxy	-4.015e-16	source_manifest:COHP/PDOS/pristine/*O/DOSCAR
pristine	*O	1.93878	down	neighbor	23	Co	dxy	0.01646	source_manifest:COHP/PDOS/pristine/*O/DOSCAR
pristine	*O	1.93878	up	neighbor	23	Co	dyz	-3.887e-15	source_manifest:COHP/PDOS/pristine/*O/DOSCAR
pristine	*O	1.93878	down	neighbor	23	Co	dyz	0.005117	source_manifest:COHP/PDOS/pristine/*O/DOSCAR
pristine	*O	1.93878	up	neighbor	23	Co	dz2	-5.475e-16	source_manifest:COHP/PDOS/pristine/*O/DOSCAR
pristine	*O	1.93878	down	neighbor	23	Co	dz2	0.001016	source_manifest:COHP/PDOS/pristine/*O/DOSCAR
pristine	*O	1.93878	up	neighbor	23	Co	dxz	-3.444e-16	source_manifest:COHP/PDOS/pristine/*O/DOSCAR
pristine	*O	1.93878	down	neighbor	23	Co	dxz	0.002504	source_manifest:COHP/PDOS/pristine/*O/DOSCAR
pristine	*O	1.93878	up	neighbor	23	Co	dx2-y2	-1.313e-14	source_manifest:COHP/PDOS/pristine/*O/DOSCAR
pristine	*O	1.93878	down	neighbor	23	Co	dx2-y2	0.007341	source_manifest:COHP/PDOS/pristine/*O/DOSCAR
pristine	*O	2.04478	up	neighbor	23	Co	dxy	-3.484e-14	source_manifest:COHP/PDOS/pristine/*O/DOSCAR
pristine	*O	2.04478	down	neighbor	23	Co	dxy	0.02966	source_manifest:COHP/PDOS/pristine/*O/DOSCAR
pristine	*O	2.04478	up	neighbor	23	Co	dyz	-4.481e-13	source_manifest:COHP/PDOS/pristine/*O/DOSCAR
pristine	*O	2.04478	down	neighbor	23	Co	dyz	0.01035	source_manifest:COHP/PDOS/pristine/*O/DOSCAR
pristine	*O	2.04478	up	neighbor	23	Co	dz2	-6.347e-14	source_manifest:COHP/PDOS/pristine/*O/DOSCAR
pristine	*O	2.04478	down	neighbor	23	Co	dz2	0.002243	source_manifest:COHP/PDOS/pristine/*O/DOSCAR
pristine	*O	2.04478	up	neighbor	23	Co	dxz	-2.803e-14	source_manifest:COHP/PDOS/pristine/*O/DOSCAR
pristine	*O	2.04478	down	neighbor	23	Co	dxz	0.004868	source_manifest:COHP/PDOS/pristine/*O/DOSCAR
pristine	*O	2.04478	up	neighbor	23	Co	dx2-y2	-1.517e-12	source_manifest:COHP/PDOS/pristine/*O/DOSCAR
pristine	*O	2.04478	down	neighbor	23	Co	dx2-y2	0.01571	source_manifest:COHP/PDOS/pristine/*O/DOSCAR
pristine	*O	2.15078	up	neighbor	23	Co	dxy	-2.261e-12	source_manifest:COHP/PDOS/pristine/*O/DOSCAR
pristine	*O	2.15078	down	neighbor	23	Co	dxy	0.02353	source_manifest:COHP/PDOS/pristine/*O/DOSCAR
pristine	*O	2.15078	up	neighbor	23	Co	dyz	-2.921e-11	source_manifest:COHP/PDOS/pristine/*O/DOSCAR
pristine	*O	2.15078	down	neighbor	23	Co	dyz	0.009403	source_manifest:COHP/PDOS/pristine/*O/DOSCAR
pristine	*O	2.15078	up	neighbor	23	Co	dz2	-4.186e-12	source_manifest:COHP/PDOS/pristine/*O/DOSCAR
pristine	*O	2.15078	down	neighbor	23	Co	dz2	0.002141	source_manifest:COHP/PDOS/pristine/*O/DOSCAR
pristine	*O	2.15078	up	neighbor	23	Co	dxz	-1.798e-12	source_manifest:COHP/PDOS/pristine/*O/DOSCAR
pristine	*O	2.15078	down	neighbor	23	Co	dxz	0.004223	source_manifest:COHP/PDOS/pristine/*O/DOSCAR
pristine	*O	2.15078	up	neighbor	23	Co	dx2-y2	-9.859e-11	source_manifest:COHP/PDOS/pristine/*O/DOSCAR
pristine	*O	2.15078	down	neighbor	23	Co	dx2-y2	0.01483	source_manifest:COHP/PDOS/pristine/*O/DOSCAR
pristine	*O	2.25678	up	neighbor	23	Co	dxy	-8.19e-11	source_manifest:COHP/PDOS/pristine/*O/DOSCAR
pristine	*O	2.25678	down	neighbor	23	Co	dxy	0.00727	source_manifest:COHP/PDOS/pristine/*O/DOSCAR
pristine	*O	2.25678	up	neighbor	23	Co	dyz	-1.065e-09	source_manifest:COHP/PDOS/pristine/*O/DOSCAR
pristine	*O	2.25678	down	neighbor	23	Co	dyz	0.003527	source_manifest:COHP/PDOS/pristine/*O/DOSCAR
pristine	*O	2.25678	up	neighbor	23	Co	dz2	-1.553e-10	source_manifest:COHP/PDOS/pristine/*O/DOSCAR
pristine	*O	2.25678	down	neighbor	23	Co	dz2	0.00084	source_manifest:COHP/PDOS/pristine/*O/DOSCAR
pristine	*O	2.25678	up	neighbor	23	Co	dxz	-6.409e-11	source_manifest:COHP/PDOS/pristine/*O/DOSCAR
pristine	*O	2.25678	down	neighbor	23	Co	dxz	0.001472	source_manifest:COHP/PDOS/pristine/*O/DOSCAR
pristine	*O	2.25678	up	neighbor	23	Co	dx2-y2	-3.583e-09	source_manifest:COHP/PDOS/pristine/*O/DOSCAR
pristine	*O	2.25678	down	neighbor	23	Co	dx2-y2	0.005771	source_manifest:COHP/PDOS/pristine/*O/DOSCAR
pristine	*O	2.36278	up	neighbor	23	Co	dxy	-1.635e-09	source_manifest:COHP/PDOS/pristine/*O/DOSCAR
pristine	*O	2.36278	down	neighbor	23	Co	dxy	-0.0007126	source_manifest:COHP/PDOS/pristine/*O/DOSCAR
pristine	*O	2.36278	up	neighbor	23	Co	dyz	-2.146e-08	source_manifest:COHP/PDOS/pristine/*O/DOSCAR
pristine	*O	2.36278	down	neighbor	23	Co	dyz	-5.41e-05	source_manifest:COHP/PDOS/pristine/*O/DOSCAR
pristine	*O	2.36278	up	neighbor	23	Co	dz2	-3.208e-09	source_manifest:COHP/PDOS/pristine/*O/DOSCAR
pristine	*O	2.36278	down	neighbor	23	Co	dz2	-3.47e-06	source_manifest:COHP/PDOS/pristine/*O/DOSCAR
pristine	*O	2.36278	up	neighbor	23	Co	dxz	-1.25e-09	source_manifest:COHP/PDOS/pristine/*O/DOSCAR
pristine	*O	2.36278	down	neighbor	23	Co	dxz	-4.703e-05	source_manifest:COHP/PDOS/pristine/*O/DOSCAR
pristine	*O	2.36278	up	neighbor	23	Co	dx2-y2	-7.191e-08	source_manifest:COHP/PDOS/pristine/*O/DOSCAR
pristine	*O	2.36278	down	neighbor	23	Co	dx2-y2	-4.795e-05	source_manifest:COHP/PDOS/pristine/*O/DOSCAR
pristine	*O	2.46878	up	neighbor	23	Co	dxy	-1.746e-08	source_manifest:COHP/PDOS/pristine/*O/DOSCAR
pristine	*O	2.46878	down	neighbor	23	Co	dxy	-0.001035	source_manifest:COHP/PDOS/pristine/*O/DOSCAR
pristine	*O	2.46878	up	neighbor	23	Co	dyz	-2.321e-07	source_manifest:COHP/PDOS/pristine/*O/DOSCAR
pristine	*O	2.46878	down	neighbor	23	Co	dyz	-0.000425	source_manifest:COHP/PDOS/pristine/*O/DOSCAR
pristine	*O	2.46878	up	neighbor	23	Co	dz2	-3.606e-08	source_manifest:COHP/PDOS/pristine/*O/DOSCAR
pristine	*O	2.46878	down	neighbor	23	Co	dz2	-9.937e-05	source_manifest:COHP/PDOS/pristine/*O/DOSCAR
pristine	*O	2.46878	up	neighbor	23	Co	dxz	-1.293e-08	source_manifest:COHP/PDOS/pristine/*O/DOSCAR
pristine	*O	2.46878	down	neighbor	23	Co	dxz	-0.0001816	source_manifest:COHP/PDOS/pristine/*O/DOSCAR
pristine	*O	2.46878	up	neighbor	23	Co	dx2-y2	-7.755e-07	source_manifest:COHP/PDOS/pristine/*O/DOSCAR
pristine	*O	2.46878	down	neighbor	23	Co	dx2-y2	-0.00069	source_manifest:COHP/PDOS/pristine/*O/DOSCAR
pristine	*O	2.57478	up	neighbor	23	Co	dxy	-9.238e-08	source_manifest:COHP/PDOS/pristine/*O/DOSCAR
pristine	*O	2.57478	down	neighbor	23	Co	dxy	-0.0002563	source_manifest:COHP/PDOS/pristine/*O/DOSCAR
pristine	*O	2.57478	up	neighbor	23	Co	dyz	-1.247e-06	source_manifest:COHP/PDOS/pristine/*O/DOSCAR
pristine	*O	2.57478	down	neighbor	23	Co	dyz	-0.0001404	source_manifest:COHP/PDOS/pristine/*O/DOSCAR
pristine	*O	2.57478	up	neighbor	23	Co	dz2	-2.068e-07	source_manifest:COHP/PDOS/pristine/*O/DOSCAR
pristine	*O	2.57478	down	neighbor	23	Co	dz2	-3.089e-05	source_manifest:COHP/PDOS/pristine/*O/DOSCAR
pristine	*O	2.57478	up	neighbor	23	Co	dxz	-6.529e-08	source_manifest:COHP/PDOS/pristine/*O/DOSCAR
pristine	*O	2.57478	down	neighbor	23	Co	dxz	-3.33e-05	source_manifest:COHP/PDOS/pristine/*O/DOSCAR
pristine	*O	2.57478	up	neighbor	23	Co	dx2-y2	-4.171e-06	source_manifest:COHP/PDOS/pristine/*O/DOSCAR
pristine	*O	2.57478	down	neighbor	23	Co	dx2-y2	-0.0002047	source_manifest:COHP/PDOS/pristine/*O/DOSCAR
pristine	*O	2.67978	up	neighbor	23	Co	dxy	-1.757e-07	source_manifest:COHP/PDOS/pristine/*O/DOSCAR
pristine	*O	2.67978	down	neighbor	23	Co	dxy	-0.000225	source_manifest:COHP/PDOS/pristine/*O/DOSCAR
pristine	*O	2.67978	up	neighbor	23	Co	dyz	-2.383e-06	source_manifest:COHP/PDOS/pristine/*O/DOSCAR
pristine	*O	2.67978	down	neighbor	23	Co	dyz	-8.908e-05	source_manifest:COHP/PDOS/pristine/*O/DOSCAR
pristine	*O	2.67978	up	neighbor	23	Co	dz2	-4.728e-07	source_manifest:COHP/PDOS/pristine/*O/DOSCAR
pristine	*O	2.67978	down	neighbor	23	Co	dz2	-1.155e-05	source_manifest:COHP/PDOS/pristine/*O/DOSCAR
pristine	*O	2.67978	up	neighbor	23	Co	dxz	-1.175e-07	source_manifest:COHP/PDOS/pristine/*O/DOSCAR
pristine	*O	2.67978	down	neighbor	23	Co	dxz	-0.0001104	source_manifest:COHP/PDOS/pristine/*O/DOSCAR
pristine	*O	2.67978	up	neighbor	23	Co	dx2-y2	-8.095e-06	source_manifest:COHP/PDOS/pristine/*O/DOSCAR
pristine	*O	2.67978	down	neighbor	23	Co	dx2-y2	-3.416e-05	source_manifest:COHP/PDOS/pristine/*O/DOSCAR
pristine	*O	2.78578	up	neighbor	23	Co	dxy	2.748e-07	source_manifest:COHP/PDOS/pristine/*O/DOSCAR
pristine	*O	2.78578	down	neighbor	23	Co	dxy	-0.00264	source_manifest:COHP/PDOS/pristine/*O/DOSCAR
pristine	*O	2.78578	up	neighbor	23	Co	dyz	4.619e-06	source_manifest:COHP/PDOS/pristine/*O/DOSCAR
pristine	*O	2.78578	down	neighbor	23	Co	dyz	-0.000114	source_manifest:COHP/PDOS/pristine/*O/DOSCAR
pristine	*O	2.78578	up	neighbor	23	Co	dz2	4.483e-07	source_manifest:COHP/PDOS/pristine/*O/DOSCAR
pristine	*O	2.78578	down	neighbor	23	Co	dz2	-1.432e-05	source_manifest:COHP/PDOS/pristine/*O/DOSCAR
pristine	*O	2.78578	up	neighbor	23	Co	dxz	1.327e-07	source_manifest:COHP/PDOS/pristine/*O/DOSCAR
pristine	*O	2.78578	down	neighbor	23	Co	dxz	-0.001724	source_manifest:COHP/PDOS/pristine/*O/DOSCAR
pristine	*O	2.78578	up	neighbor	23	Co	dx2-y2	1.511e-05	source_manifest:COHP/PDOS/pristine/*O/DOSCAR
pristine	*O	2.78578	down	neighbor	23	Co	dx2-y2	-3.229e-05	source_manifest:COHP/PDOS/pristine/*O/DOSCAR
pristine	*O	2.89178	up	neighbor	23	Co	dxy	1.502e-06	source_manifest:COHP/PDOS/pristine/*O/DOSCAR
pristine	*O	2.89178	down	neighbor	23	Co	dxy	-0.01523	source_manifest:COHP/PDOS/pristine/*O/DOSCAR
pristine	*O	2.89178	up	neighbor	23	Co	dyz	2.731e-05	source_manifest:COHP/PDOS/pristine/*O/DOSCAR
pristine	*O	2.89178	down	neighbor	23	Co	dyz	0.0002599	source_manifest:COHP/PDOS/pristine/*O/DOSCAR
pristine	*O	2.89178	up	neighbor	23	Co	dz2	4.213e-06	source_manifest:COHP/PDOS/pristine/*O/DOSCAR
pristine	*O	2.89178	down	neighbor	23	Co	dz2	8.492e-06	source_manifest:COHP/PDOS/pristine/*O/DOSCAR
pristine	*O	2.89178	up	neighbor	23	Co	dxz	5.274e-07	source_manifest:COHP/PDOS/pristine/*O/DOSCAR
pristine	*O	2.89178	down	neighbor	23	Co	dxz	-0.009648	source_manifest:COHP/PDOS/pristine/*O/DOSCAR
pristine	*O	2.89178	up	neighbor	23	Co	dx2-y2	9.428e-05	source_manifest:COHP/PDOS/pristine/*O/DOSCAR
pristine	*O	2.89178	down	neighbor	23	Co	dx2-y2	-6.336e-05	source_manifest:COHP/PDOS/pristine/*O/DOSCAR
pristine	*O	2.99778	up	neighbor	23	Co	dxy	1.96e-06	source_manifest:COHP/PDOS/pristine/*O/DOSCAR
pristine	*O	2.99778	down	neighbor	23	Co	dxy	-0.03405	source_manifest:COHP/PDOS/pristine/*O/DOSCAR
pristine	*O	2.99778	up	neighbor	23	Co	dyz	4.718e-05	source_manifest:COHP/PDOS/pristine/*O/DOSCAR
pristine	*O	2.99778	down	neighbor	23	Co	dyz	0.001286	source_manifest:COHP/PDOS/pristine/*O/DOSCAR
pristine	*O	2.99778	up	neighbor	23	Co	dz2	8.696e-06	source_manifest:COHP/PDOS/pristine/*O/DOSCAR
pristine	*O	2.99778	down	neighbor	23	Co	dz2	2.364e-05	source_manifest:COHP/PDOS/pristine/*O/DOSCAR
pristine	*O	2.99778	up	neighbor	23	Co	dxz	4.746e-07	source_manifest:COHP/PDOS/pristine/*O/DOSCAR
pristine	*O	2.99778	down	neighbor	23	Co	dxz	-0.02025	source_manifest:COHP/PDOS/pristine/*O/DOSCAR
pristine	*O	2.99778	up	neighbor	23	Co	dx2-y2	0.0001695	source_manifest:COHP/PDOS/pristine/*O/DOSCAR
pristine	*O	2.99778	down	neighbor	23	Co	dx2-y2	-3.769e-08	source_manifest:COHP/PDOS/pristine/*O/DOSCAR
pristine	*O	3.10378	up	neighbor	23	Co	dxy	2.748e-06	source_manifest:COHP/PDOS/pristine/*O/DOSCAR
pristine	*O	3.10378	down	neighbor	23	Co	dxy	0.03822	source_manifest:COHP/PDOS/pristine/*O/DOSCAR
pristine	*O	3.10378	up	neighbor	23	Co	dyz	5.875e-05	source_manifest:COHP/PDOS/pristine/*O/DOSCAR
pristine	*O	3.10378	down	neighbor	23	Co	dyz	0.002353	source_manifest:COHP/PDOS/pristine/*O/DOSCAR
pristine	*O	3.10378	up	neighbor	23	Co	dz2	1.405e-05	source_manifest:COHP/PDOS/pristine/*O/DOSCAR
pristine	*O	3.10378	down	neighbor	23	Co	dz2	-9.484e-06	source_manifest:COHP/PDOS/pristine/*O/DOSCAR
pristine	*O	3.10378	up	neighbor	23	Co	dxz	4.366e-06	source_manifest:COHP/PDOS/pristine/*O/DOSCAR
pristine	*O	3.10378	down	neighbor	23	Co	dxz	0.03076	source_manifest:COHP/PDOS/pristine/*O/DOSCAR
pristine	*O	3.10378	up	neighbor	23	Co	dx2-y2	0.0001954	source_manifest:COHP/PDOS/pristine/*O/DOSCAR
pristine	*O	3.10378	down	neighbor	23	Co	dx2-y2	0.0005596	source_manifest:COHP/PDOS/pristine/*O/DOSCAR
pristine	*O	3.20978	up	neighbor	23	Co	dxy	1.116e-05	source_manifest:COHP/PDOS/pristine/*O/DOSCAR
pristine	*O	3.20978	down	neighbor	23	Co	dxy	0.3368	source_manifest:COHP/PDOS/pristine/*O/DOSCAR
pristine	*O	3.20978	up	neighbor	23	Co	dyz	9.328e-05	source_manifest:COHP/PDOS/pristine/*O/DOSCAR
pristine	*O	3.20978	down	neighbor	23	Co	dyz	0.004317	source_manifest:COHP/PDOS/pristine/*O/DOSCAR
pristine	*O	3.20978	up	neighbor	23	Co	dz2	2.594e-05	source_manifest:COHP/PDOS/pristine/*O/DOSCAR
pristine	*O	3.20978	down	neighbor	23	Co	dz2	0.0008532	source_manifest:COHP/PDOS/pristine/*O/DOSCAR
pristine	*O	3.20978	up	neighbor	23	Co	dxz	1.897e-05	source_manifest:COHP/PDOS/pristine/*O/DOSCAR
pristine	*O	3.20978	down	neighbor	23	Co	dxz	0.2277	source_manifest:COHP/PDOS/pristine/*O/DOSCAR
pristine	*O	3.20978	up	neighbor	23	Co	dx2-y2	0.0002557	source_manifest:COHP/PDOS/pristine/*O/DOSCAR
pristine	*O	3.20978	down	neighbor	23	Co	dx2-y2	0.002124	source_manifest:COHP/PDOS/pristine/*O/DOSCAR
pristine	*O	3.31578	up	neighbor	23	Co	dxy	3.658e-05	source_manifest:COHP/PDOS/pristine/*O/DOSCAR
pristine	*O	3.31578	down	neighbor	23	Co	dxy	0.7424	source_manifest:COHP/PDOS/pristine/*O/DOSCAR
pristine	*O	3.31578	up	neighbor	23	Co	dyz	0.0001221	source_manifest:COHP/PDOS/pristine/*O/DOSCAR
pristine	*O	3.31578	down	neighbor	23	Co	dyz	0.01022	source_manifest:COHP/PDOS/pristine/*O/DOSCAR
pristine	*O	3.31578	up	neighbor	23	Co	dz2	3.664e-05	source_manifest:COHP/PDOS/pristine/*O/DOSCAR
pristine	*O	3.31578	down	neighbor	23	Co	dz2	0.004355	source_manifest:COHP/PDOS/pristine/*O/DOSCAR
pristine	*O	3.31578	up	neighbor	23	Co	dxz	4.164e-05	source_manifest:COHP/PDOS/pristine/*O/DOSCAR
pristine	*O	3.31578	down	neighbor	23	Co	dxz	0.4667	source_manifest:COHP/PDOS/pristine/*O/DOSCAR
pristine	*O	3.31578	up	neighbor	23	Co	dx2-y2	0.0003094	source_manifest:COHP/PDOS/pristine/*O/DOSCAR
pristine	*O	3.31578	down	neighbor	23	Co	dx2-y2	0.004353	source_manifest:COHP/PDOS/pristine/*O/DOSCAR
pristine	*O	3.42178	up	neighbor	23	Co	dxy	8.794e-05	source_manifest:COHP/PDOS/pristine/*O/DOSCAR
pristine	*O	3.42178	down	neighbor	23	Co	dxy	1.074	source_manifest:COHP/PDOS/pristine/*O/DOSCAR
pristine	*O	3.42178	up	neighbor	23	Co	dyz	0.0001149	source_manifest:COHP/PDOS/pristine/*O/DOSCAR
pristine	*O	3.42178	down	neighbor	23	Co	dyz	0.02056	source_manifest:COHP/PDOS/pristine/*O/DOSCAR
pristine	*O	3.42178	up	neighbor	23	Co	dz2	3.872e-05	source_manifest:COHP/PDOS/pristine/*O/DOSCAR
pristine	*O	3.42178	down	neighbor	23	Co	dz2	0.008792	source_manifest:COHP/PDOS/pristine/*O/DOSCAR
pristine	*O	3.42178	up	neighbor	23	Co	dxz	7.272e-05	source_manifest:COHP/PDOS/pristine/*O/DOSCAR
pristine	*O	3.42178	down	neighbor	23	Co	dxz	0.5913	source_manifest:COHP/PDOS/pristine/*O/DOSCAR
pristine	*O	3.42178	up	neighbor	23	Co	dx2-y2	0.0002877	source_manifest:COHP/PDOS/pristine/*O/DOSCAR
pristine	*O	3.42178	down	neighbor	23	Co	dx2-y2	0.006441	source_manifest:COHP/PDOS/pristine/*O/DOSCAR
pristine	*O	3.52778	up	neighbor	23	Co	dxy	0.0001705	source_manifest:COHP/PDOS/pristine/*O/DOSCAR
pristine	*O	3.52778	down	neighbor	23	Co	dxy	1.252	source_manifest:COHP/PDOS/pristine/*O/DOSCAR
pristine	*O	3.52778	up	neighbor	23	Co	dyz	0.0001543	source_manifest:COHP/PDOS/pristine/*O/DOSCAR
pristine	*O	3.52778	down	neighbor	23	Co	dyz	0.03354	source_manifest:COHP/PDOS/pristine/*O/DOSCAR
pristine	*O	3.52778	up	neighbor	23	Co	dz2	4.441e-05	source_manifest:COHP/PDOS/pristine/*O/DOSCAR
pristine	*O	3.52778	down	neighbor	23	Co	dz2	0.009805	source_manifest:COHP/PDOS/pristine/*O/DOSCAR
pristine	*O	3.52778	up	neighbor	23	Co	dxz	0.000123	source_manifest:COHP/PDOS/pristine/*O/DOSCAR
pristine	*O	3.52778	down	neighbor	23	Co	dxz	0.6074	source_manifest:COHP/PDOS/pristine/*O/DOSCAR
pristine	*O	3.52778	up	neighbor	23	Co	dx2-y2	0.0003639	source_manifest:COHP/PDOS/pristine/*O/DOSCAR
pristine	*O	3.52778	down	neighbor	23	Co	dx2-y2	0.008176	source_manifest:COHP/PDOS/pristine/*O/DOSCAR
pristine	*O	3.63378	up	neighbor	23	Co	dxy	0.0002589	source_manifest:COHP/PDOS/pristine/*O/DOSCAR
pristine	*O	3.63378	down	neighbor	23	Co	dxy	1.068	source_manifest:COHP/PDOS/pristine/*O/DOSCAR
pristine	*O	3.63378	up	neighbor	23	Co	dyz	0.000272	source_manifest:COHP/PDOS/pristine/*O/DOSCAR
pristine	*O	3.63378	down	neighbor	23	Co	dyz	0.04246	source_manifest:COHP/PDOS/pristine/*O/DOSCAR
pristine	*O	3.63378	up	neighbor	23	Co	dz2	5.149e-05	source_manifest:COHP/PDOS/pristine/*O/DOSCAR
pristine	*O	3.63378	down	neighbor	23	Co	dz2	0.007813	source_manifest:COHP/PDOS/pristine/*O/DOSCAR
pristine	*O	3.63378	up	neighbor	23	Co	dxz	0.0001766	source_manifest:COHP/PDOS/pristine/*O/DOSCAR
pristine	*O	3.63378	down	neighbor	23	Co	dxz	0.4879	source_manifest:COHP/PDOS/pristine/*O/DOSCAR
pristine	*O	3.63378	up	neighbor	23	Co	dx2-y2	0.000539	source_manifest:COHP/PDOS/pristine/*O/DOSCAR
pristine	*O	3.63378	down	neighbor	23	Co	dx2-y2	0.008676	source_manifest:COHP/PDOS/pristine/*O/DOSCAR
pristine	*O	3.73978	up	neighbor	23	Co	dxy	0.0002644	source_manifest:COHP/PDOS/pristine/*O/DOSCAR
pristine	*O	3.73978	down	neighbor	23	Co	dxy	0.6487	source_manifest:COHP/PDOS/pristine/*O/DOSCAR
pristine	*O	3.73978	up	neighbor	23	Co	dyz	0.000317	source_manifest:COHP/PDOS/pristine/*O/DOSCAR
pristine	*O	3.73978	down	neighbor	23	Co	dyz	0.03578	source_manifest:COHP/PDOS/pristine/*O/DOSCAR
pristine	*O	3.73978	up	neighbor	23	Co	dz2	4.144e-05	source_manifest:COHP/PDOS/pristine/*O/DOSCAR
pristine	*O	3.73978	down	neighbor	23	Co	dz2	0.005552	source_manifest:COHP/PDOS/pristine/*O/DOSCAR
pristine	*O	3.73978	up	neighbor	23	Co	dxz	0.0001785	source_manifest:COHP/PDOS/pristine/*O/DOSCAR
pristine	*O	3.73978	down	neighbor	23	Co	dxz	0.2765	source_manifest:COHP/PDOS/pristine/*O/DOSCAR
pristine	*O	3.73978	up	neighbor	23	Co	dx2-y2	0.000516	source_manifest:COHP/PDOS/pristine/*O/DOSCAR
pristine	*O	3.73978	down	neighbor	23	Co	dx2-y2	0.006707	source_manifest:COHP/PDOS/pristine/*O/DOSCAR
pristine	*O	3.84578	up	neighbor	23	Co	dxy	0.000182	source_manifest:COHP/PDOS/pristine/*O/DOSCAR
pristine	*O	3.84578	down	neighbor	23	Co	dxy	0.3141	source_manifest:COHP/PDOS/pristine/*O/DOSCAR
pristine	*O	3.84578	up	neighbor	23	Co	dyz	0.0002205	source_manifest:COHP/PDOS/pristine/*O/DOSCAR
pristine	*O	3.84578	down	neighbor	23	Co	dyz	0.03002	source_manifest:COHP/PDOS/pristine/*O/DOSCAR
pristine	*O	3.84578	up	neighbor	23	Co	dz2	2.239e-05	source_manifest:COHP/PDOS/pristine/*O/DOSCAR
pristine	*O	3.84578	down	neighbor	23	Co	dz2	0.00384	source_manifest:COHP/PDOS/pristine/*O/DOSCAR
pristine	*O	3.84578	up	neighbor	23	Co	dxz	0.0001362	source_manifest:COHP/PDOS/pristine/*O/DOSCAR
pristine	*O	3.84578	down	neighbor	23	Co	dxz	0.1161	source_manifest:COHP/PDOS/pristine/*O/DOSCAR
pristine	*O	3.84578	up	neighbor	23	Co	dx2-y2	0.0003026	source_manifest:COHP/PDOS/pristine/*O/DOSCAR
pristine	*O	3.84578	down	neighbor	23	Co	dx2-y2	0.005632	source_manifest:COHP/PDOS/pristine/*O/DOSCAR
pristine	*O	3.95178	up	neighbor	23	Co	dxy	0.0001623	source_manifest:COHP/PDOS/pristine/*O/DOSCAR
pristine	*O	3.95178	down	neighbor	23	Co	dxy	0.1253	source_manifest:COHP/PDOS/pristine/*O/DOSCAR
pristine	*O	3.95178	up	neighbor	23	Co	dyz	0.000136	source_manifest:COHP/PDOS/pristine/*O/DOSCAR
pristine	*O	3.95178	down	neighbor	23	Co	dyz	0.1067	source_manifest:COHP/PDOS/pristine/*O/DOSCAR
pristine	*O	3.95178	up	neighbor	23	Co	dz2	1.488e-05	source_manifest:COHP/PDOS/pristine/*O/DOSCAR
pristine	*O	3.95178	down	neighbor	23	Co	dz2	0.00587	source_manifest:COHP/PDOS/pristine/*O/DOSCAR
pristine	*O	3.95178	up	neighbor	23	Co	dxz	0.0001462	source_manifest:COHP/PDOS/pristine/*O/DOSCAR
pristine	*O	3.95178	down	neighbor	23	Co	dxz	0.05833	source_manifest:COHP/PDOS/pristine/*O/DOSCAR
pristine	*O	3.95178	up	neighbor	23	Co	dx2-y2	0.0001704	source_manifest:COHP/PDOS/pristine/*O/DOSCAR
pristine	*O	3.95178	down	neighbor	23	Co	dx2-y2	0.02189	source_manifest:COHP/PDOS/pristine/*O/DOSCAR
pristine	*O	-7.91322	up	Obridge	258	O	py	0.001443	source_manifest:COHP/PDOS/pristine/*O/DOSCAR
pristine	*O	-7.91322	down	Obridge	258	O	py	-5.471e-05	source_manifest:COHP/PDOS/pristine/*O/DOSCAR
pristine	*O	-7.91322	up	Obridge	258	O	pz	0.02937	source_manifest:COHP/PDOS/pristine/*O/DOSCAR
pristine	*O	-7.91322	down	Obridge	258	O	pz	-0.001583	source_manifest:COHP/PDOS/pristine/*O/DOSCAR
pristine	*O	-7.91322	up	Obridge	258	O	px	0.003036	source_manifest:COHP/PDOS/pristine/*O/DOSCAR
pristine	*O	-7.91322	down	Obridge	258	O	px	-0.0001098	source_manifest:COHP/PDOS/pristine/*O/DOSCAR
pristine	*O	-7.80722	up	Obridge	258	O	py	0.003107	source_manifest:COHP/PDOS/pristine/*O/DOSCAR
pristine	*O	-7.80722	down	Obridge	258	O	py	0.0001631	source_manifest:COHP/PDOS/pristine/*O/DOSCAR
pristine	*O	-7.80722	up	Obridge	258	O	pz	0.04493	source_manifest:COHP/PDOS/pristine/*O/DOSCAR
pristine	*O	-7.80722	down	Obridge	258	O	pz	0.004479	source_manifest:COHP/PDOS/pristine/*O/DOSCAR
pristine	*O	-7.80722	up	Obridge	258	O	px	0.003865	source_manifest:COHP/PDOS/pristine/*O/DOSCAR
pristine	*O	-7.80722	down	Obridge	258	O	px	0.0003258	source_manifest:COHP/PDOS/pristine/*O/DOSCAR
pristine	*O	-7.70122	up	Obridge	258	O	py	0.004345	source_manifest:COHP/PDOS/pristine/*O/DOSCAR
pristine	*O	-7.70122	down	Obridge	258	O	py	0.0007746	source_manifest:COHP/PDOS/pristine/*O/DOSCAR
pristine	*O	-7.70122	up	Obridge	258	O	pz	0.03932	source_manifest:COHP/PDOS/pristine/*O/DOSCAR
pristine	*O	-7.70122	down	Obridge	258	O	pz	0.02244	source_manifest:COHP/PDOS/pristine/*O/DOSCAR
pristine	*O	-7.70122	up	Obridge	258	O	px	0.003781	source_manifest:COHP/PDOS/pristine/*O/DOSCAR
pristine	*O	-7.70122	down	Obridge	258	O	px	0.001545	source_manifest:COHP/PDOS/pristine/*O/DOSCAR
pristine	*O	-7.59622	up	Obridge	258	O	py	0.005636	source_manifest:COHP/PDOS/pristine/*O/DOSCAR
pristine	*O	-7.59622	down	Obridge	258	O	py	0.001263	source_manifest:COHP/PDOS/pristine/*O/DOSCAR
pristine	*O	-7.59622	up	Obridge	258	O	pz	0.04151	source_manifest:COHP/PDOS/pristine/*O/DOSCAR
pristine	*O	-7.59622	down	Obridge	258	O	pz	0.03873	source_manifest:COHP/PDOS/pristine/*O/DOSCAR
pristine	*O	-7.59622	up	Obridge	258	O	px	0.01134	source_manifest:COHP/PDOS/pristine/*O/DOSCAR
pristine	*O	-7.59622	down	Obridge	258	O	px	0.002506	source_manifest:COHP/PDOS/pristine/*O/DOSCAR
pristine	*O	-7.49022	up	Obridge	258	O	py	0.01775	source_manifest:COHP/PDOS/pristine/*O/DOSCAR
pristine	*O	-7.49022	down	Obridge	258	O	py	0.00124	source_manifest:COHP/PDOS/pristine/*O/DOSCAR
pristine	*O	-7.49022	up	Obridge	258	O	pz	0.1309	source_manifest:COHP/PDOS/pristine/*O/DOSCAR
pristine	*O	-7.49022	down	Obridge	258	O	pz	0.03951	source_manifest:COHP/PDOS/pristine/*O/DOSCAR
pristine	*O	-7.49022	up	Obridge	258	O	px	0.04292	source_manifest:COHP/PDOS/pristine/*O/DOSCAR
pristine	*O	-7.49022	down	Obridge	258	O	px	0.002458	source_manifest:COHP/PDOS/pristine/*O/DOSCAR
pristine	*O	-7.38422	up	Obridge	258	O	py	0.05648	source_manifest:COHP/PDOS/pristine/*O/DOSCAR
pristine	*O	-7.38422	down	Obridge	258	O	py	0.001479	source_manifest:COHP/PDOS/pristine/*O/DOSCAR
pristine	*O	-7.38422	up	Obridge	258	O	pz	0.3202	source_manifest:COHP/PDOS/pristine/*O/DOSCAR
pristine	*O	-7.38422	down	Obridge	258	O	pz	0.03729	source_manifest:COHP/PDOS/pristine/*O/DOSCAR
pristine	*O	-7.38422	up	Obridge	258	O	px	0.1098	source_manifest:COHP/PDOS/pristine/*O/DOSCAR
pristine	*O	-7.38422	down	Obridge	258	O	px	0.002985	source_manifest:COHP/PDOS/pristine/*O/DOSCAR
pristine	*O	-7.27822	up	Obridge	258	O	py	0.09489	source_manifest:COHP/PDOS/pristine/*O/DOSCAR
pristine	*O	-7.27822	down	Obridge	258	O	py	0.002734	source_manifest:COHP/PDOS/pristine/*O/DOSCAR
pristine	*O	-7.27822	up	Obridge	258	O	pz	0.3922	source_manifest:COHP/PDOS/pristine/*O/DOSCAR
pristine	*O	-7.27822	down	Obridge	258	O	pz	0.04609	source_manifest:COHP/PDOS/pristine/*O/DOSCAR
pristine	*O	-7.27822	up	Obridge	258	O	px	0.1669	source_manifest:COHP/PDOS/pristine/*O/DOSCAR
pristine	*O	-7.27822	down	Obridge	258	O	px	0.005544	source_manifest:COHP/PDOS/pristine/*O/DOSCAR
pristine	*O	-7.17222	up	Obridge	258	O	py	0.07912	source_manifest:COHP/PDOS/pristine/*O/DOSCAR
pristine	*O	-7.17222	down	Obridge	258	O	py	0.004645	source_manifest:COHP/PDOS/pristine/*O/DOSCAR
pristine	*O	-7.17222	up	Obridge	258	O	pz	0.2301	source_manifest:COHP/PDOS/pristine/*O/DOSCAR
pristine	*O	-7.17222	down	Obridge	258	O	pz	0.0621	source_manifest:COHP/PDOS/pristine/*O/DOSCAR
pristine	*O	-7.17222	up	Obridge	258	O	px	0.142	source_manifest:COHP/PDOS/pristine/*O/DOSCAR
pristine	*O	-7.17222	down	Obridge	258	O	px	0.009524	source_manifest:COHP/PDOS/pristine/*O/DOSCAR
pristine	*O	-7.06622	up	Obridge	258	O	py	0.03173	source_manifest:COHP/PDOS/pristine/*O/DOSCAR
pristine	*O	-7.06622	down	Obridge	258	O	py	0.009929	source_manifest:COHP/PDOS/pristine/*O/DOSCAR
pristine	*O	-7.06622	up	Obridge	258	O	pz	0.05798	source_manifest:COHP/PDOS/pristine/*O/DOSCAR
pristine	*O	-7.06622	down	Obridge	258	O	pz	0.09293	source_manifest:COHP/PDOS/pristine/*O/DOSCAR
pristine	*O	-7.06622	up	Obridge	258	O	px	0.06818	source_manifest:COHP/PDOS/pristine/*O/DOSCAR
pristine	*O	-7.06622	down	Obridge	258	O	px	0.02339	source_manifest:COHP/PDOS/pristine/*O/DOSCAR
pristine	*O	-6.96022	up	Obridge	258	O	py	0.01133	source_manifest:COHP/PDOS/pristine/*O/DOSCAR
pristine	*O	-6.96022	down	Obridge	258	O	py	0.028	source_manifest:COHP/PDOS/pristine/*O/DOSCAR
pristine	*O	-6.96022	up	Obridge	258	O	pz	0.00795	source_manifest:COHP/PDOS/pristine/*O/DOSCAR
pristine	*O	-6.96022	down	Obridge	258	O	pz	0.1737	source_manifest:COHP/PDOS/pristine/*O/DOSCAR
pristine	*O	-6.96022	up	Obridge	258	O	px	0.03934	source_manifest:COHP/PDOS/pristine/*O/DOSCAR
pristine	*O	-6.96022	down	Obridge	258	O	px	0.07309	source_manifest:COHP/PDOS/pristine/*O/DOSCAR
pristine	*O	-6.85422	up	Obridge	258	O	py	0.02071	source_manifest:COHP/PDOS/pristine/*O/DOSCAR
pristine	*O	-6.85422	down	Obridge	258	O	py	0.05394	source_manifest:COHP/PDOS/pristine/*O/DOSCAR
pristine	*O	-6.85422	up	Obridge	258	O	pz	0.006305	source_manifest:COHP/PDOS/pristine/*O/DOSCAR
pristine	*O	-6.85422	down	Obridge	258	O	pz	0.2593	source_manifest:COHP/PDOS/pristine/*O/DOSCAR
pristine	*O	-6.85422	up	Obridge	258	O	px	0.06923	source_manifest:COHP/PDOS/pristine/*O/DOSCAR
pristine	*O	-6.85422	down	Obridge	258	O	px	0.1444	source_manifest:COHP/PDOS/pristine/*O/DOSCAR
pristine	*O	-6.74822	up	Obridge	258	O	py	0.03451	source_manifest:COHP/PDOS/pristine/*O/DOSCAR
pristine	*O	-6.74822	down	Obridge	258	O	py	0.06316	source_manifest:COHP/PDOS/pristine/*O/DOSCAR
pristine	*O	-6.74822	up	Obridge	258	O	pz	0.001194	source_manifest:COHP/PDOS/pristine/*O/DOSCAR
pristine	*O	-6.74822	down	Obridge	258	O	pz	0.2412	source_manifest:COHP/PDOS/pristine/*O/DOSCAR
pristine	*O	-6.74822	up	Obridge	258	O	px	0.101	source_manifest:COHP/PDOS/pristine/*O/DOSCAR
pristine	*O	-6.74822	down	Obridge	258	O	px	0.163	source_manifest:COHP/PDOS/pristine/*O/DOSCAR
pristine	*O	-6.64222	up	Obridge	258	O	py	0.03646	source_manifest:COHP/PDOS/pristine/*O/DOSCAR
pristine	*O	-6.64222	down	Obridge	258	O	py	0.06037	source_manifest:COHP/PDOS/pristine/*O/DOSCAR
pristine	*O	-6.64222	up	Obridge	258	O	pz	0.02387	source_manifest:COHP/PDOS/pristine/*O/DOSCAR
pristine	*O	-6.64222	down	Obridge	258	O	pz	0.1966	source_manifest:COHP/PDOS/pristine/*O/DOSCAR
pristine	*O	-6.64222	up	Obridge	258	O	px	0.0955	source_manifest:COHP/PDOS/pristine/*O/DOSCAR
pristine	*O	-6.64222	down	Obridge	258	O	px	0.13	source_manifest:COHP/PDOS/pristine/*O/DOSCAR
pristine	*O	-6.53622	up	Obridge	258	O	py	0.03488	source_manifest:COHP/PDOS/pristine/*O/DOSCAR
pristine	*O	-6.53622	down	Obridge	258	O	py	0.06142	source_manifest:COHP/PDOS/pristine/*O/DOSCAR
pristine	*O	-6.53622	up	Obridge	258	O	pz	0.1691	source_manifest:COHP/PDOS/pristine/*O/DOSCAR
pristine	*O	-6.53622	down	Obridge	258	O	pz	0.2293	source_manifest:COHP/PDOS/pristine/*O/DOSCAR
pristine	*O	-6.53622	up	Obridge	258	O	px	0.08464	source_manifest:COHP/PDOS/pristine/*O/DOSCAR
pristine	*O	-6.53622	down	Obridge	258	O	px	0.1062	source_manifest:COHP/PDOS/pristine/*O/DOSCAR
pristine	*O	-6.43022	up	Obridge	258	O	py	0.04146	source_manifest:COHP/PDOS/pristine/*O/DOSCAR
pristine	*O	-6.43022	down	Obridge	258	O	py	0.05479	source_manifest:COHP/PDOS/pristine/*O/DOSCAR
pristine	*O	-6.43022	up	Obridge	258	O	pz	0.3943	source_manifest:COHP/PDOS/pristine/*O/DOSCAR
pristine	*O	-6.43022	down	Obridge	258	O	pz	0.2715	source_manifest:COHP/PDOS/pristine/*O/DOSCAR
pristine	*O	-6.43022	up	Obridge	258	O	px	0.09891	source_manifest:COHP/PDOS/pristine/*O/DOSCAR
pristine	*O	-6.43022	down	Obridge	258	O	px	0.1016	source_manifest:COHP/PDOS/pristine/*O/DOSCAR
pristine	*O	-6.32422	up	Obridge	258	O	py	0.03827	source_manifest:COHP/PDOS/pristine/*O/DOSCAR
pristine	*O	-6.32422	down	Obridge	258	O	py	0.05005	source_manifest:COHP/PDOS/pristine/*O/DOSCAR
pristine	*O	-6.32422	up	Obridge	258	O	pz	0.4854	source_manifest:COHP/PDOS/pristine/*O/DOSCAR
pristine	*O	-6.32422	down	Obridge	258	O	pz	0.3351	source_manifest:COHP/PDOS/pristine/*O/DOSCAR
pristine	*O	-6.32422	up	Obridge	258	O	px	0.09331	source_manifest:COHP/PDOS/pristine/*O/DOSCAR
pristine	*O	-6.32422	down	Obridge	258	O	px	0.1302	source_manifest:COHP/PDOS/pristine/*O/DOSCAR
pristine	*O	-6.21822	up	Obridge	258	O	py	0.02481	source_manifest:COHP/PDOS/pristine/*O/DOSCAR
pristine	*O	-6.21822	down	Obridge	258	O	py	0.05382	source_manifest:COHP/PDOS/pristine/*O/DOSCAR
pristine	*O	-6.21822	up	Obridge	258	O	pz	0.4227	source_manifest:COHP/PDOS/pristine/*O/DOSCAR
pristine	*O	-6.21822	down	Obridge	258	O	pz	0.3871	source_manifest:COHP/PDOS/pristine/*O/DOSCAR
pristine	*O	-6.21822	up	Obridge	258	O	px	0.06718	source_manifest:COHP/PDOS/pristine/*O/DOSCAR
pristine	*O	-6.21822	down	Obridge	258	O	px	0.1612	source_manifest:COHP/PDOS/pristine/*O/DOSCAR
pristine	*O	-6.11222	up	Obridge	258	O	py	0.02787	source_manifest:COHP/PDOS/pristine/*O/DOSCAR
pristine	*O	-6.11222	down	Obridge	258	O	py	0.04208	source_manifest:COHP/PDOS/pristine/*O/DOSCAR
pristine	*O	-6.11222	up	Obridge	258	O	pz	0.285	source_manifest:COHP/PDOS/pristine/*O/DOSCAR
pristine	*O	-6.11222	down	Obridge	258	O	pz	0.2801	source_manifest:COHP/PDOS/pristine/*O/DOSCAR
pristine	*O	-6.11222	up	Obridge	258	O	px	0.06988	source_manifest:COHP/PDOS/pristine/*O/DOSCAR
pristine	*O	-6.11222	down	Obridge	258	O	px	0.1266	source_manifest:COHP/PDOS/pristine/*O/DOSCAR
pristine	*O	-6.00622	up	Obridge	258	O	py	0.05191	source_manifest:COHP/PDOS/pristine/*O/DOSCAR
pristine	*O	-6.00622	down	Obridge	258	O	py	0.02093	source_manifest:COHP/PDOS/pristine/*O/DOSCAR
pristine	*O	-6.00622	up	Obridge	258	O	pz	0.1508	source_manifest:COHP/PDOS/pristine/*O/DOSCAR
pristine	*O	-6.00622	down	Obridge	258	O	pz	0.1095	source_manifest:COHP/PDOS/pristine/*O/DOSCAR
pristine	*O	-6.00622	up	Obridge	258	O	px	0.09369	source_manifest:COHP/PDOS/pristine/*O/DOSCAR
pristine	*O	-6.00622	down	Obridge	258	O	px	0.07171	source_manifest:COHP/PDOS/pristine/*O/DOSCAR
pristine	*O	-5.90022	up	Obridge	258	O	py	0.06417	source_manifest:COHP/PDOS/pristine/*O/DOSCAR
pristine	*O	-5.90022	down	Obridge	258	O	py	0.01167	source_manifest:COHP/PDOS/pristine/*O/DOSCAR
pristine	*O	-5.90022	up	Obridge	258	O	pz	0.1014	source_manifest:COHP/PDOS/pristine/*O/DOSCAR
pristine	*O	-5.90022	down	Obridge	258	O	pz	0.03877	source_manifest:COHP/PDOS/pristine/*O/DOSCAR
pristine	*O	-5.90022	up	Obridge	258	O	px	0.09359	source_manifest:COHP/PDOS/pristine/*O/DOSCAR
pristine	*O	-5.90022	down	Obridge	258	O	px	0.04662	source_manifest:COHP/PDOS/pristine/*O/DOSCAR
pristine	*O	-5.79522	up	Obridge	258	O	py	0.04069	source_manifest:COHP/PDOS/pristine/*O/DOSCAR
pristine	*O	-5.79522	down	Obridge	258	O	py	0.01151	source_manifest:COHP/PDOS/pristine/*O/DOSCAR
pristine	*O	-5.79522	up	Obridge	258	O	pz	0.07287	source_manifest:COHP/PDOS/pristine/*O/DOSCAR
pristine	*O	-5.79522	down	Obridge	258	O	pz	0.03466	source_manifest:COHP/PDOS/pristine/*O/DOSCAR
pristine	*O	-5.79522	up	Obridge	258	O	px	0.0507	source_manifest:COHP/PDOS/pristine/*O/DOSCAR
pristine	*O	-5.79522	down	Obridge	258	O	px	0.02819	source_manifest:COHP/PDOS/pristine/*O/DOSCAR
pristine	*O	-5.68922	up	Obridge	258	O	py	0.01955	source_manifest:COHP/PDOS/pristine/*O/DOSCAR
pristine	*O	-5.68922	down	Obridge	258	O	py	0.01442	source_manifest:COHP/PDOS/pristine/*O/DOSCAR
pristine	*O	-5.68922	up	Obridge	258	O	pz	0.02864	source_manifest:COHP/PDOS/pristine/*O/DOSCAR
pristine	*O	-5.68922	down	Obridge	258	O	pz	0.03739	source_manifest:COHP/PDOS/pristine/*O/DOSCAR
pristine	*O	-5.68922	up	Obridge	258	O	px	0.01319	source_manifest:COHP/PDOS/pristine/*O/DOSCAR
pristine	*O	-5.68922	down	Obridge	258	O	px	0.01699	source_manifest:COHP/PDOS/pristine/*O/DOSCAR
pristine	*O	-5.58322	up	Obridge	258	O	py	0.0302	source_manifest:COHP/PDOS/pristine/*O/DOSCAR
pristine	*O	-5.58322	down	Obridge	258	O	py	0.0176	source_manifest:COHP/PDOS/pristine/*O/DOSCAR
pristine	*O	-5.58322	up	Obridge	258	O	pz	0.005204	source_manifest:COHP/PDOS/pristine/*O/DOSCAR
pristine	*O	-5.58322	down	Obridge	258	O	pz	0.03687	source_manifest:COHP/PDOS/pristine/*O/DOSCAR
pristine	*O	-5.58322	up	Obridge	258	O	px	0.01728	source_manifest:COHP/PDOS/pristine/*O/DOSCAR
pristine	*O	-5.58322	down	Obridge	258	O	px	0.01872	source_manifest:COHP/PDOS/pristine/*O/DOSCAR
pristine	*O	-5.47722	up	Obridge	258	O	py	0.05461	source_manifest:COHP/PDOS/pristine/*O/DOSCAR
pristine	*O	-5.47722	down	Obridge	258	O	py	0.01316	source_manifest:COHP/PDOS/pristine/*O/DOSCAR
pristine	*O	-5.47722	up	Obridge	258	O	pz	0.003318	source_manifest:COHP/PDOS/pristine/*O/DOSCAR
pristine	*O	-5.47722	down	Obridge	258	O	pz	0.02468	source_manifest:COHP/PDOS/pristine/*O/DOSCAR
pristine	*O	-5.47722	up	Obridge	258	O	px	0.04322	source_manifest:COHP/PDOS/pristine/*O/DOSCAR
pristine	*O	-5.47722	down	Obridge	258	O	px	0.01533	source_manifest:COHP/PDOS/pristine/*O/DOSCAR
pristine	*O	-5.37122	up	Obridge	258	O	py	0.08085	source_manifest:COHP/PDOS/pristine/*O/DOSCAR
pristine	*O	-5.37122	down	Obridge	258	O	py	0.004782	source_manifest:COHP/PDOS/pristine/*O/DOSCAR
pristine	*O	-5.37122	up	Obridge	258	O	pz	0.007189	source_manifest:COHP/PDOS/pristine/*O/DOSCAR
pristine	*O	-5.37122	down	Obridge	258	O	pz	0.007541	source_manifest:COHP/PDOS/pristine/*O/DOSCAR
pristine	*O	-5.37122	up	Obridge	258	O	px	0.06165	source_manifest:COHP/PDOS/pristine/*O/DOSCAR
pristine	*O	-5.37122	down	Obridge	258	O	px	0.006258	source_manifest:COHP/PDOS/pristine/*O/DOSCAR
pristine	*O	-5.26522	up	Obridge	258	O	py	0.1152	source_manifest:COHP/PDOS/pristine/*O/DOSCAR
pristine	*O	-5.26522	down	Obridge	258	O	py	0.005811	source_manifest:COHP/PDOS/pristine/*O/DOSCAR
pristine	*O	-5.26522	up	Obridge	258	O	pz	0.01364	source_manifest:COHP/PDOS/pristine/*O/DOSCAR
pristine	*O	-5.26522	down	Obridge	258	O	pz	-0.0007008	source_manifest:COHP/PDOS/pristine/*O/DOSCAR
pristine	*O	-5.26522	up	Obridge	258	O	px	0.06498	source_manifest:COHP/PDOS/pristine/*O/DOSCAR
pristine	*O	-5.26522	down	Obridge	258	O	px	0.009258	source_manifest:COHP/PDOS/pristine/*O/DOSCAR
pristine	*O	-5.15922	up	Obridge	258	O	py	0.1455	source_manifest:COHP/PDOS/pristine/*O/DOSCAR
pristine	*O	-5.15922	down	Obridge	258	O	py	0.0116	source_manifest:COHP/PDOS/pristine/*O/DOSCAR
pristine	*O	-5.15922	up	Obridge	258	O	pz	0.02011	source_manifest:COHP/PDOS/pristine/*O/DOSCAR
pristine	*O	-5.15922	down	Obridge	258	O	pz	-0.004238	source_manifest:COHP/PDOS/pristine/*O/DOSCAR
pristine	*O	-5.15922	up	Obridge	258	O	px	0.06577	source_manifest:COHP/PDOS/pristine/*O/DOSCAR
pristine	*O	-5.15922	down	Obridge	258	O	px	0.01808	source_manifest:COHP/PDOS/pristine/*O/DOSCAR
pristine	*O	-5.05322	up	Obridge	258	O	py	0.1308	source_manifest:COHP/PDOS/pristine/*O/DOSCAR
pristine	*O	-5.05322	down	Obridge	258	O	py	0.003562	source_manifest:COHP/PDOS/pristine/*O/DOSCAR
pristine	*O	-5.05322	up	Obridge	258	O	pz	0.02274	source_manifest:COHP/PDOS/pristine/*O/DOSCAR
pristine	*O	-5.05322	down	Obridge	258	O	pz	-0.01556	source_manifest:COHP/PDOS/pristine/*O/DOSCAR
pristine	*O	-5.05322	up	Obridge	258	O	px	0.06539	source_manifest:COHP/PDOS/pristine/*O/DOSCAR
pristine	*O	-5.05322	down	Obridge	258	O	px	0.004694	source_manifest:COHP/PDOS/pristine/*O/DOSCAR
pristine	*O	-4.94722	up	Obridge	258	O	py	0.08574	source_manifest:COHP/PDOS/pristine/*O/DOSCAR
pristine	*O	-4.94722	down	Obridge	258	O	py	-0.003399	source_manifest:COHP/PDOS/pristine/*O/DOSCAR
pristine	*O	-4.94722	up	Obridge	258	O	pz	0.02224	source_manifest:COHP/PDOS/pristine/*O/DOSCAR
pristine	*O	-4.94722	down	Obridge	258	O	pz	-0.01257	source_manifest:COHP/PDOS/pristine/*O/DOSCAR
pristine	*O	-4.94722	up	Obridge	258	O	px	0.06766	source_manifest:COHP/PDOS/pristine/*O/DOSCAR
pristine	*O	-4.94722	down	Obridge	258	O	px	-0.007021	source_manifest:COHP/PDOS/pristine/*O/DOSCAR
pristine	*O	-4.84122	up	Obridge	258	O	py	0.06663	source_manifest:COHP/PDOS/pristine/*O/DOSCAR
pristine	*O	-4.84122	down	Obridge	258	O	py	0.06046	source_manifest:COHP/PDOS/pristine/*O/DOSCAR
pristine	*O	-4.84122	up	Obridge	258	O	pz	0.01925	source_manifest:COHP/PDOS/pristine/*O/DOSCAR
pristine	*O	-4.84122	down	Obridge	258	O	pz	0.1113	source_manifest:COHP/PDOS/pristine/*O/DOSCAR
pristine	*O	-4.84122	up	Obridge	258	O	px	0.08652	source_manifest:COHP/PDOS/pristine/*O/DOSCAR
pristine	*O	-4.84122	down	Obridge	258	O	px	0.09744	source_manifest:COHP/PDOS/pristine/*O/DOSCAR
pristine	*O	-4.73522	up	Obridge	258	O	py	0.07123	source_manifest:COHP/PDOS/pristine/*O/DOSCAR
pristine	*O	-4.73522	down	Obridge	258	O	py	0.1937	source_manifest:COHP/PDOS/pristine/*O/DOSCAR
pristine	*O	-4.73522	up	Obridge	258	O	pz	0.01328	source_manifest:COHP/PDOS/pristine/*O/DOSCAR
pristine	*O	-4.73522	down	Obridge	258	O	pz	0.3527	source_manifest:COHP/PDOS/pristine/*O/DOSCAR
pristine	*O	-4.73522	up	Obridge	258	O	px	0.109	source_manifest:COHP/PDOS/pristine/*O/DOSCAR
pristine	*O	-4.73522	down	Obridge	258	O	px	0.3243	source_manifest:COHP/PDOS/pristine/*O/DOSCAR
pristine	*O	-4.62922	up	Obridge	258	O	py	0.07535	source_manifest:COHP/PDOS/pristine/*O/DOSCAR
pristine	*O	-4.62922	down	Obridge	258	O	py	0.2317	source_manifest:COHP/PDOS/pristine/*O/DOSCAR
pristine	*O	-4.62922	up	Obridge	258	O	pz	0.007739	source_manifest:COHP/PDOS/pristine/*O/DOSCAR
pristine	*O	-4.62922	down	Obridge	258	O	pz	0.4166	source_manifest:COHP/PDOS/pristine/*O/DOSCAR
pristine	*O	-4.62922	up	Obridge	258	O	px	0.1199	source_manifest:COHP/PDOS/pristine/*O/DOSCAR
pristine	*O	-4.62922	down	Obridge	258	O	px	0.4177	source_manifest:COHP/PDOS/pristine/*O/DOSCAR
pristine	*O	-4.52322	up	Obridge	258	O	py	0.07403	source_manifest:COHP/PDOS/pristine/*O/DOSCAR
pristine	*O	-4.52322	down	Obridge	258	O	py	0.1349	source_manifest:COHP/PDOS/pristine/*O/DOSCAR
pristine	*O	-4.52322	up	Obridge	258	O	pz	0.005742	source_manifest:COHP/PDOS/pristine/*O/DOSCAR
pristine	*O	-4.52322	down	Obridge	258	O	pz	0.2309	source_manifest:COHP/PDOS/pristine/*O/DOSCAR
pristine	*O	-4.52322	up	Obridge	258	O	px	0.1194	source_manifest:COHP/PDOS/pristine/*O/DOSCAR
pristine	*O	-4.52322	down	Obridge	258	O	px	0.2912	source_manifest:COHP/PDOS/pristine/*O/DOSCAR
pristine	*O	-4.41722	up	Obridge	258	O	py	0.06455	source_manifest:COHP/PDOS/pristine/*O/DOSCAR
pristine	*O	-4.41722	down	Obridge	258	O	py	0.05601	source_manifest:COHP/PDOS/pristine/*O/DOSCAR
pristine	*O	-4.41722	up	Obridge	258	O	pz	0.005725	source_manifest:COHP/PDOS/pristine/*O/DOSCAR
pristine	*O	-4.41722	down	Obridge	258	O	pz	0.07382	source_manifest:COHP/PDOS/pristine/*O/DOSCAR
pristine	*O	-4.41722	up	Obridge	258	O	px	0.1013	source_manifest:COHP/PDOS/pristine/*O/DOSCAR
pristine	*O	-4.41722	down	Obridge	258	O	px	0.136	source_manifest:COHP/PDOS/pristine/*O/DOSCAR
pristine	*O	-4.31122	up	Obridge	258	O	py	0.05695	source_manifest:COHP/PDOS/pristine/*O/DOSCAR
pristine	*O	-4.31122	down	Obridge	258	O	py	0.05304	source_manifest:COHP/PDOS/pristine/*O/DOSCAR
pristine	*O	-4.31122	up	Obridge	258	O	pz	0.006959	source_manifest:COHP/PDOS/pristine/*O/DOSCAR
pristine	*O	-4.31122	down	Obridge	258	O	pz	0.03902	source_manifest:COHP/PDOS/pristine/*O/DOSCAR
pristine	*O	-4.31122	up	Obridge	258	O	px	0.07398	source_manifest:COHP/PDOS/pristine/*O/DOSCAR
pristine	*O	-4.31122	down	Obridge	258	O	px	0.04413	source_manifest:COHP/PDOS/pristine/*O/DOSCAR
pristine	*O	-4.20522	up	Obridge	258	O	py	0.07934	source_manifest:COHP/PDOS/pristine/*O/DOSCAR
pristine	*O	-4.20522	down	Obridge	258	O	py	0.09822	source_manifest:COHP/PDOS/pristine/*O/DOSCAR
pristine	*O	-4.20522	up	Obridge	258	O	pz	0.01439	source_manifest:COHP/PDOS/pristine/*O/DOSCAR
pristine	*O	-4.20522	down	Obridge	258	O	pz	0.04611	source_manifest:COHP/PDOS/pristine/*O/DOSCAR
pristine	*O	-4.20522	up	Obridge	258	O	px	0.06618	source_manifest:COHP/PDOS/pristine/*O/DOSCAR
pristine	*O	-4.20522	down	Obridge	258	O	px	0.01964	source_manifest:COHP/PDOS/pristine/*O/DOSCAR
pristine	*O	-4.10022	up	Obridge	258	O	py	0.1196	source_manifest:COHP/PDOS/pristine/*O/DOSCAR
pristine	*O	-4.10022	down	Obridge	258	O	py	0.1469	source_manifest:COHP/PDOS/pristine/*O/DOSCAR
pristine	*O	-4.10022	up	Obridge	258	O	pz	0.03232	source_manifest:COHP/PDOS/pristine/*O/DOSCAR
pristine	*O	-4.10022	down	Obridge	258	O	pz	0.03753	source_manifest:COHP/PDOS/pristine/*O/DOSCAR
pristine	*O	-4.10022	up	Obridge	258	O	px	0.08671	source_manifest:COHP/PDOS/pristine/*O/DOSCAR
pristine	*O	-4.10022	down	Obridge	258	O	px	0.04072	source_manifest:COHP/PDOS/pristine/*O/DOSCAR
pristine	*O	-3.99422	up	Obridge	258	O	py	0.1239	source_manifest:COHP/PDOS/pristine/*O/DOSCAR
pristine	*O	-3.99422	down	Obridge	258	O	py	0.1608	source_manifest:COHP/PDOS/pristine/*O/DOSCAR
pristine	*O	-3.99422	up	Obridge	258	O	pz	0.04797	source_manifest:COHP/PDOS/pristine/*O/DOSCAR
pristine	*O	-3.99422	down	Obridge	258	O	pz	0.01441	source_manifest:COHP/PDOS/pristine/*O/DOSCAR
pristine	*O	-3.99422	up	Obridge	258	O	px	0.1038	source_manifest:COHP/PDOS/pristine/*O/DOSCAR
pristine	*O	-3.99422	down	Obridge	258	O	px	0.05938	source_manifest:COHP/PDOS/pristine/*O/DOSCAR
pristine	*O	-3.88822	up	Obridge	258	O	py	0.08948	source_manifest:COHP/PDOS/pristine/*O/DOSCAR
pristine	*O	-3.88822	down	Obridge	258	O	py	0.1519	source_manifest:COHP/PDOS/pristine/*O/DOSCAR
pristine	*O	-3.88822	up	Obridge	258	O	pz	0.04401	source_manifest:COHP/PDOS/pristine/*O/DOSCAR
pristine	*O	-3.88822	down	Obridge	258	O	pz	0.002846	source_manifest:COHP/PDOS/pristine/*O/DOSCAR
pristine	*O	-3.88822	up	Obridge	258	O	px	0.09006	source_manifest:COHP/PDOS/pristine/*O/DOSCAR
pristine	*O	-3.88822	down	Obridge	258	O	px	0.05046	source_manifest:COHP/PDOS/pristine/*O/DOSCAR
pristine	*O	-3.78222	up	Obridge	258	O	py	0.06811	source_manifest:COHP/PDOS/pristine/*O/DOSCAR
pristine	*O	-3.78222	down	Obridge	258	O	py	0.1328	source_manifest:COHP/PDOS/pristine/*O/DOSCAR
pristine	*O	-3.78222	up	Obridge	258	O	pz	0.03744	source_manifest:COHP/PDOS/pristine/*O/DOSCAR
pristine	*O	-3.78222	down	Obridge	258	O	pz	0.005616	source_manifest:COHP/PDOS/pristine/*O/DOSCAR
pristine	*O	-3.78222	up	Obridge	258	O	px	0.0797	source_manifest:COHP/PDOS/pristine/*O/DOSCAR
pristine	*O	-3.78222	down	Obridge	258	O	px	0.02725	source_manifest:COHP/PDOS/pristine/*O/DOSCAR
pristine	*O	-3.67622	up	Obridge	258	O	py	0.1151	source_manifest:COHP/PDOS/pristine/*O/DOSCAR
pristine	*O	-3.67622	down	Obridge	258	O	py	0.1169	source_manifest:COHP/PDOS/pristine/*O/DOSCAR
pristine	*O	-3.67622	up	Obridge	258	O	pz	0.06035	source_manifest:COHP/PDOS/pristine/*O/DOSCAR
pristine	*O	-3.67622	down	Obridge	258	O	pz	0.01823	source_manifest:COHP/PDOS/pristine/*O/DOSCAR
pristine	*O	-3.67622	up	Obridge	258	O	px	0.1229	source_manifest:COHP/PDOS/pristine/*O/DOSCAR
pristine	*O	-3.67622	down	Obridge	258	O	px	0.03028	source_manifest:COHP/PDOS/pristine/*O/DOSCAR
pristine	*O	-3.57022	up	Obridge	258	O	py	0.2169	source_manifest:COHP/PDOS/pristine/*O/DOSCAR
pristine	*O	-3.57022	down	Obridge	258	O	py	0.1603	source_manifest:COHP/PDOS/pristine/*O/DOSCAR
pristine	*O	-3.57022	up	Obridge	258	O	pz	0.09668	source_manifest:COHP/PDOS/pristine/*O/DOSCAR
pristine	*O	-3.57022	down	Obridge	258	O	pz	0.04671	source_manifest:COHP/PDOS/pristine/*O/DOSCAR
pristine	*O	-3.57022	up	Obridge	258	O	px	0.1759	source_manifest:COHP/PDOS/pristine/*O/DOSCAR
pristine	*O	-3.57022	down	Obridge	258	O	px	0.105	source_manifest:COHP/PDOS/pristine/*O/DOSCAR
pristine	*O	-3.46422	up	Obridge	258	O	py	0.2534	source_manifest:COHP/PDOS/pristine/*O/DOSCAR
pristine	*O	-3.46422	down	Obridge	258	O	py	0.2518	source_manifest:COHP/PDOS/pristine/*O/DOSCAR
pristine	*O	-3.46422	up	Obridge	258	O	pz	0.1016	source_manifest:COHP/PDOS/pristine/*O/DOSCAR
pristine	*O	-3.46422	down	Obridge	258	O	pz	0.08085	source_manifest:COHP/PDOS/pristine/*O/DOSCAR
pristine	*O	-3.46422	up	Obridge	258	O	px	0.1659	source_manifest:COHP/PDOS/pristine/*O/DOSCAR
pristine	*O	-3.46422	down	Obridge	258	O	px	0.2212	source_manifest:COHP/PDOS/pristine/*O/DOSCAR
pristine	*O	-3.35822	up	Obridge	258	O	py	0.174	source_manifest:COHP/PDOS/pristine/*O/DOSCAR
pristine	*O	-3.35822	down	Obridge	258	O	py	0.2818	source_manifest:COHP/PDOS/pristine/*O/DOSCAR
pristine	*O	-3.35822	up	Obridge	258	O	pz	0.07521	source_manifest:COHP/PDOS/pristine/*O/DOSCAR
pristine	*O	-3.35822	down	Obridge	258	O	pz	0.0882	source_manifest:COHP/PDOS/pristine/*O/DOSCAR
pristine	*O	-3.35822	up	Obridge	258	O	px	0.1095	source_manifest:COHP/PDOS/pristine/*O/DOSCAR
pristine	*O	-3.35822	down	Obridge	258	O	px	0.2721	source_manifest:COHP/PDOS/pristine/*O/DOSCAR
pristine	*O	-3.25222	up	Obridge	258	O	py	0.08932	source_manifest:COHP/PDOS/pristine/*O/DOSCAR
pristine	*O	-3.25222	down	Obridge	258	O	py	0.2336	source_manifest:COHP/PDOS/pristine/*O/DOSCAR
pristine	*O	-3.25222	up	Obridge	258	O	pz	0.05464	source_manifest:COHP/PDOS/pristine/*O/DOSCAR
pristine	*O	-3.25222	down	Obridge	258	O	pz	0.06254	source_manifest:COHP/PDOS/pristine/*O/DOSCAR
pristine	*O	-3.25222	up	Obridge	258	O	px	0.06319	source_manifest:COHP/PDOS/pristine/*O/DOSCAR
pristine	*O	-3.25222	down	Obridge	258	O	px	0.2239	source_manifest:COHP/PDOS/pristine/*O/DOSCAR
pristine	*O	-3.14622	up	Obridge	258	O	py	0.07787	source_manifest:COHP/PDOS/pristine/*O/DOSCAR
pristine	*O	-3.14622	down	Obridge	258	O	py	0.1696	source_manifest:COHP/PDOS/pristine/*O/DOSCAR
pristine	*O	-3.14622	up	Obridge	258	O	pz	0.05541	source_manifest:COHP/PDOS/pristine/*O/DOSCAR
pristine	*O	-3.14622	down	Obridge	258	O	pz	0.03332	source_manifest:COHP/PDOS/pristine/*O/DOSCAR
pristine	*O	-3.14622	up	Obridge	258	O	px	0.06508	source_manifest:COHP/PDOS/pristine/*O/DOSCAR
pristine	*O	-3.14622	down	Obridge	258	O	px	0.1379	source_manifest:COHP/PDOS/pristine/*O/DOSCAR
pristine	*O	-3.04022	up	Obridge	258	O	py	0.1018	source_manifest:COHP/PDOS/pristine/*O/DOSCAR
pristine	*O	-3.04022	down	Obridge	258	O	py	0.1167	source_manifest:COHP/PDOS/pristine/*O/DOSCAR
pristine	*O	-3.04022	up	Obridge	258	O	pz	0.06016	source_manifest:COHP/PDOS/pristine/*O/DOSCAR
pristine	*O	-3.04022	down	Obridge	258	O	pz	0.01881	source_manifest:COHP/PDOS/pristine/*O/DOSCAR
pristine	*O	-3.04022	up	Obridge	258	O	px	0.102	source_manifest:COHP/PDOS/pristine/*O/DOSCAR
pristine	*O	-3.04022	down	Obridge	258	O	px	0.07762	source_manifest:COHP/PDOS/pristine/*O/DOSCAR
pristine	*O	-2.93422	up	Obridge	258	O	py	0.1042	source_manifest:COHP/PDOS/pristine/*O/DOSCAR
pristine	*O	-2.93422	down	Obridge	258	O	py	0.1218	source_manifest:COHP/PDOS/pristine/*O/DOSCAR
pristine	*O	-2.93422	up	Obridge	258	O	pz	0.05209	source_manifest:COHP/PDOS/pristine/*O/DOSCAR
pristine	*O	-2.93422	down	Obridge	258	O	pz	0.01377	source_manifest:COHP/PDOS/pristine/*O/DOSCAR
pristine	*O	-2.93422	up	Obridge	258	O	px	0.1192	source_manifest:COHP/PDOS/pristine/*O/DOSCAR
pristine	*O	-2.93422	down	Obridge	258	O	px	0.07457	source_manifest:COHP/PDOS/pristine/*O/DOSCAR
pristine	*O	-2.82822	up	Obridge	258	O	py	0.0804	source_manifest:COHP/PDOS/pristine/*O/DOSCAR
pristine	*O	-2.82822	down	Obridge	258	O	py	0.2076	source_manifest:COHP/PDOS/pristine/*O/DOSCAR
pristine	*O	-2.82822	up	Obridge	258	O	pz	0.03734	source_manifest:COHP/PDOS/pristine/*O/DOSCAR
pristine	*O	-2.82822	down	Obridge	258	O	pz	0.01355	source_manifest:COHP/PDOS/pristine/*O/DOSCAR
pristine	*O	-2.82822	up	Obridge	258	O	px	0.09899	source_manifest:COHP/PDOS/pristine/*O/DOSCAR
pristine	*O	-2.82822	down	Obridge	258	O	px	0.1261	source_manifest:COHP/PDOS/pristine/*O/DOSCAR
pristine	*O	-2.72222	up	Obridge	258	O	py	0.05496	source_manifest:COHP/PDOS/pristine/*O/DOSCAR
pristine	*O	-2.72222	down	Obridge	258	O	py	0.3024	source_manifest:COHP/PDOS/pristine/*O/DOSCAR
pristine	*O	-2.72222	up	Obridge	258	O	pz	0.02559	source_manifest:COHP/PDOS/pristine/*O/DOSCAR
pristine	*O	-2.72222	down	Obridge	258	O	pz	0.01803	source_manifest:COHP/PDOS/pristine/*O/DOSCAR
pristine	*O	-2.72222	up	Obridge	258	O	px	0.07716	source_manifest:COHP/PDOS/pristine/*O/DOSCAR
pristine	*O	-2.72222	down	Obridge	258	O	px	0.188	source_manifest:COHP/PDOS/pristine/*O/DOSCAR
pristine	*O	-2.61622	up	Obridge	258	O	py	0.03856	source_manifest:COHP/PDOS/pristine/*O/DOSCAR
pristine	*O	-2.61622	down	Obridge	258	O	py	0.3063	source_manifest:COHP/PDOS/pristine/*O/DOSCAR
pristine	*O	-2.61622	up	Obridge	258	O	pz	0.01985	source_manifest:COHP/PDOS/pristine/*O/DOSCAR
pristine	*O	-2.61622	down	Obridge	258	O	pz	0.02293	source_manifest:COHP/PDOS/pristine/*O/DOSCAR
pristine	*O	-2.61622	up	Obridge	258	O	px	0.0662	source_manifest:COHP/PDOS/pristine/*O/DOSCAR
pristine	*O	-2.61622	down	Obridge	258	O	px	0.195	source_manifest:COHP/PDOS/pristine/*O/DOSCAR
pristine	*O	-2.51022	up	Obridge	258	O	py	0.03491	source_manifest:COHP/PDOS/pristine/*O/DOSCAR
pristine	*O	-2.51022	down	Obridge	258	O	py	0.2126	source_manifest:COHP/PDOS/pristine/*O/DOSCAR
pristine	*O	-2.51022	up	Obridge	258	O	pz	0.02119	source_manifest:COHP/PDOS/pristine/*O/DOSCAR
pristine	*O	-2.51022	down	Obridge	258	O	pz	0.02453	source_manifest:COHP/PDOS/pristine/*O/DOSCAR
pristine	*O	-2.51022	up	Obridge	258	O	px	0.05012	source_manifest:COHP/PDOS/pristine/*O/DOSCAR
pristine	*O	-2.51022	down	Obridge	258	O	px	0.1389	source_manifest:COHP/PDOS/pristine/*O/DOSCAR
pristine	*O	-2.40522	up	Obridge	258	O	py	0.05864	source_manifest:COHP/PDOS/pristine/*O/DOSCAR
pristine	*O	-2.40522	down	Obridge	258	O	py	0.1282	source_manifest:COHP/PDOS/pristine/*O/DOSCAR
pristine	*O	-2.40522	up	Obridge	258	O	pz	0.02524	source_manifest:COHP/PDOS/pristine/*O/DOSCAR
pristine	*O	-2.40522	down	Obridge	258	O	pz	0.02468	source_manifest:COHP/PDOS/pristine/*O/DOSCAR
pristine	*O	-2.40522	up	Obridge	258	O	px	0.04191	source_manifest:COHP/PDOS/pristine/*O/DOSCAR
pristine	*O	-2.40522	down	Obridge	258	O	px	0.08414	source_manifest:COHP/PDOS/pristine/*O/DOSCAR
pristine	*O	-2.29922	up	Obridge	258	O	py	0.104	source_manifest:COHP/PDOS/pristine/*O/DOSCAR
pristine	*O	-2.29922	down	Obridge	258	O	py	0.1134	source_manifest:COHP/PDOS/pristine/*O/DOSCAR
pristine	*O	-2.29922	up	Obridge	258	O	pz	0.03148	source_manifest:COHP/PDOS/pristine/*O/DOSCAR
pristine	*O	-2.29922	down	Obridge	258	O	pz	0.02221	source_manifest:COHP/PDOS/pristine/*O/DOSCAR
pristine	*O	-2.29922	up	Obridge	258	O	px	0.05809	source_manifest:COHP/PDOS/pristine/*O/DOSCAR
pristine	*O	-2.29922	down	Obridge	258	O	px	0.06603	source_manifest:COHP/PDOS/pristine/*O/DOSCAR
pristine	*O	-2.19322	up	Obridge	258	O	py	0.132	source_manifest:COHP/PDOS/pristine/*O/DOSCAR
pristine	*O	-2.19322	down	Obridge	258	O	py	0.1196	source_manifest:COHP/PDOS/pristine/*O/DOSCAR
pristine	*O	-2.19322	up	Obridge	258	O	pz	0.04128	source_manifest:COHP/PDOS/pristine/*O/DOSCAR
pristine	*O	-2.19322	down	Obridge	258	O	pz	0.01626	source_manifest:COHP/PDOS/pristine/*O/DOSCAR
pristine	*O	-2.19322	up	Obridge	258	O	px	0.07973	source_manifest:COHP/PDOS/pristine/*O/DOSCAR
pristine	*O	-2.19322	down	Obridge	258	O	px	0.05697	source_manifest:COHP/PDOS/pristine/*O/DOSCAR
pristine	*O	-2.08722	up	Obridge	258	O	py	0.1257	source_manifest:COHP/PDOS/pristine/*O/DOSCAR
pristine	*O	-2.08722	down	Obridge	258	O	py	0.109	source_manifest:COHP/PDOS/pristine/*O/DOSCAR
pristine	*O	-2.08722	up	Obridge	258	O	pz	0.04601	source_manifest:COHP/PDOS/pristine/*O/DOSCAR
pristine	*O	-2.08722	down	Obridge	258	O	pz	0.01887	source_manifest:COHP/PDOS/pristine/*O/DOSCAR
pristine	*O	-2.08722	up	Obridge	258	O	px	0.08203	source_manifest:COHP/PDOS/pristine/*O/DOSCAR
pristine	*O	-2.08722	down	Obridge	258	O	px	0.04099	source_manifest:COHP/PDOS/pristine/*O/DOSCAR
pristine	*O	-1.98122	up	Obridge	258	O	py	0.1089	source_manifest:COHP/PDOS/pristine/*O/DOSCAR
pristine	*O	-1.98122	down	Obridge	258	O	py	0.08957	source_manifest:COHP/PDOS/pristine/*O/DOSCAR
pristine	*O	-1.98122	up	Obridge	258	O	pz	0.03854	source_manifest:COHP/PDOS/pristine/*O/DOSCAR
pristine	*O	-1.98122	down	Obridge	258	O	pz	0.03881	source_manifest:COHP/PDOS/pristine/*O/DOSCAR
pristine	*O	-1.98122	up	Obridge	258	O	px	0.06978	source_manifest:COHP/PDOS/pristine/*O/DOSCAR
pristine	*O	-1.98122	down	Obridge	258	O	px	0.03156	source_manifest:COHP/PDOS/pristine/*O/DOSCAR
pristine	*O	-1.87522	up	Obridge	258	O	py	0.103	source_manifest:COHP/PDOS/pristine/*O/DOSCAR
pristine	*O	-1.87522	down	Obridge	258	O	py	0.07305	source_manifest:COHP/PDOS/pristine/*O/DOSCAR
pristine	*O	-1.87522	up	Obridge	258	O	pz	0.02562	source_manifest:COHP/PDOS/pristine/*O/DOSCAR
pristine	*O	-1.87522	down	Obridge	258	O	pz	0.05698	source_manifest:COHP/PDOS/pristine/*O/DOSCAR
pristine	*O	-1.87522	up	Obridge	258	O	px	0.05859	source_manifest:COHP/PDOS/pristine/*O/DOSCAR
pristine	*O	-1.87522	down	Obridge	258	O	px	0.03323	source_manifest:COHP/PDOS/pristine/*O/DOSCAR
pristine	*O	-1.76922	up	Obridge	258	O	py	0.1088	source_manifest:COHP/PDOS/pristine/*O/DOSCAR
pristine	*O	-1.76922	down	Obridge	258	O	py	0.07067	source_manifest:COHP/PDOS/pristine/*O/DOSCAR
pristine	*O	-1.76922	up	Obridge	258	O	pz	0.01866	source_manifest:COHP/PDOS/pristine/*O/DOSCAR
pristine	*O	-1.76922	down	Obridge	258	O	pz	0.05574	source_manifest:COHP/PDOS/pristine/*O/DOSCAR
pristine	*O	-1.76922	up	Obridge	258	O	px	0.05637	source_manifest:COHP/PDOS/pristine/*O/DOSCAR
pristine	*O	-1.76922	down	Obridge	258	O	px	0.04891	source_manifest:COHP/PDOS/pristine/*O/DOSCAR
pristine	*O	-1.66322	up	Obridge	258	O	py	0.1275	source_manifest:COHP/PDOS/pristine/*O/DOSCAR
pristine	*O	-1.66322	down	Obridge	258	O	py	0.07196	source_manifest:COHP/PDOS/pristine/*O/DOSCAR
pristine	*O	-1.66322	up	Obridge	258	O	pz	0.02269	source_manifest:COHP/PDOS/pristine/*O/DOSCAR
pristine	*O	-1.66322	down	Obridge	258	O	pz	0.04182	source_manifest:COHP/PDOS/pristine/*O/DOSCAR
pristine	*O	-1.66322	up	Obridge	258	O	px	0.06302	source_manifest:COHP/PDOS/pristine/*O/DOSCAR
pristine	*O	-1.66322	down	Obridge	258	O	px	0.07358	source_manifest:COHP/PDOS/pristine/*O/DOSCAR
pristine	*O	-1.55722	up	Obridge	258	O	py	0.1423	source_manifest:COHP/PDOS/pristine/*O/DOSCAR
pristine	*O	-1.55722	down	Obridge	258	O	py	0.05573	source_manifest:COHP/PDOS/pristine/*O/DOSCAR
pristine	*O	-1.55722	up	Obridge	258	O	pz	0.03855	source_manifest:COHP/PDOS/pristine/*O/DOSCAR
pristine	*O	-1.55722	down	Obridge	258	O	pz	0.02345	source_manifest:COHP/PDOS/pristine/*O/DOSCAR
pristine	*O	-1.55722	up	Obridge	258	O	px	0.06949	source_manifest:COHP/PDOS/pristine/*O/DOSCAR
pristine	*O	-1.55722	down	Obridge	258	O	px	0.07542	source_manifest:COHP/PDOS/pristine/*O/DOSCAR
pristine	*O	-1.45122	up	Obridge	258	O	py	0.1315	source_manifest:COHP/PDOS/pristine/*O/DOSCAR
pristine	*O	-1.45122	down	Obridge	258	O	py	0.02927	source_manifest:COHP/PDOS/pristine/*O/DOSCAR
pristine	*O	-1.45122	up	Obridge	258	O	pz	0.05717	source_manifest:COHP/PDOS/pristine/*O/DOSCAR
pristine	*O	-1.45122	down	Obridge	258	O	pz	0.0118	source_manifest:COHP/PDOS/pristine/*O/DOSCAR
pristine	*O	-1.45122	up	Obridge	258	O	px	0.07124	source_manifest:COHP/PDOS/pristine/*O/DOSCAR
pristine	*O	-1.45122	down	Obridge	258	O	px	0.0462	source_manifest:COHP/PDOS/pristine/*O/DOSCAR
pristine	*O	-1.34522	up	Obridge	258	O	py	0.1108	source_manifest:COHP/PDOS/pristine/*O/DOSCAR
pristine	*O	-1.34522	down	Obridge	258	O	py	0.01126	source_manifest:COHP/PDOS/pristine/*O/DOSCAR
pristine	*O	-1.34522	up	Obridge	258	O	pz	0.06664	source_manifest:COHP/PDOS/pristine/*O/DOSCAR
pristine	*O	-1.34522	down	Obridge	258	O	pz	0.0201	source_manifest:COHP/PDOS/pristine/*O/DOSCAR
pristine	*O	-1.34522	up	Obridge	258	O	px	0.07177	source_manifest:COHP/PDOS/pristine/*O/DOSCAR
pristine	*O	-1.34522	down	Obridge	258	O	px	0.02133	source_manifest:COHP/PDOS/pristine/*O/DOSCAR
pristine	*O	-1.23922	up	Obridge	258	O	py	0.09763	source_manifest:COHP/PDOS/pristine/*O/DOSCAR
pristine	*O	-1.23922	down	Obridge	258	O	py	0.01136	source_manifest:COHP/PDOS/pristine/*O/DOSCAR
pristine	*O	-1.23922	up	Obridge	258	O	pz	0.0694	source_manifest:COHP/PDOS/pristine/*O/DOSCAR
pristine	*O	-1.23922	down	Obridge	258	O	pz	0.03684	source_manifest:COHP/PDOS/pristine/*O/DOSCAR
pristine	*O	-1.23922	up	Obridge	258	O	px	0.07033	source_manifest:COHP/PDOS/pristine/*O/DOSCAR
pristine	*O	-1.23922	down	Obridge	258	O	px	0.02339	source_manifest:COHP/PDOS/pristine/*O/DOSCAR
pristine	*O	-1.13322	up	Obridge	258	O	py	0.0824	source_manifest:COHP/PDOS/pristine/*O/DOSCAR
pristine	*O	-1.13322	down	Obridge	258	O	py	0.03246	source_manifest:COHP/PDOS/pristine/*O/DOSCAR
pristine	*O	-1.13322	up	Obridge	258	O	pz	0.06498	source_manifest:COHP/PDOS/pristine/*O/DOSCAR
pristine	*O	-1.13322	down	Obridge	258	O	pz	0.03484	source_manifest:COHP/PDOS/pristine/*O/DOSCAR
pristine	*O	-1.13322	up	Obridge	258	O	px	0.05958	source_manifest:COHP/PDOS/pristine/*O/DOSCAR
pristine	*O	-1.13322	down	Obridge	258	O	px	0.03407	source_manifest:COHP/PDOS/pristine/*O/DOSCAR
pristine	*O	-1.02722	up	Obridge	258	O	py	0.0602	source_manifest:COHP/PDOS/pristine/*O/DOSCAR
pristine	*O	-1.02722	down	Obridge	258	O	py	0.06769	source_manifest:COHP/PDOS/pristine/*O/DOSCAR
pristine	*O	-1.02722	up	Obridge	258	O	pz	0.05336	source_manifest:COHP/PDOS/pristine/*O/DOSCAR
pristine	*O	-1.02722	down	Obridge	258	O	pz	0.02005	source_manifest:COHP/PDOS/pristine/*O/DOSCAR
pristine	*O	-1.02722	up	Obridge	258	O	px	0.04308	source_manifest:COHP/PDOS/pristine/*O/DOSCAR
pristine	*O	-1.02722	down	Obridge	258	O	px	0.03724	source_manifest:COHP/PDOS/pristine/*O/DOSCAR
pristine	*O	-0.92122	up	Obridge	258	O	py	0.04923	source_manifest:COHP/PDOS/pristine/*O/DOSCAR
pristine	*O	-0.92122	down	Obridge	258	O	py	0.08317	source_manifest:COHP/PDOS/pristine/*O/DOSCAR
pristine	*O	-0.92122	up	Obridge	258	O	pz	0.04481	source_manifest:COHP/PDOS/pristine/*O/DOSCAR
pristine	*O	-0.92122	down	Obridge	258	O	pz	0.01125	source_manifest:COHP/PDOS/pristine/*O/DOSCAR
pristine	*O	-0.92122	up	Obridge	258	O	px	0.03622	source_manifest:COHP/PDOS/pristine/*O/DOSCAR
pristine	*O	-0.92122	down	Obridge	258	O	px	0.03501	source_manifest:COHP/PDOS/pristine/*O/DOSCAR
pristine	*O	-0.81522	up	Obridge	258	O	py	0.06553	source_manifest:COHP/PDOS/pristine/*O/DOSCAR
pristine	*O	-0.81522	down	Obridge	258	O	py	0.05537	source_manifest:COHP/PDOS/pristine/*O/DOSCAR
pristine	*O	-0.81522	up	Obridge	258	O	pz	0.04216	source_manifest:COHP/PDOS/pristine/*O/DOSCAR
pristine	*O	-0.81522	down	Obridge	258	O	pz	0.006833	source_manifest:COHP/PDOS/pristine/*O/DOSCAR
pristine	*O	-0.81522	up	Obridge	258	O	px	0.04182	source_manifest:COHP/PDOS/pristine/*O/DOSCAR
pristine	*O	-0.81522	down	Obridge	258	O	px	0.02449	source_manifest:COHP/PDOS/pristine/*O/DOSCAR
pristine	*O	-0.71022	up	Obridge	258	O	py	0.09677	source_manifest:COHP/PDOS/pristine/*O/DOSCAR
pristine	*O	-0.71022	down	Obridge	258	O	py	0.01751	source_manifest:COHP/PDOS/pristine/*O/DOSCAR
pristine	*O	-0.71022	up	Obridge	258	O	pz	0.03696	source_manifest:COHP/PDOS/pristine/*O/DOSCAR
pristine	*O	-0.71022	down	Obridge	258	O	pz	0.003422	source_manifest:COHP/PDOS/pristine/*O/DOSCAR
pristine	*O	-0.71022	up	Obridge	258	O	px	0.0468	source_manifest:COHP/PDOS/pristine/*O/DOSCAR
pristine	*O	-0.71022	down	Obridge	258	O	px	0.01079	source_manifest:COHP/PDOS/pristine/*O/DOSCAR
pristine	*O	-0.60422	up	Obridge	258	O	py	0.1115	source_manifest:COHP/PDOS/pristine/*O/DOSCAR
pristine	*O	-0.60422	down	Obridge	258	O	py	0.001208	source_manifest:COHP/PDOS/pristine/*O/DOSCAR
pristine	*O	-0.60422	up	Obridge	258	O	pz	0.02321	source_manifest:COHP/PDOS/pristine/*O/DOSCAR
pristine	*O	-0.60422	down	Obridge	258	O	pz	0.001525	source_manifest:COHP/PDOS/pristine/*O/DOSCAR
pristine	*O	-0.60422	up	Obridge	258	O	px	0.04457	source_manifest:COHP/PDOS/pristine/*O/DOSCAR
pristine	*O	-0.60422	down	Obridge	258	O	px	0.002955	source_manifest:COHP/PDOS/pristine/*O/DOSCAR
pristine	*O	-0.49822	up	Obridge	258	O	py	0.09555	source_manifest:COHP/PDOS/pristine/*O/DOSCAR
pristine	*O	-0.49822	down	Obridge	258	O	py	-0.0008423	source_manifest:COHP/PDOS/pristine/*O/DOSCAR
pristine	*O	-0.49822	up	Obridge	258	O	pz	0.00948	source_manifest:COHP/PDOS/pristine/*O/DOSCAR
pristine	*O	-0.49822	down	Obridge	258	O	pz	0.0004863	source_manifest:COHP/PDOS/pristine/*O/DOSCAR
pristine	*O	-0.49822	up	Obridge	258	O	px	0.03791	source_manifest:COHP/PDOS/pristine/*O/DOSCAR
pristine	*O	-0.49822	down	Obridge	258	O	px	0.0002174	source_manifest:COHP/PDOS/pristine/*O/DOSCAR
pristine	*O	-0.39222	up	Obridge	258	O	py	0.07459	source_manifest:COHP/PDOS/pristine/*O/DOSCAR
pristine	*O	-0.39222	down	Obridge	258	O	py	-0.0005229	source_manifest:COHP/PDOS/pristine/*O/DOSCAR
pristine	*O	-0.39222	up	Obridge	258	O	pz	0.003415	source_manifest:COHP/PDOS/pristine/*O/DOSCAR
pristine	*O	-0.39222	down	Obridge	258	O	pz	-0.0002567	source_manifest:COHP/PDOS/pristine/*O/DOSCAR
pristine	*O	-0.39222	up	Obridge	258	O	px	0.03065	source_manifest:COHP/PDOS/pristine/*O/DOSCAR
pristine	*O	-0.39222	down	Obridge	258	O	px	-0.0004999	source_manifest:COHP/PDOS/pristine/*O/DOSCAR
pristine	*O	-0.28622	up	Obridge	258	O	py	0.0716	source_manifest:COHP/PDOS/pristine/*O/DOSCAR
pristine	*O	-0.28622	down	Obridge	258	O	py	-0.0002395	source_manifest:COHP/PDOS/pristine/*O/DOSCAR
pristine	*O	-0.28622	up	Obridge	258	O	pz	0.0009599	source_manifest:COHP/PDOS/pristine/*O/DOSCAR
pristine	*O	-0.28622	down	Obridge	258	O	pz	-0.0002427	source_manifest:COHP/PDOS/pristine/*O/DOSCAR
pristine	*O	-0.28622	up	Obridge	258	O	px	0.02599	source_manifest:COHP/PDOS/pristine/*O/DOSCAR
pristine	*O	-0.28622	down	Obridge	258	O	px	-0.0002969	source_manifest:COHP/PDOS/pristine/*O/DOSCAR
pristine	*O	-0.18022	up	Obridge	258	O	py	0.07523	source_manifest:COHP/PDOS/pristine/*O/DOSCAR
pristine	*O	-0.18022	down	Obridge	258	O	py	0.0005604	source_manifest:COHP/PDOS/pristine/*O/DOSCAR
pristine	*O	-0.18022	up	Obridge	258	O	pz	0.00415	source_manifest:COHP/PDOS/pristine/*O/DOSCAR
pristine	*O	-0.18022	down	Obridge	258	O	pz	0.002375	source_manifest:COHP/PDOS/pristine/*O/DOSCAR
pristine	*O	-0.18022	up	Obridge	258	O	px	0.03329	source_manifest:COHP/PDOS/pristine/*O/DOSCAR
pristine	*O	-0.18022	down	Obridge	258	O	px	0.001643	source_manifest:COHP/PDOS/pristine/*O/DOSCAR
pristine	*O	-0.07422	up	Obridge	258	O	py	0.07641	source_manifest:COHP/PDOS/pristine/*O/DOSCAR
pristine	*O	-0.07422	down	Obridge	258	O	py	0.001757	source_manifest:COHP/PDOS/pristine/*O/DOSCAR
pristine	*O	-0.07422	up	Obridge	258	O	pz	0.03025	source_manifest:COHP/PDOS/pristine/*O/DOSCAR
pristine	*O	-0.07422	down	Obridge	258	O	pz	0.006908	source_manifest:COHP/PDOS/pristine/*O/DOSCAR
pristine	*O	-0.07422	up	Obridge	258	O	px	0.07875	source_manifest:COHP/PDOS/pristine/*O/DOSCAR
pristine	*O	-0.07422	down	Obridge	258	O	px	0.00485	source_manifest:COHP/PDOS/pristine/*O/DOSCAR
pristine	*O	0.03178	up	Obridge	258	O	py	0.07556	source_manifest:COHP/PDOS/pristine/*O/DOSCAR
pristine	*O	0.03178	down	Obridge	258	O	py	0.001828	source_manifest:COHP/PDOS/pristine/*O/DOSCAR
pristine	*O	0.03178	up	Obridge	258	O	pz	0.07291	source_manifest:COHP/PDOS/pristine/*O/DOSCAR
pristine	*O	0.03178	down	Obridge	258	O	pz	0.007283	source_manifest:COHP/PDOS/pristine/*O/DOSCAR
pristine	*O	0.03178	up	Obridge	258	O	px	0.1483	source_manifest:COHP/PDOS/pristine/*O/DOSCAR
pristine	*O	0.03178	down	Obridge	258	O	px	0.005116	source_manifest:COHP/PDOS/pristine/*O/DOSCAR
pristine	*O	0.13778	up	Obridge	258	O	py	0.057	source_manifest:COHP/PDOS/pristine/*O/DOSCAR
pristine	*O	0.13778	down	Obridge	258	O	py	0.0007511	source_manifest:COHP/PDOS/pristine/*O/DOSCAR
pristine	*O	0.13778	up	Obridge	258	O	pz	0.07692	source_manifest:COHP/PDOS/pristine/*O/DOSCAR
pristine	*O	0.13778	down	Obridge	258	O	pz	0.002916	source_manifest:COHP/PDOS/pristine/*O/DOSCAR
pristine	*O	0.13778	up	Obridge	258	O	px	0.1465	source_manifest:COHP/PDOS/pristine/*O/DOSCAR
pristine	*O	0.13778	down	Obridge	258	O	px	0.002054	source_manifest:COHP/PDOS/pristine/*O/DOSCAR
pristine	*O	0.24378	up	Obridge	258	O	py	0.02149	source_manifest:COHP/PDOS/pristine/*O/DOSCAR
pristine	*O	0.24378	down	Obridge	258	O	py	0.0003967	source_manifest:COHP/PDOS/pristine/*O/DOSCAR
pristine	*O	0.24378	up	Obridge	258	O	pz	0.03359	source_manifest:COHP/PDOS/pristine/*O/DOSCAR
pristine	*O	0.24378	down	Obridge	258	O	pz	-5.038e-05	source_manifest:COHP/PDOS/pristine/*O/DOSCAR
pristine	*O	0.24378	up	Obridge	258	O	px	0.06205	source_manifest:COHP/PDOS/pristine/*O/DOSCAR
pristine	*O	0.24378	down	Obridge	258	O	px	1.871e-05	source_manifest:COHP/PDOS/pristine/*O/DOSCAR
pristine	*O	0.34978	up	Obridge	258	O	py	0.0002223	source_manifest:COHP/PDOS/pristine/*O/DOSCAR
pristine	*O	0.34978	down	Obridge	258	O	py	0.0008903	source_manifest:COHP/PDOS/pristine/*O/DOSCAR
pristine	*O	0.34978	up	Obridge	258	O	pz	0.00114	source_manifest:COHP/PDOS/pristine/*O/DOSCAR
pristine	*O	0.34978	down	Obridge	258	O	pz	-0.0003451	source_manifest:COHP/PDOS/pristine/*O/DOSCAR
pristine	*O	0.34978	up	Obridge	258	O	px	0.001622	source_manifest:COHP/PDOS/pristine/*O/DOSCAR
pristine	*O	0.34978	down	Obridge	258	O	px	-0.0001174	source_manifest:COHP/PDOS/pristine/*O/DOSCAR
pristine	*O	0.45578	up	Obridge	258	O	py	-0.0005209	source_manifest:COHP/PDOS/pristine/*O/DOSCAR
pristine	*O	0.45578	down	Obridge	258	O	py	0.0008741	source_manifest:COHP/PDOS/pristine/*O/DOSCAR
pristine	*O	0.45578	up	Obridge	258	O	pz	-0.003414	source_manifest:COHP/PDOS/pristine/*O/DOSCAR
pristine	*O	0.45578	down	Obridge	258	O	pz	-9.21e-05	source_manifest:COHP/PDOS/pristine/*O/DOSCAR
pristine	*O	0.45578	up	Obridge	258	O	px	-0.005652	source_manifest:COHP/PDOS/pristine/*O/DOSCAR
pristine	*O	0.45578	down	Obridge	258	O	px	4.996e-05	source_manifest:COHP/PDOS/pristine/*O/DOSCAR
pristine	*O	0.56178	up	Obridge	258	O	py	0.002608	source_manifest:COHP/PDOS/pristine/*O/DOSCAR
pristine	*O	0.56178	down	Obridge	258	O	py	0.0002948	source_manifest:COHP/PDOS/pristine/*O/DOSCAR
pristine	*O	0.56178	up	Obridge	258	O	pz	-0.0008588	source_manifest:COHP/PDOS/pristine/*O/DOSCAR
pristine	*O	0.56178	down	Obridge	258	O	pz	-9.962e-06	source_manifest:COHP/PDOS/pristine/*O/DOSCAR
pristine	*O	0.56178	up	Obridge	258	O	px	-5.84e-05	source_manifest:COHP/PDOS/pristine/*O/DOSCAR
pristine	*O	0.56178	down	Obridge	258	O	px	3.1e-05	source_manifest:COHP/PDOS/pristine/*O/DOSCAR
pristine	*O	0.66778	up	Obridge	258	O	py	0.002028	source_manifest:COHP/PDOS/pristine/*O/DOSCAR
pristine	*O	0.66778	down	Obridge	258	O	py	-2.929e-05	source_manifest:COHP/PDOS/pristine/*O/DOSCAR
pristine	*O	0.66778	up	Obridge	258	O	pz	-1.083e-05	source_manifest:COHP/PDOS/pristine/*O/DOSCAR
pristine	*O	0.66778	down	Obridge	258	O	pz	-8.797e-07	source_manifest:COHP/PDOS/pristine/*O/DOSCAR
pristine	*O	0.66778	up	Obridge	258	O	px	0.001046	source_manifest:COHP/PDOS/pristine/*O/DOSCAR
pristine	*O	0.66778	down	Obridge	258	O	px	-4.343e-06	source_manifest:COHP/PDOS/pristine/*O/DOSCAR
pristine	*O	0.77378	up	Obridge	258	O	py	0.0003397	source_manifest:COHP/PDOS/pristine/*O/DOSCAR
pristine	*O	0.77378	down	Obridge	258	O	py	-4.099e-05	source_manifest:COHP/PDOS/pristine/*O/DOSCAR
pristine	*O	0.77378	up	Obridge	258	O	pz	1.97e-06	source_manifest:COHP/PDOS/pristine/*O/DOSCAR
pristine	*O	0.77378	down	Obridge	258	O	pz	-2.672e-07	source_manifest:COHP/PDOS/pristine/*O/DOSCAR
pristine	*O	0.77378	up	Obridge	258	O	px	0.0002104	source_manifest:COHP/PDOS/pristine/*O/DOSCAR
pristine	*O	0.77378	down	Obridge	258	O	px	-5.42e-06	source_manifest:COHP/PDOS/pristine/*O/DOSCAR
pristine	*O	0.87978	up	Obridge	258	O	py	-0.0001713	source_manifest:COHP/PDOS/pristine/*O/DOSCAR
pristine	*O	0.87978	down	Obridge	258	O	py	-9.924e-06	source_manifest:COHP/PDOS/pristine/*O/DOSCAR
pristine	*O	0.87978	up	Obridge	258	O	pz	-9.78e-06	source_manifest:COHP/PDOS/pristine/*O/DOSCAR
pristine	*O	0.87978	down	Obridge	258	O	pz	-4.1e-07	source_manifest:COHP/PDOS/pristine/*O/DOSCAR
pristine	*O	0.87978	up	Obridge	258	O	px	-9.106e-05	source_manifest:COHP/PDOS/pristine/*O/DOSCAR
pristine	*O	0.87978	down	Obridge	258	O	px	-1.32e-06	source_manifest:COHP/PDOS/pristine/*O/DOSCAR
pristine	*O	0.98478	up	Obridge	258	O	py	-8.242e-05	source_manifest:COHP/PDOS/pristine/*O/DOSCAR
pristine	*O	0.98478	down	Obridge	258	O	py	-4.751e-06	source_manifest:COHP/PDOS/pristine/*O/DOSCAR
pristine	*O	0.98478	up	Obridge	258	O	pz	-2.448e-06	source_manifest:COHP/PDOS/pristine/*O/DOSCAR
pristine	*O	0.98478	down	Obridge	258	O	pz	-7.49e-06	source_manifest:COHP/PDOS/pristine/*O/DOSCAR
pristine	*O	0.98478	up	Obridge	258	O	px	-4.274e-05	source_manifest:COHP/PDOS/pristine/*O/DOSCAR
pristine	*O	0.98478	down	Obridge	258	O	px	-7.523e-07	source_manifest:COHP/PDOS/pristine/*O/DOSCAR
pristine	*O	1.09078	up	Obridge	258	O	py	-1.396e-05	source_manifest:COHP/PDOS/pristine/*O/DOSCAR
pristine	*O	1.09078	down	Obridge	258	O	py	-5.534e-05	source_manifest:COHP/PDOS/pristine/*O/DOSCAR
pristine	*O	1.09078	up	Obridge	258	O	pz	-5.112e-07	source_manifest:COHP/PDOS/pristine/*O/DOSCAR
pristine	*O	1.09078	down	Obridge	258	O	pz	-8.359e-05	source_manifest:COHP/PDOS/pristine/*O/DOSCAR
pristine	*O	1.09078	up	Obridge	258	O	px	-7.715e-06	source_manifest:COHP/PDOS/pristine/*O/DOSCAR
pristine	*O	1.09078	down	Obridge	258	O	px	-6.834e-06	source_manifest:COHP/PDOS/pristine/*O/DOSCAR
pristine	*O	1.19678	up	Obridge	258	O	py	-1.201e-06	source_manifest:COHP/PDOS/pristine/*O/DOSCAR
pristine	*O	1.19678	down	Obridge	258	O	py	-0.0004568	source_manifest:COHP/PDOS/pristine/*O/DOSCAR
pristine	*O	1.19678	up	Obridge	258	O	pz	-3.508e-07	source_manifest:COHP/PDOS/pristine/*O/DOSCAR
pristine	*O	1.19678	down	Obridge	258	O	pz	-0.0004485	source_manifest:COHP/PDOS/pristine/*O/DOSCAR
pristine	*O	1.19678	up	Obridge	258	O	px	-1.575e-06	source_manifest:COHP/PDOS/pristine/*O/DOSCAR
pristine	*O	1.19678	down	Obridge	258	O	px	-4.177e-05	source_manifest:COHP/PDOS/pristine/*O/DOSCAR
pristine	*O	1.30278	up	Obridge	258	O	py	-6.739e-08	source_manifest:COHP/PDOS/pristine/*O/DOSCAR
pristine	*O	1.30278	down	Obridge	258	O	py	-0.001689	source_manifest:COHP/PDOS/pristine/*O/DOSCAR
pristine	*O	1.30278	up	Obridge	258	O	pz	-1.178e-07	source_manifest:COHP/PDOS/pristine/*O/DOSCAR
pristine	*O	1.30278	down	Obridge	258	O	pz	-0.0007519	source_manifest:COHP/PDOS/pristine/*O/DOSCAR
pristine	*O	1.30278	up	Obridge	258	O	px	-3.816e-07	source_manifest:COHP/PDOS/pristine/*O/DOSCAR
pristine	*O	1.30278	down	Obridge	258	O	px	-0.0001088	source_manifest:COHP/PDOS/pristine/*O/DOSCAR
pristine	*O	1.40878	up	Obridge	258	O	py	-3.754e-09	source_manifest:COHP/PDOS/pristine/*O/DOSCAR
pristine	*O	1.40878	down	Obridge	258	O	py	-0.0004615	source_manifest:COHP/PDOS/pristine/*O/DOSCAR
pristine	*O	1.40878	up	Obridge	258	O	pz	-1.788e-08	source_manifest:COHP/PDOS/pristine/*O/DOSCAR
pristine	*O	1.40878	down	Obridge	258	O	pz	0.002304	source_manifest:COHP/PDOS/pristine/*O/DOSCAR
pristine	*O	1.40878	up	Obridge	258	O	px	-5.521e-08	source_manifest:COHP/PDOS/pristine/*O/DOSCAR
pristine	*O	1.40878	down	Obridge	258	O	px	5.578e-05	source_manifest:COHP/PDOS/pristine/*O/DOSCAR
pristine	*O	1.51478	up	Obridge	258	O	py	-2.096e-10	source_manifest:COHP/PDOS/pristine/*O/DOSCAR
pristine	*O	1.51478	down	Obridge	258	O	py	0.01366	source_manifest:COHP/PDOS/pristine/*O/DOSCAR
pristine	*O	1.51478	up	Obridge	258	O	pz	-1.369e-09	source_manifest:COHP/PDOS/pristine/*O/DOSCAR
pristine	*O	1.51478	down	Obridge	258	O	pz	0.01096	source_manifest:COHP/PDOS/pristine/*O/DOSCAR
pristine	*O	1.51478	up	Obridge	258	O	px	-4.196e-09	source_manifest:COHP/PDOS/pristine/*O/DOSCAR
pristine	*O	1.51478	down	Obridge	258	O	px	0.0006792	source_manifest:COHP/PDOS/pristine/*O/DOSCAR
pristine	*O	1.62078	up	Obridge	258	O	py	-7.978e-12	source_manifest:COHP/PDOS/pristine/*O/DOSCAR
pristine	*O	1.62078	down	Obridge	258	O	py	0.03548	source_manifest:COHP/PDOS/pristine/*O/DOSCAR
pristine	*O	1.62078	up	Obridge	258	O	pz	-5.573e-11	source_manifest:COHP/PDOS/pristine/*O/DOSCAR
pristine	*O	1.62078	down	Obridge	258	O	pz	0.01563	source_manifest:COHP/PDOS/pristine/*O/DOSCAR
pristine	*O	1.62078	up	Obridge	258	O	px	-1.707e-10	source_manifest:COHP/PDOS/pristine/*O/DOSCAR
pristine	*O	1.62078	down	Obridge	258	O	px	2.444e-05	source_manifest:COHP/PDOS/pristine/*O/DOSCAR
pristine	*O	1.72678	up	Obridge	258	O	py	-1.752e-13	source_manifest:COHP/PDOS/pristine/*O/DOSCAR
pristine	*O	1.72678	down	Obridge	258	O	py	0.03483	source_manifest:COHP/PDOS/pristine/*O/DOSCAR
pristine	*O	1.72678	up	Obridge	258	O	pz	-1.241e-12	source_manifest:COHP/PDOS/pristine/*O/DOSCAR
pristine	*O	1.72678	down	Obridge	258	O	pz	0.00897	source_manifest:COHP/PDOS/pristine/*O/DOSCAR
pristine	*O	1.72678	up	Obridge	258	O	px	-3.8e-12	source_manifest:COHP/PDOS/pristine/*O/DOSCAR
pristine	*O	1.72678	down	Obridge	258	O	px	-0.001436	source_manifest:COHP/PDOS/pristine/*O/DOSCAR
pristine	*O	1.83278	up	Obridge	258	O	py	-2.279e-15	source_manifest:COHP/PDOS/pristine/*O/DOSCAR
pristine	*O	1.83278	down	Obridge	258	O	py	0.01561	source_manifest:COHP/PDOS/pristine/*O/DOSCAR
pristine	*O	1.83278	up	Obridge	258	O	pz	-1.588e-14	source_manifest:COHP/PDOS/pristine/*O/DOSCAR
pristine	*O	1.83278	down	Obridge	258	O	pz	0.004117	source_manifest:COHP/PDOS/pristine/*O/DOSCAR
pristine	*O	1.83278	up	Obridge	258	O	px	-4.727e-14	source_manifest:COHP/PDOS/pristine/*O/DOSCAR
pristine	*O	1.83278	down	Obridge	258	O	px	0.01359	source_manifest:COHP/PDOS/pristine/*O/DOSCAR
pristine	*O	1.93878	up	Obridge	258	O	py	-2.485e-14	source_manifest:COHP/PDOS/pristine/*O/DOSCAR
pristine	*O	1.93878	down	Obridge	258	O	py	0.01008	source_manifest:COHP/PDOS/pristine/*O/DOSCAR
pristine	*O	1.93878	up	Obridge	258	O	pz	-1.149e-13	source_manifest:COHP/PDOS/pristine/*O/DOSCAR
pristine	*O	1.93878	down	Obridge	258	O	pz	0.01048	source_manifest:COHP/PDOS/pristine/*O/DOSCAR
pristine	*O	1.93878	up	Obridge	258	O	px	-7.566e-14	source_manifest:COHP/PDOS/pristine/*O/DOSCAR
pristine	*O	1.93878	down	Obridge	258	O	px	0.05621	source_manifest:COHP/PDOS/pristine/*O/DOSCAR
pristine	*O	2.04478	up	Obridge	258	O	py	-2.874e-12	source_manifest:COHP/PDOS/pristine/*O/DOSCAR
pristine	*O	2.04478	down	Obridge	258	O	py	0.01336	source_manifest:COHP/PDOS/pristine/*O/DOSCAR
pristine	*O	2.04478	up	Obridge	258	O	pz	-1.326e-11	source_manifest:COHP/PDOS/pristine/*O/DOSCAR
pristine	*O	2.04478	down	Obridge	258	O	pz	0.01532	source_manifest:COHP/PDOS/pristine/*O/DOSCAR
pristine	*O	2.04478	up	Obridge	258	O	px	-8.738e-12	source_manifest:COHP/PDOS/pristine/*O/DOSCAR
pristine	*O	2.04478	down	Obridge	258	O	px	0.07816	source_manifest:COHP/PDOS/pristine/*O/DOSCAR
pristine	*O	2.15078	up	Obridge	258	O	py	-1.872e-10	source_manifest:COHP/PDOS/pristine/*O/DOSCAR
pristine	*O	2.15078	down	Obridge	258	O	py	0.008442	source_manifest:COHP/PDOS/pristine/*O/DOSCAR
pristine	*O	2.15078	up	Obridge	258	O	pz	-8.618e-10	source_manifest:COHP/PDOS/pristine/*O/DOSCAR
pristine	*O	2.15078	down	Obridge	258	O	pz	0.008946	source_manifest:COHP/PDOS/pristine/*O/DOSCAR
pristine	*O	2.15078	up	Obridge	258	O	px	-5.713e-10	source_manifest:COHP/PDOS/pristine/*O/DOSCAR
pristine	*O	2.15078	down	Obridge	258	O	px	0.04452	source_manifest:COHP/PDOS/pristine/*O/DOSCAR
pristine	*O	2.25678	up	Obridge	258	O	py	-6.83e-09	source_manifest:COHP/PDOS/pristine/*O/DOSCAR
pristine	*O	2.25678	down	Obridge	258	O	py	0.001452	source_manifest:COHP/PDOS/pristine/*O/DOSCAR
pristine	*O	2.25678	up	Obridge	258	O	pz	-3.133e-08	source_manifest:COHP/PDOS/pristine/*O/DOSCAR
pristine	*O	2.25678	down	Obridge	258	O	pz	0.00126	source_manifest:COHP/PDOS/pristine/*O/DOSCAR
pristine	*O	2.25678	up	Obridge	258	O	px	-2.094e-08	source_manifest:COHP/PDOS/pristine/*O/DOSCAR
pristine	*O	2.25678	down	Obridge	258	O	px	0.005967	source_manifest:COHP/PDOS/pristine/*O/DOSCAR
pristine	*O	2.36278	up	Obridge	258	O	py	-1.38e-07	source_manifest:COHP/PDOS/pristine/*O/DOSCAR
pristine	*O	2.36278	down	Obridge	258	O	py	-0.0006082	source_manifest:COHP/PDOS/pristine/*O/DOSCAR
pristine	*O	2.36278	up	Obridge	258	O	pz	-6.301e-07	source_manifest:COHP/PDOS/pristine/*O/DOSCAR
pristine	*O	2.36278	down	Obridge	258	O	pz	-0.0007415	source_manifest:COHP/PDOS/pristine/*O/DOSCAR
pristine	*O	2.36278	up	Obridge	258	O	px	-4.26e-07	source_manifest:COHP/PDOS/pristine/*O/DOSCAR
pristine	*O	2.36278	down	Obridge	258	O	px	-0.003766	source_manifest:COHP/PDOS/pristine/*O/DOSCAR
pristine	*O	2.46878	up	Obridge	258	O	py	-1.507e-06	source_manifest:COHP/PDOS/pristine/*O/DOSCAR
pristine	*O	2.46878	down	Obridge	258	O	py	-0.0003194	source_manifest:COHP/PDOS/pristine/*O/DOSCAR
pristine	*O	2.46878	up	Obridge	258	O	pz	-6.834e-06	source_manifest:COHP/PDOS/pristine/*O/DOSCAR
pristine	*O	2.46878	down	Obridge	258	O	pz	-0.0003359	source_manifest:COHP/PDOS/pristine/*O/DOSCAR
pristine	*O	2.46878	up	Obridge	258	O	px	-4.694e-06	source_manifest:COHP/PDOS/pristine/*O/DOSCAR
pristine	*O	2.46878	down	Obridge	258	O	px	-0.001648	source_manifest:COHP/PDOS/pristine/*O/DOSCAR
pristine	*O	2.57478	up	Obridge	258	O	py	-8.322e-06	source_manifest:COHP/PDOS/pristine/*O/DOSCAR
pristine	*O	2.57478	down	Obridge	258	O	py	-1.645e-05	source_manifest:COHP/PDOS/pristine/*O/DOSCAR
pristine	*O	2.57478	up	Obridge	258	O	pz	-3.73e-05	source_manifest:COHP/PDOS/pristine/*O/DOSCAR
pristine	*O	2.57478	down	Obridge	258	O	pz	-6.674e-05	source_manifest:COHP/PDOS/pristine/*O/DOSCAR
pristine	*O	2.57478	up	Obridge	258	O	px	-2.623e-05	source_manifest:COHP/PDOS/pristine/*O/DOSCAR
pristine	*O	2.57478	down	Obridge	258	O	px	-0.0002848	source_manifest:COHP/PDOS/pristine/*O/DOSCAR
pristine	*O	2.67978	up	Obridge	258	O	py	-1.779e-05	source_manifest:COHP/PDOS/pristine/*O/DOSCAR
pristine	*O	2.67978	down	Obridge	258	O	py	0.0001088	source_manifest:COHP/PDOS/pristine/*O/DOSCAR
pristine	*O	2.67978	up	Obridge	258	O	pz	-7.665e-05	source_manifest:COHP/PDOS/pristine/*O/DOSCAR
pristine	*O	2.67978	down	Obridge	258	O	pz	-4.976e-05	source_manifest:COHP/PDOS/pristine/*O/DOSCAR
pristine	*O	2.67978	up	Obridge	258	O	px	-5.679e-05	source_manifest:COHP/PDOS/pristine/*O/DOSCAR
pristine	*O	2.67978	down	Obridge	258	O	px	-7.983e-05	source_manifest:COHP/PDOS/pristine/*O/DOSCAR
pristine	*O	2.78578	up	Obridge	258	O	py	2.066e-05	source_manifest:COHP/PDOS/pristine/*O/DOSCAR
pristine	*O	2.78578	down	Obridge	258	O	py	0.0001139	source_manifest:COHP/PDOS/pristine/*O/DOSCAR
pristine	*O	2.78578	up	Obridge	258	O	pz	0.0001155	source_manifest:COHP/PDOS/pristine/*O/DOSCAR
pristine	*O	2.78578	down	Obridge	258	O	pz	-7.152e-05	source_manifest:COHP/PDOS/pristine/*O/DOSCAR
pristine	*O	2.78578	up	Obridge	258	O	px	7.156e-05	source_manifest:COHP/PDOS/pristine/*O/DOSCAR
pristine	*O	2.78578	down	Obridge	258	O	px	-7.229e-05	source_manifest:COHP/PDOS/pristine/*O/DOSCAR
pristine	*O	2.89178	up	Obridge	258	O	py	0.0001619	source_manifest:COHP/PDOS/pristine/*O/DOSCAR
pristine	*O	2.89178	down	Obridge	258	O	py	0.0001239	source_manifest:COHP/PDOS/pristine/*O/DOSCAR
pristine	*O	2.89178	up	Obridge	258	O	pz	0.0008198	source_manifest:COHP/PDOS/pristine/*O/DOSCAR
pristine	*O	2.89178	down	Obridge	258	O	pz	0.0001179	source_manifest:COHP/PDOS/pristine/*O/DOSCAR
pristine	*O	2.89178	up	Obridge	258	O	px	0.0005716	source_manifest:COHP/PDOS/pristine/*O/DOSCAR
pristine	*O	2.89178	down	Obridge	258	O	px	0.0002062	source_manifest:COHP/PDOS/pristine/*O/DOSCAR
pristine	*O	2.99778	up	Obridge	258	O	py	0.0003175	source_manifest:COHP/PDOS/pristine/*O/DOSCAR
pristine	*O	2.99778	down	Obridge	258	O	py	0.0002177	source_manifest:COHP/PDOS/pristine/*O/DOSCAR
pristine	*O	2.99778	up	Obridge	258	O	pz	0.001533	source_manifest:COHP/PDOS/pristine/*O/DOSCAR
pristine	*O	2.99778	down	Obridge	258	O	pz	0.0006372	source_manifest:COHP/PDOS/pristine/*O/DOSCAR
pristine	*O	2.99778	up	Obridge	258	O	px	0.001121	source_manifest:COHP/PDOS/pristine/*O/DOSCAR
pristine	*O	2.99778	down	Obridge	258	O	px	0.0008682	source_manifest:COHP/PDOS/pristine/*O/DOSCAR
pristine	*O	3.10378	up	Obridge	258	O	py	0.0005497	source_manifest:COHP/PDOS/pristine/*O/DOSCAR
pristine	*O	3.10378	down	Obridge	258	O	py	0.0004192	source_manifest:COHP/PDOS/pristine/*O/DOSCAR
pristine	*O	3.10378	up	Obridge	258	O	pz	0.001794	source_manifest:COHP/PDOS/pristine/*O/DOSCAR
pristine	*O	3.10378	down	Obridge	258	O	pz	0.001603	source_manifest:COHP/PDOS/pristine/*O/DOSCAR
pristine	*O	3.10378	up	Obridge	258	O	px	0.001488	source_manifest:COHP/PDOS/pristine/*O/DOSCAR
pristine	*O	3.10378	down	Obridge	258	O	px	0.002092	source_manifest:COHP/PDOS/pristine/*O/DOSCAR
pristine	*O	3.20978	up	Obridge	258	O	py	0.001159	source_manifest:COHP/PDOS/pristine/*O/DOSCAR
pristine	*O	3.20978	down	Obridge	258	O	py	0.001507	source_manifest:COHP/PDOS/pristine/*O/DOSCAR
pristine	*O	3.20978	up	Obridge	258	O	pz	0.002595	source_manifest:COHP/PDOS/pristine/*O/DOSCAR
pristine	*O	3.20978	down	Obridge	258	O	pz	0.004214	source_manifest:COHP/PDOS/pristine/*O/DOSCAR
pristine	*O	3.20978	up	Obridge	258	O	px	0.002352	source_manifest:COHP/PDOS/pristine/*O/DOSCAR
pristine	*O	3.20978	down	Obridge	258	O	px	0.005359	source_manifest:COHP/PDOS/pristine/*O/DOSCAR
pristine	*O	3.31578	up	Obridge	258	O	py	0.00172	source_manifest:COHP/PDOS/pristine/*O/DOSCAR
pristine	*O	3.31578	down	Obridge	258	O	py	0.004397	source_manifest:COHP/PDOS/pristine/*O/DOSCAR
pristine	*O	3.31578	up	Obridge	258	O	pz	0.00473	source_manifest:COHP/PDOS/pristine/*O/DOSCAR
pristine	*O	3.31578	down	Obridge	258	O	pz	0.009369	source_manifest:COHP/PDOS/pristine/*O/DOSCAR
pristine	*O	3.31578	up	Obridge	258	O	px	0.003414	source_manifest:COHP/PDOS/pristine/*O/DOSCAR
pristine	*O	3.31578	down	Obridge	258	O	px	0.01032	source_manifest:COHP/PDOS/pristine/*O/DOSCAR
pristine	*O	3.42178	up	Obridge	258	O	py	0.001705	source_manifest:COHP/PDOS/pristine/*O/DOSCAR
pristine	*O	3.42178	down	Obridge	258	O	py	0.008779	source_manifest:COHP/PDOS/pristine/*O/DOSCAR
pristine	*O	3.42178	up	Obridge	258	O	pz	0.008242	source_manifest:COHP/PDOS/pristine/*O/DOSCAR
pristine	*O	3.42178	down	Obridge	258	O	pz	0.01583	source_manifest:COHP/PDOS/pristine/*O/DOSCAR
pristine	*O	3.42178	up	Obridge	258	O	px	0.003913	source_manifest:COHP/PDOS/pristine/*O/DOSCAR
pristine	*O	3.42178	down	Obridge	258	O	px	0.01356	source_manifest:COHP/PDOS/pristine/*O/DOSCAR
pristine	*O	3.52778	up	Obridge	258	O	py	0.001677	source_manifest:COHP/PDOS/pristine/*O/DOSCAR
pristine	*O	3.52778	down	Obridge	258	O	py	0.01262	source_manifest:COHP/PDOS/pristine/*O/DOSCAR
pristine	*O	3.52778	up	Obridge	258	O	pz	0.01255	source_manifest:COHP/PDOS/pristine/*O/DOSCAR
pristine	*O	3.52778	down	Obridge	258	O	pz	0.01995	source_manifest:COHP/PDOS/pristine/*O/DOSCAR
pristine	*O	3.52778	up	Obridge	258	O	px	0.004759	source_manifest:COHP/PDOS/pristine/*O/DOSCAR
pristine	*O	3.52778	down	Obridge	258	O	px	0.01453	source_manifest:COHP/PDOS/pristine/*O/DOSCAR
pristine	*O	3.63378	up	Obridge	258	O	py	0.001903	source_manifest:COHP/PDOS/pristine/*O/DOSCAR
pristine	*O	3.63378	down	Obridge	258	O	py	0.01279	source_manifest:COHP/PDOS/pristine/*O/DOSCAR
pristine	*O	3.63378	up	Obridge	258	O	pz	0.01467	source_manifest:COHP/PDOS/pristine/*O/DOSCAR
pristine	*O	3.63378	down	Obridge	258	O	pz	0.01762	source_manifest:COHP/PDOS/pristine/*O/DOSCAR
pristine	*O	3.63378	up	Obridge	258	O	px	0.005568	source_manifest:COHP/PDOS/pristine/*O/DOSCAR
pristine	*O	3.63378	down	Obridge	258	O	px	0.01371	source_manifest:COHP/PDOS/pristine/*O/DOSCAR
pristine	*O	3.73978	up	Obridge	258	O	py	0.001762	source_manifest:COHP/PDOS/pristine/*O/DOSCAR
pristine	*O	3.73978	down	Obridge	258	O	py	0.009049	source_manifest:COHP/PDOS/pristine/*O/DOSCAR
pristine	*O	3.73978	up	Obridge	258	O	pz	0.01178	source_manifest:COHP/PDOS/pristine/*O/DOSCAR
pristine	*O	3.73978	down	Obridge	258	O	pz	0.01064	source_manifest:COHP/PDOS/pristine/*O/DOSCAR
pristine	*O	3.73978	up	Obridge	258	O	px	0.00446	source_manifest:COHP/PDOS/pristine/*O/DOSCAR
pristine	*O	3.73978	down	Obridge	258	O	px	0.01014	source_manifest:COHP/PDOS/pristine/*O/DOSCAR
pristine	*O	3.84578	up	Obridge	258	O	py	0.001331	source_manifest:COHP/PDOS/pristine/*O/DOSCAR
pristine	*O	3.84578	down	Obridge	258	O	py	0.005029	source_manifest:COHP/PDOS/pristine/*O/DOSCAR
pristine	*O	3.84578	up	Obridge	258	O	pz	0.007137	source_manifest:COHP/PDOS/pristine/*O/DOSCAR
pristine	*O	3.84578	down	Obridge	258	O	pz	0.004897	source_manifest:COHP/PDOS/pristine/*O/DOSCAR
pristine	*O	3.84578	up	Obridge	258	O	px	0.002687	source_manifest:COHP/PDOS/pristine/*O/DOSCAR
pristine	*O	3.84578	down	Obridge	258	O	px	0.006257	source_manifest:COHP/PDOS/pristine/*O/DOSCAR
pristine	*O	3.95178	up	Obridge	258	O	py	0.001319	source_manifest:COHP/PDOS/pristine/*O/DOSCAR
pristine	*O	3.95178	down	Obridge	258	O	py	0.004431	source_manifest:COHP/PDOS/pristine/*O/DOSCAR
pristine	*O	3.95178	up	Obridge	258	O	pz	0.005112	source_manifest:COHP/PDOS/pristine/*O/DOSCAR
pristine	*O	3.95178	down	Obridge	258	O	pz	0.002898	source_manifest:COHP/PDOS/pristine/*O/DOSCAR
pristine	*O	3.95178	up	Obridge	258	O	px	0.002406	source_manifest:COHP/PDOS/pristine/*O/DOSCAR
pristine	*O	3.95178	down	Obridge	258	O	px	0.006106	source_manifest:COHP/PDOS/pristine/*O/DOSCAR
pristine	*O	-7.91322	up	Oads	347	O	py	0.001871	source_manifest:COHP/PDOS/pristine/*O/DOSCAR
pristine	*O	-7.91322	down	Oads	347	O	py	-5.525e-06	source_manifest:COHP/PDOS/pristine/*O/DOSCAR
pristine	*O	-7.91322	up	Oads	347	O	pz	0.0001502	source_manifest:COHP/PDOS/pristine/*O/DOSCAR
pristine	*O	-7.91322	down	Oads	347	O	pz	-7.112e-06	source_manifest:COHP/PDOS/pristine/*O/DOSCAR
pristine	*O	-7.91322	up	Oads	347	O	px	0.001391	source_manifest:COHP/PDOS/pristine/*O/DOSCAR
pristine	*O	-7.91322	down	Oads	347	O	px	-4.362e-06	source_manifest:COHP/PDOS/pristine/*O/DOSCAR
pristine	*O	-7.80722	up	Oads	347	O	py	0.02719	source_manifest:COHP/PDOS/pristine/*O/DOSCAR
pristine	*O	-7.80722	down	Oads	347	O	py	8.257e-06	source_manifest:COHP/PDOS/pristine/*O/DOSCAR
pristine	*O	-7.80722	up	Oads	347	O	pz	0.0008005	source_manifest:COHP/PDOS/pristine/*O/DOSCAR
pristine	*O	-7.80722	down	Oads	347	O	pz	2.778e-05	source_manifest:COHP/PDOS/pristine/*O/DOSCAR
pristine	*O	-7.80722	up	Oads	347	O	px	0.01117	source_manifest:COHP/PDOS/pristine/*O/DOSCAR
pristine	*O	-7.80722	down	Oads	347	O	px	2.118e-06	source_manifest:COHP/PDOS/pristine/*O/DOSCAR
pristine	*O	-7.70122	up	Oads	347	O	py	0.05994	source_manifest:COHP/PDOS/pristine/*O/DOSCAR
pristine	*O	-7.70122	down	Oads	347	O	py	6.132e-05	source_manifest:COHP/PDOS/pristine/*O/DOSCAR
pristine	*O	-7.70122	up	Oads	347	O	pz	0.001408	source_manifest:COHP/PDOS/pristine/*O/DOSCAR
pristine	*O	-7.70122	down	Oads	347	O	pz	0.0001182	source_manifest:COHP/PDOS/pristine/*O/DOSCAR
pristine	*O	-7.70122	up	Oads	347	O	px	0.0246	source_manifest:COHP/PDOS/pristine/*O/DOSCAR
pristine	*O	-7.70122	down	Oads	347	O	px	3.835e-05	source_manifest:COHP/PDOS/pristine/*O/DOSCAR
pristine	*O	-7.59622	up	Oads	347	O	py	0.05355	source_manifest:COHP/PDOS/pristine/*O/DOSCAR
pristine	*O	-7.59622	down	Oads	347	O	py	0.0001323	source_manifest:COHP/PDOS/pristine/*O/DOSCAR
pristine	*O	-7.59622	up	Oads	347	O	pz	0.002722	source_manifest:COHP/PDOS/pristine/*O/DOSCAR
pristine	*O	-7.59622	down	Oads	347	O	pz	0.0001824	source_manifest:COHP/PDOS/pristine/*O/DOSCAR
pristine	*O	-7.59622	up	Oads	347	O	px	0.02754	source_manifest:COHP/PDOS/pristine/*O/DOSCAR
pristine	*O	-7.59622	down	Oads	347	O	px	9.814e-05	source_manifest:COHP/PDOS/pristine/*O/DOSCAR
pristine	*O	-7.49022	up	Oads	347	O	py	0.02365	source_manifest:COHP/PDOS/pristine/*O/DOSCAR
pristine	*O	-7.49022	down	Oads	347	O	py	0.0001717	source_manifest:COHP/PDOS/pristine/*O/DOSCAR
pristine	*O	-7.49022	up	Oads	347	O	pz	0.0104	source_manifest:COHP/PDOS/pristine/*O/DOSCAR
pristine	*O	-7.49022	down	Oads	347	O	pz	0.0001648	source_manifest:COHP/PDOS/pristine/*O/DOSCAR
pristine	*O	-7.49022	up	Oads	347	O	px	0.02655	source_manifest:COHP/PDOS/pristine/*O/DOSCAR
pristine	*O	-7.49022	down	Oads	347	O	px	0.0001392	source_manifest:COHP/PDOS/pristine/*O/DOSCAR
pristine	*O	-7.38422	up	Oads	347	O	py	0.04168	source_manifest:COHP/PDOS/pristine/*O/DOSCAR
pristine	*O	-7.38422	down	Oads	347	O	py	0.0001815	source_manifest:COHP/PDOS/pristine/*O/DOSCAR
pristine	*O	-7.38422	up	Oads	347	O	pz	0.02457	source_manifest:COHP/PDOS/pristine/*O/DOSCAR
pristine	*O	-7.38422	down	Oads	347	O	pz	0.0001513	source_manifest:COHP/PDOS/pristine/*O/DOSCAR
pristine	*O	-7.38422	up	Oads	347	O	px	0.04641	source_manifest:COHP/PDOS/pristine/*O/DOSCAR
pristine	*O	-7.38422	down	Oads	347	O	px	0.0001496	source_manifest:COHP/PDOS/pristine/*O/DOSCAR
pristine	*O	-7.27822	up	Oads	347	O	py	0.09916	source_manifest:COHP/PDOS/pristine/*O/DOSCAR
pristine	*O	-7.27822	down	Oads	347	O	py	0.0002089	source_manifest:COHP/PDOS/pristine/*O/DOSCAR
pristine	*O	-7.27822	up	Oads	347	O	pz	0.03237	source_manifest:COHP/PDOS/pristine/*O/DOSCAR
pristine	*O	-7.27822	down	Oads	347	O	pz	0.0001857	source_manifest:COHP/PDOS/pristine/*O/DOSCAR
pristine	*O	-7.27822	up	Oads	347	O	px	0.08423	source_manifest:COHP/PDOS/pristine/*O/DOSCAR
pristine	*O	-7.27822	down	Oads	347	O	px	0.0001341	source_manifest:COHP/PDOS/pristine/*O/DOSCAR
pristine	*O	-7.17222	up	Oads	347	O	py	0.1084	source_manifest:COHP/PDOS/pristine/*O/DOSCAR
pristine	*O	-7.17222	down	Oads	347	O	py	0.0002751	source_manifest:COHP/PDOS/pristine/*O/DOSCAR
pristine	*O	-7.17222	up	Oads	347	O	pz	0.03104	source_manifest:COHP/PDOS/pristine/*O/DOSCAR
pristine	*O	-7.17222	down	Oads	347	O	pz	0.0001816	source_manifest:COHP/PDOS/pristine/*O/DOSCAR
pristine	*O	-7.17222	up	Oads	347	O	px	0.1035	source_manifest:COHP/PDOS/pristine/*O/DOSCAR
pristine	*O	-7.17222	down	Oads	347	O	px	7.099e-05	source_manifest:COHP/PDOS/pristine/*O/DOSCAR
pristine	*O	-7.06622	up	Oads	347	O	py	0.06198	source_manifest:COHP/PDOS/pristine/*O/DOSCAR
pristine	*O	-7.06622	down	Oads	347	O	py	0.0003293	source_manifest:COHP/PDOS/pristine/*O/DOSCAR
pristine	*O	-7.06622	up	Oads	347	O	pz	0.03363	source_manifest:COHP/PDOS/pristine/*O/DOSCAR
pristine	*O	-7.06622	down	Oads	347	O	pz	0.0001764	source_manifest:COHP/PDOS/pristine/*O/DOSCAR
pristine	*O	-7.06622	up	Oads	347	O	px	0.08672	source_manifest:COHP/PDOS/pristine/*O/DOSCAR
pristine	*O	-7.06622	down	Oads	347	O	px	0.0002913	source_manifest:COHP/PDOS/pristine/*O/DOSCAR
pristine	*O	-6.96022	up	Oads	347	O	py	0.02545	source_manifest:COHP/PDOS/pristine/*O/DOSCAR
pristine	*O	-6.96022	down	Oads	347	O	py	0.0003603	source_manifest:COHP/PDOS/pristine/*O/DOSCAR
pristine	*O	-6.96022	up	Oads	347	O	pz	0.05098	source_manifest:COHP/PDOS/pristine/*O/DOSCAR
pristine	*O	-6.96022	down	Oads	347	O	pz	0.0005813	source_manifest:COHP/PDOS/pristine/*O/DOSCAR
pristine	*O	-6.96022	up	Oads	347	O	px	0.05759	source_manifest:COHP/PDOS/pristine/*O/DOSCAR
pristine	*O	-6.96022	down	Oads	347	O	px	0.00187	source_manifest:COHP/PDOS/pristine/*O/DOSCAR
pristine	*O	-6.85422	up	Oads	347	O	py	0.01262	source_manifest:COHP/PDOS/pristine/*O/DOSCAR
pristine	*O	-6.85422	down	Oads	347	O	py	0.0005185	source_manifest:COHP/PDOS/pristine/*O/DOSCAR
pristine	*O	-6.85422	up	Oads	347	O	pz	0.08003	source_manifest:COHP/PDOS/pristine/*O/DOSCAR
pristine	*O	-6.85422	down	Oads	347	O	pz	0.001471	source_manifest:COHP/PDOS/pristine/*O/DOSCAR
pristine	*O	-6.85422	up	Oads	347	O	px	0.0398	source_manifest:COHP/PDOS/pristine/*O/DOSCAR
pristine	*O	-6.85422	down	Oads	347	O	px	0.004825	source_manifest:COHP/PDOS/pristine/*O/DOSCAR
pristine	*O	-6.74822	up	Oads	347	O	py	0.00636	source_manifest:COHP/PDOS/pristine/*O/DOSCAR
pristine	*O	-6.74822	down	Oads	347	O	py	0.00105	source_manifest:COHP/PDOS/pristine/*O/DOSCAR
pristine	*O	-6.74822	up	Oads	347	O	pz	0.09351	source_manifest:COHP/PDOS/pristine/*O/DOSCAR
pristine	*O	-6.74822	down	Oads	347	O	pz	0.001973	source_manifest:COHP/PDOS/pristine/*O/DOSCAR
pristine	*O	-6.74822	up	Oads	347	O	px	0.03051	source_manifest:COHP/PDOS/pristine/*O/DOSCAR
pristine	*O	-6.74822	down	Oads	347	O	px	0.006473	source_manifest:COHP/PDOS/pristine/*O/DOSCAR
pristine	*O	-6.64222	up	Oads	347	O	py	0.002678	source_manifest:COHP/PDOS/pristine/*O/DOSCAR
pristine	*O	-6.64222	down	Oads	347	O	py	0.002322	source_manifest:COHP/PDOS/pristine/*O/DOSCAR
pristine	*O	-6.64222	up	Oads	347	O	pz	0.07137	source_manifest:COHP/PDOS/pristine/*O/DOSCAR
pristine	*O	-6.64222	down	Oads	347	O	pz	0.001742	source_manifest:COHP/PDOS/pristine/*O/DOSCAR
pristine	*O	-6.64222	up	Oads	347	O	px	0.02113	source_manifest:COHP/PDOS/pristine/*O/DOSCAR
pristine	*O	-6.64222	down	Oads	347	O	px	0.00547	source_manifest:COHP/PDOS/pristine/*O/DOSCAR
pristine	*O	-6.53622	up	Oads	347	O	py	0.004055	source_manifest:COHP/PDOS/pristine/*O/DOSCAR
pristine	*O	-6.53622	down	Oads	347	O	py	0.004706	source_manifest:COHP/PDOS/pristine/*O/DOSCAR
pristine	*O	-6.53622	up	Oads	347	O	pz	0.03463	source_manifest:COHP/PDOS/pristine/*O/DOSCAR
pristine	*O	-6.53622	down	Oads	347	O	pz	0.001414	source_manifest:COHP/PDOS/pristine/*O/DOSCAR
pristine	*O	-6.53622	up	Oads	347	O	px	0.01913	source_manifest:COHP/PDOS/pristine/*O/DOSCAR
pristine	*O	-6.53622	down	Oads	347	O	px	0.004627	source_manifest:COHP/PDOS/pristine/*O/DOSCAR
pristine	*O	-6.43022	up	Oads	347	O	py	0.009756	source_manifest:COHP/PDOS/pristine/*O/DOSCAR
pristine	*O	-6.43022	down	Oads	347	O	py	0.008598	source_manifest:COHP/PDOS/pristine/*O/DOSCAR
pristine	*O	-6.43022	up	Oads	347	O	pz	0.01495	source_manifest:COHP/PDOS/pristine/*O/DOSCAR
pristine	*O	-6.43022	down	Oads	347	O	pz	0.00115	source_manifest:COHP/PDOS/pristine/*O/DOSCAR
pristine	*O	-6.43022	up	Oads	347	O	px	0.03074	source_manifest:COHP/PDOS/pristine/*O/DOSCAR
pristine	*O	-6.43022	down	Oads	347	O	px	0.006666	source_manifest:COHP/PDOS/pristine/*O/DOSCAR
pristine	*O	-6.32422	up	Oads	347	O	py	0.0155	source_manifest:COHP/PDOS/pristine/*O/DOSCAR
pristine	*O	-6.32422	down	Oads	347	O	py	0.01284	source_manifest:COHP/PDOS/pristine/*O/DOSCAR
pristine	*O	-6.32422	up	Oads	347	O	pz	0.01194	source_manifest:COHP/PDOS/pristine/*O/DOSCAR
pristine	*O	-6.32422	down	Oads	347	O	pz	0.0008565	source_manifest:COHP/PDOS/pristine/*O/DOSCAR
pristine	*O	-6.32422	up	Oads	347	O	px	0.04422	source_manifest:COHP/PDOS/pristine/*O/DOSCAR
pristine	*O	-6.32422	down	Oads	347	O	px	0.009482	source_manifest:COHP/PDOS/pristine/*O/DOSCAR
pristine	*O	-6.21822	up	Oads	347	O	py	0.01729	source_manifest:COHP/PDOS/pristine/*O/DOSCAR
pristine	*O	-6.21822	down	Oads	347	O	py	0.01263	source_manifest:COHP/PDOS/pristine/*O/DOSCAR
pristine	*O	-6.21822	up	Oads	347	O	pz	0.01192	source_manifest:COHP/PDOS/pristine/*O/DOSCAR
pristine	*O	-6.21822	down	Oads	347	O	pz	0.0006743	source_manifest:COHP/PDOS/pristine/*O/DOSCAR
pristine	*O	-6.21822	up	Oads	347	O	px	0.05002	source_manifest:COHP/PDOS/pristine/*O/DOSCAR
pristine	*O	-6.21822	down	Oads	347	O	px	0.008408	source_manifest:COHP/PDOS/pristine/*O/DOSCAR
pristine	*O	-6.11222	up	Oads	347	O	py	0.01511	source_manifest:COHP/PDOS/pristine/*O/DOSCAR
pristine	*O	-6.11222	down	Oads	347	O	py	0.007041	source_manifest:COHP/PDOS/pristine/*O/DOSCAR
pristine	*O	-6.11222	up	Oads	347	O	pz	0.01567	source_manifest:COHP/PDOS/pristine/*O/DOSCAR
pristine	*O	-6.11222	down	Oads	347	O	pz	0.0009508	source_manifest:COHP/PDOS/pristine/*O/DOSCAR
pristine	*O	-6.11222	up	Oads	347	O	px	0.04912	source_manifest:COHP/PDOS/pristine/*O/DOSCAR
pristine	*O	-6.11222	down	Oads	347	O	px	0.004005	source_manifest:COHP/PDOS/pristine/*O/DOSCAR
pristine	*O	-6.00622	up	Oads	347	O	py	0.01755	source_manifest:COHP/PDOS/pristine/*O/DOSCAR
pristine	*O	-6.00622	down	Oads	347	O	py	0.002186	source_manifest:COHP/PDOS/pristine/*O/DOSCAR
pristine	*O	-6.00622	up	Oads	347	O	pz	0.0275	source_manifest:COHP/PDOS/pristine/*O/DOSCAR
pristine	*O	-6.00622	down	Oads	347	O	pz	0.002167	source_manifest:COHP/PDOS/pristine/*O/DOSCAR
pristine	*O	-6.00622	up	Oads	347	O	px	0.05364	source_manifest:COHP/PDOS/pristine/*O/DOSCAR
pristine	*O	-6.00622	down	Oads	347	O	px	0.001173	source_manifest:COHP/PDOS/pristine/*O/DOSCAR
pristine	*O	-5.90022	up	Oads	347	O	py	0.02228	source_manifest:COHP/PDOS/pristine/*O/DOSCAR
pristine	*O	-5.90022	down	Oads	347	O	py	0.0009016	source_manifest:COHP/PDOS/pristine/*O/DOSCAR
pristine	*O	-5.90022	up	Oads	347	O	pz	0.03493	source_manifest:COHP/PDOS/pristine/*O/DOSCAR
pristine	*O	-5.90022	down	Oads	347	O	pz	0.003277	source_manifest:COHP/PDOS/pristine/*O/DOSCAR
pristine	*O	-5.90022	up	Oads	347	O	px	0.05721	source_manifest:COHP/PDOS/pristine/*O/DOSCAR
pristine	*O	-5.90022	down	Oads	347	O	px	0.001503	source_manifest:COHP/PDOS/pristine/*O/DOSCAR
pristine	*O	-5.79522	up	Oads	347	O	py	0.01649	source_manifest:COHP/PDOS/pristine/*O/DOSCAR
pristine	*O	-5.79522	down	Oads	347	O	py	0.0009162	source_manifest:COHP/PDOS/pristine/*O/DOSCAR
pristine	*O	-5.79522	up	Oads	347	O	pz	0.02354	source_manifest:COHP/PDOS/pristine/*O/DOSCAR
pristine	*O	-5.79522	down	Oads	347	O	pz	0.002688	source_manifest:COHP/PDOS/pristine/*O/DOSCAR
pristine	*O	-5.79522	up	Oads	347	O	px	0.03794	source_manifest:COHP/PDOS/pristine/*O/DOSCAR
pristine	*O	-5.79522	down	Oads	347	O	px	0.002598	source_manifest:COHP/PDOS/pristine/*O/DOSCAR
pristine	*O	-5.68922	up	Oads	347	O	py	0.006675	source_manifest:COHP/PDOS/pristine/*O/DOSCAR
pristine	*O	-5.68922	down	Oads	347	O	py	0.001052	source_manifest:COHP/PDOS/pristine/*O/DOSCAR
pristine	*O	-5.68922	up	Oads	347	O	pz	0.007231	source_manifest:COHP/PDOS/pristine/*O/DOSCAR
pristine	*O	-5.68922	down	Oads	347	O	pz	0.001263	source_manifest:COHP/PDOS/pristine/*O/DOSCAR
pristine	*O	-5.68922	up	Oads	347	O	px	0.0123	source_manifest:COHP/PDOS/pristine/*O/DOSCAR
pristine	*O	-5.68922	down	Oads	347	O	px	0.002645	source_manifest:COHP/PDOS/pristine/*O/DOSCAR
pristine	*O	-5.58322	up	Oads	347	O	py	0.003685	source_manifest:COHP/PDOS/pristine/*O/DOSCAR
pristine	*O	-5.58322	down	Oads	347	O	py	0.001266	source_manifest:COHP/PDOS/pristine/*O/DOSCAR
pristine	*O	-5.58322	up	Oads	347	O	pz	0.001848	source_manifest:COHP/PDOS/pristine/*O/DOSCAR
pristine	*O	-5.58322	down	Oads	347	O	pz	0.0005019	source_manifest:COHP/PDOS/pristine/*O/DOSCAR
pristine	*O	-5.58322	up	Oads	347	O	px	0.003615	source_manifest:COHP/PDOS/pristine/*O/DOSCAR
pristine	*O	-5.58322	down	Oads	347	O	px	0.002204	source_manifest:COHP/PDOS/pristine/*O/DOSCAR
pristine	*O	-5.47722	up	Oads	347	O	py	0.005524	source_manifest:COHP/PDOS/pristine/*O/DOSCAR
pristine	*O	-5.47722	down	Oads	347	O	py	0.001003	source_manifest:COHP/PDOS/pristine/*O/DOSCAR
pristine	*O	-5.47722	up	Oads	347	O	pz	0.004731	source_manifest:COHP/PDOS/pristine/*O/DOSCAR
pristine	*O	-5.47722	down	Oads	347	O	pz	0.0002756	source_manifest:COHP/PDOS/pristine/*O/DOSCAR
pristine	*O	-5.47722	up	Oads	347	O	px	0.007014	source_manifest:COHP/PDOS/pristine/*O/DOSCAR
pristine	*O	-5.47722	down	Oads	347	O	px	0.001656	source_manifest:COHP/PDOS/pristine/*O/DOSCAR
pristine	*O	-5.37122	up	Oads	347	O	py	0.008219	source_manifest:COHP/PDOS/pristine/*O/DOSCAR
pristine	*O	-5.37122	down	Oads	347	O	py	0.000457	source_manifest:COHP/PDOS/pristine/*O/DOSCAR
pristine	*O	-5.37122	up	Oads	347	O	pz	0.01195	source_manifest:COHP/PDOS/pristine/*O/DOSCAR
pristine	*O	-5.37122	down	Oads	347	O	pz	0.0001214	source_manifest:COHP/PDOS/pristine/*O/DOSCAR
pristine	*O	-5.37122	up	Oads	347	O	px	0.0133	source_manifest:COHP/PDOS/pristine/*O/DOSCAR
pristine	*O	-5.37122	down	Oads	347	O	px	0.0007752	source_manifest:COHP/PDOS/pristine/*O/DOSCAR
pristine	*O	-5.26522	up	Oads	347	O	py	0.01223	source_manifest:COHP/PDOS/pristine/*O/DOSCAR
pristine	*O	-5.26522	down	Oads	347	O	py	0.000559	source_manifest:COHP/PDOS/pristine/*O/DOSCAR
pristine	*O	-5.26522	up	Oads	347	O	pz	0.02463	source_manifest:COHP/PDOS/pristine/*O/DOSCAR
pristine	*O	-5.26522	down	Oads	347	O	pz	8.89e-05	source_manifest:COHP/PDOS/pristine/*O/DOSCAR
pristine	*O	-5.26522	up	Oads	347	O	px	0.02349	source_manifest:COHP/PDOS/pristine/*O/DOSCAR
pristine	*O	-5.26522	down	Oads	347	O	px	6.949e-05	source_manifest:COHP/PDOS/pristine/*O/DOSCAR
pristine	*O	-5.15922	up	Oads	347	O	py	0.01684	source_manifest:COHP/PDOS/pristine/*O/DOSCAR
pristine	*O	-5.15922	down	Oads	347	O	py	0.000758	source_manifest:COHP/PDOS/pristine/*O/DOSCAR
pristine	*O	-5.15922	up	Oads	347	O	pz	0.0363	source_manifest:COHP/PDOS/pristine/*O/DOSCAR
pristine	*O	-5.15922	down	Oads	347	O	pz	-0.0005588	source_manifest:COHP/PDOS/pristine/*O/DOSCAR
pristine	*O	-5.15922	up	Oads	347	O	px	0.03568	source_manifest:COHP/PDOS/pristine/*O/DOSCAR
pristine	*O	-5.15922	down	Oads	347	O	px	-0.001002	source_manifest:COHP/PDOS/pristine/*O/DOSCAR
pristine	*O	-5.05322	up	Oads	347	O	py	0.01764	source_manifest:COHP/PDOS/pristine/*O/DOSCAR
pristine	*O	-5.05322	down	Oads	347	O	py	-0.0009962	source_manifest:COHP/PDOS/pristine/*O/DOSCAR
pristine	*O	-5.05322	up	Oads	347	O	pz	0.03577	source_manifest:COHP/PDOS/pristine/*O/DOSCAR
pristine	*O	-5.05322	down	Oads	347	O	pz	-0.003812	source_manifest:COHP/PDOS/pristine/*O/DOSCAR
pristine	*O	-5.05322	up	Oads	347	O	px	0.03969	source_manifest:COHP/PDOS/pristine/*O/DOSCAR
pristine	*O	-5.05322	down	Oads	347	O	px	-0.004773	source_manifest:COHP/PDOS/pristine/*O/DOSCAR
pristine	*O	-4.94722	up	Oads	347	O	py	0.01967	source_manifest:COHP/PDOS/pristine/*O/DOSCAR
pristine	*O	-4.94722	down	Oads	347	O	py	-0.001275	source_manifest:COHP/PDOS/pristine/*O/DOSCAR
pristine	*O	-4.94722	up	Oads	347	O	pz	0.03473	source_manifest:COHP/PDOS/pristine/*O/DOSCAR
pristine	*O	-4.94722	down	Oads	347	O	pz	-0.003247	source_manifest:COHP/PDOS/pristine/*O/DOSCAR
pristine	*O	-4.94722	up	Oads	347	O	px	0.04575	source_manifest:COHP/PDOS/pristine/*O/DOSCAR
pristine	*O	-4.94722	down	Oads	347	O	px	-0.004107	source_manifest:COHP/PDOS/pristine/*O/DOSCAR
pristine	*O	-4.84122	up	Oads	347	O	py	0.02812	source_manifest:COHP/PDOS/pristine/*O/DOSCAR
pristine	*O	-4.84122	down	Oads	347	O	py	0.01515	source_manifest:COHP/PDOS/pristine/*O/DOSCAR
pristine	*O	-4.84122	up	Oads	347	O	pz	0.04519	source_manifest:COHP/PDOS/pristine/*O/DOSCAR
pristine	*O	-4.84122	down	Oads	347	O	pz	0.02914	source_manifest:COHP/PDOS/pristine/*O/DOSCAR
pristine	*O	-4.84122	up	Oads	347	O	px	0.06473	source_manifest:COHP/PDOS/pristine/*O/DOSCAR
pristine	*O	-4.84122	down	Oads	347	O	px	0.03354	source_manifest:COHP/PDOS/pristine/*O/DOSCAR
pristine	*O	-4.73522	up	Oads	347	O	py	0.03101	source_manifest:COHP/PDOS/pristine/*O/DOSCAR
pristine	*O	-4.73522	down	Oads	347	O	py	0.0469	source_manifest:COHP/PDOS/pristine/*O/DOSCAR
pristine	*O	-4.73522	up	Oads	347	O	pz	0.04626	source_manifest:COHP/PDOS/pristine/*O/DOSCAR
pristine	*O	-4.73522	down	Oads	347	O	pz	0.09106	source_manifest:COHP/PDOS/pristine/*O/DOSCAR
pristine	*O	-4.73522	up	Oads	347	O	px	0.06894	source_manifest:COHP/PDOS/pristine/*O/DOSCAR
pristine	*O	-4.73522	down	Oads	347	O	px	0.1079	source_manifest:COHP/PDOS/pristine/*O/DOSCAR
pristine	*O	-4.62922	up	Oads	347	O	py	0.02697	source_manifest:COHP/PDOS/pristine/*O/DOSCAR
pristine	*O	-4.62922	down	Oads	347	O	py	0.05217	source_manifest:COHP/PDOS/pristine/*O/DOSCAR
pristine	*O	-4.62922	up	Oads	347	O	pz	0.03315	source_manifest:COHP/PDOS/pristine/*O/DOSCAR
pristine	*O	-4.62922	down	Oads	347	O	pz	0.106	source_manifest:COHP/PDOS/pristine/*O/DOSCAR
pristine	*O	-4.62922	up	Oads	347	O	px	0.05548	source_manifest:COHP/PDOS/pristine/*O/DOSCAR
pristine	*O	-4.62922	down	Oads	347	O	px	0.1311	source_manifest:COHP/PDOS/pristine/*O/DOSCAR
pristine	*O	-4.52322	up	Oads	347	O	py	0.02879	source_manifest:COHP/PDOS/pristine/*O/DOSCAR
pristine	*O	-4.52322	down	Oads	347	O	py	0.02261	source_manifest:COHP/PDOS/pristine/*O/DOSCAR
pristine	*O	-4.52322	up	Oads	347	O	pz	0.03041	source_manifest:COHP/PDOS/pristine/*O/DOSCAR
pristine	*O	-4.52322	down	Oads	347	O	pz	0.06267	source_manifest:COHP/PDOS/pristine/*O/DOSCAR
pristine	*O	-4.52322	up	Oads	347	O	px	0.05658	source_manifest:COHP/PDOS/pristine/*O/DOSCAR
pristine	*O	-4.52322	down	Oads	347	O	px	0.07941	source_manifest:COHP/PDOS/pristine/*O/DOSCAR
pristine	*O	-4.41722	up	Oads	347	O	py	0.02869	source_manifest:COHP/PDOS/pristine/*O/DOSCAR
pristine	*O	-4.41722	down	Oads	347	O	py	0.00206	source_manifest:COHP/PDOS/pristine/*O/DOSCAR
pristine	*O	-4.41722	up	Oads	347	O	pz	0.03414	source_manifest:COHP/PDOS/pristine/*O/DOSCAR
pristine	*O	-4.41722	down	Oads	347	O	pz	0.0377	source_manifest:COHP/PDOS/pristine/*O/DOSCAR
pristine	*O	-4.41722	up	Oads	347	O	px	0.0587	source_manifest:COHP/PDOS/pristine/*O/DOSCAR
pristine	*O	-4.41722	down	Oads	347	O	px	0.032	source_manifest:COHP/PDOS/pristine/*O/DOSCAR
pristine	*O	-4.31122	up	Oads	347	O	py	0.02085	source_manifest:COHP/PDOS/pristine/*O/DOSCAR
pristine	*O	-4.31122	down	Oads	347	O	py	0.00717	source_manifest:COHP/PDOS/pristine/*O/DOSCAR
pristine	*O	-4.31122	up	Oads	347	O	pz	0.02811	source_manifest:COHP/PDOS/pristine/*O/DOSCAR
pristine	*O	-4.31122	down	Oads	347	O	pz	0.05665	source_manifest:COHP/PDOS/pristine/*O/DOSCAR
pristine	*O	-4.31122	up	Oads	347	O	px	0.04485	source_manifest:COHP/PDOS/pristine/*O/DOSCAR
pristine	*O	-4.31122	down	Oads	347	O	px	0.01849	source_manifest:COHP/PDOS/pristine/*O/DOSCAR
pristine	*O	-4.20522	up	Oads	347	O	py	0.01794	source_manifest:COHP/PDOS/pristine/*O/DOSCAR
pristine	*O	-4.20522	down	Oads	347	O	py	0.02212	source_manifest:COHP/PDOS/pristine/*O/DOSCAR
pristine	*O	-4.20522	up	Oads	347	O	pz	0.02012	source_manifest:COHP/PDOS/pristine/*O/DOSCAR
pristine	*O	-4.20522	down	Oads	347	O	pz	0.09042	source_manifest:COHP/PDOS/pristine/*O/DOSCAR
pristine	*O	-4.20522	up	Oads	347	O	px	0.03249	source_manifest:COHP/PDOS/pristine/*O/DOSCAR
pristine	*O	-4.20522	down	Oads	347	O	px	0.02	source_manifest:COHP/PDOS/pristine/*O/DOSCAR
pristine	*O	-4.10022	up	Oads	347	O	py	0.02059	source_manifest:COHP/PDOS/pristine/*O/DOSCAR
pristine	*O	-4.10022	down	Oads	347	O	py	0.03047	source_manifest:COHP/PDOS/pristine/*O/DOSCAR
pristine	*O	-4.10022	up	Oads	347	O	pz	0.01963	source_manifest:COHP/PDOS/pristine/*O/DOSCAR
pristine	*O	-4.10022	down	Oads	347	O	pz	0.08557	source_manifest:COHP/PDOS/pristine/*O/DOSCAR
pristine	*O	-4.10022	up	Oads	347	O	px	0.02692	source_manifest:COHP/PDOS/pristine/*O/DOSCAR
pristine	*O	-4.10022	down	Oads	347	O	px	0.02023	source_manifest:COHP/PDOS/pristine/*O/DOSCAR
pristine	*O	-3.99422	up	Oads	347	O	py	0.01972	source_manifest:COHP/PDOS/pristine/*O/DOSCAR
pristine	*O	-3.99422	down	Oads	347	O	py	0.03763	source_manifest:COHP/PDOS/pristine/*O/DOSCAR
pristine	*O	-3.99422	up	Oads	347	O	pz	0.02282	source_manifest:COHP/PDOS/pristine/*O/DOSCAR
pristine	*O	-3.99422	down	Oads	347	O	pz	0.04229	source_manifest:COHP/PDOS/pristine/*O/DOSCAR
pristine	*O	-3.99422	up	Oads	347	O	px	0.02369	source_manifest:COHP/PDOS/pristine/*O/DOSCAR
pristine	*O	-3.99422	down	Oads	347	O	px	0.02339	source_manifest:COHP/PDOS/pristine/*O/DOSCAR
pristine	*O	-3.88822	up	Oads	347	O	py	0.01678	source_manifest:COHP/PDOS/pristine/*O/DOSCAR
pristine	*O	-3.88822	down	Oads	347	O	py	0.05133	source_manifest:COHP/PDOS/pristine/*O/DOSCAR
pristine	*O	-3.88822	up	Oads	347	O	pz	0.02437	source_manifest:COHP/PDOS/pristine/*O/DOSCAR
pristine	*O	-3.88822	down	Oads	347	O	pz	0.01466	source_manifest:COHP/PDOS/pristine/*O/DOSCAR
pristine	*O	-3.88822	up	Oads	347	O	px	0.02225	source_manifest:COHP/PDOS/pristine/*O/DOSCAR
pristine	*O	-3.88822	down	Oads	347	O	px	0.04572	source_manifest:COHP/PDOS/pristine/*O/DOSCAR
pristine	*O	-3.78222	up	Oads	347	O	py	0.02507	source_manifest:COHP/PDOS/pristine/*O/DOSCAR
pristine	*O	-3.78222	down	Oads	347	O	py	0.07364	source_manifest:COHP/PDOS/pristine/*O/DOSCAR
pristine	*O	-3.78222	up	Oads	347	O	pz	0.03244	source_manifest:COHP/PDOS/pristine/*O/DOSCAR
pristine	*O	-3.78222	down	Oads	347	O	pz	0.03205	source_manifest:COHP/PDOS/pristine/*O/DOSCAR
pristine	*O	-3.78222	up	Oads	347	O	px	0.04179	source_manifest:COHP/PDOS/pristine/*O/DOSCAR
pristine	*O	-3.78222	down	Oads	347	O	px	0.1182	source_manifest:COHP/PDOS/pristine/*O/DOSCAR
pristine	*O	-3.67622	up	Oads	347	O	py	0.05393	source_manifest:COHP/PDOS/pristine/*O/DOSCAR
pristine	*O	-3.67622	down	Oads	347	O	py	0.1276	source_manifest:COHP/PDOS/pristine/*O/DOSCAR
pristine	*O	-3.67622	up	Oads	347	O	pz	0.05612	source_manifest:COHP/PDOS/pristine/*O/DOSCAR
pristine	*O	-3.67622	down	Oads	347	O	pz	0.1195	source_manifest:COHP/PDOS/pristine/*O/DOSCAR
pristine	*O	-3.67622	up	Oads	347	O	px	0.1044	source_manifest:COHP/PDOS/pristine/*O/DOSCAR
pristine	*O	-3.67622	down	Oads	347	O	px	0.2924	source_manifest:COHP/PDOS/pristine/*O/DOSCAR
pristine	*O	-3.57022	up	Oads	347	O	py	0.08919	source_manifest:COHP/PDOS/pristine/*O/DOSCAR
pristine	*O	-3.57022	down	Oads	347	O	py	0.1926	source_manifest:COHP/PDOS/pristine/*O/DOSCAR
pristine	*O	-3.57022	up	Oads	347	O	pz	0.07308	source_manifest:COHP/PDOS/pristine/*O/DOSCAR
pristine	*O	-3.57022	down	Oads	347	O	pz	0.265	source_manifest:COHP/PDOS/pristine/*O/DOSCAR
pristine	*O	-3.57022	up	Oads	347	O	px	0.1565	source_manifest:COHP/PDOS/pristine/*O/DOSCAR
pristine	*O	-3.57022	down	Oads	347	O	px	0.4903	source_manifest:COHP/PDOS/pristine/*O/DOSCAR
pristine	*O	-3.46422	up	Oads	347	O	py	0.1501	source_manifest:COHP/PDOS/pristine/*O/DOSCAR
pristine	*O	-3.46422	down	Oads	347	O	py	0.2	source_manifest:COHP/PDOS/pristine/*O/DOSCAR
pristine	*O	-3.46422	up	Oads	347	O	pz	0.06177	source_manifest:COHP/PDOS/pristine/*O/DOSCAR
pristine	*O	-3.46422	down	Oads	347	O	pz	0.3485	source_manifest:COHP/PDOS/pristine/*O/DOSCAR
pristine	*O	-3.46422	up	Oads	347	O	px	0.1565	source_manifest:COHP/PDOS/pristine/*O/DOSCAR
pristine	*O	-3.46422	down	Oads	347	O	px	0.4959	source_manifest:COHP/PDOS/pristine/*O/DOSCAR
pristine	*O	-3.35822	up	Oads	347	O	py	0.3308	source_manifest:COHP/PDOS/pristine/*O/DOSCAR
pristine	*O	-3.35822	down	Oads	347	O	py	0.1441	source_manifest:COHP/PDOS/pristine/*O/DOSCAR
pristine	*O	-3.35822	up	Oads	347	O	pz	0.03807	source_manifest:COHP/PDOS/pristine/*O/DOSCAR
pristine	*O	-3.35822	down	Oads	347	O	pz	0.2694	source_manifest:COHP/PDOS/pristine/*O/DOSCAR
pristine	*O	-3.35822	up	Oads	347	O	px	0.1996	source_manifest:COHP/PDOS/pristine/*O/DOSCAR
pristine	*O	-3.35822	down	Oads	347	O	px	0.2998	source_manifest:COHP/PDOS/pristine/*O/DOSCAR
pristine	*O	-3.25222	up	Oads	347	O	py	0.6061	source_manifest:COHP/PDOS/pristine/*O/DOSCAR
pristine	*O	-3.25222	down	Oads	347	O	py	0.09078	source_manifest:COHP/PDOS/pristine/*O/DOSCAR
pristine	*O	-3.25222	up	Oads	347	O	pz	0.02694	source_manifest:COHP/PDOS/pristine/*O/DOSCAR
pristine	*O	-3.25222	down	Oads	347	O	pz	0.1192	source_manifest:COHP/PDOS/pristine/*O/DOSCAR
pristine	*O	-3.25222	up	Oads	347	O	px	0.3175	source_manifest:COHP/PDOS/pristine/*O/DOSCAR
pristine	*O	-3.25222	down	Oads	347	O	px	0.1202	source_manifest:COHP/PDOS/pristine/*O/DOSCAR
pristine	*O	-3.14622	up	Oads	347	O	py	0.7121	source_manifest:COHP/PDOS/pristine/*O/DOSCAR
pristine	*O	-3.14622	down	Oads	347	O	py	0.07196	source_manifest:COHP/PDOS/pristine/*O/DOSCAR
pristine	*O	-3.14622	up	Oads	347	O	pz	0.03717	source_manifest:COHP/PDOS/pristine/*O/DOSCAR
pristine	*O	-3.14622	down	Oads	347	O	pz	0.0345	source_manifest:COHP/PDOS/pristine/*O/DOSCAR
pristine	*O	-3.14622	up	Oads	347	O	px	0.3588	source_manifest:COHP/PDOS/pristine/*O/DOSCAR
pristine	*O	-3.14622	down	Oads	347	O	px	0.05547	source_manifest:COHP/PDOS/pristine/*O/DOSCAR
pristine	*O	-3.04022	up	Oads	347	O	py	0.5358	source_manifest:COHP/PDOS/pristine/*O/DOSCAR
pristine	*O	-3.04022	down	Oads	347	O	py	0.07273	source_manifest:COHP/PDOS/pristine/*O/DOSCAR
pristine	*O	-3.04022	up	Oads	347	O	pz	0.0551	source_manifest:COHP/PDOS/pristine/*O/DOSCAR
pristine	*O	-3.04022	down	Oads	347	O	pz	0.02123	source_manifest:COHP/PDOS/pristine/*O/DOSCAR
pristine	*O	-3.04022	up	Oads	347	O	px	0.2542	source_manifest:COHP/PDOS/pristine/*O/DOSCAR
pristine	*O	-3.04022	down	Oads	347	O	px	0.04888	source_manifest:COHP/PDOS/pristine/*O/DOSCAR
pristine	*O	-2.93422	up	Oads	347	O	py	0.2871	source_manifest:COHP/PDOS/pristine/*O/DOSCAR
pristine	*O	-2.93422	down	Oads	347	O	py	0.1007	source_manifest:COHP/PDOS/pristine/*O/DOSCAR
pristine	*O	-2.93422	up	Oads	347	O	pz	0.06759	source_manifest:COHP/PDOS/pristine/*O/DOSCAR
pristine	*O	-2.93422	down	Oads	347	O	pz	0.03102	source_manifest:COHP/PDOS/pristine/*O/DOSCAR
pristine	*O	-2.93422	up	Oads	347	O	px	0.1226	source_manifest:COHP/PDOS/pristine/*O/DOSCAR
pristine	*O	-2.93422	down	Oads	347	O	px	0.0599	source_manifest:COHP/PDOS/pristine/*O/DOSCAR
pristine	*O	-2.82822	up	Oads	347	O	py	0.1208	source_manifest:COHP/PDOS/pristine/*O/DOSCAR
pristine	*O	-2.82822	down	Oads	347	O	py	0.1451	source_manifest:COHP/PDOS/pristine/*O/DOSCAR
pristine	*O	-2.82822	up	Oads	347	O	pz	0.07512	source_manifest:COHP/PDOS/pristine/*O/DOSCAR
pristine	*O	-2.82822	down	Oads	347	O	pz	0.04165	source_manifest:COHP/PDOS/pristine/*O/DOSCAR
pristine	*O	-2.82822	up	Oads	347	O	px	0.05519	source_manifest:COHP/PDOS/pristine/*O/DOSCAR
pristine	*O	-2.82822	down	Oads	347	O	px	0.08247	source_manifest:COHP/PDOS/pristine/*O/DOSCAR
pristine	*O	-2.72222	up	Oads	347	O	py	0.046	source_manifest:COHP/PDOS/pristine/*O/DOSCAR
pristine	*O	-2.72222	down	Oads	347	O	py	0.1469	source_manifest:COHP/PDOS/pristine/*O/DOSCAR
pristine	*O	-2.72222	up	Oads	347	O	pz	0.09681	source_manifest:COHP/PDOS/pristine/*O/DOSCAR
pristine	*O	-2.72222	down	Oads	347	O	pz	0.04773	source_manifest:COHP/PDOS/pristine/*O/DOSCAR
pristine	*O	-2.72222	up	Oads	347	O	px	0.04384	source_manifest:COHP/PDOS/pristine/*O/DOSCAR
pristine	*O	-2.72222	down	Oads	347	O	px	0.09298	source_manifest:COHP/PDOS/pristine/*O/DOSCAR
pristine	*O	-2.61622	up	Oads	347	O	py	0.04267	source_manifest:COHP/PDOS/pristine/*O/DOSCAR
pristine	*O	-2.61622	down	Oads	347	O	py	0.09887	source_manifest:COHP/PDOS/pristine/*O/DOSCAR
pristine	*O	-2.61622	up	Oads	347	O	pz	0.1833	source_manifest:COHP/PDOS/pristine/*O/DOSCAR
pristine	*O	-2.61622	down	Oads	347	O	pz	0.04752	source_manifest:COHP/PDOS/pristine/*O/DOSCAR
pristine	*O	-2.61622	up	Oads	347	O	px	0.05725	source_manifest:COHP/PDOS/pristine/*O/DOSCAR
pristine	*O	-2.61622	down	Oads	347	O	px	0.07392	source_manifest:COHP/PDOS/pristine/*O/DOSCAR
pristine	*O	-2.51022	up	Oads	347	O	py	0.07572	source_manifest:COHP/PDOS/pristine/*O/DOSCAR
pristine	*O	-2.51022	down	Oads	347	O	py	0.05555	source_manifest:COHP/PDOS/pristine/*O/DOSCAR
pristine	*O	-2.51022	up	Oads	347	O	pz	0.3047	source_manifest:COHP/PDOS/pristine/*O/DOSCAR
pristine	*O	-2.51022	down	Oads	347	O	pz	0.05078	source_manifest:COHP/PDOS/pristine/*O/DOSCAR
pristine	*O	-2.51022	up	Oads	347	O	px	0.06456	source_manifest:COHP/PDOS/pristine/*O/DOSCAR
pristine	*O	-2.51022	down	Oads	347	O	px	0.0457	source_manifest:COHP/PDOS/pristine/*O/DOSCAR
pristine	*O	-2.40522	up	Oads	347	O	py	0.09889	source_manifest:COHP/PDOS/pristine/*O/DOSCAR
pristine	*O	-2.40522	down	Oads	347	O	py	0.03877	source_manifest:COHP/PDOS/pristine/*O/DOSCAR
pristine	*O	-2.40522	up	Oads	347	O	pz	0.3319	source_manifest:COHP/PDOS/pristine/*O/DOSCAR
pristine	*O	-2.40522	down	Oads	347	O	pz	0.06141	source_manifest:COHP/PDOS/pristine/*O/DOSCAR
pristine	*O	-2.40522	up	Oads	347	O	px	0.04785	source_manifest:COHP/PDOS/pristine/*O/DOSCAR
pristine	*O	-2.40522	down	Oads	347	O	px	0.02847	source_manifest:COHP/PDOS/pristine/*O/DOSCAR
pristine	*O	-2.29922	up	Oads	347	O	py	0.08091	source_manifest:COHP/PDOS/pristine/*O/DOSCAR
pristine	*O	-2.29922	down	Oads	347	O	py	0.02902	source_manifest:COHP/PDOS/pristine/*O/DOSCAR
pristine	*O	-2.29922	up	Oads	347	O	pz	0.2597	source_manifest:COHP/PDOS/pristine/*O/DOSCAR
pristine	*O	-2.29922	down	Oads	347	O	pz	0.06032	source_manifest:COHP/PDOS/pristine/*O/DOSCAR
pristine	*O	-2.29922	up	Oads	347	O	px	0.02326	source_manifest:COHP/PDOS/pristine/*O/DOSCAR
pristine	*O	-2.29922	down	Oads	347	O	px	0.01987	source_manifest:COHP/PDOS/pristine/*O/DOSCAR
pristine	*O	-2.19322	up	Oads	347	O	py	0.04095	source_manifest:COHP/PDOS/pristine/*O/DOSCAR
pristine	*O	-2.19322	down	Oads	347	O	py	0.01824	source_manifest:COHP/PDOS/pristine/*O/DOSCAR
pristine	*O	-2.19322	up	Oads	347	O	pz	0.1842	source_manifest:COHP/PDOS/pristine/*O/DOSCAR
pristine	*O	-2.19322	down	Oads	347	O	pz	0.04206	source_manifest:COHP/PDOS/pristine/*O/DOSCAR
pristine	*O	-2.19322	up	Oads	347	O	px	0.01078	source_manifest:COHP/PDOS/pristine/*O/DOSCAR
pristine	*O	-2.19322	down	Oads	347	O	px	0.01458	source_manifest:COHP/PDOS/pristine/*O/DOSCAR
pristine	*O	-2.08722	up	Oads	347	O	py	0.01514	source_manifest:COHP/PDOS/pristine/*O/DOSCAR
pristine	*O	-2.08722	down	Oads	347	O	py	0.01694	source_manifest:COHP/PDOS/pristine/*O/DOSCAR
pristine	*O	-2.08722	up	Oads	347	O	pz	0.1245	source_manifest:COHP/PDOS/pristine/*O/DOSCAR
pristine	*O	-2.08722	down	Oads	347	O	pz	0.05203	source_manifest:COHP/PDOS/pristine/*O/DOSCAR
pristine	*O	-2.08722	up	Oads	347	O	px	0.008793	source_manifest:COHP/PDOS/pristine/*O/DOSCAR
pristine	*O	-2.08722	down	Oads	347	O	px	0.0131	source_manifest:COHP/PDOS/pristine/*O/DOSCAR
pristine	*O	-1.98122	up	Oads	347	O	py	0.007855	source_manifest:COHP/PDOS/pristine/*O/DOSCAR
pristine	*O	-1.98122	down	Oads	347	O	py	0.02575	source_manifest:COHP/PDOS/pristine/*O/DOSCAR
pristine	*O	-1.98122	up	Oads	347	O	pz	0.07697	source_manifest:COHP/PDOS/pristine/*O/DOSCAR
pristine	*O	-1.98122	down	Oads	347	O	pz	0.1252	source_manifest:COHP/PDOS/pristine/*O/DOSCAR
pristine	*O	-1.98122	up	Oads	347	O	px	0.009366	source_manifest:COHP/PDOS/pristine/*O/DOSCAR
pristine	*O	-1.98122	down	Oads	347	O	px	0.01357	source_manifest:COHP/PDOS/pristine/*O/DOSCAR
pristine	*O	-1.87522	up	Oads	347	O	py	0.004886	source_manifest:COHP/PDOS/pristine/*O/DOSCAR
pristine	*O	-1.87522	down	Oads	347	O	py	0.0347	source_manifest:COHP/PDOS/pristine/*O/DOSCAR
pristine	*O	-1.87522	up	Oads	347	O	pz	0.06906	source_manifest:COHP/PDOS/pristine/*O/DOSCAR
pristine	*O	-1.87522	down	Oads	347	O	pz	0.2031	source_manifest:COHP/PDOS/pristine/*O/DOSCAR
pristine	*O	-1.87522	up	Oads	347	O	px	0.009192	source_manifest:COHP/PDOS/pristine/*O/DOSCAR
pristine	*O	-1.87522	down	Oads	347	O	px	0.01203	source_manifest:COHP/PDOS/pristine/*O/DOSCAR
pristine	*O	-1.76922	up	Oads	347	O	py	0.007753	source_manifest:COHP/PDOS/pristine/*O/DOSCAR
pristine	*O	-1.76922	down	Oads	347	O	py	0.04577	source_manifest:COHP/PDOS/pristine/*O/DOSCAR
pristine	*O	-1.76922	up	Oads	347	O	pz	0.1173	source_manifest:COHP/PDOS/pristine/*O/DOSCAR
pristine	*O	-1.76922	down	Oads	347	O	pz	0.2259	source_manifest:COHP/PDOS/pristine/*O/DOSCAR
pristine	*O	-1.76922	up	Oads	347	O	px	0.01315	source_manifest:COHP/PDOS/pristine/*O/DOSCAR
pristine	*O	-1.76922	down	Oads	347	O	px	0.01111	source_manifest:COHP/PDOS/pristine/*O/DOSCAR
pristine	*O	-1.66322	up	Oads	347	O	py	0.05622	source_manifest:COHP/PDOS/pristine/*O/DOSCAR
pristine	*O	-1.66322	down	Oads	347	O	py	0.05505	source_manifest:COHP/PDOS/pristine/*O/DOSCAR
pristine	*O	-1.66322	up	Oads	347	O	pz	0.2028	source_manifest:COHP/PDOS/pristine/*O/DOSCAR
pristine	*O	-1.66322	down	Oads	347	O	pz	0.2017	source_manifest:COHP/PDOS/pristine/*O/DOSCAR
pristine	*O	-1.66322	up	Oads	347	O	px	0.04387	source_manifest:COHP/PDOS/pristine/*O/DOSCAR
pristine	*O	-1.66322	down	Oads	347	O	px	0.0142	source_manifest:COHP/PDOS/pristine/*O/DOSCAR
pristine	*O	-1.55722	up	Oads	347	O	py	0.1758	source_manifest:COHP/PDOS/pristine/*O/DOSCAR
pristine	*O	-1.55722	down	Oads	347	O	py	0.04182	source_manifest:COHP/PDOS/pristine/*O/DOSCAR
pristine	*O	-1.55722	up	Oads	347	O	pz	0.2608	source_manifest:COHP/PDOS/pristine/*O/DOSCAR
pristine	*O	-1.55722	down	Oads	347	O	pz	0.1373	source_manifest:COHP/PDOS/pristine/*O/DOSCAR
pristine	*O	-1.55722	up	Oads	347	O	px	0.1189	source_manifest:COHP/PDOS/pristine/*O/DOSCAR
pristine	*O	-1.55722	down	Oads	347	O	px	0.01392	source_manifest:COHP/PDOS/pristine/*O/DOSCAR
pristine	*O	-1.45122	up	Oads	347	O	py	0.2943	source_manifest:COHP/PDOS/pristine/*O/DOSCAR
pristine	*O	-1.45122	down	Oads	347	O	py	0.01493	source_manifest:COHP/PDOS/pristine/*O/DOSCAR
pristine	*O	-1.45122	up	Oads	347	O	pz	0.236	source_manifest:COHP/PDOS/pristine/*O/DOSCAR
pristine	*O	-1.45122	down	Oads	347	O	pz	0.06404	source_manifest:COHP/PDOS/pristine/*O/DOSCAR
pristine	*O	-1.45122	up	Oads	347	O	px	0.1941	source_manifest:COHP/PDOS/pristine/*O/DOSCAR
pristine	*O	-1.45122	down	Oads	347	O	px	0.007065	source_manifest:COHP/PDOS/pristine/*O/DOSCAR
pristine	*O	-1.34522	up	Oads	347	O	py	0.3248	source_manifest:COHP/PDOS/pristine/*O/DOSCAR
pristine	*O	-1.34522	down	Oads	347	O	py	0.0006287	source_manifest:COHP/PDOS/pristine/*O/DOSCAR
pristine	*O	-1.34522	up	Oads	347	O	pz	0.1646	source_manifest:COHP/PDOS/pristine/*O/DOSCAR
pristine	*O	-1.34522	down	Oads	347	O	pz	0.02617	source_manifest:COHP/PDOS/pristine/*O/DOSCAR
pristine	*O	-1.34522	up	Oads	347	O	px	0.2151	source_manifest:COHP/PDOS/pristine/*O/DOSCAR
pristine	*O	-1.34522	down	Oads	347	O	px	0.001579	source_manifest:COHP/PDOS/pristine/*O/DOSCAR
pristine	*O	-1.23922	up	Oads	347	O	py	0.2665	source_manifest:COHP/PDOS/pristine/*O/DOSCAR
pristine	*O	-1.23922	down	Oads	347	O	py	4.775e-05	source_manifest:COHP/PDOS/pristine/*O/DOSCAR
pristine	*O	-1.23922	up	Oads	347	O	pz	0.1348	source_manifest:COHP/PDOS/pristine/*O/DOSCAR
pristine	*O	-1.23922	down	Oads	347	O	pz	0.02441	source_manifest:COHP/PDOS/pristine/*O/DOSCAR
pristine	*O	-1.23922	up	Oads	347	O	px	0.1835	source_manifest:COHP/PDOS/pristine/*O/DOSCAR
pristine	*O	-1.23922	down	Oads	347	O	px	0.001824	source_manifest:COHP/PDOS/pristine/*O/DOSCAR
pristine	*O	-1.13322	up	Oads	347	O	py	0.1835	source_manifest:COHP/PDOS/pristine/*O/DOSCAR
pristine	*O	-1.13322	down	Oads	347	O	py	0.003727	source_manifest:COHP/PDOS/pristine/*O/DOSCAR
pristine	*O	-1.13322	up	Oads	347	O	pz	0.1778	source_manifest:COHP/PDOS/pristine/*O/DOSCAR
pristine	*O	-1.13322	down	Oads	347	O	pz	0.02718	source_manifest:COHP/PDOS/pristine/*O/DOSCAR
pristine	*O	-1.13322	up	Oads	347	O	px	0.1364	source_manifest:COHP/PDOS/pristine/*O/DOSCAR
pristine	*O	-1.13322	down	Oads	347	O	px	0.005918	source_manifest:COHP/PDOS/pristine/*O/DOSCAR
pristine	*O	-1.02722	up	Oads	347	O	py	0.13	source_manifest:COHP/PDOS/pristine/*O/DOSCAR
pristine	*O	-1.02722	down	Oads	347	O	py	0.0083	source_manifest:COHP/PDOS/pristine/*O/DOSCAR
pristine	*O	-1.02722	up	Oads	347	O	pz	0.245	source_manifest:COHP/PDOS/pristine/*O/DOSCAR
pristine	*O	-1.02722	down	Oads	347	O	pz	0.02088	source_manifest:COHP/PDOS/pristine/*O/DOSCAR
pristine	*O	-1.02722	up	Oads	347	O	px	0.1169	source_manifest:COHP/PDOS/pristine/*O/DOSCAR
pristine	*O	-1.02722	down	Oads	347	O	px	0.01012	source_manifest:COHP/PDOS/pristine/*O/DOSCAR
pristine	*O	-0.92122	up	Oads	347	O	py	0.1008	source_manifest:COHP/PDOS/pristine/*O/DOSCAR
pristine	*O	-0.92122	down	Oads	347	O	py	0.01076	source_manifest:COHP/PDOS/pristine/*O/DOSCAR
pristine	*O	-0.92122	up	Oads	347	O	pz	0.2668	source_manifest:COHP/PDOS/pristine/*O/DOSCAR
pristine	*O	-0.92122	down	Oads	347	O	pz	0.01577	source_manifest:COHP/PDOS/pristine/*O/DOSCAR
pristine	*O	-0.92122	up	Oads	347	O	px	0.1297	source_manifest:COHP/PDOS/pristine/*O/DOSCAR
pristine	*O	-0.92122	down	Oads	347	O	px	0.0115	source_manifest:COHP/PDOS/pristine/*O/DOSCAR
pristine	*O	-0.81522	up	Oads	347	O	py	0.1031	source_manifest:COHP/PDOS/pristine/*O/DOSCAR
pristine	*O	-0.81522	down	Oads	347	O	py	0.008408	source_manifest:COHP/PDOS/pristine/*O/DOSCAR
pristine	*O	-0.81522	up	Oads	347	O	pz	0.2498	source_manifest:COHP/PDOS/pristine/*O/DOSCAR
pristine	*O	-0.81522	down	Oads	347	O	pz	0.01502	source_manifest:COHP/PDOS/pristine/*O/DOSCAR
pristine	*O	-0.81522	up	Oads	347	O	px	0.1789	source_manifest:COHP/PDOS/pristine/*O/DOSCAR
pristine	*O	-0.81522	down	Oads	347	O	px	0.009529	source_manifest:COHP/PDOS/pristine/*O/DOSCAR
pristine	*O	-0.71022	up	Oads	347	O	py	0.1429	source_manifest:COHP/PDOS/pristine/*O/DOSCAR
pristine	*O	-0.71022	down	Oads	347	O	py	0.004577	source_manifest:COHP/PDOS/pristine/*O/DOSCAR
pristine	*O	-0.71022	up	Oads	347	O	pz	0.2381	source_manifest:COHP/PDOS/pristine/*O/DOSCAR
pristine	*O	-0.71022	down	Oads	347	O	pz	0.01189	source_manifest:COHP/PDOS/pristine/*O/DOSCAR
pristine	*O	-0.71022	up	Oads	347	O	px	0.2435	source_manifest:COHP/PDOS/pristine/*O/DOSCAR
pristine	*O	-0.71022	down	Oads	347	O	px	0.005433	source_manifest:COHP/PDOS/pristine/*O/DOSCAR
pristine	*O	-0.60422	up	Oads	347	O	py	0.1561	source_manifest:COHP/PDOS/pristine/*O/DOSCAR
pristine	*O	-0.60422	down	Oads	347	O	py	0.00253	source_manifest:COHP/PDOS/pristine/*O/DOSCAR
pristine	*O	-0.60422	up	Oads	347	O	pz	0.1978	source_manifest:COHP/PDOS/pristine/*O/DOSCAR
pristine	*O	-0.60422	down	Oads	347	O	pz	0.004965	source_manifest:COHP/PDOS/pristine/*O/DOSCAR
pristine	*O	-0.60422	up	Oads	347	O	px	0.2303	source_manifest:COHP/PDOS/pristine/*O/DOSCAR
pristine	*O	-0.60422	down	Oads	347	O	px	0.001364	source_manifest:COHP/PDOS/pristine/*O/DOSCAR
pristine	*O	-0.49822	up	Oads	347	O	py	0.1037	source_manifest:COHP/PDOS/pristine/*O/DOSCAR
pristine	*O	-0.49822	down	Oads	347	O	py	-0.0002085	source_manifest:COHP/PDOS/pristine/*O/DOSCAR
pristine	*O	-0.49822	up	Oads	347	O	pz	0.1065	source_manifest:COHP/PDOS/pristine/*O/DOSCAR
pristine	*O	-0.49822	down	Oads	347	O	pz	-0.00718	source_manifest:COHP/PDOS/pristine/*O/DOSCAR
pristine	*O	-0.49822	up	Oads	347	O	px	0.1354	source_manifest:COHP/PDOS/pristine/*O/DOSCAR
pristine	*O	-0.49822	down	Oads	347	O	px	-0.003436	source_manifest:COHP/PDOS/pristine/*O/DOSCAR
pristine	*O	-0.39222	up	Oads	347	O	py	0.03968	source_manifest:COHP/PDOS/pristine/*O/DOSCAR
pristine	*O	-0.39222	down	Oads	347	O	py	-0.007771	source_manifest:COHP/PDOS/pristine/*O/DOSCAR
pristine	*O	-0.39222	up	Oads	347	O	pz	0.02852	source_manifest:COHP/PDOS/pristine/*O/DOSCAR
pristine	*O	-0.39222	down	Oads	347	O	pz	-0.03612	source_manifest:COHP/PDOS/pristine/*O/DOSCAR
pristine	*O	-0.39222	up	Oads	347	O	px	0.05446	source_manifest:COHP/PDOS/pristine/*O/DOSCAR
pristine	*O	-0.39222	down	Oads	347	O	px	-0.01439	source_manifest:COHP/PDOS/pristine/*O/DOSCAR
pristine	*O	-0.28622	up	Oads	347	O	py	0.01023	source_manifest:COHP/PDOS/pristine/*O/DOSCAR
pristine	*O	-0.28622	down	Oads	347	O	py	-0.004981	source_manifest:COHP/PDOS/pristine/*O/DOSCAR
pristine	*O	-0.28622	up	Oads	347	O	pz	-0.001021	source_manifest:COHP/PDOS/pristine/*O/DOSCAR
pristine	*O	-0.28622	down	Oads	347	O	pz	-0.02097	source_manifest:COHP/PDOS/pristine/*O/DOSCAR
pristine	*O	-0.28622	up	Oads	347	O	px	0.0188	source_manifest:COHP/PDOS/pristine/*O/DOSCAR
pristine	*O	-0.28622	down	Oads	347	O	px	-0.008271	source_manifest:COHP/PDOS/pristine/*O/DOSCAR
pristine	*O	-0.18022	up	Oads	347	O	py	0.01661	source_manifest:COHP/PDOS/pristine/*O/DOSCAR
pristine	*O	-0.18022	down	Oads	347	O	py	0.06297	source_manifest:COHP/PDOS/pristine/*O/DOSCAR
pristine	*O	-0.18022	up	Oads	347	O	pz	0.01621	source_manifest:COHP/PDOS/pristine/*O/DOSCAR
pristine	*O	-0.18022	down	Oads	347	O	pz	0.2739	source_manifest:COHP/PDOS/pristine/*O/DOSCAR
pristine	*O	-0.18022	up	Oads	347	O	px	0.0402	source_manifest:COHP/PDOS/pristine/*O/DOSCAR
pristine	*O	-0.18022	down	Oads	347	O	px	0.1064	source_manifest:COHP/PDOS/pristine/*O/DOSCAR
pristine	*O	-0.07422	up	Oads	347	O	py	0.06622	source_manifest:COHP/PDOS/pristine/*O/DOSCAR
pristine	*O	-0.07422	down	Oads	347	O	py	0.1718	source_manifest:COHP/PDOS/pristine/*O/DOSCAR
pristine	*O	-0.07422	up	Oads	347	O	pz	0.1141	source_manifest:COHP/PDOS/pristine/*O/DOSCAR
pristine	*O	-0.07422	down	Oads	347	O	pz	0.7873	source_manifest:COHP/PDOS/pristine/*O/DOSCAR
pristine	*O	-0.07422	up	Oads	347	O	px	0.1804	source_manifest:COHP/PDOS/pristine/*O/DOSCAR
pristine	*O	-0.07422	down	Oads	347	O	px	0.3017	source_manifest:COHP/PDOS/pristine/*O/DOSCAR
pristine	*O	0.03178	up	Oads	347	O	py	0.1334	source_manifest:COHP/PDOS/pristine/*O/DOSCAR
pristine	*O	0.03178	down	Oads	347	O	py	0.1461	source_manifest:COHP/PDOS/pristine/*O/DOSCAR
pristine	*O	0.03178	up	Oads	347	O	pz	0.2555	source_manifest:COHP/PDOS/pristine/*O/DOSCAR
pristine	*O	0.03178	down	Oads	347	O	pz	0.8292	source_manifest:COHP/PDOS/pristine/*O/DOSCAR
pristine	*O	0.03178	up	Oads	347	O	px	0.3739	source_manifest:COHP/PDOS/pristine/*O/DOSCAR
pristine	*O	0.03178	down	Oads	347	O	px	0.3026	source_manifest:COHP/PDOS/pristine/*O/DOSCAR
pristine	*O	0.13778	up	Oads	347	O	py	0.1298	source_manifest:COHP/PDOS/pristine/*O/DOSCAR
pristine	*O	0.13778	down	Oads	347	O	py	0.07857	source_manifest:COHP/PDOS/pristine/*O/DOSCAR
pristine	*O	0.13778	up	Oads	347	O	pz	0.2593	source_manifest:COHP/PDOS/pristine/*O/DOSCAR
pristine	*O	0.13778	down	Oads	347	O	pz	0.332	source_manifest:COHP/PDOS/pristine/*O/DOSCAR
pristine	*O	0.13778	up	Oads	347	O	px	0.3659	source_manifest:COHP/PDOS/pristine/*O/DOSCAR
pristine	*O	0.13778	down	Oads	347	O	px	0.1299	source_manifest:COHP/PDOS/pristine/*O/DOSCAR
pristine	*O	0.24378	up	Oads	347	O	py	0.05365	source_manifest:COHP/PDOS/pristine/*O/DOSCAR
pristine	*O	0.24378	down	Oads	347	O	py	0.4294	source_manifest:COHP/PDOS/pristine/*O/DOSCAR
pristine	*O	0.24378	up	Oads	347	O	pz	0.1102	source_manifest:COHP/PDOS/pristine/*O/DOSCAR
pristine	*O	0.24378	down	Oads	347	O	pz	-0.004737	source_manifest:COHP/PDOS/pristine/*O/DOSCAR
pristine	*O	0.24378	up	Oads	347	O	px	0.1513	source_manifest:COHP/PDOS/pristine/*O/DOSCAR
pristine	*O	0.24378	down	Oads	347	O	px	0.1858	source_manifest:COHP/PDOS/pristine/*O/DOSCAR
pristine	*O	0.34978	up	Oads	347	O	py	0.0007954	source_manifest:COHP/PDOS/pristine/*O/DOSCAR
pristine	*O	0.34978	down	Oads	347	O	py	1.02	source_manifest:COHP/PDOS/pristine/*O/DOSCAR
pristine	*O	0.34978	up	Oads	347	O	pz	0.002741	source_manifest:COHP/PDOS/pristine/*O/DOSCAR
pristine	*O	0.34978	down	Oads	347	O	pz	-0.03694	source_manifest:COHP/PDOS/pristine/*O/DOSCAR
pristine	*O	0.34978	up	Oads	347	O	px	0.002237	source_manifest:COHP/PDOS/pristine/*O/DOSCAR
pristine	*O	0.34978	down	Oads	347	O	px	0.4342	source_manifest:COHP/PDOS/pristine/*O/DOSCAR
pristine	*O	0.45578	up	Oads	347	O	py	-0.00613	source_manifest:COHP/PDOS/pristine/*O/DOSCAR
pristine	*O	0.45578	down	Oads	347	O	py	0.9415	source_manifest:COHP/PDOS/pristine/*O/DOSCAR
pristine	*O	0.45578	up	Oads	347	O	pz	-0.0119	source_manifest:COHP/PDOS/pristine/*O/DOSCAR
pristine	*O	0.45578	down	Oads	347	O	pz	-0.008338	source_manifest:COHP/PDOS/pristine/*O/DOSCAR
pristine	*O	0.45578	up	Oads	347	O	px	-0.0172	source_manifest:COHP/PDOS/pristine/*O/DOSCAR
pristine	*O	0.45578	down	Oads	347	O	px	0.4081	source_manifest:COHP/PDOS/pristine/*O/DOSCAR
pristine	*O	0.56178	up	Oads	347	O	py	-0.001809	source_manifest:COHP/PDOS/pristine/*O/DOSCAR
pristine	*O	0.56178	down	Oads	347	O	py	0.3123	source_manifest:COHP/PDOS/pristine/*O/DOSCAR
pristine	*O	0.56178	up	Oads	347	O	pz	-0.003407	source_manifest:COHP/PDOS/pristine/*O/DOSCAR
pristine	*O	0.56178	down	Oads	347	O	pz	-0.0004231	source_manifest:COHP/PDOS/pristine/*O/DOSCAR
pristine	*O	0.56178	up	Oads	347	O	px	-0.005073	source_manifest:COHP/PDOS/pristine/*O/DOSCAR
pristine	*O	0.56178	down	Oads	347	O	px	0.1361	source_manifest:COHP/PDOS/pristine/*O/DOSCAR
pristine	*O	0.66778	up	Oads	347	O	py	-0.0001711	source_manifest:COHP/PDOS/pristine/*O/DOSCAR
pristine	*O	0.66778	down	Oads	347	O	py	-0.03058	source_manifest:COHP/PDOS/pristine/*O/DOSCAR
pristine	*O	0.66778	up	Oads	347	O	pz	-0.0002711	source_manifest:COHP/PDOS/pristine/*O/DOSCAR
pristine	*O	0.66778	down	Oads	347	O	pz	-0.0001697	source_manifest:COHP/PDOS/pristine/*O/DOSCAR
pristine	*O	0.66778	up	Oads	347	O	px	-0.0005096	source_manifest:COHP/PDOS/pristine/*O/DOSCAR
pristine	*O	0.66778	down	Oads	347	O	px	-0.01338	source_manifest:COHP/PDOS/pristine/*O/DOSCAR
pristine	*O	0.77378	up	Oads	347	O	py	1.059e-05	source_manifest:COHP/PDOS/pristine/*O/DOSCAR
pristine	*O	0.77378	down	Oads	347	O	py	-0.04303	source_manifest:COHP/PDOS/pristine/*O/DOSCAR
pristine	*O	0.77378	up	Oads	347	O	pz	5.96e-05	source_manifest:COHP/PDOS/pristine/*O/DOSCAR
pristine	*O	0.77378	down	Oads	347	O	pz	-0.0001274	source_manifest:COHP/PDOS/pristine/*O/DOSCAR
pristine	*O	0.77378	up	Oads	347	O	px	-9.189e-06	source_manifest:COHP/PDOS/pristine/*O/DOSCAR
pristine	*O	0.77378	down	Oads	347	O	px	-0.0188	source_manifest:COHP/PDOS/pristine/*O/DOSCAR
pristine	*O	0.87978	up	Oads	347	O	py	1.088e-05	source_manifest:COHP/PDOS/pristine/*O/DOSCAR
pristine	*O	0.87978	down	Oads	347	O	py	-0.01024	source_manifest:COHP/PDOS/pristine/*O/DOSCAR
pristine	*O	0.87978	up	Oads	347	O	pz	5.78e-05	source_manifest:COHP/PDOS/pristine/*O/DOSCAR
pristine	*O	0.87978	down	Oads	347	O	pz	-3.393e-05	source_manifest:COHP/PDOS/pristine/*O/DOSCAR
pristine	*O	0.87978	up	Oads	347	O	px	-1.376e-05	source_manifest:COHP/PDOS/pristine/*O/DOSCAR
pristine	*O	0.87978	down	Oads	347	O	px	-0.004475	source_manifest:COHP/PDOS/pristine/*O/DOSCAR
pristine	*O	0.98478	up	Oads	347	O	py	6.927e-06	source_manifest:COHP/PDOS/pristine/*O/DOSCAR
pristine	*O	0.98478	down	Oads	347	O	py	-0.001159	source_manifest:COHP/PDOS/pristine/*O/DOSCAR
pristine	*O	0.98478	up	Oads	347	O	pz	3.063e-05	source_manifest:COHP/PDOS/pristine/*O/DOSCAR
pristine	*O	0.98478	down	Oads	347	O	pz	-9.283e-05	source_manifest:COHP/PDOS/pristine/*O/DOSCAR
pristine	*O	0.98478	up	Oads	347	O	px	-7.148e-06	source_manifest:COHP/PDOS/pristine/*O/DOSCAR
pristine	*O	0.98478	down	Oads	347	O	px	-0.0005256	source_manifest:COHP/PDOS/pristine/*O/DOSCAR
pristine	*O	1.09078	up	Oads	347	O	py	7.538e-07	source_manifest:COHP/PDOS/pristine/*O/DOSCAR
pristine	*O	1.09078	down	Oads	347	O	py	-0.0008339	source_manifest:COHP/PDOS/pristine/*O/DOSCAR
pristine	*O	1.09078	up	Oads	347	O	pz	2.512e-06	source_manifest:COHP/PDOS/pristine/*O/DOSCAR
pristine	*O	1.09078	down	Oads	347	O	pz	-0.001004	source_manifest:COHP/PDOS/pristine/*O/DOSCAR
pristine	*O	1.09078	up	Oads	347	O	px	-1.607e-06	source_manifest:COHP/PDOS/pristine/*O/DOSCAR
pristine	*O	1.09078	down	Oads	347	O	px	-0.0005433	source_manifest:COHP/PDOS/pristine/*O/DOSCAR
pristine	*O	1.19678	up	Oads	347	O	py	-9.598e-07	source_manifest:COHP/PDOS/pristine/*O/DOSCAR
pristine	*O	1.19678	down	Oads	347	O	py	-0.005449	source_manifest:COHP/PDOS/pristine/*O/DOSCAR
pristine	*O	1.19678	up	Oads	347	O	pz	-4.006e-06	source_manifest:COHP/PDOS/pristine/*O/DOSCAR
pristine	*O	1.19678	down	Oads	347	O	pz	-0.00541	source_manifest:COHP/PDOS/pristine/*O/DOSCAR
pristine	*O	1.19678	up	Oads	347	O	px	-3.243e-07	source_manifest:COHP/PDOS/pristine/*O/DOSCAR
pristine	*O	1.19678	down	Oads	347	O	px	-0.002941	source_manifest:COHP/PDOS/pristine/*O/DOSCAR
pristine	*O	1.30278	up	Oads	347	O	py	-3.881e-07	source_manifest:COHP/PDOS/pristine/*O/DOSCAR
pristine	*O	1.30278	down	Oads	347	O	py	-0.0166	source_manifest:COHP/PDOS/pristine/*O/DOSCAR
pristine	*O	1.30278	up	Oads	347	O	pz	-1.563e-06	source_manifest:COHP/PDOS/pristine/*O/DOSCAR
pristine	*O	1.30278	down	Oads	347	O	pz	-0.009201	source_manifest:COHP/PDOS/pristine/*O/DOSCAR
pristine	*O	1.30278	up	Oads	347	O	px	-6.634e-08	source_manifest:COHP/PDOS/pristine/*O/DOSCAR
pristine	*O	1.30278	down	Oads	347	O	px	-0.005935	source_manifest:COHP/PDOS/pristine/*O/DOSCAR
pristine	*O	1.40878	up	Oads	347	O	py	-6.048e-08	source_manifest:COHP/PDOS/pristine/*O/DOSCAR
pristine	*O	1.40878	down	Oads	347	O	py	0.005246	source_manifest:COHP/PDOS/pristine/*O/DOSCAR
pristine	*O	1.40878	up	Oads	347	O	pz	-2.415e-07	source_manifest:COHP/PDOS/pristine/*O/DOSCAR
pristine	*O	1.40878	down	Oads	347	O	pz	0.0274	source_manifest:COHP/PDOS/pristine/*O/DOSCAR
pristine	*O	1.40878	up	Oads	347	O	px	-8.929e-09	source_manifest:COHP/PDOS/pristine/*O/DOSCAR
pristine	*O	1.40878	down	Oads	347	O	px	0.01183	source_manifest:COHP/PDOS/pristine/*O/DOSCAR
pristine	*O	1.51478	up	Oads	347	O	py	-4.654e-09	source_manifest:COHP/PDOS/pristine/*O/DOSCAR
pristine	*O	1.51478	down	Oads	347	O	py	0.1539	source_manifest:COHP/PDOS/pristine/*O/DOSCAR
pristine	*O	1.51478	up	Oads	347	O	pz	-1.854e-08	source_manifest:COHP/PDOS/pristine/*O/DOSCAR
pristine	*O	1.51478	down	Oads	347	O	pz	0.1326	source_manifest:COHP/PDOS/pristine/*O/DOSCAR
pristine	*O	1.51478	up	Oads	347	O	px	-6.637e-10	source_manifest:COHP/PDOS/pristine/*O/DOSCAR
pristine	*O	1.51478	down	Oads	347	O	px	0.07241	source_manifest:COHP/PDOS/pristine/*O/DOSCAR
pristine	*O	1.62078	up	Oads	347	O	py	-1.898e-10	source_manifest:COHP/PDOS/pristine/*O/DOSCAR
pristine	*O	1.62078	down	Oads	347	O	py	0.3514	source_manifest:COHP/PDOS/pristine/*O/DOSCAR
pristine	*O	1.62078	up	Oads	347	O	pz	-7.555e-10	source_manifest:COHP/PDOS/pristine/*O/DOSCAR
pristine	*O	1.62078	down	Oads	347	O	pz	0.1912	source_manifest:COHP/PDOS/pristine/*O/DOSCAR
pristine	*O	1.62078	up	Oads	347	O	px	-2.682e-11	source_manifest:COHP/PDOS/pristine/*O/DOSCAR
pristine	*O	1.62078	down	Oads	347	O	px	0.1132	source_manifest:COHP/PDOS/pristine/*O/DOSCAR
pristine	*O	1.72678	up	Oads	347	O	py	-4.227e-12	source_manifest:COHP/PDOS/pristine/*O/DOSCAR
pristine	*O	1.72678	down	Oads	347	O	py	0.3219	source_manifest:COHP/PDOS/pristine/*O/DOSCAR
pristine	*O	1.72678	up	Oads	347	O	pz	-1.682e-11	source_manifest:COHP/PDOS/pristine/*O/DOSCAR
pristine	*O	1.72678	down	Oads	347	O	pz	0.112	source_manifest:COHP/PDOS/pristine/*O/DOSCAR
pristine	*O	1.72678	up	Oads	347	O	px	-5.958e-13	source_manifest:COHP/PDOS/pristine/*O/DOSCAR
pristine	*O	1.72678	down	Oads	347	O	px	0.07173	source_manifest:COHP/PDOS/pristine/*O/DOSCAR
pristine	*O	1.83278	up	Oads	347	O	py	-5.223e-14	source_manifest:COHP/PDOS/pristine/*O/DOSCAR
pristine	*O	1.83278	down	Oads	347	O	py	0.1246	source_manifest:COHP/PDOS/pristine/*O/DOSCAR
pristine	*O	1.83278	up	Oads	347	O	pz	-2.076e-13	source_manifest:COHP/PDOS/pristine/*O/DOSCAR
pristine	*O	1.83278	down	Oads	347	O	pz	0.05167	source_manifest:COHP/PDOS/pristine/*O/DOSCAR
pristine	*O	1.83278	up	Oads	347	O	px	-7.398e-15	source_manifest:COHP/PDOS/pristine/*O/DOSCAR
pristine	*O	1.83278	down	Oads	347	O	px	0.101	source_manifest:COHP/PDOS/pristine/*O/DOSCAR
pristine	*O	1.93878	up	Oads	347	O	py	-9.155e-15	source_manifest:COHP/PDOS/pristine/*O/DOSCAR
pristine	*O	1.93878	down	Oads	347	O	py	0.04529	source_manifest:COHP/PDOS/pristine/*O/DOSCAR
pristine	*O	1.93878	up	Oads	347	O	pz	-2.273e-15	source_manifest:COHP/PDOS/pristine/*O/DOSCAR
pristine	*O	1.93878	down	Oads	347	O	pz	0.1253	source_manifest:COHP/PDOS/pristine/*O/DOSCAR
pristine	*O	1.93878	up	Oads	347	O	px	-9.831e-15	source_manifest:COHP/PDOS/pristine/*O/DOSCAR
pristine	*O	1.93878	down	Oads	347	O	px	0.3269	source_manifest:COHP/PDOS/pristine/*O/DOSCAR
pristine	*O	2.04478	up	Oads	347	O	py	-1.031e-12	source_manifest:COHP/PDOS/pristine/*O/DOSCAR
pristine	*O	2.04478	down	Oads	347	O	py	0.05919	source_manifest:COHP/PDOS/pristine/*O/DOSCAR
pristine	*O	2.04478	up	Oads	347	O	pz	-9.691e-14	source_manifest:COHP/PDOS/pristine/*O/DOSCAR
pristine	*O	2.04478	down	Oads	347	O	pz	0.1807	source_manifest:COHP/PDOS/pristine/*O/DOSCAR
pristine	*O	2.04478	up	Oads	347	O	px	-1.124e-12	source_manifest:COHP/PDOS/pristine/*O/DOSCAR
pristine	*O	2.04478	down	Oads	347	O	px	0.4522	source_manifest:COHP/PDOS/pristine/*O/DOSCAR
pristine	*O	2.15078	up	Oads	347	O	py	-6.838e-11	source_manifest:COHP/PDOS/pristine/*O/DOSCAR
pristine	*O	2.15078	down	Oads	347	O	py	0.03826	source_manifest:COHP/PDOS/pristine/*O/DOSCAR
pristine	*O	2.15078	up	Oads	347	O	pz	-6.294e-12	source_manifest:COHP/PDOS/pristine/*O/DOSCAR
pristine	*O	2.15078	down	Oads	347	O	pz	0.1041	source_manifest:COHP/PDOS/pristine/*O/DOSCAR
pristine	*O	2.15078	up	Oads	347	O	px	-7.279e-11	source_manifest:COHP/PDOS/pristine/*O/DOSCAR
pristine	*O	2.15078	down	Oads	347	O	px	0.2561	source_manifest:COHP/PDOS/pristine/*O/DOSCAR
pristine	*O	2.25678	up	Oads	347	O	py	-2.552e-09	source_manifest:COHP/PDOS/pristine/*O/DOSCAR
pristine	*O	2.25678	down	Oads	347	O	py	0.005144	source_manifest:COHP/PDOS/pristine/*O/DOSCAR
pristine	*O	2.25678	up	Oads	347	O	pz	-2.291e-10	source_manifest:COHP/PDOS/pristine/*O/DOSCAR
pristine	*O	2.25678	down	Oads	347	O	pz	0.01384	source_manifest:COHP/PDOS/pristine/*O/DOSCAR
pristine	*O	2.25678	up	Oads	347	O	px	-2.649e-09	source_manifest:COHP/PDOS/pristine/*O/DOSCAR
pristine	*O	2.25678	down	Oads	347	O	px	0.03335	source_manifest:COHP/PDOS/pristine/*O/DOSCAR
pristine	*O	2.36278	up	Oads	347	O	py	-5.303e-08	source_manifest:COHP/PDOS/pristine/*O/DOSCAR
pristine	*O	2.36278	down	Oads	347	O	py	-0.0036	source_manifest:COHP/PDOS/pristine/*O/DOSCAR
pristine	*O	2.36278	up	Oads	347	O	pz	-4.635e-09	source_manifest:COHP/PDOS/pristine/*O/DOSCAR
pristine	*O	2.36278	down	Oads	347	O	pz	-0.008931	source_manifest:COHP/PDOS/pristine/*O/DOSCAR
pristine	*O	2.36278	up	Oads	347	O	px	-5.404e-08	source_manifest:COHP/PDOS/pristine/*O/DOSCAR
pristine	*O	2.36278	down	Oads	347	O	px	-0.02213	source_manifest:COHP/PDOS/pristine/*O/DOSCAR
pristine	*O	2.46878	up	Oads	347	O	py	-5.98e-07	source_manifest:COHP/PDOS/pristine/*O/DOSCAR
pristine	*O	2.46878	down	Oads	347	O	py	-0.001547	source_manifest:COHP/PDOS/pristine/*O/DOSCAR
pristine	*O	2.46878	up	Oads	347	O	pz	-5.116e-08	source_manifest:COHP/PDOS/pristine/*O/DOSCAR
pristine	*O	2.46878	down	Oads	347	O	pz	-0.00389	source_manifest:COHP/PDOS/pristine/*O/DOSCAR
pristine	*O	2.46878	up	Oads	347	O	px	-6.127e-07	source_manifest:COHP/PDOS/pristine/*O/DOSCAR
pristine	*O	2.46878	down	Oads	347	O	px	-0.009576	source_manifest:COHP/PDOS/pristine/*O/DOSCAR
pristine	*O	2.57478	up	Oads	347	O	py	-3.417e-06	source_manifest:COHP/PDOS/pristine/*O/DOSCAR
pristine	*O	2.57478	down	Oads	347	O	py	-0.0002408	source_manifest:COHP/PDOS/pristine/*O/DOSCAR
pristine	*O	2.57478	up	Oads	347	O	pz	-2.936e-07	source_manifest:COHP/PDOS/pristine/*O/DOSCAR
pristine	*O	2.57478	down	Oads	347	O	pz	-0.0006259	source_manifest:COHP/PDOS/pristine/*O/DOSCAR
pristine	*O	2.57478	up	Oads	347	O	px	-3.748e-06	source_manifest:COHP/PDOS/pristine/*O/DOSCAR
pristine	*O	2.57478	down	Oads	347	O	px	-0.001573	source_manifest:COHP/PDOS/pristine/*O/DOSCAR
pristine	*O	2.67978	up	Oads	347	O	py	-7.65e-06	source_manifest:COHP/PDOS/pristine/*O/DOSCAR
pristine	*O	2.67978	down	Oads	347	O	py	-2.341e-05	source_manifest:COHP/PDOS/pristine/*O/DOSCAR
pristine	*O	2.67978	up	Oads	347	O	pz	-7.443e-07	source_manifest:COHP/PDOS/pristine/*O/DOSCAR
pristine	*O	2.67978	down	Oads	347	O	pz	-4.142e-05	source_manifest:COHP/PDOS/pristine/*O/DOSCAR
pristine	*O	2.67978	up	Oads	347	O	px	-1.085e-05	source_manifest:COHP/PDOS/pristine/*O/DOSCAR
pristine	*O	2.67978	down	Oads	347	O	px	-0.0001417	source_manifest:COHP/PDOS/pristine/*O/DOSCAR
pristine	*O	2.78578	up	Oads	347	O	py	7.109e-06	source_manifest:COHP/PDOS/pristine/*O/DOSCAR
pristine	*O	2.78578	down	Oads	347	O	py	-5.154e-05	source_manifest:COHP/PDOS/pristine/*O/DOSCAR
pristine	*O	2.78578	up	Oads	347	O	pz	-9.023e-08	source_manifest:COHP/PDOS/pristine/*O/DOSCAR
pristine	*O	2.78578	down	Oads	347	O	pz	3.794e-06	source_manifest:COHP/PDOS/pristine/*O/DOSCAR
pristine	*O	2.78578	up	Oads	347	O	px	-2.669e-06	source_manifest:COHP/PDOS/pristine/*O/DOSCAR
pristine	*O	2.78578	down	Oads	347	O	px	-5.901e-06	source_manifest:COHP/PDOS/pristine/*O/DOSCAR
pristine	*O	2.89178	up	Oads	347	O	py	5.988e-05	source_manifest:COHP/PDOS/pristine/*O/DOSCAR
pristine	*O	2.89178	down	Oads	347	O	py	-6.187e-05	source_manifest:COHP/PDOS/pristine/*O/DOSCAR
pristine	*O	2.89178	up	Oads	347	O	pz	2.935e-06	source_manifest:COHP/PDOS/pristine/*O/DOSCAR
pristine	*O	2.89178	down	Oads	347	O	pz	1.175e-05	source_manifest:COHP/PDOS/pristine/*O/DOSCAR
pristine	*O	2.89178	up	Oads	347	O	px	7.046e-05	source_manifest:COHP/PDOS/pristine/*O/DOSCAR
pristine	*O	2.89178	down	Oads	347	O	px	6.146e-05	source_manifest:COHP/PDOS/pristine/*O/DOSCAR
pristine	*O	2.99778	up	Oads	347	O	py	0.0001144	source_manifest:COHP/PDOS/pristine/*O/DOSCAR
pristine	*O	2.99778	down	Oads	347	O	py	0.0003393	source_manifest:COHP/PDOS/pristine/*O/DOSCAR
pristine	*O	2.99778	up	Oads	347	O	pz	5.755e-06	source_manifest:COHP/PDOS/pristine/*O/DOSCAR
pristine	*O	2.99778	down	Oads	347	O	pz	5.43e-05	source_manifest:COHP/PDOS/pristine/*O/DOSCAR
pristine	*O	2.99778	up	Oads	347	O	px	0.0002076	source_manifest:COHP/PDOS/pristine/*O/DOSCAR
pristine	*O	2.99778	down	Oads	347	O	px	0.0001857	source_manifest:COHP/PDOS/pristine/*O/DOSCAR
pristine	*O	3.10378	up	Oads	347	O	py	0.0002497	source_manifest:COHP/PDOS/pristine/*O/DOSCAR
pristine	*O	3.10378	down	Oads	347	O	py	0.001639	source_manifest:COHP/PDOS/pristine/*O/DOSCAR
pristine	*O	3.10378	up	Oads	347	O	pz	1.607e-05	source_manifest:COHP/PDOS/pristine/*O/DOSCAR
pristine	*O	3.10378	down	Oads	347	O	pz	0.0001778	source_manifest:COHP/PDOS/pristine/*O/DOSCAR
pristine	*O	3.10378	up	Oads	347	O	px	0.0003743	source_manifest:COHP/PDOS/pristine/*O/DOSCAR
pristine	*O	3.10378	down	Oads	347	O	px	0.0004007	source_manifest:COHP/PDOS/pristine/*O/DOSCAR
pristine	*O	3.20978	up	Oads	347	O	py	0.0006356	source_manifest:COHP/PDOS/pristine/*O/DOSCAR
pristine	*O	3.20978	down	Oads	347	O	py	0.003307	source_manifest:COHP/PDOS/pristine/*O/DOSCAR
pristine	*O	3.20978	up	Oads	347	O	pz	6.985e-05	source_manifest:COHP/PDOS/pristine/*O/DOSCAR
pristine	*O	3.20978	down	Oads	347	O	pz	0.0004776	source_manifest:COHP/PDOS/pristine/*O/DOSCAR
pristine	*O	3.20978	up	Oads	347	O	px	0.0006958	source_manifest:COHP/PDOS/pristine/*O/DOSCAR
pristine	*O	3.20978	down	Oads	347	O	px	0.001099	source_manifest:COHP/PDOS/pristine/*O/DOSCAR
pristine	*O	3.31578	up	Oads	347	O	py	0.0009908	source_manifest:COHP/PDOS/pristine/*O/DOSCAR
pristine	*O	3.31578	down	Oads	347	O	py	0.004016	source_manifest:COHP/PDOS/pristine/*O/DOSCAR
pristine	*O	3.31578	up	Oads	347	O	pz	0.0002282	source_manifest:COHP/PDOS/pristine/*O/DOSCAR
pristine	*O	3.31578	down	Oads	347	O	pz	0.001181	source_manifest:COHP/PDOS/pristine/*O/DOSCAR
pristine	*O	3.31578	up	Oads	347	O	px	0.001102	source_manifest:COHP/PDOS/pristine/*O/DOSCAR
pristine	*O	3.31578	down	Oads	347	O	px	0.002645	source_manifest:COHP/PDOS/pristine/*O/DOSCAR
pristine	*O	3.42178	up	Oads	347	O	py	0.00104	source_manifest:COHP/PDOS/pristine/*O/DOSCAR
pristine	*O	3.42178	down	Oads	347	O	py	0.003799	source_manifest:COHP/PDOS/pristine/*O/DOSCAR
pristine	*O	3.42178	up	Oads	347	O	pz	0.0005297	source_manifest:COHP/PDOS/pristine/*O/DOSCAR
pristine	*O	3.42178	down	Oads	347	O	pz	0.002328	source_manifest:COHP/PDOS/pristine/*O/DOSCAR
pristine	*O	3.42178	up	Oads	347	O	px	0.001247	source_manifest:COHP/PDOS/pristine/*O/DOSCAR
pristine	*O	3.42178	down	Oads	347	O	px	0.004118	source_manifest:COHP/PDOS/pristine/*O/DOSCAR
pristine	*O	3.52778	up	Oads	347	O	py	0.001162	source_manifest:COHP/PDOS/pristine/*O/DOSCAR
pristine	*O	3.52778	down	Oads	347	O	py	0.003706	source_manifest:COHP/PDOS/pristine/*O/DOSCAR
pristine	*O	3.52778	up	Oads	347	O	pz	0.0008747	source_manifest:COHP/PDOS/pristine/*O/DOSCAR
pristine	*O	3.52778	down	Oads	347	O	pz	0.003004	source_manifest:COHP/PDOS/pristine/*O/DOSCAR
pristine	*O	3.52778	up	Oads	347	O	px	0.001461	source_manifest:COHP/PDOS/pristine/*O/DOSCAR
pristine	*O	3.52778	down	Oads	347	O	px	0.004563	source_manifest:COHP/PDOS/pristine/*O/DOSCAR
pristine	*O	3.63378	up	Oads	347	O	py	0.001404	source_manifest:COHP/PDOS/pristine/*O/DOSCAR
pristine	*O	3.63378	down	Oads	347	O	py	0.003505	source_manifest:COHP/PDOS/pristine/*O/DOSCAR
pristine	*O	3.63378	up	Oads	347	O	pz	0.001043	source_manifest:COHP/PDOS/pristine/*O/DOSCAR
pristine	*O	3.63378	down	Oads	347	O	pz	0.002386	source_manifest:COHP/PDOS/pristine/*O/DOSCAR
pristine	*O	3.63378	up	Oads	347	O	px	0.001917	source_manifest:COHP/PDOS/pristine/*O/DOSCAR
pristine	*O	3.63378	down	Oads	347	O	px	0.004278	source_manifest:COHP/PDOS/pristine/*O/DOSCAR
pristine	*O	3.73978	up	Oads	347	O	py	0.001196	source_manifest:COHP/PDOS/pristine/*O/DOSCAR
pristine	*O	3.73978	down	Oads	347	O	py	0.002516	source_manifest:COHP/PDOS/pristine/*O/DOSCAR
pristine	*O	3.73978	up	Oads	347	O	pz	0.000868	source_manifest:COHP/PDOS/pristine/*O/DOSCAR
pristine	*O	3.73978	down	Oads	347	O	pz	0.001276	source_manifest:COHP/PDOS/pristine/*O/DOSCAR
pristine	*O	3.73978	up	Oads	347	O	px	0.001788	source_manifest:COHP/PDOS/pristine/*O/DOSCAR
pristine	*O	3.73978	down	Oads	347	O	px	0.00342	source_manifest:COHP/PDOS/pristine/*O/DOSCAR
pristine	*O	3.84578	up	Oads	347	O	py	0.0007827	source_manifest:COHP/PDOS/pristine/*O/DOSCAR
pristine	*O	3.84578	down	Oads	347	O	py	0.002152	source_manifest:COHP/PDOS/pristine/*O/DOSCAR
pristine	*O	3.84578	up	Oads	347	O	pz	0.0005583	source_manifest:COHP/PDOS/pristine/*O/DOSCAR
pristine	*O	3.84578	down	Oads	347	O	pz	0.000756	source_manifest:COHP/PDOS/pristine/*O/DOSCAR
pristine	*O	3.84578	up	Oads	347	O	px	0.001306	source_manifest:COHP/PDOS/pristine/*O/DOSCAR
pristine	*O	3.84578	down	Oads	347	O	px	0.002663	source_manifest:COHP/PDOS/pristine/*O/DOSCAR
pristine	*O	3.95178	up	Oads	347	O	py	0.0009662	source_manifest:COHP/PDOS/pristine/*O/DOSCAR
pristine	*O	3.95178	down	Oads	347	O	py	0.003552	source_manifest:COHP/PDOS/pristine/*O/DOSCAR
pristine	*O	3.95178	up	Oads	347	O	pz	0.0005189	source_manifest:COHP/PDOS/pristine/*O/DOSCAR
pristine	*O	3.95178	down	Oads	347	O	pz	0.001057	source_manifest:COHP/PDOS/pristine/*O/DOSCAR
pristine	*O	3.95178	up	Oads	347	O	px	0.001317	source_manifest:COHP/PDOS/pristine/*O/DOSCAR
pristine	*O	3.95178	down	Oads	347	O	px	0.003082	source_manifest:COHP/PDOS/pristine/*O/DOSCAR

