"",-3.9640599999999999,-3.8979599999999999,-3.8318599999999998,-3.7657699999999998,-3.6996699999999998,-3.6335700000000002,-3.5674700000000001,-3.5013800000000002,-3.4352800000000001,-3.3691800000000001,-3.3030900000000001,-3.23699,-3.17089,-3.1047899999999999,-3.0387,-2.9725999999999999,-2.9064999999999999,-2.8404099999999999,-2.7743099999999998,-2.7082099999999998,-2.6421100000000002,-2.5760200000000002,-2.5099200000000002,-2.4438200000000001,-2.3777300000000001,-2.3116300000000001,-2.24553,-2.17943,-2.11334,-2.0472399999999999,-1.9811399999999999,-1.9150499999999999,-1.8489500000000001,-1.78285,-1.71675,-1.65066,-1.58456,-1.5184599999999999,-1.4523699999999999,-1.3862699999999999,-1.3201700000000001,-1.2540800000000001,-1.18798,-1.12188,-1.0557799999999999,-0.98968999999999996,-0.92359000000000002,-0.85748999999999997,-0.79139999999999999,-0.72529999999999994,-0.65920000000000001,-0.59309999999999996,-0.52700999999999998,-0.46090999999999999,-0.39480999999999999,-0.32872000000000001,-0.26262000000000002,-0.19652,-0.13042000000000001,-0.064329999999999998,0.0017700000000000001,0.06787,0.13396,0.20005999999999999,0.26616000000000001,0.33226,0.39834999999999998,0.46444999999999997,0.53054999999999997,0.59663999999999995,0.66274,0.72884000000000004,0.79493000000000003,0.86102999999999996,0.92713000000000001,0.99322999999999995,1.05932,1.1254200000000001,1.1915199999999999,1.2576099999999999,1.3237099999999999,1.38981,1.45591,1.522,1.5881000000000001,1.6541999999999999,1.7202900000000001,1.7863899999999999,1.85249,1.91859,1.98468,2.05078,2.1168800000000001,2.1829700000000001,2.2490700000000001,2.3151700000000002,2.3812700000000002,2.4473600000000002,2.5134599999999998,2.5795599999999999,2.6456499999999998,2.7117499999999999,2.7778499999999999,2.8439399999999999,2.91004,2.97614,3.0422400000000001,3.10833,3.1744300000000001,3.2405300000000001,3.3066200000000001,3.3727200000000002,3.4388200000000002,3.5049199999999998,3.5710099999999998,3.6371099999999998,3.7032099999999999,3.7692999999999999,3.8353999999999999,3.9015
-1.66086,-0.0012673389,-0.0014920485,-0.0017446516,-0.0020186712,-0.002343093,-0.0027200233,-0.0031443706,-0.0036371714,-0.00416659,-0.004646142,-0.0051456685,-0.0056560389,-0.0060192342,-0.0062974896,0,0,0,-0.0067906128,-0.0065182052,-0.0059762713,-0.005241944,-0.0043932218,-0.0034105827,-0.0023566363,-0.0012206257,-3.7575021e-05,0.001063227,0.0021736573,0.0032880281,0.0041648308,0.0049928757,0.005761357,0.0062924456,0.006617527,0.0068604737,0.0069789016,0.0066635171,0.0063032736,0.0059427745,0.0051501174,0.0043585217,0.0038712434,0.0035273004,0.0032640616,0.0033503755,0.0037843259,0.0042052735,0.0045266314,0,0,0,0,0.0027209404,0.0018777307,0.0011251476,0.00061884383,0.0001384691,-0.00024769001,-0.00050233351,-0.00067368412,-0.00077808922,-0.00081168208,-0.0007966712,-0.00072172144,-0.00064098695,-0.00055168767,-0.00042872506,-0.00032582373,-0.00023147835,-0.00012806272,-1.2691498e-05,8.327511e-05,0.0001649888,0.00024679402,0.00030391224,0.00033434742,0.0003456517,0.00034180726,0.00031583611,0.00028788191,0.00024828158,0.00019533114,0.00014634345,0,0,0,-0.00014675164,-0.00022780482,-0.00031700535,-0.00040911726,-0.0004768759,-0.0005425876,-0.00060212921,-0.00064447627,-0.00066969864,-0.00068376982,-0.00068616873,-0.00066885108,-0.00064013334,-0.0006037319,-0.00055968337,-0.00051821204,-0.00046895343,-0.00042424793,-0.00039767451,-0.0003802217,-0.00037713151,-0.00038413634,-0.00039664595,-0.00040990609,-0.00041341319,-0.00038451067,-0.0003147347,-0.00021144928,-3.347436e-05,0.00027721465,0.00069360086,0,0,0
-1.6167199999999999,-0.0013727247,-0.0015970407,-0.0019041803,-0.0022544805,-0.002643412,-0.0031055375,-0.0035844808,-0.0041029165,-0.0047112252,-0.0052434052,-0.005792161,-0.0065290993,-0.0071488591,-0.0076671476,0,0,0,-0.0081452932,-0.0077740811,-0.0072698346,-0.0064995405,-0.0055398601,-0.004489142,-0.0032246578,-0.0018810622,-0.00051642623,0.00072891661,0.0019767652,0.0032082684,0.0042183432,0.0050995504,0.0059159878,0.0065213237,0.0068330904,0.0070646056,0.0071983468,0.0068659503,0.0064442069,0.0060328334,0.0053857248,0.0046653445,0.0042013708,0.0039760261,0.0039593102,0.0041158693,0.0045667356,0.0052759754,0.0055143735,0,0,0,0,0.0034528903,0.0026410124,0.0018702176,0.001050842,0.00052137027,4.3437176e-05,-0.00030607282,-0.00048395313,-0.0006137492,-0.00066863769,-0.00066776213,-0.00061957113,-0.0005519141,-0.00049077295,-0.00040288371,-0.00029000384,-0.00019995186,-0.0001085061,1.0527213e-05,0.00010340912,0.00017825082,0.00024578322,0.00029323433,0.00031900776,0.00032760357,0.00032854598,0.00031025009,0.000277404,0.00024581564,0.00019856228,0.00013802215,0,0,0,-0.00015164771,-0.0002262433,-0.00030269759,-0.00038614211,-0.00045226031,-0.00050487544,-0.00055799744,-0.00059872138,-0.0006224445,-0.0006321884,-0.0006304562,-0.0006210141,-0.00058951421,-0.00053574564,-0.00047729554,-0.000423677,-0.00037276401,-0.00032537436,-0.0003058819,-0.00029408943,-0.00028957377,-0.00029776603,-0.00029940836,-0.00029888225,-0.00028154167,-0.00023883565,-0.00017332169,-4.8895905e-05,0.00014554837,0.00041447018,0.00085386419,0,0,0
-1.5725800000000001,-0.001503283,-0.0017875745,-0.0021054964,-0.0024978779,-0.0029313164,-0.0034095331,-0.0039412943,-0.0045535644,-0.005323431,-0.006094967,-0.0068777557,-0.007684276,-0.0084035071,-0.00895702,0,0,0,-0.0098994775,-0.0095683606,-0.0090054637,-0.0081506781,-0.0069248509,-0.0056078262,-0.0042433068,-0.0026734029,-0.0010767323,0.00030134941,0.0017084746,0.003081559,0.0042440691,0.0051915436,0.006062482,0.0067931041,0.0070970166,0.0072875759,0.0073740855,0.0070692063,0.0066225654,0.0061823297,0.0056458963,0.0049647167,0.0045471475,0.0043826415,0.0044276719,0.0048120515,0.0051633739,0.005793951,0.0063936329,0,0,0,0,0.0043353969,0.0031528927,0.0023066492,0.0015180807,0.00083054492,0.00034752479,-2.4743287e-05,-0.00027126877,-0.00042985089,-0.00053320557,-0.00057069078,-0.00055485708,-0.00050194986,-0.00043316153,-0.00036076587,-0.00025819128,-0.00015974996,-8.0063975e-05,1.5497279e-05,0.00010218125,0.00016747267,0.00022704928,0.00027682257,0.00030279541,0.00031170566,0.00031113825,0.00029492425,0.00026414919,0.00022466257,0.00017949998,0.00012336174,0,0,0,-0.00015337786,-0.00022511603,-0.00029323218,-0.00036259208,-0.0004265584,-0.00047485976,-0.00051895273,-0.00055637909,-0.00058001431,-0.00059012184,-0.00057542004,-0.00054964999,-0.0005082353,-0.00044805065,-0.00038065226,-0.00032611119,-0.00027907843,-0.00023282258,-0.00020016891,-0.00018358094,-0.00017490159,-0.00017337645,-0.00017704963,-0.00017685647,-0.00016196068,-0.0001103143,-3.8477378e-05,8.1959632e-05,0.00028346121,0.0005445818,0.00091372023,0,0,0
-1.5284500000000001,-0.0016232006,-0.001938378,-0.0022794663,-0.0026802281,-0.003192791,-0.0037908873,-0.0044470979,-0.005222464,-0.0060725883,-0.00693723,-0.0078138476,-0.0087026889,-0.0095366808,-0.010392291,0,0,0,-0.012035693,-0.011613792,-0.010846439,-0.009853241,-0.0084812986,-0.0069479342,-0.0054472629,-0.0036968219,-0.001819776,-0.00019711531,0.0013541501,0.0028891121,0.0042436151,0.0052699423,0.0061952509,0.0070001637,0.0073247282,0.0074962773,0.0075696106,0.0073270793,0.0068504442,0.0063854065,0.0059156129,0.0052497191,0.004883456,0.0047496343,0.0048665674,0.0053925673,0.005933668,0.0065453681,0.0073419344,0,0,0,0,0.0048797121,0.0036951317,0.002714888,0.0019742202,0.0012440269,0.00063015241,0.00021347791,-0.00011069013,-0.00031162807,-0.00042299356,-0.00047483781,-0.0004718061,-0.00043096798,-0.00036722844,-0.00031387201,-0.00023417058,-0.00014855555,-7.1620139e-05,1.2342331e-05,9.7777855e-05,0.00016268512,0.00021409465,0.00026088391,0.00028322535,0.00028985919,0.0002863371,0.00027094118,0.0002436248,0.00020510054,0.00016106115,0.000109073,0,0,0,-0.00015721958,-0.00022466134,-0.00028597467,-0.00034363772,-0.00040171147,-0.000446747,-0.00048619474,-0.00051730406,-0.0005359879,-0.00054457539,-0.000524136,-0.0004859943,-0.00044149996,-0.00037770005,-0.00030047423,-0.00021102038,-0.00013836229,-7.9467602e-05,-3.7039576e-05,-3.4173125e-05,-4.1287392e-05,-4.6317102e-05,-5.3938198e-05,-5.6162728e-05,-4.4009368e-05,1.1011051e-05,9.4202034e-05,0.00020191497,0.00039420489,0.00066243426,0.00098599179,0,0,0
-1.48431,-0.0017093533,-0.0020683832,-0.0024825493,-0.0029269832,-0.0035194661,-0.0041992175,-0.0048834197,-0.0057442905,-0.0066936924,-0.0076567791,-0.0088672964,-0.010144976,-0.011446817,-0.012417491,0,0,0,-0.014105751,-0.013852937,-0.013159247,-0.012081362,-0.010694485,-0.0087207034,-0.0068516834,-0.0049145585,-0.0027288247,-0.00077766681,0.00091390312,0.0026396753,0.0042293794,0.0053295493,0.0063133137,0.0071635041,0.0076053673,0.0077653024,0.0078220367,0.0076269438,0.0070855324,0.0065828897,0.0061309603,0.0055387006,0.0052078567,0.0051755393,0.0053663361,0.0059718508,0.0066402727,0.0069539701,0.0075929165,0,0,0,0,0.0053513232,0.0043543079,0.0030053274,0.0022573445,0.0015509457,0.00077822275,0.00037936369,6.4622429e-05,-0.00018921119,-0.00030174313,-0.00036603148,-0.00039443283,-0.00037804712,-0.00033982063,-0.0002831232,-0.00021464266,-0.00013651734,-5.6223467e-05,1.780903e-05,9.3638562e-05,0.0001555107,0.00019533491,0.00023461303,0.00025889929,0.00026530839,0.0002621212,0.00024741699,0.00022189003,0.00018541513,0.00013910218,8.6850661e-05,0,0,0,-0.00016368327,-0.00022484001,-0.00028063785,-0.00033057772,-0.00037769403,-0.00042098667,-0.00045877261,-0.00048997672,-0.00050239713,-0.00050615129,-0.00049586885,-0.00044372422,-0.00036732398,-0.00026472955,-0.00014883972,-4.18659e-05,5.7942598e-05,9.9056684e-05,0.00012875897,0.00013501826,0.00011023417,9.7164673e-05,8.2441446e-05,7.873337e-05,8.8660927e-05,0.00012633283,0.00021430034,0.00032904951,0.00048652058,0.00074734137,0.0010380201,0,0,0
-1.44017,-0.0018455271,-0.0021986975,-0.0026651779,-0.0031601838,-0.0037396064,-0.0044933325,-0.005318814,-0.0063137296,-0.0075745396,-0.0089155752,-0.010196608,-0.01164497,-0.013123752,-0.014246189,0,0,0,-0.017273972,-0.017008627,-0.016234493,-0.014736623,-0.012948929,-0.01079224,-0.00846445,-0.006228283,-0.0038356732,-0.0014458185,0.00046535343,0.0023325745,0.00413475,0.0053781178,0.0064410088,0.0073508052,0.0078727352,0.0080208387,0.0080200201,0.0078798411,0.0073235896,0.0068035219,0.0063432977,0.005832653,0.0055230246,0.0054241102,0.005596498,0.0060640117,0.0066510774,0.0071560368,0.0078414092,0,0,0,0,0.0054695904,0.0045822565,0.0034022883,0.0023817588,0.0017437162,0.0010592942,0.00052528072,0.00021739041,-4.2175088e-05,-0.00022303985,-0.00030234986,-0.00033812536,-0.00032981366,-0.00029892783,-0.00025138567,-0.0001853595,-0.00011960277,-5.2854695e-05,1.3068405e-05,7.9859979e-05,0.00013679621,0.00017982192,0.0002125852,0.00023430839,0.00024201228,0.00023685231,0.00022245897,0.00019657322,0.00016020307,0.0001159295,6.4392043e-05,0,0,0,-0.00016813855,-0.00022139521,-0.00026759831,-0.00031427733,-0.00035756387,-0.00039689342,-0.00043289724,-0.00046348327,-0.00048106516,-0.0004752923,-0.00044842807,-0.00038051372,-0.0002826718,-0.0001548523,-1.2039641e-05,0.00010700474,0.00021842374,0.00031467737,0.00036115534,0.00036127403,0.00033373386,0.00028507528,0.00024062628,0.00021699718,0.00022056993,0.00024913205,0.00031668865,0.00042436793,0.00055710948,0.0007634983,0.0010316867,0,0,0
-1.3960399999999999,-0.0019433382,-0.002309755,-0.0027768924,-0.0033545359,-0.0040225424,-0.0048868782,-0.0059203841,-0.0070102885,-0.0083482051,-0.0099208606,-0.0113217,-0.012864999,-0.014949051,-0.016834019,0,0,0,-0.020798089,-0.020252831,-0.019317767,-0.017683029,-0.015725153,-0.013333737,-0.010611268,-0.0078901853,-0.0051079821,-0.0022536875,-9.6009855e-05,0.0019671938,0.0039501674,0.0054230751,0.0065499111,0.0074956804,0.0081254449,0.0082756495,0.008271521,0.0081412988,0.0076140999,0.0070377742,0.0065072835,0.0059903874,0.0056305486,0.0055121183,0.0056426153,0.0062491735,0.0068434989,0.0074194116,0.0080166925,0,0,0,0,0.0055559012,0.0046054209,0.0036059769,0.002573035,0.0018422314,0.0012356131,0.00065385399,0.00029258392,5.5874807e-05,-0.00014046044,-0.0002360229,-0.00027322338,-0.00027295612,-0.0002572434,-0.00022599455,-0.00017586708,-0.00011362918,-5.2161959e-05,1.0273381e-05,7.3731775e-05,0.00012503633,0.00016610928,0.00019325492,0.00021053213,0.00021775192,0.00021208132,0.00019746109,0.00017307425,0.00013735439,9.384186e-05,4.4848726e-05,0,0,0,-0.00016499434,-0.00021462131,-0.00025424591,-0.00029588066,-0.00033623065,-0.00037586954,-0.000413431,-0.00044361627,-0.00046984773,-0.000465082,-0.0004248214,-0.00035674576,-0.00024603461,-9.7782999e-05,0.00012763742,0.00032242134,0.00047349761,0.00063803693,0.00069572608,0.00064491801,0.00059141091,0.0005101469,0.00042909439,0.00036207272,0.00034345323,0.00035714282,0.00040246785,0.00049975625,0.00062970712,0.00080255285,0.0010422522,0,0,0
-1.3519000000000001,0,0,0,0,0,0,0,0,0,0,0,0,0,0,0,0,0,0,0,0,0,0,0,0,0,0,0,0,0,0,0,0,0,0,0,0,0,0,0,0,0,0,0,0,0,0,0,0,0,0,0,0,0,0,0,0,0,0,0,0,0,0,0,0,0,0,0,0,0,0,0,0,0,0,0,0,0,0,0,0,0,0,0,0,0,0,0,0,0,0,0,0,0,0,0,0,0,0,0,0,0,0,0,0,0,0,0,0,0,0,0,0,0,0,0,0,0,0,0,0
-1.30776,-0.0020546592,-0.0025120752,-0.0030331085,-0.003652696,-0.0044896123,-0.0054634572,-0.0066885171,-0.0082569411,-0.010021657,-0.012093757,-0.014524206,-0.016925495,-0.019485528,-0.022196697,0,0,0,-0.030474782,-0.030329373,-0.028784038,-0.026657812,-0.023782082,-0.019841237,-0.015804041,-0.012308483,-0.0083659263,-0.0045061531,-0.0014581651,0.001167365,0.0035686512,0.0055487035,0.0068125888,0.0078532845,0.0086481711,0.0088031469,0.0087292967,0.0085067255,0.0080229053,0.0073576295,0.006745005,0.0062178285,0.0057831644,0.0055598253,0.0054597235,0.0058320803,0.0063937074,0.0066897203,0.0070279152,0,0,0,0,0.0053978618,0.0044602477,0.0034554831,0.0026798802,0.0019209196,0.0012840169,0.00082775444,0.0004420476,0.00015936971,-6.7140481e-06,-0.00012899413,-0.00019557784,-0.00021172091,-0.00020285603,-0.00017705683,-0.00014543116,-9.5060896e-05,-4.1908788e-05,6.4876508e-06,5.7735648e-05,0.00010309422,0.00013326768,0.00015644146,0.00017223351,0.00017475244,0.00017013209,0.00015706166,0.00013203202,0.00010036131,6.1305211e-05,1.6276756e-05,0,0,0,-0.00015347415,-0.0001893459,-0.00022668738,-0.00026102905,-0.00029723591,-0.00033720897,-0.00038964965,-0.00043373875,-0.00044814468,-0.00047502629,-0.00045434129,-0.00032309577,-0.0001387643,8.2499886e-05,0.00037656366,0.0007595421,0.0010327889,0.0011923678,0.001383292,0.0014111002,0.0012358073,0.0010788626,0.00093135657,0.00075917906,0.00063131819,0.00057042565,0.00058224838,0.00062337454,0.00070314511,0.00082046416,0.00096342113,0,0,0
-1.26362,-0.0020922665,-0.002537634,-0.0031094325,-0.0037685747,-0.0046525155,-0.0057930788,-0.0070978669,-0.0087372679,-0.010752744,-0.012978077,-0.015581679,-0.018902002,-0.02254465,-0.026667874,0,0,0,-0.036176279,-0.035973255,-0.034446836,-0.032256741,-0.029242923,-0.024810201,-0.019520031,-0.015115327,-0.010580641,-0.0060033728,-0.002268963,0.00062005676,0.0033371025,0.0056749335,0.0069498136,0.0080243601,0.0088414,0.0090885609,0.0089895483,0.008741145,0.0082534933,0.007486078,0.0067544873,0.0061113578,0.005628034,0.005359509,0.0052359812,0.0054444419,0.0060101114,0.0062966337,0.0063639511,0,0,0,0,0.0049431901,0.0041752839,0.0032578034,0.0025145439,0.0019043883,0.0013082743,0.00083284278,0.0004862069,0.00019930389,2.1028816e-05,-8.900954e-05,-0.00015679809,-0.00018289904,-0.00018087764,-0.0001629758,-0.00013373395,-8.9581525e-05,-3.8098915e-05,8.8911884e-06,5.3408246e-05,9.6646938e-05,0.00012435242,0.00014251504,0.00015762594,0.00016005452,0.00015314481,0.00014097193,0.00011668701,8.3872677e-05,4.8232654e-05,9.166055e-06,0,0,0,-0.00014176696,-0.0001711549,-0.0002053311,-0.00023998151,-0.00027491563,-0.00031124018,-0.00036729148,-0.00043777641,-0.0004615348,-0.00047677848,-0.00050236401,-0.00039029037,-0.00017252516,0.00011755687,0.00046409867,0.00089664885,0.0013421669,0.0015472817,0.0017147734,0.0018651775,0.0016776648,0.0014455403,0.0012242035,0.00097618997,0.00078540336,0.00066036568,0.00064522092,0.00067541481,0.00073336891,0.00083027908,0.00094679929,0,0,0
-1.21949,-0.0021136499,-0.0025292749,-0.0031409394,-0.0038647912,-0.0046931384,-0.0059268251,-0.0073728422,-0.0089613134,-0.011363628,-0.014256839,-0.017507406,-0.021427521,-0.025736982,-0.030315768,0,0,0,-0.043913081,-0.044407185,-0.043590687,-0.039971985,-0.035693966,-0.030652953,-0.024039289,-0.018307094,-0.013204331,-0.0077611161,-0.0030167412,0.0001058359,0.003095146,0.0056953928,0.0071357437,0.0082525108,0.0091052772,0.0093978196,0.0092063248,0.0088620698,0.0083566289,0.007539025,0.0067633162,0.0060310643,0.0054997215,0.0051789824,0.0049485206,0.0048960652,0.0052648052,0.0055924677,0.0056212866,0,0,0,0,0.004404841,0.0038396672,0.003167311,0.0023409717,0.00180298,0.0012909716,0.00077627401,0.00047031321,0.000227878,3.3914232e-05,-6.4836902e-05,-0.00013021963,-0.00016480868,-0.00016347134,-0.0001473529,-0.00011879273,-7.9349069e-05,-3.3013257e-05,1.3558515e-05,5.0160717e-05,8.7455504e-05,0.00011830811,0.00013313472,0.00014412917,0.0001494716,0.00013983654,0.00012631752,0.00010876822,7.7595199e-05,4.3222448e-05,9.9271192e-06,0,0,0,-0.00012877949,-0.00015420894,-0.00017779013,-0.00021121193,-0.00024699094,-0.00028613314,-0.00034081499,-0.00041760292,-0.00050474075,-0.00050121726,-0.00050129043,-0.00045096633,-0.00017925668,0.00014859223,0.00057901588,0.0010085853,0.0014939641,0.0019588296,0.0020683187,0.0021823165,0.0020784531,0.0017573971,0.0014926479,0.0012002239,0.00096599391,0.00080002553,0.00071361294,0.00072263525,0.00075175526,0.00080536236,0.00088117563,0,0,0
-1.1753499999999999,-0.0020973634,-0.0025445537,-0.0030899469,-0.0038709834,-0.004753903,-0.0058509419,-0.0075119226,-0.0094280662,-0.011752571,-0.015152436,-0.01903536,-0.022946177,-0.027947297,-0.034267265,0,0,0,-0.054399148,-0.054051235,-0.052341625,-0.048703093,-0.042934842,-0.036936667,-0.029680032,-0.022090914,-0.015942389,-0.0098601682,-0.0039096763,-0.00041562007,0.0027694248,0.0056635113,0.007413866,0.0084542539,0.0092821652,0.009672313,0.0094021456,0.0090216044,0.0084888693,0.0076314425,0.0067853862,0.0059418818,0.0052154297,0.0047457106,0.0044250963,0.0042337789,0.0045223772,0.004756304,0.0048660128,0,0,0,0,0.0040523177,0.0034196577,0.0028536147,0.0021868646,0.001579787,0.0011801353,0.00079174398,0.00045675907,0.00024429028,7.2394672e-05,-5.1390474e-05,-0.00011113701,-0.00014234452,-0.00014530041,-0.00013088198,-0.00010602429,-7.1057373e-05,-2.896675e-05,1.3698802e-05,5.2325486e-05,8.4409388e-05,0.00011107402,0.00012847815,0.00013605306,0.0001397688,0.0001349877,0.00011917385,0.00010073258,7.450956e-05,3.9607748e-05,6.4891183e-06,0,0,0,-0.00010428548,-0.00012988887,-0.00015376044,-0.00017815073,-0.00021357459,-0.00025419271,-0.00030533635,-0.00037127183,-0.00045492579,-0.00049662031,-0.00049403682,-0.00044300151,-0.00025927013,8.9488567e-05,0.0005609371,0.0010899988,0.0015649346,0.0020197215,0.0023478998,0.0024649608,0.0023512,0.0021350991,0.0018250177,0.0014912443,0.0011463489,0.00092010916,0.00077848771,0.00073225802,0.00074898551,0.00078790594,0.00084349897,0,0,0
-1.13121,-0.0020481739,-0.0024932011,-0.0029921276,-0.0036837196,-0.0046289116,-0.005742718,-0.0073556756,-0.0095308451,-0.011955353,-0.01535111,-0.020235991,-0.025502937,-0.032101348,-0.04009309,0,0,0,-0.063989326,-0.064442016,-0.063306086,-0.059793867,-0.05334257,-0.045124646,-0.03617407,-0.026679406,-0.019323492,-0.012293193,-0.0054640798,-0.00095444691,0.0025458906,0.0056231818,0.0077331164,0.0087399464,0.0095273098,0.010048768,0.0097031379,0.0092075663,0.0085767033,0.0076410077,0.0066489987,0.0057447208,0.0049072299,0.0043248292,0.0039247554,0.0036527584,0.0037977803,0.0039677611,0.0040985211,0,0,0,0,0.0034512421,0.0028974991,0.0024681462,0.0020084232,0.0015091815,0.0011082185,0.00077151117,0.00044752978,0.00022646923,7.4637639e-05,-3.9036408e-05,-9.7501579e-05,-0.0001247804,-0.00013022654,-0.00011739462,-9.3830669e-05,-6.1270475e-05,-2.0328134e-05,1.8937802e-05,5.6922418e-05,8.6554013e-05,0.00010902777,0.00012670475,0.00013382385,0.00013481703,0.00013113952,0.00011575405,9.5017822e-05,7.2833027e-05,4.3303084e-05,1.341881e-05,0,0,0,-8.1069215e-05,-0.00010180058,-0.00012576122,-0.00013798274,-0.00015432861,-0.00018041958,-0.00022893184,-0.00030191123,-0.00038421099,-0.00048852881,-0.00053841207,-0.00048611392,-0.0003228852,6.0840985e-06,0.00047218142,0.0011113192,0.0016481903,0.0020577514,0.002585307,0.0027994411,0.0026692585,0.0024163036,0.0020648018,0.0016848007,0.0012707758,0.0010124027,0.00085121073,0.00075942662,0.00075432216,0.00077576679,0.00080644374,0,0,0
-1.08708,-0.0019078297,-0.0023391994,-0.0028573498,-0.0034356932,-0.0043936083,-0.0056010326,-0.0069263908,-0.0091594262,-0.012016867,-0.015458707,-0.021226846,-0.027787833,-0.034639224,-0.043884177,0,0,0,-0.0783545,-0.081563368,-0.078365088,-0.072523341,-0.065212019,-0.054786921,-0.04356401,-0.031935103,-0.022977546,-0.014580252,-0.0069759958,-0.0014348833,0.0023811243,0.0055851573,0.0081368899,0.00915989,0.0098012649,0.010265207,0.0099365572,0.0092920084,0.0086107962,0.0076843905,0.0065402952,0.0055629229,0.004641463,0.0038776179,0.0033761167,0.0030193648,0.0030337269,0.0031511821,0.0032332295,0,0,0,0,0.0030215818,0.0026771084,0.0022342734,0.0018245913,0.0013908427,0.00097147847,0.00067379687,0.00041412227,0.0002060611,7.9989186e-05,-1.6939681e-05,-8.4404572e-05,-0.00011040321,-0.00011589918,-0.00010358923,-8.0346348e-05,-4.9498787e-05,-8.5414094e-06,2.6624881e-05,6.0228766e-05,9.2477734e-05,0.00011146806,0.00012581232,0.00013555339,0.00013358959,0.00012868681,0.00011978938,9.9298813e-05,7.7598575e-05,5.4065909e-05,2.3039054e-05,0,0,0,-5.8417092e-05,-6.0721522e-05,-7.5742122e-05,-8.0760372e-05,-7.1190436e-05,-9.0004418e-05,-0.00012538137,-0.00023639982,-0.00030772956,-0.00037750625,-0.00054142327,-0.00046400909,-0.0002950565,-3.423401e-05,0.0003798106,0.00099359616,0.0017980521,0.0021154,0.0024888872,0.0029426543,0.0027742223,0.0024747285,0.0022402816,0.001899537,0.0014440665,0.0011036161,0.00091684714,0.00079374522,0.00073490746,0.00073542306,0.00074956805,0,0,0
-1.04294,-0.0018228989,-0.0021703644,-0.0027054136,-0.0032007226,-0.0037622703,-0.0048931111,-0.0062450641,-0.0080950782,-0.011446543,-0.015460381,-0.020686211,-0.028529923,-0.037564337,-0.048797131,0,0,0,-0.093414344,-0.09687835,-0.094739929,-0.086534455,-0.077092558,-0.066311084,-0.051891256,-0.037476089,-0.026992837,-0.01729792,-0.0085759526,-0.0020279011,0.0021778529,0.0057015144,0.0085021919,0.0095243659,0.01014561,0.010461659,0.010231858,0.0095242662,0.0086884387,0.0077538271,0.0064903689,0.0052829063,0.0042701839,0.0034096544,0.0027541299,0.002333621,0.0021849484,0.0022827771,0.0023945931,0,0,0,0,0.0026422236,0.0023255122,0.0019419171,0.0015378931,0.0012205265,0.00091589731,0.00063973753,0.00041697675,0.0002252251,8.0413032e-05,-9.7593602e-06,-6.9795373e-05,-9.9759585e-05,-0.00010208754,-8.769225e-05,-6.4318992e-05,-3.5566223e-05,1.347307e-06,3.846272e-05,6.8558824e-05,9.6719014e-05,0.00011857478,0.00013026821,0.00013818275,0.00014054618,0.00013345743,0.00012276371,0.00010650552,8.3708779e-05,5.9956994e-05,3.4234494e-05,0,0,0,-2.730272e-05,-2.5870886e-05,-2.4160676e-05,-2.633415e-05,-4.8629595e-06,2.0087036e-05,1.759517e-05,-7.0985356e-05,-0.0001688881,-0.00021597669,-0.00036212953,-0.00047663201,-0.00031905022,-4.3625376e-05,0.00028565398,0.00078993168,0.001499792,0.0020337063,0.0023182998,0.0027486822,0.0029580174,0.0026064883,0.0023428358,0.0020614569,0.0015700983,0.0011776313,0.00093316409,0.0008032287,0.00072870421,0.00070674869,0.00070700265,0,0,0
-0.99880000000000002,0,0,0,0,0,0,0,0,0,0,0,0,0,0,0,0,0,0,0,0,0,0,0,0,0,0,0,0,0,0,0,0,0,0,0,0,0,0,0,0,0,0,0,0,0,0,0,0,0,0,0,0,0,0,0,0,0,0,0,0,0,0,0,0,0,0,0,0,0,0,0,0,0,0,0,0,0,0,0,0,0,0,0,0,0,0,0,0,0,0,0,0,0,0,0,0,0,0,0,0,0,0,0,0,0,0,0,0,0,0,0,0,0,0,0,0,0,0,0,0
-0.95467000000000002,-0.0014158015,-0.0015339855,-0.0017435192,-0.0020777516,-0.002441494,-0.0028413041,-0.0038029703,-0.005138305,-0.0069650458,-0.012041324,-0.018776745,-0.02699792,-0.040664792,-0.056292851,0,0,0,-0.14205852,-0.14961836,-0.14574853,-0.13544232,-0.11236241,-0.09280514,-0.073724568,-0.051483255,-0.033628557,-0.022533029,-0.011432761,-0.001992882,0.0022284326,0.0061277729,0.009225213,0.010497049,0.011004471,0.0111658,0.010828272,0.00991912,0.0088587459,0.0076223472,0.006265243,0.0048434432,0.0034324529,0.0024144046,0.0016381389,0.0010651007,0.00080582738,0.00096506829,0.0012200945,0,0,0,0,0.0021393341,0.0020569027,0.0017666686,0.0014486968,0.0011395526,0.00083065015,0.00058033451,0.00038066859,0.00022707337,0.00010368053,1.3119967e-05,-3.4470562e-05,-6.10344e-05,-6.731796e-05,-5.4847802e-05,-3.0213332e-05,1.0796635e-06,3.1718613e-05,6.5880631e-05,9.8618417e-05,0.00011972699,0.00013851821,0.00015342695,0.00015579854,0.00015660138,0.00015526851,0.00014188647,0.00012617906,0.00011287574,9.1030568e-05,7.0280563e-05,0,0,0,4.6503312e-05,6.5343411e-05,0.00010734615,0.00017433937,0.00023916917,0.00032426999,0.00041637418,0.00038833282,0.00025560363,8.1555372e-05,8.0126287e-05,-0.00014140613,-0.00030262404,-0.00010576015,0.00016781494,0.00060169911,0.0010319997,0.0016029634,0.0021306593,0.0022848751,0.0025968892,0.0025747209,0.0022132997,0.0019531056,0.0016558848,0.0012653098,0.00097738043,0.00078807882,0.00069658004,0.00064374245,0.00062156335,0,0,0
-0.91052999999999995,-0.0012329504,-0.0012902927,-0.0012715408,-0.0011272602,-0.00096988521,-0.00090258691,-0.0012749404,-0.0026468418,-0.0044562351,-0.0082514454,-0.01598691,-0.024890235,-0.037830144,-0.061204068,0,0,0,-0.16800061,-0.18189691,-0.17533961,-0.16377303,-0.1391855,-0.10900546,-0.084113918,-0.059141934,-0.035953954,-0.023968784,-0.012955944,-0.0024626437,0.0029204148,0.0063935826,0.0095845973,0.011253797,0.011396376,0.011551825,0.01131722,0.010147679,0.0090017281,0.0076602018,0.0060697817,0.0045632017,0.003102995,0.0018148603,0.0010080044,0.00040909334,5.1792369e-05,0.00028649886,0.00076467218,0,0,0,0,0.0021251999,0.0019864263,0.0017397045,0.0014510048,0.0011795175,0.00090810959,0.00064447854,0.0004217122,0.00025354294,0.00012418235,2.9966686e-05,-2.0710006e-05,-4.1380703e-05,-4.4488996e-05,-3.0439145e-05,-7.2090165e-06,2.1699794e-05,5.3099211e-05,8.4044565e-05,0.00011339628,0.00013768459,0.00015373426,0.0001666606,0.00017313346,0.00017096211,0.00016751587,0.00015812696,0.00014050111,0.00012529313,0.00010916655,9.0617548e-05,0,0,0,7.8770448e-05,0.00011863957,0.000170948,0.0002555839,0.00038245562,0.00048672647,0.00059053983,0.00064426713,0.00054590503,0.00038566769,0.00027470547,9.6348587e-05,-7.7532437e-05,-9.7502918e-05,8.79078e-05,0.00039948072,0.0008086568,0.0012662982,0.0017003432,0.0020756267,0.0022960242,0.0023286766,0.0021480394,0.001873359,0.0016208261,0.0012689764,0.00097883458,0.00077774347,0.00066824787,0.00060952076,0.00057888537,0,0,0
-0.86638999999999999,-0.0008954652,-0.00067517569,-0.00039833537,-4.2933396e-05,0.00039467341,0.00076063781,0.0006982534,0.0001560261,-0.00015542225,-0.0019913479,-0.0079674646,-0.019093195,-0.033266418,-0.057685655,0,0,0,-0.20246682,-0.22989821,-0.22833648,-0.20464239,-0.17100829,-0.13033752,-0.098270759,-0.068021372,-0.038918544,-0.0242029,-0.012737177,-0.0024011265,0.0040315851,0.0071673468,0.010043263,0.01216531,0.012090364,0.011938605,0.011634447,0.010407604,0.0090216724,0.0076285591,0.0059544723,0.0042243456,0.0027027319,0.0012515122,0.00032866132,-0.00012090292,-0.00025062938,2.5872756e-05,0.00053473399,0,0,0,0,0.0023478195,0.0022381335,0.0020468161,0.0017146739,0.0013493843,0.0010235214,0.00072061439,0.00045961564,0.00028255349,0.00015420611,6.1800012e-05,1.0553261e-05,-1.2457177e-05,-1.7908515e-05,-6.1047135e-06,1.7011824e-05,4.4017132e-05,7.6254073e-05,0.00010706109,0.00013361061,0.0001579667,0.00017384402,0.00018390996,0.00019070135,0.00018822287,0.00018230487,0.0001747585,0.00015956713,0.000144027,0.00013168016,0.00011548585,0,0,0,0.00011284455,0.00016879468,0.00024713,0.00034669106,0.00051835872,0.00068400725,0.00080449902,0.00090735196,0.00084924808,0.00071974355,0.00050416921,0.00029614737,0.00011751785,4.4049561e-06,6.785935e-05,0.00026815885,0.00068016548,0.0010738889,0.0013848364,0.0018086388,0.0020432288,0.0020896283,0.0019844125,0.0017639369,0.0015421127,0.0012214966,0.00095061085,0.00075394992,0.00064086227,0.00057750172,0.00053549727,0,0,0
-0.82225999999999999,-0.00056197355,-0.00025516155,0.00020751743,0.0007256564,0.0017374924,0.0033414562,0.0046266429,0.0062332954,0.0066031842,0.0050395904,0.0017681867,-0.010246764,-0.026934899,-0.048043635,0,0,0,-0.24922155,-0.27895451,-0.2873942,-0.25339645,-0.20749961,-0.15261681,-0.11052124,-0.072281018,-0.040467314,-0.02254953,-0.011131854,-0.0019159237,0.0055185691,0.0084814094,0.010566243,0.01281022,0.012738247,0.012197971,0.011864955,0.010778716,0.009076098,0.0075985407,0.0059237508,0.0038026976,0.0021790916,0.00074282382,-0.00037618706,-0.00075480255,-0.00077958766,-0.00040735758,0.00014429889,0,0,0,0,0.0030476113,0.0027795765,0.0024279535,0.0020572839,0.001575581,0.0011848996,0.00084646884,0.00055879512,0.00035631625,0.00020573122,0.00010268975,4.1280793e-05,1.503001e-05,7.7759587e-06,1.9124569e-05,4.6399808e-05,7.2607683e-05,0.00010192772,0.00013469746,0.0001578853,0.00017873969,0.00019721438,0.00020438021,0.00020903574,0.00021047484,0.000202608,0.00019331642,0.00018212177,0.00016422676,0.00015117333,0.00014007441,0,0,0,0.00015719005,0.00021718493,0.00034932699,0.00045562317,0.00061789108,0.00091945211,0.0010439913,0.0011222572,0.0010551686,0.00096071616,0.00080564019,0.00047964457,0.0003063957,0.00020137684,0.00017072202,0.00023092999,0.00049005082,0.00092242321,0.0011275276,0.001408945,0.0017996297,0.0018710757,0.0017122382,0.0016180902,0.0014287863,0.0011669203,0.00095430535,0.00074600737,0.00061546802,0.00055000681,0.00049923494,0,0,0
-0.77812000000000003,-0.00038067918,0.00020112579,0.0011052401,0.0023616175,0.0041049682,0.0064283744,0.0084034288,0.010601485,0.012792706,0.011923193,0.012734614,0.0099494494,-0.0099104391,-0.040948678,0,0,0,-0.28731441,-0.32283077,-0.33522364,-0.30573872,-0.23990119,-0.16795515,-0.12152205,-0.077269815,-0.040655538,-0.020170517,-0.0086904196,0.00039404893,0.0070857876,0.0097219022,0.01162722,0.013117168,0.013432666,0.012849063,0.012099663,0.01114649,0.0093167173,0.0073990473,0.005668662,0.003510457,0.0014507523,1.5074731e-07,-0.0010996424,-0.0016926222,-0.0014333,-0.00058268808,0.00067347608,0,0,0,0,0.0036265254,0.0034839485,0.0029948058,0.0024904406,0.0019750965,0.0014805294,0.0010475449,0.00069542503,0.00044732995,0.00026960991,0.00014597719,7.5967553e-05,4.9471717e-05,4.3696604e-05,5.2486343e-05,7.6313816e-05,0.00010441311,0.00013065104,0.00015963549,0.00018604948,0.00020430656,0.00021981564,0.00023046641,0.00023204371,0.00023062293,0.00022532808,0.00021384942,0.00020081375,0.00018568928,0.000173049,0.00016366936,0,0,0,0.00020044773,0.00025324794,0.00040270668,0.00057120749,0.00068730017,0.00095913716,0.0011970995,0.0012970922,0.0012675814,0.0011686161,0.0010800259,0.00085474382,0.00046319349,0.00032927404,0.00025881102,0.00021217078,0.00035638225,0.0006809982,0.00097345654,0.0011289772,0.0014161461,0.0017347353,0.0015823983,0.0015028607,0.0013915095,0.0011337949,0.00091413333,0.00073308917,0.0005802692,0.00051454909,0.00047021938,0,0,0
-0.73397999999999997,4.103798e-05,0.00089620607,0.002118672,0.0035620299,0.0057330378,0.0085482914,0.011728966,0.016822591,0.023737451,0.03016912,0.031979751,0.032657538,0.018020945,-0.022013614,0,0,0,-0.33164364,-0.37707102,-0.38786846,-0.35483599,-0.28380385,-0.19446437,-0.13307989,-0.08136858,-0.037897691,-0.012990765,-0.0045171892,0.0036993078,0.0096172774,0.011268715,0.01294973,0.013988014,0.014055801,0.013341514,0.012342451,0.01131573,0.0094503025,0.007337587,0.0053139594,0.0031623803,0.00083102169,-0.0012043819,-0.0023171597,-0.0025376773,-0.0019934552,-0.00078359729,0.001003833,0,0,0,0,0.0047836662,0.004517667,0.0038979615,0.0031656073,0.0024822571,0.0018700871,0.0013243463,0.0008689338,0.00055326236,0.0003486638,0.00020301971,0.00011909225,8.7748915e-05,7.8726975e-05,8.6334585e-05,0.00010709866,0.00013667565,0.00016433885,0.00019052187,0.00021700832,0.00023482618,0.00024666989,0.00025677669,0.00025810045,0.00025358578,0.00024774991,0.00023708711,0.00022300464,0.00020843375,0.00019712868,0.00018743612,0,0,0,0.00023752979,0.00028038578,0.00042621719,0.00064414745,0.00079661526,0.001028172,0.0013280165,0.0015102233,0.0015162544,0.0013298221,0.0012150147,0.0010807476,0.00062714604,0.00042073693,0.00035006827,0.0002913283,0.00033796486,0.00055417942,0.00089301483,0.001040903,0.0012640482,0.0015845525,0.0015125093,0.0013765633,0.0012979386,0.001080404,0.00086293835,0.00071237143,0.0005575096,0.00048712417,0.00044309878,0,0,0
-0.68984999999999996,0.00022739069,0.0012169897,0.0026967644,0.0045150733,0.0077860174,0.012547446,0.018138008,0.02494801,0.034000888,0.045247879,0.048853714,0.050577309,0.056090482,0.013070237,0,0,0,-0.36537272,-0.43120629,-0.44439742,-0.4053762,-0.32240885,-0.20736527,-0.1223885,-0.072232246,-0.029440928,-0.0007943277,0.0016882463,0.0081711104,0.013104139,0.013011876,0.013928855,0.014646065,0.014392525,0.013628672,0.012667415,0.011380354,0.0095581515,0.0073068314,0.0044481559,0.0018697949,-0.00074666878,-0.0033300612,-0.0044239471,-0.0040719323,-0.0031691897,-0.0015777507,0.0011059167,0,0,0,0,0.0066373609,0.0058875922,0.0050452733,0.0040598526,0.0031101673,0.0023010103,0.0016268769,0.0010774354,0.00066900084,0.00043936446,0.00027110372,0.0001644685,0.00012535824,0.00011490761,0.00012506929,0.00014502407,0.00017232024,0.00020270671,0.00022526245,0.00024816225,0.00026858065,0.00027690001,0.00028303225,0.00028673667,0.00027901735,0.00026964495,0.00026210464,0.00024634053,0.00023031302,0.00022097396,0.00021051393,0,0,0,0.00026533791,0.00032151694,0.00046018523,0.00067703333,0.00096476189,0.0011287446,0.001350769,0.001574135,0.0015964322,0.0014355907,0.0012406713,0.0011773031,0.000849784,0.00052084867,0.00043617049,0.00037475457,0.00036774902,0.00052497088,0.00083238276,0.00099229754,0.001134821,0.0013525557,0.0014295042,0.0012953458,0.0011965734,0.0011132645,0.00087084225,0.00068630528,0.0005554232,0.00046378057,0.00041070816,0,0,0
-0.64571000000000001,0.00045450704,0.0015267399,0.0036565291,0.0062700626,0.0097093051,0.015526906,0.02276109,0.030143062,0.041440286,0.06272234,0.081576183,0.092515551,0.098174334,0.076150618,0,0,0,-0.3789483,-0.45130324,-0.47177309,-0.41273278,-0.32145068,-0.20941904,-0.10714339,-0.057328179,-0.017710801,0.011869794,0.012848766,0.012246487,0.015816709,0.016004888,0.014669959,0.015299402,0.015351339,0.01384277,0.012848315,0.011437588,0.0090815676,0.0064900829,0.0033605285,-3.7478389e-05,-0.0026421261,-0.0052036294,-0.0072631557,-0.0059420997,-0.003538687,-0.00041462606,0.0030307581,0,0,0,0,0.0091049252,0.0078008943,0.006382281,0.0050128228,0.0038204836,0.0028063867,0.0019884286,0.0013457544,0.00084523432,0.00053909211,0.00034388225,0.00021917858,0.00016764969,0.00015549506,0.00016270662,0.00018479,0.00020968453,0.00023715537,0.00026365707,0.00028343446,0.00030022018,0.00031051389,0.00031212828,0.00031238276,0.00030691168,0.00029382392,0.00028375984,0.00027022167,0.00025241965,0.00024067794,0.00023399733,0,0,0,0.00028954327,0.00034942053,0.00049607403,0.00067451294,0.000906298,0.0011438187,0.0013289215,0.0015162468,0.0016586586,0.0015251433,0.0013451449,0.0011865834,0.00094819732,0.00063425337,0.00045327062,0.00042682508,0.0004074082,0.00050943514,0.00076398614,0.0009209704,0.00109176,0.0012932906,0.0014387345,0.0013669617,0.0011872496,0.0010419036,0.00090137817,0.00068049046,0.00052243372,0.00044465601,0.00038546239,0,0,0
-0.60157000000000005,0.00068011833,0.0019003035,0.0040360834,0.0072089126,0.010973142,0.017205007,0.027976409,0.039824944,0.058249842,0.087121613,0.11594586,0.13436343,0.14046039,0.13125727,0,0,0,-0.36765409,-0.45008504,-0.48241872,-0.43461555,-0.3321057,-0.21347752,-0.084168546,-0.032811135,0.0015071299,0.024054017,0.025727926,0.020059707,0.019165782,0.019387983,0.016718004,0.015705079,0.015659394,0.013984134,0.012574987,0.011204528,0.0088065835,0.0057322029,0.002403693,-0.001624212,-0.0049465913,-0.0071670781,-0.008873404,-0.0075694211,-0.0040935627,0.00020011251,0.0045348452,0,0,0,0,0.012542021,0.010546085,0.0083826426,0.006318761,0.0047399127,0.0034861006,0.0024273498,0.0016108971,0.0010178641,0.00063346094,0.00040799309,0.00027356492,0.00020835394,0.00019373414,0.00019931265,0.00022379436,0.00025256028,0.0002785635,0.00030464923,0.00032341055,0.00033588437,0.00034478164,0.00034456881,0.00034121482,0.00033279482,0.00031756013,0.00030346846,0.00029078315,0.00027405817,0.00025958187,0.00025508073,0,0,0,0.00030219145,0.00034887498,0.00049321097,0.00067772536,0.00087414478,0.0011365415,0.001369469,0.0015100815,0.0016223273,0.0015291106,0.0013413794,0.0011400842,0.00095090014,0.00068330945,0.0004884901,0.00046345615,0.00045506921,0.00053453777,0.00078417547,0.0010137847,0.0011618624,0.0013065193,0.0014319795,0.0014132522,0.0012178164,0.00099185354,0.00089094904,0.00069082511,0.00050517294,0.00041736357,0.00036609062,0,0,0
-0.55744000000000005,0.0006115071,0.002003138,0.0040152767,0.0078160288,0.012854708,0.019827226,0.032559495,0.047770396,0.066847675,0.10025553,0.1388061,0.17934553,0.19570979,0.19022264,0,0,0,-0.35578957,-0.45098275,-0.49212331,-0.43830931,-0.30794916,-0.17468177,-0.045208275,0.0071871052,0.031631943,0.04199462,0.041901998,0.031573102,0.022796724,0.021613447,0.018149175,0.015535569,0.015366355,0.014148966,0.012249594,0.010898261,0.0086185392,0.0045116451,0.00061704475,-0.0038043109,-0.008104505,-0.01006359,-0.011254488,-0.010537635,-0.0060872855,0.00034110693,0.0079366704,0,0,0,0,0.017181601,0.014201872,0.011200786,0.0081232972,0.0056095552,0.0040314607,0.0028058954,0.0018293962,0.0011888606,0.00075358222,0.00046859583,0.00032508501,0.00025043474,0.0002357372,0.00024440166,0.00026739895,0.00030059586,0.000323638,0.00034581992,0.0003668812,0.00037482684,0.00037673011,0.00037418577,0.0003646063,0.00035317536,0.00033984944,0.00032297947,0.0003091972,0.00029547518,0.00027716986,0.00027028035,0,0,0,0.00031684592,0.00035506854,0.00046281636,0.00073018775,0.00088020304,0.0010567626,0.0013656142,0.0014428201,0.0015160495,0.0014682793,0.001282491,0.0010969712,0.00089865329,0.00066643709,0.00050116034,0.00042326612,0.00047657851,0.00058076566,0.00075637968,0.0010564742,0.0011955296,0.0013136036,0.0014226531,0.0013777995,0.001303732,0.0010022155,0.00082652987,0.0007225399,0.00051030406,0.00038213003,0.00035101577,0,0,0
-0.51329999999999998,0,0,0,0,0,0,0,0,0,0,0,0,0,0,0,0,0,0,0,0,0,0,0,0,0,0,0,0,0,0,0,0,0,0,0,0,0,0,0,0,0,0,0,0,0,0,0,0,0,0,0,0,0,0,0,0,0,0,0,0,0,0,0,0,0,0,0,0,0,0,0,0,0,0,0,0,0,0,0,0,0,0,0,0,0,0,0,0,0,0,0,0,0,0,0,0,0,0,0,0,0,0,0,0,0,0,0,0,0,0,0,0,0,0,0,0,0,0,0,0
-0.46916000000000002,-7.1326103e-05,0.0013093523,0.0038911561,0.0075249383,0.012873182,0.022026785,0.035239939,0.056678422,0.090121239,0.13684139,0.20875178,0.26571479,0.31817049,0.32825539,0,0,0,-0.25640196,-0.3444097,-0.37313083,-0.33872721,-0.21930312,-0.076653242,0.035721712,0.10013992,0.1035575,0.089632832,0.069838926,0.047271669,0.03474943,0.025368026,0.019713491,0.016579917,0.014216277,0.012986505,0.011057891,0.0085358722,0.0059293341,0.0018286468,-0.0036758308,-0.0084782289,-0.011594716,-0.013540659,-0.013193088,-0.010133474,-0.0022507419,0.006334071,0.01547672,0,0,0,0,0.028966852,0.02317106,0.01752896,0.01249631,0.0086182617,0.0054862308,0.0036225445,0.0023942366,0.001476593,0.00091789948,0.00060551445,0.00040774958,0.00032600123,0.00031092102,0.00032894893,0.00035963629,0.00039176876,0.00042119887,0.00043846379,0.00044605625,0.00045047351,0.00044412931,0.0004303786,0.00040948804,0.00038816794,0.00036581248,0.00034501738,0.00033021384,0.00031536087,0.00030167712,0.00029251951,0,0,0,0.00030490747,0.00035427691,0.00039601669,0.00056712469,0.00081872061,0.00098143262,0.0011267122,0.0013293136,0.0014092526,0.0014000369,0.0011927418,0.00098275696,0.00079053687,0.00054211065,0.00038528279,0.00033774931,0.00035708898,0.00050077419,0.00075367879,0.0010472903,0.0012019334,0.0013663361,0.0014906545,0.0014358801,0.0012662332,0.0010963819,0.00079364417,0.00062359206,0.00049826037,0.00035835497,0.00029930024,0,0,0
-0.42502000000000001,-0.00045682382,0.00042134011,0.0026419971,0.0062660929,0.010973972,0.0206607,0.035648588,0.05537577,0.090999618,0.1441637,0.21961135,0.29200584,0.34768009,0.38947037,0,0,0,-0.2013167,-0.30127579,-0.30997214,-0.26041913,-0.14367494,0.00016831009,0.096231379,0.15125832,0.14649703,0.12106274,0.089621618,0.05441355,0.038080767,0.027199002,0.019088043,0.015754551,0.013540131,0.01179551,0.0099724242,0.0075101852,0.0041555208,0.00063679018,-0.0041462216,-0.01003349,-0.013107602,-0.013837525,-0.014428765,-0.011074832,-0.00081147085,0.010943566,0.021372214,0,0,0,0,0.036621381,0.029602006,0.021865536,0.014537886,0.0097524794,0.0062260781,0.0038102362,0.0025460725,0.0016085155,0.00095430703,0.00063946209,0.00044734101,0.00035900978,0.00035449487,0.00037543487,0.00041330184,0.00044539341,0.0004709627,0.00049206684,0.00049228634,0.00048250885,0.00046700629,0.00044038988,0.000413712,0.00039240147,0.00036961178,0.00034763725,0.0003351694,0.00031958841,0.00030410566,0.00029591724,0,0,0,0.00029255147,0.00033361182,0.00040347455,0.0005215432,0.000739387,0.001022001,0.0011368586,0.0012645309,0.0014262011,0.0013997353,0.001139425,0.0009367973,0.0007186943,0.0004853234,0.00029381752,0.00024544096,0.00030392085,0.00032795352,0.0006511758,0.0010068828,0.0011327644,0.0012905454,0.0013922112,0.0014038222,0.0011926055,0.00099678722,0.00080812961,0.00060729287,0.0004614848,0.00035828282,0.00028301941,0,0,0
-0.38089000000000001,-0.001668715,-0.00084882096,0.00072136102,0.0044101677,0.0095738154,0.017104575,0.03286019,0.055027708,0.083917908,0.14693724,0.23317441,0.3124913,0.37116665,0.41423053,0,0,0,-0.099360369,-0.20093015,-0.21396038,-0.15940493,-0.064985335,0.062932372,0.17766103,0.21117505,0.17711635,0.13803773,0.098800912,0.063690424,0.038992614,0.027974222,0.019849358,0.014252489,0.012212341,0.010472439,0.0079720234,0.0057531381,0.002621687,-0.0014707703,-0.0056213578,-0.010954499,-0.016429111,-0.01372431,-0.01055977,-0.0061378283,0.004419066,0.016993662,0.028921692,0,0,0,0,0.040869541,0.033019301,0.024774628,0.017097393,0.010763898,0.0070108385,0.0043308763,0.0026368555,0.0016754748,0.0010128944,0.00064156792,0.00046899341,0.00039031115,0.00038949095,0.00041620905,0.00045644783,0.00050010823,0.00052042928,0.00053055288,0.0005266089,0.00050734263,0.00048421256,0.0004543399,0.00042042637,0.00039636865,0.00036547793,0.00033773814,0.00032130652,0.00030984514,0.0002975479,0.00028942729,0,0,0,0.00028104411,0.00030974855,0.00037292886,0.00049378938,0.00067784911,0.00092981063,0.0011621413,0.0012117123,0.0013170406,0.0014458145,0.001217903,0.00098114426,0.00078404398,0.00049772958,0.00023448118,0.00014706088,0.00022192881,0.00026060309,0.00043328205,0.00082757708,0.0010548978,0.0011320879,0.0012526035,0.0013129554,0.0011971139,0.00096908014,0.00075188582,0.00060018216,0.00043676427,0.00033027155,0.00027017147,0,0,0
-0.33674999999999999,-0.0028127956,-0.0021010644,-0.00073244574,0.001702646,0.005921274,0.011894786,0.024687437,0.048895102,0.078836471,0.13451809,0.22895382,0.32734373,0.37887165,0.41053501,0,0,0,-0.031559855,-0.12823991,-0.14592391,-0.088693202,0.010083048,0.11119215,0.19976562,0.23795085,0.19944932,0.15050022,0.10595058,0.069921695,0.042404797,0.027345544,0.019270929,0.013051316,0.0099434126,0.0084064621,0.0059899585,0.0033852058,0.0005857349,-0.0033187049,-0.0068233972,-0.0095876651,-0.012701208,-0.01072056,-0.0058507654,-0.00045143467,0.0088062026,0.022159982,0.035347562,0,0,0,0,0.044918962,0.036402375,0.028078191,0.020145738,0.012269126,0.0073913308,0.004530665,0.0026655833,0.0016126188,0.00099621143,0.00062447932,0.00045484662,0.0003970954,0.00041764328,0.00045992938,0.00050481322,0.00055035931,0.00057284394,0.00057498628,0.00056599709,0.00054054236,0.00050807523,0.0004565421,0.00040386419,0.00036748379,0.00033663106,0.00031221085,0.00029850978,0.00029350675,0.00028669726,0.00027885867,0,0,0,0.00026008056,0.00028163544,0.00033667238,0.0004493946,0.00062119158,0.00085662724,0.0011952048,0.0013164444,0.0014165328,0.001593526,0.0014279655,0.0010734043,0.00086210744,0.00058492483,0.00022493747,3.4823905e-05,6.5721084e-05,0.00014029841,0.00021220549,0.00056673371,0.0009281438,0.0010238016,0.0011324631,0.0011738772,0.0011108526,0.00088474713,0.00065290707,0.00053343922,0.00041190095,0.00030868393,0.00025367318,0,0,0
-0.29260999999999998,-0.0041643353,-0.0044220379,-0.0041418704,-0.0031086127,0.00037712322,0.00624493,0.01555736,0.038726117,0.071615793,0.11016914,0.1962145,0.30282703,0.35262895,0.38415453,0,0,0,0.0048038107,-0.069978893,-0.078636698,-0.027558668,0.082719557,0.16751626,0.22779551,0.27350873,0.23361738,0.16826782,0.10974146,0.071386203,0.044373814,0.025651293,0.017217681,0.011496757,0.0072715036,0.0058027287,0.0039094747,0.00057266944,-0.0015086087,-0.0038883237,-0.0075624976,-0.0089537837,-0.010274461,-0.0095118824,-0.0033797019,0.0047419495,0.014217271,0.027341999,0.039540697,0,0,0,0,0.050641011,0.038910404,0.02900821,0.020766232,0.012890953,0.007142392,0.0043996535,0.0026295492,0.00145148,0.00089816115,0.00059031812,0.00043536912,0.00041289948,0.00044710177,0.00050560804,0.00055420009,0.00059916463,0.00063246267,0.0006243072,0.00059324049,0.00054539792,0.00049107679,0.00043256563,0.0003712778,0.00033260888,0.00030434044,0.00027979151,0.00026554888,0.00026369031,0.00026510088,0.00025959805,0,0,0,0.00023880409,0.00025300021,0.00030257742,0.00041012806,0.000621813,0.00086504099,0.0012030498,0.0014764917,0.0015122307,0.0016338886,0.0017218706,0.0012488903,0.00092410488,0.00074615644,0.00029093458,-4.8467018e-06,-0.0001098885,6.437167e-06,9.9717479e-05,0.00024590173,0.00070579664,0.00083335349,0.00089422066,0.00094033103,0.00090746081,0.00082600507,0.0005966333,0.00045048964,0.00038834201,0.00029344409,0.00023348519,0,0,0
-0.24848000000000001,-0.0062653688,-0.0070319436,-0.0073262807,-0.0067342361,-0.0048324927,-0.00036711595,0.0056463485,0.017613376,0.047849081,0.087645665,0.14907601,0.26620692,0.323762,0.35875103,0,0,0,0.038761191,-0.026349561,-0.0099986,0.030381847,0.12572987,0.24862471,0.26549298,0.26629204,0.24124344,0.16878794,0.11034411,0.067630202,0.042639181,0.024903281,0.01380116,0.0089126388,0.0050337352,0.0022218672,0.00092728325,-0.001893879,-0.0048500802,-0.0062280311,-0.0083216643,-0.010463029,-0.0085708508,-0.004701992,0.0021194473,0.011636451,0.021266364,0.03412063,0.045195241,0,0,0,0,0.0492048,0.037510693,0.027703697,0.019931391,0.012809169,0.0073130992,0.0039356975,0.0024027217,0.0013470917,0.00076340185,0.00052185997,0.0004060494,0.00040034528,0.00045784024,0.00053225009,0.00060336711,0.00064661371,0.00066864089,0.00065646239,0.00061041769,0.00054728705,0.00048232326,0.00041569697,0.00034729156,0.00027837136,0.00024282069,0.00021844887,0.00020646756,0.00021656799,0.00022841613,0.00023636798,0,0,0,0.00022144294,0.00023136138,0.00027197748,0.00037995898,0.00057622546,0.00083770056,0.0011699923,0.0014853998,0.0016660097,0.0017601707,0.0019144454,0.0016070328,0.0011344184,0.00082583068,0.00047639644,6.765945e-05,-0.00015834192,-0.00016588708,-6.6060384e-05,7.2401941e-05,0.00036517685,0.00057991309,0.00070229545,0.00076578831,0.00075472897,0.00068821234,0.00055556186,0.00039182996,0.00033433555,0.00027786297,0.00022122663,0,0,0
-0.20433999999999999,-0.0078833783,-0.008992997,-0.010597127,-0.012319446,-0.013468696,-0.013207108,-0.0090450775,-0.00023217194,0.022123329,0.061397552,0.11739291,0.20018022,0.25647226,0.27567014,0,0,0,0.042438064,-0.011426207,0.022161003,0.071288504,0.13370882,0.22838986,0.2669577,0.24963205,0.22292249,0.16509493,0.10648717,0.062785067,0.038363647,0.022964541,0.011883121,0.0057843397,0.0021286453,-0.0010924595,-0.0029043623,-0.0051290304,-0.0081356177,-0.0095754163,-0.0091443714,-0.0087938383,-0.006146735,-0.0004694392,0.0080530895,0.017561646,0.028292973,0.040276282,0.048694156,0,0,0,0,0.046008095,0.035922248,0.026147854,0.01810913,0.011654213,0.0067174924,0.0035005929,0.0019503444,0.0010588694,0.00054991874,0.00036600351,0.00031472801,0.00037139587,0.00047288352,0.00057133386,0.00065134442,0.0006999668,0.00071510032,0.00069752824,0.00064506306,0.0005625097,0.00045246512,0.00035006914,0.00025690816,0.00017773379,0.00014767078,0.00013763714,0.00013661016,0.0001561729,0.000180951,0.00020597373,0,0,0,0.00020613632,0.00020822645,0.00023481138,0.00032752819,0.00051976449,0.00081072084,0.0011790294,0.0015739814,0.0018486202,0.0019809636,0.0020983214,0.0019473712,0.0014977135,0.0010074291,0.00061428349,0.00016115968,-0.00016502425,-0.00030936775,-0.0002672702,-0.00010475018,9.0706519e-05,0.0003199293,0.00048375208,0.00058338925,0.00058444618,0.00052555796,0.0004648758,0.00034756854,0.00028874387,0.00025157683,0.00021151637,0,0,0
-0.16020000000000001,0,0,0,0,0,0,0,0,0,0,0,0,0,0,0,0,0,0,0,0,0,0,0,0,0,0,0,0,0,0,0,0,0,0,0,0,0,0,0,0,0,0,0,0,0,0,0,0,0,0,0,0,0,0,0,0,0,0,0,0,0,0,0,0,0,0,0,0,0,0,0,0,0,0,0,0,0,0,0,0,0,0,0,0,0,0,0,0,0,0,0,0,0,0,0,0,0,0,0,0,0,0,0,0,0,0,0,0,0,0,0,0,0,0,0,0,0,0,0,0
-0.11607000000000001,-0.012592428,-0.016218541,-0.019855255,-0.023358053,-0.028513584,-0.035179991,-0.041356847,-0.045087066,-0.043960646,-0.038196176,-0.0074155205,0.039366581,0.085279383,0.095271766,0,0,0,-0.018525185,-0.035420299,-0.00063400017,0.075312495,0.16907249,0.20261253,0.23014288,0.23374692,0.1816985,0.13233131,0.089384101,0.053231131,0.028930377,0.013859869,0.0055231391,-0.00088010839,-0.0054411674,-0.0085813627,-0.011877863,-0.014981034,-0.016186159,-0.01720741,-0.016607348,-0.010994172,-0.0049641039,0.0025439011,0.014960918,0.026500821,0.036446985,0.045277838,0.052659493,0,0,0,0,0.030568585,0.022152429,0.014985581,0.0091257049,0.0051818676,0.0023745594,0.0011471417,0.00056371564,0.00018082133,2.1301932e-05,3.8295497e-05,0.00016127754,0.00029514669,0.00046300961,0.00064812292,0.00074540917,0.00081061461,0.00082531222,0.00075639848,0.00064788706,0.00050421321,0.0003401048,0.00019525863,2.3588251e-05,-8.6256397e-05,-0.00013232247,-0.00013042385,-8.096089e-05,-1.6476362e-05,5.2364649e-05,0.00010904919,0,0,0,0.00018965466,0.00017938996,0.00019998376,0.00026483368,0.00041158882,0.00070851756,0.0011179072,0.0016117885,0.0018884328,0.0022102308,0.0024575451,0.0022640843,0.001965519,0.0016132985,0.0010199246,0.00042813653,5.2972186e-06,-0.00027315103,-0.00046350146,-0.00047328213,-0.0002463545,-6.215473e-05,3.4613167e-05,0.00018738194,0.00029855384,0.00031392509,0.00028256897,0.0002572003,0.00023180083,0.00020144225,0.00017886693,0,0,0
-0.071929999999999994,-0.014377302,-0.018870372,-0.025115965,-0.031526271,-0.039649367,-0.04965879,-0.058777642,-0.067305796,-0.07199543,-0.072500661,-0.069239244,-0.046040766,-0.014560877,-0.026215632,0,0,0,-0.078658372,-0.068447009,-0.026703743,0.03510787,0.11372752,0.16630419,0.18054186,0.18415111,0.15591839,0.10850263,0.070011415,0.04368959,0.024132097,0.011220655,0.0024599158,-0.0038297221,-0.0088671325,-0.012834557,-0.016229507,-0.019942315,-0.022131288,-0.022220353,-0.021100767,-0.014924314,-0.0060662585,0.003576268,0.016295673,0.029670263,0.040165242,0.046534538,0.04910513,0,0,0,0,0.021098815,0.012855887,0.0068196976,0.0034954383,0.0016925693,0.00010789536,-0.00036733854,-0.00042344769,-0.00041619723,-0.00038845069,-0.000247661,3.4010431e-05,0.00026582935,0.00048576394,0.00069949712,0.00082282873,0.00087848509,0.00089463044,0.00082519179,0.00067765388,0.00045277044,0.0001951306,-1.3770722e-05,-0.00020760254,-0.00032201339,-0.0003437578,-0.00032010625,-0.00024690432,-0.00014225797,-2.4245883e-05,7.0893671e-05,0,0,0,0.00018905796,0.00017070863,0.00017590327,0.00023698443,0.00035525052,0.00061072793,0.0010102574,0.0015284736,0.0018837202,0.0021819391,0.0025844134,0.0025857391,0.0021151688,0.0017869599,0.001232847,0.00055933115,6.5238266e-05,-0.0002362978,-0.00042927166,-0.00057599269,-0.00043232832,-0.00017432125,-8.0579055e-05,5.5883927e-05,0.00017488204,0.00023122641,0.00022508971,0.000210125,0.00020194949,0.00018278811,0.00016166286,0,0,0
-0.027789999999999999,-0.017853104,-0.022813007,-0.030394424,-0.038521223,-0.046890154,-0.059338808,-0.072785914,-0.089209326,-0.10861119,-0.12573004,-0.14018501,-0.1342849,-0.10986764,-0.13088137,0,0,0,-0.14523406,-0.1185456,-0.06158511,-0.0040259855,0.064670272,0.14190997,0.15472244,0.14306451,0.12877756,0.092822477,0.060479697,0.036908381,0.019140726,0.0072401161,-0.001490016,-0.0074186558,-0.012202662,-0.017125573,-0.021255812,-0.025311306,-0.028686544,-0.028320011,-0.025952714,-0.020461911,-0.0094787609,0.0028712158,0.015710505,0.028824762,0.039246548,0.046493221,0.046661302,0,0,0,0,0.011284226,0.0040772231,-0.0011104937,-0.0030161061,-0.003369828,-0.003437245,-0.002678483,-0.0018426786,-0.001106314,-0.00070812093,-0.00039685325,-4.9122584e-05,0.00025019221,0.00049871043,0.00073027058,0.00091024977,0.00096576527,0.0009541781,0.00086488714,0.00063618436,0.00035488806,2.9180937e-05,-0.00020937496,-0.0004122048,-0.0005891652,-0.0006160285,-0.00055214134,-0.00043840602,-0.00027219899,-0.0001134886,3.2316791e-05,0,0,0,0.00020158359,0.00018205917,0.00016902198,0.00021732258,0.00032557399,0.0005055244,0.00088868639,0.0013960539,0.0019081244,0.0021076913,0.0023841618,0.0027132486,0.002161009,0.0017514549,0.0014561177,0.00075937266,0.00018802773,-0.00021244423,-0.00037059691,-0.00048871199,-0.00051764422,-0.00026496782,-0.00013357862,-3.8419006e-05,8.0320555e-05,0.00014908992,0.00018121472,0.00017681775,0.0001725521,0.00016537665,0.00014498108,0,0,0
0.01634,-0.020184848,-0.026073106,-0.033010073,-0.043917812,-0.056684211,-0.071702577,-0.094605476,-0.11670177,-0.13919848,-0.16649164,-0.18984076,-0.20352712,-0.19781452,-0.21341321,0,0,0,-0.21227655,-0.17093948,-0.098480016,-0.024145961,0.029078886,0.084065519,0.12258188,0.1067493,0.09173961,0.074392051,0.046457361,0.026080539,0.011700105,0.0027801823,-0.0041888985,-0.0099248141,-0.015102322,-0.020427961,-0.025915138,-0.030536292,-0.033840902,-0.035166264,-0.031653393,-0.02473617,-0.014445256,0.00017696375,0.015156908,0.027933471,0.03887916,0.046472885,0.046469957,0,0,0,0,-0.00024442514,-0.0063662292,-0.01049793,-0.011587263,-0.0092481095,-0.0067522819,-0.0045531364,-0.0025864905,-0.0015898232,-0.0010967781,-0.00061948696,-0.00020172844,0.0001641439,0.00052245491,0.00079987041,0.0010119531,0.0011048265,0.0010512009,0.00091793528,0.00067654456,0.0003343868,-5.2444273e-05,-0.00051544461,-0.00079957949,-0.00099835533,-0.0010525452,-0.00088754937,-0.00068449153,-0.00045709481,-0.0002457737,-5.0717648e-05,0,0,0,0.00024376568,0.00021090523,0.0001891164,0.00019391556,0.00028652881,0.00045478126,0.00073244557,0.0011679267,0.0016498123,0.0019524302,0.0021717218,0.0024489572,0.0023125499,0.0018405266,0.001442209,0.00095797644,0.0003500928,-7.9968646e-05,-0.00031303943,-0.00041562939,-0.00044888712,-0.00035533914,-0.00019395725,-7.5227239e-05,2.6347805e-05,0.00010461392,0.00014044681,0.00015385506,0.00015057753,0.00014335387,0.00013075987,0,0,0
0.060479999999999999,-0.021735668,-0.029724559,-0.038843203,-0.050996616,-0.066820353,-0.08377365,-0.10712871,-0.13547404,-0.16230316,-0.19908677,-0.23875213,-0.26911435,-0.28239489,-0.29217178,0,0,0,-0.26431784,-0.22215956,-0.14441441,-0.069830529,-0.013110845,0.032458287,0.072281629,0.075777285,0.059874527,0.046940539,0.033417534,0.019235818,0.0084454864,0.0003314284,-0.0063300324,-0.012119788,-0.017621318,-0.023364104,-0.029407503,-0.035035186,-0.038621504,-0.040127266,-0.03742826,-0.029724263,-0.018786976,-0.003917872,0.013505579,0.027381321,0.037494481,0.043507852,0.042850096,0,0,0,0,-0.011147426,-0.016509203,-0.017722521,-0.016309677,-0.012916121,-0.0091899643,-0.006440457,-0.0038602897,-0.0021938735,-0.0015490114,-0.00086910767,-0.00028427434,0.00018656184,0.00059404259,0.00091532513,0.001141616,0.0012537015,0.0012164814,0.0010210411,0.0006469473,0.00012914024,-0.00046665652,-0.0010499404,-0.0013610865,-0.0014935842,-0.0015352047,-0.0013308577,-0.0010059853,-0.00063279201,-0.0003086713,-5.6562334e-05,0,0,0,0.00028627168,0.00025202078,0.00022000045,0.00020115118,0.00024691055,0.00038105965,0.00060129591,0.00095397508,0.0014201937,0.0017935705,0.0020549761,0.0022037951,0.0022060191,0.0018140747,0.0013608035,0.00097339181,0.0004614217,2.9677252e-05,-0.00027728014,-0.00039735969,-0.00038482499,-0.00033797379,-0.00020116258,-8.4014508e-05,7.4121513e-06,8.0308055e-05,0.00011288164,0.0001328169,0.0001347737,0.00012699403,0.00011819691,0,0,0
0.10462,-0.024001621,-0.032783423,-0.043430965,-0.054841015,-0.072274752,-0.093047723,-0.11762989,-0.15471566,-0.19432168,-0.23196165,-0.28010327,-0.32103831,-0.34856862,-0.36087313,0,0,0,-0.29342845,-0.25654489,-0.18275726,-0.10523187,-0.040505651,0.0023039437,0.034463312,0.049595237,0.041956469,0.033088081,0.024981961,0.013411837,0.0038276091,-0.0032414312,-0.0091276653,-0.014074804,-0.019128041,-0.025158046,-0.031611007,-0.038141292,-0.042734914,-0.044310659,-0.043175068,-0.035452642,-0.022125926,-0.0075096739,0.011234301,0.026181513,0.035982277,0.041393325,0.040498931,0,0,0,0,-0.016447408,-0.022365777,-0.023842471,-0.021509381,-0.017528621,-0.012423215,-0.0085676797,-0.0051989728,-0.002681152,-0.0017273568,-0.0010096193,-0.00033411311,0.00019537295,0.00062926684,0.0010324979,0.0013014138,0.0014089441,0.0014047542,0.0010767722,0.0005721919,-5.3209344e-05,-0.00075458601,-0.0014545763,-0.0019726797,-0.0021578236,-0.0021304176,-0.0018754344,-0.0013662454,-0.0008409025,-0.00036815065,-8.2749473e-05,0,0,0,0.00035491114,0.00032862468,0.00027801987,0.00024439543,0.00022516937,0.00032037505,0.00051321287,0.00078473118,0.0011503941,0.0014631053,0.00178943,0.001866709,0.0018685239,0.0017711223,0.001311254,0.00091864745,0.00051610306,0.00013580696,-0.00013173916,-0.00031898791,-0.00029867908,-0.00025096309,-0.0001908993,-8.1122278e-05,5.2529008e-06,6.7921479e-05,9.5550829e-05,0.00011075581,0.00011859849,0.00011273754,0.00010453264,0,0,0
0.14874999999999999,-0.0261089,-0.033522792,-0.046279874,-0.061074324,-0.077596083,-0.10474903,-0.13404886,-0.16528448,-0.21389963,-0.25964156,-0.30431575,-0.35677588,-0.39067301,-0.40371752,0,0,0,-0.32551527,-0.27663597,-0.20958096,-0.12933406,-0.072268136,-0.023287471,0.0050825225,0.019736459,0.025713414,0.0187937,0.012472304,0.005913273,-0.00035491723,-0.0054589845,-0.0096049979,-0.014572293,-0.019907452,-0.025820671,-0.032990657,-0.040038284,-0.045636382,-0.046477273,-0.044067841,-0.037296575,-0.023534641,-0.008391127,0.0086554475,0.025310496,0.035397217,0.040617831,0.039422166,0,0,0,0,-0.022219762,-0.028584955,-0.030845562,-0.026688004,-0.020630511,-0.014390146,-0.0091438172,-0.0058411038,-0.003368665,-0.0019281434,-0.0011744774,-0.0004613713,0.00022697802,0.00073427975,0.001199963,0.0015722063,0.0016523345,0.0015903072,0.0013268574,0.00069546839,-9.3786621e-05,-0.0012101104,-0.0022767116,-0.0030045428,-0.003344924,-0.0030484695,-0.0025498383,-0.0019100724,-0.0011975127,-0.00052894314,-3.3806849e-05,0,0,0,0.00046613129,0.00041330964,0.00034922981,0.00029754659,0.00026342485,0.00027293869,0.00041141704,0.00061267446,0.00087667647,0.0011448261,0.0014128383,0.0016204269,0.0016144365,0.0014757471,0.0012603215,0.00087933138,0.00051074824,0.00020912524,-2.7977523e-05,-0.00019363342,-0.00025452659,-0.00019806996,-0.00012941567,-7.2910829e-05,3.0560628e-07,5.4559896e-05,8.296904e-05,9.4848074e-05,0.00010103069,0.00010033823,9.2532471e-05,0,0,0
0.19289000000000001,-0.02811249,-0.03681156,-0.049197305,-0.066543981,-0.084059455,-0.10891215,-0.14297587,-0.17658025,-0.22263706,-0.27868873,-0.32810763,-0.37733668,-0.41887093,-0.4385941,0,0,0,-0.35045898,-0.29041752,-0.22386225,-0.14945805,-0.097201601,-0.050382365,-0.016837604,-0.0025623736,0.0051262071,0.0079472587,0.0057826792,0.0023116346,-0.0019425573,-0.0066208974,-0.01045307,-0.014826003,-0.02029207,-0.025855571,-0.032113969,-0.038703483,-0.044225018,-0.045543056,-0.043368824,-0.037394717,-0.025176892,-0.0094229197,0.0080615329,0.025262797,0.03527461,0.039945401,0.038592044,0,0,0,0,-0.026134046,-0.031098062,-0.032141909,-0.027758066,-0.021760173,-0.015627602,-0.010048088,-0.0061997655,-0.0037930214,-0.0021896623,-0.0012376844,-0.00043884048,0.00031761962,0.00089387503,0.0013795921,0.0018187179,0.0019844319,0.0018699038,0.0015426552,0.00070662925,-0.00056121749,-0.0020045016,-0.0033025029,-0.0040855645,-0.0045456472,-0.004268419,-0.0033940659,-0.0023389831,-0.0013170468,-0.00045711966,0.00011845059,0,0,0,0.00061043823,0.00052730169,0.00043731864,0.0003683352,0.00031463124,0.00028023639,0.00034103208,0.00048785654,0.00068848341,0.00090647093,0.0010986084,0.0013071431,0.0013512187,0.0011905885,0.0010586742,0.00079247903,0.00046243449,0.00018514832,-3.68476e-06,-0.000108468,-0.00017967435,-0.00014882255,-8.6891443e-05,-4.4891527e-05,7.0995934e-06,5.2073879e-05,7.8675665e-05,8.6294691e-05,8.9755325e-05,9.3381699e-05,9.0374335e-05,0,0,0
0.23702999999999999,-0.029345307,-0.039135989,-0.050070696,-0.068076178,-0.088637047,-0.11104824,-0.14877491,-0.19050819,-0.22907631,-0.28802237,-0.34521881,-0.39184725,-0.43865696,-0.46073952,0,0,0,-0.35405499,-0.29802191,-0.23145254,-0.16151942,-0.10989983,-0.06833785,-0.032237284,-0.014035376,-0.0056066951,0.00097042019,0.0010022039,-0.0019551306,-0.0045394753,-0.0082569839,-0.01111612,-0.013954773,-0.018633042,-0.024095459,-0.029173832,-0.035881307,-0.041827589,-0.043844666,-0.041924343,-0.034307271,-0.023006547,-0.0063732178,0.010698687,0.026674457,0.036024854,0.0402615,0.038752891,0,0,0,0,-0.025623221,-0.031529643,-0.03305557,-0.028916147,-0.022975307,-0.016514873,-0.010808598,-0.0063248668,-0.0039335797,-0.002311802,-0.0012685936,-0.00043190422,0.00035400342,0.0010379968,0.0016001965,0.0021241305,0.0025481365,0.0023257995,0.001817327,0.0010242962,-0.00056496455,-0.0023365892,-0.0042109559,-0.0052419323,-0.0055760578,-0.0054165618,-0.0041227764,-0.0027511094,-0.0014197484,-0.00045065343,0.00020053243,0,0,0,0.00080812251,0.00068343832,0.00055247033,0.00045643814,0.00038053992,0.00032554471,0.00031132129,0.00039893729,0.00052906229,0.00068722694,0.00081438012,0.0009502201,0.0010854885,0.00093704532,0.00078556995,0.00066414627,0.00042016446,0.00020491182,4.8718095e-05,-3.2526794e-05,-8.7271757e-05,-0.00010486611,-4.9202095e-05,-6.1692326e-06,2.2272834e-05,5.0286177e-05,6.9864647e-05,7.646055e-05,8.0660029e-05,8.5431086e-05,8.5945598e-05,0,0,0
0.28116999999999998,-0.028831832,-0.040012747,-0.052780617,-0.068124883,-0.092727095,-0.11806787,-0.14718124,-0.1956922,-0.23976833,-0.28494254,-0.34855053,-0.39666942,-0.43061292,-0.45283112,0,0,0,-0.34668589,-0.30370492,-0.23494034,-0.16817613,-0.11791339,-0.079771794,-0.046811782,-0.022362186,-0.014312395,-0.0081125079,-0.0041152411,-0.0049881134,-0.0061988891,-0.007659527,-0.010318415,-0.013011361,-0.016269095,-0.021925909,-0.027048735,-0.031516012,-0.036232766,-0.037281137,-0.033925679,-0.026681162,-0.016040776,-0.0029818167,0.013898814,0.029756738,0.03722804,0.040589109,0.038160287,0,0,0,0,-0.025616618,-0.031480636,-0.033289943,-0.028720431,-0.022329362,-0.015947668,-0.010699344,-0.0066122883,-0.0038210384,-0.0023284382,-0.0013207922,-0.00039707069,0.00047599504,0.0012851203,0.00199494,0.0025410256,0.0030198004,0.0030602186,0.0023955184,0.0014010631,-0.00034251477,-0.0027192945,-0.0051069767,-0.0068631172,-0.0069151297,-0.0064615118,-0.0052916575,-0.0035333382,-0.0017462781,-0.00018506929,0.00059308583,0,0,0,0.0010254355,0.00087979593,0.0007033794,0.00056561589,0.00045506115,0.00037485687,0.0003288915,0.0003429997,0.00041500028,0.00051138003,0.00060638791,0.00067828182,0.00075770298,0.00075298501,0.00062663504,0.00051693188,0.00038326156,0.0001988419,6.5589273e-05,-1.388521e-05,-4.340741e-05,-4.7470669e-05,-2.9660878e-05,3.191582e-06,2.4749308e-05,4.4734839e-05,6.2556392e-05,6.7483903e-05,7.1763781e-05,7.7772522e-05,8.4297768e-05,0,0,0
0.32529999999999998,0,0,0,0,0,0,0,0,0,0,0,0,0,0,0,0,0,0,0,0,0,0,0,0,0,0,0,0,0,0,0,0,0,0,0,0,0,0,0,0,0,0,0,0,0,0,0,0,0,0,0,0,0,0,0,0,0,0,0,0,0,0,0,0,0,0,0,0,0,0,0,0,0,0,0,0,0,0,0,0,0,0,0,0,0,0,0,0,0,0,0,0,0,0,0,0,0,0,0,0,0,0,0,0,0,0,0,0,0,0,0,0,0,0,0,0,0,0,0,0
0.36943999999999999,-0.03086709,-0.039569583,-0.053678297,-0.070859246,-0.089636184,-0.11866529,-0.15149479,-0.18476756,-0.23470238,-0.28358608,-0.32527915,-0.37829456,-0.41455793,-0.42796332,0,0,0,-0.32318616,-0.27089772,-0.22503184,-0.16916957,-0.11961598,-0.086986758,-0.059278537,-0.036215492,-0.022164138,-0.014896623,-0.0098714679,-0.0069683767,-0.0074013746,-0.0078242002,-0.0082998797,-0.0098918108,-0.011557238,-0.01292131,-0.016309928,-0.018339071,-0.018323403,-0.019384338,-0.015947422,-0.008699731,0.0020997101,0.012157061,0.022030924,0.035026584,0.042545054,0.041814595,0.037857901,0,0,0,0,-0.022140205,-0.025645038,-0.026827265,-0.025367258,-0.019354004,-0.0138684,-0.0091784047,-0.0060818847,-0.0038536261,-0.0022676282,-0.0011912182,-0.00021207031,0.00074983912,0.0017524665,0.0027577309,0.0038806759,0.00466769,0.0050706607,0.0051282337,0.003338621,0.00074864645,-0.0024495337,-0.0056428374,-0.0081135286,-0.0092946654,-0.0076698195,-0.0053486647,-0.0027696595,-0.00067621103,0.00098659913,0.0022004847,0,0,0,0.0016206752,0.001327094,0.0010510338,0.00082129316,0.00065553078,0.00051050191,0.00040460742,0.00035260728,0.00032582093,0.0003316091,0.00035494071,0.00038903733,0.00038258711,0.00036141725,0.00033462621,0.00026235593,0.00019806823,0.00013402398,6.9553469e-05,2.6074815e-05,-2.023767e-07,1.3954111e-06,1.0997943e-05,2.2963348e-05,3.3214965e-05,4.3260348e-05,5.3803156e-05,6.2536419e-05,7.0095644e-05,8.0443053e-05,9.2769966e-05,0,0,0
0.41358,-0.030549198,-0.040239129,-0.05135509,-0.070115492,-0.090725102,-0.11225916,-0.14835952,-0.18464762,-0.22121292,-0.27277339,-0.3138099,-0.34656501,-0.382294,-0.39825511,0,0,0,-0.31095213,-0.2537024,-0.20927125,-0.16401829,-0.11604737,-0.085834622,-0.059673674,-0.038746811,-0.024893574,-0.016182084,-0.011256102,-0.0078516928,-0.0066425861,-0.0069537107,-0.007293473,-0.007687164,-0.0090144388,-0.0099234907,-0.010303756,-0.011276801,-0.0097514456,-0.0065134158,-0.0036184585,0.0027924308,0.012511599,0.022245185,0.030368479,0.037412923,0.04355862,0.040778376,0.034224834,0,0,0,0,-0.020598276,-0.023749806,-0.0238564,-0.022619171,-0.017635958,-0.012629595,-0.0084702661,-0.0053720893,-0.0034956213,-0.0021503242,-0.0011185157,-7.0434624e-05,0.0010091332,0.0021361068,0.0032693262,0.0045450153,0.0058293273,0.0063324291,0.0063448339,0.0054014018,0.0022666317,-0.0017061813,-0.0054475856,-0.0078606131,-0.009047281,-0.0085246367,-0.005745145,-0.0023635568,0.00052081863,0.0021874809,0.0031561411,0,0,0,0.0020254788,0.0016399829,0.0012684813,0.00095796149,0.00075541955,0.00058391882,0.00044883363,0.00037282385,0.00032708084,0.00030072793,0.0002879737,0.0002902807,0.00029139433,0.00027312286,0.00024744906,0.00020977769,0.00015006099,9.46379e-05,4.8877246e-05,1.971812e-05,1.0740074e-05,8.2699962e-06,1.5113846e-05,2.3970986e-05,3.146673e-05,4.0351064e-05,4.9867296e-05,5.9066082e-05,6.8706504e-05,8.3289451e-05,9.897969e-05,0,0,0
0.45771000000000001,-0.029532557,-0.039988682,-0.051097151,-0.066823632,-0.088844545,-0.11054471,-0.139301,-0.17697558,-0.2114221,-0.25058609,-0.29443547,-0.32665849,-0.35417107,-0.3722221,0,0,0,-0.28192794,-0.23354636,-0.19220334,-0.15182108,-0.11135777,-0.081424624,-0.05810485,-0.039062515,-0.025626445,-0.017125199,-0.011358586,-0.0078875897,-0.0064816545,-0.0060487865,-0.0062803677,-0.0062120273,-0.0062458068,-0.0062530939,-0.0050337333,-0.0032077758,-0.00099031103,0.0038418029,0.0088724252,0.014782601,0.022165827,0.029748177,0.034553215,0.037904389,0.041687429,0.038907453,0.031813659,0,0,0,0,-0.018842405,-0.020895068,-0.021064408,-0.019485006,-0.015157123,-0.010686658,-0.0071783219,-0.0047991294,-0.0032205752,-0.0020278993,-0.00097787217,6.6035303e-05,0.0011991281,0.0024032425,0.003643288,0.0051779109,0.0071496009,0.0084198257,0.0081756962,0.0073513384,0.0045988429,-8.1808888e-05,-0.0047590113,-0.0079344837,-0.0085536446,-0.0075009228,-0.0043322267,-0.00036718999,0.0025676645,0.0041388669,0.0046015121,0,0,0,0.0023883092,0.0019031538,0.0014656534,0.0010988753,0.00086120731,0.00066976855,0.00051061512,0.00040522349,0.00033645931,0.0002874241,0.00025408776,0.00023892747,0.00023040871,0.00020761568,0.00017148299,0.00013435601,9.2652117e-05,6.259387e-05,3.8569298e-05,2.4513645e-05,1.7686987e-05,1.4190717e-05,1.824406e-05,2.5296853e-05,3.1449072e-05,3.9161863e-05,5.0843319e-05,6.4586202e-05,7.6789605e-05,9.1519141e-05,0.00010743937,0,0,0
0.50185000000000002,-0.028268429,-0.038428608,-0.050226402,-0.062923312,-0.083779484,-0.10689031,-0.12905076,-0.16484433,-0.2023823,-0.2323281,-0.2742199,-0.30546811,-0.32246631,-0.33326197,0,0,0,-0.25276679,-0.21179643,-0.17436922,-0.13836516,-0.10497145,-0.077427126,-0.056379993,-0.038336001,-0.024982095,-0.017235436,-0.011120434,-0.0076856869,-0.0061854143,-0.005184032,-0.0050990321,-0.0048702164,-0.0037014089,-0.002909499,-0.0012566469,0.0036549766,0.0071386043,0.01203288,0.0186499,0.023571856,0.029616099,0.035695132,0.038992655,0.040705618,0.039936516,0.036340088,0.028111536,0,0,0,0,-0.018776223,-0.019120604,-0.01874934,-0.016781354,-0.013240972,-0.00953566,-0.0067002284,-0.0045962343,-0.0030467603,-0.0018933973,-0.00084975705,0.00015890243,0.0013782398,0.0027914813,0.004428478,0.0063061332,0.0085522281,0.01116771,0.0107435,0.0095325364,0.007674512,0.0023630753,-0.0026858165,-0.0066365781,-0.0067394255,-0.0052939462,-0.0026202779,0.00145422,0.0044166129,0.006589477,0.0063540884,0,0,0,0.0027580098,0.0021963334,0.0017003741,0.0012798952,0.00097421242,0.00075047178,0.00056555856,0.00042519061,0.00034381475,0.00028096672,0.00023432655,0.00020334442,0.00017741464,0.00015776696,0.00012624163,9.9667821e-05,7.9356061e-05,5.3803469e-05,3.3292668e-05,2.2073484e-05,1.7558888e-05,1.6863884e-05,1.9994499e-05,2.5556086e-05,3.2763928e-05,4.0519448e-05,5.4243203e-05,7.0612317e-05,8.3569335e-05,9.8832978e-05,0.00011492912,0,0,0
0.54598999999999998,-0.027910948,-0.03555559,-0.047979876,-0.061220862,-0.076452799,-0.10121742,-0.12468404,-0.14987038,-0.18775517,-0.21660668,-0.24108547,-0.27207744,-0.29023403,-0.29756168,0,0,0,-0.22671264,-0.19008417,-0.15989348,-0.12699422,-0.096742362,-0.071585961,-0.052464981,-0.036254145,-0.023216169,-0.016529145,-0.01119944,-0.0071954415,-0.0055908156,-0.0046224124,-0.0038995149,-0.0036716275,-0.0022698459,-0.00010834623,0.0018624192,0.0066928547,0.013561414,0.01874692,0.02537339,0.032468494,0.037806313,0.043716241,0.041888241,0.039970864,0.035738528,0.028318442,0.021206133,0,0,0,0,-0.018564103,-0.018088214,-0.016458962,-0.014753578,-0.011759785,-0.0083084386,-0.0057008946,-0.0039620879,-0.0027088406,-0.0017457841,-0.00070327672,0.0003856885,0.0016106821,0.0031542417,0.0049915253,0.0071800989,0.0096689202,0.012578133,0.013765339,0.011771273,0.0090596303,0.0048733898,-0.00039947964,-0.0043833959,-0.0060092243,-0.0041174656,-0.00075004692,0.0036151069,0.0065521402,0.0080997543,0.0083588203,0,0,0,0.0032764128,0.0025164527,0.0019046924,0.0014199468,0.0010650719,0.00081433676,0.00061834743,0.00045943956,0.00035962768,0.00028475744,0.00022356691,0.00018318676,0.00015147547,0.00012613657,0.00010197236,7.4335498e-05,5.2634914e-05,3.475459e-05,1.9320656e-05,1.4666253e-05,1.4115289e-05,1.4508866e-05,1.7180102e-05,2.3102362e-05,3.1865675e-05,4.075727e-05,5.3971293e-05,7.3453746e-05,9.1783106e-05,0.00010768781,0.00012110864,0,0,0
0.59011999999999998,-0.02694717,-0.034449019,-0.044650085,-0.058420319,-0.073017754,-0.092399657,-0.11565446,-0.13782278,-0.16603123,-0.19672327,-0.22006539,-0.24279195,-0.26176271,-0.26806161,0,0,0,-0.20236705,-0.16935527,-0.14068085,-0.1138482,-0.086522281,-0.063963234,-0.048315085,-0.03450086,-0.022821771,-0.015529749,-0.010673922,-0.0068606832,-0.0047038705,-0.003831526,-0.0031847924,-0.0028405963,-0.0015521434,0.0010417517,0.0042066323,0.0090368362,0.017089825,0.025168257,0.032192536,0.037074212,0.040930927,0.042994205,0.039694112,0.035459731,0.030561911,0.022329457,0.013345844,0,0,0,0,-0.017338272,-0.017395787,-0.014888712,-0.01250595,-0.0099114906,-0.0069030276,-0.0048935222,-0.0035763378,-0.0025340933,-0.001582321,-0.00058799254,0.00053366349,0.0017809004,0.0033168476,0.0053838431,0.0080583179,0.010993239,0.013873291,0.015900744,0.014798203,0.011490869,0.0072848178,0.0018117226,-0.0021250811,-0.003695268,-0.0019236663,0.0019012,0.006404005,0.0095376698,0.010382268,0.010458581,0,0,0,0.0036249601,0.0027352162,0.0020707194,0.0015517909,0.0011615093,0.00088958221,0.00067388423,0.00049621391,0.0003756205,0.00028669462,0.00021765352,0.00016805265,0.00013145547,9.9397708e-05,7.2047776e-05,4.8888756e-05,3.3041499e-05,2.2786255e-05,1.4737181e-05,9.9751414e-06,9.6679396e-06,1.0964518e-05,1.3551547e-05,1.8936107e-05,3.051999e-05,4.5500608e-05,6.3240637e-05,8.4583604e-05,0.00010382008,0.00011971679,0.00013155576,0,0,0
0.63426000000000005,-0.025376115,-0.033052508,-0.041234311,-0.053677425,-0.068108849,-0.083224885,-0.1047314,-0.12740678,-0.14881095,-0.17761186,-0.19962764,-0.21402888,-0.22760704,-0.23294082,0,0,0,-0.17782837,-0.14902613,-0.12276141,-0.10198403,-0.079513103,-0.058800407,-0.044361699,-0.031853985,-0.021332044,-0.013835928,-0.0094369063,-0.0064275977,-0.0041912706,-0.0034754751,-0.0028956453,-0.0022494439,-0.0010420332,0.0016303781,0.0058746035,0.010636006,0.017658478,0.026522148,0.032627698,0.036484607,0.040490452,0.042142417,0.038976911,0.031531267,0.025009884,0.016582994,0.0058520306,0,0,0,0,-0.017748822,-0.017436493,-0.013971648,-0.011085592,-0.0088865729,-0.0064037717,-0.0045838226,-0.0033306628,-0.0023485159,-0.0014071238,-0.00050033478,0.00063262979,0.0019876307,0.0035923768,0.005872271,0.0088275131,0.012545584,0.01551969,0.017715102,0.018479126,0.014130697,0.0093305865,0.0034056669,1.5828544e-05,-0.00085513393,1.8181463e-05,0.0039710905,0.0086398916,0.013021897,0.01259884,0.011436411,0,0,0,0.0039710002,0.0029811615,0.0022690913,0.0016771535,0.0012386207,0.00094615191,0.00070557598,0.00052350125,0.0003915503,0.00029145411,0.0002160592,0.00015687558,0.00011685416,8.388704e-05,5.7766985e-05,3.9813167e-05,2.3749257e-05,1.3011202e-05,7.6210931e-06,3.230944e-06,2.8681891e-06,7.3231645e-06,1.2879522e-05,2.2495014e-05,3.5928257e-05,5.3823922e-05,7.3685136e-05,9.565334e-05,0.00011605292,0.00013140283,0.00014293012,0,0,0
0.6784,0,0,0,0,0,0,0,0,0,0,0,0,0,0,0,0,0,0,0,0,0,0,0,0,0,0,0,0,0,0,0,0,0,0,0,0,0,0,0,0,0,0,0,0,0,0,0,0,0,0,0,0,0,0,0,0,0,0,0,0,0,0,0,0,0,0,0,0,0,0,0,0,0,0,0,0,0,0,0,0,0,0,0,0,0,0,0,0,0,0,0,0,0,0,0,0,0,0,0,0,0,0,0,0,0,0,0,0,0,0,0,0,0,0,0,0,0,0,0,0
0.72253000000000001,-0.021931987,-0.028089339,-0.036658198,-0.045182049,-0.056059979,-0.070404001,-0.083965853,-0.099795379,-0.1189285,-0.13569573,-0.15083455,-0.16535243,-0.17302509,-0.17503543,0,0,0,-0.13329165,-0.1155556,-0.095154405,-0.077236205,-0.061915055,-0.047459535,-0.035379071,-0.026046146,-0.018140633,-0.011924967,-0.0080937482,-0.0053666546,-0.0036073164,-0.0027744507,-0.0023546671,-0.002124165,-0.0014592636,0.00041128919,0.0034887413,0.0079118982,0.014765166,0.022171289,0.029291801,0.033295013,0.033497475,0.03254021,0.02929797,0.020329885,0.0097721983,0.00019356604,-0.0071634576,0,0,0,0,-0.01725472,-0.015633272,-0.011644006,-0.008591,-0.0064653829,-0.0048227417,-0.0036166271,-0.0027300599,-0.0019887644,-0.0011449093,-0.00019056987,0.00082403503,0.002137366,0.0039124088,0.0061428496,0.0090976618,0.012741773,0.01687016,0.019449912,0.018230909,0.016337343,0.012366602,0.006367486,0.0016683565,0.0010294979,0.0037464427,0.0069393092,0.01087765,0.01444283,0.015926501,0.01448246,0,0,0,0.0044787931,0.0032057026,0.0024404705,0.0018281394,0.0013477236,0.0010214192,0.00077325531,0.00056920451,0.00041578838,0.00030852307,0.00022000434,0.00015139423,0.00010407918,6.6192355e-05,3.7182243e-05,1.7471604e-05,4.9058885e-06,-3.8379635e-06,-9.1217571e-06,-8.7658536e-06,-6.5895611e-06,-2.051707e-06,6.833387e-06,2.3997087e-05,4.6097219e-05,7.0216229e-05,9.429163e-05,0.00011746772,0.00013931755,0.00015035925,0.0001563741,0,0,0
0.76666999999999996,-0.020695999,-0.025526267,-0.033022404,-0.041374527,-0.04978101,-0.062424075,-0.076052316,-0.087979168,-0.10474492,-0.12007376,-0.13019368,-0.14099057,-0.14790775,-0.14975569,0,0,0,-0.11377797,-0.098962843,-0.083819143,-0.06881313,-0.055175006,-0.042619292,-0.03139599,-0.022986658,-0.015799325,-0.010310015,-0.0074202544,-0.005187727,-0.0039042463,-0.0031603184,-0.0025796453,-0.002344375,-0.0019739545,-0.00030670836,0.0021889613,0.0054906043,0.011092589,0.01673021,0.022408593,0.027427329,0.027620487,0.025827339,0.022228548,0.014110976,0.0050281924,-0.0048435768,-0.010584732,0,0,0,0,-0.016990392,-0.014498902,-0.010859609,-0.0078309057,-0.0059703123,-0.0045470502,-0.0033815801,-0.0025286456,-0.0017948757,-0.001040832,-0.00011375675,0.00091604854,0.002098578,0.003859455,0.006177132,0.0091151306,0.012626779,0.016580105,0.020705327,0.018549142,0.015124932,0.01142996,0.00640292,0.0022927218,0.00052942551,0.0039455486,0.0077436408,0.012170365,0.014620024,0.01516294,0.014319214,0,0,0,0.0045362571,0.0032819961,0.0024664213,0.0018593294,0.0013785709,0.0010281308,0.00078471377,0.00058329414,0.00041975008,0.00031263349,0.00022334744,0.00015077302,0.00010152368,6.4159911e-05,3.440291e-05,1.3169585e-05,-5.1279693e-07,-9.4201469e-06,-1.5772264e-05,-1.6484259e-05,-9.9189774e-06,-4.9177595e-07,1.4287726e-05,3.3952485e-05,5.7658239e-05,8.3475621e-05,0.00010898362,0.00013110426,0.00015115181,0.00016259965,0.00016293167,0,0,0
0.81081000000000003,-0.018955654,-0.023769688,-0.029187402,-0.037544735,-0.045865603,-0.05474712,-0.067575835,-0.078288428,-0.088541456,-0.1026405,-0.11275696,-0.11964702,-0.12602261,-0.12786835,0,0,0,-0.099580608,-0.086107537,-0.072531067,-0.060026992,-0.047642764,-0.036375724,-0.026945407,-0.020369152,-0.014739427,-0.010059192,-0.0072854948,-0.0053422414,-0.003908033,-0.0032850145,-0.0028316835,-0.002582384,-0.0026532901,-0.0017180452,-3.8162987e-05,0.0024318241,0.0065368135,0.012161351,0.016695186,0.020774778,0.021854807,0.019551808,0.015807513,0.0085232481,0.00070721086,-0.0077494797,-0.015449779,0,0,0,0,-0.015412804,-0.012817451,-0.0098161744,-0.0070037958,-0.0051362761,-0.0039797826,-0.0030303341,-0.0023401766,-0.0016313185,-0.00089053035,-7.8820602e-05,0.00095458847,0.0021410754,0.0036727495,0.005995539,0.0088728638,0.01202964,0.014813973,0.017379336,0.01757559,0.013628499,0.0095151868,0.0052505792,0.001647607,0.00060907257,0.0026079779,0.0066642039,0.010592788,0.013928617,0.014366133,0.013202512,0,0,0,0.0044723079,0.0032667168,0.002437993,0.0018414039,0.0013803873,0.0010291759,0.000784915,0.00058950589,0.00042913214,0.00031447093,0.00022696152,0.00015467017,0.00010034406,6.2526735e-05,3.1855434e-05,8.245458e-06,-5.7064763e-06,-1.3468181e-05,-1.6972883e-05,-1.5115383e-05,-7.9889487e-06,3.255514e-06,1.9542838e-05,4.1548257e-05,6.6548011e-05,9.3950497e-05,0.00011946301,0.00014017682,0.00015515157,0.00016556286,0.00016895273,0,0,0
0.85494000000000003,-0.017101733,-0.021896482,-0.026951004,-0.033237256,-0.040934749,-0.048619315,-0.058094297,-0.068478316,-0.077639259,-0.087668575,-0.097436793,-0.10318406,-0.10697211,-0.10856573,0,0,0,-0.084126927,-0.073372267,-0.06110635,-0.050773215,-0.041665502,-0.032633036,-0.024519172,-0.01853889,-0.013545634,-0.009394289,-0.0066231326,-0.0050323708,-0.0041999049,-0.0037784965,-0.0037019781,-0.0035433713,-0.0034827285,-0.0030092031,-0.0017826762,9.7580278e-06,0.0028294406,0.0072214669,0.011132153,0.013811998,0.014475186,0.012981789,0.0092294747,0.0026950452,-0.0050683785,-0.011476747,-0.01678724,0,0,0,0,-0.013599418,-0.010754361,-0.0081638517,-0.0059530563,-0.0045324741,-0.0036447013,-0.0028338558,-0.0021480615,-0.0014917878,-0.00076503056,1.3338398e-05,0.00095121394,0.0020869097,0.003473134,0.0053582764,0.0078929113,0.010873158,0.013456118,0.015225602,0.01590102,0.012875161,0.0080025895,0.0037305311,0.00039345626,-3.9922466e-05,0.0017395054,0.0053710374,0.009250029,0.013004814,0.014306935,0.012289536,0,0,0,0.0042797164,0.0031646141,0.0023591251,0.0017881561,0.0013540341,0.0010165471,0.00077966182,0.00058903551,0.00043338654,0.00031526887,0.00022725502,0.0001563189,9.9386256e-05,6.0665676e-05,3.1307769e-05,8.4757885e-06,-5.4463285e-06,-1.353253e-05,-1.7221333e-05,-1.5460966e-05,-7.7539416e-06,3.9414663e-06,2.354933e-05,5.0177434e-05,7.7726982e-05,0.00010441989,0.00012856573,0.00014945718,0.00016365357,0.00017256771,0.00017597618,0,0,0
0.89907999999999999,-0.015382497,-0.019498795,-0.024290949,-0.029311003,-0.035998624,-0.043350425,-0.050646607,-0.059746869,-0.067845151,-0.074787796,-0.082512312,-0.087580025,-0.09039478,-0.091448985,0,0,0,-0.070743814,-0.063148819,-0.05373529,-0.044314075,-0.036566474,-0.028665824,-0.021464471,-0.015926724,-0.011847308,-0.0089589581,-0.0067945374,-0.0057967454,-0.0050969752,-0.0045823012,-0.0044933944,-0.0044059907,-0.0042498922,-0.0040758187,-0.0033145628,-0.0021700335,-0.00061957695,0.0024566744,0.0056725172,0.007514589,0.0075579286,0.0060005896,0.0033497657,-0.00066780549,-0.0066836965,-0.011034894,-0.014986272,0,0,0,0,-0.011829386,-0.0093626091,-0.0074060559,-0.0055541075,-0.0042520585,-0.0033677318,-0.0026217469,-0.0019435714,-0.0013468271,-0.00067339267,7.970677e-05,0.00088083441,0.0019272938,0.0032534108,0.0048552984,0.007103716,0.0098149125,0.01269504,0.013287516,0.012832404,0.010459925,0.0059079588,0.0018075538,-0.001978606,-0.0019752239,0.00035557014,0.0040021935,0.0074057505,0.010274716,0.012534318,0.010799273,0,0,0,0.003934673,0.0029818474,0.0022531319,0.0017308911,0.0013185191,0.00099834765,0.00076478219,0.00057846116,0.00042984253,0.00031302351,0.00022528268,0.00015787184,0.00010218283,6.1468156e-05,3.244228e-05,9.7720549e-06,-5.9775693e-06,-1.4229709e-05,-1.8056931e-05,-1.4294183e-05,-2.3366056e-06,1.4100397e-05,3.493467e-05,6.1486411e-05,8.9439411e-05,0.00011788354,0.00014061513,0.00015912775,0.00017233953,0.00017801192,0.00017891168,0,0,0
0.94321999999999995,-0.014137014,-0.017091261,-0.021728935,-0.026607137,-0.031383608,-0.038051613,-0.044509634,-0.050525233,-0.057916388,-0.064214535,-0.069598258,-0.074001163,-0.076331422,-0.076917768,0,0,0,-0.060594361,-0.053632751,-0.04622221,-0.037697732,-0.030532494,-0.024567256,-0.019183666,-0.014919901,-0.011743886,-0.0092444047,-0.0072772549,-0.0062497496,-0.0057121562,-0.0053337961,-0.0053243241,-0.0054407106,-0.0054252194,-0.0052583967,-0.0047696894,-0.0040306998,-0.0032022505,-0.0013236818,0.00060864241,0.0026914466,0.0030884543,0.0022704643,0.00046927738,-0.0025069329,-0.0072790487,-0.011881804,-0.014532591,0,0,0,0,-0.010323023,-0.0081058396,-0.006427635,-0.004828894,-0.0037374827,-0.0030095722,-0.0024191737,-0.0017800567,-0.0011937614,-0.00061620557,0.000115412,0.00090472528,0.0018006783,0.0030346608,0.0044907681,0.0061329664,0.0080188112,0.0098225987,0.010973101,0.009930389,0.0070618335,0.0033952568,-0.00063406769,-0.0034274077,-0.0041583022,-0.0014137649,0.0022604461,0.0053791273,0.0078222668,0.0096306559,0.0095281648,0,0,0,0.0036514376,0.0027834442,0.0021208294,0.0016371056,0.0012551122,0.00095773698,0.00073541922,0.0005652188,0.00042445306,0.00031229501,0.0002278093,0.00015842015,0.00010468737,6.3763677e-05,3.2157415e-05,1.0543032e-05,-3.9062447e-06,-1.1258052e-05,-1.1928812e-05,-7.632806e-06,4.7879025e-06,2.2602821e-05,4.4768825e-05,7.2080693e-05,9.9194076e-05,0.00012412381,0.0001455531,0.00016002807,0.00017236543,0.00018132232,0.00018271615,0,0,0
0.98734999999999995,-0.012886314,-0.015613543,-0.019016899,-0.023456827,-0.027712705,-0.032612219,-0.038582318,-0.044097397,-0.049360976,-0.054984476,-0.059470098,-0.062470209,-0.064473778,-0.065027244,0,0,0,-0.050877836,-0.044403106,-0.038787823,-0.032858972,-0.027268531,-0.022373414,-0.017808925,-0.013932566,-0.011188591,-0.0090011014,-0.0074447477,-0.0070143957,-0.00683707,-0.0067862528,-0.0067647998,-0.0067425915,-0.0066567026,-0.0065035424,-0.0060736933,-0.0055072862,-0.0047250483,-0.003362874,-0.001794922,-0.00051770161,-0.00013254973,-0.0010969428,-0.0029844879,-0.0055629713,-0.0085307769,-0.011142501,-0.012848995,0,0,0,0,-0.0081432238,-0.0063052289,-0.0051662014,-0.0042086099,-0.0034132621,-0.0027675719,-0.0022093479,-0.0016260246,-0.0010472751,-0.00049710867,0.00014908286,0.00088483829,0.0016709635,0.0026184325,0.0038184512,0.0051943273,0.0066114878,0.007775127,0.0086640334,0.0078503862,0.0047518308,0.0013495641,-0.0017882225,-0.0039564427,-0.0049361861,-0.0032356915,0.00040883728,0.0037278775,0.0061377189,0.0073788059,0.0077040503,0,0,0,0.0032783675,0.0025062393,0.0019214283,0.0015054952,0.0011808156,0.00091801328,0.00071234145,0.00055147248,0.0004164975,0.0003068099,0.00022615037,0.00015806232,0.00010542339,6.6261549e-05,3.5309153e-05,1.3667934e-05,-1.2750328e-07,-7.4388386e-06,-7.9836345e-06,-2.4863627e-06,9.9624222e-06,2.894508e-05,5.1540686e-05,7.7537676e-05,0.00010316454,0.0001263719,0.00014821602,0.0001632832,0.00017444993,0.00018412153,0.00018894169,0,0,0
1.03149,-0.011378705,-0.013960204,-0.016622474,-0.020418322,-0.024517054,-0.028328726,-0.033352572,-0.038336337,-0.042105082,-0.046463247,-0.050340511,-0.052734599,-0.054128226,-0.054364011,0,0,0,-0.043527678,-0.038801987,-0.033830039,-0.028896645,-0.023954451,-0.019651812,-0.015756778,-0.01266229,-0.011061903,-0.0097444104,-0.0088670505,-0.0084782625,-0.0082939342,-0.0081983134,-0.0081273355,-0.0080889035,-0.007888387,-0.0075067682,-0.0068765385,-0.0061239572,-0.0054456326,-0.0046400311,-0.0036954791,-0.0032100587,-0.0033501077,-0.0035981531,-0.0043580821,-0.0056758011,-0.0072365282,-0.0089577967,-0.010627033,0,0,0,0,-0.0067627644,-0.0056239385,-0.0047080908,-0.0038650348,-0.0031210831,-0.002504738,-0.0019710739,-0.0014519973,-0.00092227355,-0.0004000215,0.00013476031,0.00079998566,0.0015334482,0.0023304799,0.0033226137,0.0044845417,0.0057102484,0.0061929752,0.0062641404,0.0059064445,0.0031087673,-0.00029748006,-0.0036000947,-0.005454916,-0.0059375893,-0.0048933835,-0.0014306062,0.0017432105,0.0043218336,0.0054040505,0.0057398658,0,0,0,0.002833826,0.0022452918,0.0017655557,0.0014078991,0.0011109704,0.00086787698,0.00067542295,0.00052692438,0.00040161263,0.00029992635,0.00022427937,0.00016126515,0.00010701094,6.861244e-05,3.9095496e-05,1.5091985e-05,2.0861305e-06,-4.2330121e-06,-4.6458226e-06,3.0765837e-06,1.6922701e-05,3.5864214e-05,5.7994555e-05,8.2822218e-05,0.00011001831,0.00013159477,0.00015115204,0.00016779269,0.00017910998,0.00019040972,0.00019987709,0,0,0
1.0756300000000001,-0.009927229,-0.012407736,-0.014950072,-0.017629264,-0.021387232,-0.02477086,-0.02811167,-0.032594278,-0.036139585,-0.039101925,-0.042391211,-0.044507425,-0.045381911,-0.045636915,0,0,0,-0.036959182,-0.033217493,-0.028734751,-0.024338964,-0.020776045,-0.01787933,-0.015311186,-0.013071702,-0.011718516,-0.010705897,-0.0099237245,-0.0096386494,-0.0095823146,-0.0097931931,-0.0097568436,-0.0096856337,-0.0093290741,-0.0085546831,-0.0077679465,-0.0069389739,-0.0062073623,-0.0056721913,-0.0044803601,-0.0037724976,-0.0035400011,-0.0035422561,-0.0041884906,-0.0053035561,-0.0066972584,-0.0076660849,-0.0084494548,0,0,0,0,-0.0059134616,-0.0048910272,-0.0041172574,-0.0034003195,-0.0027606385,-0.0022606612,-0.0017726322,-0.0012887716,-0.00082576217,-0.00031975695,0.00019264854,0.00075227156,0.0014321922,0.0021244383,0.0028398375,0.0036091998,0.0043783775,0.0048342189,0.0043876027,0.0034448802,0.0014859218,-0.0019765235,-0.0046045082,-0.0063206661,-0.0059167794,-0.0046959296,-0.0025738587,0.00025797394,0.0024725941,0.0039482266,0.0041669444,0,0,0,0.0024579852,0.0020137513,0.0015862574,0.0012612168,0.0010129036,0.00079994102,0.00063383643,0.00050601101,0.0003942051,0.00029813466,0.00022137494,0.0001620737,0.00011066336,6.8785601e-05,4.1362731e-05,1.9596946e-05,4.7551316e-06,4.1094361e-07,1.4464855e-06,8.3369232e-06,2.2650538e-05,4.2380907e-05,6.5209024e-05,8.749494e-05,0.00011092996,0.00013186753,0.00015009921,0.00016761175,0.00018239215,0.00019483786,0.00020603748,0,0,0
1.1197699999999999,-0.0089969942,-0.010832827,-0.0131299,-0.015467568,-0.018282672,-0.02140587,-0.024363969,-0.027619792,-0.030891482,-0.033388395,-0.035695512,-0.037693348,-0.038479187,-0.038561512,0,0,0,-0.030674111,-0.028052269,-0.025194457,-0.022150813,-0.019274993,-0.016940916,-0.014844007,-0.013044345,-0.011873326,-0.011313046,-0.01134948,-0.011539278,-0.011930539,-0.012113128,-0.011871745,-0.011490486,-0.010957653,-0.010005084,-0.0087101627,-0.00720147,-0.005805952,-0.0048577385,-0.0038201197,-0.0032669154,-0.0033690357,-0.0036887242,-0.0042957407,-0.0050317249,-0.0058200881,-0.0063671619,-0.0067304601,0,0,0,0,-0.0048112329,-0.0040930822,-0.003563276,-0.0030768707,-0.0025027385,-0.002023268,-0.0015802361,-0.0011202502,-0.00068207213,-0.00023014809,0.00023267309,0.00071276893,0.0012414089,0.0018194978,0.0024065773,0.002952233,0.0034174284,0.0036952049,0.0031840932,0.0020021687,0.00050655263,-0.0018105885,-0.0040252847,-0.0057814978,-0.0059500816,-0.0046820911,-0.0028618486,-0.00062344415,0.0012048048,0.0026186537,0.0032300432,0,0,0,0.0020460822,0.0016855503,0.0013788391,0.0011249994,0.00093119947,0.00075713964,0.00060313643,0.00048250993,0.0003803077,0.00029154556,0.00021687945,0.00016031157,0.0001132796,7.1804257e-05,4.3208485e-05,2.3323451e-05,8.3351606e-06,2.8114493e-06,5.3220842e-06,1.2844919e-05,2.6423111e-05,4.5202734e-05,6.6120818e-05,8.7084882e-05,0.00010871455,0.00012944921,0.00014846158,0.00016664155,0.00018342881,0.00020243377,0.00021782739,0,0,0
1.1638999999999999,0,0,0,0,0,0,0,0,0,0,0,0,0,0,0,0,0,0,0,0,0,0,0,0,0,0,0,0,0,0,0,0,0,0,0,0,0,0,0,0,0,0,0,0,0,0,0,0,0,0,0,0,0,0,0,0,0,0,0,0,0,0,0,0,0,0,0,0,0,0,0,0,0,0,0,0,0,0,0,0,0,0,0,0,0,0,0,0,0,0,0,0,0,0,0,0,0,0,0,0,0,0,0,0,0,0,0,0,0,0,0,0,0,0,0,0,0,0,0,0
1.20804,-0.0071129501,-0.0084957527,-0.0098702842,-0.01180504,-0.013735345,-0.015563373,-0.017904198,-0.020063225,-0.022013467,-0.023914423,-0.025379512,-0.026538474,-0.027232762,-0.027390571,0,0,0,-0.023323487,-0.021304362,-0.019288089,-0.017750502,-0.01645224,-0.015474755,-0.014756047,-0.014480112,-0.014425109,-0.014640612,-0.015210568,-0.015670763,-0.016626362,-0.017041305,-0.016777426,-0.015954541,-0.014086331,-0.011951637,-0.0095777307,-0.0071563218,-0.005044173,-0.0030403603,-0.0017510459,-0.00088750297,-0.00076008198,-0.0014093651,-0.001734607,-0.0023526649,-0.0031879873,-0.0036810527,-0.0040892498,0,0,0,0,-0.0036004235,-0.0031623682,-0.0026836586,-0.0023131918,-0.0019561197,-0.0015512819,-0.0011887008,-0.00084466243,-0.00045953851,-9.1746027e-05,0.00027158062,0.00067299866,0.0010547751,0.0014218072,0.0017587749,0.0020445047,0.0022259431,0.0021009117,0.001653593,0.00083185575,-0.0007527768,-0.0022427484,-0.0035671652,-0.0043306374,-0.00463326,-0.0041401554,-0.0027015777,-0.0012358411,1.6069935e-05,0.00086553174,0.0014556388,0,0,0,0.0014665391,0.0012414118,0.0010562169,0.00089451537,0.00074715505,0.00063429214,0.00053046946,0.00043333962,0.00035244631,0.00027811568,0.00021394645,0.00015986149,0.00011225719,7.6904274e-05,4.6328903e-05,2.3455843e-05,1.2610823e-05,6.569041e-06,7.9597685e-06,1.7641412e-05,3.172168e-05,5.0259932e-05,6.8970403e-05,8.8760593e-05,0.00010955099,0.00013101296,0.00015356438,0.00017866248,0.00020456879,0.00022991277,0.0002507887,0,0,0
1.2521800000000001,-0.006228379,-0.0074693006,-0.0086925123,-0.010114699,-0.011855462,-0.01350102,-0.015183354,-0.017079113,-0.018802129,-0.020186247,-0.021527236,-0.022550561,-0.023105031,-0.023192089,0,0,0,-0.020083511,-0.019015351,-0.017911645,-0.016859626,-0.015946452,-0.015347278,-0.014965552,-0.014903458,-0.015405555,-0.016513098,-0.017762998,-0.019027166,-0.020026432,-0.020378543,-0.019728037,-0.01846258,-0.01666205,-0.013418484,-0.0096555511,-0.0062052025,-0.0030239946,-0.00085292826,0.00030043011,0.0010148907,0.0010210924,9.1391834e-05,-0.00034050187,-0.0010219985,-0.0019097675,-0.0025304586,-0.002981951,0,0,0,0,-0.0029769188,-0.0026950242,-0.0023707384,-0.0020320502,-0.0017091462,-0.0013568287,-0.0010043865,-0.00068059732,-0.00034087896,-1.6130134e-05,0.00029563147,0.00061072264,0.00093302701,0.0012454021,0.0015128237,0.0016907935,0.0017975656,0.0016569146,0.0011724195,0.00055682688,-0.00039345567,-0.001598338,-0.0027289242,-0.0034330573,-0.0035862855,-0.0031856732,-0.0022767454,-0.0012019,-0.00024026135,0.00046513608,0.00095645501,0,0,0,0.0011440739,0.0010239965,0.00090070534,0.00079451903,0.00068867562,0.00058777875,0.00049661699,0.00041036346,0.00033823747,0.00026941532,0.00020882778,0.00015856393,0.00011154911,7.4356591e-05,4.6395882e-05,2.3242439e-05,1.0428133e-05,6.3255952e-06,8.2578181e-06,1.762984e-05,3.2074811e-05,5.0557737e-05,6.9723385e-05,8.8660745e-05,0.0001085602,0.00013054714,0.00015458862,0.00018114371,0.00021485996,0.00024723355,0.00027567675,0,0,0
1.2963100000000001,-0.005472031,-0.0065225675,-0.0076597417,-0.0087731117,-0.010201586,-0.011683719,-0.012953862,-0.01447945,-0.015985424,-0.017097849,-0.018145371,-0.018983636,-0.019423297,-0.019488137,0,0,0,-0.01798138,-0.017189801,-0.016401744,-0.015675344,-0.015025894,-0.015042554,-0.015575683,-0.016233729,-0.017543046,-0.019051822,-0.020400766,-0.021863651,-0.023001706,-0.023673361,-0.023012346,-0.020728169,-0.018713385,-0.014188202,-0.0092378976,-0.0053481213,-0.0017425872,0.00083804061,0.0021370323,0.0030826288,0.0030180716,0.0021195854,0.0013120805,0.00045166985,-0.00056695472,-0.0014060244,-0.0018835266,0,0,0,0,-0.002551225,-0.002308541,-0.0020529316,-0.001743876,-0.0014413858,-0.0011485289,-0.0008469614,-0.00055640773,-0.00027677955,2.1284737e-05,0.00031297401,0.00059063244,0.00086469471,0.0011266798,0.001354548,0.0014393314,0.0014582302,0.0014134331,0.0009904789,0.00039173724,-0.00030188312,-0.0012543803,-0.0021428866,-0.002790208,-0.002833223,-0.0024992076,-0.0020221763,-0.0011808294,-0.00038964741,0.00023929647,0.00062626734,0,0,0,0.00093450723,0.0008904119,0.00078950031,0.00069687807,0.0006196716,0.00053573796,0.00045743614,0.00038648891,0.0003244408,0.00026352631,0.00020133193,0.00015370054,0.00011082007,6.8825524e-05,4.2825501e-05,2.2385206e-05,5.6418353e-06,3.102695e-06,7.0473279e-06,1.6729198e-05,3.1384836e-05,4.9624457e-05,7.1382681e-05,8.9885514e-05,0.0001100567,0.00013266386,0.00016423361,0.00019940139,0.00023426626,0.00026764555,0.00029611457,0,0,0
1.3404499999999999,-0.0048971712,-0.0056699063,-0.006697624,-0.0076870196,-0.0086851129,-0.010018503,-0.011158648,-0.012217397,-0.013507692,-0.014500964,-0.015265176,-0.016089506,-0.016687144,-0.016868355,0,0,0,-0.015813734,-0.015227739,-0.014983826,-0.01502796,-0.015194462,-0.015544859,-0.016519362,-0.01759099,-0.018824436,-0.020859137,-0.022646852,-0.024756558,-0.026628317,-0.027697092,-0.027338237,-0.023905234,-0.02063309,-0.016784895,-0.010236615,-0.0047954195,-0.00016418516,0.0034144137,0.0047393278,0.0059087593,0.0054235859,0.0041708513,0.003123499,0.0020223132,0.00076012028,-0.0004385029,-0.0010547693,0,0,0,0,-0.0021205116,-0.0019154354,-0.0017028021,-0.001505793,-0.0012505426,-0.0009837097,-0.00072737609,-0.00044672677,-0.00017890298,8.1702805e-05,0.00035224037,0.00058788637,0.00079647475,0.00098662672,0.0011547697,0.0012461258,0.0012059187,0.0010958791,0.0008253805,0.00023571134,-0.00032651733,-0.00091834692,-0.0015150394,-0.0019690373,-0.0021928335,-0.0018945338,-0.0014553376,-0.00091824989,-0.00032304527,8.9669607e-05,0.00041589211,0,0,0,0.00075224257,0.00071754452,0.00067203853,0.00060132553,0.00054462568,0.0004965422,0.00043311997,0.00036869416,0.00030932881,0.00025514187,0.00019876086,0.00014491273,0.0001059386,6.7320849e-05,3.3955606e-05,1.6250486e-05,2.8144298e-06,-3.781302e-06,1.9488054e-06,1.3798805e-05,3.0232584e-05,4.86278e-05,7.0676695e-05,9.3643408e-05,0.00011654619,0.0001411085,0.00017021954,0.00020991452,0.00025014099,0.00028514507,0.00031737407,0,0,0
1.38459,-0.0043174373,-0.0050087152,-0.0057993559,-0.0066945627,-0.0075735566,-0.0085484367,-0.0095725544,-0.010496594,-0.011459662,-0.012429961,-0.013121556,-0.013731814,-0.014277292,-0.014446638,0,0,0,-0.01433659,-0.014364057,-0.01443285,-0.014629024,-0.015146554,-0.015800975,-0.016825531,-0.018508382,-0.020624395,-0.023271354,-0.026224943,-0.028650921,-0.030476144,-0.03158595,-0.031268384,-0.028184397,-0.02306903,-0.017742841,-0.010193005,-0.0022507941,0.0029005283,0.0064327391,0.0076466221,0.0084317494,0.008121145,0.0062797004,0.0044926065,0.0032677846,0.0017787025,0.00037020308,-0.00030858969,0,0,0,0,-0.001737832,-0.0016675181,-0.0014734142,-0.0012874267,-0.0010721268,-0.00081786263,-0.00057537266,-0.00032972789,-0.00010079666,0.00011659272,0.00033180782,0.0005440361,0.00072719657,0.00088503677,0.0010099551,0.0010791519,0.0010362207,0.00090080494,0.00070737285,0.00032834269,-0.00014971253,-0.00062726735,-0.0010666873,-0.0013636668,-0.0015039198,-0.0013721414,-0.0010800638,-0.00076587783,-0.00039821095,-5.0350307e-05,0.00023439009,0,0,0,0.00059569458,0.00058635743,0.00057910313,0.00054470054,0.00049337343,0.00045569352,0.00040686742,0.00035075328,0.00029490993,0.00024241681,0.00019102181,0.00013617087,9.3356648e-05,5.9146609e-05,2.5989557e-05,4.9418863e-06,-5.3066942e-06,-1.1142547e-05,-6.3126345e-06,8.0144682e-06,2.7456064e-05,4.8040351e-05,7.0078233e-05,9.4162111e-05,0.00011959481,0.00014632857,0.00017497326,0.00021899764,0.00027029667,0.0003124708,0.00034529218,0,0,0
1.42872,-0.0037819231,-0.0044190609,-0.0050656754,-0.0058140755,-0.0065960265,-0.007360281,-0.0082257092,-0.0090455087,-0.0097910166,-0.010598813,-0.011194155,-0.01164824,-0.012128098,-0.012496687,0,0,0,-0.013131959,-0.013329637,-0.013654056,-0.013937433,-0.014881605,-0.016269617,-0.017747138,-0.020080788,-0.022779381,-0.025453495,-0.028761823,-0.031756509,-0.033844121,-0.035497468,-0.03538746,-0.032633036,-0.025173793,-0.018264174,-0.010964871,-0.0013511892,0.0048920815,0.0090889139,0.010542798,0.010499239,0.010289764,0.0081668468,0.0057006595,0.0044965381,0.0029005688,0.0013529295,0.00042687132,0,0,0,0,-0.001440353,-0.001425175,-0.001251925,-0.0010658469,-0.0008934153,-0.00068824115,-0.00047976599,-0.00028065906,-6.6423767e-05,0.00013843259,0.00033300152,0.00052415353,0.00068703969,0.00081906799,0.00090202206,0.00094176276,0.00093020097,0.00079922902,0.00061228225,0.000332867,-6.1986793e-05,-0.00045735587,-0.00079206622,-0.00099141418,-0.0011050473,-0.0011342018,-0.00090468442,-0.00063799153,-0.00036730288,-9.2705341e-05,0.00012662083,0,0,0,0.00049955468,0.00049461034,0.00049343985,0.00048585361,0.00044550022,0.0004140604,0.00037902364,0.00033133704,0.00027932311,0.00022378001,0.00017642802,0.00012711572,7.6822944e-05,4.5232337e-05,1.6369244e-05,-1.0246485e-05,-1.8137816e-05,-2.0014508e-05,-1.6419981e-05,-6.8732231e-07,2.0465752e-05,4.6695477e-05,6.9214366e-05,9.4144663e-05,0.00012196989,0.00015561131,0.0001911904,0.00023036812,0.0002868413,0.00033357478,0.00037399723,0,0,0
1.4728600000000001,-0.0032941683,-0.0038697985,-0.0044517489,-0.0050125183,-0.0057156896,-0.006397787,-0.0070386129,-0.0077542765,-0.008394843,-0.0090196347,-0.0096344939,-0.010149336,-0.010592659,-0.01100276,0,0,0,-0.011898291,-0.012308107,-0.013144128,-0.014004609,-0.014971222,-0.016781207,-0.018718122,-0.020671232,-0.024012277,-0.02738829,-0.03073214,-0.035190098,-0.038296305,-0.039948266,-0.039837681,-0.036551859,-0.029633863,-0.020789858,-0.011408775,-0.0012400509,0.0073527149,0.012388194,0.014046694,0.012747792,0.012222021,0.010523682,0.0072608115,0.0055659176,0.0037874139,0.0019707782,0.00078348914,0,0,0,0,-0.0011682678,-0.0011648261,-0.0010902085,-0.00093271269,-0.00077339268,-0.00060370227,-0.00040189529,-0.00020799786,-1.6673113e-05,0.00017524822,0.00033968556,0.00049381657,0.00062488246,0.00073147618,0.00081384496,0.0008372055,0.00080259785,0.00071680197,0.00052337442,0.00029413792,3.4397737e-05,-0.00026205974,-0.00053042249,-0.00073360029,-0.00080496451,-0.00080715114,-0.00068939594,-0.00047575953,-0.00029814205,-0.00012392351,3.833049e-05,0,0,0,0.00038811105,0.00041331194,0.0004186857,0.00042182705,0.00040855401,0.00038147651,0.00035374772,0.00030926309,0.0002610643,0.00021337321,0.00015665294,0.00011180943,6.5673179e-05,2.3809111e-05,-8.9472735e-07,-2.2828161e-05,-3.6790054e-05,-3.542396e-05,-2.8384811e-05,-1.2850644e-05,1.1091238e-05,3.9478342e-05,6.959233e-05,9.6028365e-05,0.0001251202,0.00015928279,0.00019939958,0.00024294581,0.0002944172,0.0003528079,0.00039931937,0,0,0
1.5169999999999999,0,0,0,0,0,0,0,0,0,0,0,0,0,0,0,0,0,0,0,0,0,0,0,0,0,0,0,0,0,0,0,0,0,0,0,0,0,0,0,0,0,0,0,0,0,0,0,0,0,0,0,0,0,0,0,0,0,0,0,0,0,0,0,0,0,0,0,0,0,0,0,0,0,0,0,0,0,0,0,0,0,0,0,0,0,0,0,0,0,0,0,0,0,0,0,0,0,0,0,0,0,0,0,0,0,0,0,0,0,0,0,0,0,0,0,0,0,0,0,0
1.5611299999999999,-0.0025629643,-0.0029329753,-0.0033817573,-0.0038525134,-0.0042903363,-0.0048051723,-0.0053408667,-0.0057959771,-0.0063034738,-0.0068051214,-0.0072139152,-0.0076459823,-0.0081147132,-0.0085500618,0,0,0,-0.010538827,-0.011265683,-0.012060639,-0.01346692,-0.015086015,-0.016840847,-0.019772878,-0.022876939,-0.025940696,-0.030794304,-0.03563311,-0.039310642,-0.044223208,-0.046975199,-0.047716171,-0.043157086,-0.033173744,-0.024468396,-0.010942857,0.0022886537,0.011644539,0.017272174,0.018991398,0.016831787,0.014918264,0.012300758,0.0092948517,0.0065493463,0.0046365,0.0028899778,0.0013702295,0,0,0,0,-0.00092018425,-0.0008977137,-0.00081612164,-0.00071926462,-0.00058430154,-0.00043843719,-0.00030073154,-0.0001443701,1.269414e-05,0.00015747552,0.00029869156,0.0004321594,0.00054564851,0.00061600562,0.00066881103,0.00070512021,0.00066621922,0.00059327134,0.00049964286,0.00033212098,0.00013659435,-4.2619511e-05,-0.0002054994,-0.00033740475,-0.00043753456,-0.00044716903,-0.00041041244,-0.00034821939,-0.00023392231,-0.00012019135,-2.8659988e-05,0,0,0,0.0002510896,0.00028287777,0.00032010418,0.00033612741,0.0003340882,0.00031456607,0.00030171336,0.00026568142,0.00020751213,0.00016281476,0.00011261705,5.1686133e-05,1.268396e-05,-2.1814196e-05,-5.4374686e-05,-6.8146757e-05,-7.4835822e-05,-7.5914839e-05,-6.182443e-05,-3.9212915e-05,-8.5527408e-06,2.1727918e-05,5.6048168e-05,9.3611612e-05,0.00012763902,0.00016613927,0.00020539116,0.00026384473,0.00032627102,0.00038680804,0.0004420749,0,0,0
1.60527,-0.0022421649,-0.0025781665,-0.0029196728,-0.0033548495,-0.0037536209,-0.0041445629,-0.0046237023,-0.0050421865,-0.0054424587,-0.0059380224,-0.0063928245,-0.006765848,-0.0072329235,-0.0076824506,0,0,0,-0.0097529488,-0.010765586,-0.011875621,-0.013136989,-0.015044963,-0.017097784,-0.019440345,-0.023195717,-0.026806058,-0.030677861,-0.036949538,-0.041680831,-0.045263298,-0.049339905,-0.05069977,-0.047936514,-0.036710586,-0.024548328,-0.013131218,0.0029951381,0.013948622,0.01917609,0.020585231,0.018428344,0.016540598,0.01345143,0.009876688,0.0068010967,0.0046096183,0.0027942448,0.0013587031,0,0,0,0,-0.00081568171,-0.00083915505,-0.00075984211,-0.00066531438,-0.00055320741,-0.00040400517,-0.00026469945,-0.0001268624,2.6071581e-05,0.00015889318,0.0002771515,0.00039332293,0.00049940898,0.00057110604,0.00061395409,0.00063978869,0.0006264078,0.00054960663,0.00046174382,0.00035234669,0.00019261891,3.9749586e-05,-0.00010078926,-0.0002081227,-0.00028413255,-0.00031915866,-0.00029065879,-0.00025672483,-0.00020676368,-0.00012834942,-5.1054831e-05,0,0,0,0.00020929232,0.00023560658,0.00026213619,0.00029943694,0.0002995354,0.00028200535,0.00026709339,0.00023725258,0.00018579853,0.00012497041,7.9157551e-05,2.5585803e-05,-2.5250365e-05,-5.4503413e-05,-8.0845792e-05,-9.9440229e-05,-0.00010241903,-9.875949e-05,-8.6595355e-05,-5.9095222e-05,-2.3556029e-05,1.4339008e-05,4.885389e-05,8.6132459e-05,0.00012455363,0.00016610369,0.00020991874,0.00026014764,0.0003346742,0.00041081125,0.00047119282,0,0,0
1.64941,-0.0019465871,-0.0022535061,-0.0025616637,-0.002901359,-0.0032672593,-0.0036259838,-0.0040133852,-0.0044303127,-0.0048038065,-0.0052011828,-0.0056451522,-0.0059976988,-0.006376741,-0.0068466412,0,0,0,-0.0093422895,-0.010240947,-0.011512303,-0.012910354,-0.014596138,-0.016959738,-0.019527843,-0.022875145,-0.027144285,-0.031308621,-0.036868233,-0.04278085,-0.046829663,-0.050231062,-0.051626086,-0.048115503,-0.037109267,-0.021154618,-0.0098596988,0.0033518455,0.015524869,0.02146334,0.02312842,0.019646661,0.016131513,0.013132752,0.0094025275,0.0062820651,0.0043997518,0.002665482,0.0013190956,0,0,0,0,-0.00079411932,-0.00080005347,-0.00072934554,-0.00062319607,-0.00050785334,-0.000374011,-0.00024343877,-0.00012164998,7.9743395e-06,0.0001409964,0.0002540655,0.00036168445,0.00046018118,0.00053181621,0.00057325524,0.00058843818,0.00058185688,0.00052840414,0.00044603483,0.00035419516,0.00022761733,9.6596559e-05,-2.2330147e-05,-0.00011507845,-0.00017967139,-0.00022648339,-0.00023416783,-0.00020749719,-0.00017185631,-0.00011858642,-5.6476885e-05,0,0,0,0.0001598677,0.00019745441,0.00021365567,0.00025671424,0.00026934201,0.00025499149,0.00023686483,0.00020122452,0.00015179074,8.7205626e-05,3.1326977e-05,-1.5686453e-05,-6.3608226e-05,-9.7793854e-05,-0.00011951911,-0.00013424334,-0.00013381627,-0.00012259027,-0.00010417237,-7.6854201e-05,-3.9684768e-05,2.3818238e-06,4.1564108e-05,7.8618199e-05,0.00011757138,0.00016299282,0.00021624664,0.00026828636,0.00034085856,0.0004256134,0.00048859796,0,0,0
1.69354,-0.0017029797,-0.0019612305,-0.0022426667,-0.0025253005,-0.0028464734,-0.0031763238,-0.0034990076,-0.0038662716,-0.004212501,-0.0045425403,-0.0049544177,-0.0053534629,-0.005737775,-0.0062327599,0,0,0,-0.0088434275,-0.0096580526,-0.010970796,-0.012567282,-0.014132519,-0.016524926,-0.019402843,-0.02233888,-0.0266359,-0.031402487,-0.035974823,-0.041869894,-0.046475261,-0.048338983,-0.048789568,-0.045592248,-0.037741672,-0.020492511,-0.0077800369,0.0038264375,0.015389347,0.020890325,0.022218704,0.019016135,0.014900876,0.012558853,0.0091147115,0.0059659984,0.004079422,0.0023992085,0.001116412,0,0,0,0,-0.00081304845,-0.00078494119,-0.00071576395,-0.00061047665,-0.00049841241,-0.00038140634,-0.00024858082,-0.0001262428,-5.2425744e-06,0.00012533614,0.0002362716,0.00033571286,0.00042285142,0.0004876772,0.00053195975,0.00054597447,0.00054013846,0.00050298858,0.00042925446,0.00034271806,0.00024504089,0.00013807959,3.8993003e-05,-5.023208e-05,-0.00010888248,-0.0001476036,-0.0001701751,-0.00015409684,-0.00012739823,-0.00010316508,-6.5505345e-05,0,0,0,0.00011469983,0.00016521067,0.00018262964,0.00021763047,0.00023561239,0.00022020443,0.00019424534,0.0001512544,0.00010303432,4.3823289e-05,-2.4476851e-05,-7.1306938e-05,-0.00011066811,-0.00014284502,-0.000158136,-0.00016561461,-0.0001645086,-0.00015035551,-0.00012814045,-9.7408505e-05,-5.9050319e-05,-1.4453815e-05,3.3413995e-05,7.2158684e-05,0.00011224033,0.00015481537,0.00021496961,0.00027288561,0.00033322646,0.00042559986,0.00050698081,0,0,0
1.7376799999999999,-0.0015051176,-0.0017008696,-0.0019569467,-0.0022135207,-0.0024624234,-0.0027636413,-0.003057481,-0.003362196,-0.0037093281,-0.0040523801,-0.0043975222,-0.0048083104,-0.0051971991,-0.0055970452,0,0,0,-0.0083218366,-0.0092957076,-0.010349386,-0.012078976,-0.013851567,-0.015660796,-0.018828519,-0.022147503,-0.02496654,-0.029971825,-0.034598108,-0.0383269,-0.04433487,-0.047296654,-0.047242247,-0.044176258,-0.035455663,-0.021073813,-0.0056049996,0.0061536767,0.014960965,0.020173559,0.021344293,0.019539416,0.014476649,0.011537828,0.0084689017,0.0052943463,0.0033038293,0.0018637135,0.0007562231,0,0,0,0,-0.00087108125,-0.00081407034,-0.00072571146,-0.00062744226,-0.00050670165,-0.00038246374,-0.00025589389,-0.0001325514,-1.3901367e-05,0.00010314727,0.00020997763,0.00030397542,0.00038883672,0.00045141834,0.00049015577,0.00051381718,0.00050559157,0.00046706057,0.00041541303,0.00034042174,0.00025655952,0.0001674024,8.2985913e-05,9.1848206e-06,-5.1755778e-05,-8.5045533e-05,-0.0001109582,-0.00012618034,-0.00011645846,-9.8522323e-05,-7.2781731e-05,0,0,0,8.0860525e-05,0.00012236099,0.00015441873,0.00017685247,0.00019299844,0.00018080721,0.00015042507,0.00011102945,4.5231202e-05,-9.5456226e-06,-6.9926493e-05,-0.0001274493,-0.00016080118,-0.00018691512,-0.00020222897,-0.00020692508,-0.0002023101,-0.00018528561,-0.00015547588,-0.00011798249,-7.3134295e-05,-2.874715e-05,1.8100156e-05,6.4382133e-05,0.00010499425,0.00014829575,0.00020135166,0.00027186214,0.00034307744,0.00042624693,0.00052450789,0,0,0
1.78182,-0.0013256879,-0.0015034409,-0.001699495,-0.0019318897,-0.0021660747,-0.0024096696,-0.0026951912,-0.0029803144,-0.0032662845,-0.0035957971,-0.0039241905,-0.0042723026,-0.0046745059,-0.0051088799,0,0,0,-0.0077564181,-0.0088352226,-0.0099406298,-0.011396368,-0.01331733,-0.015091112,-0.017500827,-0.020933827,-0.023895044,-0.02770384,-0.032780707,-0.036790341,-0.041088887,-0.043912344,-0.04226223,-0.037374306,-0.027778495,-0.015537199,-0.0031854152,0.0084314747,0.016739545,0.021048134,0.020245843,0.01752428,0.012939155,0.0095897503,0.0068328902,0.0043525463,0.0024924376,0.0011850921,0.00026667261,0,0,0,0,-0.00092840724,-0.00087452692,-0.0007593389,-0.00063845393,-0.00052467885,-0.0003934585,-0.0002634777,-0.00014895112,-3.0035138e-05,8.5042571e-05,0.00018861935,0.00027846199,0.00036020402,0.00042203825,0.00044973876,0.00046795479,0.00046679412,0.00043401847,0.00038915197,0.00033061893,0.00025885549,0.00018085324,0.00011053187,4.9020062e-05,-1.0573071e-05,-5.3067928e-05,-7.7424032e-05,-9.6158161e-05,-0.00010072957,-8.9402667e-05,-6.9954425e-05,0,0,0,5.2202344e-05,8.7725253e-05,0.00011926154,0.00014336412,0.00015860249,0.00014411443,0.00010374806,6.1379265e-05,-7.1176751e-06,-7.3598596e-05,-0.00013002938,-0.00018596892,-0.00022462997,-0.00024690249,-0.00025544537,-0.00024860533,-0.00023559616,-0.00021074823,-0.0001778319,-0.00013867105,-9.054377e-05,-4.2080963e-05,3.9831752e-06,5.1906238e-05,9.6430078e-05,0.00014341899,0.00019589707,0.00026576954,0.00034493647,0.00042363265,0.00052331266,0,0,0
1.82595,-0.0011650503,-0.0013293562,-0.001493155,-0.0016932294,-0.0019110087,-0.0021132806,-0.0023588079,-0.0026240763,-0.0028705269,-0.0031742267,-0.0035146866,-0.0038531413,-0.0042464049,-0.0046921121,0,0,0,-0.0072094472,-0.0082605565,-0.0094080577,-0.01061505,-0.01243099,-0.014303274,-0.016240159,-0.019423213,-0.022755649,-0.025661206,-0.029604273,-0.033130094,-0.034437645,-0.036069229,-0.034916174,-0.03139301,-0.022379464,-0.010532238,-3.5304278e-05,0.0093680155,0.015639698,0.018383058,0.017324027,0.014571428,0.01125675,0.0079765851,0.0053013987,0.0032135735,0.0016853932,0.00055919855,-0.00021521682,0,0,0,0,-0.0010199153,-0.00094926986,-0.00080915733,-0.00065727136,-0.00054831721,-0.00041541341,-0.00027940667,-0.00016420642,-4.7140678e-05,6.8286536e-05,0.00016911727,0.00024873618,0.00031924163,0.00038082045,0.00040829924,0.00042288759,0.00042876042,0.00040336416,0.00036039468,0.00031511672,0.00025891096,0.00019225392,0.00012930097,7.4945994e-05,2.2845126e-05,-2.3235445e-05,-4.8005662e-05,-6.5945489e-05,-8.6221917e-05,-8.8388828e-05,-7.9732861e-05,0,0,0,2.9198025e-05,6.4284664e-05,8.9355388e-05,0.0001100331,0.00012090451,9.966638e-05,5.1207786e-05,3.857059e-07,-6.6882138e-05,-0.00014766653,-0.00020672781,-0.00025532511,-0.00028434937,-0.00029615618,-0.00029885079,-0.00028445601,-0.00026905592,-0.00024301837,-0.00020464836,-0.00016334293,-0.00011248842,-5.4932396e-05,-8.7360504e-06,3.7742866e-05,8.3319916e-05,0.00013331178,0.00018926196,0.00024659181,0.00033276397,0.00042009164,0.00050088763,0,0,0
