"",-3.9640599999999999,-3.8979599999999999,-3.8318599999999998,-3.7657699999999998,-3.6996699999999998,-3.6335700000000002,-3.5674700000000001,-3.5013800000000002,-3.4352800000000001,-3.3691800000000001,-3.3030900000000001,-3.23699,-3.17089,-3.1047899999999999,-3.0387,-2.9725999999999999,-2.9064999999999999,-2.8404099999999999,-2.7743099999999998,-2.7082099999999998,-2.6421100000000002,-2.5760200000000002,-2.5099200000000002,-2.4438200000000001,-2.3777300000000001,-2.3116300000000001,-2.24553,-2.17943,-2.11334,-2.0472399999999999,-1.9811399999999999,-1.9150499999999999,-1.8489500000000001,-1.78285,-1.71675,-1.65066,-1.58456,-1.5184599999999999,-1.4523699999999999,-1.3862699999999999,-1.3201700000000001,-1.2540800000000001,-1.18798,-1.12188,-1.0557799999999999,-0.98968999999999996,-0.92359000000000002,-0.85748999999999997,-0.79139999999999999,-0.72529999999999994,-0.65920000000000001,-0.59309999999999996,-0.52700999999999998,-0.46090999999999999,-0.39480999999999999,-0.32872000000000001,-0.26262000000000002,-0.19652,-0.13042000000000001,-0.064329999999999998,0.0017700000000000001,0.06787,0.13396,0.20005999999999999,0.26616000000000001,0.33226,0.39834999999999998,0.46444999999999997,0.53054999999999997,0.59663999999999995,0.66274,0.72884000000000004,0.79493000000000003,0.86102999999999996,0.92713000000000001,0.99322999999999995,1.05932,1.1254200000000001,1.1915199999999999,1.2576099999999999,1.3237099999999999,1.38981,1.45591,1.522,1.5881000000000001,1.6541999999999999,1.7202900000000001,1.7863899999999999,1.85249,1.91859,1.98468,2.05078,2.1168800000000001,2.1829700000000001,2.2490700000000001,2.3151700000000002,2.3812700000000002,2.4473600000000002,2.5134599999999998,2.5795599999999999,2.6456499999999998,2.7117499999999999,2.7778499999999999,2.8439399999999999,2.91004,2.97614,3.0422400000000001,3.10833,3.1744300000000001,3.2405300000000001,3.3066200000000001,3.3727200000000002,3.4388200000000002,3.5049199999999998,3.5710099999999998,3.6371099999999998,3.7032099999999999,3.7692999999999999,3.8353999999999999,3.9015
-1.66086,-0.00016413805,-8.1144732e-05,5.7473491e-05,0.00022897411,0.00046678973,0.00080768613,0.0012442946,0.001802617,0.0024777567,0.0032247624,0.0040863897,0.0050549796,0.0059930817,0.0069351383,0,0,0,0.011147922,0.011791955,0.011859016,0.011628052,0.011242324,0.010426302,0.0095093176,0.008407197,0.0070921713,0.005677464,0.004229222,0.0028258688,0.0016351015,0.00053635327,-0.00036857059,-0.00096164463,-0.0012735144,-0.0013393251,-0.0011446509,-0.00041338909,0.00044788086,0.0013753992,0.0028473914,0.0042356593,0.00524492,0.0061488585,0.0068726931,0.0070705069,0.0067271492,0.0063005756,0.0058264085,0,0,0,0,0.0032250669,0.0031596117,0.0029088759,0.0027102756,0.0025668347,0.0022971823,0.0020757935,0.0018678119,0.0016071171,0.0014033065,0.0012163888,0.00098870322,0.00081072701,0.0006510992,0.00047049377,0.00032433978,0.00019561857,6.3994179e-05,-6.7596309e-05,-0.00017805115,-0.00027555996,-0.00037156531,-0.00044846677,-0.00050591648,-0.0005476154,-0.00057903701,-0.00059674541,-0.00061516033,-0.00061641814,-0.00061172899,-0.0006107653,0,0,0,-0.00049125962,-0.00043904359,-0.00037813047,-0.00031402864,-0.00025448954,-0.00018946677,-0.00012773504,-7.3776631e-05,-2.6013469e-05,1.0783616e-05,3.5443118e-05,4.8174956e-05,5.1840667e-05,4.7911439e-05,4.2392887e-05,3.7845952e-05,2.7097763e-05,2.1624446e-05,2.3595618e-05,2.6812348e-05,3.6950743e-05,4.7964735e-05,5.630574e-05,6.3049018e-05,5.9649017e-05,2.8040424e-05,-3.6132249e-05,-0.00013586732,-0.00029944823,-0.00058368366,-0.0009822289,0,0,0
-1.6167199999999999,-0.00019483233,-0.00012150877,4.2972279e-05,0.00026582688,0.00054400892,0.0009562737,0.0014633469,0.0020582129,0.0028248299,0.0036674242,0.0046180356,0.0059902938,0.0074145314,0.008892999,0,0,0,0.013620064,0.014236973,0.014551807,0.014540149,0.014204384,0.013509064,0.012184816,0.010672593,0.0090357186,0.0072917696,0.0055374266,0.0038126186,0.0023700912,0.0010814113,-7.6192933e-05,-0.00081395992,-0.0011687925,-0.0013223349,-0.00117861,-0.00041507548,0.0005793923,0.001579268,0.0030037495,0.0047137327,0.0058968337,0.0068615335,0.0079273758,0.0084148645,0.0083311656,0.0075281258,0.0070425402,0,0,0,0,0.0035153364,0.0034347959,0.0031817635,0.0027287267,0.0025616072,0.0023252112,0.0020027494,0.0018213633,0.001591161,0.0013277096,0.0011579319,0.00095682556,0.00075621763,0.00061892037,0.00046785039,0.0003038526,0.00018029501,6.0301918e-05,-7.9836238e-05,-0.00018590434,-0.00027572399,-0.0003590509,-0.00042430931,-0.00047461898,-0.00051330781,-0.00054577179,-0.00056719739,-0.00058153539,-0.00058907364,-0.00058601238,-0.00057667191,0,0,0,-0.00045880009,-0.00040924057,-0.00035852086,-0.00029812928,-0.00023539652,-0.00017540473,-0.00011411526,-6.3085725e-05,-2.2727791e-05,7.2572693e-06,2.5326039e-05,3.5743844e-05,3.5268742e-05,1.7855427e-05,-2.8316656e-06,-1.2922228e-05,-2.3069202e-05,-3.2808948e-05,-2.5653e-05,-1.8609138e-05,-1.2015799e-05,-2.1298119e-07,1.1081916e-06,-6.7650412e-06,-2.7721037e-05,-7.1656163e-05,-0.00014000012,-0.00025741124,-0.00043763401,-0.00069512415,-0.0011225846,0,0,0
-1.5725800000000001,-0.00022747375,-0.00012859015,3.2257241e-05,0.00029312837,0.00061336614,0.0010232959,0.001595117,0.0023037989,0.0032660612,0.0044577792,0.005820821,0.0073748953,0.0090288613,0.010678809,0,0,0,0.017086932,0.018146576,0.018672535,0.018625962,0.017875262,0.016808655,0.015275336,0.013318917,0.011348065,0.0093171885,0.0072050984,0.0051122229,0.0032560367,0.0017545965,0.00041189624,-0.00064419635,-0.0010592089,-0.0012590105,-0.0011892992,-0.00047900889,0.00056640961,0.001728433,0.0030987225,0.0049813199,0.0065772058,0.0075915926,0.0087828552,0.009267604,0.0092185624,0.0087171765,0.0078789294,0,0,0,0,0.0041238288,0.0035290949,0.0032513079,0.002857679,0.0024936411,0.0022890703,0.0020081743,0.0017324773,0.0015321056,0.0013106102,0.0011044168,0.00093663257,0.00075169076,0.00058479782,0.00044847379,0.00029319074,0.00015456068,4.7325408e-05,-6.9726811e-05,-0.00017283246,-0.00025210198,-0.00032757715,-0.00039460053,-0.0004430546,-0.00048104586,-0.00051020313,-0.00052976748,-0.00054269022,-0.00054525613,-0.0005410554,-0.00053313019,0,0,0,-0.00042633261,-0.00037406295,-0.00031974909,-0.00026191922,-0.00020103896,-0.00014487801,-9.2470866e-05,-4.7114714e-05,-1.1066656e-05,1.3681693e-05,1.8669667e-05,1.2236593e-05,-1.987705e-06,-2.4655274e-05,-5.3023927e-05,-6.7863708e-05,-7.3553943e-05,-8.1816077e-05,-8.2673287e-05,-7.4135365e-05,-6.8078138e-05,-6.4864158e-05,-6.5755317e-05,-7.792806e-05,-0.00010484221,-0.00015710147,-0.000233236,-0.00035342167,-0.00054545479,-0.00080640899,-0.0011895915,0,0,0
-1.5284500000000001,-0.00027505381,-0.00015840278,6.845903e-06,0.00027252268,0.00065719051,0.0011537059,0.0018620522,0.002781746,0.0038752351,0.0052070157,0.0067686746,0.008515982,0.010402687,0.012753425,0,0,0,0.021529196,0.022667158,0.023036724,0.022843516,0.021959729,0.020921258,0.019255064,0.017028492,0.014454331,0.011851312,0.0092593962,0.0067341747,0.004412171,0.0025743642,0.00099070941,-0.00035736457,-0.00096819556,-0.0012087406,-0.0011924856,-0.00058929768,0.00051469682,0.0017898837,0.0031147748,0.0050741867,0.006758722,0.0078822039,0.0091554048,0.0098886257,0.010001787,0.0097663049,0.0090365009,0,0,0,0,0.0044227173,0.0036884712,0.0032547775,0.0029130371,0.0024830638,0.0022022522,0.0019669537,0.001688276,0.0014713012,0.0012761878,0.0010628864,0.000888273,0.00071943109,0.0005488412,0.0004217558,0.00028840316,0.00015841187,5.248237e-05,-5.2140454e-05,-0.00015549811,-0.00023477623,-0.00030172491,-0.0003655476,-0.0004084855,-0.00044173186,-0.00046695044,-0.00048437595,-0.00049728813,-0.00050217408,-0.00049727346,-0.00049017183,0,0,0,-0.00037449898,-0.00032658895,-0.00027412488,-0.00022270167,-0.00016718452,-0.00011360753,-6.2853615e-05,-2.1435708e-05,7.2955745e-06,2.4597392e-05,1.8938068e-05,-1.7767768e-06,-2.6518212e-05,-5.5521043e-05,-9.1544498e-05,-0.00013605185,-0.00015499844,-0.00016083139,-0.00016321785,-0.00014643763,-0.00013098336,-0.0001269908,-0.00012948179,-0.00014360037,-0.00017469087,-0.00023407325,-0.00032213613,-0.00043991863,-0.0006303991,-0.00090113789,-0.0012463521,0,0,0
-1.48431,-0.00033753057,-0.00020412635,-8.0861209e-06,0.00027964142,0.00073583709,0.001311412,0.0020391445,0.0030769121,0.0043164282,0.0057705482,0.0079280315,0.010439942,0.013276041,0.016030326,0,0,0,0.025786035,0.027629137,0.028769819,0.028814256,0.028320352,0.026565686,0.024160331,0.021424172,0.018155662,0.014888626,0.011722449,0.0086848065,0.0058233747,0.0034812985,0.001648408,9.8177894e-05,-0.00086011086,-0.0011649594,-0.0011904753,-0.00076063228,0.00036565366,0.0016188611,0.0029767789,0.0049644816,0.0067514898,0.0081898477,0.0094944928,0.010579281,0.010504705,0.010186017,0.0096695609,0,0,0,0,0.004607914,0.0039541451,0.0031689447,0.0028606912,0.0024892276,0.0020789902,0.0018792603,0.0016430677,0.0013717629,0.0011986024,0.0010158023,0.00083157298,0.00069026882,0.00054675259,0.00040330912,0.00028347175,0.00016278694,4.7860372e-05,-4.5170658e-05,-0.00013747101,-0.00021562206,-0.00027021937,-0.00032575775,-0.00036937126,-0.0004000745,-0.00042442346,-0.00044026505,-0.00045171546,-0.00045759269,-0.00044973445,-0.00043777164,0,0,0,-0.00032396632,-0.00028276714,-0.00023150057,-0.00017704,-0.00012276262,-6.7155226e-05,-1.8598423e-05,2.1011158e-05,3.91494e-05,4.6839039e-05,4.0290663e-05,2.505114e-06,-5.9426195e-05,-0.00013461265,-0.00019673051,-0.00024463562,-0.00027966895,-0.00026106279,-0.00024573039,-0.00023064403,-0.00020039428,-0.0001838132,-0.00018665149,-0.00020375536,-0.00024076187,-0.00030161478,-0.00039706079,-0.00052424922,-0.00069403247,-0.00095939316,-0.0012795109,0,0,0
-1.44017,-0.00038598955,-0.00026264664,-4.508048e-05,0.00028421482,0.0007234845,0.0013697767,0.0022275227,0.0034446535,0.0051476657,0.0071826139,0.0095630363,0.012470859,0.015725896,0.018902747,0,0,0,0.032839186,0.035169799,0.036717519,0.036058057,0.034880809,0.032962646,0.029789507,0.026490383,0.022765037,0.01870192,0.014807005,0.011034806,0.0076027256,0.0048114243,0.0024530382,0.00066421123,-0.00058840855,-0.00116238,-0.0012491083,-0.00099355588,0.00015109422,0.0014288778,0.0027945139,0.0048768255,0.0067706737,0.0081177428,0.0093017751,0.010430316,0.010619159,0.010113524,0.0099019725,0,0,0,0,0.0045051095,0.0039134226,0.003268068,0.0026966389,0.0023907127,0.0020438887,0.0017321307,0.0015422801,0.0013313333,0.0011265107,0.00097713433,0.00081784639,0.00065306929,0.00052263431,0.00039202525,0.00026465845,0.00015943158,6.0221064e-05,-2.8915749e-05,-0.00011078558,-0.00018330601,-0.00024199988,-0.00029041377,-0.00033052059,-0.00036033671,-0.00038117229,-0.00039495828,-0.00040288799,-0.00040718261,-0.00039954018,-0.00038697518,0,0,0,-0.00027277303,-0.00022945949,-0.0001772351,-0.00012201235,-6.8401081e-05,-1.6373217e-05,2.8452321e-05,6.5055465e-05,8.3818537e-05,7.2288305e-05,3.6136811e-05,-3.6037847e-05,-0.00011628419,-0.00021253648,-0.00030032053,-0.00034685072,-0.00038105957,-0.00038404425,-0.00034499384,-0.00030767304,-0.0002705635,-0.00024064984,-0.00023806158,-0.00025714273,-0.0002983762,-0.00036293274,-0.00045263561,-0.00057599688,-0.00072995323,-0.00094961433,-0.0012519539,0,0,0
-1.3960399999999999,-0.00044981317,-0.00032307251,-0.00011290065,0.00025544292,0.00075913704,0.0015133461,0.0025913871,0.0039667739,0.0058216173,0.0081833545,0.010834479,0.014003391,0.018508166,0.023310568,0,0,0,0.040731393,0.042861786,0.044536069,0.044075105,0.043089293,0.041145593,0.037682965,0.033188619,0.028379377,0.023314772,0.018576456,0.013980015,0.0097879032,0.0063487147,0.003443605,0.0011995304,-0.00033358639,-0.001086777,-0.0013213123,-0.0011604495,-9.526682e-05,0.0012122464,0.0025072349,0.0043440419,0.0063197305,0.007711207,0.0087416423,0.010156061,0.010598909,0.010166822,0.0097729741,0,0,0,0,0.0044617997,0.0036972673,0.0031688514,0.0025724897,0.0022091109,0.0019425618,0.001644511,0.0014390458,0.0012672436,0.0010615408,0.00090470508,0.00076666445,0.00060994853,0.00048935896,0.00038117458,0.00026750058,0.00016426123,7.3147909e-05,-1.3684819e-05,-9.2961178e-05,-0.0001585929,-0.00021521689,-0.00025753959,-0.00029174055,-0.0003190045,-0.00033796078,-0.00034971198,-0.00035684221,-0.00035870686,-0.00035149758,-0.00033884306,0,0,0,-0.00021991003,-0.00017593142,-0.00012615952,-7.2033443e-05,-1.8249995e-05,3.7801812e-05,8.4667634e-05,0.00011631801,0.00013583053,0.00011527566,5.6567234e-05,-3.1357697e-05,-0.00013169245,-0.00024543898,-0.00040492899,-0.00048971805,-0.00051363715,-0.00053511391,-0.00047844744,-0.00040469336,-0.00035022947,-0.00030607509,-0.00029123493,-0.00029531063,-0.00033283589,-0.00039628954,-0.00048275685,-0.0006046379,-0.00075974182,-0.00095344626,-0.0012296037,0,0,0
-1.3519000000000001,0,0,0,0,0,0,0,0,0,0,0,0,0,0,0,0,0,0,0,0,0,0,0,0,0,0,0,0,0,0,0,0,0,0,0,0,0,0,0,0,0,0,0,0,0,0,0,0,0,0,0,0,0,0,0,0,0,0,0,0,0,0,0,0,0,0,0,0,0,0,0,0,0,0,0,0,0,0,0,0,0,0,0,0,0,0,0,0,0,0,0,0,0,0,0,0,0,0,0,0,0,0,0,0,0,0,0,0,0,0,0,0,0,0,0,0,0,0,0,0
-1.30776,-0.0006459062,-0.00048917485,-0.00027401824,7.7405231e-05,0.00073148019,0.0015981739,0.0028497628,0.0049383957,0.0075431722,0.010851839,0.015250215,0.020262647,0.0260321,0.032559946,0,0,0,0.063239783,0.067840092,0.06966342,0.069801688,0.067407794,0.062417906,0.057353377,0.050920404,0.043250449,0.035422776,0.028176054,0.021579258,0.015398296,0.010097528,0.0063000489,0.0029294128,0.00032455605,-0.00082052278,-0.0014319387,-0.0015596946,-0.00090119406,0.00037461956,0.0017586986,0.0030469163,0.0051361904,0.0067292931,0.0075830123,0.0086817062,0.0092734713,0.0091416631,0.0085194008,0,0,0,0,0.0040647849,0.0032685217,0.0025753572,0.0022244609,0.0018475374,0.0015344452,0.0013653708,0.0011921817,0.0010388667,0.00091949245,0.00078444858,0.00066139025,0.00055961823,0.00044283204,0.00033704197,0.00025523605,0.00016438939,8.2313367e-05,1.5809032e-05,-5.1725248e-05,-0.00011157644,-0.00015481657,-0.00019276478,-0.00022373436,-0.00024307489,-0.00025855296,-0.00026716257,-0.00026890554,-0.00026799683,-0.00026065687,-0.00024331309,0,0,0,-0.00012482307,-7.9233199e-05,-2.2933526e-05,3.6074769e-05,9.6134878e-05,0.00015497769,0.00021637105,0.00025764306,0.00024733366,0.00023012601,0.00015754036,-2.1975018e-05,-0.00023307154,-0.00040651805,-0.00058336713,-0.00079751114,-0.0008368842,-0.00073357427,-0.00065586256,-0.00054737611,-0.00039992493,-0.00031258486,-0.00028790059,-0.00030264843,-0.00035178807,-0.00042417538,-0.00050854991,-0.00061243633,-0.00073909241,-0.00088924612,-0.0010662652,0,0,0
-1.26362,-0.00074601232,-0.00060118007,-0.00037734123,-4.3282285e-05,0.0006674435,0.0017385002,0.0031130984,0.005300893,0.0083101857,0.011917615,0.016590904,0.023481412,0.031624027,0.041253276,0,0,0,0.076793753,0.08188922,0.084758177,0.086564414,0.084654756,0.079254717,0.071417056,0.062791131,0.053295143,0.043527886,0.034469042,0.026480438,0.019054376,0.012375574,0.0077300342,0.0039878846,0.00091219216,-0.00072916329,-0.0014433938,-0.0017192891,-0.0013331878,-0.00013530107,0.0011777334,0.002394353,0.004230517,0.0058468734,0.0068303202,0.0076981359,0.0083241602,0.0082406448,0.0076912893,0,0,0,0,0.0034591882,0.0028528397,0.0021985595,0.0018548748,0.0016238848,0.0013728401,0.0012018393,0.0010715364,0.00093074574,0.00081701914,0.00070646137,0.00059451046,0.00051272125,0.00042069537,0.00032792188,0.00024860018,0.00016861488,8.8352244e-05,2.3394346e-05,-3.5034838e-05,-9.2430804e-05,-0.00013216447,-0.00016312605,-0.00019194859,-0.00020997631,-0.00022203862,-0.000230091,-0.00023006419,-0.00022613748,-0.00022029581,-0.00020307921,0,0,0,-8.1215272e-05,-3.7069796e-05,1.9264347e-05,8.14698e-05,0.00014663443,0.00020809907,0.00027144555,0.00033709864,0.00032705502,0.00028315233,0.00024007016,6.4467524e-05,-0.00019770108,-0.00042744775,-0.00059917988,-0.00076800544,-0.00089043076,-0.00078352162,-0.00065172854,-0.00057045778,-0.00041934446,-0.00029931398,-0.00023402958,-0.00024426749,-0.00029744496,-0.00038925535,-0.00048513839,-0.0005896003,-0.00071317982,-0.0008524764,-0.0010049406,0,0,0
-1.21949,-0.00088185346,-0.00077942695,-0.00053822342,-0.000186594,0.00047675264,0.0016598265,0.0032112109,0.005352906,0.0091478284,0.014040603,0.020027796,0.028155277,0.037694469,0.048566572,0,0,0,0.096356764,0.1046078,0.11087698,0.11074757,0.10575723,0.098964043,0.088155262,0.076711141,0.065147683,0.053002786,0.041496508,0.031594735,0.023035835,0.015367855,0.0094571216,0.0052432786,0.0017904235,-0.00064085849,-0.0015243589,-0.0019194699,-0.0018512997,-0.00070217205,0.00054293044,0.0018492396,0.0034269253,0.0049618869,0.0060181776,0.0066253124,0.007279742,0.0071482295,0.0066997483,0,0,0,0,0.0027399363,0.0023652627,0.0019473603,0.0015030205,0.0013411628,0.0011689758,0.00097692525,0.00088632014,0.00079999113,0.00070891739,0.00063758955,0.00055858045,0.00047306489,0.00039423307,0.00031250584,0.00023116426,0.00016142355,9.263619e-05,2.8503076e-05,-1.8372733e-05,-6.7915629e-05,-0.0001116399,-0.00013804642,-0.00016198604,-0.00018127658,-0.00018948919,-0.00019506091,-0.00019682325,-0.00019056009,-0.000182658,-0.00016932256,0,0,0,-4.5426368e-05,2.4477695e-06,5.4626802e-05,0.00012131652,0.00019064102,0.00026218052,0.00032424208,0.00039152609,0.00045173577,0.0003737114,0.00028841797,0.00016057295,-0.00014407832,-0.00038594764,-0.00062994997,-0.00074777199,-0.00085377961,-0.00089732971,-0.0006511031,-0.00043812767,-0.00027998121,-0.00012400605,-7.9532227e-05,-0.00012821902,-0.00021063845,-0.00032629693,-0.00045644862,-0.00055682362,-0.00066548691,-0.00078141585,-0.00089301064,0,0,0
-1.1753499999999999,-0.0010338716,-0.00092554837,-0.00073369686,-0.00035194826,0.00035120835,0.0015039765,0.0034790714,0.006159496,0.010026217,0.015763789,0.022694454,0.031108785,0.041999064,0.056913346,0,0,0,0.12407569,0.131153,0.13611542,0.13735175,0.12968127,0.12160435,0.10981919,0.094612159,0.079396106,0.064252429,0.049930263,0.03828878,0.027793372,0.018976644,0.011797288,0.0063591329,0.0024837707,-0.00035570681,-0.0016851845,-0.0021480129,-0.0021758182,-0.0012430178,-4.8632475e-05,0.0011495273,0.0025918141,0.0039884173,0.0049608313,0.0054830224,0.0061182249,0.0060446276,0.0054706647,0,0,0,0,0.0023566147,0.0017764807,0.0014804397,0.0011766638,0.00094444002,0.00088231504,0.00080725609,0.000731698,0.00069247925,0.00063822942,0.00055896578,0.00049721426,0.00042944783,0.00035231668,0.00028862056,0.0002236,0.00015960797,9.9424644e-05,4.1737268e-05,-8.1906965e-06,-5.0922532e-05,-8.9330963e-05,-0.0001184848,-0.00013688997,-0.00015268165,-0.00016237998,-0.00016509774,-0.00016463343,-0.00015958893,-0.00014860166,-0.00013434561,0,0,0,-1.8775996e-05,3.3482793e-05,8.9732333e-05,0.00015030876,0.00022255071,0.00029901945,0.00036857146,0.0004191887,0.00046618731,0.00043515273,0.0003365037,0.00020027993,-3.2667431e-05,-0.00029430093,-0.00055459898,-0.0006921537,-0.00065887067,-0.00057118665,-0.00039895758,-0.00015914765,-1.9416614e-06,9.0459507e-05,0.00011346341,3.5804322e-05,-8.8527886e-05,-0.00022871705,-0.0003808593,-0.00049799378,-0.00059967069,-0.00070798123,-0.00080818724,0,0,0
-1.13121,-0.001166534,-0.0010946303,-0.0009446519,-0.00059810409,0.00018262635,0.0014206726,0.0034251846,0.0064053047,0.010526774,0.016452944,0.025635954,0.03708455,0.052109968,0.070768617,0,0,0,0.14953855,0.16033354,0.16963983,0.17419015,0.16780601,0.15334433,0.13634726,0.11662968,0.097119659,0.078093819,0.060266361,0.045652017,0.032816976,0.02218255,0.014002486,0.0078046881,0.0032258804,-6.0031973e-05,-0.0016750576,-0.0024084907,-0.0025084859,-0.0018118861,-0.00067709334,0.00044867731,0.0016893505,0.0030943688,0.0039764848,0.0044470383,0.0049569448,0.0049891332,0.0045296396,0,0,0,0,0.0016239551,0.0011179511,0.00091314054,0.00080414885,0.00068331987,0.00063862914,0.00061869965,0.00056993688,0.00054346886,0.00052068807,0.00046730513,0.00042917556,0.00038861134,0.00033183338,0.00027155216,0.00021404817,0.00015487727,9.7337455e-05,4.6332963e-05,-8.1381125e-07,-3.8544818e-05,-7.0289483e-05,-9.8222619e-05,-0.00011579249,-0.00012816273,-0.00013729531,-0.00013879576,-0.00013558794,-0.0001315985,-0.00012149852,-0.00010703424,0,0,0,3.2710623e-06,5.3642223e-05,0.00011422452,0.00016699352,0.00022501781,0.00029060245,0.00036880662,0.00042671652,0.00046429888,0.00049811567,0.00044379351,0.00029510021,0.00010474487,-9.2513386e-05,-0.00023786459,-0.00041061375,-0.00038225055,-0.00021653541,-0.00011491924,0.00010106012,0.00028830682,0.0003914189,0.00038512921,0.00027080774,8.6182634e-05,-9.7551354e-05,-0.0002779605,-0.0004316096,-0.00054025342,-0.00063794851,-0.00072447956,0,0,0
-1.08708,-0.0013721521,-0.0013337408,-0.0011697082,-0.00090285216,-0.00013286555,0.0012483236,0.0031053065,0.0065501304,0.011863777,0.018729202,0.029543335,0.043161746,0.05934472,0.080722608,0,0,0,0.19137329,0.2125711,0.21829718,0.21822615,0.2119045,0.19116884,0.16761334,0.14270553,0.11785279,0.093636759,0.070959248,0.053444128,0.03887726,0.026012309,0.016531166,0.0097572748,0.0039785588,0.00029894969,-0.0016620173,-0.0027351647,-0.0028859954,-0.0023824356,-0.0012702177,-0.00018578224,0.00083875598,0.0023024664,0.0031453043,0.0035955268,0.0039533884,0.0039685415,0.003557276,0,0,0,0,0.0009467135,0.0007039581,0.00043889522,0.00040039979,0.00036347774,0.00032622958,0.00035831227,0.00037719044,0.00039628232,0.00042059401,0.00040874118,0.00037458792,0.00034502856,0.00030311197,0.00024485122,0.00019453521,0.0001466886,9.3427901e-05,5.159594e-05,1.1523123e-05,-2.8620596e-05,-5.5882396e-05,-7.9450052e-05,-9.9301396e-05,-0.00010792255,-0.00011422313,-0.00011832094,-0.00011386965,-0.00010832203,-0.00010159797,-8.4794694e-05,0,0,0,2.3607068e-05,5.7060272e-05,0.00011472629,0.00016482995,0.00019947333,0.00026043857,0.00033143951,0.00044550438,0.00046623976,0.00046437292,0.00054993702,0.00041395775,0.0002450179,9.0588146e-05,3.4990659e-05,-6.5345885e-05,-0.00019971003,0.0001086508,0.00038238746,0.00054586894,0.00075696135,0.00082864676,0.00075280631,0.00058019062,0.0003392158,6.5296823e-05,-0.0001548892,-0.00033307221,-0.00047311909,-0.00055183168,-0.00062346837,0,0,0
-1.04294,-0.0015297338,-0.001552399,-0.0013874355,-0.0011229718,-0.00057854602,0.0010608674,0.0033092988,0.0065248641,0.012562715,0.020475421,0.030929063,0.046476811,0.068328768,0.096581042,0,0,0,0.23672251,0.26038328,0.271332,0.26697809,0.26096478,0.24035065,0.20822288,0.1741221,0.14254145,0.11284539,0.085349083,0.062704548,0.045998186,0.030878477,0.018628554,0.011141728,0.0050310781,0.0004957894,-0.0017489105,-0.0028884944,-0.0033074941,-0.0029412557,-0.001844547,-0.00068707525,0.00030492895,0.0015085699,0.002422099,0.0027970348,0.0029546777,0.0028559924,0.0025175817,0,0,0,0,0.00022834349,8.8842833e-05,-5.2456831e-05,-0.00012596359,-2.8550521e-05,6.5617285e-05,0.00015413373,0.00022816386,0.00027836137,0.00031356912,0.0003265563,0.00031045949,0.00028737492,0.00026831677,0.00022613308,0.00018272281,0.00014197797,9.581718e-05,5.1943338e-05,1.6973683e-05,-1.7086684e-05,-4.7051697e-05,-6.548992e-05,-8.1360384e-05,-9.2706709e-05,-9.6355747e-05,-9.8146891e-05,-9.5784548e-05,-8.8007015e-05,-7.9542457e-05,-6.7280656e-05,0,0,0,3.2974356e-05,6.5007152e-05,0.00010500722,0.00015717093,0.00018286645,0.00020178656,0.00023917557,0.00033232837,0.00040427592,0.00038684672,0.00046082656,0.00053101603,0.00039098269,0.00021953233,0.00030402865,0.00040723258,0.00045551459,0.00066583761,0.00099880795,0.0011881711,0.0012842786,0.0013245319,0.0012140403,0.00091804721,0.00058477599,0.00024189953,-4.8019345e-05,-0.00023432946,-0.00038235419,-0.00048185929,-0.00053983397,0,0,0
-0.99880000000000002,0,0,0,0,0,0,0,0,0,0,0,0,0,0,0,0,0,0,0,0,0,0,0,0,0,0,0,0,0,0,0,0,0,0,0,0,0,0,0,0,0,0,0,0,0,0,0,0,0,0,0,0,0,0,0,0,0,0,0,0,0,0,0,0,0,0,0,0,0,0,0,0,0,0,0,0,0,0,0,0,0,0,0,0,0,0,0,0,0,0,0,0,0,0,0,0,0,0,0,0,0,0,0,0,0,0,0,0,0,0,0,0,0,0,0,0,0,0,0,0
-0.95467000000000002,-0.0018699032,-0.002081383,-0.0020021691,-0.0017065718,-0.0012074447,4.7381622e-05,0.0028170203,0.0067139775,0.012300325,0.023818415,0.039202511,0.058492661,0.089679688,0.12755655,0,0,0,0.3809869,0.42698833,0.44094035,0.44292113,0.41084754,0.36705148,0.31803033,0.25909445,0.20406075,0.1575157,0.11773868,0.083174422,0.058645334,0.040470522,0.025280945,0.013805247,0.0068172244,0.0014688212,-0.0022517936,-0.0034114264,-0.0038824838,-0.0037563737,-0.0028207737,-0.0016777036,-0.00043523914,0.00052593817,0.0013237777,0.0018025202,0.0018074415,0.0015843565,0.0010384697,0,0,0,0,-0.0010323051,-0.0011359192,-0.0010089364,-0.00086984533,-0.00071795745,-0.00052154809,-0.00031567158,-0.00013315026,-8.4524788e-07,0.00010318177,0.00017933596,0.00020111616,0.00020881169,0.00020312135,0.00017993814,0.00015063756,0.00011796723,8.7990942e-05,5.3296997e-05,1.9606348e-05,-2.9980174e-06,-2.6861042e-05,-4.8256006e-05,-5.7551777e-05,-6.5323416e-05,-7.2042931e-05,-6.988422e-05,-6.6882632e-05,-6.4546468e-05,-5.4322823e-05,-4.3813896e-05,0,0,0,2.2324526e-05,4.2170774e-05,4.1207528e-05,1.7568202e-05,-2.1459985e-06,-4.399152e-05,-9.2912313e-05,-4.5513782e-05,9.0887137e-05,0.00027263604,0.00026274507,0.0005243303,0.0008050722,0.00084200519,0.0010094002,0.0012452411,0.0015749956,0.0018276884,0.0020674448,0.0023108493,0.0023497497,0.0022210234,0.0019731051,0.0016010585,0.0011223875,0.00066704536,0.00025527924,-8.0804806e-05,-0.00022103028,-0.00032746987,-0.00039906465,0,0,0
-0.91052999999999995,-0.0019805874,-0.0022553508,-0.0022448823,-0.0020393657,-0.0015299364,-0.00030060663,0.0022160651,0.0065882569,0.012447516,0.022992082,0.040319595,0.064729139,0.10042319,0.15648845,0,0,0,0.46028072,0.52951622,0.54073679,0.54625338,0.52180332,0.45777485,0.38645458,0.31271952,0.24213284,0.18680559,0.13775806,0.097344115,0.06715069,0.044352092,0.027794732,0.015304753,0.0071209958,0.0016985943,-0.0022760308,-0.0039071487,-0.0042696972,-0.0040033017,-0.0030334201,-0.0018192325,-0.00061397412,0.0004637797,0.0011318699,0.0014838442,0.0014905636,0.0011639299,0.00060087262,0,0,0,0,-0.0016558785,-0.001676616,-0.0016036334,-0.0013223761,-0.0010363505,-0.00076008547,-0.00050049182,-0.00028162688,-0.000122199,-9.4774737e-07,9.2684175e-05,0.00013728887,0.00016320801,0.00017285242,0.0001627359,0.00013855771,0.00011030638,8.1021368e-05,5.0516854e-05,2.1077463e-05,-3.4298857e-06,-2.1485095e-05,-3.8889495e-05,-5.1122057e-05,-5.6185501e-05,-6.0929771e-05,-6.1629267e-05,-5.6647557e-05,-5.2708561e-05,-4.7053523e-05,-3.6328009e-05,0,0,0,2.2822995e-05,1.572514e-05,5.1179322e-06,-3.6432295e-05,-0.00012654539,-0.00019263579,-0.00025371989,-0.00026693405,-0.00015013432,3.9153601e-05,0.00018530879,0.00042626966,0.00075047096,0.0010690533,0.0013447674,0.0017096044,0.0020759057,0.0023924599,0.002672876,0.0028696018,0.0029166234,0.0027651377,0.0023301719,0.0018246147,0.0012621332,0.00073575036,0.00035610047,3.234452e-05,-0.00017600716,-0.00026480359,-0.00032714807,0,0,0
-0.86638999999999999,-0.0021219493,-0.0024280953,-0.002507119,-0.0023105456,-0.0018443944,-0.00074154855,0.0017621466,0.0059143943,0.012329671,0.023769408,0.043338444,0.072796762,0.11206556,0.17271776,0,0,0,0.5641669,0.67272151,0.71131855,0.69344765,0.6526261,0.57369494,0.4758839,0.37963063,0.2865918,0.21648926,0.15613912,0.10801524,0.074069619,0.048939992,0.030203054,0.016586369,0.0077866851,0.0016891352,-0.0022612477,-0.0041064937,-0.0045174714,-0.004170652,-0.0032137779,-0.0019143092,-0.00071866374,0.00041404139,0.0012549637,0.001588257,0.0015661801,0.0011481047,0.00045045521,0,0,0,0,-0.0023081503,-0.0021786694,-0.0019940361,-0.001689706,-0.0013408476,-0.0010151959,-0.00071959459,-0.00046161495,-0.00025988632,-9.6509197e-05,2.4756535e-05,9.7454504e-05,0.00013074774,0.00014535306,0.00014277556,0.00012170938,9.7478376e-05,7.1507144e-05,4.5708348e-05,2.1947755e-05,-1.011982e-06,-1.8304345e-05,-3.2810894e-05,-4.5217759e-05,-5.0119357e-05,-5.2524018e-05,-5.4241485e-05,-5.064263e-05,-4.6115314e-05,-4.3609969e-05,-3.4584016e-05,0,0,0,1.5902733e-05,-1.0467863e-05,-5.3164349e-05,-0.00011477614,-0.00025618379,-0.00039078554,-0.00046845828,-0.00051804038,-0.0004314676,-0.00025098235,8.4390485e-05,0.00043665987,0.00084175594,0.0012893137,0.0016614379,0.0021027527,0.0025110999,0.0028946528,0.0031766195,0.0032447095,0.0031334027,0.0028299452,0.0024027075,0.001925045,0.001413409,0.00081681763,0.00042285124,0.00012672639,-0.00012464097,-0.00022313053,-0.00026732267,0,0,0
-0.82225999999999999,-0.0022370494,-0.0025211973,-0.0026936368,-0.0024978537,-0.0021046381,-0.0012608594,0.001462386,0.0052385726,0.012125389,0.024402309,0.042303722,0.074588545,0.11826611,0.18434946,0,0,0,0.70422995,0.82267982,0.89751023,0.86337155,0.79911447,0.7052635,0.57333881,0.44475257,0.32759193,0.24438775,0.17739242,0.12042356,0.081450529,0.054641701,0.032284938,0.017371448,0.0082512479,0.0014380715,-0.002495111,-0.0044346848,-0.0049307845,-0.0044828407,-0.00345762,-0.0017378455,-0.00031023321,0.00097712129,0.0019612915,0.0021576867,0.0019663959,0.0013349263,0.00045441871,0,0,0,0,-0.0029045672,-0.0027062425,-0.0024287421,-0.0021309257,-0.0017128625,-0.0012949046,-0.00091003859,-0.00059261959,-0.00035201714,-0.00016391676,-3.5093504e-05,5.0724488e-05,9.4824012e-05,0.00011376878,0.00012188658,0.00010656948,8.8407178e-05,6.6908651e-05,4.0221035e-05,1.9604304e-05,-5.5951773e-08,-1.9067442e-05,-3.0596722e-05,-3.9947248e-05,-4.7700942e-05,-4.8212696e-05,-4.8498998e-05,-4.8200418e-05,-4.1825031e-05,-3.829701e-05,-3.5975838e-05,0,0,0,-4.5325619e-06,-3.5379209e-05,-0.00014275429,-0.00021439618,-0.00034621387,-0.00063471985,-0.00070737943,-0.00069443416,-0.00053918822,-0.00033666179,-3.1892821e-05,0.00048928865,0.00089957763,0.0013587052,0.0018665716,0.0023672183,0.0027722826,0.0030888063,0.0032766124,0.0033433565,0.0032776776,0.0029789554,0.0025421737,0.00204045,0.0014954582,0.00088931981,0.00037508903,0.00014120294,-5.6622004e-05,-0.00020586517,-0.00022835907,0,0,0
-0.77812000000000003,-0.0022678135,-0.0025796506,-0.0027796689,-0.0025786611,-0.0021757123,-0.0015451757,0.0011333895,0.0051833191,0.011027294,0.023414532,0.043912832,0.074984357,0.13285293,0.21874009,0,0,0,0.83008283,0.96522039,1.0627779,1.0560062,0.95530504,0.82886666,0.68419719,0.52706826,0.38508537,0.27713448,0.2009519,0.13517828,0.085567616,0.057410099,0.034674685,0.01768191,0.0081071518,0.0014202441,-0.0031191942,-0.0050046388,-0.0051224804,-0.0044227988,-0.0031768349,-0.0013774363,0.00044935982,0.0017524706,0.0026861457,0.0030542533,0.0029321774,0.0022518272,0.00088421832,0,0,0,0,-0.0033112424,-0.0033523033,-0.0029167472,-0.002462365,-0.0019887434,-0.001501957,-0.0010735382,-0.00071686006,-0.00045205638,-0.00024988165,-9.670591e-05,9.5938376e-06,6.4448563e-05,9.4901196e-05,0.00010559813,9.5230913e-05,7.6951408e-05,5.8232945e-05,3.5641649e-05,1.3323716e-05,-2.1742817e-06,-1.6876776e-05,-3.0439445e-05,-3.7548773e-05,-4.3178177e-05,-4.6169829e-05,-4.4777586e-05,-4.3052085e-05,-3.9624636e-05,-3.568771e-05,-3.3467149e-05,0,0,0,-2.7909713e-05,-5.0123137e-05,-0.00017698873,-0.00031661618,-0.00038373724,-0.00062327,-0.00080447301,-0.00080035994,-0.00065791345,-0.00043164782,-0.00017332491,0.0002792759,0.00097794901,0.0014614842,0.0019664345,0.0025258043,0.002919863,0.0032376344,0.0034527152,0.0035047636,0.0034133792,0.0029905217,0.0024024684,0.0018129401,0.0012990884,0.00082122337,0.00036404925,7.8318655e-05,-4.3915432e-05,-0.00016499084,-0.0002079399,0,0,0
-0.73397999999999997,-0.00220501,-0.0025345637,-0.002838159,-0.0025255242,-0.0021184678,-0.0015028826,0.00085007941,0.0052070837,0.010924868,0.021793228,0.045158498,0.076926105,0.13307853,0.2329835,0,0,0,0.97482306,1.1419572,1.250109,1.2433242,1.1468365,0.98564631,0.81201315,0.61902088,0.43987975,0.30122215,0.21336865,0.14528778,0.090887532,0.059112724,0.036226116,0.018314345,0.0074373884,0.0011462433,-0.0032476671,-0.0054125055,-0.0052997409,-0.004395443,-0.0029306647,-0.0010658412,0.0010927076,0.0034284466,0.0049083773,0.0055303117,0.0053458535,0.0043240972,0.0021512718,0,0,0,0,-0.0038077543,-0.0037985607,-0.0033958456,-0.0028144454,-0.002269353,-0.0017490856,-0.0012683467,-0.00084980892,-0.00053041195,-0.00030402475,-0.00013030722,-1.4167038e-05,4.2536954e-05,7.5589509e-05,8.8190769e-05,8.1903258e-05,6.5289707e-05,4.8594371e-05,3.1104879e-05,9.771752e-06,-5.874389e-06,-1.8060886e-05,-3.0951818e-05,-3.8103655e-05,-4.1488231e-05,-4.4460947e-05,-4.3896209e-05,-4.1266456e-05,-3.8756611e-05,-3.6084963e-05,-3.2850701e-05,0,0,0,-4.5233446e-05,-5.5703651e-05,-0.00017305638,-0.00036183596,-0.00046333624,-0.00065214455,-0.00089920458,-0.00097974634,-0.00083298085,-0.00042497745,-6.5801119e-05,0.0003486521,0.0011187263,0.0016461711,0.002096572,0.0026576831,0.0030881101,0.0033196348,0.0033689525,0.0032325003,0.0029437658,0.0025739777,0.0020755189,0.0015560689,0.0010467618,0.0006619395,0.00030342949,2.4750554e-05,-5.247186e-05,-0.00013518459,-0.00018520665,0,0,0
-0.68984999999999996,-0.0020872306,-0.0023915365,-0.0027439001,-0.0023157042,-0.001722084,-0.0010013271,0.0011029679,0.0056927758,0.011652041,0.019459698,0.04394323,0.078433976,0.12934195,0.25047767,0,0,0,1.1082569,1.3172953,1.441355,1.432701,1.3303243,1.1148117,0.88777202,0.67729419,0.48395228,0.32592598,0.22605602,0.15457147,0.097727649,0.059691831,0.036464162,0.018763263,0.006460805,0.00041319022,-0.0036707756,-0.0060430691,-0.0058211712,-0.0044846227,-0.0019651637,0.00074896484,0.0037573567,0.0069798813,0.0086666774,0.008924393,0.0086297747,0.0073255021,0.0045102811,0,0,0,0,-0.0045423456,-0.0042606485,-0.0039918772,-0.0032770222,-0.0025593468,-0.0019521035,-0.0013913058,-0.00092549482,-0.00056870526,-0.00033992509,-0.00016346763,-3.7782669e-05,2.3457318e-05,5.8824335e-05,7.3899682e-05,7.2344701e-05,5.7814519e-05,3.875219e-05,2.3873143e-05,5.1737038e-06,-1.2865372e-05,-2.2679978e-05,-3.2303e-05,-4.1485597e-05,-4.2857911e-05,-4.3430278e-05,-4.5355649e-05,-4.1321877e-05,-3.7474481e-05,-3.8275688e-05,-3.3873963e-05,0,0,0,-5.2179788e-05,-8.1617436e-05,-0.00018880038,-0.00037269466,-0.00062274007,-0.00070063438,-0.00079195999,-0.00083192071,-0.00062093453,-0.00024215748,0.00023098098,0.00055211177,0.0011762311,0.0018801101,0.0022265262,0.0025908845,0.0029700315,0.0030160344,0.002957779,0.0029039795,0.0025833736,0.0021981345,0.0017405609,0.0012486679,0.00081805297,0.00042232918,0.00018200072,2.1549149e-06,-0.00012082513,-0.00014743365,-0.0001665265,0,0,0
-0.64571000000000001,-0.0019739836,-0.0020003847,-0.002250877,-0.001868911,-0.00088589475,-0.00014672834,0.001449234,0.0064793704,0.012699776,0.020584708,0.043312151,0.087543108,0.1495073,0.25538674,0,0,0,1.2152482,1.4307458,1.575402,1.5371565,1.4152924,1.2300534,0.97460693,0.74374563,0.53398037,0.35458705,0.24005622,0.15714432,0.099696182,0.060194362,0.03494953,0.017906858,0.0054152398,-0.0010736604,-0.0044772369,-0.0061121662,-0.0054653031,-0.0033817731,-0.00037641043,0.0032963124,0.0066016568,0.010104381,0.013221374,0.013595639,0.012896921,0.011017904,0.0076025762,0,0,0,0,-0.0055813692,-0.0049863956,-0.0043936344,-0.0036847105,-0.0028005517,-0.0020769034,-0.0015071074,-0.0010067991,-0.00061543245,-0.00036615497,-0.00018221767,-5.2510113e-05,1.7441535e-05,5.0440591e-05,6.4529151e-05,6.2460815e-05,4.8679463e-05,3.1007414e-05,1.3091306e-05,-2.2400111e-06,-1.7559238e-05,-2.9556131e-05,-3.6425085e-05,-4.3300883e-05,-4.6692057e-05,-4.4865083e-05,-4.4840388e-05,-4.3032098e-05,-3.7788024e-05,-3.6351616e-05,-3.6646226e-05,0,0,0,-5.9902275e-05,-9.2540235e-05,-0.00020088779,-0.00030446495,-0.00042641739,-0.00052981364,-0.0005637026,-0.00053912587,-0.0004114261,-7.1457085e-05,0.00038719343,0.00087427808,0.0013488837,0.0019211752,0.0023386546,0.0025287108,0.0027837392,0.0028843384,0.0027165762,0.0025359169,0.0021794164,0.0016839458,0.0011787832,0.00075082661,0.00046080034,0.00021707988,-7.4500444e-05,-0.00013882839,-0.00016150251,-0.00017700427,-0.00015963825,0,0,0
-0.60157000000000005,-0.0016898959,-0.0016066422,-0.0016241878,-0.0013854735,-0.00019422633,0.0011767454,0.0027078644,0.0090243509,0.016616439,0.024202349,0.044324316,0.089107431,0.1590697,0.25895497,0,0,0,1.2963192,1.5148029,1.6709642,1.672076,1.5296792,1.340268,1.0546594,0.78276592,0.5499475,0.36158368,0.24123186,0.15779616,0.098148242,0.057840917,0.032988995,0.016106054,0.0045044781,-0.001627719,-0.0048695789,-0.0061118961,-0.005253165,-0.0026346999,0.00082747929,0.0054274155,0.010695107,0.015239421,0.019516662,0.020730553,0.019304423,0.016436579,0.012289493,0,0,0,0,-0.0066807903,-0.0062997988,-0.0051277829,-0.0041325679,-0.0031480107,-0.0022578849,-0.0016021692,-0.0010526663,-0.00062462513,-0.00035287655,-0.00017483997,-5.1480278e-05,1.8533701e-05,4.6800556e-05,5.8196358e-05,5.3864449e-05,3.8521943e-05,2.2318422e-05,3.9215724e-06,-1.1730785e-05,-2.4972593e-05,-3.7006335e-05,-4.3538454e-05,-4.8080256e-05,-5.1165949e-05,-4.9100563e-05,-4.6535308e-05,-4.4831497e-05,-3.979501e-05,-3.5610108e-05,-3.8429844e-05,0,0,0,-5.6034445e-05,-5.7102479e-05,-0.00014830929,-0.00024154963,-0.00029254696,-0.00037506898,-0.00045217574,-0.00033069175,-3.8315276e-05,0.00034638238,0.0008042173,0.0013284005,0.0017152166,0.0021245228,0.0025248276,0.0026475387,0.00267752,0.0026230679,0.0022787522,0.0018556367,0.0015100695,0.001081482,0.00061909779,0.0001691839,-3.3894266e-05,-7.5304059e-05,-0.00025658173,-0.00024070784,-0.00017444817,-0.00017334991,-0.0001622205,0,0,0
-0.55744000000000005,-0.001383497,-0.0012590407,-0.00083397562,-0.00035024364,0.0014719262,0.0040269187,0.0059571578,0.012076605,0.021456357,0.029681206,0.046474904,0.094730973,0.18589433,0.31130743,0,0,0,1.380715,1.6075171,1.7642773,1.7661942,1.5640186,1.3197129,1.0501374,0.78080606,0.55128092,0.3605597,0.23429404,0.15469192,0.09430141,0.054066479,0.031483371,0.014318479,0.0032745753,-0.0027835204,-0.0058777919,-0.0067380997,-0.0053153662,-0.00088851777,0.0041340641,0.010057342,0.017170569,0.022270517,0.026663408,0.029525258,0.02781399,0.023742195,0.016912175,0,0,0,0,-0.0075416397,-0.0081144553,-0.0063269222,-0.0047384896,-0.0034393256,-0.0023353181,-0.001590165,-0.0010333061,-0.00060313958,-0.00032156543,-0.00015032111,-3.6669157e-05,2.7913764e-05,4.5422697e-05,5.2335068e-05,4.6722511e-05,2.7543689e-05,1.1948837e-05,-5.1432571e-06,-2.3862833e-05,-3.5408091e-05,-4.5678247e-05,-5.4182408e-05,-5.621283e-05,-5.6732311e-05,-5.5676774e-05,-5.0344093e-05,-4.6702437e-05,-4.3455992e-05,-3.5926365e-05,-3.6298883e-05,0,0,0,-6.7448629e-05,-5.0183138e-05,-8.4996725e-05,-0.00027702938,-0.00021189648,-6.0846469e-05,-8.4452942e-05,0.00017722632,0.00052620226,0.00096833409,0.0013419808,0.0017770018,0.0022708254,0.0024377734,0.0025639581,0.0026373449,0.0024042716,0.0021758587,0.0019122233,0.0013381614,0.00089041516,0.00049484218,0.00012912593,-0.00019351463,-0.00039928348,-0.00029042998,-0.00031878453,-0.0003891977,-0.00025728953,-0.00018022639,-0.00017958407,0,0,0
-0.51329999999999998,0,0,0,0,0,0,0,0,0,0,0,0,0,0,0,0,0,0,0,0,0,0,0,0,0,0,0,0,0,0,0,0,0,0,0,0,0,0,0,0,0,0,0,0,0,0,0,0,0,0,0,0,0,0,0,0,0,0,0,0,0,0,0,0,0,0,0,0,0,0,0,0,0,0,0,0,0,0,0,0,0,0,0,0,0,0,0,0,0,0,0,0,0,0,0,0,0,0,0,0,0,0,0,0,0,0,0,0,0,0,0,0,0,0,0,0,0,0,0,0
-0.46916000000000002,-0.00029962623,0.00041973943,0.0012526568,0.002396801,0.0052140746,0.0096508199,0.015721517,0.024696954,0.039900396,0.059946019,0.082897328,0.14829594,0.24072602,0.39957511,0,0,0,1.4835395,1.6395757,1.7148722,1.6960448,1.539839,1.2686259,0.97342646,0.70981377,0.49935576,0.3279424,0.19725084,0.12934394,0.079124615,0.04199899,0.021800069,0.0092629222,0.00019509791,-0.0048933281,-0.0056863176,-0.0045000869,-0.0017604566,0.0037132036,0.011742505,0.020883726,0.029603988,0.039143059,0.046048637,0.048670236,0.047129311,0.042123366,0.032870084,0,0,0,0,-0.011468071,-0.010199413,-0.0089878216,-0.0068608532,-0.0044059618,-0.0025581873,-0.001517544,-0.00086488633,-0.0004342699,-0.00017143674,-3.4367647e-05,3.5767811e-05,6.7559275e-05,7.2204843e-05,5.3014537e-05,3.276435e-05,1.1656363e-05,-1.3551145e-05,-3.3109562e-05,-4.8972455e-05,-6.4701228e-05,-7.3424228e-05,-7.7260163e-05,-7.9615886e-05,-7.6330965e-05,-6.9033522e-05,-6.0306098e-05,-5.2558989e-05,-4.4362616e-05,-3.7059166e-05,-3.3406268e-05,0,0,0,-2.8104332e-05,-3.0106821e-05,7.3136922e-05,0.00011938435,0.00015914701,0.00043643583,0.00079444394,0.0011167682,0.0015304338,0.0020106784,0.0024819796,0.0027336911,0.0028940849,0.003075954,0.0029608766,0.0026299879,0.0022686862,0.00174528,0.0011446386,0.00056886091,6.091216e-05,-0.00041547162,-0.00079797406,-0.000992566,-0.00096655072,-0.00086856412,-0.0005824017,-0.00045239384,-0.000348823,-0.00021093807,-0.00015602578,0,0,0
-0.42502000000000001,0.00010082576,0.001289169,0.0027728484,0.0047835559,0.0087231612,0.014342209,0.021603087,0.032229465,0.049920306,0.072234243,0.11269569,0.19943821,0.32917973,0.49485457,0,0,0,1.5522456,1.6897864,1.6939849,1.6052222,1.4106641,1.1559443,0.87543339,0.62068743,0.43421489,0.28150284,0.16865912,0.10968112,0.069034986,0.037970722,0.017666494,0.0064689093,-0.0014012202,-0.0063093109,-0.0064098141,-0.0037861969,0.0014387202,0.0082954429,0.01759831,0.029007295,0.038489085,0.048017036,0.058148578,0.061515246,0.059063874,0.053370599,0.042321693,0,0,0,0,-0.014693794,-0.012746885,-0.0099662477,-0.0078686653,-0.0047990405,-0.0025571664,-0.0013088725,-0.00067729683,-0.00025751998,-4.118077e-05,6.8651199e-05,0.0001050662,9.1795213e-05,8.0417274e-05,5.5943761e-05,2.2392689e-05,-2.762464e-07,-2.5014542e-05,-5.0359689e-05,-6.5971624e-05,-8.1027589e-05,-9.3593415e-05,-9.515891e-05,-9.3776856e-05,-9.0513044e-05,-7.9814796e-05,-6.7300549e-05,-5.8061596e-05,-4.6373396e-05,-3.4889708e-05,-2.9878795e-05,0,0,0,-1.5980866e-05,-1.9535803e-07,2.8056769e-05,0.00019985982,0.00038652451,0.00063927361,0.0011665517,0.0016070621,0.0020862727,0.0025697919,0.0030349731,0.0034324573,0.0033302205,0.003215441,0.003047039,0.0025516844,0.002039568,0.0016436685,0.00091368466,0.0002056213,-0.00026879829,-0.00066785229,-0.00094551919,-0.0011011733,-0.00098930206,-0.00085080258,-0.00068408041,-0.00049741194,-0.00035428052,-0.00024233757,-0.00015666026,0,0,0
-0.38089000000000001,0.0010569065,0.0024330018,0.0045122555,0.0069644963,0.011029123,0.018078333,0.026930485,0.040819045,0.069693595,0.10787461,0.16067246,0.25639385,0.40488902,0.58884162,0,0,0,1.5630369,1.6528034,1.6221997,1.4916397,1.2913129,1.0378762,0.76291209,0.51770216,0.36673075,0.24335301,0.14872737,0.092355482,0.056968026,0.029882917,0.011318946,0.0017499727,-0.0034043093,-0.0058207917,-0.0041210153,-0.00022300564,0.0056909937,0.013863701,0.023499923,0.035315067,0.048211351,0.058697086,0.068795726,0.075947948,0.072606571,0.064942509,0.053227529,0,0,0,0,-0.01148387,-0.014087009,-0.010552529,-0.0077612596,-0.0052459608,-0.0026737002,-0.0010717472,-0.00043095383,-4.1283616e-05,0.00014050251,0.00016387329,0.00017529279,0.00014403272,9.3504816e-05,6.2696883e-05,2.465521e-05,-1.4133821e-05,-4.0812211e-05,-6.7016757e-05,-8.9420282e-05,-0.00010264937,-0.00011272919,-0.00011700895,-0.0001121533,-0.00010525451,-9.2795519e-05,-7.4246745e-05,-5.7954112e-05,-4.3656131e-05,-3.0334424e-05,-2.1730066e-05,0,0,0,-1.6722579e-05,3.1472809e-05,0.00011675592,0.00027177416,0.00056896359,0.0009407482,0.0014582323,0.0020152528,0.0025888372,0.0030047975,0.0032886786,0.0034692886,0.0034526519,0.0032539687,0.0030166516,0.0025866451,0.001945202,0.0014423251,0.00087242993,0.00014278153,-0.00036619528,-0.00067580194,-0.00096292177,-0.0011510476,-0.0011401236,-0.00094687776,-0.00071479968,-0.00053514639,-0.00034483874,-0.00021923515,-0.00014881452,0,0,0
-0.33674999999999999,0.0018679069,0.0033013602,0.0056999903,0.0090457099,0.014162983,0.024011286,0.037163138,0.054281171,0.086359531,0.1331647,0.19556671,0.29397699,0.4746685,0.69618815,0,0,0,1.6154857,1.6708378,1.6057429,1.4347194,1.1789584,0.92401445,0.66836959,0.43758038,0.29727167,0.19525179,0.11589854,0.065606542,0.039013755,0.020872954,0.0066115526,0.0005764917,-0.0031682299,-0.0045216503,-0.0021334996,0.0028459933,0.0094073825,0.018859725,0.03135743,0.044676874,0.059755228,0.072311431,0.08166226,0.089368865,0.088905238,0.0798686,0.066314019,0,0,0,0,-0.0085341055,-0.012797722,-0.011932826,-0.0084049217,-0.0052116853,-0.0025706547,-0.0007365832,-5.4267501e-05,0.00024100643,0.00036845787,0.00033210765,0.000273004,0.00021576833,0.00012390937,6.2736355e-05,1.7713095e-05,-2.8091274e-05,-6.1252205e-05,-8.6719971e-05,-0.00011132501,-0.00012725849,-0.00013525803,-0.00014034315,-0.00013450283,-0.00012137935,-0.00010447347,-8.2177779e-05,-6.0357732e-05,-4.2675001e-05,-2.7018554e-05,-1.3569161e-05,0,0,0,-1.0909461e-05,3.9019502e-05,0.00015899543,0.00031509454,0.00063090521,0.0010973098,0.0016196476,0.0021423795,0.0026614445,0.0031340537,0.0034473136,0.0036019171,0.0036154245,0.0033987965,0.0030223303,0.0025511119,0.0018884025,0.0013082458,0.00084224128,0.00016942951,-0.00045537253,-0.00078042079,-0.0010472406,-0.0011365121,-0.0011134382,-0.00087171939,-0.00060714147,-0.00046365347,-0.00032097902,-0.0002009353,-0.00013573583,0,0,0
-0.29260999999999998,0.0026513145,0.004468719,0.0077123865,0.012097434,0.01784521,0.028925747,0.04416034,0.063974172,0.09705101,0.15808342,0.24524505,0.3700788,0.57497978,0.81653905,0,0,0,1.7115186,1.6948683,1.5593435,1.341802,1.0494455,0.79706854,0.5606733,0.33745185,0.20342527,0.13224088,0.084440708,0.047507629,0.030067444,0.015599945,0.0034876312,-0.0019552927,-0.0042507458,-0.0044750948,-0.0004474115,0.0079799686,0.016958635,0.027657809,0.041728452,0.05552147,0.070555821,0.086264156,0.096124686,0.10362907,0.10705888,0.097479753,0.082021773,0,0,0,0,-0.0069297459,-0.0089171585,-0.011254664,-0.0074325916,-0.004033416,-0.0019031588,-0.00022235888,0.00046414987,0.00062594528,0.00065997418,0.00054097391,0.00035684387,0.00025721223,0.00015273395,5.6921665e-05,7.9688825e-06,-3.9037921e-05,-8.2651335e-05,-0.00010896021,-0.00013504464,-0.00015952592,-0.00016608551,-0.00016716108,-0.00016251602,-0.0001436849,-0.00012101994,-9.4824769e-05,-6.3565421e-05,-3.6988618e-05,-1.3216053e-05,3.3559456e-06,0,0,0,5.6312879e-06,7.4327509e-06,0.00015096611,0.00036004974,0.00058171258,0.00109364,0.0016685112,0.0022243853,0.0027834403,0.0032840823,0.0037027677,0.0036510646,0.0034667642,0.0031469094,0.0027539178,0.0023147569,0.0018040228,0.0011644952,0.00067311333,0.00021645761,-0.00040706914,-0.00066378037,-0.00081513531,-0.00089038757,-0.0008829984,-0.00080936577,-0.00054828473,-0.0003755533,-0.0002953209,-0.00018613147,-0.00011750816,0,0,0
-0.24848000000000001,0.0036340361,0.0056168325,0.0092855478,0.014215918,0.020610506,0.032485731,0.051443391,0.077245332,0.11873468,0.19007707,0.28939602,0.42725733,0.64666688,0.91785848,0,0,0,1.7273939,1.6949296,1.5108211,1.2725006,0.96794224,0.66034681,0.45290193,0.27539921,0.15084685,0.10256471,0.063763708,0.032585468,0.018121719,0.0069651334,-0.0017083506,-0.0045088599,-0.0034489243,-0.00027066816,0.0050048102,0.014268193,0.025451291,0.036671326,0.05035416,0.066674419,0.08364255,0.10046552,0.11523602,0.12151695,0.12320296,0.11720311,0.10030311,0,0,0,0,-0.0010363419,-0.0028053166,-0.0049812705,-0.0059705619,-0.0027418642,-0.00060861564,0.00050348771,0.0010711615,0.0010912505,0.00090369006,0.00072867633,0.00050873682,0.00030684256,0.00018567426,7.8626079e-05,-4.2179936e-06,-5.4642242e-05,-0.00010149981,-0.0001378836,-0.00016422899,-0.00018855205,-0.00020146347,-0.00019905579,-0.00019046578,-0.00017044999,-0.00013686337,-9.7818214e-05,-5.5658573e-05,-2.549999e-05,1.1819639e-06,2.1571917e-05,0,0,0,1.6943e-05,2.7573045e-05,0.00010686344,0.00034008743,0.00062667375,0.0010524112,0.0016781406,0.0022931965,0.0027249504,0.0030433757,0.0032371052,0.0032519125,0.0030945353,0.0027960022,0.0024258385,0.0020271905,0.0015749679,0.0010901858,0.00067000941,0.00030190195,-0.00013682482,-0.00044735268,-0.0006362347,-0.00073356298,-0.00073093292,-0.00065495039,-0.00049729098,-0.00030388212,-0.00023091992,-0.00016534027,-0.00010371779,0,0,0
-0.20433999999999999,0.0043415129,0.0064299363,0.010525873,0.016580595,0.02465399,0.037894979,0.059415706,0.088215321,0.1298964,0.2079583,0.31599858,0.46941835,0.69811183,0.98035336,0,0,0,1.7906039,1.7422379,1.5197823,1.2195802,0.91057342,0.60951942,0.38729185,0.23106147,0.11089783,0.064218082,0.035592005,0.015126551,0.0074569993,0.0018044997,-0.0024409709,-0.0041109016,-0.0016738708,0.0031605135,0.0097470628,0.019705296,0.03305237,0.048207674,0.063752063,0.082031861,0.10063767,0.11733833,0.13214713,0.14137784,0.1417314,0.13576899,0.12108478,0,0,0,0,0.009546618,0.0024874569,0.00053495821,-0.0015173046,-0.00075375923,0.0011151115,0.0017186083,0.0017946664,0.0016622469,0.0013114831,0.00096367154,0.00069059752,0.00039962321,0.00020494488,8.3376057e-05,-1.0579109e-05,-7.4702635e-05,-0.00012381213,-0.00016315246,-0.00019433646,-0.0002196338,-0.00023991826,-0.00024020027,-0.00022450644,-0.00019785968,-0.00015716764,-0.00010835542,-5.5765682e-05,-1.7018292e-05,1.6617485e-05,4.8041435e-05,0,0,0,2.5624844e-05,3.8750302e-05,8.0520578e-05,0.00027508082,0.00058805558,0.00093550468,0.0014220368,0.0019422303,0.0023630788,0.002673561,0.0028471313,0.0028619128,0.0027228422,0.0024159825,0.0020419937,0.0017003602,0.0013521354,0.00099450827,0.00067449227,0.00032263846,8.0020664e-06,-0.00028141387,-0.00044290768,-0.00053672493,-0.00052208453,-0.00044901634,-0.0003743225,-0.00023797371,-0.0001688996,-0.00012789994,-8.8536719e-05,0,0,0
-0.16020000000000001,0,0,0,0,0,0,0,0,0,0,0,0,0,0,0,0,0,0,0,0,0,0,0,0,0,0,0,0,0,0,0,0,0,0,0,0,0,0,0,0,0,0,0,0,0,0,0,0,0,0,0,0,0,0,0,0,0,0,0,0,0,0,0,0,0,0,0,0,0,0,0,0,0,0,0,0,0,0,0,0,0,0,0,0,0,0,0,0,0,0,0,0,0,0,0,0,0,0,0,0,0,0,0,0,0,0,0,0,0,0,0,0,0,0,0,0,0,0,0,0
-0.11607000000000001,0.0058459486,0.0087815151,0.01324008,0.019934261,0.0298786,0.043687914,0.067198902,0.10306467,0.1501438,0.22676268,0.35584247,0.52734607,0.75578612,1.0379312,0,0,0,1.7298048,1.6670269,1.429119,1.107507,0.76578569,0.49644125,0.29553276,0.14082207,0.0636755,0.030562477,0.013093626,0.0025506883,-0.0039743977,-0.0058959723,-0.0058562984,-0.0039799213,0.0026624892,0.012191548,0.024593344,0.039643105,0.055459455,0.073718138,0.093533702,0.11242417,0.13390213,0.15607868,0.16965096,0.18079069,0.18699169,0.17798564,0.16293001,0,0,0,0,0.042458791,0.027196402,0.01684447,0.013540988,0.009639753,0.0066082855,0.0055861594,0.0041567152,0.0028649827,0.0021903778,0.0014869104,0.0008909647,0.00056736608,0.00027983214,6.3342311e-05,-2.302603e-05,-9.9528421e-05,-0.00016526172,-0.00021530125,-0.00026242714,-0.00030587491,-0.00033168844,-0.0003370801,-0.00032319344,-0.00027051455,-0.00019926019,-0.00011540715,-2.6422587e-05,5.317626e-05,0.00010668446,0.00013396134,0,0,0,6.5274973e-05,3.300167e-05,5.2878018e-05,0.00010985752,0.00027172474,0.0006134439,0.00096629467,0.0012920309,0.0015859081,0.0017291533,0.0017373094,0.0016702535,0.0014450032,0.0011347585,0.00091534801,0.00079008751,0.00065872044,0.00054040685,0.0005384633,0.00048155992,0.0002539742,0.00010275994,4.7624275e-05,-7.452695e-05,-0.00016092365,-0.00016776953,-0.0001332726,-0.00010914911,-8.9719819e-05,-6.7845023e-05,-5.4025713e-05,0,0,0
-0.071929999999999994,0.0063178441,0.0094426693,0.014205629,0.021627568,0.032014053,0.046597488,0.070410237,0.10551945,0.15558811,0.22924629,0.34811023,0.51548684,0.72340059,0.98564881,0,0,0,1.6801848,1.6049583,1.3825674,1.0600548,0.73915368,0.46444345,0.28388947,0.14060527,0.052319922,0.019670259,0.0066689462,-0.0017999067,-0.0068604769,-0.006177438,-0.0049841464,-0.0018115945,0.0057172892,0.016713314,0.030620074,0.048193436,0.067637302,0.088273048,0.11136381,0.13160242,0.15245618,0.17511058,0.19170943,0.20101489,0.20649083,0.20020902,0.18249471,0,0,0,0,0.058346238,0.042463001,0.029298974,0.021033157,0.015764514,0.010712958,0.0075721503,0.0056379922,0.0038012583,0.0026566761,0.0018521533,0.0010703864,0.00061326253,0.00032033579,8.4153362e-05,-3.5603571e-05,-0.00010936024,-0.00017749704,-0.00023689211,-0.00028961565,-0.00034895851,-0.00039586384,-0.00039955808,-0.0003830221,-0.00032256733,-0.00023020167,-0.00012649169,-1.9757312e-05,8.9189904e-05,0.00017707139,0.00022274628,0,0,0,0.00011076379,5.0312996e-05,3.83894e-05,7.3217867e-05,0.00013448173,0.00035912945,0.00061814906,0.00085050182,0.0010769709,0.0011785701,0.0011091375,0.0009962389,0.0008539086,0.00057903863,0.00042815114,0.00044129833,0.00041113707,0.00034991838,0.00036879536,0.00047638683,0.00035920556,0.00018299639,0.000168971,7.757626e-05,-1.5394116e-05,-6.2037798e-05,-5.6209748e-05,-4.5710945e-05,-4.6490703e-05,-4.1362786e-05,-3.5155146e-05,0,0,0
-0.027789999999999999,0.0069495067,0.010184625,0.014903501,0.022754638,0.032863908,0.047842011,0.071561158,0.1047059,0.15451673,0.22453015,0.32960501,0.4868423,0.68709809,0.94176656,0,0,0,1.5573345,1.4452313,1.274076,0.98235685,0.69157082,0.41537225,0.24206832,0.12947035,0.047907975,0.015620525,0.0062844371,-0.0023738143,-0.0076311887,-0.0068266876,-0.0050522168,-0.00099224516,0.0081065334,0.021948967,0.038836133,0.058672234,0.080668218,0.10264073,0.12660328,0.14946091,0.17048767,0.19199257,0.2119855,0.21900113,0.22158128,0.22053275,0.20323682,0,0,0,0,0.073631175,0.05660376,0.043013647,0.029533148,0.022591937,0.016358938,0.010353901,0.0073505524,0.0048683425,0.0030048045,0.0020418367,0.0012323041,0.00062755885,0.00032879089,0.00010036868,-5.5588418e-05,-0.0001189335,-0.00017684269,-0.00024254731,-0.00031286551,-0.00038850179,-0.00046558262,-0.000472396,-0.00044833354,-0.00039829672,-0.00026577435,-0.00010738894,6.1812207e-05,0.00020037565,0.00028288222,0.00034358416,0,0,0,0.00017365655,9.0546877e-05,1.755988e-05,1.6188034e-05,4.1538879e-05,0.00013406503,0.00034271379,0.00051493692,0.00064410345,0.00070612895,0.00062038418,0.00039838403,0.00033695519,0.00015416635,-0.00012230793,-3.9023224e-05,4.8076054e-05,0.00011715121,0.000192716,0.00035503399,0.00045326832,0.00028152327,0.00023075451,0.00019527998,0.00010176212,4.4206685e-05,7.5267926e-06,-2.545851e-06,-1.4028336e-05,-2.649801e-05,-2.1746913e-05,0,0,0
0.01634,0.0072918013,0.010723047,0.015139216,0.023100592,0.033802215,0.047675014,0.070950471,0.10466278,0.14882047,0.2155333,0.31863382,0.45445356,0.63674277,0.84644765,0,0,0,1.4103613,1.294782,1.1315548,0.87810642,0.62617058,0.40094641,0.22452435,0.13192751,0.061213672,0.014825361,0.0059211534,-0.0019110044,-0.0077611315,-0.0070393779,-0.0037727477,0.0015609547,0.011818117,0.027154075,0.045892984,0.067444928,0.090500921,0.11545698,0.14057119,0.16484047,0.1880288,0.20820925,0.22765781,0.23977467,0.24021313,0.23683526,0.22424263,0,0,0,0,0.09242931,0.070508987,0.056324463,0.042420249,0.029481031,0.021188047,0.013823089,0.0082085291,0.0055419323,0.0036333126,0.0022038564,0.0013691798,0.0007416865,0.0003196511,0.000123023,-7.7974473e-06,-8.4876621e-05,-0.00015208246,-0.00023194191,-0.00031575098,-0.0004109912,-0.00050523953,-0.0005652273,-0.00052224688,-0.0004262554,-0.00026871037,-7.5080323e-05,0.00012430846,0.00030608338,0.00039482696,0.00045636651,0,0,0,0.00025975806,0.00014843118,5.4201337e-05,-1.4680109e-05,-2.2052549e-05,2.1432237e-05,0.00011026237,0.0002125109,0.00026177644,0.00025678918,0.00016683099,-5.6819859e-05,-0.00026463004,-0.00037534887,-0.00048863946,-0.00044409526,-0.00018977828,-7.4187056e-07,0.0001128871,0.00027406946,0.00038643408,0.00038092639,0.00029928412,0.00023942642,0.00016740452,9.3497372e-05,4.8633843e-05,2.0954105e-05,7.3672973e-06,-5.5743599e-06,-1.0384271e-05,0,0,0
0.060479999999999999,0.007388189,0.011050155,0.015688399,0.023052646,0.034042206,0.047927611,0.068380982,0.1021029,0.14523865,0.20188388,0.2916021,0.40463427,0.54878336,0.72788477,0,0,0,1.2294863,1.1484708,0.99260181,0.7851792,0.56870228,0.37622568,0.21650535,0.11858544,0.060892887,0.021041408,0.005823906,-0.001071468,-0.0061020646,-0.0065300269,-0.0024906124,0.0036055592,0.013682813,0.030383136,0.050877716,0.074561402,0.099346071,0.12598929,0.153264,0.17920284,0.20334369,0.22555707,0.24442567,0.25445575,0.25420031,0.24472612,0.23138894,0,0,0,0,0.10897093,0.085424058,0.066481888,0.050839804,0.035845999,0.024759626,0.016870674,0.01013698,0.0061188992,0.0041526477,0.00250422,0.0014441611,0.00081981847,0.00038016582,0.00013983586,1.9558629e-05,-4.7925336e-05,-0.00011754971,-0.00020054035,-0.00029935723,-0.00043270731,-0.00057209114,-0.0006770094,-0.00063717074,-0.00050215441,-0.00030921565,-8.3146901e-05,0.00018970571,0.00047605307,0.00063357118,0.00068405329,0,0,0,0.00037295202,0.00023376492,0.0001107091,-4.0005298e-06,-7.1099807e-05,-8.5411513e-05,-7.1991308e-05,-4.14598e-05,-5.0395851e-05,-0.00013285482,-0.00027109589,-0.0004091755,-0.00058754178,-0.00061635865,-0.00059925835,-0.00059284759,-0.00038134347,-0.00014715797,5.5432596e-05,0.00022711746,0.00031959679,0.00037146636,0.00031131812,0.00024653578,0.00018753413,0.00012251167,7.8606281e-05,4.4088141e-05,2.3308681e-05,8.8375737e-06,-1.3869642e-06,0,0,0
0.10462,0.0074615427,0.01113295,0.015946429,0.022581067,0.033350229,0.047428515,0.064616576,0.095369585,0.13548133,0.18406144,0.26012483,0.36177722,0.48243338,0.63353127,0,0,0,1.0165644,0.97200167,0.84250885,0.66714525,0.47648674,0.31362173,0.19209604,0.1070791,0.059575986,0.026164288,0.0065234043,-0.00058686006,-0.0047011226,-0.0061775167,-0.0020555952,0.005076109,0.015226057,0.03287603,0.054591291,0.079719864,0.1063075,0.13391677,0.1638023,0.19209476,0.2137959,0.23673923,0.25077236,0.25831255,0.2634151,0.25389963,0.23957771,0,0,0,0,0.11795549,0.09635096,0.075018331,0.058494553,0.043246198,0.028922867,0.019698426,0.012240901,0.0065886192,0.004348536,0.0027449906,0.0014544381,0.00081335317,0.00041297259,0.00012480665,5.2412375e-05,4.804926e-05,3.1054289e-05,-7.5340715e-05,-0.00023135314,-0.00042048283,-0.00060743972,-0.00075909484,-0.00079465046,-0.00059383275,-0.00027210629,0.00010235956,0.00043275286,0.00072837074,0.00095209049,0.00095963309,0,0,0,0.00052085798,0.00034074241,0.00018545901,4.5267494e-05,-9.0431487e-05,-0.00015272456,-0.00018183792,-0.00023100298,-0.00025132118,-0.00031317971,-0.00045945364,-0.00054958096,-0.00068279711,-0.00086147361,-0.0007858391,-0.00072421296,-0.00055812451,-0.00027573243,-4.7007223e-05,0.00018362195,0.00025930442,0.0003001538,0.00031932956,0.00025289357,0.00019264795,0.00013868127,9.3844297e-05,5.8937108e-05,3.1775762e-05,1.7278689e-05,6.9997554e-06,0,0,0
0.14874999999999999,0.0075158444,0.010862264,0.015770813,0.022165317,0.031596437,0.045331266,0.062192656,0.087255634,0.12539069,0.17205836,0.233069,0.31917632,0.41603351,0.52269191,0,0,0,0.82579553,0.76861799,0.67756587,0.54975116,0.4068543,0.2803711,0.18214111,0.10817741,0.054893736,0.026619276,0.0087010441,-0.00074872636,-0.0038857539,-0.0051554185,-0.0018889393,0.0060983561,0.017258532,0.033614278,0.056389511,0.082554162,0.11074334,0.13805331,0.16721398,0.19710554,0.2186915,0.24060304,0.26039389,0.26644033,0.26895615,0.26395121,0.24369167,0,0,0,0,0.12461717,0.1049934,0.085626237,0.064787753,0.048039548,0.032911088,0.020435549,0.013215892,0.007734539,0.0043704109,0.0028342165,0.0015913037,0.00076521974,0.00047167015,0.00029028076,0.00021988509,0.00021737941,0.00019589404,0.00011353828,-9.7294382e-05,-0.00034549524,-0.00063790585,-0.00085775653,-0.00086696795,-0.00068416662,-0.00025001122,0.00023138116,0.00066029566,0.00097397226,0.0012456597,0.0013466883,0,0,0,0.00071381102,0.00048742749,0.00028331435,0.00011728115,-4.2454412e-05,-0.00017401749,-0.00022196565,-0.00028506329,-0.00035372583,-0.00042191977,-0.00056351715,-0.0007313806,-0.00083472766,-0.00090074277,-0.0008907895,-0.0007219332,-0.00051266636,-0.00030569214,-9.088558e-05,0.0001122402,0.00025397775,0.00027722219,0.00026846273,0.00024888382,0.00018860304,0.00013826019,9.8653778e-05,6.5854838e-05,4.0046023e-05,2.2358257e-05,1.2119799e-05,0,0,0
0.19289000000000001,0.0073991045,0.010709309,0.015204482,0.021308789,0.030416723,0.042693697,0.059300657,0.082027107,0.11315651,0.15401097,0.20257127,0.26831743,0.34781411,0.43335319,0,0,0,0.67031401,0.62064654,0.55752796,0.46896815,0.34657073,0.23897961,0.15305622,0.092613749,0.050473206,0.024399169,0.009266221,0.00069643871,-0.003601602,-0.0043782406,-0.0014062589,0.0057259239,0.017681202,0.033690583,0.05515131,0.081140339,0.10986909,0.13775046,0.16739452,0.19885208,0.22429763,0.2454225,0.26279584,0.26840505,0.2622492,0.25526765,0.24088491,0,0,0,0,0.12872082,0.10814431,0.089401551,0.067786984,0.04990004,0.035204999,0.022049697,0.013397534,0.0081862276,0.0046755667,0.0028368437,0.0017140025,0.00086741598,0.00051168445,0.00038915355,0.00036013772,0.00037754417,0.00040278691,0.00041348435,0.00020408393,-0.00018906847,-0.00064232352,-0.00098194578,-0.0010037776,-0.00083022704,-0.00036712733,0.00037407671,0.0011010102,0.0015828848,0.0018413113,0.0018747292,0,0,0,0.0009561698,0.00067163061,0.0004085073,0.00020967488,3.1274896e-05,-0.00013662361,-0.00023173793,-0.00031594315,-0.00042431217,-0.00052304205,-0.00060670421,-0.00073392468,-0.00078147126,-0.00076785916,-0.00078358094,-0.00067143305,-0.00046081096,-0.00025360848,-7.1481627e-05,7.0483205e-05,0.00020809968,0.00023661222,0.0002235813,0.000216817,0.00017654052,0.00013125602,9.5401701e-05,6.6417335e-05,4.281884e-05,2.4050241e-05,1.1813563e-05,0,0,0
0.23702999999999999,0.0071357624,0.010442211,0.014556234,0.020414816,0.029025717,0.039610706,0.0543814,0.073999166,0.099682592,0.13495424,0.17712381,0.23058976,0.29455251,0.36084196,0,0,0,0.53872675,0.49442619,0.43185788,0.36036506,0.26347423,0.18861456,0.12726621,0.083102338,0.049663495,0.023149293,0.0083170356,0.0011967316,-0.0035758212,-0.0040878314,-0.0011764836,0.0044992473,0.016110463,0.031958826,0.051528301,0.077309251,0.10665269,0.13562173,0.16550885,0.19464287,0.22241125,0.2384946,0.2523858,0.26534271,0.25815323,0.24830683,0.23857406,0,0,0,0,0.12755156,0.10747076,0.090640798,0.070235975,0.051031377,0.036267437,0.023570063,0.013337963,0.0082897712,0.0049052038,0.0027515662,0.0016689826,0.00090816384,0.00046394908,0.00048242733,0.00065223174,0.00089444133,0.00095437659,0.00089793326,0.00071460381,0.00015053965,-0.00046966886,-0.0010957898,-0.0010668476,-0.00063358608,7.2615832e-05,0.0010259904,0.0017709804,0.0024046123,0.0025559468,0.0024834727,0,0,0,0.0012177774,0.00088080997,0.00056780112,0.00031715792,0.00011871159,-6.8123009e-05,-0.00022022164,-0.00030286083,-0.00039271128,-0.00048592803,-0.00053515675,-0.00061873975,-0.0007256837,-0.00067903311,-0.00064135838,-0.00060590019,-0.00041700315,-0.00023035695,-7.994278e-05,3.2518798e-05,0.00014438547,0.00021451135,0.00019756853,0.00018023844,0.00015957674,0.0001223069,9.0736277e-05,6.5123124e-05,4.2288117e-05,2.4098304e-05,1.0491652e-05,0,0,0
0.28116999999999998,0.0067391344,0.0099645602,0.013969992,0.018909406,0.026728496,0.036836371,0.049107704,0.066716909,0.090378717,0.11878419,0.15434285,0.19640736,0.24274124,0.29261941,0,0,0,0.4046582,0.37239096,0.3288343,0.2820425,0.22555923,0.16556455,0.11343089,0.070605308,0.042572353,0.02092276,0.0059164064,0.00048966991,-0.0029713854,-0.0045490498,-0.0017154322,0.0042049405,0.013216789,0.029104218,0.04868646,0.071171977,0.099303938,0.12763733,0.15588216,0.18399276,0.21210174,0.23498893,0.24605799,0.25657064,0.25694105,0.23969914,0.22391318,0,0,0,0,0.12394959,0.10542148,0.089017123,0.069997802,0.051049795,0.03506837,0.023469219,0.014027969,0.0076953871,0.0046697487,0.0027410169,0.0015514221,0.001007133,0.0007652744,0.00079623988,0.0010505595,0.0013857078,0.0015733748,0.0014676744,0.00124447,0.00078200793,2.5292498e-05,-0.00066311925,-0.00094828365,-0.00038051204,0.00047153889,0.001583387,0.0023936059,0.0031215416,0.0035614676,0.0033590684,0,0,0,0.0015486327,0.001130422,0.0007664545,0.00046643498,0.00021922393,2.3455339e-05,-0.00013996846,-0.00025269689,-0.00033752382,-0.00042620263,-0.00049331237,-0.0005438418,-0.00059427851,-0.00059642916,-0.00052031403,-0.00045435815,-0.00035479097,-0.00018388446,-4.3846496e-05,6.2701482e-05,0.00013945052,0.00017451801,0.0001801396,0.00015813469,0.00013843989,0.00011345696,8.4071718e-05,5.9757705e-05,3.8808994e-05,2.1433705e-05,8.0211821e-06,0,0,0
0.32529999999999998,0,0,0,0,0,0,0,0,0,0,0,0,0,0,0,0,0,0,0,0,0,0,0,0,0,0,0,0,0,0,0,0,0,0,0,0,0,0,0,0,0,0,0,0,0,0,0,0,0,0,0,0,0,0,0,0,0,0,0,0,0,0,0,0,0,0,0,0,0,0,0,0,0,0,0,0,0,0,0,0,0,0,0,0,0,0,0,0,0,0,0,0,0,0,0,0,0,0,0,0,0,0,0,0,0,0,0,0,0,0,0,0,0,0,0,0,0,0,0,0
0.36943999999999999,0.0062515154,0.0085880691,0.012200876,0.016711142,0.022085432,0.030412743,0.040489346,0.051968075,0.068550922,0.088543609,0.11063591,0.13740653,0.16638348,0.1951326,0,0,0,0.24990049,0.23324805,0.20689024,0.16899711,0.13690269,0.10438664,0.075491369,0.050347835,0.029391259,0.015478693,0.0051963115,-0.0018771231,-0.0042296816,-0.0047627483,-0.0043880427,0.00092900317,0.0085851485,0.018071661,0.034780957,0.054338951,0.075723372,0.10376135,0.13123022,0.15958078,0.18376599,0.20501254,0.22483791,0.2261703,0.22334681,0.21845789,0.19895767,0,0,0,0,0.10946246,0.092402622,0.077258177,0.062453505,0.045697924,0.031655423,0.020043667,0.012826352,0.007718022,0.0042027254,0.0026190239,0.0016127788,0.00094894011,0.0010418351,0.0015155232,0.0022261017,0.0031006774,0.0038287507,0.0043390635,0.0038831786,0.0030009255,0.001748497,0.00076144491,0.00031393979,0.00072691543,0.0022559303,0.0041000387,0.0058432403,0.006262837,0.0063279769,0.0060713184,0,0,0,0.0023201762,0.0017048843,0.0011711512,0.00078780274,0.00048541644,0.00021686348,2.7779666e-05,-0.00010566949,-0.00022058428,-0.00028207371,-0.00032645089,-0.00036172321,-0.000346549,-0.00032215126,-0.00029456406,-0.0002236322,-0.00015785039,-8.8719302e-05,-1.0900905e-05,5.1483665e-05,0.00010109718,0.0001191835,0.00012573163,0.00012334592,0.0001043028,8.5856358e-05,6.8097674e-05,4.692642e-05,2.8065164e-05,1.2119737e-05,-1.1745335e-06,0,0,0
0.41358,0.0058991909,0.0080134338,0.010952261,0.015113203,0.020004699,0.026837634,0.036055174,0.046607424,0.059649508,0.07616055,0.093965203,0.11312807,0.13522604,0.1568687,0,0,0,0.19065687,0.17919905,0.16106761,0.14049384,0.11465289,0.086246297,0.060806308,0.039713237,0.022382991,0.0098144608,0.0029417074,-0.002271496,-0.0050580977,-0.0052819084,-0.0046464135,-0.0017295394,0.0055904971,0.014688644,0.026215909,0.04444794,0.064425446,0.087390453,0.11393611,0.14158069,0.16883683,0.18821183,0.20611894,0.21739149,0.20940983,0.19968612,0.18771271,0,0,0,0,0.099361211,0.08398369,0.070235774,0.057647534,0.042031992,0.02921675,0.018763319,0.011014837,0.0067620268,0.0038885714,0.0023287754,0.0016622584,0.0013351982,0.001421473,0.0020767627,0.0029934361,0.0041314396,0.0050511379,0.0056846919,0.0059449621,0.0049901255,0.0034997968,0.0021683087,0.0016720722,0.0020802771,0.0033383013,0.0053270468,0.0074161035,0.0084179156,0.0080812247,0.007366783,0,0,0,0.0027685184,0.0020671966,0.0014392483,0.00094513892,0.0006208907,0.00034090396,0.00011780047,-2.1454805e-05,-0.00013431956,-0.00021783341,-0.00025397399,-0.0002734467,-0.00027812237,-0.00025345839,-0.00022128722,-0.00017808998,-0.00011233338,-4.6549692e-05,1.4946309e-05,6.4855783e-05,9.1530608e-05,0.00010664306,0.00010687101,0.00010357467,9.2764727e-05,7.4707641e-05,5.7568071e-05,3.9806109e-05,2.1380074e-05,6.6842927e-06,-4.892046e-06,0,0,0
0.45771000000000001,0.0054140524,0.007339594,0.010061451,0.013601573,0.018210152,0.024215091,0.031614173,0.040621463,0.050976168,0.06386286,0.078557268,0.093803041,0.11010562,0.12547402,0,0,0,0.15235066,0.14531639,0.127635,0.10863179,0.087363876,0.063540779,0.044625677,0.030125778,0.018229239,0.0084025944,0.0013977477,-0.0031280639,-0.0056159208,-0.0063181673,-0.0053693908,-0.003136283,0.0019234779,0.01013037,0.019530483,0.032901119,0.051906664,0.073025174,0.096472502,0.12316348,0.15078899,0.17214964,0.18551947,0.19781211,0.1975503,0.18400878,0.17175828,0,0,0,0,0.091407157,0.075930834,0.062830962,0.050800975,0.036700472,0.024751483,0.015947904,0.0097758966,0.0060744206,0.0038829907,0.0023335286,0.0016487046,0.0014936915,0.0016727968,0.00236114,0.0036753211,0.0055388818,0.0072505251,0.0079998886,0.0083625596,0.0075772852,0.0056461012,0.0037825876,0.002802209,0.003439663,0.0051157293,0.0074244984,0.0096985037,0.010740243,0.010406472,0.0091766762,0,0,0,0.0031889607,0.0023469394,0.0016679075,0.0011121593,0.00074824836,0.00046121579,0.00021695657,5.4428052e-05,-5.629272e-05,-0.00014840566,-0.00019654651,-0.00020809559,-0.0002160178,-0.00019695744,-0.00015707713,-0.00011340923,-6.1685816e-05,-1.8247007e-05,2.106264e-05,5.0966908e-05,7.3626077e-05,8.9921472e-05,9.230584e-05,8.7794448e-05,7.9408703e-05,6.445084e-05,4.8778053e-05,3.3714929e-05,1.6875199e-05,2.4411215e-06,-8.9028063e-06,0,0,0
0.50185000000000002,0.0049926229,0.0067062038,0.0092056291,0.012129957,0.01604075,0.021110823,0.027255526,0.034929678,0.043728389,0.054155204,0.065939657,0.077895597,0.090112619,0.1014328,0,0,0,0.11663891,0.11041631,0.094003893,0.080496453,0.067335799,0.05220456,0.037416544,0.024191909,0.013728881,0.0054704258,-0.00109647,-0.0048428718,-0.0063189147,-0.0070802616,-0.00610669,-0.0041509909,-0.001497301,0.0053134295,0.01422736,0.02231219,0.038835704,0.059230026,0.080323622,0.1044092,0.1302326,0.15714328,0.16897325,0.17790858,0.18664657,0.17268655,0.15742724,0,0,0,0,0.082527921,0.066785648,0.053991292,0.043382954,0.032234713,0.021934578,0.014738034,0.0093700262,0.0054865465,0.0034998867,0.0021723551,0.0014046623,0.0015614642,0.0021801246,0.0032336258,0.0049940087,0.0072098942,0.0098325815,0.010544238,0.010752447,0.010514923,0.0082189012,0.0060772537,0.0046885852,0.005451174,0.0072816187,0.0098446524,0.01212175,0.013037602,0.013179636,0.011121442,0,0,0,0.0036038458,0.0026254277,0.0019058918,0.0013132886,0.00086899596,0.00056848326,0.00031805423,0.00012075708,1.3179144e-05,-7.4488133e-05,-0.00014343193,-0.00015200891,-0.00015219764,-0.00014977121,-0.00011834678,-8.5284133e-05,-5.5111756e-05,-1.6875685e-05,1.857309e-05,4.7131503e-05,6.5476117e-05,7.7460179e-05,8.2443883e-05,7.7026278e-05,6.9328977e-05,5.8198617e-05,4.2488817e-05,2.7778231e-05,1.1707089e-05,-2.5238676e-06,-1.3579912e-05,0,0,0
0.54598999999999998,0.0046135876,0.0059828185,0.0081560649,0.010836443,0.013982897,0.018398149,0.023901982,0.030123187,0.037300546,0.045671329,0.054518055,0.06387224,0.073103882,0.081689283,0,0,0,0.089169584,0.085075878,0.077203564,0.065207876,0.053092416,0.040511645,0.027750013,0.016550571,0.0077368123,0.0023786633,-0.0020543686,-0.0054373955,-0.0067008985,-0.0072157667,-0.0070788334,-0.0052422783,-0.002883553,0.00046153489,0.0087280478,0.016675737,0.026342537,0.045589432,0.066569284,0.087650321,0.11133581,0.13689403,0.15669987,0.16138661,0.16644509,0.16487975,0.1467021,0,0,0,0,0.072389826,0.059324134,0.047541805,0.038016848,0.028381199,0.019046435,0.012045032,0.0076498338,0.0046618762,0.002999512,0.0021349192,0.0017217211,0.0018206829,0.0026736141,0.004000837,0.0058600637,0.0084105609,0.011493516,0.013432032,0.013363111,0.012717753,0.01099803,0.0085428366,0.0070080175,0.0069641927,0.0089660352,0.011659588,0.014421824,0.014936527,0.014340599,0.012844864,0,0,0,0.0041090818,0.0029716252,0.0020969845,0.0014674927,0.0009937447,0.00065286661,0.00040535789,0.00020343572,7.2561394e-05,-1.0719043e-05,-7.8079654e-05,-0.00011117836,-0.0001135425,-0.00011128006,-9.6471755e-05,-6.4605621e-05,-3.496341e-05,-5.3152708e-06,2.4572084e-05,4.4762135e-05,5.9496651e-05,6.7348519e-05,7.1022587e-05,6.9432092e-05,6.1945306e-05,5.0373626e-05,3.6825964e-05,2.2292144e-05,7.4822519e-06,-5.0756717e-06,-1.3704295e-05,0,0,0
0.59011999999999998,0.0041919635,0.0054566404,0.0072128251,0.0096649602,0.012464155,0.01581387,0.020432847,0.025497889,0.031199113,0.037981585,0.045134999,0.052266426,0.058934554,0.065013997,0,0,0,0.071359143,0.066269942,0.05885686,0.048805706,0.037582565,0.028394457,0.020007936,0.012472973,0.0057485281,0.00055010041,-0.003162731,-0.0060850098,-0.0076083448,-0.0078046834,-0.0074075535,-0.0061202175,-0.0039103972,-0.0017078805,0.0032921741,0.010997239,0.018504102,0.031862549,0.052367218,0.072986588,0.094524503,0.11719341,0.13843241,0.14846417,0.15015069,0.15047137,0.13799973,0,0,0,0,0.064161956,0.052743509,0.040893272,0.031221427,0.022880504,0.015214158,0.0099788904,0.0066406014,0.0044943364,0.0029145167,0.0020451313,0.0017858972,0.0019613486,0.0028029315,0.0045451797,0.0069673387,0.01002587,0.013449102,0.016114695,0.016535766,0.015494124,0.013764736,0.011051531,0.009118042,0.0087738335,0.010456669,0.013129269,0.016178334,0.017327718,0.016183862,0.014566678,0,0,0,0.0044100168,0.0031920841,0.0022631965,0.0015907538,0.0011022991,0.00074341445,0.00047895286,0.00027553417,0.00013023541,3.5645517e-05,-2.8374672e-05,-6.9818016e-05,-7.9348152e-05,-7.5356191e-05,-6.55814e-05,-4.270771e-05,-2.0818816e-05,-2.5858938e-07,2.0610136e-05,3.8744176e-05,5.316269e-05,6.1132661e-05,6.3440108e-05,6.2581457e-05,5.6324352e-05,4.4727349e-05,3.2167671e-05,1.8976461e-05,5.2953428e-06,-7.3503384e-06,-1.543229e-05,0,0,0
0.63426000000000005,0.0037938931,0.0049569709,0.006337672,0.0083721895,0.01077993,0.013458387,0.017259292,0.021595838,0.026227022,0.031579167,0.037202489,0.042769715,0.04783399,0.052259952,0,0,0,0.054084327,0.048422258,0.043309681,0.037066925,0.029811399,0.022483729,0.014992465,0.0084078647,0.002679501,-0.0021345087,-0.005115563,-0.0066953474,-0.0078259055,-0.0076187477,-0.0071187918,-0.0065525128,-0.0048510414,-0.0029740825,-0.0012052661,0.005330855,0.012807495,0.02159051,0.03995426,0.059609778,0.080862157,0.10111038,0.12029115,0.13732348,0.13771193,0.13560368,0.12940913,0,0,0,0,0.055614889,0.045028348,0.034435932,0.026177295,0.019795833,0.013727453,0.0091419732,0.0058475076,0.0039422549,0.0026069968,0.0017154384,0.0017286538,0.0022672489,0.0032347364,0.0053270124,0.0081439856,0.011638333,0.015292672,0.018383835,0.020037154,0.018188413,0.01581141,0.012554368,0.010642642,0.010477279,0.011854354,0.014535758,0.017552977,0.020064786,0.017815234,0.01518589,0,0,0,0.0046477583,0.0033824586,0.0024421187,0.001687817,0.0011814008,0.00082230242,0.00052898994,0.00033040621,0.0001850167,7.475265e-05,1.3807993e-05,-2.6805083e-05,-4.9945349e-05,-5.0626084e-05,-4.6642301e-05,-3.5146248e-05,-1.5165361e-05,3.7693487e-06,2.2017026e-05,3.7831276e-05,5.0161212e-05,5.801607e-05,5.8231388e-05,5.614254e-05,5.1849071e-05,4.0823696e-05,2.8234761e-05,1.52796e-05,2.8545317e-06,-9.5603309e-06,-1.7189108e-05,0,0,0
0.6784,0,0,0,0,0,0,0,0,0,0,0,0,0,0,0,0,0,0,0,0,0,0,0,0,0,0,0,0,0,0,0,0,0,0,0,0,0,0,0,0,0,0,0,0,0,0,0,0,0,0,0,0,0,0,0,0,0,0,0,0,0,0,0,0,0,0,0,0,0,0,0,0,0,0,0,0,0,0,0,0,0,0,0,0,0,0,0,0,0,0,0,0,0,0,0,0,0,0,0,0,0,0,0,0,0,0,0,0,0,0,0,0,0,0,0,0,0,0,0,0
0.72253000000000001,0.0029739216,0.0038526994,0.004931693,0.0063208006,0.0079623424,0.0099222763,0.012198672,0.014945194,0.017996186,0.021129386,0.024480168,0.027607702,0.030503912,0.032778647,0,0,0,0.032025479,0.029006798,0.024868734,0.019163748,0.014517874,0.010232059,0.0059445561,0.0019438532,-0.0013800892,-0.0039561335,-0.0059311003,-0.0071123634,-0.0075711329,-0.0072241831,-0.0064933845,-0.0055449749,-0.0048507345,-0.0039129211,-0.0021637527,-0.00022727733,0.0032404254,0.011402489,0.021745592,0.035845757,0.053570647,0.073116817,0.09019468,0.10040566,0.1104179,0.11250202,0.10283793,0,0,0,0,0.04293213,0.033976648,0.024742713,0.017596669,0.012572914,0.0089384746,0.0062960861,0.0044572949,0.0030984164,0.0022609457,0.0018770923,0.0018283501,0.0024629808,0.0038871574,0.0059311539,0.0090477522,0.013009043,0.017475056,0.021269944,0.021778088,0.021532094,0.019421885,0.01533127,0.012049114,0.011199904,0.012688812,0.015035556,0.017396953,0.019147651,0.019032633,0.016603135,0,0,0,0.0050114417,0.0035042912,0.0025539217,0.0018334339,0.0012732891,0.00090126082,0.00062845752,0.0004065352,0.00025209595,0.00014986859,6.9562331e-05,2.0334886e-05,-2.0461273e-06,-1.451312e-05,-1.5924836e-05,-1.0308086e-05,-6.5409353e-07,1.1183926e-05,2.3360599e-05,3.522835e-05,4.3900975e-05,4.9719871e-05,5.2594427e-05,4.9688533e-05,4.3668915e-05,3.5337329e-05,2.3582952e-05,1.2126641e-05,1.1839882e-06,-8.9268106e-06,-1.4846159e-05,0,0,0
0.76666999999999996,0.0026417144,0.0033659383,0.0042598541,0.0054041888,0.0067333314,0.0083401389,0.010190662,0.012356287,0.014744927,0.017165152,0.019735504,0.022110019,0.024207603,0.025926078,0,0,0,0.023037022,0.020735512,0.01815621,0.01448857,0.010555523,0.006698275,0.002979157,-0.00045568059,-0.0034763003,-0.0054125367,-0.0061666071,-0.0066606738,-0.0064489655,-0.0059753652,-0.0054765223,-0.0046557961,-0.0039452566,-0.0038367936,-0.0025050663,-0.00047787966,0.00058646488,0.0070590936,0.016649252,0.027705416,0.042541955,0.060007539,0.079540782,0.087191306,0.092927702,0.099118128,0.091245472,0,0,0,0,0.035669059,0.027958242,0.020806476,0.015160776,0.011154651,0.0080198916,0.0055155163,0.0038810407,0.0026968494,0.0018747131,0.0017398181,0.001939222,0.0025118354,0.0040404284,0.0062866728,0.0092468634,0.01325866,0.017813331,0.022626257,0.022510732,0.02094616,0.018793037,0.015050773,0.0119077,0.01036427,0.011965164,0.014520353,0.017448243,0.018353533,0.017663803,0.015896384,0,0,0,0.0049231388,0.003496014,0.00251119,0.0018364989,0.0013051139,0.00090789347,0.00064596115,0.00043401658,0.00026596134,0.00016890361,9.3789116e-05,3.6701265e-05,1.1542644e-05,-2.4948145e-06,-9.8161399e-06,-5.6907043e-06,3.5814501e-06,1.4025025e-05,2.5042442e-05,3.5859768e-05,4.3481064e-05,4.6932753e-05,4.8116308e-05,4.6414974e-05,4.0403662e-05,3.2646814e-05,2.1122274e-05,1.0611041e-05,7.4321377e-07,-9.944888e-06,-1.3992912e-05,0,0,0
0.81081000000000003,0.0022805566,0.002929748,0.0036550092,0.0046177064,0.005766144,0.0070135207,0.0084520215,0.010167631,0.011947651,0.01380779,0.015697975,0.017479958,0.018780947,0.019672289,0,0,0,0.017956179,0.015556505,0.012896378,0.0098003345,0.0061667915,0.0026337085,-0.0002072206,-0.0021643639,-0.0038238573,-0.0051182932,-0.0055466848,-0.005731395,-0.005672175,-0.0050362903,-0.00441432,-0.0035856832,-0.0025842139,-0.0021211514,-0.001872094,-0.00017106404,0.0013259124,0.0035994819,0.012254816,0.023102166,0.033398472,0.047059931,0.062126089,0.073405847,0.076816142,0.080592074,0.080612734,0,0,0,0,0.030664071,0.023889992,0.017726129,0.012581151,0.0089472653,0.006403123,0.0044887965,0.0032929422,0.0024662286,0.001912627,0.0016909303,0.0019956504,0.0026588147,0.0038942306,0.0062641418,0.0093616322,0.01284678,0.016679099,0.020425821,0.022031946,0.020032633,0.017528633,0.014429643,0.011326306,0.0097869355,0.010251685,0.012486816,0.014853141,0.016739516,0.016160257,0.014281791,0,0,0,0.0047309189,0.0034326112,0.0024855461,0.0017938493,0.0012953856,0.00091246865,0.00064029393,0.00044222156,0.00028543701,0.00017711906,0.0001059061,5.156011e-05,1.8545396e-05,5.6899057e-06,-7.5093396e-07,-3.2604757e-07,8.1588196e-06,1.6422235e-05,2.5092377e-05,3.3210054e-05,4.0161172e-05,4.4572276e-05,4.5277116e-05,4.3446391e-05,3.8511585e-05,3.0704119e-05,2.0187807e-05,9.5199548e-06,1.4942594e-06,-7.0898586e-06,-1.3646571e-05,0,0,0
0.85494000000000003,0.0019644925,0.0025446764,0.0031742328,0.0039006122,0.0048374259,0.0058388147,0.0069299438,0.0082639167,0.0096421549,0.010992844,0.012281444,0.013538019,0.014558154,0.015175587,0,0,0,0.012628654,0.010439447,0.007678729,0.0054347091,0.003151567,0.00092014734,-0.0011563045,-0.0028796457,-0.0041238978,-0.0050980896,-0.0054903291,-0.0053089163,-0.0044368235,-0.0033813319,-0.0022349381,-0.0013775087,-0.0007168359,-0.00028952517,-0.0002773306,0.00026057026,0.0018049198,0.0032548571,0.0078324741,0.016536277,0.025378494,0.035864484,0.048092909,0.059191942,0.064286359,0.065532848,0.066344485,0,0,0,0,0.025016995,0.018600855,0.013533283,0.009724048,0.0072467132,0.005550568,0.0041211601,0.002998987,0.0022290731,0.0017829298,0.0016064795,0.0018692022,0.0026258926,0.0037989039,0.0057832496,0.0087427469,0.012130292,0.015655339,0.018939858,0.021181194,0.019863186,0.016346695,0.012868402,0.0096230553,0.0082212221,0.0084874872,0.01035267,0.012597125,0.014785241,0.015104539,0.012868752,0,0,0,0.0044675218,0.0032524655,0.0023686641,0.0017113197,0.0012409771,0.00089371268,0.00063474034,0.00044047981,0.00029228424,0.0001823106,0.00010977003,5.9461006e-05,2.5270056e-05,1.0864335e-05,4.201841e-06,2.6637408e-06,8.4332933e-06,1.6251588e-05,2.4711433e-05,3.2529191e-05,3.8889702e-05,4.3477641e-05,4.3617019e-05,4.0861047e-05,3.565698e-05,2.8347273e-05,1.9235085e-05,8.6991849e-06,6.5643343e-07,-5.7872098e-06,-1.292664e-05,0,0,0
0.89907999999999999,0.001673655,0.0021483176,0.0026809606,0.0032552781,0.0040173614,0.0048424066,0.0056951889,0.0066787153,0.0077154846,0.0087329345,0.0096573774,0.010507548,0.011195792,0.01142052,0,0,0,0.0083334306,0.0069378028,0.0051409113,0.0031954213,0.0011324006,-0.00079884805,-0.0025544649,-0.0041165827,-0.0048019211,-0.0046543437,-0.0043077143,-0.0033381914,-0.0022609502,-0.0012631158,-0.00014072032,0.00072916487,0.0012265693,0.0016577845,0.001839426,0.0015774531,0.0023130032,0.0035413301,0.0054939045,0.011758894,0.019552631,0.028389208,0.037210457,0.045354571,0.051195651,0.051646326,0.051501274,0,0,0,0,0.019563075,0.014988856,0.011655076,0.0086572599,0.0064259204,0.0048179771,0.0035682472,0.0025731032,0.0018470043,0.0015856004,0.0015747334,0.0017768734,0.0025126468,0.0037064669,0.0053013614,0.0080726137,0.01143557,0.01493776,0.017175289,0.018496662,0.017475581,0.014116109,0.010669635,0.0073044202,0.0060800347,0.0065561193,0.0083043892,0.010224017,0.011837118,0.013083968,0.01118454,0,0,0,0.0040171258,0.0029740722,0.0022213834,0.0016464479,0.0011909459,0.00086444186,0.00061761547,0.00042174628,0.00028345757,0.00017971828,0.00010680674,6.0796992e-05,2.7622984e-05,1.1553762e-05,5.478239e-06,4.3562495e-06,9.5385976e-06,1.71186e-05,2.5082145e-05,3.2335091e-05,3.6981783e-05,3.9770479e-05,4.0675011e-05,3.8048402e-05,3.3097487e-05,2.5690151e-05,1.7720135e-05,8.4249732e-06,-1.5315985e-06,-5.9795884e-06,-1.1833899e-05,0,0,0
0.94321999999999995,0.0014146528,0.0017990292,0.0022554214,0.0027432099,0.0033289399,0.0039770221,0.0046417387,0.0053523909,0.0061160647,0.0068350695,0.007468665,0.0079151439,0.0081673274,0.0082633626,0,0,0,0.0056500765,0.0041858829,0.0025775081,0.00072973932,-0.0011682921,-0.0025412594,-0.0032466899,-0.0037322768,-0.0039323657,-0.0034106055,-0.0027256061,-0.0018756327,-0.0005371712,0.00067269243,0.0022093253,0.0035842997,0.0043666326,0.0045814905,0.0044741048,0.003979261,0.00334668,0.0041717682,0.0058826911,0.008350349,0.013836518,0.01997439,0.02669644,0.032930873,0.036860272,0.039592993,0.038120877,0,0,0,0,0.016398408,0.012392371,0.0095152268,0.0070563653,0.0052047651,0.0039456682,0.0030477187,0.0023137436,0.0017792322,0.001467953,0.0015142574,0.001774405,0.0023232261,0.0035015461,0.005041711,0.0070163272,0.009769409,0.012435531,0.01476573,0.015689366,0.014383861,0.011968313,0.0084539419,0.0054525067,0.0038072953,0.0044264393,0.0060188943,0.0078080394,0.0091397455,0.010067893,0.0095071485,0,0,0,0.0036947641,0.0027684087,0.0020587656,0.0015342385,0.0011182844,0.00080121704,0.00057478459,0.00040229526,0.00026784191,0.00017242052,0.00010494109,5.6845351e-05,2.6373404e-05,1.1170896e-05,5.373664e-06,4.8572133e-06,8.9988935e-06,1.6560565e-05,2.2913378e-05,2.9094368e-05,3.5144905e-05,3.7459828e-05,3.7809961e-05,3.6189194e-05,3.1281612e-05,2.4002635e-05,1.5485819e-05,7.3557298e-06,-1.2088396e-06,-8.0976024e-06,-1.2224863e-05,0,0,0
0.98734999999999995,0.0011906169,0.00151508,0.0018690226,0.0022594959,0.0027101003,0.0032106678,0.0037242211,0.0042415941,0.0047783507,0.0052281697,0.0056302682,0.0059398883,0.0060527343,0.0060313861,0,0,0,0.0030295956,0.0014892229,0.00034528744,-0.00074561191,-0.0017746048,-0.002679738,-0.0032484129,-0.0033830223,-0.0033298277,-0.0027852431,-0.0016445726,0.00018521777,0.0021936388,0.0042334218,0.0058914479,0.0071058148,0.0076941843,0.0076060528,0.007301026,0.006528344,0.0053671161,0.0047754603,0.0053252042,0.0064523709,0.0091470871,0.01358265,0.018614581,0.023358207,0.025832748,0.028243082,0.028791225,0,0,0,0,0.011988342,0.0089282095,0.007128627,0.0057207518,0.0045131752,0.0035220005,0.0027089363,0.0020499087,0.0015992232,0.0013241753,0.0013484989,0.0016692013,0.0021606919,0.0030444881,0.0044068377,0.0060839802,0.0082715778,0.010499674,0.012603201,0.013540016,0.01189208,0.0094923945,0.0065917457,0.0039401772,0.0022029257,0.0022606652,0.0037649418,0.0056026909,0.0069780569,0.0076881666,0.0076719844,0,0,0,0.0032625711,0.0024492501,0.0018207683,0.0013688741,0.0010262721,0.00074790895,0.00053778244,0.00037688072,0.00024815678,0.00015445965,9.2817463e-05,4.8298287e-05,2.0901261e-05,7.4463724e-06,3.3342471e-06,3.5124879e-06,6.8410841e-06,1.5030037e-05,2.2084469e-05,2.7665455e-05,3.3799039e-05,3.6086145e-05,3.533038e-05,3.3143715e-05,2.8745148e-05,2.202416e-05,1.3413412e-05,5.1789916e-06,-2.2425154e-06,-9.6644426e-06,-1.5384809e-05,0,0,0
1.03149,0.00098054204,0.0012372702,0.001522645,0.001833993,0.0021819612,0.0025717737,0.0029509566,0.0033094913,0.0037038147,0.004008404,0.0042274115,0.0043795742,0.0043030176,0.0040356345,0,0,0,0.0013626673,0.00038363089,-0.0006362964,-0.0016417361,-0.0024796836,-0.0031540752,-0.0036822909,-0.003319968,-0.002222904,-0.00094381336,0.0011203062,0.0033077253,0.0053063352,0.00744825,0.0092128729,0.010494626,0.011318459,0.011266932,0.010937279,0.0096530644,0.007803909,0.006137995,0.0056998809,0.0059334226,0.0067722532,0.0092821531,0.012499551,0.016098157,0.017968863,0.019198013,0.020250788,0,0,0,0,0.009187609,0.0075558405,0.0061912504,0.0049574762,0.0038667496,0.0029800227,0.0022647348,0.0016821601,0.0013877355,0.0012302558,0.0012219057,0.0015167873,0.0019996839,0.0026600671,0.0038457599,0.0053784926,0.0071203704,0.0086608175,0.009913764,0.010811339,0.0094150836,0.0069756676,0.0043236753,0.0019271889,0.00049640879,0.00025917456,0.0018013772,0.0035802405,0.005160748,0.0057770489,0.0058275997,0,0,0,0.0027517369,0.0021496031,0.0016522945,0.0012535835,0.00093821395,0.00068245386,0.00047971919,0.00033180669,0.0002149332,0.00013086273,7.7261691e-05,3.9537888e-05,1.4837262e-05,1.6730578e-06,-1.1426689e-06,1.7257065e-06,4.8667739e-06,1.2989179e-05,2.1472581e-05,2.5923086e-05,3.0299516e-05,3.3726639e-05,3.2847955e-05,3.0199923e-05,2.6173422e-05,1.9876732e-05,1.1476925e-05,7.4272367e-07,-7.3317433e-06,-1.5130278e-05,-2.2791577e-05,0,0,0
1.0756300000000001,0.00080032286,0.001002046,0.0012350986,0.0014756682,0.0017273113,0.0020196817,0.0023040299,0.0025446902,0.0027877626,0.0029865312,0.0030255925,0.0029715439,0.0028586823,0.0025554213,0,0,0,9.259073e-05,-0.00080739276,-0.0017588895,-0.0026874377,-0.0031905167,-0.0030570142,-0.0026958266,-0.002020048,-0.00048114022,0.0011886174,0.0030700045,0.0057225251,0.0080605689,0.010990179,0.013707486,0.015716476,0.016631195,0.015876096,0.014831143,0.013382848,0.010771109,0.0082384441,0.0066949539,0.0057482398,0.0053163343,0.0060914443,0.0079312464,0.0099714985,0.011531293,0.01172902,0.011971346,0,0,0,0,0.0075704679,0.0061417529,0.0050545703,0.004022025,0.003138083,0.0025056305,0.0019859998,0.0015511063,0.0012505959,0.0011307365,0.0011453852,0.0013351934,0.0018115289,0.0024113203,0.003196368,0.0043512373,0.0056409901,0.0068041435,0.0075643798,0.0079135103,0.0072473562,0.0047010579,0.0024208152,0.00048524898,-0.00027590134,-0.00030394626,0.00043780889,0.001957132,0.0032825607,0.0041645085,0.0041897548,0,0,0,0.0023867949,0.0018927789,0.0014515461,0.0010969936,0.00081114733,0.00058834819,0.00041982514,0.00028841011,0.00018813301,0.00011090622,5.8549645e-05,2.4723464e-05,3.3211604e-06,-6.9723392e-06,-7.6128276e-06,-3.1378463e-06,3.3852166e-06,1.0166126e-05,1.7969123e-05,2.446783e-05,2.7964432e-05,3.089926e-05,3.1208554e-05,2.7627835e-05,2.2872617e-05,1.5568812e-05,6.6239636e-06,-3.619823e-06,-1.369197e-05,-2.1081589e-05,-2.7459429e-05,0,0,0
1.1197699999999999,0.00065381516,0.00079609326,0.00097310683,0.0011546462,0.0013332953,0.0015436916,0.0017416526,0.0018991883,0.0020088751,0.0021054635,0.0021165847,0.0020037256,0.0018352933,0.0015227544,0,0,0,-0.0011540735,-0.0017541604,-0.0022560488,-0.0025865426,-0.0027733771,-0.002583435,-0.0018871049,-0.0009701681,0.000518366,0.0027810752,0.0058682854,0.0094732344,0.01325343,0.016451146,0.01896419,0.020889144,0.021727409,0.02082675,0.018986495,0.017211858,0.014053681,0.010029248,0.0079360856,0.0060663363,0.0047175963,0.0044296985,0.0049281591,0.005863802,0.007153926,0.0080326246,0.0085876947,0,0,0,0,0.0055892668,0.0047122259,0.004075408,0.0034684504,0.0027519427,0.0021741199,0.0017154348,0.0013462098,0.001082975,0.00097010791,0.0010229654,0.0011858209,0.0015207812,0.0020309882,0.0026572994,0.003480332,0.004480768,0.0054054456,0.0058678114,0.0057950197,0.0053497534,0.0036106366,0.0016189894,-0.00019522733,-0.00111818,-0.0010408863,-0.00043961863,0.00072481413,0.0019300253,0.0028793714,0.0032880164,0,0,0,0.0019574387,0.0015429871,0.001211011,0.00094317971,0.00071134116,0.00052019028,0.00036445665,0.00024129951,0.00014792617,7.8327816e-05,3.1153391e-05,5.7870002e-06,-9.2518876e-06,-1.5081978e-05,-1.2291944e-05,-7.7306604e-06,1.8856181e-07,8.328374e-06,1.5686028e-05,2.2720924e-05,2.6229609e-05,2.7984121e-05,2.7623584e-05,2.4069437e-05,1.8801771e-05,1.1389663e-05,2.1123626e-06,-8.1919852e-06,-1.9160088e-05,-3.0888314e-05,-3.9948976e-05,0,0,0
1.1638999999999999,0,0,0,0,0,0,0,0,0,0,0,0,0,0,0,0,0,0,0,0,0,0,0,0,0,0,0,0,0,0,0,0,0,0,0,0,0,0,0,0,0,0,0,0,0,0,0,0,0,0,0,0,0,0,0,0,0,0,0,0,0,0,0,0,0,0,0,0,0,0,0,0,0,0,0,0,0,0,0,0,0,0,0,0,0,0,0,0,0,0,0,0,0,0,0,0,0,0,0,0,0,0,0,0,0,0,0,0,0,0,0,0,0,0,0,0,0,0,0,0
1.20804,0.00039952126,0.00047166081,0.00056649547,0.00065421819,0.00073642598,0.00082451844,0.00088707643,0.00092479127,0.00093070872,0.0008510105,0.00071331125,0.00054037472,0.00025757891,-6.3994528e-05,0,0,0,-0.0019506677,-0.0024082968,-0.0027953957,-0.0028000991,-0.0021280763,-0.0011977813,5.3824206e-05,0.0025370787,0.0052869576,0.0081418483,0.012540989,0.016759366,0.021849435,0.027443264,0.03147348,0.033945594,0.034879047,0.033661742,0.029883742,0.026363356,0.021889385,0.016113937,0.011282563,0.0079913139,0.0051081656,0.0031934844,0.0027399652,0.0026113845,0.0027604175,0.0030967197,0.0036386035,0,0,0,0,0.0036578723,0.0031787602,0.0026351379,0.0022414092,0.0018884713,0.001525684,0.0012318499,0.0010019295,0.00084915443,0.0007664322,0.00076232292,0.00090488663,0.0011124784,0.0013854825,0.0017861896,0.0022139919,0.0026470681,0.0030373116,0.0031389117,0.0029461083,0.002132148,0.0011461945,4.9504626e-05,-0.00091651763,-0.0015742702,-0.0016326588,-0.0010045012,-0.00025520899,0.00052486442,0.0010999403,0.0015403559,0,0,0,0.0013534039,0.0010859502,0.00085574243,0.0006557423,0.0004766655,0.00033777618,0.00022488808,0.00013436042,6.5668159e-05,1.7902932e-05,-1.6368094e-05,-3.1621534e-05,-3.6023215e-05,-3.7179612e-05,-2.7863747e-05,-1.4712082e-05,-6.7395149e-06,2.6934026e-06,1.289267e-05,1.7683122e-05,2.1209697e-05,2.3346394e-05,2.112481e-05,1.6232003e-05,8.7869421e-06,-1.6316812e-06,-1.4151279e-05,-2.8943532e-05,-4.4544049e-05,-5.8883121e-05,-7.0414841e-05,0,0,0
1.2521800000000001,0.00030079533,0.00034765137,0.00040720694,0.00046431294,0.00050604786,0.00054331752,0.00056682271,0.00054202991,0.00050263066,0.00042785026,0.00027401411,7.8549921e-05,-0.00019113702,-0.00055317418,0,0,0,-0.0022390587,-0.0024191553,-0.0023594629,-0.0021397576,-0.0014703724,-0.00018599544,0.0012840839,0.0035727578,0.0071645193,0.011363658,0.016679926,0.023160173,0.028860629,0.034154981,0.038604543,0.04093913,0.041963778,0.040397298,0.035882466,0.031273961,0.025414003,0.018826187,0.012938062,0.0091307564,0.0057709152,0.003043527,0.0022787147,0.0018857882,0.001857635,0.0021531142,0.0025721241,0,0,0,0,0.0027596687,0.0025267149,0.002233241,0.0019185193,0.0016141717,0.001306462,0.0010430495,0.00083692762,0.0007009512,0.00065635156,0.00065568415,0.00074173964,0.00091077632,0.0011204762,0.0013981805,0.0017170736,0.0020214983,0.0022401055,0.0022185852,0.0020595391,0.0015975613,0.00079018745,-0.00013551835,-0.00093103893,-0.0014370497,-0.0014940836,-0.0010933469,-0.00045749819,0.00018528968,0.00070171425,0.0010666223,0,0,0,0.0010248526,0.00084929791,0.00068219064,0.00053399435,0.00039155039,0.00026178098,0.00015846828,7.7759658e-05,1.5420519e-05,-2.4541354e-05,-4.4373784e-05,-5.1718696e-05,-4.7225218e-05,-4.153623e-05,-3.3841792e-05,-1.8704883e-05,-7.3535452e-06,8.4383578e-07,1.1316738e-05,1.6853088e-05,1.8610097e-05,1.9059955e-05,1.6428037e-05,1.0654232e-05,2.6802811e-06,-8.2726674e-06,-2.1961496e-05,-3.7858099e-05,-5.9671995e-05,-8.1537226e-05,-0.00010130606,0,0,0
1.2963100000000001,0.00021568309,0.0002441252,0.00027430666,0.00030628272,0.00031690512,0.00031636306,0.000319279,0.00027504677,0.00019242063,9.1675487e-05,-9.1821516e-05,-0.00033785336,-0.00062597153,-0.0009730825,0,0,0,-0.0021498813,-0.0023186253,-0.0021565577,-0.0017533816,-0.0011766625,0.00052820868,0.0029459517,0.0057170601,0.010425587,0.015578802,0.020552397,0.027620081,0.034425627,0.039631519,0.04556876,0.048703756,0.050715983,0.048485063,0.042389601,0.03654791,0.029911032,0.022195594,0.01494344,0.010368714,0.0064047729,0.0032073855,0.0019911521,0.0014658415,0.0012327004,0.0013362442,0.0016212127,0,0,0,0,0.0022701393,0.0020680239,0.0018426537,0.001565663,0.0012970297,0.001055578,0.00087254989,0.00072218105,0.00061043131,0.00056320435,0.00056113169,0.00060414453,0.00073672761,0.00091088976,0.0011031999,0.0013142668,0.0015084011,0.0016677737,0.0016029298,0.0013683107,0.0010100461,0.00033220369,-0.00045652819,-0.001058402,-0.0013041912,-0.0012469277,-0.0010477731,-0.0005495674,-2.7774695e-05,0.00042338361,0.00070891471,0,0,0,0.00081584585,0.00070138957,0.000548649,0.00041157176,0.00028855202,0.00016868966,7.6019525e-05,2.0728725e-05,-2.4308783e-05,-5.1564624e-05,-6.0325063e-05,-6.635693e-05,-6.1267892e-05,-4.6709065e-05,-3.9067352e-05,-2.3965933e-05,-6.5854792e-06,1.1926114e-06,9.0583226e-06,1.5843694e-05,1.6799651e-05,1.5816828e-05,1.3121317e-05,6.503687e-06,-3.5492471e-06,-1.6516782e-05,-3.5637186e-05,-5.7450692e-05,-7.9640289e-05,-0.0001048469,-0.00012722322,0,0,0
1.3404499999999999,0.00014328449,0.00016130685,0.0001675672,0.00017682437,0.0001769354,0.00014440196,0.00011000831,5.4139233e-05,-7.041663e-05,-0.00022172371,-0.00037935443,-0.00060827937,-0.00085745117,-0.0011167836,0,0,0,-0.0021926577,-0.0022849995,-0.0020383392,-0.0011118868,0.00010227627,0.0017389088,0.0047372561,0.008057463,0.011950505,0.018238485,0.024145396,0.031500429,0.041419223,0.049154159,0.054589227,0.057749774,0.058973167,0.057292245,0.049894374,0.041252621,0.034380823,0.024839114,0.015501163,0.010967358,0.0068518156,0.0034926627,0.0017086013,0.0011012977,0.00079362374,0.00081187004,0.0011345641,0,0,0,0,0.0017871156,0.0016012281,0.0014390951,0.001301154,0.0011177154,0.00092799804,0.00076395978,0.00062292133,0.00051977666,0.00046076535,0.0004605343,0.00049836817,0.00057775766,0.00070557347,0.00084466231,0.00098087208,0.001093419,0.0011603177,0.001105269,0.00079914555,0.0004969553,0.00012796889,-0.00036733624,-0.00079118222,-0.0010857722,-0.0010230665,-0.00081769796,-0.00051023712,-0.00010596362,0.00022670996,0.00048762612,0,0,0,0.00062683073,0.00052535126,0.00039953226,0.00028170532,0.00019124389,9.9715704e-05,2.5760537e-05,-2.5136669e-05,-5.8703994e-05,-8.3476378e-05,-9.0071277e-05,-8.3384242e-05,-7.4367934e-05,-5.6303754e-05,-3.689127e-05,-2.2971524e-05,-8.0713062e-06,4.243635e-06,1.0023606e-05,1.4909583e-05,1.6824391e-05,1.3647477e-05,8.1528706e-06,-4.3232583e-07,-1.3403648e-05,-2.8429786e-05,-4.6747988e-05,-7.181352e-05,-9.7630451e-05,-0.00012168503,-0.00015637823,0,0,0
1.38459,8.158735e-05,8.6872242e-05,8.2550941e-05,7.1292052e-05,4.9967261e-05,5.9518024e-06,-6.3498701e-05,-0.000135883,-0.00024269179,-0.00039427512,-0.00055928697,-0.00076868426,-0.0010322544,-0.0013022576,0,0,0,-0.002015986,-0.0017699638,-0.0013580224,-0.00050011819,0.001024292,0.0028623885,0.0055578547,0.0097059319,0.014815556,0.021761486,0.03032816,0.038395517,0.04761542,0.056832727,0.062900364,0.065807976,0.066568546,0.064774916,0.05667755,0.043949444,0.036694881,0.027468495,0.017307002,0.011512068,0.0073152236,0.0038182586,0.001694249,0.0010328548,0.00073066878,0.00059128797,0.00083165284,0,0,0,0,0.0014383661,0.0013885822,0.0012533005,0.001119333,0.00096310297,0.00078783708,0.00063523417,0.00050911092,0.00043093774,0.00038464935,0.00037471557,0.00039843051,0.00045345127,0.00053499389,0.00063326996,0.00072296825,0.00077947078,0.00079819129,0.00076835096,0.00058743969,0.00031246548,2.0956622e-06,-0.00035905154,-0.00066594593,-0.00088066148,-0.00086510467,-0.00067481364,-0.0004596677,-0.00019148177,9.1278926e-05,0.0003167151,0,0,0,0.00045646384,0.00038811748,0.00029267243,0.00019813635,0.00011399121,3.0748808e-05,-3.5591111e-05,-8.2365957e-05,-0.0001077347,-0.00011328873,-0.00011018004,-9.2882139e-05,-7.3855677e-05,-5.7513087e-05,-3.6080852e-05,-1.8233879e-05,-5.3047929e-06,7.0005663e-06,1.314469e-05,1.5219725e-05,1.4703054e-05,1.0571504e-05,3.4020188e-06,-6.2071167e-06,-2.0116915e-05,-3.749222e-05,-5.676848e-05,-8.7255561e-05,-0.00012543042,-0.00015914276,-0.00019651638,0,0,0
1.42872,3.1047759e-05,2.4701392e-05,1.1777178e-05,-1.288761e-05,-4.833132e-05,-9.3953044e-05,-0.00016710172,-0.00025978018,-0.00037135481,-0.00053376541,-0.000721213,-0.00093342515,-0.0011729529,-0.0013826862,0,0,0,-0.00180738,-0.0014869298,-0.00091230992,-0.0001822051,0.001627557,0.0042311065,0.0071537946,0.012154985,0.018249171,0.024635782,0.033853535,0.043422513,0.051763963,0.063126028,0.071914315,0.075149655,0.07406497,0.071739905,0.064055443,0.048202988,0.039593011,0.030489841,0.019027814,0.011628017,0.0073548891,0.0040149568,0.0016990878,0.00098143471,0.00063787127,0.00044751193,0.00059564348,0,0,0,0,0.0012378193,0.0011996182,0.0010732933,0.00093315769,0.00080619752,0.00067459804,0.00055360061,0.00044900202,0.00036816788,0.00032183729,0.00029802957,0.00030997011,0.00034926002,0.0004021058,0.00046654433,0.00052497973,0.00056571065,0.00055445527,0.00050122407,0.00035890317,0.00011207236,-0.00017219907,-0.00041339413,-0.00058180105,-0.00069741701,-0.000749939,-0.00059165468,-0.00039942842,-0.00019902817,2.5359124e-05,0.00020074061,0,0,0,0.00034606841,0.00028723315,0.00019143597,0.00010380635,2.4260213e-05,-4.9027905e-05,-9.100436e-05,-0.00012028736,-0.00013164774,-0.00012382468,-0.00011914345,-0.00010331107,-7.2622832e-05,-5.5382261e-05,-3.5119476e-05,-1.0644218e-05,1.1879305e-06,1.0279605e-05,1.7134105e-05,1.7682518e-05,1.5175912e-05,9.7141437e-06,9.9433294e-07,-1.1318072e-05,-2.7058612e-05,-5.054455e-05,-7.6039309e-05,-0.00010359035,-0.00014864303,-0.00018930963,-0.00022497917,0,0,0
1.4728600000000001,-8.392748e-06,-2.38391e-05,-4.5298522e-05,-6.9809699e-05,-0.00011829787,-0.0001783389,-0.00025072222,-0.00036234525,-0.00049459975,-0.00063210976,-0.00080135278,-0.0009778837,-0.0011629841,-0.0013563447,0,0,0,-0.0016393868,-0.0013147236,-0.00036322861,0.00083527062,0.0023768917,0.0054852311,0.0089882575,0.0128372,0.019990597,0.027637983,0.035800967,0.04885364,0.060107246,0.069283754,0.080221497,0.084336475,0.081310011,0.078880198,0.069977224,0.053313162,0.039863743,0.029464722,0.019227192,0.01112972,0.0071106884,0.0038672558,0.0015513852,0.00096874766,0.0007061339,0.00058901979,0.00067958742,0,0,0,0,0.0010774276,0.0010197911,0.00095941051,0.00084350794,0.00072579627,0.00060831214,0.00048871891,0.00038538766,0.00029937545,0.00025454847,0.00023655857,0.00023581355,0.00026179574,0.0002972041,0.00033480331,0.00036588806,0.00037535245,0.00035472892,0.00027106021,0.00016388489,2.3169607e-05,-0.00016048067,-0.00034140286,-0.00049153855,-0.00056231109,-0.00058516109,-0.00049565121,-0.0003241096,-0.00016896811,-1.5230456e-05,0.00012160443,0,0,0,0.00023177394,0.00017910689,9.4877592e-05,2.3406503e-05,-3.4456167e-05,-8.8482833e-05,-0.00013045373,-0.0001478254,-0.00015748787,-0.00015093166,-0.00012773693,-0.00010860897,-7.684384e-05,-4.347723e-05,-2.4911253e-05,-4.9741666e-06,1.2437916e-05,1.9106597e-05,2.3030518e-05,2.3447994e-05,1.7645565e-05,8.6241635e-06,-3.6264728e-06,-1.8650371e-05,-3.6438767e-05,-5.9344056e-05,-8.8897737e-05,-0.0001203285,-0.00015990376,-0.00021912529,-0.00027279046,0,0,0
1.5169999999999999,0,0,0,0,0,0,0,0,0,0,0,0,0,0,0,0,0,0,0,0,0,0,0,0,0,0,0,0,0,0,0,0,0,0,0,0,0,0,0,0,0,0,0,0,0,0,0,0,0,0,0,0,0,0,0,0,0,0,0,0,0,0,0,0,0,0,0,0,0,0,0,0,0,0,0,0,0,0,0,0,0,0,0,0,0,0,0,0,0,0,0,0,0,0,0,0,0,0,0,0,0,0,0,0,0,0,0,0,0,0,0,0,0,0,0,0,0,0,0,0
1.5611299999999999,-7.437692e-05,-9.3501403e-05,-0.0001264477,-0.00016711936,-0.00021183274,-0.0002787816,-0.00036212848,-0.00045240202,-0.00057304109,-0.00071429141,-0.00086476217,-0.001017587,-0.0011551718,-0.0012811549,0,0,0,-0.00096174295,-0.00041239287,0.00029787622,0.0019210503,0.0041027064,0.0066491943,0.011426662,0.01693056,0.022684282,0.032936767,0.043919537,0.053155247,0.068165101,0.080722868,0.088439822,0.093542352,0.089174934,0.083309136,0.072080038,0.055364236,0.038970206,0.027634099,0.017629117,0.0093679158,0.0061233933,0.0038769427,0.0020945899,0.0013315086,0.0012045676,0.0010913112,0.0009574783,0,0,0,0,0.0010685516,0.00095113541,0.0008245231,0.00073271676,0.00061136577,0.00048800913,0.00039589382,0.00030655961,0.00022900103,0.00017519624,0.0001480374,0.00013310359,0.0001305319,0.00014196584,0.00015310172,0.0001615661,0.00015119156,0.00012462774,8.3081293e-05,-1.3237811e-06,-0.00011077034,-0.00020207855,-0.00028657372,-0.00034908904,-0.00039325884,-0.00037678867,-0.00031869177,-0.00023753554,-0.00012315331,-1.6808011e-05,5.8701447e-05,0,0,0,9.0828609e-05,4.5886958e-05,-2.0069669e-05,-9.5192954e-05,-0.00014742157,-0.00016809396,-0.00019750081,-0.000198703,-0.00017200943,-0.00015445121,-0.00012391101,-7.7434823e-05,-4.9911054e-05,-1.9126941e-05,1.2054372e-05,2.5924139e-05,3.6255096e-05,4.2445503e-05,4.0592102e-05,3.4155899e-05,2.3111499e-05,1.0838513e-05,-5.9500153e-06,-2.6707459e-05,-5.1135296e-05,-8.0031437e-05,-0.00011038295,-0.00015995179,-0.00021485645,-0.00027035802,-0.00034505583,0,0,0
1.60527,-9.5589574e-05,-0.00011862693,-0.00014683352,-0.00019321439,-0.00024406525,-0.00030392592,-0.00039301356,-0.00049148651,-0.00059001625,-0.00071372197,-0.00083911052,-0.00096052384,-0.0010791476,-0.0011850375,0,0,0,-0.00082457211,-4.3783351e-05,0.00095361937,0.002256013,0.0047816425,0.0076847211,0.011224054,0.017693702,0.024337644,0.032141048,0.046003584,0.057464149,0.067723744,0.083198234,0.092892528,0.096102886,0.092758603,0.083393253,0.071233943,0.051892605,0.032688603,0.0236001,0.015101534,0.0082136011,0.0047427667,0.0031955703,0.002150265,0.0015391292,0.0016173989,0.0015555928,0.0013268881,0,0,0,0,0.0010888615,0.00097970781,0.00081541127,0.00071337953,0.00060189626,0.00046865194,0.00036612715,0.00027889092,0.00019926082,0.00014562024,0.00011607797,9.957861e-05,8.9460889e-05,9.0843649e-05,9.1874557e-05,8.8759967e-05,7.5814169e-05,4.1550338e-05,8.2819251e-06,-3.6552399e-05,-0.00010607888,-0.00017654557,-0.00024359918,-0.00028526632,-0.00030623219,-0.00030057743,-0.00024288183,-0.00017353115,-0.00010213038,-2.2448769e-05,4.1870284e-05,0,0,0,3.6605816e-05,-7.8217863e-06,-5.5727716e-05,-0.00012454492,-0.00016606637,-0.00018578004,-0.00020284875,-0.00020602655,-0.00018220562,-0.00014272108,-0.00011095315,-6.6995883e-05,-2.3000031e-05,3.9772367e-06,2.9557044e-05,4.8993352e-05,5.6234785e-05,5.8559224e-05,5.5348908e-05,4.4430497e-05,2.8494685e-05,1.0316306e-05,-8.1855123e-06,-3.0336743e-05,-5.5630277e-05,-8.7733439e-05,-0.00012252804,-0.00016405733,-0.00023444707,-0.0003118685,-0.00038738613,0,0,0
1.64941,-0.00010984026,-0.00013734274,-0.00016998545,-0.0002130542,-0.00026918395,-0.00032759347,-0.00039959262,-0.00048931933,-0.00058412255,-0.00069132232,-0.00081154925,-0.00092615595,-0.0010338982,-0.0011108109,0,0,0,-0.00046042571,0.00019765369,0.0013557649,0.0027628746,0.0048612701,0.008194631,0.012095402,0.01778573,0.025747506,0.033895321,0.045548517,0.059182659,0.070024878,0.082146868,0.092878349,0.094388403,0.087087721,0.073590331,0.062762201,0.046770543,0.027912674,0.018569777,0.011460186,0.0067064976,0.0041175336,0.0032809775,0.0027023628,0.0020091645,0.0021029545,0.0020153422,0.0017629358,0,0,0,0,0.0011529218,0.0010157368,0.00083765876,0.0007113688,0.00058840128,0.00045734813,0.00034857518,0.00026567001,0.00019122227,0.00012998555,9.5763549e-05,7.1825125e-05,5.5661509e-05,4.8509257e-05,4.4041142e-05,3.860148e-05,2.988021e-05,9.9715926e-06,-2.2304073e-05,-6.1204133e-05,-0.00011270895,-0.00016819288,-0.00022006709,-0.00024436938,-0.00024388984,-0.00023503756,-0.00020009221,-0.00013369421,-7.1628558e-05,-9.628704e-06,4.374464e-05,0,0,0,1.3212441e-05,-3.4549208e-05,-7.3181007e-05,-0.00014300291,-0.00018879994,-0.00020859468,-0.00021728614,-0.00020170855,-0.00017200054,-0.00012285422,-7.7217548e-05,-3.8451566e-05,4.7852595e-06,3.8312563e-05,6.0135244e-05,7.5732809e-05,7.8518649e-05,7.401326e-05,6.4308915e-05,5.1653715e-05,3.4227389e-05,1.3229687e-05,-8.2656297e-06,-3.1627107e-05,-5.8059333e-05,-9.3322284e-05,-0.00013799853,-0.00018227907,-0.00025169886,-0.00034191512,-0.00041682221,0,0,0
1.69354,-0.00012209904,-0.0001503168,-0.00018429686,-0.00022269243,-0.00027356957,-0.00033388205,-0.00040087421,-0.00048588851,-0.00058045634,-0.00068142102,-0.0007828098,-0.0008689565,-0.00094422547,-0.00097845879,0,0,0,-0.00021199345,0.00032975522,0.0015341662,0.0032072237,0.0050768945,0.0084780352,0.012843279,0.017534833,0.025438691,0.034640715,0.043815743,0.057402652,0.069423132,0.076843984,0.085477382,0.088226289,0.08223141,0.066706419,0.055850103,0.041748855,0.02425506,0.014406285,0.0088735679,0.005608377,0.0036503223,0.0031605742,0.0028995222,0.0023668646,0.0025546406,0.00251332,0.0022099023,0,0,0,0,0.0012613436,0.001080994,0.00088667218,0.00072905485,0.00059555477,0.00046791465,0.00034845277,0.00026158895,0.00018412099,0.00011685445,7.8240984e-05,5.0540042e-05,3.2117139e-05,2.1997283e-05,1.6452595e-05,7.428855e-06,-5.3856866e-06,-2.2531873e-05,-5.2985546e-05,-9.0959707e-05,-0.00012096266,-0.00015168889,-0.00018002276,-0.00020025225,-0.00019273393,-0.00017530541,-0.00015080796,-8.8811386e-05,-3.0793657e-05,1.0141296e-05,4.6625395e-05,0,0,0,-2.1622425e-06,-6.0559589e-05,-0.00010202071,-0.00016064043,-0.00019728746,-0.00020533825,-0.00019883092,-0.0001712786,-0.0001408916,-9.6635449e-05,-3.5461784e-05,4.6998316e-06,4.049065e-05,7.3196112e-05,8.8696914e-05,9.6952732e-05,9.7412034e-05,9.1175272e-05,7.9480415e-05,6.161318e-05,4.29908e-05,1.905176e-05,-8.2999923e-06,-3.4564251e-05,-6.3666572e-05,-9.5313117e-05,-0.0001463892,-0.00019711428,-0.00025003572,-0.00035020456,-0.00044962988,0,0,0
1.7376799999999999,-0.00012937505,-0.00015392294,-0.00019002867,-0.00023076555,-0.00027606043,-0.00033806878,-0.00040693849,-0.00047554905,-0.00055712042,-0.00063973508,-0.00072241301,-0.00079536648,-0.00085479813,-0.00089781504,0,0,0,3.386406e-06,0.00070093392,0.0015941762,0.0034501909,0.0055549308,0.0079619866,0.012771313,0.018097751,0.023351293,0.033493038,0.043241039,0.0518042,0.065981939,0.074999161,0.079299107,0.083144173,0.076590143,0.059865888,0.045648575,0.032053828,0.018377053,0.0094115157,0.0054821353,0.0028927349,0.0022643935,0.0029228406,0.003311191,0.0031140922,0.0031284231,0.0031614888,0.002743121,0,0,0,0,0.0013821512,0.0011543969,0.00093161064,0.00076201314,0.00061643944,0.00047804805,0.00035127092,0.00026020582,0.00018107607,0.00011265649,6.980035e-05,3.965756e-05,1.5951031e-05,7.0763366e-07,-8.646889e-06,-1.9523372e-05,-3.4636068e-05,-4.6432848e-05,-6.1924184e-05,-8.529683e-05,-0.00010897206,-0.00013065361,-0.00014863511,-0.00016030957,-0.00015188205,-0.00012671696,-0.00010082567,-6.0113638e-05,-1.2222526e-05,2.4681203e-05,5.1154901e-05,0,0,0,-1.2219915e-05,-6.2902269e-05,-0.00010880589,-0.0001492333,-0.00018230337,-0.00018849857,-0.00017748111,-0.00015138267,-9.992296e-05,-5.7983842e-05,-4.1725357e-06,4.9044036e-05,7.9086654e-05,0.00010512765,0.00012258581,0.00012881804,0.00012648712,0.00011368946,9.5659001e-05,7.2830262e-05,4.5536606e-05,2.1173506e-05,-6.0272118e-06,-3.5562713e-05,-6.6203851e-05,-9.9612887e-05,-0.00014294492,-0.00020593843,-0.00027149185,-0.00035663063,-0.00047807264,0,0,0
1.78182,-0.00013337783,-0.00016031481,-0.00019331885,-0.00023551068,-0.00027881979,-0.00032884849,-0.00039011112,-0.00045542454,-0.00052558212,-0.00060184306,-0.00067746808,-0.00074424996,-0.00078284013,-0.00079096004,0,0,0,0.00011901257,0.00091125222,0.0018561156,0.0033464397,0.0056906468,0.0081805987,0.01196254,0.017785314,0.023219949,0.030838141,0.041492265,0.050446045,0.060648553,0.0699002,0.071427502,0.069870427,0.062403634,0.04810011,0.034699772,0.022659717,0.011059826,0.0028579766,0.0024167425,0.0023791983,0.0026223937,0.0036570947,0.0042240107,0.0040146257,0.0037171557,0.0037598931,0.0033706429,0,0,0,0,0.0014735135,0.0012525857,0.0010010651,0.00079275283,0.00064762321,0.00049704459,0.00035985414,0.00026723993,0.00018496325,0.00011313944,6.269788e-05,3.0185871e-05,3.1183813e-06,-1.5745834e-05,-2.3423729e-05,-3.105971e-05,-4.088413e-05,-5.264283e-05,-6.6148757e-05,-8.3848783e-05,-0.00010329927,-0.00011861637,-0.00012603738,-0.00012794125,-0.00011514127,-9.2811766e-05,-6.4859778e-05,-2.8839222e-05,1.3411204e-05,4.7731199e-05,6.8719986e-05,0,0,0,-1.2538834e-05,-5.8249945e-05,-0.0001028219,-0.00014259087,-0.00017286428,-0.00017371732,-0.00014869378,-0.00011681338,-5.985122e-05,-5.2947653e-06,4.3851778e-05,9.6446332e-05,0.00013309225,0.00015512086,0.00016507362,0.00015900742,0.00014819689,0.00012631975,0.00010367154,8.1518621e-05,5.2446208e-05,2.3675248e-05,-3.2124358e-06,-3.3592551e-05,-6.7082023e-05,-0.00010440896,-0.00014660129,-0.00020845649,-0.00028333865,-0.00036116803,-0.00047936218,0,0,0
1.82595,-0.00013453732,-0.000161595,-0.00019088939,-0.00022845327,-0.00027197707,-0.00031818933,-0.00037486869,-0.00043830212,-0.00050384464,-0.00056646182,-0.00062263821,-0.00067127903,-0.00068755262,-0.00067387207,0,0,0,0.00018696299,0.00097533863,0.0020380009,0.0032764061,0.0055472623,0.0082343733,0.011163067,0.016617578,0.022735914,0.028393699,0.037652817,0.046606947,0.051833265,0.058965936,0.060992617,0.058901239,0.051489752,0.038140029,0.024737649,0.015566813,0.0077564074,0.0013269832,0.0017635453,0.0027760428,0.0031100567,0.004020358,0.0048697153,0.0049226945,0.00429632,0.0042360709,0.0038711764,0,0,0,0,0.0015974814,0.0013584766,0.001077524,0.00082147948,0.00067543425,0.00052178797,0.00037788317,0.0002748596,0.00019025311,0.00011528762,5.8278121e-05,2.6297512e-05,6.6127529e-07,-1.9736184e-05,-2.9254486e-05,-3.803875e-05,-4.7454763e-05,-5.9200829e-05,-7.1971306e-05,-8.1739287e-05,-9.2709699e-05,-9.7696109e-05,-0.00010060018,-9.7557022e-05,-8.1829639e-05,-5.9418348e-05,-2.9527851e-05,4.019043e-06,3.6977483e-05,6.2389037e-05,7.4944386e-05,0,0,0,-1.2563171e-05,-5.9046732e-05,-9.659546e-05,-0.00012795599,-0.00014879236,-0.00013970428,-0.00010509004,-6.608593e-05,-9.9307781e-06,5.9516708e-05,0.00011040609,0.00015447084,0.00018094805,0.000190743,0.00019270928,0.00017882469,0.00016750152,0.0001465485,0.00011447143,9.1679649e-05,6.2127212e-05,2.4996067e-05,-2.9469509e-06,-3.2806278e-05,-6.5170483e-05,-0.00010477789,-0.00015009384,-0.00019711681,-0.00027913356,-0.00036723635,-0.00045542524,0,0,0
