"",-3.9640599999999999,-3.8979599999999999,-3.8318599999999998,-3.7657699999999998,-3.6996699999999998,-3.6335700000000002,-3.5674700000000001,-3.5013800000000002,-3.4352800000000001,-3.3691800000000001,-3.3030900000000001,-3.23699,-3.17089,-3.1047899999999999,-3.0387,-2.9725999999999999,-2.9064999999999999,-2.8404099999999999,-2.7743099999999998,-2.7082099999999998,-2.6421100000000002,-2.5760200000000002,-2.5099200000000002,-2.4438200000000001,-2.3777300000000001,-2.3116300000000001,-2.24553,-2.17943,-2.11334,-2.0472399999999999,-1.9811399999999999,-1.9150499999999999,-1.8489500000000001,-1.78285,-1.71675,-1.65066,-1.58456,-1.5184599999999999,-1.4523699999999999,-1.3862699999999999,-1.3201700000000001,-1.2540800000000001,-1.18798,-1.12188,-1.0557799999999999,-0.98968999999999996,-0.92359000000000002,-0.85748999999999997,-0.79139999999999999,-0.72529999999999994,-0.65920000000000001,-0.59309999999999996,-0.52700999999999998,-0.46090999999999999,-0.39480999999999999,-0.32872000000000001,-0.26262000000000002,-0.19652,-0.13042000000000001,-0.064329999999999998,0.0017700000000000001,0.06787,0.13396,0.20005999999999999,0.26616000000000001,0.33226,0.39834999999999998,0.46444999999999997,0.53054999999999997,0.59663999999999995,0.66274,0.72884000000000004,0.79493000000000003,0.86102999999999996,0.92713000000000001,0.99322999999999995,1.05932,1.1254200000000001,1.1915199999999999,1.2576099999999999,1.3237099999999999,1.38981,1.45591,1.522,1.5881000000000001,1.6541999999999999,1.7202900000000001,1.7863899999999999,1.85249,1.91859,1.98468,2.05078,2.1168800000000001,2.1829700000000001,2.2490700000000001,2.3151700000000002,2.3812700000000002,2.4473600000000002,2.5134599999999998,2.5795599999999999,2.6456499999999998,2.7117499999999999,2.7778499999999999,2.8439399999999999,2.91004,2.97614,3.0422400000000001,3.10833,3.1744300000000001,3.2405300000000001,3.3066200000000001,3.3727200000000002,3.4388200000000002,3.5049199999999998,3.5710099999999998,3.6371099999999998,3.7032099999999999,3.7692999999999999,3.8353999999999999,3.9015
-1.66086,0.00010040677,0.00022123987,0.00039094096,0.00058936921,0.00085486186,0.0012202382,0.0016714928,0.0022467223,0.0029396082,0.003681591,0.0045379885,0.0055036899,0.0064301351,0.0073431404,0,0,0,0.011361866,0.011976498,0.012086718,0.011915154,0.011617969,0.010949321,0.010194328,0.0092795528,0.0081424089,0.0069187521,0.0056607896,0.0043876912,0.0032853021,0.0022463892,0.0013234173,0.00059113331,3.1356292e-05,-0.0003621465,-0.00058993552,-0.00055809529,-0.00039289441,-0.00013405429,0.00036414346,0.00088906055,0.0013103815,0.0016972719,0.0019448913,0.0019627728,0.001784784,0.0014199852,0.0010080473,0,0,0,0,-0.00042601171,-0.00038568091,-0.00028909236,-0.00018993978,-7.2555558e-05,4.0718358e-05,0.00011611898,0.0001722179,0.00021482697,0.00023989499,0.00024928272,0.00021052266,0.00014844073,6.9468595e-05,-6.9656206e-05,-0.00022645538,-0.00037141342,-0.00053161988,-0.00075461698,-0.00093059562,-0.0010662781,-0.0012350102,-0.0013417738,-0.0013738819,-0.0013855516,-0.0013658234,-0.0012828142,-0.001184162,-0.0010523601,-0.00089257682,-0.00075047207,0,0,0,-0.00026008027,-0.00017472137,-0.00012580921,-0.00010038125,-7.7646262e-05,-6.7547313e-05,-6.5571272e-05,-6.4361142e-05,-5.9398102e-05,-5.6006538e-05,-5.4122291e-05,-5.1310304e-05,-4.8988939e-05,-4.6754241e-05,-4.3330088e-05,-3.8530725e-05,-3.2002376e-05,-2.3575942e-05,-1.4716016e-05,-5.6857484e-06,2.2261588e-06,8.7167728e-06,1.4467857e-05,1.847955e-05,2.049658e-05,1.8683389e-05,1.3357715e-05,4.5727347e-06,-1.2456931e-05,-4.1831645e-05,-8.2763967e-05,0,0,0
-1.6167199999999999,7.4094962e-05,0.00017919052,0.00038766814,0.00065194617,0.00096661918,0.0014149854,0.0019346772,0.0025286817,0.0033136862,0.0041466099,0.0050760941,0.0064521446,0.0078552691,0.0092798499,0,0,0,0.013686987,0.014246449,0.014606206,0.014629963,0.014368188,0.013846666,0.012712209,0.011410617,0.010016307,0.0084886244,0.0069415825,0.0054169763,0.0040658736,0.0028276739,0.0016743061,0.00079223415,0.00015382585,-0.00036975916,-0.00066548702,-0.00066240522,-0.00053639448,-0.00028239534,0.00016123358,0.00073179405,0.001164917,0.0015259734,0.0018582653,0.0019227975,0.0017916975,0.0013843953,0.001025064,0,0,0,0,-0.00039752724,-0.00036279496,-0.00027460692,-0.0001447188,-4.8046881e-05,5.3247852e-05,0.00014162672,0.00019279859,0.0002301544,0.000250602,0.00025196065,0.00021182543,0.0001471185,7.0516471e-05,-3.9104747e-05,-0.00019631318,-0.00033465741,-0.0004647045,-0.00067922991,-0.0008399607,-0.00095896138,-0.0010887003,-0.0011849744,-0.00122217,-0.0012162962,-0.0012012225,-0.0011326403,-0.0010247579,-0.00090940925,-0.00078467187,-0.00065652881,0,0,0,-0.00023283923,-0.0001581822,-0.00010692621,-8.6910273e-05,-7.1008762e-05,-5.9250462e-05,-5.6491699e-05,-5.6124198e-05,-5.3628326e-05,-5.2306488e-05,-5.2041549e-05,-5.1112118e-05,-5.0396593e-05,-4.9637074e-05,-4.7099395e-05,-4.1742474e-05,-3.4828176e-05,-2.6399126e-05,-1.7680368e-05,-8.8618535e-06,-2.3853585e-07,5.8597743e-06,1.0061162e-05,1.3063206e-05,1.330804e-05,1.0195294e-05,4.6803907e-06,-5.6573035e-06,-2.3825103e-05,-5.0239469e-05,-9.384162e-05,0,0,0
-1.5725800000000001,6.2043277e-05,0.00020898425,0.00040887244,0.00071162602,0.0010684666,0.0015058166,0.0020881712,0.002808891,0.0038091138,0.0050203064,0.0063716583,0.0078886095,0.0094818529,0.011036308,0,0,0,0.016920416,0.017857417,0.018387845,0.018416261,0.017748443,0.016853884,0.015601268,0.013879406,0.012162865,0.010444537,0.0085606575,0.0066852048,0.0049987547,0.0035453583,0.0021995381,0.0010507827,0.00032229401,-0.00029254984,-0.00072381279,-0.00078348775,-0.00067061884,-0.00044485825,-5.1947573e-05,0.00052742928,0.0010381552,0.0013842164,0.0017255264,0.0018212362,0.0017256596,0.0014222262,0.00097202713,0,0,0,0,-0.00036338033,-0.00033667503,-0.00025878107,-0.00014432665,-1.7173576e-05,7.7356068e-05,0.00015959915,0.00022202659,0.00025140762,0.00026367372,0.00026057815,0.00022465202,0.00016023233,8.2992017e-05,-1.0292008e-05,-0.00015944272,-0.00030187625,-0.00041848666,-0.00058416394,-0.0007349478,-0.00083858042,-0.00093671697,-0.0010273693,-0.0010583958,-0.0010436074,-0.0010151733,-0.00097025244,-0.0008962889,-0.00079963647,-0.00069531816,-0.0005819826,0,0,0,-0.00018780118,-0.00013427071,-9.2603848e-05,-6.9869508e-05,-5.8546309e-05,-4.7717873e-05,-4.4674183e-05,-4.6736306e-05,-4.5339631e-05,-4.6499434e-05,-5.0052935e-05,-5.2284959e-05,-5.335153e-05,-5.2650212e-05,-5.0113886e-05,-4.5306449e-05,-3.8134855e-05,-2.9425224e-05,-2.0250753e-05,-1.1915271e-05,-4.219733e-06,1.5654405e-06,4.8326174e-06,7.0140827e-06,7.3847409e-06,3.2648315e-06,-3.065139e-06,-1.3696703e-05,-3.2610613e-05,-5.921561e-05,-9.7879187e-05,0,0,0
-1.5284500000000001,3.4577675e-05,0.00020283049,0.00040904901,0.00070702372,0.0011506289,0.0017167933,0.0024599531,0.0034193441,0.0045421156,0.0058697984,0.0073953671,0.0090789152,0.010868437,0.013050658,0,0,0,0.021012332,0.021999983,0.022339214,0.022253366,0.021483762,0.020563891,0.019236749,0.01731953,0.015038352,0.012817628,0.010542034,0.0082573667,0.0061567621,0.004421371,0.0028259172,0.0013976387,0.00047303084,-0.00021547069,-0.00074499816,-0.00091935002,-0.00081701129,-0.00060888793,-0.00027383422,0.00031625087,0.00084043416,0.0012129452,0.0015422241,0.0016726402,0.0016034367,0.0013753712,0.00093161833,0,0,0,0,-0.00033787914,-0.00031275579,-0.000230326,-0.00012641338,5.4214552e-06,0.00010683187,0.00017563644,0.00023488623,0.0002663307,0.00027662245,0.00027289864,0.00024251216,0.00017750538,9.8861055e-05,1.8740759e-05,-0.0001118188,-0.0002418337,-0.00035210949,-0.0004847254,-0.00062523613,-0.00072212028,-0.00079137582,-0.000867814,-0.00090320047,-0.00090201001,-0.00088464783,-0.00084224489,-0.00077630236,-0.00068712095,-0.0005866313,-0.00048493201,0,0,0,-0.00015919644,-0.00011092306,-7.4352218e-05,-5.0800223e-05,-4.250466e-05,-3.4446919e-05,-3.2525651e-05,-3.7430538e-05,-4.0887659e-05,-4.4801302e-05,-4.9731854e-05,-5.348909e-05,-5.5911511e-05,-5.5865203e-05,-5.336777e-05,-4.7899477e-05,-3.9857827e-05,-3.0838226e-05,-2.1776192e-05,-1.418991e-05,-7.500129e-06,-1.7877553e-06,8.6899917e-07,2.1243093e-06,1.5256079e-06,-3.4068094e-06,-1.1228286e-05,-2.1474854e-05,-3.9541799e-05,-6.6854183e-05,-0.00010158045,0,0,0
-1.48431,-1.9552695e-05,0.00018669821,0.00046110572,0.00079771056,0.0013306449,0.0019899106,0.0027389086,0.0038114418,0.0050804084,0.0065195956,0.0086112991,0.011006154,0.013667232,0.016173705,0,0,0,0.024867503,0.026509827,0.027485065,0.027601851,0.027262699,0.025648532,0.023631528,0.021362504,0.018442629,0.015590542,0.012896041,0.010140548,0.0075214799,0.0053799362,0.0035371501,0.0018961683,0.00066881109,-0.00011097321,-0.00071406731,-0.001062015,-0.00096725515,-0.00076663395,-0.00047154396,9.4412484e-05,0.00061464566,0.0010449589,0.0013575223,0.0015243273,0.0014461094,0.0012892205,0.00094404863,0,0,0,0,-0.00032979465,-0.00030361157,-0.00020309554,-0.00011564257,-8.7786193e-06,0.00012217805,0.00018888827,0.00024561473,0.0002868842,0.00029523246,0.00028850511,0.00026293864,0.00019923694,0.00012711174,4.7836438e-05,-6.1601218e-05,-0.00017971754,-0.00029173872,-0.00039635864,-0.00051794096,-0.00061503996,-0.00066996558,-0.00073931273,-0.00077301654,-0.00076919276,-0.00074743252,-0.00070131436,-0.00063742773,-0.0005706845,-0.00049132673,-0.00041338225,0,0,0,-0.00012570573,-7.7797733e-05,-4.7886715e-05,-3.2752927e-05,-2.6403464e-05,-2.3554048e-05,-2.4204421e-05,-2.8162845e-05,-3.484423e-05,-4.0883402e-05,-4.750452e-05,-5.3083153e-05,-5.5880348e-05,-5.6201112e-05,-5.2188512e-05,-4.637655e-05,-3.9147832e-05,-3.0895797e-05,-2.2546292e-05,-1.5043332e-05,-9.5384603e-06,-5.2268324e-06,-3.465366e-06,-3.730463e-06,-5.2420896e-06,-9.627759e-06,-1.8172694e-05,-2.9278142e-05,-4.4483142e-05,-7.1121904e-05,-0.00010307259,0,0,0
-1.44017,-1.6886016e-06,0.00018786133,0.0005045305,0.00088856113,0.0013847264,0.0021254558,0.0030366234,0.0042782179,0.0060221022,0.0080461148,0.010287134,0.013015185,0.016031412,0.018885111,0,0,0,0.031216159,0.033256914,0.034585252,0.034037095,0.033060245,0.031400945,0.028633354,0.025860269,0.022669619,0.019059516,0.015710155,0.012403787,0.0092408294,0.0066714808,0.0044131153,0.0025285338,0.0010248829,-6.9398179e-06,-0.00067979511,-0.001128089,-0.0011247654,-0.00093201717,-0.00065018737,-0.00012108093,0.00040719911,0.00083049445,0.0011636231,0.0013604808,0.0013338508,0.0011513116,0.00086714019,0,0,0,0,-0.00033399547,-0.0003112182,-0.00022527738,-0.00010474047,-4.4333442e-06,0.00011321701,0.00020983742,0.00025977538,0.00029435099,0.00030577247,0.00029714793,0.00027690589,0.00022067182,0.00015325886,7.9258753e-05,-1.8056196e-05,-0.00012368448,-0.00022278586,-0.00031480179,-0.00042216305,-0.00050707214,-0.00056373607,-0.00061198254,-0.00063623831,-0.00062875909,-0.00061577931,-0.00058856106,-0.00054291706,-0.00048711794,-0.00041592118,-0.00034042762,0,0,0,-9.0246431e-05,-5.730358e-05,-2.9631316e-05,-1.7534323e-05,-1.2036496e-05,-9.3683084e-06,-1.2476035e-05,-1.7929946e-05,-2.6205807e-05,-3.5944657e-05,-4.4598979e-05,-5.1142117e-05,-5.3816784e-05,-5.405226e-05,-5.0967341e-05,-4.5041015e-05,-3.7902631e-05,-3.006766e-05,-2.2879993e-05,-1.7090846e-05,-1.2414515e-05,-9.0640815e-06,-7.8786288e-06,-8.4590447e-06,-1.0789938e-05,-1.5369065e-05,-2.3539385e-05,-3.4544963e-05,-4.7802467e-05,-6.9490641e-05,-9.9138233e-05,0,0,0
-1.3960399999999999,-1.7144097e-05,0.00017769949,0.00048307053,0.0009397323,0.0015215302,0.0023841981,0.0035575014,0.0049356562,0.0067877676,0.0091388701,0.011601014,0.014518317,0.018662058,0.022983003,0,0,0,0.038248662,0.040043302,0.041464169,0.041105103,0.040261488,0.038618978,0.035629172,0.031782292,0.027688928,0.023234943,0.019127227,0.015133745,0.011350487,0.0081675351,0.0054292628,0.0031525509,0.0013923082,0.00018101456,-0.00064587547,-0.0011707997,-0.0012600322,-0.0011027702,-0.00081564515,-0.00033720196,0.00021024128,0.00062776823,0.00094167719,0.0011707805,0.0011747447,0.00099632668,0.00072896632,0,0,0,0,-0.00033561597,-0.00031586713,-0.00023432427,-0.00010363799,2.20161e-06,9.8533004e-05,0.00019541432,0.00025686639,0.0002950574,0.00031173092,0.00030788846,0.00028913224,0.00024142954,0.00017765848,0.00011033197,2.8272634e-05,-6.9892922e-05,-0.00015819891,-0.00023956069,-0.00033454516,-0.00040574165,-0.00045776891,-0.00050024624,-0.00052779762,-0.00053309504,-0.00051778124,-0.00049095653,-0.00044750414,-0.00039253096,-0.00032705316,-0.00026361604,0,0,0,-6.4278684e-05,-3.6415251e-05,-8.4968206e-06,3.2547946e-06,6.2296881e-06,5.3323124e-06,-1.9971978e-06,-1.1945187e-05,-2.2021066e-05,-3.2112097e-05,-4.149189e-05,-4.9037768e-05,-5.2355481e-05,-5.2472922e-05,-4.8799287e-05,-4.2441039e-05,-3.579745e-05,-2.8761409e-05,-2.2366516e-05,-1.797237e-05,-1.4158028e-05,-1.1561194e-05,-1.1024453e-05,-1.2530852e-05,-1.5445294e-05,-2.0007048e-05,-2.7652741e-05,-3.824749e-05,-5.1439656e-05,-6.9675116e-05,-9.6313386e-05,0,0,0
-1.3519000000000001,0,0,0,0,0,0,0,0,0,0,0,0,0,0,0,0,0,0,0,0,0,0,0,0,0,0,0,0,0,0,0,0,0,0,0,0,0,0,0,0,0,0,0,0,0,0,0,0,0,0,0,0,0,0,0,0,0,0,0,0,0,0,0,0,0,0,0,0,0,0,0,0,0,0,0,0,0,0,0,0,0,0,0,0,0,0,0,0,0,0,0,0,0,0,0,0,0,0,0,0,0,0,0,0,0,0,0,0,0,0,0,0,0,0,0,0,0,0,0,0
-1.30776,-0.00012744522,0.0001376463,0.00046703071,0.0009195059,0.0016775336,0.002648188,0.0040241275,0.0061175916,0.0086438786,0.011799634,0.015903452,0.020392571,0.025493987,0.031306952,0,0,0,0.058044586,0.062000494,0.063301593,0.063409887,0.061503865,0.057022028,0.052604184,0.047368634,0.040708058,0.0339594,0.027810769,0.022014005,0.016565915,0.011826349,0.008249185,0.0049948599,0.0023366199,0.00077209482,-0.00040212472,-0.0011932561,-0.0014341044,-0.0013496713,-0.0011152704,-0.00075613213,-0.00017595859,0.00029526491,0.00059714314,0.00082146242,0.00086597743,0.00077215245,0.0005466661,0,0,0,0,-0.00041986548,-0.00039553613,-0.00031306481,-0.00020256871,-6.9004898e-05,6.1651946e-05,0.00015012936,0.00022637809,0.0002839317,0.00030446722,0.00030877365,0.0002987725,0.00026903884,0.00021715023,0.00016100689,0.00010483013,2.3148654e-05,-5.4191096e-05,-0.0001174788,-0.00018775617,-0.00025298959,-0.00029208863,-0.00031810655,-0.00033720248,-0.00034280494,-0.00033616801,-0.00031915947,-0.00029062509,-0.0002547318,-0.00021143601,-0.00016278209,0,0,0,-9.5119158e-06,1.0411323e-05,2.2290762e-05,3.1265005e-05,3.1644468e-05,2.3885419e-05,1.6300623e-05,4.2657493e-06,-1.0089772e-05,-2.1572028e-05,-3.1165626e-05,-3.790019e-05,-4.1134157e-05,-4.0975614e-05,-3.7609258e-05,-3.1835072e-05,-2.7523118e-05,-2.4378522e-05,-2.1152571e-05,-1.9201721e-05,-1.847678e-05,-1.7847731e-05,-1.7832812e-05,-2.0270745e-05,-2.3559518e-05,-2.7585857e-05,-3.4152785e-05,-4.2292304e-05,-5.2086318e-05,-6.4644439e-05,-8.078324e-05,0,0,0
-1.26362,-0.00019015385,5.1283761e-05,0.00041879897,0.00089200318,0.0016984335,0.0028965839,0.0043769665,0.0065307785,0.0094282171,0.012815812,0.017122341,0.023386,0.030647168,0.039214812,0,0,0,0.069711663,0.074107774,0.076311156,0.07763578,0.076297119,0.071599223,0.064622544,0.057545356,0.049488008,0.040995769,0.033305451,0.026444314,0.019879814,0.013953922,0.0097097242,0.0061047366,0.0030348864,0.0010713112,-0.00019959221,-0.0011404302,-0.0015440943,-0.001439297,-0.0012000472,-0.00084767613,-0.00032021111,0.00015248518,0.00047411074,0.0006701299,0.00070697302,0.00061561994,0.00044522001,0,0,0,0,-0.00049625197,-0.00046070936,-0.00036692954,-0.00025711453,-0.00013720452,-4.0614373e-06,0.00010288521,0.00018544904,0.00025647221,0.0002929933,0.00030218074,0.00029826173,0.00027717624,0.00023075017,0.00017989482,0.00012914817,6.2196683e-05,-1.0061777e-05,-6.8925729e-05,-0.00012358687,-0.00018413072,-0.00022450532,-0.00024901744,-0.00027282196,-0.00027774335,-0.00026880868,-0.00025162828,-0.00022323649,-0.00018741112,-0.00015305242,-0.00011761467,0,0,0,8.6969221e-06,2.9973535e-05,4.0754905e-05,4.6668843e-05,4.5256209e-05,3.4197117e-05,2.2098955e-05,9.6242065e-06,-4.247403e-06,-1.5995536e-05,-2.5339679e-05,-3.1981745e-05,-3.4897927e-05,-3.4872559e-05,-3.2629872e-05,-2.8852402e-05,-2.5494264e-05,-2.3343993e-05,-2.1419883e-05,-2.0143845e-05,-2.0117497e-05,-2.0210287e-05,-2.0415764e-05,-2.2766017e-05,-2.586056e-05,-2.9595236e-05,-3.5311401e-05,-4.2951346e-05,-5.1706662e-05,-6.232669e-05,-7.5669239e-05,0,0,0
-1.21949,-0.0002749741,-9.1363749e-05,0.00030745837,0.00084136892,0.001540807,0.0028467656,0.0045141466,0.0065983394,0.010290808,0.014955125,0.020484248,0.027756279,0.03619314,0.045684289,0,0,0,0.086573705,0.093647733,0.098984875,0.098169804,0.094105907,0.088585712,0.078915387,0.069230951,0.05979389,0.049236,0.039321888,0.031065758,0.023508467,0.016679965,0.011441298,0.0074124113,0.0039867582,0.0013889022,-3.0339741e-06,-0.00099761656,-0.0016112523,-0.0015092038,-0.0012726355,-0.0009214757,-0.00044215971,1.4633322e-05,0.00038836666,0.00057607191,0.00061995286,0.00049749663,0.00033249668,0,0,0,0,-0.00061415596,-0.00058098073,-0.0004965376,-0.00035846149,-0.00022593027,-8.5581974e-05,5.4331751e-05,0.00014528517,0.00022004587,0.00027371934,0.00028554097,0.00028625593,0.00027551086,0.0002386424,0.00019517064,0.00014798739,9.4273462e-05,3.0686366e-05,-3.0044635e-05,-7.4866555e-05,-0.00012926078,-0.00017233311,-0.00019145512,-0.00020677086,-0.00021243768,-0.00019979355,-0.00018766434,-0.00017170428,-0.00014633083,-0.00011782731,-8.5466476e-05,0,0,0,3.3533452e-05,4.6014618e-05,5.4648081e-05,5.3477288e-05,4.9397659e-05,4.2318869e-05,2.8683275e-05,1.5228191e-05,1.9408242e-06,-1.0199366e-05,-1.8897053e-05,-2.4826206e-05,-2.757073e-05,-2.8158876e-05,-2.6811236e-05,-2.4359921e-05,-2.202253e-05,-2.0572825e-05,-2.0344007e-05,-2.0579801e-05,-2.1892572e-05,-2.2432949e-05,-2.2918097e-05,-2.4894924e-05,-2.8020979e-05,-3.1801443e-05,-3.6802045e-05,-4.3163047e-05,-4.9743878e-05,-5.6810579e-05,-6.5724431e-05,0,0,0
-1.1753499999999999,-0.00039474672,-0.00019724749,9.6520023e-05,0.00068288029,0.0014969085,0.0027313929,0.0049089827,0.0076296064,0.011191441,0.016628368,0.02308681,0.030335942,0.0399151,0.053131469,0,0,0,0.11053997,0.11629934,0.12026661,0.12087438,0.11413839,0.10746577,0.097502172,0.084303424,0.071726494,0.059056278,0.046550829,0.03678415,0.02784339,0.019975368,0.013591058,0.0086401738,0.0048356284,0.0018915418,0.00015100208,-0.00088889099,-0.0015555209,-0.0016106598,-0.0013500177,-0.00095795008,-0.00045628002,1.7416611e-06,0.0003436314,0.00054705178,0.00056082866,0.0004273516,0.00020092765,0,0,0,0,-0.00076813839,-0.00073861028,-0.00063509919,-0.00048511664,-0.00031735629,-0.00017421099,-3.5851514e-05,8.1276325e-05,0.00016387977,0.00023121842,0.00026185403,0.00027036614,0.00026716481,0.00024169456,0.00020492765,0.00016443629,0.00011758999,6.1327621e-05,8.136989e-06,-3.6861067e-05,-8.0700869e-05,-0.00011612188,-0.00013761377,-0.00015135099,-0.00016041224,-0.00015880754,-0.00014640742,-0.00012995514,-0.00010710357,-7.8634643e-05,-4.768802e-05,0,0,0,4.3442727e-05,5.4187942e-05,6.1581195e-05,6.333935e-05,5.7455072e-05,4.9340662e-05,3.685796e-05,2.1664549e-05,8.3510386e-06,-2.8532022e-06,-1.1281933e-05,-1.6834258e-05,-1.9646919e-05,-2.0680975e-05,-1.9968766e-05,-1.9303297e-05,-1.9443758e-05,-2.0596635e-05,-2.1425752e-05,-2.1864907e-05,-2.3485645e-05,-2.4631472e-05,-2.5303749e-05,-2.702476e-05,-2.9326739e-05,-3.2140601e-05,-3.5569297e-05,-4.0619288e-05,-4.6158275e-05,-5.208153e-05,-5.8791502e-05,0,0,0
-1.13121,-0.00053556263,-0.0003329585,-5.7324356e-05,0.00050624058,0.0014846743,0.0027662108,0.0048840721,0.007995639,0.011706457,0.01715347,0.025909632,0.036101013,0.049261563,0.065702572,0,0,0,0.13204327,0.14100207,0.1484409,0.15191691,0.1463248,0.13400099,0.11975525,0.10284533,0.086554237,0.070753276,0.055523146,0.043094449,0.03225036,0.022974839,0.015663052,0.010093701,0.0057426831,0.0024050628,0.00043044833,-0.00080627948,-0.0014688604,-0.0015766661,-0.0013062938,-0.00091054593,-0.00042488967,4.2065687e-05,0.00035489394,0.00054611935,0.00053458801,0.00036069122,7.1130205e-05,0,0,0,0,-0.00095019158,-0.00090673845,-0.00081304193,-0.00066119642,-0.00047876805,-0.00030513533,-0.00014675011,-4.6523564e-06,0.0001021497,0.00018268544,0.00022936266,0.00024881004,0.00025297437,0.00023853729,0.00020859021,0.00017502435,0.0001369002,8.5658467e-05,4.0036201e-05,-2.8468926e-06,-4.2846794e-05,-7.5712524e-05,-0.00010077808,-0.00011289076,-0.00011861753,-0.00011688429,-0.00010428078,-8.6003362e-05,-6.859986e-05,-4.8828635e-05,-2.6406184e-05,0,0,0,5.6757235e-05,6.7532856e-05,7.3168245e-05,7.2400246e-05,6.3676925e-05,5.2487027e-05,4.1174928e-05,2.7296039e-05,1.4438235e-05,4.0714294e-06,-4.063641e-06,-9.3665112e-06,-1.254743e-05,-1.5105444e-05,-1.7116494e-05,-1.7847255e-05,-1.8259994e-05,-2.0384176e-05,-2.2183625e-05,-2.3143763e-05,-2.4573375e-05,-2.5473599e-05,-2.5636973e-05,-2.6348995e-05,-2.8606373e-05,-3.1358813e-05,-3.4470442e-05,-3.8959319e-05,-4.3690412e-05,-4.8051446e-05,-5.2077801e-05,0,0,0
-1.08708,-0.00072409038,-0.00052532204,-0.00021387491,0.00019426493,0.0012174376,0.0026549632,0.00452463,0.0083079431,0.013324087,0.01951866,0.029734341,0.041995954,0.055699885,0.074296705,0,0,0,0.16751187,0.18565327,0.18944213,0.18840927,0.18330619,0.16554675,0.14548931,0.12472632,0.1039566,0.083680741,0.064821392,0.049824215,0.03745557,0.0265161,0.01804678,0.011954134,0.0066713328,0.0029996277,0.00077173492,-0.00070992764,-0.0013834547,-0.0015420865,-0.0012770615,-0.00086392357,-0.00038235795,0.00017955335,0.00048460512,0.00062840857,0.00057056372,0.00034086802,1.0491689e-05,0,0,0,0,-0.0012556065,-0.0011977013,-0.0010779029,-0.00088942534,-0.00067311584,-0.0004512766,-0.00026629446,-0.00010888348,2.8027409e-05,0.00012046695,0.00018181969,0.00021909455,0.00023239726,0.00023007102,0.00020702343,0.00018034095,0.00014971837,0.00010232819,6.1801387e-05,2.4013296e-05,-1.5545183e-05,-4.3186581e-05,-6.3320789e-05,-7.6320168e-05,-7.7959819e-05,-7.867963e-05,-7.4844269e-05,-6.2368934e-05,-4.7226324e-05,-2.9283501e-05,-7.245284e-06,0,0,0,6.6292407e-05,7.4860698e-05,7.4643627e-05,7.2268471e-05,6.7201945e-05,5.5781959e-05,4.4564589e-05,3.2944186e-05,2.0241436e-05,1.0293056e-05,2.582203e-06,-3.6930207e-06,-7.6272686e-06,-9.8944502e-06,-1.316436e-05,-1.5247206e-05,-1.6277669e-05,-1.9055651e-05,-2.1250855e-05,-2.2428918e-05,-2.2968994e-05,-2.4030778e-05,-2.4883049e-05,-2.5562233e-05,-2.7920863e-05,-3.0792693e-05,-3.3172564e-05,-3.5913879e-05,-3.9060127e-05,-4.1445026e-05,-4.3728083e-05,0,0,0
-1.04294,-0.0008578712,-0.00077218685,-0.00043708872,3.7370894e-05,0.00084929669,0.0026754383,0.0050324164,0.0083696004,0.014224219,0.021370498,0.030755671,0.044985753,0.063971452,0.088189051,0,0,0,0.20539229,0.22500926,0.23395358,0.22849268,0.2227719,0.20678642,0.17913109,0.15032321,0.12481233,0.099755898,0.07670477,0.057857696,0.043611262,0.030701915,0.020107687,0.013372982,0.0077846334,0.0034775555,0.0010166334,-0.00049749739,-0.0013760889,-0.0015407837,-0.0011532356,-0.00061609392,-8.0360034e-05,0.00042220924,0.00076142355,0.00083907985,0.00071761245,0.00039266402,-4.3892218e-05,0,0,0,0,-0.0016566904,-0.0015392845,-0.0013694746,-0.0011506089,-0.00090243708,-0.00065315666,-0.00042179809,-0.00023937819,-7.9960635e-05,4.714504e-05,0.00012719657,0.00017668751,0.00020600088,0.00021672026,0.00020141162,0.00018005003,0.0001552715,0.00011756479,7.7414959e-05,4.5421064e-05,1.4240601e-05,-1.5432026e-05,-3.4316174e-05,-4.7967049e-05,-5.6770798e-05,-5.6176537e-05,-5.1034262e-05,-4.0484814e-05,-2.4440465e-05,-5.9612366e-06,1.2652704e-05,0,0,0,6.7711488e-05,7.5358701e-05,7.8289107e-05,7.5144868e-05,6.9422487e-05,5.9786922e-05,4.7930949e-05,3.6818383e-05,2.6020387e-05,1.6286571e-05,8.9345212e-06,2.8645975e-06,-1.7575268e-06,-4.3126397e-06,-8.7092312e-06,-1.2752604e-05,-1.5137969e-05,-1.7638213e-05,-1.9739613e-05,-2.0996538e-05,-2.1693166e-05,-2.2825219e-05,-2.3873741e-05,-2.4134553e-05,-2.5667157e-05,-2.769789e-05,-2.974675e-05,-3.1805415e-05,-3.4316767e-05,-3.6297781e-05,-3.7169248e-05,0,0,0
-0.99880000000000002,0,0,0,0,0,0,0,0,0,0,0,0,0,0,0,0,0,0,0,0,0,0,0,0,0,0,0,0,0,0,0,0,0,0,0,0,0,0,0,0,0,0,0,0,0,0,0,0,0,0,0,0,0,0,0,0,0,0,0,0,0,0,0,0,0,0,0,0,0,0,0,0,0,0,0,0,0,0,0,0,0,0,0,0,0,0,0,0,0,0,0,0,0,0,0,0,0,0,0,0,0,0,0,0,0,0,0,0,0,0,0,0,0,0,0,0,0,0,0,0
-0.95467000000000002,-0.0011774888,-0.0011502455,-0.0010082165,-0.00041991929,0.00044149705,0.0017166223,0.004741427,0.0089297807,0.014295951,0.024951033,0.038975257,0.056190245,0.083017685,0.11494655,0,0,0,0.32655555,0.36167553,0.3733885,0.37532952,0.34448433,0.30862486,0.27028045,0.22001652,0.17426789,0.13729198,0.10379152,0.074691109,0.054712743,0.039158046,0.026058773,0.016187388,0.0098125851,0.0048166425,0.001238617,-0.00019536294,-0.00098092342,-0.0011719763,-0.00072792632,-4.6586196e-05,0.00082411326,0.0013451001,0.001566499,0.0015675481,0.0012223341,0.00051670911,-0.00032979308,0,0,0,0,-0.002729886,-0.0026258356,-0.0023070774,-0.001951932,-0.0015650495,-0.001195617,-0.00085133733,-0.00055076618,-0.00033329471,-0.00014887449,-2.8701277e-07,7.6366567e-05,0.00013316522,0.00016964279,0.00017566641,0.00016785036,0.00015196855,0.00013111695,9.8701123e-05,6.6747714e-05,4.4989363e-05,2.0437632e-05,-2.0313078e-07,-7.842179e-06,-1.5623966e-05,-2.0908226e-05,-1.711896e-05,-1.0455819e-05,-1.6834201e-06,1.18012e-05,2.6545273e-05,0,0,0,7.2964736e-05,7.48456e-05,7.5364609e-05,7.4485572e-05,6.70019e-05,5.9432252e-05,5.2179101e-05,4.2708907e-05,3.3888224e-05,2.626805e-05,1.8056171e-05,1.0466431e-05,4.4695494e-06,-9.1271284e-07,-5.8689857e-06,-1.0237486e-05,-1.2834378e-05,-1.398213e-05,-1.5457232e-05,-1.5355918e-05,-1.4796752e-05,-1.5424717e-05,-1.6360704e-05,-1.7431012e-05,-1.9122846e-05,-2.11305e-05,-2.2822809e-05,-2.4093521e-05,-2.4620178e-05,-2.4822268e-05,-2.4399136e-05,0,0,0
-0.91052999999999995,-0.0013599318,-0.001340226,-0.0011869753,-0.00081347773,0.00021978954,0.0016982739,0.0040879226,0.0088638347,0.014907843,0.023701208,0.039578758,0.062078912,0.092308126,0.14044441,0,0,0,0.390733,0.44487458,0.45306042,0.45755991,0.4363066,0.38134372,0.32430422,0.26464185,0.20484135,0.16051352,0.12079184,0.08657977,0.061608337,0.042692434,0.028355656,0.01753792,0.01035328,0.0052748919,0.0014682948,-0.00027598161,-0.00091282657,-0.00087641407,-0.00021723825,0.00060296321,0.0014793527,0.0022224805,0.002303181,0.0021569035,0.0017513295,0.00076682068,-0.00045221753,0,0,0,0,-0.0035188552,-0.0032899946,-0.0029448906,-0.0024841446,-0.0020007598,-0.0015319214,-0.0011213555,-0.00076210895,-0.00048239593,-0.00026963567,-9.5497133e-05,1.5430533e-05,8.8345252e-05,0.00013835698,0.00015908312,0.00015683871,0.00014643578,0.00012995613,0.00010246749,7.552524e-05,5.2060677e-05,3.1547046e-05,1.214821e-05,-1.114315e-06,-6.6480061e-06,-1.0245391e-05,-8.6724831e-06,-1.0151962e-06,8.7440658e-06,1.9472916e-05,3.059626e-05,0,0,0,6.8329435e-05,7.2047573e-05,7.1946153e-05,7.0871916e-05,6.6143795e-05,5.8484184e-05,5.1752977e-05,4.4618497e-05,3.5873709e-05,2.8505225e-05,2.1560487e-05,1.3526929e-05,6.9049311e-06,1.124392e-06,-3.874673e-06,-7.9686788e-06,-1.0019137e-05,-1.028804e-05,-1.1424629e-05,-1.1441621e-05,-1.0813452e-05,-1.1144116e-05,-1.2620932e-05,-1.4209454e-05,-1.5864254e-05,-1.7777153e-05,-1.8941026e-05,-1.9723955e-05,-2.0124868e-05,-1.9584728e-05,-1.8458104e-05,0,0,0
-0.86638999999999999,-0.0015066384,-0.0015486004,-0.0013791149,-0.0010513756,-0.00020499017,0.0013812156,0.0036218769,0.0078539215,0.015084989,0.024827125,0.04221734,0.069641523,0.10300326,0.15267837,0,0,0,0.47324106,0.5605489,0.59150666,0.57489312,0.54111689,0.47489619,0.39538449,0.31806412,0.24110252,0.18413347,0.13546604,0.095690288,0.06731645,0.046551764,0.030648915,0.018783458,0.01110843,0.0055306912,0.0017376322,-0.00011065404,-0.00066385273,-0.00048118393,0.00031200075,0.0013123073,0.0022228472,0.0031336991,0.00327975,0.0028219884,0.0019788435,0.00074749062,-0.00066220417,0,0,0,0,-0.0045194929,-0.0041967682,-0.0037331511,-0.0031568601,-0.0025432492,-0.001947208,-0.0014402028,-0.0010102272,-0.00066331076,-0.00039500857,-0.00018939802,-4.4958211e-05,4.4406963e-05,0.00010432585,0.00013824526,0.00014208379,0.00013702696,0.0001242001,0.00010138027,7.8021534e-05,5.4804153e-05,3.5732537e-05,1.9261424e-05,6.2188265e-06,8.768227e-07,-6.4388354e-07,-1.0652292e-06,3.2963389e-06,1.0633553e-05,1.9183211e-05,2.9493147e-05,0,0,0,6.5718516e-05,6.8823545e-05,6.8110327e-05,6.6050219e-05,6.3408428e-05,5.7232326e-05,5.0931547e-05,4.5845485e-05,3.810025e-05,3.0634998e-05,2.3535147e-05,1.5009711e-05,7.2189205e-06,1.470343e-06,-2.7136396e-06,-6.4590959e-06,-8.319792e-06,-8.1028975e-06,-8.1919188e-06,-7.7656778e-06,-7.3477127e-06,-7.9380816e-06,-9.5844471e-06,-1.1233232e-05,-1.2678042e-05,-1.4756979e-05,-1.5684822e-05,-1.5835922e-05,-1.5750056e-05,-1.4619186e-05,-1.2711376e-05,0,0,0
-0.82225999999999999,-0.0016274465,-0.0017539777,-0.0016176889,-0.0012503602,-0.00070972467,0.00089706521,0.003526075,0.0068834964,0.014699665,0.025818557,0.039897405,0.069600992,0.1082044,0.15987913,0,0,0,0.5833205,0.67637068,0.74087566,0.70957786,0.65452528,0.58001262,0.47306263,0.36842996,0.27468517,0.20661336,0.15223548,0.10624143,0.073623873,0.051314309,0.032630038,0.019604273,0.011569059,0.0055195033,0.0017749158,-0.00012563195,-0.00061472645,-0.00026819773,0.00071053067,0.0023097731,0.0034341409,0.0043584178,0.0046288194,0.0038706686,0.0026900144,0.0010292103,-0.00061699154,0,0,0,0,-0.0059016617,-0.0053937021,-0.0046933815,-0.0039717737,-0.0032066456,-0.0024523803,-0.0017760425,-0.0012606098,-0.00085097394,-0.00051836908,-0.00028881268,-0.00011882657,-4.7968983e-06,6.5377579e-05,0.00011384058,0.00012602765,0.00012580451,0.00011727416,9.6345197e-05,7.6394987e-05,5.6774908e-05,3.701881e-05,2.3554707e-05,1.17386e-05,2.4043879e-06,4.6365474e-07,7.1910182e-07,3.3045792e-06,1.1159308e-05,2.0082256e-05,2.9925293e-05,0,0,0,5.945496e-05,6.2314648e-05,6.3746535e-05,6.1537721e-05,5.9316466e-05,5.6089415e-05,4.9886923e-05,4.4510209e-05,3.8387916e-05,2.9833776e-05,2.2385604e-05,1.5184706e-05,7.2055432e-06,1.2607239e-06,-2.6605994e-06,-5.3062963e-06,-5.8071037e-06,-4.7003009e-06,-4.0281579e-06,-3.8416847e-06,-3.482952e-06,-4.2144052e-06,-6.2220743e-06,-8.2039878e-06,-9.9515064e-06,-1.1703959e-05,-1.2792847e-05,-1.2176139e-05,-1.1249417e-05,-1.0086e-05,-7.6315591e-06,0,0,0
-0.77812000000000003,-0.0017271135,-0.0018480307,-0.0018545733,-0.0014082744,-0.0007863653,0.00023866455,0.0030807222,0.0067708655,0.012326157,0.024481047,0.041592158,0.067723617,0.12235978,0.19003052,0,0,0,0.67861295,0.78125203,0.86076713,0.86168569,0.77404314,0.67073852,0.56257093,0.43353108,0.31870675,0.23355068,0.17126423,0.11768705,0.077256203,0.053625815,0.034507249,0.02005937,0.011565847,0.0055912165,0.0014601799,-0.00039973599,-0.00047507166,0.00034693646,0.0016811044,0.0034234931,0.0051329127,0.0060085156,0.0061824755,0.0054862546,0.0036527885,0.0010501434,-0.0019275,0,0,0,0,-0.0072377645,-0.0068599917,-0.0058589163,-0.004853894,-0.0038974753,-0.0029907494,-0.0021887452,-0.0015387038,-0.0010675096,-0.00068851945,-0.00039767273,-0.00019232139,-5.8197373e-05,3.3375974e-05,8.8249384e-05,0.00010898437,0.00011221829,0.00010719743,9.2150527e-05,7.126962e-05,5.4498229e-05,3.7767946e-05,2.1113226e-05,1.1277248e-05,3.7619279e-06,-9.7680633e-08,1.5305924e-06,5.279217e-06,1.1068072e-05,1.8774328e-05,2.6897033e-05,0,0,0,5.4502631e-05,5.7028632e-05,5.8179328e-05,5.7672562e-05,5.553232e-05,5.2429401e-05,4.8175363e-05,4.2458727e-05,3.656057e-05,2.9471459e-05,2.1704331e-05,1.4620068e-05,7.2552029e-06,2.0078073e-06,-7.3098909e-07,-2.5361817e-06,-2.6226962e-06,-1.2409899e-06,1.2414351e-07,1.5088257e-07,1.9313785e-07,-1.1212632e-06,-4.1587105e-06,-6.7948858e-06,-8.5673264e-06,-9.4811385e-06,-9.9897798e-06,-9.3705185e-06,-7.6211641e-06,-5.7282718e-06,-3.2783548e-06,0,0,0
-0.73397999999999997,-0.0017819012,-0.0018913785,-0.0019661726,-0.0016084267,-0.00092927297,-6.0144986e-05,0.0022674559,0.0065482762,0.011925283,0.023036914,0.042904228,0.068197325,0.11863028,0.1994018,0,0,0,0.78341234,0.90927118,0.99190891,0.99940073,0.92285961,0.78868198,0.65889835,0.50715548,0.36092356,0.25089228,0.18123369,0.12557955,0.081391566,0.055262204,0.035885897,0.020674232,0.01109729,0.0053511341,0.0013633408,-0.00062591111,-0.00038625728,0.00081327348,0.0025777924,0.0045008725,0.0066802301,0.0085077276,0.0086455569,0.0070406036,0.0045242468,0.0012621301,-0.0027908736,0,0,0,0,-0.0092416629,-0.0084978398,-0.0072532701,-0.0059409966,-0.0047253068,-0.0036438953,-0.0026955276,-0.001877732,-0.0012784353,-0.00083965907,-0.0004933399,-0.00025564135,-0.00010909155,-3.3922831e-06,6.066704e-05,8.9719615e-05,9.7576267e-05,9.5242125e-05,8.5287509e-05,6.5256565e-05,4.8525297e-05,3.4206325e-05,1.8606512e-05,8.768915e-06,3.246276e-06,-1.0225614e-06,-6.3060202e-07,2.8885506e-06,7.8802304e-06,1.5051023e-05,2.3158962e-05,0,0,0,4.97654e-05,5.2414944e-05,5.3076081e-05,5.3597392e-05,5.2111969e-05,4.9126909e-05,4.60993e-05,4.1095827e-05,3.5054829e-05,2.8014199e-05,2.0383603e-05,1.3715956e-05,6.9953198e-06,2.3283649e-06,1.5883252e-07,-8.5225508e-07,-5.1236816e-07,1.204393e-06,2.9494474e-06,2.2194631e-06,9.8247119e-07,-4.35408e-07,-3.0406625e-06,-5.5486198e-06,-7.6204151e-06,-8.137974e-06,-7.5743365e-06,-6.3282605e-06,-4.0010873e-06,-1.6019312e-06,9.3626153e-07,0,0,0
-0.68984999999999996,-0.0018172604,-0.0019236477,-0.0019991584,-0.001743566,-0.00092434563,0.00018993033,0.0018758083,0.0063071651,0.012181344,0.019355137,0.039862037,0.067829803,0.10787696,0.20698248,0,0,0,0.87040949,1.0343788,1.1240453,1.1285379,1.061855,0.88421446,0.70791751,0.5514583,0.39523339,0.26853976,0.19142365,0.13327342,0.086864822,0.055879265,0.036068145,0.020810589,0.010144387,0.0046270723,0.00092440814,-0.0011133313,-0.00069516827,0.0010477315,0.0043739211,0.007351914,0.010131842,0.012862582,0.012927321,0.010165935,0.0065618292,0.002586005,-0.0031460472,0,0,0,0,-0.012263198,-0.010684369,-0.0089801745,-0.0073125451,-0.0057067336,-0.0042856298,-0.0031451012,-0.0022008538,-0.0014644122,-0.00098945363,-0.00061072828,-0.00032679542,-0.00016271148,-4.2575604e-05,3.6322414e-05,7.3220341e-05,8.4270418e-05,8.2404549e-05,7.5583288e-05,5.8638969e-05,4.0082105e-05,2.7935834e-05,1.5178617e-05,3.1345583e-06,-1.2699254e-06,-3.9618449e-06,-5.1365191e-06,-7.4511172e-07,5.0288872e-06,1.1804792e-05,1.9819319e-05,0,0,0,4.4216726e-05,4.844075e-05,4.8790524e-05,4.9094331e-05,4.9454113e-05,4.6127861e-05,4.2107771e-05,3.8092217e-05,3.1564803e-05,2.4467799e-05,1.7883498e-05,1.158615e-05,5.693355e-06,1.0994748e-06,2.2701857e-07,7.5823641e-07,1.5078992e-06,2.8220613e-06,4.3237274e-06,4.187284e-06,2.4712554e-06,5.5388534e-07,-1.9987506e-06,-4.1964327e-06,-5.5291534e-06,-6.0301782e-06,-4.6060436e-06,-2.7689568e-06,-5.4329479e-07,2.1951346e-06,5.0738577e-06,0,0,0
-0.64571000000000001,-0.0017821552,-0.0018243676,-0.0017829241,-0.0014632196,-0.00078217936,0.00045165746,0.0021344088,0.0054086354,0.01179434,0.020250695,0.035728522,0.072753593,0.12244192,0.19977529,0,0,0,0.92837065,1.0950528,1.2093097,1.1841354,1.1027193,0.97033256,0.76830018,0.59501427,0.435469,0.29087701,0.20078541,0.13532075,0.088198051,0.055833906,0.034798063,0.0200008,0.009065574,0.0032774531,6.5123742e-05,-0.0013312318,-0.00021439727,0.0025748704,0.0067137438,0.011429192,0.014271967,0.01700397,0.018759957,0.013935305,0.0073308381,-0.00010350133,-0.00696309,0,0,0,0,-0.016329639,-0.013688046,-0.011021829,-0.0086079594,-0.006663824,-0.0050002299,-0.0036306672,-0.0025774236,-0.0017361861,-0.001146141,-0.00072030764,-0.0004001405,-0.00019670952,-7.2370618e-05,1.2092992e-05,5.7290141e-05,7.0100243e-05,7.0848138e-05,6.2766478e-05,4.9444396e-05,3.3365624e-05,1.8732713e-05,8.4594913e-06,-1.4303226e-06,-7.739266e-06,-8.7437184e-06,-8.3341165e-06,-5.0837116e-06,1.2989818e-06,8.2560882e-06,1.5489162e-05,0,0,0,3.9619244e-05,4.3609449e-05,4.5048553e-05,4.446055e-05,4.3942164e-05,4.1988977e-05,3.7541198e-05,3.3189732e-05,2.8185055e-05,2.1061222e-05,1.4469442e-05,9.2931095e-06,5.1900729e-06,2.268052e-06,1.3794306e-06,2.4258088e-06,3.4092727e-06,4.8033589e-06,5.8260175e-06,5.5652317e-06,3.8001554e-06,1.2589063e-06,-1.2314073e-06,-3.1103323e-06,-3.7186242e-06,-3.6632582e-06,-2.5504851e-06,-5.9242151e-08,2.8611767e-06,5.8555761e-06,8.5978045e-06,0,0,0
-0.60157000000000005,-0.0016390325,-0.0016369489,-0.0015546937,-0.0012325924,-0.00052362593,0.00079584046,0.0030258631,0.0069974666,0.013448454,0.022528496,0.035626769,0.067481391,0.12412119,0.19733688,0,0,0,0.95857871,1.1253614,1.2547449,1.2672266,1.1681501,1.0397012,0.82590377,0.61821079,0.4418993,0.2957592,0.20058909,0.1348519,0.087010726,0.0539435,0.033107523,0.018334998,0.007840828,0.0021628281,-0.00082558743,-0.0017318337,-0.00016194007,0.0035662267,0.0084572947,0.014779075,0.019031856,0.020994185,0.021688193,0.016884411,0.0084706023,-0.0013576867,-0.01014046,0,0,0,0,-0.021868454,-0.017961634,-0.014003009,-0.010434485,-0.0078617726,-0.0058935364,-0.0042055971,-0.0029200451,-0.0019606794,-0.001268302,-0.00079871982,-0.00046329913,-0.00023351883,-9.9361474e-05,-1.1178411e-05,4.1243358e-05,5.6285309e-05,5.8759582e-05,5.1125164e-05,3.8228874e-05,2.4143246e-05,9.4868683e-06,-8.3673785e-07,-8.5414786e-06,-1.4073988e-05,-1.4687897e-05,-1.2529691e-05,-9.0710728e-06,-2.983222e-06,4.3789096e-06,1.1799063e-05,0,0,0,3.5409423e-05,3.8425016e-05,4.0509287e-05,4.0159852e-05,3.9144452e-05,3.7970389e-05,3.3840137e-05,2.8850031e-05,2.3741859e-05,1.7500455e-05,1.1799647e-05,7.3143437e-06,4.2604361e-06,2.2582126e-06,1.7638188e-06,3.1990014e-06,4.4168082e-06,5.6432e-06,5.8569476e-06,4.8400407e-06,3.3553636e-06,1.2707411e-06,-9.0097456e-07,-2.8294671e-06,-3.0110502e-06,-1.4515502e-06,6.1351813e-07,3.7097266e-06,6.9396324e-06,9.9825975e-06,1.2452472e-05,0,0,0
-0.55744000000000005,-0.0015053824,-0.0014639009,-0.0012179248,-0.00063937932,0.00062584982,0.0023393726,0.0048930901,0.0092483629,0.014904574,0.02421893,0.037337177,0.064050868,0.13444324,0.2328191,0,0,0,0.99601924,1.1628661,1.2899109,1.317323,1.1725734,0.99907655,0.81485534,0.61168289,0.43708703,0.29383469,0.19525415,0.13187245,0.083696716,0.050670132,0.031210329,0.016232029,0.0061751124,0.00048983446,-0.0023440069,-0.0028395064,-0.00084248593,0.0048344368,0.011084286,0.018356189,0.025099766,0.026833717,0.026626347,0.022528378,0.012525694,-0.0010041038,-0.016705116,0,0,0,0,-0.029357065,-0.023717554,-0.018222883,-0.013059117,-0.0089821797,-0.006569088,-0.0046758563,-0.0031790491,-0.0021648621,-0.0014173533,-0.00087267254,-0.00052309071,-0.00026970732,-0.00011742657,-2.7602804e-05,2.6623591e-05,4.4013264e-05,4.662697e-05,4.023602e-05,2.5162097e-05,1.2609359e-05,7.9812551e-08,-1.1995761e-05,-1.703515e-05,-2.0295216e-05,-2.1796886e-05,-1.815303e-05,-1.343372e-05,-7.4856102e-06,6.7763256e-07,8.7033059e-06,0,0,0,3.2134136e-05,3.4427369e-05,3.6192389e-05,3.6981241e-05,3.4840119e-05,3.2257922e-05,2.8272632e-05,2.2826955e-05,1.7869612e-05,1.277057e-05,7.892193e-06,4.2192173e-06,1.6228815e-06,1.1468921e-06,1.734777e-06,3.0141641e-06,4.1812336e-06,5.0848575e-06,5.7544989e-06,4.56423e-06,2.7203776e-06,8.8174005e-07,-1.6988805e-08,-2.7925222e-07,2.7417241e-07,2.6764392e-06,5.19882e-06,7.8812409e-06,1.1036816e-05,1.4075275e-05,1.6756769e-05,0,0,0
-0.51329999999999998,0,0,0,0,0,0,0,0,0,0,0,0,0,0,0,0,0,0,0,0,0,0,0,0,0,0,0,0,0,0,0,0,0,0,0,0,0,0,0,0,0,0,0,0,0,0,0,0,0,0,0,0,0,0,0,0,0,0,0,0,0,0,0,0,0,0,0,0,0,0,0,0,0,0,0,0,0,0,0,0,0,0,0,0,0,0,0,0,0,0,0,0,0,0,0,0,0,0,0,0,0,0,0,0,0,0,0,0,0,0,0,0,0,0,0,0,0,0,0,0
-0.46916000000000002,-0.00087870401,-0.00046297981,0.00012469369,0.00094347476,0.0028908541,0.0062272027,0.010802533,0.017857604,0.028786037,0.042668324,0.063286304,0.10441028,0.15911293,0.2710332,0,0,0,1.0169802,1.1334009,1.1949433,1.199675,1.116434,0.93334121,0.72615886,0.5457046,0.39136496,0.26183537,0.16453873,0.11069276,0.070232622,0.040187314,0.022473285,0.010534853,0.0014744835,-0.0041884989,-0.0055646691,-0.004574039,-0.0014323789,0.0058759442,0.016363818,0.025422089,0.030863505,0.034025572,0.031925768,0.023440698,0.0068462119,-0.010174467,-0.028030733,0,0,0,0,-0.048775926,-0.037824657,-0.02795111,-0.019667627,-0.013260826,-0.0083707022,-0.0056327553,-0.0038247972,-0.0024772135,-0.0016005681,-0.0010032281,-0.000572566,-0.000304516,-0.00014269169,-4.4184671e-05,5.3442168e-06,2.4331477e-05,2.137469e-05,1.2378579e-05,6.7300442e-07,-1.5856447e-05,-2.6994858e-05,-3.4126278e-05,-3.9178103e-05,-3.8375296e-05,-3.3778546e-05,-2.7638462e-05,-2.0134468e-05,-1.1444368e-05,-2.2848976e-06,5.6592448e-06,0,0,0,2.6094987e-05,2.7691132e-05,2.7586368e-05,2.5784808e-05,2.332584e-05,1.9641817e-05,1.5217587e-05,1.0608735e-05,6.4904957e-06,3.1450923e-06,7.3154851e-08,-1.2393353e-06,-1.2294493e-06,-9.6535052e-07,4.3883256e-07,2.2248068e-06,3.4171505e-06,3.8124217e-06,3.9848619e-06,3.9461015e-06,3.234529e-06,2.9546409e-06,3.2206915e-06,4.5201255e-06,6.8867625e-06,9.493936e-06,1.2687887e-05,1.559072e-05,1.8237495e-05,2.0267029e-05,2.1958667e-05,0,0,0
-0.42502000000000001,-0.00062355032,5.3926069e-05,0.0011100156,0.0026279981,0.0052783443,0.0094904229,0.015120325,0.022886917,0.035618518,0.051628415,0.081545599,0.14167766,0.22738811,0.33661082,0,0,0,1.0524917,1.1512012,1.1669444,1.1164113,0.99800867,0.83717483,0.64525622,0.47251868,0.33872399,0.22527005,0.14191964,0.094777577,0.061472144,0.035777859,0.018027959,0.007026142,-0.0012369648,-0.0071061412,-0.008092653,-0.0066651669,-0.0028592693,0.0037908165,0.013760036,0.026124889,0.032370873,0.034105513,0.034847274,0.026381411,0.0061288727,-0.016601942,-0.036006827,0,0,0,0,-0.0614058,-0.04810803,-0.034643903,-0.023001781,-0.015156269,-0.0095037203,-0.0058757951,-0.0040023969,-0.0026078809,-0.0016342094,-0.0010317367,-0.00059286453,-0.00030420479,-0.00014568154,-4.9722395e-05,-5.9948354e-07,1.6082693e-05,1.2057943e-05,-2.7875658e-06,-1.5016584e-05,-3.0399546e-05,-4.4916724e-05,-4.8316237e-05,-4.9539922e-05,-4.8758637e-05,-4.1556486e-05,-3.2779786e-05,-2.4018178e-05,-1.3419231e-05,-2.1224494e-06,7.8911908e-06,0,0,0,2.5178839e-05,2.5388697e-05,2.5018939e-05,2.1873921e-05,1.7994802e-05,1.3848115e-05,9.3199915e-06,4.8097982e-06,5.7766431e-07,-2.1262504e-06,-4.3248001e-06,-5.5809392e-06,-4.0793416e-06,-2.5984443e-06,-1.2427786e-06,5.7101693e-07,1.8304494e-06,2.3567645e-06,2.6752853e-06,2.734203e-06,2.5927436e-06,3.7999771e-06,5.5265559e-06,7.6801034e-06,1.0620409e-05,1.3626059e-05,1.6692185e-05,1.9446103e-05,2.1972901e-05,2.3946903e-05,2.4091298e-05,0,0,0
-0.38089000000000001,1.1220798e-05,0.00087498152,0.0022283073,0.0041050822,0.0070261387,0.011832868,0.018799726,0.029879512,0.049834311,0.079088546,0.11967324,0.18454942,0.28534579,0.41078523,0,0,0,1.0606167,1.1193448,1.1038146,1.0321271,0.90667772,0.73906147,0.56053156,0.39815706,0.2851305,0.19397506,0.12484358,0.080777399,0.050981048,0.028481627,0.012228232,0.0021716093,-0.0046852548,-0.0099623175,-0.011394678,-0.0098500466,-0.0057726181,0.0017498637,0.011887779,0.024343131,0.036614534,0.033686616,0.028993083,0.020392749,-3.710356e-05,-0.02379928,-0.046790376,0,0,0,0,-0.067637041,-0.054492038,-0.039773058,-0.027071645,-0.017010156,-0.010791757,-0.0065671927,-0.0041149883,-0.0026831126,-0.001669043,-0.0010216552,-0.00059052859,-0.00029891366,-0.00013439245,-4.5058288e-05,1.2659984e-06,8.7512744e-06,-1.0436955e-06,-1.870569e-05,-3.8207014e-05,-5.0277984e-05,-6.1091414e-05,-6.7108107e-05,-6.448615e-05,-6.0044506e-05,-5.0154194e-05,-3.6129113e-05,-2.2712924e-05,-1.018946e-05,9.6637859e-07,1.0922004e-05,0,0,0,2.5718175e-05,2.3812761e-05,2.1297226e-05,1.771095e-05,1.3026383e-05,8.141642e-06,3.307531e-06,-1.1666435e-06,-5.1914544e-06,-7.4256559e-06,-7.9308074e-06,-7.755817e-06,-6.4941341e-06,-4.4019448e-06,-2.7470062e-06,-1.0719996e-06,3.2795865e-07,9.8668181e-07,1.8597689e-06,2.91792e-06,4.0779191e-06,5.7361553e-06,8.1108401e-06,1.0865896e-05,1.392373e-05,1.7348852e-05,2.0164784e-05,2.1754347e-05,2.2904522e-05,2.3964953e-05,2.4581677e-05,0,0,0
-0.33674999999999999,0.00053208112,0.001478337,0.0030461389,0.0054651741,0.0093819546,0.016357832,0.026300535,0.04006825,0.063107878,0.097775631,0.14651984,0.21713202,0.34009722,0.49684638,0,0,0,1.116172,1.1517416,1.1021725,0.99823177,0.83691579,0.65685922,0.48455319,0.33512399,0.23333798,0.15591946,0.09806852,0.060405698,0.036642596,0.020287964,0.0072013517,-0.0010699845,-0.0076764552,-0.012862229,-0.014757583,-0.013093105,-0.0088474369,-0.0015340972,0.0083908811,0.017898509,0.027789582,0.02807935,0.021473613,0.012136613,-0.0053558168,-0.02975242,-0.054688279,0,0,0,0,-0.073938474,-0.059951711,-0.045781471,-0.032143019,-0.019595696,-0.011736619,-0.0070546139,-0.0042466046,-0.0026555976,-0.0016529048,-0.00098580215,-0.0005579475,-0.00027557506,-0.00011560619,-4.0834839e-05,-6.095142e-06,-4.4314479e-06,-1.9250214e-05,-3.6959391e-05,-5.9443682e-05,-7.4435877e-05,-8.1816266e-05,-8.599367e-05,-8.0133184e-05,-6.8541369e-05,-5.445541e-05,-3.8021524e-05,-2.2064552e-05,-7.5529861e-06,4.6164923e-06,1.5095795e-05,0,0,0,2.6598127e-05,2.3529772e-05,1.9369963e-05,1.4600778e-05,9.0517588e-06,3.3403423e-06,-2.0092186e-06,-5.9953459e-06,-8.9361629e-06,-1.1219935e-05,-1.1514107e-05,-1.0591683e-05,-9.1814509e-06,-6.7022584e-06,-4.5364e-06,-2.7069239e-06,-1.0013131e-06,2.4415624e-07,1.4242011e-06,2.9956609e-06,4.8120255e-06,6.9758676e-06,9.8737182e-06,1.3061838e-05,1.5876407e-05,1.8496376e-05,2.0795143e-05,2.2548347e-05,2.3629696e-05,2.4555982e-05,2.5477848e-05,0,0,0
-0.29260999999999998,0.0010495236,0.0023035661,0.0045471354,0.0076403427,0.012090484,0.020181241,0.031356499,0.047093194,0.071939029,0.11691262,0.18517195,0.28205132,0.42742723,0.59941196,0,0,0,1.2124845,1.2037253,1.0929084,0.94121122,0.75526381,0.57417864,0.40960255,0.25989035,0.16743413,0.11068184,0.072528839,0.046121087,0.028959146,0.014570477,0.0029655595,-0.004870194,-0.010920656,-0.015853034,-0.018518249,-0.017234188,-0.013966419,-0.0088283606,0.0021598337,0.010987294,0.01924642,0.023932245,0.016824704,0.0048633893,-0.011271651,-0.033725049,-0.056572154,0,0,0,0,-0.083170988,-0.064050719,-0.048980448,-0.03472494,-0.021517495,-0.012045487,-0.0072753788,-0.0043775639,-0.0025418925,-0.0015762715,-0.00094210729,-0.00051573815,-0.00025823468,-0.00010328944,-3.1826468e-05,-5.8587207e-06,-9.2742566e-06,-3.5255835e-05,-5.7190056e-05,-8.3144427e-05,-0.00010767239,-0.00010980583,-0.000106896,-9.9528341e-05,-8.2448147e-05,-6.3369473e-05,-4.2484138e-05,-2.1129261e-05,-2.3599164e-06,1.4409917e-05,2.4334096e-05,0,0,0,2.9552233e-05,2.5388174e-05,1.865531e-05,1.177495e-05,4.7071253e-06,-1.1620447e-06,-6.4691599e-06,-1.1054361e-05,-1.3374221e-05,-1.5068977e-05,-1.6074284e-05,-1.4085539e-05,-1.1837846e-05,-9.5317673e-06,-6.7061324e-06,-4.4074127e-06,-2.7126955e-06,-9.1801343e-07,7.0857453e-07,2.3991952e-06,5.3126537e-06,8.3759915e-06,1.1282931e-05,1.4432982e-05,1.7293421e-05,1.9900708e-05,2.2013401e-05,2.3752342e-05,2.4659013e-05,2.431718e-05,2.4114741e-05,0,0,0
-0.24848000000000001,0.0017671721,0.0031096917,0.0056996015,0.0092418129,0.013963184,0.022880737,0.0371641,0.057039879,0.089609116,0.1440039,0.22098066,0.33050531,0.49259278,0.6934796,0,0,0,1.2589308,1.2360395,1.0981362,0.92290157,0.71774042,0.49598777,0.34469292,0.21975994,0.12963845,0.089294381,0.057605226,0.033427082,0.018960774,0.0070803748,-0.0026551792,-0.0089661302,-0.014163789,-0.019110318,-0.023002148,-0.022169171,-0.019202452,-0.014633415,-0.0054895272,0.0057866764,0.011867965,0.013816313,0.0098873386,-0.0033126783,-0.019865189,-0.040507726,-0.061163791,0,0,0,0,-0.0840284,-0.064031452,-0.048167683,-0.03587091,-0.023046197,-0.013216627,-0.0071856361,-0.004370891,-0.0025486867,-0.0014917685,-0.00088938669,-0.00046556062,-0.00021347091,-7.3839961e-05,-9.0649573e-06,-1.3956653e-06,-2.2488501e-05,-6.0326372e-05,-9.6632655e-05,-0.00011882617,-0.0001388149,-0.00014653541,-0.00013645529,-0.0001219902,-9.8199802e-05,-6.887794e-05,-3.8589518e-05,-1.018577e-05,8.2084252e-06,2.4475208e-05,3.6466747e-05,0,0,0,3.2354372e-05,2.4653002e-05,1.6703318e-05,8.9350615e-06,1.1738407e-06,-5.707941e-06,-1.0997093e-05,-1.556964e-05,-1.8384841e-05,-1.9132032e-05,-1.9293087e-05,-1.7904129e-05,-1.4887632e-05,-1.2039097e-05,-9.2933014e-06,-6.3769057e-06,-4.0375621e-06,-1.7711983e-06,9.6957433e-07,3.656505e-06,6.4788574e-06,9.8630298e-06,1.3071786e-05,1.6092456e-05,1.8966066e-05,2.0802809e-05,2.1733127e-05,2.2172739e-05,2.2355223e-05,2.241694e-05,2.2242946e-05,0,0,0
-0.20433999999999999,0.0022804411,0.0037074932,0.0065949587,0.011044146,0.017079148,0.027078515,0.043540016,0.065850623,0.098712333,0.15921652,0.24409774,0.36605632,0.54084897,0.75875527,0,0,0,1.360424,1.3227204,1.1534661,0.92737186,0.70251763,0.47509721,0.30458412,0.1928075,0.10545669,0.060544118,0.036805175,0.019538671,0.0096795121,0.0018223773,-0.0054068533,-0.011700179,-0.016935023,-0.022061035,-0.02702474,-0.026785912,-0.023931816,-0.019144755,-0.011959874,-0.0022257105,0.0040754741,0.0042154999,-0.00063374877,-0.011172824,-0.028687865,-0.047585648,-0.062804952,0,0,0,0,-0.080773249,-0.064629927,-0.047883399,-0.035157889,-0.023736747,-0.013936712,-0.0074014976,-0.0041859504,-0.002437541,-0.0013508555,-0.00077791349,-0.00038525849,-0.00015660598,-5.0170216e-05,-1.0138404e-05,-1.3069031e-05,-4.4350145e-05,-8.8048415e-05,-0.00013120449,-0.00016001292,-0.00017702176,-0.00018611951,-0.00017167909,-0.00014297487,-0.00010851382,-7.3197618e-05,-3.762143e-05,-2.6590042e-06,1.9648807e-05,3.6288995e-05,4.9926231e-05,0,0,0,3.6364985e-05,2.6359454e-05,1.6315949e-05,7.1946984e-06,-2.0284451e-06,-1.0736283e-05,-1.6657628e-05,-2.0701031e-05,-2.342781e-05,-2.3806137e-05,-2.3085089e-05,-2.1814321e-05,-1.8561992e-05,-1.4876188e-05,-1.1683319e-05,-8.0405989e-06,-4.6199657e-06,-1.9132001e-06,1.1721679e-06,4.4725793e-06,7.5998178e-06,1.1150596e-05,1.3905046e-05,1.5987001e-05,1.7546632e-05,1.8823355e-05,1.9805293e-05,2.0262471e-05,2.0502588e-05,2.0799434e-05,2.0779407e-05,0,0,0
-0.16020000000000001,0,0,0,0,0,0,0,0,0,0,0,0,0,0,0,0,0,0,0,0,0,0,0,0,0,0,0,0,0,0,0,0,0,0,0,0,0,0,0,0,0,0,0,0,0,0,0,0,0,0,0,0,0,0,0,0,0,0,0,0,0,0,0,0,0,0,0,0,0,0,0,0,0,0,0,0,0,0,0,0,0,0,0,0,0,0,0,0,0,0,0,0,0,0,0,0,0,0,0,0,0,0,0,0,0,0,0,0,0,0,0,0,0,0,0,0,0,0,0,0
-0.11607000000000001,0.0034066264,0.0054958421,0.0087113129,0.013610021,0.021167191,0.031802844,0.049899638,0.078122877,0.11565846,0.17660679,0.28046906,0.42108119,0.60756761,0.82996279,0,0,0,1.3880333,1.3581687,1.1610911,0.90671313,0.65341544,0.44841906,0.2667262,0.13496204,0.07925462,0.041729804,0.017751433,0.0084960032,9.2733506e-05,-0.0070054918,-0.011409959,-0.016201658,-0.020814689,-0.025312744,-0.03007419,-0.032359309,-0.029932408,-0.026687006,-0.022325458,-0.014279193,-0.0077610905,-0.0052165505,-0.013096866,-0.022240004,-0.03345973,-0.049161293,-0.062322114,0,0,0,0,-0.062982179,-0.053039897,-0.042238288,-0.029870506,-0.020833904,-0.012832361,-0.0073489742,-0.0038974311,-0.0020113562,-0.0011020757,-0.00055606023,-0.0002651519,-6.4539337e-05,2.9124929e-05,1.7984921e-05,-2.644109e-05,-9.8655859e-05,-0.00018515352,-0.00024448629,-0.00029034796,-0.00031681856,-0.00030318875,-0.00027161479,-0.00021892463,-0.00014746442,-7.8629768e-05,-1.6705357e-05,3.0112098e-05,6.6351204e-05,8.5935862e-05,9.0234396e-05,0,0,0,4.3474422e-05,2.6404881e-05,1.0833664e-05,-3.3402271e-06,-1.4850583e-05,-2.266997e-05,-2.9470446e-05,-3.4367116e-05,-3.5808134e-05,-3.6096706e-05,-3.47227e-05,-3.1392254e-05,-2.7570281e-05,-2.2842356e-05,-1.730805e-05,-1.2367651e-05,-7.519835e-06,-2.8780919e-06,8.3624923e-07,4.2149873e-06,7.4611476e-06,1.0133404e-05,1.2644961e-05,1.4544557e-05,1.5140327e-05,1.5360989e-05,1.5600172e-05,1.5779975e-05,1.5953035e-05,1.6163604e-05,1.623026e-05,0,0,0
-0.071929999999999994,0.0037790004,0.0060120509,0.009505285,0.015025181,0.022918299,0.034215011,0.052762598,0.080455355,0.12047164,0.17983952,0.27621901,0.41362408,0.58672589,0.80038053,0,0,0,1.3829659,1.3451431,1.1709273,0.89826035,0.64278489,0.4340094,0.26983175,0.14029114,0.067372069,0.0353553,0.014017209,0.0034372094,-0.0023352026,-0.0078991475,-0.012663628,-0.017215226,-0.02204321,-0.026719177,-0.031298228,-0.033714864,-0.029493045,-0.023309518,-0.017668013,-0.012075319,-0.0089010978,-0.0084716622,-0.015494399,-0.027114261,-0.038170964,-0.049864285,-0.057465438,0,0,0,0,-0.05486878,-0.045102853,-0.035685871,-0.027515844,-0.019863255,-0.012102393,-0.0070584333,-0.0038286825,-0.0018824734,-0.00090872828,-0.00041528922,-0.00017468899,-2.2782087e-05,3.4144236e-05,1.0661685e-05,-5.3673393e-05,-0.00013714439,-0.00024002181,-0.00031930723,-0.00036550761,-0.00040608679,-0.00039506747,-0.000335166,-0.00025863695,-0.00016896876,-8.3487925e-05,-5.5183591e-06,5.2114825e-05,9.3189548e-05,0.00011545889,0.00011709105,0,0,0,4.7745052e-05,2.6774142e-05,8.8697179e-06,-8.2100787e-06,-2.3493623e-05,-3.3047931e-05,-3.9362465e-05,-4.4048204e-05,-4.5054578e-05,-4.3952165e-05,-4.2156546e-05,-3.8166534e-05,-3.2562908e-05,-2.6859241e-05,-2.0244126e-05,-1.4066759e-05,-8.7308617e-06,-3.6913834e-06,6.4350701e-07,4.2717852e-06,7.5027569e-06,9.1492129e-06,1.0527672e-05,1.1476362e-05,1.1926318e-05,1.2183046e-05,1.2626629e-05,1.301691e-05,1.3362886e-05,1.389395e-05,1.3907616e-05,0,0,0
-0.027789999999999999,0.0042990427,0.0066268602,0.010104278,0.016002793,0.023701672,0.035304606,0.053914841,0.080327697,0.12020888,0.17692216,0.26380166,0.39308357,0.55989617,0.77827096,0,0,0,1.3083979,1.2244802,1.1039881,0.85631216,0.61694431,0.39724422,0.2452566,0.13839674,0.061614126,0.033044875,0.016054837,0.0021672752,-0.0039431266,-0.0089087216,-0.013881434,-0.018193906,-0.022164131,-0.026049085,-0.027581979,-0.027923627,-0.025441941,-0.01939567,-0.014062402,-0.0096264631,-0.0089216288,-0.0098566478,-0.014171152,-0.025291596,-0.037421823,-0.049212717,-0.053700052,0,0,0,0,-0.048732363,-0.040901195,-0.030280642,-0.024777932,-0.018080106,-0.011094356,-0.0060433177,-0.0033794492,-0.001819642,-0.00078581163,-0.00035965454,-0.00012912854,2.5312764e-05,6.0311948e-05,2.2178358e-05,-6.2347586e-05,-0.00017860117,-0.00032077989,-0.00046303915,-0.00050840841,-0.00052670273,-0.00051932922,-0.00043294817,-0.00032698785,-0.00020932705,-8.9165849e-05,1.3439093e-05,0.00010111118,0.00014084228,0.00015229922,0.00015375554,0,0,0,5.1935644e-05,2.3076527e-05,-1.9870324e-06,-1.9646337e-05,-3.441644e-05,-4.5910092e-05,-5.0659448e-05,-5.3970576e-05,-5.5814664e-05,-5.2925781e-05,-4.9283117e-05,-4.5076111e-05,-3.7781378e-05,-3.0651063e-05,-2.3890037e-05,-1.655889e-05,-1.019411e-05,-4.9485466e-06,-5.8237276e-07,2.6458229e-06,4.7458998e-06,6.2765521e-06,7.4436607e-06,8.4177827e-06,8.9968726e-06,9.2999853e-06,9.6718522e-06,1.0279616e-05,1.0731542e-05,1.1498425e-05,1.1470675e-05,0,0,0
0.01634,0.0045988522,0.0070898193,0.010343621,0.016366221,0.024601702,0.035401624,0.053737562,0.080777578,0.11655889,0.17045258,0.25624013,0.37072417,0.52184808,0.7017116,0,0,0,1.2104913,1.1175365,0.99620742,0.7918126,0.57648337,0.38854074,0.23271769,0.14288895,0.075036772,0.030442173,0.015325785,0.0029670363,-0.0061117383,-0.0098068267,-0.013725423,-0.017672516,-0.020467568,-0.023509711,-0.026140461,-0.024820777,-0.021588771,-0.017034665,-0.0077668526,-0.0015151406,0.0010294497,-0.0041746264,-0.013058167,-0.021191642,-0.035417587,-0.048936792,-0.053123057,0,0,0,0,-0.038835373,-0.037079822,-0.026004439,-0.019240046,-0.016095588,-0.010696713,-0.0059759561,-0.0032335077,-0.0018240681,-0.00077855529,-0.00026269886,-5.4633056e-05,8.2299477e-05,9.3627554e-05,2.2826478e-06,-0.00013714873,-0.00029262729,-0.00044452643,-0.00059910503,-0.0006788809,-0.00067627564,-0.00064682332,-0.00055554352,-0.00039559853,-0.00022047547,-5.4906381e-05,5.1452495e-05,0.00014122641,0.00020015171,0.00020302135,0.00019170283,0,0,0,4.6462766e-05,1.5533607e-05,-1.0838796e-05,-3.1877284e-05,-4.5996145e-05,-5.7372905e-05,-6.4278516e-05,-6.5907312e-05,-6.6073888e-05,-6.341251e-05,-5.7866262e-05,-5.1972125e-05,-4.462013e-05,-3.5851273e-05,-2.7336228e-05,-1.9450788e-05,-1.2388213e-05,-6.8591398e-06,-2.7009485e-06,6.1750239e-07,2.7942519e-06,3.9984002e-06,4.9242703e-06,5.2762889e-06,5.5892215e-06,5.9329573e-06,6.5841164e-06,7.3621386e-06,8.109394e-06,9.0480553e-06,9.4905672e-06,0,0,0
0.060479999999999999,0.004719398,0.0074120373,0.010873728,0.016478131,0.024980772,0.035857968,0.052012902,0.079137139,0.11436208,0.16050783,0.23505378,0.33124265,0.45258701,0.60459155,0,0,0,1.0681679,1.0120065,0.88526154,0.71259624,0.52993375,0.36554727,0.22428253,0.12791355,0.071887374,0.033092398,0.013552303,0.0036675751,-0.0047004605,-0.0098825693,-0.01333311,-0.017245438,-0.020212784,-0.02223053,-0.023478743,-0.019493638,-0.010778823,-0.0030611465,0.0040900586,0.0091872755,0.010928045,0.0045090788,-0.009287552,-0.019959265,-0.033598684,-0.048767298,-0.055270649,0,0,0,0,-0.032032292,-0.030477483,-0.024927443,-0.018077668,-0.014474967,-0.010868508,-0.0061457679,-0.0030698066,-0.001614299,-0.0006947298,-0.00019131223,-7.0290491e-07,7.7851771e-05,8.1906837e-05,-2.5246311e-05,-0.00019669607,-0.00037945193,-0.00056034426,-0.0007414773,-0.00089013181,-0.00091109722,-0.00083332014,-0.00069444475,-0.00049255294,-0.00027016958,-4.7704412e-05,8.858669e-05,0.00018743782,0.00025663467,0.00025788357,0.00022410188,0,0,0,4.5328645e-05,1.0036595e-05,-2.0930991e-05,-4.7104768e-05,-6.3524269e-05,-7.3500843e-05,-7.9792742e-05,-8.0486876e-05,-7.8445468e-05,-7.5011936e-05,-6.8485599e-05,-5.9517126e-05,-5.0239676e-05,-3.988517e-05,-3.0150564e-05,-2.1834207e-05,-1.4572047e-05,-8.6498485e-06,-4.2730476e-06,-1.0648702e-06,2.7812695e-07,5.2748578e-07,5.2693048e-07,9.294078e-07,1.4142937e-06,2.129904e-06,3.2712239e-06,4.3547539e-06,5.3035642e-06,5.8415203e-06,5.9377189e-06,0,0,0
0.10462,0.0048412951,0.0075593241,0.011174683,0.016251424,0.024612766,0.035686899,0.049377207,0.074205026,0.1070536,0.14732005,0.21037784,0.29687315,0.40157971,0.52927709,0,0,0,0.88469309,0.86449665,0.7593171,0.60996664,0.44710538,0.30652204,0.20042215,0.1145973,0.06963028,0.037960209,0.013982282,0.0035717587,-0.0038250799,-0.010066863,-0.01338748,-0.016149143,-0.018844198,-0.017371133,-0.014961008,-0.012495182,-0.0020070348,0.0078992443,0.014523678,0.018882742,0.01887981,0.013471812,-0.0050414735,-0.020651191,-0.032088839,-0.047548901,-0.056580018,0,0,0,0,-0.033173315,-0.028011,-0.025406748,-0.018507671,-0.013639583,-0.010522035,-0.0062149274,-0.0032777949,-0.0014768239,-0.00070546014,-0.00019481299,6.5581073e-05,0.00010680073,9.1089278e-05,-1.5602491e-05,-0.00025662643,-0.0005262788,-0.00082110427,-0.0010414147,-0.0011820289,-0.0012361289,-0.0011004405,-0.00089929166,-0.00064485316,-0.00033178768,-2.938023e-05,0.00019740543,0.00028187904,0.00032612192,0.00033253856,0.00027869662,0,0,0,3.556193e-05,-1.1773767e-05,-4.2301301e-05,-6.6318564e-05,-8.5231019e-05,-9.2563147e-05,-9.6315896e-05,-9.7536627e-05,-9.1683803e-05,-8.4807842e-05,-7.6925899e-05,-6.5902314e-05,-5.506038e-05,-4.4342574e-05,-3.3549157e-05,-2.4295523e-05,-1.690329e-05,-1.1377119e-05,-7.6130441e-06,-5.3146127e-06,-3.8781345e-06,-3.5037629e-06,-4.0065747e-06,-3.4206541e-06,-2.7491706e-06,-1.9708939e-06,-4.6087814e-07,8.2538577e-07,1.6613322e-06,1.8889406e-06,1.8608589e-06,0,0,0
0.14874999999999999,0.0049361433,0.0074280393,0.011140037,0.016061954,0.023474701,0.034320708,0.047777332,0.068248525,0.099488817,0.13823625,0.18975867,0.26283103,0.34683502,0.43977734,0,0,0,0.72320551,0.68474948,0.61912334,0.50883925,0.38321343,0.27489033,0.18970725,0.11609457,0.063032269,0.036147509,0.01573905,0.001871158,-0.0038180831,-0.0087906215,-0.012803485,-0.014295868,-0.015730454,-0.016044518,-0.01074111,-0.005573594,0.0019973733,0.016363706,0.02578564,0.029423449,0.026954424,0.019359346,0.004225947,-0.017342662,-0.031650651,-0.045892488,-0.059624944,0,0,0,0,-0.037188005,-0.02899719,-0.023842089,-0.019842165,-0.014294483,-0.010463907,-0.0064016329,-0.0035577044,-0.0017090037,-0.00063694385,-0.00016664175,9.5143587e-05,0.00014820549,5.7981459e-05,-0.0001320943,-0.0004194889,-0.00073381397,-0.0010574355,-0.0013604769,-0.0015085241,-0.0015368655,-0.001458112,-0.0011421598,-0.0007377963,-0.000322651,2.0905676e-05,0.00027657731,0.00041370373,0.0004294129,0.00040671646,0.00032866342,0,0,0,1.6423617e-05,-3.1154406e-05,-6.6693203e-05,-8.8125613e-05,-0.00010510259,-0.00011457571,-0.00011439213,-0.00011160826,-0.00010550857,-9.5891999e-05,-8.5628591e-05,-7.4195188e-05,-6.1513369e-05,-4.8947444e-05,-3.7490805e-05,-2.7860493e-05,-2.0517411e-05,-1.5094676e-05,-1.1283515e-05,-8.9730474e-06,-7.6560582e-06,-7.1926165e-06,-7.9844331e-06,-8.1404878e-06,-7.2514085e-06,-6.1880874e-06,-4.598829e-06,-2.9676016e-06,-1.8697411e-06,-1.520385e-06,-1.6890925e-06,0,0,0
0.19289000000000001,0.0049159578,0.0074121477,0.010841611,0.015538853,0.022751816,0.032521211,0.045798503,0.06442903,0.090234056,0.12420072,0.16532077,0.2219409,0.29055676,0.36570776,0,0,0,0.59292179,0.55523795,0.50941449,0.43788284,0.32774782,0.23275267,0.15723367,0.098503828,0.056231827,0.031561743,0.016201125,0.0037589862,-0.0038011172,-0.0080772759,-0.01201144,-0.014064666,-0.014319523,-0.013783721,-0.0081041958,0.002250087,0.012436636,0.024115,0.035131197,0.040278256,0.037502497,0.027538354,0.0093969852,-0.016056856,-0.035892218,-0.051473349,-0.063855655,0,0,0,0,-0.039118592,-0.032433487,-0.025077159,-0.020033017,-0.015557388,-0.011089817,-0.0066148862,-0.0035396221,-0.0018138367,-0.00070758129,-0.00013709442,7.1213733e-05,0.00012879996,3.4458535e-05,-0.00020262618,-0.0005309289,-0.00089814333,-0.0013049794,-0.0017953295,-0.0021113215,-0.0020783148,-0.0019124306,-0.0015127815,-0.00096708158,-0.00040566715,4.7213576e-05,0.00035960411,0.00052014901,0.00052747765,0.00045381501,0.00035162675,0,0,0,-3.0555889e-06,-5.4935892e-05,-9.5769843e-05,-0.00011837884,-0.00013082557,-0.00013819541,-0.00013640066,-0.00012966528,-0.00012135869,-0.0001098672,-9.5546216e-05,-8.145551e-05,-6.699068e-05,-5.3340009e-05,-4.1271593e-05,-3.1228636e-05,-2.3635166e-05,-1.8169876e-05,-1.4591325e-05,-1.3048426e-05,-1.2346486e-05,-1.2214517e-05,-1.2613445e-05,-1.302275e-05,-1.2255401e-05,-1.082252e-05,-9.0093472e-06,-7.0082865e-06,-6.0115158e-06,-6.2438767e-06,-7.3876836e-06,0,0,0
0.23702999999999999,0.0047889096,0.0072970269,0.010461969,0.014989181,0.02182582,0.030370379,0.042255573,0.058332987,0.079946533,0.10939291,0.14483871,0.19200714,0.24745294,0.30553606,0,0,0,0.47935709,0.44468403,0.39447066,0.33709401,0.24983485,0.1830949,0.12949422,0.089286186,0.056092948,0.029626757,0.014929078,0.0041830102,-0.0043283738,-0.0084025618,-0.011133445,-0.013819255,-0.012087351,-0.0087070987,-0.0063245236,0.0058486909,0.019560222,0.029542789,0.041134141,0.044551097,0.041671291,0.026034487,0.0053715711,-0.016910015,-0.037610117,-0.055151097,-0.067033142,0,0,0,0,-0.040812071,-0.036588427,-0.02836369,-0.021736311,-0.016975842,-0.012167621,-0.0074286801,-0.0034923612,-0.0018480145,-0.00083898584,-8.1413142e-05,0.0001087558,0.00013682128,7.3666648e-05,-0.00026341953,-0.00075124425,-0.0013360527,-0.0018620765,-0.0023869951,-0.0029039909,-0.0027821411,-0.0024823349,-0.0020495467,-0.0012835235,-0.00052064669,0.00017497512,0.00051759253,0.00063314108,0.00066609326,0.00054865662,0.00040896164,0,0,0,-5.2931187e-05,-9.8223383e-05,-0.00013208535,-0.00015605208,-0.00016265377,-0.00016466444,-0.00016244085,-0.0001493974,-0.00013536218,-0.00012100418,-0.00010445733,-8.8332636e-05,-7.2897885e-05,-5.8165504e-05,-4.5211214e-05,-3.4641987e-05,-2.7662301e-05,-2.2971964e-05,-2.0232053e-05,-1.8518533e-05,-1.7537814e-05,-1.7566335e-05,-1.7541022e-05,-1.7648099e-05,-1.7615621e-05,-1.5690403e-05,-1.378373e-05,-1.1504781e-05,-1.0679178e-05,-1.1216053e-05,-1.17252e-05,0,0,0
0.28116999999999998,0.0045505781,0.0070146071,0.010126906,0.014001778,0.020222161,0.028417984,0.038441613,0.052816141,0.072787054,0.09699858,0.12690984,0.1639469,0.20551415,0.24897468,0,0,0,0.3597517,0.33755663,0.30177948,0.26399767,0.21617088,0.16238438,0.11587716,0.076818682,0.048706722,0.026610453,0.010847222,0.0031395101,-0.0033978126,-0.0083817579,-0.010241589,-0.01212068,-0.012828539,-0.0070472872,-0.0024635969,0.0037382198,0.020043686,0.032101519,0.03828343,0.041410856,0.03833472,0.029092241,0.0055192579,-0.019601053,-0.035896059,-0.056207735,-0.06892731,0,0,0,0,-0.04518804,-0.039129037,-0.032329697,-0.023558596,-0.017037643,-0.012010004,-0.0077643842,-0.0039447495,-0.0016042835,-0.00076581963,-0.00011301986,0.00017872018,0.00010500253,-8.7777807e-05,-0.00044128351,-0.0010191608,-0.0017195295,-0.0023731072,-0.0029425831,-0.0035163516,-0.0037076809,-0.0031981606,-0.0024706966,-0.0015624831,-0.00065677852,0.00015249044,0.00073622598,0.00081671483,0.00077501388,0.00060573762,0.00039256416,0,0,0,-0.00010244587,-0.0001513639,-0.00017614277,-0.00019273302,-0.00019827433,-0.00019200938,-0.00018284505,-0.00016947172,-0.00015136867,-0.00013324861,-0.00011549621,-9.7115582e-05,-7.9571102e-05,-6.4093314e-05,-5.1125342e-05,-4.064438e-05,-3.295932e-05,-2.8125138e-05,-2.5222209e-05,-2.3842733e-05,-2.269371e-05,-2.2411608e-05,-2.2562257e-05,-2.2140423e-05,-2.1621929e-05,-2.0871297e-05,-1.907244e-05,-1.6421984e-05,-1.5084823e-05,-1.5663107e-05,-1.6266622e-05,0,0,0
0.32529999999999998,0,0,0,0,0,0,0,0,0,0,0,0,0,0,0,0,0,0,0,0,0,0,0,0,0,0,0,0,0,0,0,0,0,0,0,0,0,0,0,0,0,0,0,0,0,0,0,0,0,0,0,0,0,0,0,0,0,0,0,0,0,0,0,0,0,0,0,0,0,0,0,0,0,0,0,0,0,0,0,0,0,0,0,0,0,0,0,0,0,0,0,0,0,0,0,0,0,0,0,0,0,0,0,0,0,0,0,0,0,0,0,0,0,0,0,0,0,0,0,0
0.36943999999999999,0.0043386836,0.0061433977,0.0089838244,0.012572019,0.016918831,0.023762926,0.032117635,0.041722972,0.05581804,0.073097616,0.092434421,0.11584552,0.14225522,0.16903076,0,0,0,0.22574957,0.21339411,0.19349292,0.16099508,0.13322672,0.10462538,0.078810252,0.055962581,0.035170503,0.020880524,0.0097004613,0.00062143832,-0.0044941311,-0.0078530284,-0.010836571,-0.01111714,-0.010950535,-0.010861789,-0.0028257701,0.0045401813,0.009912069,0.024528349,0.031347752,0.030791555,0.021808399,0.012510957,0.00073295645,-0.026664227,-0.047189899,-0.056321181,-0.067815088,0,0,0,0,-0.044545941,-0.037200771,-0.03027514,-0.024062952,-0.017643439,-0.01183608,-0.0069140191,-0.0038806547,-0.0018248633,-0.0004903985,-7.5001197e-05,0.00015836097,0.00021234847,-0.00018978237,-0.00080535049,-0.0016424172,-0.0027899013,-0.0039728885,-0.0051525035,-0.0057522324,-0.0059813657,-0.0055899723,-0.0041629123,-0.0026015074,-0.0010972535,-0.00010346123,0.0005953259,0.00093471695,0.00076478207,0.00053885474,0.00027809161,0,0,0,-0.00025881792,-0.00028399457,-0.00029628762,-0.00028916923,-0.00027910931,-0.00026393493,-0.00023736601,-0.0002118023,-0.00018658498,-0.00015991424,-0.00013591128,-0.00011427353,-9.4640323e-05,-7.7317396e-05,-6.2811225e-05,-5.2052703e-05,-4.4043169e-05,-3.889497e-05,-3.5808789e-05,-3.4400851e-05,-3.4381887e-05,-3.3159409e-05,-3.2891767e-05,-3.2808177e-05,-3.0006562e-05,-2.7911758e-05,-2.6747193e-05,-2.3013296e-05,-1.9889885e-05,-1.8931305e-05,-2.2447484e-05,0,0,0
0.41358,0.0041398681,0.0057834596,0.0081318775,0.011471184,0.01543194,0.0211365,0.028817125,0.037695125,0.048946016,0.063318521,0.079018839,0.096146479,0.11634441,0.13663206,0,0,0,0.17476046,0.16571574,0.15178117,0.13567586,0.11319578,0.087622285,0.064732917,0.04518776,0.027929442,0.014709193,0.0071212738,0.00051208644,-0.0047753514,-0.00757111,-0.01002785,-0.01200383,-0.010960232,-0.0099888733,-0.0081606079,5.0145143e-05,0.0051761377,0.0096430043,0.017233048,0.018076066,0.011801826,0.00064832135,-0.010247509,-0.024889054,-0.046546821,-0.053495765,-0.056278538,0,0,0,0,-0.039341446,-0.035627164,-0.028042398,-0.021134607,-0.015740663,-0.010745361,-0.0064945957,-0.0030089687,-0.0014121237,-0.0004047589,8.2476137e-05,0.00015261206,4.2651496e-05,-0.00031124477,-0.0010605014,-0.0020506263,-0.0033159084,-0.0046994006,-0.0060255849,-0.0071283104,-0.0072390405,-0.0063893003,-0.0050764279,-0.0032654188,-0.0015357266,-0.00016237593,0.00054994063,0.00083429419,0.00065306481,0.00031849905,3.4967998e-05,0,0,0,-0.00037878487,-0.0003794427,-0.00036638047,-0.00034516491,-0.0003194474,-0.0002925538,-0.00026388589,-0.00023304849,-0.00020341635,-0.00017475981,-0.0001479184,-0.00012343194,-0.00010217904,-8.4407598e-05,-6.9879214e-05,-5.8420213e-05,-5.0186045e-05,-4.4735873e-05,-4.1554606e-05,-3.9787057e-05,-3.882005e-05,-3.7784132e-05,-3.6055539e-05,-3.5211044e-05,-3.3551947e-05,-3.0781586e-05,-2.9154135e-05,-2.706767e-05,-2.2425716e-05,-1.7342358e-05,-1.7378039e-05,0,0,0
0.45771000000000001,0.003846627,0.0053459294,0.007539263,0.010411699,0.014167647,0.019206176,0.025483295,0.033135831,0.042126819,0.05355696,0.066607498,0.080298886,0.095651127,0.11027059,0,0,0,0.1408502,0.13614102,0.12172509,0.10623015,0.087985821,0.066166818,0.048850805,0.035574779,0.023945995,0.013496256,0.0056604566,-7.1070564e-05,-0.0049676499,-0.0081938859,-0.01008197,-0.011912277,-0.012244484,-0.01074379,-0.010285948,-0.0079459064,-0.0022291085,0.0006272202,0.0034997326,0.0050254632,0.00040219526,-0.0091217319,-0.018716915,-0.026758565,-0.040715724,-0.048336081,-0.049487386,0,0,0,0,-0.028432399,-0.027219597,-0.023138866,-0.017448833,-0.012689098,-0.0084961448,-0.0052481731,-0.0025464443,-0.001032936,-0.00037376958,8.2857274e-05,0.00021476774,8.5921783e-06,-0.00037548493,-0.0011165851,-0.0023422716,-0.0039872094,-0.0057681384,-0.0071688253,-0.0084347576,-0.0087969797,-0.0076690479,-0.0061344616,-0.0041832277,-0.0021738973,-0.00059998163,0.00016738493,0.00034835434,0.00020955253,-3.4232558e-05,-0.00025970658,0,0,0,-0.00049773324,-0.00047399077,-0.00043720315,-0.00040083213,-0.00036663821,-0.00033022938,-0.00029477401,-0.0002587621,-0.00022102743,-0.00018682759,-0.00015659785,-0.00013122415,-0.00010924106,-9.109336e-05,-7.6396995e-05,-6.4646454e-05,-5.5842895e-05,-4.9492584e-05,-4.5685014e-05,-4.325424e-05,-4.1981984e-05,-4.1611358e-05,-4.0344134e-05,-3.8925959e-05,-3.7875499e-05,-3.3476703e-05,-2.7266966e-05,-2.1886748e-05,-1.4264026e-05,-9.2968094e-06,-8.7040216e-06,0,0,0
0.50185000000000002,0.0035865398,0.0049260589,0.0069571971,0.0093699247,0.012602406,0.016883917,0.022181496,0.028779933,0.036428887,0.045864996,0.056500737,0.067358531,0.079100125,0.090054259,0,0,0,0.10917132,0.10521983,0.091524489,0.080274798,0.069356404,0.055736374,0.04207141,0.029753624,0.019560959,0.010567386,0.0030077393,-0.0019869644,-0.0053630383,-0.0084304512,-0.0097977342,-0.011084121,-0.013598279,-0.012563116,-0.011019316,-0.014924501,-0.011051727,-0.0086939046,-0.010556792,-0.011188046,-0.014373719,-0.018343586,-0.026074495,-0.032680754,-0.035039414,-0.040657043,-0.039014205,0,0,0,0,-0.016366439,-0.017263087,-0.016748877,-0.013249964,-0.0098862546,-0.0067009064,-0.0043613911,-0.0023489378,-0.00065767224,-0.00010684902,0.00019881687,0.00040052386,4.4186203e-05,-0.00056570285,-0.0014239072,-0.0028873191,-0.0047494913,-0.0069860807,-0.0084115658,-0.0096355136,-0.01064829,-0.0091059338,-0.0069793155,-0.0047971434,-0.0027874988,-0.001240212,-0.00017166781,-2.3374771e-05,-0.00018651865,-0.00045029205,-0.0006410323,0,0,0,-0.0006337454,-0.00058931875,-0.00052879774,-0.0004711205,-0.0004205594,-0.00036730821,-0.00031836066,-0.00027486598,-0.00023450007,-0.00019787083,-0.00016537945,-0.00013902386,-0.0001163512,-9.6840442e-05,-8.1331709e-05,-6.894915e-05,-5.9575992e-05,-5.3019416e-05,-4.9060582e-05,-4.7407826e-05,-4.5795296e-05,-4.5199573e-05,-4.4269564e-05,-3.9434221e-05,-3.4543082e-05,-2.9893268e-05,-2.2052507e-05,-1.5774993e-05,-9.0141048e-06,-3.3452211e-06,-2.626072e-06,0,0,0
0.54598999999999998,0.0033580647,0.004446514,0.0062259277,0.0084581897,0.011101128,0.014845089,0.019633422,0.025094479,0.031380713,0.039037559,0.047245234,0.055855028,0.064764619,0.07351917,0,0,0,0.084944569,0.082376331,0.076585904,0.066335611,0.055928074,0.044797193,0.032784231,0.022068739,0.013453005,0.0074616396,0.0021282055,-0.0023845418,-0.0052799098,-0.0079135653,-0.01008403,-0.010812674,-0.012938625,-0.015350664,-0.013733702,-0.016765088,-0.022133902,-0.020120665,-0.021065455,-0.025612528,-0.028664932,-0.032847464,-0.029411115,-0.032005105,-0.029058307,-0.021848237,-0.021495331,0,0,0,0,-0.0059330636,-0.0078993328,-0.0096816123,-0.0091280863,-0.0067503545,-0.0045988667,-0.00251395,-0.0012258232,-0.00017648365,0.00025219563,0.00029345299,0.00027173504,1.4111774e-05,-0.00071906147,-0.0017229384,-0.0031475713,-0.0052040312,-0.00767047,-0.0095908046,-0.010456664,-0.010925306,-0.010231903,-0.0078325914,-0.0054419753,-0.0032467979,-0.0017148051,-0.00078067754,-0.00055888313,-0.00083244365,-0.0010670301,-0.0012030714,0,0,0,-0.00081814593,-0.00071297993,-0.00061510823,-0.00052730466,-0.00045719711,-0.00039838033,-0.00034304659,-0.00029322176,-0.00025012478,-0.00021075949,-0.00017418207,-0.00014446513,-0.00012050863,-0.00010059281,-8.4758489e-05,-7.2440482e-05,-6.313208e-05,-5.6654208e-05,-5.2382675e-05,-4.9251219e-05,-4.7191825e-05,-4.4145436e-05,-4.2106723e-05,-3.9352675e-05,-3.3142336e-05,-2.7140366e-05,-2.091804e-05,-1.0341494e-05,5.7372904e-06,1.9132634e-05,2.6154676e-05,0,0,0
0.59011999999999998,0.0030937372,0.0041096136,0.0055576055,0.0076201898,0.010000856,0.012881355,0.01695664,0.021476032,0.026579646,0.0328261,0.039583419,0.046371244,0.05290506,0.059345815,0,0,0,0.06924773,0.065477058,0.059714749,0.051298413,0.041334342,0.033144537,0.025365999,0.018115032,0.011475381,0.0057594562,0.0011187593,-0.0029684149,-0.0059836558,-0.0081215072,-0.0098501118,-0.010737208,-0.012274801,-0.015437032,-0.017053246,-0.019097235,-0.026302615,-0.030894333,-0.031753093,-0.034480326,-0.037206486,-0.037514035,-0.030232731,-0.025618058,-0.021580836,-0.010848039,-0.0035823265,0,0,0,0,0.0042864759,0.0015814331,-0.0017625608,-0.0031054972,-0.0023471171,-0.0016388122,-0.0010368748,-0.00045240202,-7.9485235e-06,0.00035088084,0.00043610323,0.0003012612,1.4822299e-05,-0.00066844019,-0.0018598794,-0.0034891791,-0.0056298655,-0.0081441402,-0.010402207,-0.01151462,-0.011705828,-0.011254342,-0.0090250047,-0.00625289,-0.0039147465,-0.0024261069,-0.0017098134,-0.0014918775,-0.0016516561,-0.0017777644,-0.0018460833,0,0,0,-0.00096146326,-0.00081318908,-0.0006922789,-0.00058907783,-0.00050394266,-0.00043564191,-0.00037219591,-0.00031122865,-0.00026044602,-0.00021667195,-0.00017920023,-0.00014824366,-0.00012370209,-0.0001037394,-8.7783294e-05,-7.512646e-05,-6.4852997e-05,-5.7465295e-05,-5.2217194e-05,-4.8799375e-05,-4.7391655e-05,-4.4850549e-05,-4.1986219e-05,-4.0469185e-05,-3.169346e-05,-1.7218717e-05,-3.4827663e-06,1.3680253e-05,3.170958e-05,4.5973557e-05,5.2721865e-05,0,0,0
0.63426000000000005,0.0028357764,0.0037829431,0.0049335449,0.0066740643,0.0087543866,0.011090276,0.014490997,0.018416949,0.02265735,0.027663583,0.033074826,0.038516264,0.043518838,0.048339162,0,0,0,0.05389002,0.049483273,0.045423232,0.040436618,0.034109175,0.02754418,0.02057619,0.014164004,0.0083526643,0.0030568978,-0.00086286117,-0.0036172119,-0.0061394065,-0.0076600155,-0.009054292,-0.010554984,-0.011832696,-0.014665773,-0.01930174,-0.021437479,-0.027597107,-0.036609147,-0.038326122,-0.03944445,-0.041470695,-0.041370884,-0.034243431,-0.020942664,-0.013438142,-0.0014999487,0.013141433,0,0,0,0,0.016487354,0.012278567,0.0058754659,0.0017694486,-2.7274051e-05,-0.00038657163,-0.00026419497,0.00017245678,0.00043265728,0.00060628273,0.00070984516,0.00041395435,-6.7471206e-05,-0.00074576889,-0.0020642562,-0.003846335,-0.0060706935,-0.0086208191,-0.011039253,-0.012848029,-0.012422038,-0.011472835,-0.0093351305,-0.0067123696,-0.0045563006,-0.0029115907,-0.0023389913,-0.0022681246,-0.0025347343,-0.0024934257,-0.0023386176,0,0,0,-0.0011273719,-0.00093975785,-0.00079109205,-0.00065601658,-0.0005448208,-0.00046008386,-0.00038606473,-0.00032223176,-0.00026851814,-0.00022212251,-0.00018385514,-0.00015196163,-0.00012561692,-0.00010468184,-8.769401e-05,-7.4748656e-05,-6.4514148e-05,-5.7106536e-05,-5.2732739e-05,-4.9122857e-05,-4.7437119e-05,-4.51263e-05,-3.7262307e-05,-2.9323501e-05,-2.1456868e-05,-3.0594572e-06,1.4056452e-05,2.9104884e-05,5.0444345e-05,6.8637841e-05,9.0958682e-05,0,0,0
0.6784,0,0,0,0,0,0,0,0,0,0,0,0,0,0,0,0,0,0,0,0,0,0,0,0,0,0,0,0,0,0,0,0,0,0,0,0,0,0,0,0,0,0,0,0,0,0,0,0,0,0,0,0,0,0,0,0,0,0,0,0,0,0,0,0,0,0,0,0,0,0,0,0,0,0,0,0,0,0,0,0,0,0,0,0,0,0,0,0,0,0,0,0,0,0,0,0,0,0,0,0,0,0,0,0,0,0,0,0,0,0,0,0,0,0,0,0,0,0,0,0
0.72253000000000001,0.002289254,0.003027478,0.0039445357,0.0051655257,0.0066336864,0.0084058531,0.010511046,0.013104456,0.01601558,0.019057928,0.022477882,0.025766725,0.028881114,0.031570628,0,0,0,0.033735126,0.031691909,0.028426908,0.023522502,0.019522594,0.015685495,0.011556027,0.0075351554,0.0039607063,0.00083094469,-0.0020427878,-0.0043043285,-0.0060226568,-0.0072692754,-0.0081822285,-0.0088792052,-0.010180965,-0.012517351,-0.015789131,-0.020670876,-0.028373137,-0.035359744,-0.04231536,-0.045075253,-0.042188548,-0.036899783,-0.028441187,-0.012664322,0.0072419988,0.024704911,0.035218593,0,0,0,0,0.028929399,0.022325339,0.013449922,0.008130841,0.0049812635,0.0028972451,0.0018353887,0.0013026959,0.0010794358,0.00094191404,0.00073004572,0.00049135002,-1.0603235e-05,-0.00090325915,-0.0020650174,-0.0037878472,-0.0060410458,-0.0085808169,-0.010883533,-0.011798503,-0.012335883,-0.011604634,-0.0092677334,-0.0069242055,-0.0051944116,-0.0042118011,-0.0036740019,-0.0037184141,-0.004015421,-0.004072052,-0.0036991404,0,0,0,-0.0014153698,-0.0011100357,-0.00090884755,-0.00074370619,-0.00060902332,-0.00050599012,-0.00041646766,-0.00033970611,-0.00027704684,-0.00022649487,-0.00018360696,-0.00014932211,-0.00012315241,-0.00010195568,-8.4825115e-05,-7.1448572e-05,-6.1770108e-05,-5.3863499e-05,-4.7561578e-05,-4.4435092e-05,-3.9838327e-05,-3.4094108e-05,-2.9796231e-05,-1.5284371e-05,7.1065979e-06,3.1125692e-05,6.5491098e-05,0.00010395956,0.0001388619,0.00017474858,0.00020166715,0,0,0
0.76666999999999996,0.0020660379,0.0026857159,0.0034621893,0.0044844439,0.0056931442,0.00717727,0.0089198248,0.011017962,0.013371428,0.015781038,0.018464435,0.021035623,0.023400366,0.025550216,0,0,0,0.025555853,0.023959978,0.022087971,0.01898904,0.015546173,0.012109844,0.0085087242,0.0049422579,0.0016608568,-0.00089051214,-0.0026939877,-0.0043402915,-0.0054047443,-0.0063520432,-0.0074141435,-0.0080328919,-0.0088746212,-0.011382821,-0.014170206,-0.0178599,-0.025498508,-0.031218827,-0.03638066,-0.041216131,-0.038893089,-0.032393478,-0.02197158,-0.0072389082,0.010192729,0.030430425,0.039462641,0,0,0,0,0.033215847,0.025024658,0.015974546,0.0091129299,0.0056156972,0.0035592818,0.0023066758,0.0017038187,0.0013703905,0.0012005756,0.00085348188,0.00047126753,1.3770858e-05,-0.00089679874,-0.0021202073,-0.0036623178,-0.0058373874,-0.00831539,-0.010942476,-0.011409528,-0.011227184,-0.010740664,-0.0087971203,-0.0066593797,-0.0050413227,-0.0044193515,-0.0041605607,-0.0043437416,-0.0045102197,-0.0043562795,-0.0039506773,0,0,0,-0.0015258231,-0.0012007601,-0.0009612866,-0.00077611301,-0.00062585907,-0.00050926412,-0.00041868852,-0.00034068013,-0.0002745917,-0.00022413787,-0.00018138587,-0.0001455606,-0.00011886747,-9.7708158e-05,-8.1018137e-05,-6.7652036e-05,-5.8334841e-05,-5.1900228e-05,-4.5246881e-05,-4.1567091e-05,-3.7551243e-05,-2.5700218e-05,-1.2841685e-05,-6.6114467e-07,2.8246232e-05,5.8979051e-05,8.6352353e-05,0.00013322096,0.0001788221,0.00023394497,0.00028773569,0,0,0
0.81081000000000003,0.0018155559,0.0023809248,0.0030202093,0.0038949815,0.0049618832,0.0061374912,0.0075241392,0.009229755,0.011027096,0.012951065,0.015002273,0.017036438,0.018680524,0.020028129,0,0,0,0.020760592,0.01898622,0.016941631,0.014423576,0.011171692,0.0079385862,0.0051965578,0.0028668926,0.00070458365,-0.0012402177,-0.0027122018,-0.0040459614,-0.0051793004,-0.0058279359,-0.0066218125,-0.0072639831,-0.0075388579,-0.0091345403,-0.011707938,-0.014527751,-0.019934498,-0.027604176,-0.0315082,-0.034677278,-0.034828477,-0.027730107,-0.017261673,-0.002252643,0.012888114,0.030517386,0.046359114,0,0,0,0,0.031455658,0.023556266,0.015987424,0.0096914684,0.0058943657,0.0040976759,0.0028525556,0.0020249344,0.0015235861,0.0011843825,0.00088163838,0.00045718529,-4.3300228e-05,-0.00077865919,-0.0020330045,-0.003578749,-0.0053807371,-0.0073773577,-0.0093519101,-0.010483133,-0.010045905,-0.0093334569,-0.008123152,-0.0061410447,-0.0048288149,-0.0043110205,-0.0043375557,-0.0045363042,-0.0048131333,-0.0046264227,-0.0041027865,0,0,0,-0.0015823187,-0.0012332066,-0.00097783853,-0.00078469608,-0.00063436554,-0.00051391625,-0.00041969339,-0.0003406477,-0.00027127546,-0.00021699788,-0.00017407523,-0.00013896433,-0.00011212408,-9.1748108e-05,-7.5724573e-05,-6.3350082e-05,-5.4354507e-05,-4.7535847e-05,-4.1428273e-05,-3.4089255e-05,-2.8005261e-05,-1.8860896e-05,-1.3932673e-06,1.4673496e-05,3.7329497e-05,8.1268001e-05,0.00013125056,0.00018894066,0.00026272275,0.00032773823,0.00038047726,0,0,0
0.85494000000000003,0.0015922532,0.0021075921,0.0026743291,0.0033460015,0.0042402591,0.0052090567,0.006286941,0.0076571568,0.0091047641,0.010572889,0.012073332,0.01360721,0.014945957,0.015945697,0,0,0,0.015664689,0.01408847,0.011864557,0.010028901,0.0079978332,0.0058359299,0.0037235781,0.0016583125,-0.00019367985,-0.0018805357,-0.0032262846,-0.0042204461,-0.0047050691,-0.0049674753,-0.0052105123,-0.0056756064,-0.0061133229,-0.0070986073,-0.0091890637,-0.011754707,-0.015387244,-0.02153811,-0.02596763,-0.027209481,-0.026591953,-0.021705965,-0.011572559,0.0029508837,0.018590804,0.032495715,0.044912174,0,0,0,0,0.028694063,0.020954849,0.014624034,0.0095012644,0.0061406554,0.0042561814,0.0030004859,0.0021389846,0.0016055233,0.0012314165,0.00091126666,0.00052189059,-2.1020349e-05,-0.00072171108,-0.0017580253,-0.0031820566,-0.0048345826,-0.0065755574,-0.0082173962,-0.0094769783,-0.0093012825,-0.0082106562,-0.0071337558,-0.0056338282,-0.0046381243,-0.0042753117,-0.0043873396,-0.0046625016,-0.0050684046,-0.0050515546,-0.0042163935,0,0,0,-0.0015904478,-0.0012435801,-0.00098739611,-0.00079150271,-0.00063733011,-0.0005109738,-0.00041130101,-0.00032891877,-0.00026069759,-0.00020610193,-0.00016356973,-0.00012963101,-0.00010342899,-8.4247891e-05,-6.8877562e-05,-5.7491743e-05,-4.9067083e-05,-4.2115749e-05,-3.7098209e-05,-2.9969675e-05,-2.2028789e-05,-1.442822e-05,8.0556665e-06,3.7728583e-05,6.9860282e-05,0.00012337224,0.00018617017,0.00024401343,0.00032093769,0.0003997529,0.00045777266,0,0,0
0.89907999999999999,0.0013824704,0.0018158079,0.0023086087,0.0028476766,0.0035950898,0.0044204807,0.0052894689,0.0063441512,0.0074830558,0.0086269593,0.0097502619,0.010888402,0.011908195,0.012526496,0,0,0,0.011498738,0.010584341,0.0091689471,0.0075385445,0.005709345,0.003777761,0.0018733813,5.9737022e-06,-0.0014041981,-0.0022676473,-0.0030170381,-0.0033771056,-0.0036313254,-0.0038786475,-0.0039836736,-0.0042524007,-0.0047597028,-0.0053035649,-0.0066455561,-0.0086756973,-0.010799188,-0.015028236,-0.019503744,-0.020320529,-0.018506976,-0.014104598,-0.0061545335,0.0044393255,0.017533259,0.027459022,0.037093997,0,0,0,0,0.02548565,0.018816411,0.013649134,0.0092025232,0.0061763083,0.0042325221,0.0030716113,0.0022490977,0.0017057658,0.0012804822,0.00089234364,0.00052546506,2.4872691e-06,-0.00069188082,-0.0015348236,-0.0028327378,-0.0043857591,-0.0060390979,-0.0071481275,-0.0079259584,-0.007946711,-0.0069481726,-0.0059040249,-0.0047173309,-0.0040108366,-0.0039321249,-0.0042623295,-0.0044970815,-0.0046866355,-0.0048115705,-0.0040276512,0,0,0,-0.0015737195,-0.0012325371,-0.00097705505,-0.00077980611,-0.00061994861,-0.00049592671,-0.00039650788,-0.00031304569,-0.00024620822,-0.00019232447,-0.00015008032,-0.00011748404,-9.1904585e-05,-7.5053256e-05,-6.0554445e-05,-4.9831553e-05,-4.3966822e-05,-3.7245314e-05,-3.2000557e-05,-2.6078866e-05,-1.1885681e-05,4.4303988e-06,2.2760947e-05,6.1138104e-05,0.0001012231,0.00014275183,0.00021984219,0.00029542533,0.00038473305,0.00051486248,0.0006218286,0,0,0
0.94321999999999995,0.0011948569,0.0015537515,0.0019890156,0.0024615722,0.0030471275,0.003722291,0.0044273539,0.0052056056,0.0060996967,0.0069765765,0.0078040264,0.0085633956,0.0091724452,0.009645164,0,0,0,0.0087549891,0.0077092107,0.006480007,0.0048778434,0.003132995,0.0017168516,0.00058314053,-0.00049096742,-0.0014496348,-0.0020563144,-0.0025527531,-0.0029191547,-0.0029247538,-0.0029394368,-0.002759434,-0.0025723716,-0.0027067007,-0.0031743157,-0.0040897578,-0.0055368673,-0.0072348919,-0.0098073492,-0.012414315,-0.014601044,-0.013109324,-0.0096832281,-0.004194987,0.0043044658,0.015001623,0.025627103,0.032464799,0,0,0,0,0.022091003,0.016285433,0.01196171,0.008109617,0.0056536356,0.0041018995,0.0030319064,0.0022434497,0.0016651769,0.0012499389,0.0008566418,0.00047208479,4.5860099e-05,-0.00062471768,-0.0014318312,-0.0023839157,-0.003611028,-0.0048488327,-0.0059402124,-0.0064509753,-0.0062669083,-0.0056919693,-0.0046354039,-0.0037721891,-0.0032914942,-0.0034543197,-0.0039022807,-0.0041614906,-0.0042717811,-0.0043037934,-0.0038782274,0,0,0,-0.0015186443,-0.0011916212,-0.00094168558,-0.00075278734,-0.00059835729,-0.00047482474,-0.00037695267,-0.00029418038,-0.00022642546,-0.00017361116,-0.00013353604,-0.00010241339,-7.8093261e-05,-6.2181549e-05,-5.0944607e-05,-4.0995532e-05,-3.4979046e-05,-3.0731284e-05,-2.2589777e-05,-1.4282476e-05,-4.0286182e-06,1.6754739e-05,3.9669714e-05,7.0212867e-05,0.00012561053,0.00019123865,0.00027601852,0.00038866696,0.00049661921,0.00061560678,0.00074819877,0,0,0
0.98734999999999995,0.0010302997,0.0013420819,0.0016899436,0.00208377,0.0025498916,0.0030875497,0.0036646661,0.0042669657,0.0049397661,0.0055761943,0.0061773746,0.0067494716,0.0071806926,0.007499496,0,0,0,0.0061052195,0.0049278652,0.0040338696,0.0030721582,0.0019842794,0.00090358127,-8.5878477e-05,-0.00094547938,-0.0017272673,-0.0022517645,-0.0024418295,-0.0021551757,-0.0017049487,-0.0011629714,-0.00079787924,-0.00062515726,-0.00068166963,-0.0010501285,-0.0018057839,-0.0028578823,-0.0042172004,-0.0061032544,-0.0079015596,-0.0092784036,-0.0087533453,-0.0053217872,-8.0087055e-05,0.0069044549,0.014449539,0.021512492,0.026619745,0,0,0,0,0.01688276,0.012374296,0.0095254434,0.0071279458,0.0052653006,0.00393563,0.0029306435,0.0021610721,0.0016099426,0.0012049271,0.00084154669,0.00045087127,5.2620679e-05,-0.00047682266,-0.0011929454,-0.0020089617,-0.0029707088,-0.003961388,-0.0048920466,-0.0053404956,-0.0049896622,-0.004480266,-0.0038088353,-0.0031707578,-0.0027599088,-0.002885195,-0.0034319675,-0.0038152509,-0.0039731679,-0.0038313065,-0.0034769934,0,0,0,-0.0014272255,-0.0011254417,-0.0008907842,-0.00071245193,-0.00056617887,-0.0004447737,-0.00034738233,-0.00026747413,-0.00020153805,-0.00014978476,-0.00011198108,-8.3371095e-05,-6.2041152e-05,-4.7592137e-05,-3.9247261e-05,-3.156743e-05,-2.4993316e-05,-2.2724367e-05,-1.6347045e-05,-6.3751504e-06,2.194339e-06,2.6141635e-05,6.1957559e-05,0.00010067241,0.00016318842,0.0002437067,0.00032798629,0.00044291967,0.00057318393,0.00069308525,0.00087902008,0,0,0
1.03149,0.00087245082,0.0011282035,0.0014172397,0.0017452099,0.0021240017,0.0025601478,0.0030178842,0.003469574,0.0039884197,0.0044660531,0.0048900656,0.0052860435,0.0055167591,0.0055867997,0,0,0,0.0042796112,0.0035363066,0.0026886554,0.0017981672,0.00083911931,-0.00012146326,-0.0010407101,-0.0015624954,-0.0016719884,-0.0016722685,-0.0012684675,-0.00074886595,-0.00025457298,0.00039484756,0.00092388625,0.0011975634,0.0013271559,0.0011123581,0.00049842719,-0.00046738586,-0.0016382518,-0.0030238358,-0.0040760115,-0.0044105127,-0.0038258273,-0.0016702142,0.0016581567,0.0059308931,0.010663096,0.01561984,0.020410828,0,0,0,0,0.013581004,0.010835929,0.0086018024,0.0065696277,0.0048172362,0.0036150557,0.0027335589,0.0020230706,0.001528924,0.001135331,0.00080162089,0.00043264791,4.3524295e-05,-0.0003784096,-0.0010056038,-0.00174338,-0.0025337813,-0.0032125898,-0.0037904251,-0.0042463988,-0.0039281007,-0.0033630885,-0.0027979282,-0.0023158609,-0.002065924,-0.0022291935,-0.002790692,-0.0031586715,-0.0033853268,-0.0032442417,-0.0029470385,0,0,0,-0.0013056538,-0.0010458971,-0.00083316443,-0.00066279055,-0.00052290008,-0.00040627157,-0.00031073886,-0.00023389619,-0.0001708643,-0.00012272481,-8.8109067e-05,-6.2768217e-05,-4.5740078e-05,-3.1863092e-05,-2.4628351e-05,-2.1823651e-05,-1.5249014e-05,-1.2885367e-05,-1.0566457e-05,4.2941856e-06,2.094923e-05,3.8429338e-05,8.192192e-05,0.00013031,0.00017564729,0.00027090599,0.00037703794,0.00048949465,0.00068329152,0.00087210513,0.0010393554,0,0,0
1.0756300000000001,0.00073423074,0.00094467954,0.0011924468,0.0014546557,0.0017476688,0.0020959128,0.0024489283,0.00279611,0.0031726421,0.0035290061,0.0037844041,0.0039779334,0.0041328277,0.0041208863,0,0,0,0.0028022721,0.0021265363,0.0012815973,0.00039816296,-0.00025571932,-0.00069308374,-0.0010465486,-0.0012773396,-0.0011364407,-0.00090420444,-0.00053890218,0.00024971145,0.00097450265,0.0020414132,0.0030501774,0.0036999034,0.0039119232,0.0035097469,0.0028558923,0.0019531067,0.00082161819,-0.00022218714,-0.001357162,-0.0018376327,-0.0018182158,-0.00087361044,0.0017406667,0.0051000086,0.0088737104,0.012060057,0.014819548,0,0,0,0,0.011524298,0.0091233226,0.00726943,0.0056326687,0.0042291516,0.0032546562,0.0025336083,0.0019081864,0.0014268899,0.0010489182,0.00072558731,0.00041065499,3.7199254e-05,-0.00034691408,-0.00080014829,-0.001374618,-0.0019759391,-0.0025234949,-0.0028783602,-0.0030901448,-0.0029795142,-0.0023353519,-0.0018881967,-0.0016156749,-0.0016043847,-0.0018033563,-0.0021943103,-0.0025408515,-0.0027003698,-0.0027208803,-0.0024507886,0,0,0,-0.0011840085,-0.00095557823,-0.00075922988,-0.0006004445,-0.00046837569,-0.00035896443,-0.00026969973,-0.00019676307,-0.00013834394,-9.315661e-05,-6.1446342e-05,-3.8127437e-05,-2.2974944e-05,-1.4038615e-05,-8.5219172e-06,-7.2343723e-06,-6.1233054e-06,-1.2628658e-06,2.9083512e-06,1.1973195e-05,3.3280117e-05,5.5029141e-05,8.7806307e-05,0.00015112913,0.00021696143,0.00030687349,0.00045103717,0.00059151981,0.00075511332,0.00098646374,0.0011932467,0,0,0
1.1197699999999999,0.00062298903,0.00077851338,0.00097864971,0.0011894149,0.0014103733,0.001687404,0.0019637295,0.0022239566,0.0024760345,0.0027250799,0.0029154345,0.0030208048,0.0030924641,0.0030384683,0,0,0,0.0013893752,0.00091166672,0.00041186521,-8.0947975e-05,-0.00054246298,-0.00090117811,-0.001082616,-0.0011771513,-0.0010072745,-0.00043784178,0.00061211199,0.0019197884,0.003355368,0.0045748707,0.00551413,0.0061715846,0.0064195325,0.0060252408,0.0051747058,0.0041339253,0.0027390646,0.0012949336,0.00029819089,-0.00026707308,-0.00010618436,0.00084399199,0.0027638962,0.0050391424,0.0073927469,0.0095163109,0.011238231,0,0,0,0,0.0088650258,0.0072709364,0.0060781138,0.0050319866,0.00386355,0.002959989,0.0022883401,0.0017351315,0.0012915096,0.0009455689,0.00065623142,0.00037719973,7.5678712e-05,-0.00026537594,-0.00064576825,-0.0010836859,-0.0015599785,-0.0020005123,-0.002240615,-0.0022804202,-0.0022234183,-0.0018526108,-0.0014596174,-0.0011822836,-0.0011305084,-0.0013367793,-0.0016942894,-0.0020319636,-0.0021348039,-0.0021908279,-0.0020878657,0,0,0,-0.0010373088,-0.00083470868,-0.00066944043,-0.00053155917,-0.00041035717,-0.00030802144,-0.00022282514,-0.00015347815,-9.8414268e-05,-5.6228848e-05,-2.790999e-05,-1.1032102e-05,4.9714007e-08,4.2353713e-06,5.26959e-06,6.6305915e-06,5.1527059e-06,7.5259286e-06,1.3251031e-05,1.9582771e-05,4.1519852e-05,7.2637959e-05,0.00010770466,0.00017341362,0.00025533355,0.00033795252,0.00047975811,0.00065176957,0.0008063179,0.0010734485,0.0013812605,0,0,0
1.1638999999999999,0,0,0,0,0,0,0,0,0,0,0,0,0,0,0,0,0,0,0,0,0,0,0,0,0,0,0,0,0,0,0,0,0,0,0,0,0,0,0,0,0,0,0,0,0,0,0,0,0,0,0,0,0,0,0,0,0,0,0,0,0,0,0,0,0,0,0,0,0,0,0,0,0,0,0,0,0,0,0,0,0,0,0,0,0,0,0,0,0,0,0,0,0,0,0,0,0,0,0,0,0,0,0,0,0,0,0,0,0,0,0,0,0,0,0,0,0,0,0,0
1.20804,0.00042123653,0.00051384699,0.00063629064,0.00076601794,0.00089649291,0.0010434529,0.0011924318,0.0013266661,0.0014428906,0.0015176659,0.0015477869,0.0015452727,0.0014574639,0.0013285488,0,0,0,6.3224325e-05,-0.00038792245,-0.00084465533,-0.0010999342,-0.0010937275,-0.00098678819,-0.00074284145,3.1290947e-05,0.00093809725,0.0019446549,0.0036419395,0.0052908026,0.0074092718,0.009608021,0.011166418,0.012081034,0.012163965,0.011532448,0.01008112,0.0084782671,0.0066935765,0.0045359517,0.0028830792,0.0018571028,0.0012809273,0.0014745955,0.0022035723,0.0032532832,0.0045227017,0.0056395796,0.0066194828,0,0,0,0,0.0061540161,0.0051871045,0.0042067682,0.0034945183,0.0028609068,0.002265204,0.001786229,0.0013964467,0.0010500755,0.00076549791,0.00052732026,0.00028602546,6.3555686e-05,-0.00015709469,-0.00041823927,-0.00068602123,-0.00094289827,-0.0011531461,-0.0012698591,-0.0012744603,-0.001051452,-0.00083180075,-0.00063251232,-0.00052044925,-0.00050448487,-0.00060746452,-0.00085777807,-0.0011169382,-0.001228365,-0.0012237835,-0.0012398856,0,0,0,-0.00077659113,-0.00061916519,-0.00048600847,-0.00037282647,-0.00026814119,-0.00018143328,-0.00011139127,-5.4250046e-05,-1.1200942e-05,1.7550641e-05,3.923602e-05,4.6813562e-05,4.7115576e-05,4.7897029e-05,3.9904022e-05,3.0420915e-05,2.9642624e-05,2.8046816e-05,2.8970024e-05,4.3577369e-05,6.1159342e-05,8.7732828e-05,0.00013859256,0.00019566641,0.00027596348,0.00040425872,0.00053722481,0.00072100596,0.00098775898,0.0012338385,0.0015315716,0,0,0
1.2521800000000001,0.00033910965,0.00040931982,0.00049828464,0.00059482496,0.00068945333,0.00078835699,0.00089173525,0.0009685306,0.0010321877,0.0010818522,0.0010753477,0.001032852,0.00092926732,0.00074203545,0,0,0,-0.00048360814,-0.00073812593,-0.00092532736,-0.0010601297,-0.0010262651,-0.00074933289,-0.00038822467,0.00033641441,0.0016712308,0.0034091929,0.0056224056,0.0082918266,0.010660854,0.012762466,0.014385595,0.015216582,0.015416076,0.014442728,0.012462929,0.010349014,0.0078473287,0.0054275105,0.0035129855,0.0023846137,0.0016974594,0.0016204769,0.0020576788,0.0026974697,0.0035283098,0.0043353196,0.005106702,0,0,0,0,0.0048125833,0.0042336262,0.0036240029,0.0030458514,0.0025027874,0.0019801382,0.0015478216,0.0012017649,0.00089556671,0.00066363561,0.00046469254,0.00027319399,7.5932228e-05,-0.00011601287,-0.00032010151,-0.00053655979,-0.00074046606,-0.00088871585,-0.00093707768,-0.00094204041,-0.0008373303,-0.00064157636,-0.00045232079,-0.00033457595,-0.0003220817,-0.00038993658,-0.00055794191,-0.00077065575,-0.00091560115,-0.00096918445,-0.00097641436,0,0,0,-0.00061972067,-0.00049896206,-0.00038695583,-0.00029014391,-0.00019871227,-0.00011497988,-4.951041e-05,1.6670305e-06,4.2222346e-05,6.5651584e-05,7.5817821e-05,7.7541175e-05,6.9152324e-05,6.2358333e-05,5.5818844e-05,4.3010583e-05,3.7512862e-05,3.7842881e-05,3.6241188e-05,4.7897731e-05,7.0219452e-05,9.493035e-05,0.00014301631,0.00020954142,0.00028052685,0.00040075704,0.00055669312,0.00071512983,0.00098068768,0.0012941794,0.0015774686,0,0,0
1.2963100000000001,0.0002671878,0.00031998011,0.00038230157,0.00045269265,0.00051619695,0.00057566114,0.00064732466,0.00069204741,0.00071091671,0.00072147022,0.00067350548,0.00057398179,0.00043569726,0.00023493246,0,0,0,-0.00071264134,-0.00095878867,-0.0010962049,-0.0011508807,-0.0011465857,-0.00062543002,0.00026590322,0.0013307102,0.0032688247,0.0054495241,0.0075793741,0.010500538,0.013298452,0.01549419,0.017657967,0.018576322,0.019135317,0.01763525,0.014841565,0.012328602,0.0094964616,0.0066391751,0.0043166447,0.0027765918,0.0017638332,0.001279006,0.0014773833,0.0019749245,0.0026454858,0.0032900646,0.0038147802,0,0,0,0,0.0040082852,0.0035225896,0.0030216498,0.0025186224,0.0020591617,0.0016406578,0.0013231677,0.0010532171,0.00080859062,0.00059428439,0.00040822502,0.00024260458,6.8967449e-05,-0.00010251138,-0.00026150691,-0.00041754293,-0.0005613633,-0.00068644469,-0.00071013556,-0.00067671784,-0.00060467602,-0.00042940435,-0.00025062435,-0.00014867418,-0.00017408203,-0.0002568677,-0.00037118659,-0.00053089694,-0.00065475458,-0.0007256284,-0.00072966231,0,0,0,-0.00049561192,-0.00040031975,-0.0002936399,-0.00020080092,-0.00011887411,-3.7821337e-05,2.392488e-05,5.8852391e-05,8.9045716e-05,0.00010429703,0.000103028,0.00010372279,9.5069183e-05,7.7628727e-05,7.1025068e-05,5.8007739e-05,4.2423439e-05,4.3157648e-05,4.4977147e-05,4.8747821e-05,7.4033102e-05,0.00010369757,0.00013416685,0.00020829737,0.00028879286,0.00036098884,0.00054011069,0.00072738482,0.00089887675,0.0012767521,0.0016208055,0,0,0
1.3404499999999999,0.00020717352,0.00024634646,0.00028504981,0.00033233693,0.00037545725,0.00040340648,0.00043816326,0.00045882905,0.00043528056,0.00039352881,0.00034511182,0.00023751632,0.00010538127,-4.6795918e-05,0,0,0,-0.00099673553,-0.0012190246,-0.001263342,-0.0010218853,-0.00065835624,-0.00011109177,0.0010780849,0.0024268802,0.0040440219,0.0067514423,0.0093283467,0.012585686,0.016675213,0.019878434,0.022016993,0.02262393,0.022632837,0.021566566,0.017914284,0.014162997,0.011019826,0.0072347289,0.0041473592,0.0025059343,0.0015024252,0.0010019304,0.0009795035,0.0013904286,0.0019267761,0.0025022007,0.0029149982,0,0,0,0,0.0031645638,0.0027528021,0.0023811031,0.0020901752,0.001782536,0.0014485418,0.0011659474,0.00091617374,0.00069547794,0.00050437526,0.00033559694,0.00019922221,6.993553e-05,-6.6265726e-05,-0.00019658419,-0.00031765661,-0.0004215485,-0.00050278072,-0.00053263002,-0.00046147907,-0.00039129754,-0.0003027349,-0.00018930157,-0.00011298813,-8.6370907e-05,-0.00014932861,-0.00023692613,-0.0003404801,-0.0004391376,-0.00050748023,-0.00055295677,0,0,0,-0.00037333503,-0.00028646554,-0.0001904782,-0.00010497162,-3.8118691e-05,2.948677e-05,8.2270235e-05,0.00011478947,0.0001334088,0.00014782762,0.00014555358,0.00013205333,0.00011981626,9.8431192e-05,7.6794706e-05,6.4502783e-05,5.1499395e-05,4.348125e-05,4.8471036e-05,5.524802e-05,7.0998452e-05,0.0001040047,0.00013634992,0.0001844596,0.00027341035,0.0003585261,0.00047796237,0.00069530919,0.00090209703,0.0011570562,0.0015361689,0,0,0
1.38459,0.00015261355,0.0001795311,0.00020321873,0.00023100982,0.00025315961,0.00026244755,0.00026209967,0.00025935279,0.00023229459,0.00017428015,0.00010506737,-3.8988474e-06,-0.00016436352,-0.00034334537,0,0,0,-0.0010843059,-0.0011090009,-0.001069759,-0.00083901378,-0.00032240176,0.00032889936,0.0013969376,0.0031847314,0.0054810103,0.0086069806,0.012446191,0.016043564,0.019909261,0.023612889,0.025992537,0.026647786,0.026088469,0.024668194,0.020587772,0.014843046,0.011387004,0.0076942109,0.0043008453,0.0023511637,0.0012224201,0.00071533211,0.00062791083,0.00087071507,0.0013282781,0.0018258508,0.0021771346,0,0,0,0,0.0025089688,0.0023426532,0.0020415704,0.0017751807,0.0015144676,0.0012237477,0.00096977671,0.00075496902,0.00058833917,0.00043829612,0.00030550858,0.0001830853,6.8575544e-05,-4.3395812e-05,-0.00015372552,-0.00025258792,-0.00032656942,-0.00037277743,-0.0003974319,-0.00036074762,-0.00028783773,-0.00020691601,-0.00011603066,-5.1510975e-05,-2.0723664e-05,-5.4953882e-05,-0.00013412716,-0.00022115816,-0.00031101753,-0.00036350329,-0.00040164057,0,0,0,-0.00025380863,-0.00018492209,-0.00010045621,-2.3780643e-05,3.9954906e-05,0.00010250937,0.00015037174,0.00018143268,0.00019293239,0.00018911358,0.0001785822,0.00015357957,0.00012956759,0.00011000098,8.5068161e-05,6.6815286e-05,5.5896093e-05,4.5701672e-05,4.6440113e-05,5.5090222e-05,6.6489243e-05,9.3807801e-05,0.0001297711,0.00016608457,0.00024181601,0.00034025722,0.00042378553,0.00058610743,0.00079637958,0.00094903819,0.0012723715,0,0,0
1.42872,0.00010663058,0.00012315913,0.0001360701,0.00014803115,0.00015382533,0.00015271686,0.0001377929,0.00011161184,7.0016198e-05,-9.0650692e-06,-0.00010794638,-0.00023216572,-0.00039009284,-0.000542289,0,0,0,-0.0011142584,-0.0011011399,-0.00098861672,-0.00080918428,-0.0001179866,0.00096071087,0.0022138993,0.0044811214,0.0072739748,0.010218097,0.014373042,0.018634565,0.022317844,0.026983101,0.030422768,0.031435076,0.02968882,0.02760087,0.023727264,0.016507985,0.012264893,0.008412756,0.0044263387,0.002070897,0.00074679364,0.00027034874,0.00023775153,0.00038378107,0.00077598687,0.0012025922,0.0015366962,0,0,0,0,0.0020494168,0.0019369173,0.0016761698,0.0014286216,0.0012282245,0.0010303337,0.000839238,0.00067356398,0.0005217758,0.00038347935,0.00026485181,0.0001544808,5.2432795e-05,-3.6109366e-05,-0.00011944153,-0.00019317056,-0.000252834,-0.00028083086,-0.00028768289,-0.00026044602,-0.00018721131,-0.00010323862,-3.7855574e-05,-4.2744541e-06,5.2659266e-06,-5.3492622e-06,-6.4372747e-05,-0.00013268647,-0.00020149683,-0.00024274834,-0.00026509815,0,0,0,-0.00015715724,-9.4897739e-05,-8.0491718e-06,6.6893328e-05,0.00012963953,0.00018669032,0.00021494497,0.00023284393,0.00023285508,0.00021306853,0.00020110482,0.00017794168,0.00013920145,0.000118544,9.4364186e-05,6.4573083e-05,5.3281961e-05,4.5441931e-05,4.0098636e-05,4.9925238e-05,6.3391213e-05,7.9643163e-05,0.00011819279,0.00015190804,0.00017707444,0.00026426214,0.00033837027,0.0003969156,0.00062460802,0.00080716901,0.00093050068,0,0,0
1.4728600000000001,6.919614e-05,7.6273529e-05,7.9645586e-05,8.3762032e-05,7.5656222e-05,5.9250779e-05,3.4736389e-05,-1.3094615e-05,-7.8228441e-05,-0.00015080233,-0.00024931345,-0.00036101695,-0.00048895972,-0.00064378849,0,0,0,-0.0011705327,-0.0011175402,-0.00079289707,-0.00035358794,0.00024607894,0.0015927259,0.0031429958,0.0048931246,0.008221305,0.011793058,0.015703347,0.021638026,0.026700363,0.030733643,0.034847874,0.035984647,0.033872642,0.031153664,0.026279271,0.018720232,0.012229197,0.0075851665,0.0038550291,0.0015058152,0.00027656124,-0.00035763512,-0.00024249819,4.7988801e-06,0.00038859335,0.00084756326,0.0011988526,0,0,0,0,0.0016041796,0.0015195247,0.0013999469,0.001226707,0.0010652073,0.00090215408,0.00072548114,0.00057199714,0.00043787019,0.00031396555,0.00021935752,0.00013517421,5.2889241e-05,-2.2329585e-05,-9.0663343e-05,-0.00014925386,-0.00019112907,-0.00021435137,-0.00020114383,-0.00017237899,-0.00013048775,-7.1990333e-05,-1.8078636e-05,2.2376995e-05,3.0787149e-05,2.1462954e-05,-8.4267913e-06,-6.2482744e-05,-0.00011679078,-0.00015567645,-0.00017437308,0,0,0,-5.6271463e-05,4.7365502e-06,8.5214357e-05,0.00015198861,0.00020101176,0.000244442,0.00027375974,0.00027698182,0.00027615263,0.00025853384,0.00022373746,0.00019685572,0.00015570162,0.00011327492,9.022298e-05,6.5352913e-05,4.4139062e-05,3.8927752e-05,3.6727353e-05,4.0753432e-05,5.3494998e-05,6.5452419e-05,8.1904356e-05,0.000109695,0.00013168808,0.00016990196,0.00024978875,0.00031215159,0.00041432964,0.00053945568,0.00056167995,0,0,0
1.5169999999999999,0,0,0,0,0,0,0,0,0,0,0,0,0,0,0,0,0,0,0,0,0,0,0,0,0,0,0,0,0,0,0,0,0,0,0,0,0,0,0,0,0,0,0,0,0,0,0,0,0,0,0,0,0,0,0,0,0,0,0,0,0,0,0,0,0,0,0,0,0,0,0,0,0,0,0,0,0,0,0,0,0,0,0,0,0,0,0,0,0,0,0,0,0,0,0,0,0,0,0,0,0,0,0,0,0,0,0,0,0,0,0,0,0,0,0,0,0,0,0,0
1.5611299999999999,4.8795246e-06,3.7387877e-06,-6.1394089e-06,-2.1123024e-05,-3.7797745e-05,-6.9320573e-05,-0.00011306747,-0.00016183862,-0.00023417654,-0.00032533161,-0.00042784764,-0.00054285838,-0.00065898371,-0.00077845197,0,0,0,-0.00094599178,-0.00078021624,-0.00054413284,0.00012672038,0.0010789055,0.0022152483,0.0044749407,0.0071488693,0.0099722911,0.014930996,0.020242983,0.024742758,0.03174356,0.037462354,0.041055001,0.042278416,0.038973689,0.035416,0.028482828,0.019747116,0.012081603,0.0067075826,0.0027040802,0.00025955215,-0.0005288024,-0.00077314314,-0.00072959909,-0.00036220386,2.6342006e-05,0.00038765624,0.00070775964,0,0,0,0,0.0011900289,0.0010983713,0.00098039326,0.00087470823,0.00076105067,0.00064760406,0.00053913007,0.0004316507,0.00033364969,0.00024792171,0.00016837983,9.6455944e-05,3.6742938e-05,-1.4709976e-05,-5.9844333e-05,-9.7690623e-05,-0.00011542695,-0.00012050692,-0.00011530838,-8.4163337e-05,-4.0861632e-05,-4.1055023e-06,2.8109107e-05,5.1727067e-05,6.701229e-05,5.8564317e-05,4.0087609e-05,1.8836572e-05,-1.0180434e-05,-3.1946132e-05,-3.4371165e-05,0,0,0,0.00010763764,0.00016621372,0.00023782213,0.00031267566,0.00035894476,0.00036677162,0.00038637541,0.00037282359,0.0003250298,0.0002949186,0.00025020124,0.00018588036,0.00014877024,0.00010687541,6.231646e-05,4.2157404e-05,2.5135785e-05,1.195303e-05,1.1397222e-05,1.4343383e-05,2.0102829e-05,2.8030921e-05,2.6589667e-05,1.2276443e-05,-1.459586e-06,-3.5983387e-05,-9.4685805e-05,-0.0001192086,-0.00019109921,-0.00031601032,-0.00031634563,0,0,0
1.60527,-1.8450637e-05,-2.4647941e-05,-3.4633602e-05,-5.6336965e-05,-8.0208396e-05,-0.00011137541,-0.00016316558,-0.00022293953,-0.00028539146,-0.00037087197,-0.00046298109,-0.00055965583,-0.0006710033,-0.0007853061,0,0,0,-0.00091640494,-0.00062052254,-0.00022573509,0.00031116637,0.0014504695,0.0027816352,0.0044374908,0.0076158727,0.010923284,0.014862384,0.021712078,0.02744925,0.032553177,0.039656032,0.044108588,0.045290045,0.041910727,0.03628543,0.029767655,0.019211289,0.0099846637,0.0054661874,0.0018568328,-0.00031672203,-0.0012837986,-0.0012419145,-0.00088046037,-0.00044687744,6.5855005e-05,0.00044986606,0.00069281826,0,0,0,0,0.001010303,0.00096552644,0.00086760457,0.00077658036,0.00068093947,0.00056838372,0.00046559941,0.00037201104,0.00028029433,0.00020947302,0.00014747334,8.6831882e-05,3.2368658e-05,-1.2011313e-05,-4.9366161e-05,-7.9123136e-05,-9.578708e-05,-9.1562382e-05,-8.0574238e-05,-6.1826584e-05,-2.8569688e-05,3.785862e-06,3.3993059e-05,5.4320182e-05,6.6791268e-05,6.9822745e-05,5.4892284e-05,3.865247e-05,2.4750738e-05,9.7325583e-06,1.3868745e-05,0,0,0,0.00018644812,0.0002454553,0.00030109353,0.00037226986,0.00041006479,0.00041712858,0.00041715312,0.00040667277,0.00036240311,0.00030004434,0.00025245533,0.00018868587,0.00012543041,8.6840948e-05,4.8860617e-05,1.8505969e-05,5.0889857e-06,-4.0051486e-06,-6.6975394e-06,-4.3415225e-06,-2.7140843e-06,-5.675824e-06,-2.0916359e-05,-4.6101482e-05,-8.2760489e-05,-0.00013450158,-0.00021076135,-0.00030808849,-0.00050225831,-0.00080761558,-0.0011606941,0,0,0
1.64941,-3.6742142e-05,-4.7642265e-05,-6.2478801e-05,-8.4719526e-05,-0.00011516201,-0.00014869531,-0.00019301167,-0.00025127825,-0.00031562248,-0.00039350279,-0.00048824793,-0.00058688695,-0.00069374556,-0.00079582294,0,0,0,-0.00075158081,-0.00050351833,-2.7158298e-05,0.0005629395,0.0015028977,0.0030764467,0.004964659,0.0078056003,0.011853001,0.016027458,0.021928351,0.028794188,0.034282159,0.040103771,0.045091216,0.045705982,0.04122448,0.033180442,0.027050907,0.018357014,0.0086625153,0.0037567636,0.00050095323,-0.00085211138,-0.0012942891,-0.0011009484,-0.00059271924,-0.00022817292,0.00018250667,0.00052334537,0.00071697141,0,0,0,0,0.00093081204,0.00087178277,0.00077782915,0.00068137696,0.00058623689,0.00048865145,0.00040506473,0.00033125561,0.00025863881,0.00018835263,0.00012959658,7.4788979e-05,2.421558e-05,-1.6706568e-05,-4.6358513e-05,-6.5162079e-05,-7.6005017e-05,-7.2680123e-05,-5.9516646e-05,-4.1671239e-05,-1.4377759e-05,1.516995e-05,4.3139458e-05,5.9891685e-05,6.6563814e-05,7.0644768e-05,6.5881592e-05,5.3601561e-05,4.7153761e-05,4.3330459e-05,5.1604628e-05,0,0,0,0.00024270893,0.00030946897,0.00035606307,0.00042896639,0.00047020148,0.00047862102,0.0004669358,0.00042719793,0.00037418961,0.00029534701,0.00022561157,0.00016807397,0.00010392954,5.4309388e-05,2.0766849e-05,-7.0509104e-06,-1.9703686e-05,-2.413698e-05,-2.4647044e-05,-2.4976922e-05,-2.7093081e-05,-3.2794258e-05,-5.2495991e-05,-8.7819957e-05,-0.00014843493,-0.00025665696,-0.00041763252,-0.00062828657,-0.00090884953,-0.0013033418,-0.0017662002,0,0,0
1.69354,-5.2262923e-05,-6.5456537e-05,-8.331085e-05,-0.000104917,-0.0001348884,-0.00017221147,-0.00021584891,-0.00027439391,-0.000342641,-0.0004192497,-0.00050498708,-0.00058950717,-0.00067602983,-0.00075155561,0,0,0,-0.00064695202,-0.00044661722,6.7373374e-05,0.00080471049,0.001648964,0.0032915191,0.005447506,0.0078047928,0.01185672,0.016604155,0.021374317,0.028392382,0.034679778,0.038716711,0.042847533,0.043986343,0.040851049,0.031729788,0.025126286,0.017500861,0.0081592007,0.0029263415,0.00019191114,-0.00082072261,-0.0010575569,-0.0009620522,-0.00046112135,-8.4464446e-05,0.00032585106,0.00066568673,0.00083214953,0,0,0,0,0.00087454112,0.00079142692,0.00070264284,0.00061720016,0.00053666381,0.00045755159,0.00037390843,0.00030130174,0.00023403876,0.00016553463,0.00010878765,6.1339568e-05,1.9546424e-05,-1.3282675e-05,-3.7979513e-05,-5.2515028e-05,-5.9383354e-05,-5.6568388e-05,-4.2133281e-05,-2.2079854e-05,-2.1797107e-06,1.8924919e-05,3.8820323e-05,5.5985503e-05,6.2789099e-05,6.6996203e-05,7.0729584e-05,6.2289146e-05,6.0054819e-05,7.0049558e-05,8.5637352e-05,0,0,0,0.00029711582,0.00037788152,0.00042958028,0.00049199903,0.00051660615,0.00050944893,0.0004788932,0.00041580433,0.00036066308,0.00028794393,0.00019200271,0.00013157552,7.4646247e-05,1.85512e-05,-1.0516077e-05,-3.0961655e-05,-4.3313303e-05,-4.7136393e-05,-4.6703619e-05,-4.1929663e-05,-4.6609159e-05,-6.1603765e-05,-9.0316535e-05,-0.00015979263,-0.00025690618,-0.00038625367,-0.00059512927,-0.0008507031,-0.001170453,-0.0016426275,-0.0023468358,0,0,0
1.7376799999999999,-6.3981075e-05,-7.6700708e-05,-9.7585689e-05,-0.00012246706,-0.00015106458,-0.00019181926,-0.00023920252,-0.00028876695,-0.00035179328,-0.00041982924,-0.00049299991,-0.00057290087,-0.00065338507,-0.0007335695,0,0,0,-0.00054502441,-0.00026196681,0.00011599906,0.00095415232,0.0019227108,0.0030612594,0.0054706424,0.0081797084,0.010935636,0.016246626,0.021428168,0.026070565,0.033604275,0.038582917,0.041119941,0.042732839,0.039191842,0.03047247,0.021835737,0.014137915,0.0069018076,0.0018318277,-0.00042788713,-0.0015657392,-0.0013102141,-0.00073691178,-0.00016505312,0.00031147338,0.00066887581,0.00094936177,0.0010287891,0,0,0,0,0.00085797877,0.00076674303,0.00067010539,0.00058713346,0.00050287199,0.00042067969,0.00034130024,0.00027034208,0.00020918477,0.00015099069,9.8958335e-05,5.4691263e-05,1.6013855e-05,-1.3493698e-05,-3.3602901e-05,-4.7089285e-05,-4.914746e-05,-4.2805113e-05,-3.2862954e-05,-1.6969097e-05,3.55552e-07,1.8169258e-05,3.5397243e-05,5.0832594e-05,5.9557671e-05,6.3363004e-05,6.9573216e-05,7.316612e-05,7.6672368e-05,9.0887843e-05,0.00011757595,0,0,0,0.00035166534,0.00042551913,0.00048089036,0.0005236906,0.00054599129,0.00052634755,0.0004918116,0.00043138329,0.00033765665,0.00026431793,0.00017332171,8.4295614e-05,3.3407563e-05,-1.3639307e-05,-5.0105518e-05,-6.7709392e-05,-7.5827578e-05,-7.4604213e-05,-7.1176459e-05,-6.7577123e-05,-6.9261339e-05,-9.7036405e-05,-0.00013889054,-0.00020642595,-0.00032577262,-0.00047976468,-0.00070081273,-0.0010705736,-0.0015385903,-0.0021702852,-0.0030737254,0,0,0
1.78182,-7.2608636e-05,-8.8397966e-05,-0.00010866347,-0.00013614443,-0.00016545052,-0.00020023005,-0.00024479075,-0.00029444593,-0.00035101629,-0.00041808942,-0.00048994133,-0.00056497095,-0.00063542678,-0.00069493067,0,0,0,-0.0004825294,-0.00015353257,0.00025097709,0.00092075422,0.0020186666,0.0032192965,0.0051199393,0.0081278002,0.011006322,0.015070044,0.020780347,0.025691267,0.031312026,0.036521569,0.037847284,0.037116438,0.033020839,0.025683351,0.018219961,0.010963333,0.0044769286,-0.000112038,-0.00092241575,-0.0011024865,-0.00072385499,1.0694053e-05,0.00054986496,0.00082312105,0.0010163274,0.0012603276,0.0012874672,0,0,0,0,0.0008517208,0.00076308456,0.00065027416,0.00055043597,0.00047444482,0.00039533674,0.00031963259,0.0002576219,0.00019566809,0.00013782311,8.7513647e-05,4.5305889e-05,8.4694111e-06,-1.7428893e-05,-2.938965e-05,-3.73002e-05,-3.8878701e-05,-3.2821321e-05,-2.3548882e-05,-1.0653972e-05,4.7597564e-06,2.0073903e-05,3.3329936e-05,4.6194938e-05,5.4603588e-05,6.1885577e-05,6.9567475e-05,7.7931298e-05,8.8018845e-05,0.00010526495,0.00013680744,0,0,0,0.00039967813,0.00047192955,0.00052658998,0.00056653557,0.00058916182,0.00055965804,0.00049245369,0.00042071752,0.00031146317,0.00021281952,0.00012852423,3.7820588e-05,-2.6616788e-05,-6.7817797e-05,-9.7538868e-05,-0.00010553279,-0.00010531547,-9.5791002e-05,-8.9354202e-05,-9.0158035e-05,-9.0751622e-05,-0.00011478073,-0.00016800879,-0.00024657513,-0.00038866609,-0.00060598506,-0.00088209414,-0.0012930742,-0.0018492548,-0.0025173284,-0.0034976297,0,0,0
1.82595,-7.8409095e-05,-9.5775969e-05,-0.00011501479,-0.00014087839,-0.0001719311,-0.00020568553,-0.00024890501,-0.00029945851,-0.00035404175,-0.00041353519,-0.00047563345,-0.00053872063,-0.00059450784,-0.00064213446,0,0,0,-0.00044553616,-0.00011463267,0.00035061582,0.00090224791,0.0019771592,0.0032956151,0.0047621978,0.0075947279,0.010848124,0.013927118,0.018932616,0.023896124,0.026981972,0.031179501,0.032936074,0.03242287,0.028480424,0.021559039,0.014649587,0.0086797895,0.0037051735,-3.8013701e-07,-0.00038386494,-0.00019952971,-6.575718e-05,0.00053493853,0.0011422908,0.0013858542,0.0013638784,0.0015402955,0.0015401683,0,0,0,0,0.000863761,0.00076993316,0.00064986286,0.00053518033,0.00046698935,0.00038704515,0.00030780613,0.00024470768,0.00018331887,0.00012465128,7.6565833e-05,4.0973144e-05,1.1300791e-05,-1.2434314e-05,-2.297117e-05,-2.83138e-05,-2.9816545e-05,-2.4195038e-05,-1.4674405e-05,-5.9459508e-06,4.9301907e-06,1.5558131e-05,2.7250717e-05,3.9503899e-05,4.8109465e-05,5.7672707e-05,6.6649263e-05,7.8117024e-05,9.9463643e-05,0.00012548479,0.00016246103,0,0,0,0.00045169753,0.0005314239,0.00057939498,0.00059624785,0.00060249597,0.00055834383,0.00046654756,0.00038459059,0.00027839968,0.00014949786,6.1396844e-05,-2.1014612e-05,-8.3649356e-05,-0.00011299884,-0.0001338018,-0.00013498697,-0.00013405373,-0.00012482479,-0.00010606816,-0.00010825136,-0.00011578593,-0.00012922558,-0.0002036995,-0.00030958434,-0.00043765313,-0.00068781531,-0.0010072945,-0.0013777085,-0.0020037745,-0.0028160999,-0.0037695456,0,0,0
