"",-3.9640599999999999,-3.8979599999999999,-3.8318599999999998,-3.7657699999999998,-3.6996699999999998,-3.6335700000000002,-3.5674700000000001,-3.5013800000000002,-3.4352800000000001,-3.3691800000000001,-3.3030900000000001,-3.23699,-3.17089,-3.1047899999999999,-3.0387,-2.9725999999999999,-2.9064999999999999,-2.8404099999999999,-2.7743099999999998,-2.7082099999999998,-2.6421100000000002,-2.5760200000000002,-2.5099200000000002,-2.4438200000000001,-2.3777300000000001,-2.3116300000000001,-2.24553,-2.17943,-2.11334,-2.0472399999999999,-1.9811399999999999,-1.9150499999999999,-1.8489500000000001,-1.78285,-1.71675,-1.65066,-1.58456,-1.5184599999999999,-1.4523699999999999,-1.3862699999999999,-1.3201700000000001,-1.2540800000000001,-1.18798,-1.12188,-1.0557799999999999,-0.98968999999999996,-0.92359000000000002,-0.85748999999999997,-0.79139999999999999,-0.72529999999999994,-0.65920000000000001,-0.59309999999999996,-0.52700999999999998,-0.46090999999999999,-0.39480999999999999,-0.32872000000000001,-0.26262000000000002,-0.19652,-0.13042000000000001,-0.064329999999999998,0.0017700000000000001,0.06787,0.13396,0.20005999999999999,0.26616000000000001,0.33226,0.39834999999999998,0.46444999999999997,0.53054999999999997,0.59663999999999995,0.66274,0.72884000000000004,0.79493000000000003,0.86102999999999996,0.92713000000000001,0.99322999999999995,1.05932,1.1254200000000001,1.1915199999999999,1.2576099999999999,1.3237099999999999,1.38981,1.45591,1.522,1.5881000000000001,1.6541999999999999,1.7202900000000001,1.7863899999999999,1.85249,1.91859,1.98468,2.05078,2.1168800000000001,2.1829700000000001,2.2490700000000001,2.3151700000000002,2.3812700000000002,2.4473600000000002,2.5134599999999998,2.5795599999999999,2.6456499999999998,2.7117499999999999,2.7778499999999999,2.8439399999999999,2.91004,2.97614,3.0422400000000001,3.10833,3.1744300000000001,3.2405300000000001,3.3066200000000001,3.3727200000000002,3.4388200000000002,3.5049199999999998,3.5710099999999998,3.6371099999999998,3.7032099999999999,3.7692999999999999,3.8353999999999999,3.9015
-1.66086,-0.00062960509,-0.00077699771,-0.00094575988,-0.0011362975,-0.0013797986,-0.0016832589,-0.0020343433,-0.0024665461,-0.0029632184,-0.0034443606,-0.0039968626,-0.0046162377,-0.0051512998,-0.0056471308,0,0,0,-0.0075626182,-0.0076906434,-0.0075078751,-0.0071201338,-0.0066365642,-0.0059653358,-0.0052477825,-0.0044249948,-0.0034747135,-0.002550872,-0.0016115499,-0.00063947099,0.00011470076,0.00081240351,0.0014566982,0.0019235518,0.0022267222,0.0024454328,0.0025579627,0.0024216063,0.0022050275,0.0019322373,0.0014360702,0.00088544318,0.00041522976,-3.481732e-05,-0.00042169786,-0.00060210261,-0.00059181999,-0.00046125986,-0.00023854605,0,0,0,0,0.00070694933,0.00064597168,0.00054014323,0.0004218769,0.00028092868,0.00014069444,3.2852793e-05,-5.4387445e-05,-0.00012512215,-0.00017142372,-0.00019735376,-0.00017196602,-0.00012205203,-5.422219e-05,7.5956945e-05,0.00022458212,0.00036091794,0.00051211927,0.00072294107,0.00088362501,0.0010017083,0.0011475568,0.00122719,0.0012293037,0.0012041132,0.0011452188,0.0010201744,0.00087843789,0.00071136979,0.00051534316,0.00034840053,0,0,0,-0.00016554332,-0.00024027412,-0.00027650985,-0.00029351425,-0.00030153259,-0.00029910725,-0.00029257007,-0.00028503346,-0.00027591045,-0.00026349758,-0.00024776164,-0.00022383306,-0.00019630698,-0.00016692147,-0.00013603334,-0.00010679044,-7.954867e-05,-5.4760818e-05,-3.5257359e-05,-1.7032471e-05,2.598209e-06,1.7635766e-05,3.0914773e-05,4.4081993e-05,5.4358396e-05,6.2091152e-05,6.780721e-05,7.2331321e-05,7.6984681e-05,8.1344995e-05,8.7563312e-05,0,0,0
-1.6167199999999999,-0.00066697964,-0.00080358598,-0.0010198576,-0.0012792244,-0.0015754176,-0.0019578016,-0.0023594173,-0.002795747,-0.0033693321,-0.003913247,-0.004498818,-0.0054344293,-0.006323331,-0.0071587274,0,0,0,-0.0091714635,-0.0092131766,-0.0091617508,-0.0088601336,-0.0083507057,-0.0077328188,-0.0067406902,-0.0056393724,-0.004502112,-0.0033741719,-0.0022385702,-0.001130771,-0.00019710057,0.00061625952,0.0013651329,0.0019406716,0.0022760294,0.002535864,0.0026791478,0.0025406324,0.002311446,0.0020002467,0.0015295736,0.00094888714,0.00046226621,4.3295324e-05,-0.00038018945,-0.00058539526,-0.00060097524,-0.00040026318,-0.00021642767,0,0,0,0,0.00070158707,0.00063683325,0.00052823673,0.00038119612,0.00025338781,0.00012179368,3.9132283e-06,-7.7163568e-05,-0.00014158346,-0.000184299,-0.00020160896,-0.00017410138,-0.00011954011,-5.3622636e-05,4.719097e-05,0.00019708891,0.00032715144,0.00044827466,0.00065284129,0.00079886278,0.00090095168,0.0010126296,0.0010835673,0.001092353,0.0010552594,0.0010037151,0.00089559832,0.00074522925,0.00059645326,0.00043901181,0.00027832092,0,0,0,-0.00017377578,-0.00023678124,-0.00027870241,-0.00029095335,-0.00029919209,-0.00030222995,-0.00029967082,-0.00029408204,-0.00028335577,-0.00026756193,-0.00024885443,-0.00022588593,-0.00019529421,-0.00016162395,-0.00013022407,-0.00010099744,-7.428859e-05,-4.993636e-05,-3.0206364e-05,-1.1666087e-05,6.2403246e-06,2.3197681e-05,3.7983449e-05,5.1888073e-05,6.4213229e-05,7.2716422e-05,8.0224847e-05,8.5937732e-05,9.1721216e-05,9.8823693e-05,0.00010709256,0,0,0
-1.5725800000000001,-0.0007309395,-0.0009181872,-0.0011352951,-0.0014305087,-0.0017634756,-0.0021432755,-0.0025942314,-0.0031358534,-0.0038904618,-0.0047483509,-0.0056620957,-0.0066605052,-0.0076664533,-0.0085589951,0,0,0,-0.01138901,-0.011623751,-0.011622102,-0.011284338,-0.010454091,-0.0095204134,-0.0084620705,-0.0070566423,-0.0056621027,-0.0044343234,-0.0030753715,-0.0017396101,-0.000604962,0.00034280727,0.0012100767,0.001940286,0.0023158642,0.0026070368,0.0027825916,0.0026644778,0.0024107727,0.0020907447,0.0016470478,0.0010463358,0.00050836959,0.00010039838,-0.00031123206,-0.00051519845,-0.00054892502,-0.00041102341,-0.00013980191,0,0,0,0,0.00068548101,0.00061853311,0.00050740375,0.00036916224,0.00021954109,9.2654984e-05,-2.0342664e-05,-0.00011106923,-0.00016582165,-0.00019804068,-0.00021026083,-0.0001863568,-0.0001321132,-6.4124179e-05,2.0230384e-05,0.00016220164,0.0002973252,0.00040539465,0.0005613892,0.00070000929,0.00078763068,0.00086820923,0.00093858689,0.00094267505,0.00089743244,0.00083821517,0.00075660471,0.00064269273,0.00051085581,0.0003777275,0.00023425528,0,0,0,-0.00019777811,-0.00024369225,-0.0002793087,-0.00029981116,-0.00030820584,-0.0003119013,-0.00031005169,-0.00030387822,-0.00029267001,-0.00027518938,-0.00024847043,-0.00021970476,-0.0001875255,-0.00015380268,-0.00012226605,-9.4423027e-05,-6.823233e-05,-4.4561097e-05,-2.5807636e-05,-6.7461356e-06,1.2059571e-05,2.9777422e-05,4.543053e-05,6.0086379e-05,7.3609044e-05,8.267667e-05,9.1045789e-05,9.7938115e-05,0.00010390757,0.00011138699,0.00012069022,0,0,0
-1.5284500000000001,-0.00078464363,-0.00099528825,-0.0012271389,-0.0015213568,-0.0019424199,-0.0024580453,-0.0030547269,-0.0037995945,-0.0046424046,-0.0055802818,-0.0066117272,-0.0077121025,-0.0088374261,-0.010149393,0,0,0,-0.014183508,-0.014374295,-0.014167698,-0.013719585,-0.012777016,-0.011725107,-0.010613019,-0.0090697305,-0.0072747902,-0.0057047927,-0.0041241017,-0.0025169351,-0.0011058946,-1.7124694e-05,0.0010001485,0.0018944319,0.002361323,0.0026784516,0.0028866653,0.002824913,0.0025477752,0.0022107211,0.0017911522,0.0011642989,0.00061321992,0.00019056001,-0.00019618834,-0.00041056777,-0.00045210664,-0.00035378683,-7.0587441e-05,0,0,0,0,0.00066718098,0.00059857924,0.00048061379,0.00034722354,0.00019254573,6.0235743e-05,-3.9668037e-05,-0.00012561682,-0.00018070888,-0.00021062547,-0.0002220202,-0.00020349721,-0.00014873687,-7.8674362e-05,-6.6567545e-06,0.00011696643,0.0002401034,0.00034247374,0.00046564243,0.00059535902,0.00067789125,0.00072991365,0.00078902638,0.00080090913,0.00077084528,0.00072456582,0.00064922264,0.00054617866,0.00041958402,0.00029158473,0.00016347319,0,0,0,-0.00020666912,-0.00025297081,-0.0002848453,-0.0003079068,-0.00031736563,-0.00032017194,-0.00031899314,-0.00030887351,-0.00029170973,-0.00027047872,-0.00024249771,-0.00021179942,-0.00017959897,-0.00014600021,-0.00011376659,-8.8602421e-05,-6.4710672e-05,-4.1840736e-05,-2.2992172e-05,-3.3165902e-06,1.6887358e-05,3.5680427e-05,5.178852e-05,6.7315246e-05,8.1550017e-05,9.1353984e-05,9.9667224e-05,0.00010737777,0.00011405734,0.00012211598,0.00013249865,0,0,0
-1.48431,-0.00080801471,-0.0010696838,-0.0013887479,-0.0017346157,-0.0022422236,-0.0028426875,-0.0034430334,-0.0042762044,-0.0052339388,-0.0062541412,-0.0077153826,-0.0093328841,-0.011063308,-0.012544986,0,0,0,-0.016810181,-0.01736505,-0.017483639,-0.017116951,-0.016411418,-0.014800241,-0.013181302,-0.011441755,-0.0091974,-0.0071569495,-0.005387736,-0.0034795422,-0.0016956194,-0.00042933412,0.00073888968,0.0017653637,0.0024032248,0.0027566766,0.0029915536,0.003013225,0.0026976662,0.0023286038,0.0019147467,0.0012980751,0.00074076001,0.00028140977,-8.308352e-05,-0.00031320314,-0.00033246027,-0.00028246152,-7.5844437e-05,0,0,0,0,0.00067032839,0.00059800816,0.00045754929,0.00033438069,0.00019983322,4.3383916e-05,-5.473163e-05,-0.00013815443,-0.00020250352,-0.00023008703,-0.00023787393,-0.00022237332,-0.00016863071,-0.00010501969,-3.2891978e-05,6.9501031e-05,0.00018069823,0.00028552907,0.00038105529,0.0004921073,0.00057740259,0.0006159211,0.00066833443,0.00068320474,0.00065213814,0.00060154917,0.00052539702,0.0004273064,0.00032546525,0.00021705456,0.000118,0,0,0,-0.00021674062,-0.0002688338,-0.0002954278,-0.00031339377,-0.00032614367,-0.00032523368,-0.00032084493,-0.00031269371,-0.00029265063,-0.00026800099,-0.00024018947,-0.00020705959,-0.00017353789,-0.00014211811,-0.00011239471,-8.7541768e-05,-6.5034837e-05,-4.1198469e-05,-2.026248e-05,-2.0028469e-06,1.9897343e-05,4.1525258e-05,5.7687921e-05,7.3647985e-05,8.8211942e-05,9.9392848e-05,0.00010790108,0.00011592723,0.00012352336,0.00013068899,0.00013829628,0,0,0
-1.44017,-0.00092938566,-0.0011819626,-0.0015544024,-0.0019470463,-0.0024242587,-0.0030994886,-0.0038574932,-0.004832563,-0.0061839093,-0.0076834396,-0.0092020985,-0.011030795,-0.012986215,-0.014650822,0,0,0,-0.021139324,-0.021876909,-0.02206888,-0.021189762,-0.019995566,-0.018309783,-0.016091028,-0.014010906,-0.011640343,-0.0090211118,-0.006848048,-0.0046779462,-0.0025117723,-0.00096049812,0.00038751308,0.001568405,0.0023937516,0.0028358726,0.0030812321,0.0031621025,0.0028601901,0.002469403,0.0020390952,0.0014382621,0.00086331309,0.00039976492,3.374432e-05,-0.00021354345,-0.0002673679,-0.00018453444,-1.4023011e-05,0,0,0,0,0.00067640399,0.00060437305,0.00047512862,0.00032180629,0.00019131579,4.6261681e-05,-7.8015451e-05,-0.00015392333,-0.00020930142,-0.00023871486,-0.00024421839,-0.00023457929,-0.00018730061,-0.00012868836,-6.2110703e-05,2.8809129e-05,0.00012772132,0.0002196978,0.00030360278,0.00040076941,0.00047424436,0.00051705318,0.00054865493,0.00055469375,0.00052464515,0.00048424629,0.00042938109,0.00035383867,0.00026590141,0.00016747379,6.8232875e-05,0,0,0,-0.0002314072,-0.00027361442,-0.0003032487,-0.0003192295,-0.00033165305,-0.0003341258,-0.00032689259,-0.00031689004,-0.00029736341,-0.00026573963,-0.0002339366,-0.000201528,-0.00016902907,-0.00013895307,-0.00011081665,-8.5907857e-05,-6.417511e-05,-4.1628798e-05,-1.7682429e-05,2.5361628e-06,2.3903958e-05,4.6103378e-05,6.379791e-05,7.9711775e-05,9.4542534e-05,0.00010684773,0.00011491207,0.00012130725,0.00012701382,0.0001323765,0.00013885688,0,0,0
-1.3960399999999999,-0.0010111892,-0.0012752248,-0.0016444188,-0.002129802,-0.0027044534,-0.0035044849,-0.0045100097,-0.0055851946,-0.0070033222,-0.0087742582,-0.010430344,-0.012355221,-0.015107403,-0.017786756,0,0,0,-0.025904447,-0.026376914,-0.026514241,-0.025643319,-0.024477508,-0.022752635,-0.020275267,-0.017461492,-0.014514036,-0.011285213,-0.0086346297,-0.0060809338,-0.0035751804,-0.0015954208,-1.872424e-06,0.0013666708,0.0023809127,0.0028958993,0.0031947265,0.0033110266,0.0030450043,0.0026319972,0.0021643424,0.0015814628,0.00097986683,0.00051269279,0.00016082244,-9.7576587e-05,-0.00016902649,-7.9808407e-05,9.0552174e-05,0,0,0,0,0.00067829952,0.00060723349,0.00048178414,0.00031842737,0.00018393344,5.9948285e-05,-6.2624793e-05,-0.00014807927,-0.00020666535,-0.00024160999,-0.00025214846,-0.00024451382,-0.00020541163,-0.00014977096,-8.9873291e-05,-1.4065562e-05,7.7581361e-05,0.00015866276,0.00023215319,0.0003174434,0.00037748198,0.00041718589,0.00044487545,0.0004553459,0.00044121331,0.00040109159,0.00034834421,0.0002764551,0.00019214035,0.00010085473,1.3593948e-05,0,0,0,-0.00023925425,-0.00027873821,-0.00031150898,-0.00032871662,-0.00033937802,-0.00034163613,-0.00032870023,-0.00031072219,-0.0002899041,-0.00025886053,-0.00022636694,-0.00019456806,-0.00016316431,-0.00013405889,-0.00010909441,-8.5091349e-05,-6.2644533e-05,-4.0737828e-05,-1.580947e-05,5.9851982e-06,2.7311493e-05,4.960872e-05,6.8900212e-05,8.4872852e-05,9.8826276e-05,0.000110482,0.00011846619,0.00012463501,0.00012992838,0.00013500567,0.00014049717,0,0,0
-1.3519000000000001,0,0,0,0,0,0,0,0,0,0,0,0,0,0,0,0,0,0,0,0,0,0,0,0,0,0,0,0,0,0,0,0,0,0,0,0,0,0,0,0,0,0,0,0,0,0,0,0,0,0,0,0,0,0,0,0,0,0,0,0,0,0,0,0,0,0,0,0,0,0,0,0,0,0,0,0,0,0,0,0,0,0,0,0,0,0,0,0,0,0,0,0,0,0,0,0,0,0,0,0,0,0,0,0,0,0,0,0,0,0,0,0,0,0,0,0,0,0,0,0
-1.30776,-0.0011286106,-0.001496606,-0.0019270754,-0.0024480261,-0.0031911756,-0.0040997504,-0.0053342939,-0.0069994759,-0.0089387437,-0.011305012,-0.014222452,-0.017202852,-0.020498445,-0.024200242,0,0,0,-0.039443418,-0.041061781,-0.040829614,-0.039918721,-0.037856877,-0.034016509,-0.030287988,-0.026669851,-0.021977728,-0.017284462,-0.013329186,-0.009618639,-0.0061671073,-0.0032256809,-0.0011298582,0.00072976458,0.0022313695,0.0029383842,0.003353525,0.0035336181,0.0033487617,0.0029064605,0.0024045231,0.0018775085,0.0012184158,0.00069132046,0.00033198649,8.3551713e-05,-1.1185766e-06,2.3737608e-05,0.00017139016,0,0,0,0,0.00075267593,0.00068171765,0.00056030415,0.00041454899,0.00025494167,0.00010285359,-1.290298e-05,-0.00011115315,-0.0001866183,-0.00022451005,-0.00024343049,-0.00024466851,-0.00022433227,-0.00018081383,-0.00013174741,-8.2082421e-05,-7.162269e-06,6.3196705e-05,0.00011901303,0.00018063847,0.00023594846,0.00026376467,0.00027717437,0.00028252811,0.00027104717,0.00024485629,0.00020739721,0.00015607441,9.5591851e-05,2.9011739e-05,-3.8100559e-05,0,0,0,-0.00025572025,-0.00029106889,-0.00031463086,-0.00033194243,-0.00034005687,-0.00033682995,-0.00032459627,-0.0003036393,-0.00027584541,-0.00024596296,-0.00021500156,-0.00018543394,-0.0001591271,-0.00013421715,-0.00011012953,-8.8490997e-05,-6.4931184e-05,-3.7212871e-05,-1.0373648e-05,1.4785054e-05,3.8131097e-05,5.957776e-05,7.8752477e-05,9.3468581e-05,0.00010669477,0.0001167945,0.0001226482,0.00012674896,0.00012890044,0.00012895599,0.00012878858,0,0,0
-1.26362,-0.0011778516,-0.001532089,-0.0020256729,-0.0026083481,-0.0034139319,-0.004531736,-0.0058577759,-0.0075863423,-0.0098145213,-0.012345703,-0.015425541,-0.019706771,-0.024523243,-0.030169923,0,0,0,-0.047394086,-0.049154777,-0.049306802,-0.048950315,-0.047250286,-0.043191876,-0.037596442,-0.032697435,-0.027144074,-0.021237478,-0.016227502,-0.0119749,-0.0078164442,-0.0041224733,-0.0017426652,0.00032832194,0.002035317,0.0029645367,0.0034176908,0.0036496671,0.0035350018,0.0030410422,0.0024943301,0.0019375453,0.0013047649,0.00076321984,0.00038161426,0.00014404001,7.0404814e-05,0.00010680928,0.00021507793,0,0,0,0,0.00081647577,0.00073806226,0.00061227521,0.00047137841,0.00032580577,0.0001742374,4.3020467e-05,-6.2666812e-05,-0.0001519022,-0.00020515491,-0.00023000714,-0.00023800699,-0.00022626443,-0.000188926,-0.00014542394,-0.00010099838,-4.0871582e-05,2.3990995e-05,7.5433272e-05,0.00012173763,0.00017258088,0.00020279198,0.00021566774,0.00022752833,0.00021726813,0.00019001422,0.00015371431,0.00010512258,4.7100857e-05,-1.0272692e-05,-6.3159183e-05,0,0,0,-0.0002572693,-0.00029487605,-0.00031986489,-0.00033434512,-0.00034050801,-0.00033294299,-0.00031398947,-0.00029208264,-0.0002655455,-0.00023713653,-0.00020823405,-0.00018025277,-0.00015548969,-0.00013259162,-0.00010735735,-8.1866827e-05,-5.7991219e-05,-3.0755044e-05,-3.1780346e-06,2.2336324e-05,4.4824363e-05,6.5497916e-05,8.3256389e-05,9.5865042e-05,0.00010667898,0.00011603197,0.00012171426,0.00012489845,0.00012702362,0.00012625572,0.00012361485,0,0,0
-1.21949,-0.0012277316,-0.0015547758,-0.0020947503,-0.0027610529,-0.0034814279,-0.0046988283,-0.0061910204,-0.0078901835,-0.010747682,-0.014267206,-0.018282529,-0.023253651,-0.028872676,-0.035014581,0,0,0,-0.058821093,-0.062252164,-0.064258091,-0.062018909,-0.058441538,-0.053856853,-0.046303805,-0.039454628,-0.03326498,-0.025999686,-0.01938037,-0.014503653,-0.009691596,-0.0053745266,-0.0024855696,-0.00017066929,0.0017516383,0.0029911029,0.003467177,0.0036936761,0.0036675027,0.0031518219,0.0025886875,0.0019882387,0.0013762922,0.00083194854,0.00040528079,0.00016685089,9.0798538e-05,0.00016758987,0.0002715399,0,0,0,0,0.00092356512,0.00085456285,0.00074484223,0.00058074872,0.00042139163,0.00026100042,0.00010182679,-1.3390454e-05,-0.00010729537,-0.00017641429,-0.00020480472,-0.00021861144,-0.00021760451,-0.00019020386,-0.00015482065,-0.0001141595,-6.7088949e-05,-1.1081109e-05,4.2099866e-05,7.9654463e-05,0.00012483571,0.00015815458,0.00016618252,0.00016961328,0.00016223906,0.00013246591,0.00010238995,6.8965885e-05,2.3867091e-05,-2.6236543e-05,-7.6827171e-05,0,0,0,-0.00026463481,-0.00029384356,-0.00031913351,-0.00032484083,-0.00032656806,-0.00032366894,-0.00030419789,-0.00028068287,-0.00025537692,-0.0002279231,-0.0002004632,-0.00017539276,-0.00015061485,-0.00012732108,-0.00010481379,-7.773847e-05,-5.1957861e-05,-2.64705e-05,2.4329374e-06,2.9512983e-05,5.1088329e-05,6.95259e-05,8.5749205e-05,9.7924945e-05,0.0001076754,0.00011604711,0.00012219942,0.0001231046,0.00012193416,0.00011910416,0.00011267963,0,0,0
-1.1753499999999999,-0.0012442172,-0.0016007612,-0.0020549353,-0.0027850801,-0.0036401255,-0.004806044,-0.0067348229,-0.0089932177,-0.01171395,-0.015829971,-0.02060782,-0.025444079,-0.031868476,-0.040659316,0,0,0,-0.074959241,-0.077285498,-0.078154534,-0.076541521,-0.070872441,-0.065485239,-0.057857979,-0.048400003,-0.040214673,-0.031852599,-0.023243232,-0.01741929,-0.012005907,-0.0069800522,-0.0033156094,-0.00066965446,0.0014614684,0.0029564109,0.0035246825,0.0037653965,0.0037606084,0.0032909373,0.002689319,0.0020373885,0.0013661576,0.00080980168,0.00039602432,0.00013867795,8.3308812e-05,0.00016647561,0.00033681994,0,0,0,0,0.001073798,0.0010120636,0.00088393188,0.00071004929,0.00052174676,0.00035812191,0.00020124284,6.3145286e-05,-3.9767699e-05,-0.00012308381,-0.00017086481,-0.00019363787,-0.00020143609,-0.00018568774,-0.00015767773,-0.00012436323,-8.3826082e-05,-3.5086687e-05,1.0520599e-05,4.8152895e-05,8.3199011e-05,0.00010901941,0.00012015292,0.00012281782,0.0001198752,0.00010410688,7.4589087e-05,4.1846768e-05,1.0764015e-06,-4.728782e-05,-9.6217416e-05,0,0,0,-0.00025899734,-0.0002857183,-0.00030975111,-0.00031971649,-0.00031855397,-0.00031343944,-0.00029648989,-0.00026979879,-0.00024417555,-0.00021939629,-0.00019326087,-0.00016989005,-0.00014743648,-0.00012392006,-0.00010155028,-7.4421056e-05,-4.3851647e-05,-1.5544729e-05,1.1965314e-05,3.7869577e-05,5.827158e-05,7.5579068e-05,9.0036796e-05,0.00010132472,0.00010789473,0.00011318189,0.00011707397,0.00011709236,0.00011474217,0.00011099409,0.00010444994,0,0,0
-1.13121,-0.0012180051,-0.0016110546,-0.0020767015,-0.0028053233,-0.0038360329,-0.0050498573,-0.0069326796,-0.0095630866,-0.012392379,-0.016491996,-0.023004031,-0.030023279,-0.038904049,-0.049953971,0,0,0,-0.089414731,-0.09349744,-0.096400127,-0.096396014,-0.091052562,-0.081885114,-0.071514443,-0.059392191,-0.048810728,-0.038591936,-0.028408417,-0.020723449,-0.014280495,-0.008540852,-0.0041433945,-0.0012098416,0.0011435966,0.0029429256,0.0035846101,0.0038548443,0.003817308,0.0033511869,0.0026844246,0.0020159003,0.0013318087,0.00074220239,0.00033917982,8.2934974e-05,5.5508805e-05,0.00018581588,0.0004345201,0,0,0,0,0.0012448127,0.0011754613,0.0010657511,0.00089480297,0.00069536245,0.0005032543,0.00032588726,0.00016252793,3.5548037e-05,-6.217917e-05,-0.00012669114,-0.00016172648,-0.00017817528,-0.00017425002,-0.00015371725,-0.0001278432,-9.6207747e-05,-5.2721156e-05,-1.4674586e-05,2.0716827e-05,5.2741649e-05,7.6749151e-05,9.2354036e-05,9.3962801e-05,8.8145076e-05,7.3427676e-05,4.5184584e-05,1.1361346e-05,-2.2518769e-05,-6.0699203e-05,-0.00010150833,0,0,0,-0.00025717315,-0.00028369806,-0.00030526298,-0.00031283169,-0.00030646456,-0.0002955095,-0.00028083308,-0.0002563459,-0.00023190447,-0.00020947574,-0.00018524543,-0.00016316566,-0.00014135531,-0.00011557477,-8.8387082e-05,-6.1649298e-05,-3.2060561e-05,-3.9148335e-06,2.3009274e-05,4.742523e-05,6.6148088e-05,7.9072961e-05,8.9333538e-05,9.756384e-05,0.00010351689,0.00010842459,0.0001119973,0.00011235807,0.00010944551,0.00010383682,9.5649186e-05,0,0,0
-1.08708,-0.0011745209,-0.0015869517,-0.0021005189,-0.0027055561,-0.0038080087,-0.005165495,-0.0068377852,-0.010025403,-0.013861485,-0.01844627,-0.02607464,-0.034725603,-0.043748226,-0.056277558,0,0,0,-0.11311753,-0.12274422,-0.12275606,-0.119389,-0.11396275,-0.10116041,-0.086899407,-0.072399199,-0.059061199,-0.046040241,-0.033992052,-0.024383802,-0.016935825,-0.010425237,-0.0051443242,-0.0018917653,0.00080937985,0.0027790675,0.0035993322,0.0038983629,0.0038497387,0.0034301574,0.0026912817,0.0019905118,0.0012956071,0.00059663947,0.00019558308,-1.7325074e-05,2.3618923e-06,0.00017979875,0.00046274249,0,0,0,0,0.0015564202,0.0014775973,0.0013468295,0.0011387703,0.00090266409,0.00066688855,0.00046269808,0.00028172776,0.00012488094,1.3469817e-05,-6.6483168e-05,-0.00012106769,-0.00014748753,-0.00015606903,-0.00014394947,-0.00012534628,-0.00010148418,-6.2208936e-05,-2.8767638e-05,1.9439904e-06,3.3482989e-05,5.2583462e-05,6.3534542e-05,6.6670844e-05,5.7249687e-05,4.585342e-05,2.8508935e-05,1.2333676e-06,-2.9577628e-05,-6.487879e-05,-0.00010555627,0,0,0,-0.0002502203,-0.00027277123,-0.00028556705,-0.00029176913,-0.00028952642,-0.00027784324,-0.00026429494,-0.0002426616,-0.00021883138,-0.00019703677,-0.00017478487,-0.00015074588,-0.00012808594,-0.00010587197,-7.7445999e-05,-4.9401355e-05,-2.1427993e-05,5.8663413e-06,2.9552732e-05,5.020446e-05,6.4911372e-05,7.6342505e-05,8.6283479e-05,9.4357456e-05,9.9804965e-05,0.00010468195,0.00010656294,0.00010491058,0.00010113617,9.3445313e-05,8.4132487e-05,0,0,0
-1.04294,-0.0011710549,-0.0014963374,-0.0020480442,-0.0027181895,-0.0036515044,-0.0053128656,-0.0073676072,-0.010182203,-0.014747743,-0.020067584,-0.026960012,-0.037250739,-0.050011031,-0.066069603,0,0,0,-0.13805038,-0.14825624,-0.15105398,-0.14430672,-0.13772503,-0.12659602,-0.10731468,-0.087503627,-0.07155592,-0.055393714,-0.040605217,-0.028857008,-0.020183237,-0.012452262,-0.0060814717,-0.002434535,0.00046966993,0.0026378231,0.0036687953,0.0039748112,0.0039309068,0.0035220617,0.0026647504,0.0017824511,0.0010319842,0.00037416734,-7.6196971e-05,-0.00023802405,-0.00017275904,0.00010310636,0.00049427495,0,0,0,0,0.0019758102,0.0018333858,0.0016491063,0.0014196737,0.0011504444,0.00088448264,0.00063778309,0.00043056079,0.00024842061,0.00010204027,3.0687152e-06,-6.5480701e-05,-0.00010986647,-0.00013172835,-0.00012852262,-0.0001165758,-9.8806566e-05,-6.8963891e-05,-3.6765308e-05,-1.161713e-05,1.2147611e-05,3.3018099e-05,4.3411332e-05,4.781461e-05,4.672756e-05,3.4652567e-05,1.6637392e-05,-7.7002333e-06,-3.8728209e-05,-7.3861869e-05,-0.00011067277,0,0,0,-0.00023309335,-0.00025387245,-0.00026921561,-0.00027532291,-0.00027172678,-0.00026137428,-0.00024667321,-0.00022645689,-0.00020487451,-0.00018367004,-0.00016312637,-0.00014089652,-0.00011751505,-9.5198462e-05,-6.8263776e-05,-3.8835475e-05,-1.1723592e-05,1.2239166e-05,3.3265391e-05,5.1642248e-05,6.599987e-05,7.5684613e-05,8.4169682e-05,8.9585788e-05,9.3024821e-05,9.5971089e-05,9.7599986e-05,9.5840122e-05,9.1718364e-05,8.4816798e-05,7.4531286e-05,0,0,0
-0.99880000000000002,0,0,0,0,0,0,0,0,0,0,0,0,0,0,0,0,0,0,0,0,0,0,0,0,0,0,0,0,0,0,0,0,0,0,0,0,0,0,0,0,0,0,0,0,0,0,0,0,0,0,0,0,0,0,0,0,0,0,0,0,0,0,0,0,0,0,0,0,0,0,0,0,0,0,0,0,0,0,0,0,0,0,0,0,0,0,0,0,0,0,0,0,0,0,0,0,0,0,0,0,0,0,0,0,0,0,0,0,0,0,0,0,0,0,0,0,0,0,0,0
-0.95467000000000002,-0.001091013,-0.0014042101,-0.001797309,-0.002564643,-0.0035542869,-0.0047556907,-0.007244111,-0.010595206,-0.01468627,-0.022572113,-0.03279585,-0.045154113,-0.063626699,-0.084949501,0,0,0,-0.21827033,-0.23674899,-0.24069566,-0.23719627,-0.21130601,-0.18678762,-0.1624752,-0.1286449,-0.099189743,-0.077770956,-0.056340683,-0.037663765,-0.026477227,-0.016942531,-0.0089504831,-0.0035816724,-0.00019469019,0.0023429256,0.0038909786,0.0040855035,0.00388715,0.0032998421,0.0023909425,0.0013462867,0.00020744355,-0.00047791516,-0.00082102383,-0.00090267602,-0.00062314019,3.5389356e-05,0.00084847969,0,0,0,0,0.0031127911,0.0029964449,0.0026533704,0.0022818923,0.0018786183,0.0014811245,0.0011132499,0.00078994292,0.00054312346,0.00033351971,0.00016412973,6.5192013e-05,-1.0339449e-05,-6.2098203e-05,-8.032711e-05,-8.4152802e-05,-7.7932935e-05,-6.3733343e-05,-3.9836057e-05,-1.5864613e-05,-2.653087e-07,1.6128077e-05,2.8037042e-05,2.6957649e-05,2.5710613e-05,2.1345109e-05,6.2354302e-06,-1.3083978e-05,-3.4334633e-05,-6.2630526e-05,-9.362452e-05,0,0,0,-0.00020096813,-0.00021305264,-0.00022291156,-0.00023042505,-0.00022453917,-0.00021623746,-0.00020701773,-0.00019172454,-0.00017324506,-0.00015487426,-0.00013372183,-0.00011062536,-8.8052526e-05,-6.2434548e-05,-3.7736929e-05,-1.3708426e-05,8.0265745e-06,2.456561e-05,3.7231021e-05,4.6250221e-05,5.3854994e-05,5.9571033e-05,6.4808482e-05,7.0039867e-05,7.4701609e-05,7.7994446e-05,7.9666905e-05,7.9165889e-05,7.2975658e-05,6.519194e-05,5.5504948e-05,0,0,0
-0.91052999999999995,-0.0010248651,-0.0013446432,-0.0017323773,-0.0022680247,-0.003296325,-0.0046003424,-0.0065434566,-0.010339085,-0.015025047,-0.021350376,-0.033024691,-0.04903698,-0.069470167,-0.10254988,0,0,0,-0.26097935,-0.28960267,-0.2906318,-0.28904256,-0.26894277,-0.23016076,-0.19417994,-0.15583161,-0.11600789,-0.090295456,-0.06657619,-0.044454128,-0.029850297,-0.019041153,-0.010170843,-0.0039307778,-0.00037454674,0.0022691037,0.0040537426,0.0042516179,0.0039359266,0.0031486533,0.0019384228,0.0007720365,-0.00036950081,-0.0012987439,-0.0015078151,-0.0014508755,-0.0011061286,-0.00016774829,0.0010244749,0,0,0,0,0.003960114,0.0037084664,0.0033431626,0.0028585987,0.0023527411,0.0018568696,0.0014152639,0.0010283743,0.00071726367,0.00047622289,0.00027828876,0.0001432345,5.034573e-05,-1.6186088e-05,-5.0923802e-05,-6.102843e-05,-6.11465e-05,-5.2645046e-05,-3.3753022e-05,-1.4928728e-05,1.5261303e-06,1.4919347e-05,2.5995978e-05,3.0710387e-05,2.7341746e-05,2.1503807e-05,9.4260631e-06,-1.0335313e-05,-3.2388423e-05,-5.6501787e-05,-8.2341263e-05,0,0,0,-0.00017597858,-0.00018863982,-0.00019724481,-0.00020388092,-0.00020208143,-0.0001938639,-0.00018534339,-0.00017375239,-0.00015531055,-0.00013724022,-0.00011801663,-9.4796356e-05,-7.1925773e-05,-4.8995385e-05,-2.6873817e-05,-7.6640445e-06,8.8283832e-06,2.2403759e-05,3.2464915e-05,4.0031202e-05,4.5666522e-05,5.0309209e-05,5.542412e-05,6.1007486e-05,6.609282e-05,6.9393056e-05,7.0347603e-05,6.9465124e-05,6.4409527e-05,5.5951125e-05,4.5896428e-05,0,0,0
-0.86638999999999999,-0.0009692561,-0.0012038802,-0.001578893,-0.0020563086,-0.0029086489,-0.0042800857,-0.0060767937,-0.0093339551,-0.01457365,-0.021150708,-0.033427924,-0.05325301,-0.076116852,-0.10974786,0,0,0,-0.31681293,-0.36756209,-0.3813915,-0.36403126,-0.33451471,-0.28567785,-0.23539042,-0.18672079,-0.13661793,-0.1030845,-0.074777894,-0.050145783,-0.032771491,-0.021040021,-0.011529099,-0.0042964099,-0.00052411715,0.0022540682,0.0040556942,0.0042818356,0.0037538803,0.0028504976,0.0014933936,0.00010749523,-0.0010597141,-0.0021569524,-0.0024216832,-0.0020410472,-0.0012393747,-4.6324159e-05,0.0013240448,0,0,0,0,0.0050381394,0.0046870811,0.00420113,0.0035960483,0.002949127,0.0023179222,0.001774938,0.0013114137,0.00092711207,0.00062628847,0.00039368795,0.00022304995,0.00011123207,3.3626362e-05,-1.570904e-05,-3.378413e-05,-3.9978739e-05,-3.6450463e-05,-2.2003196e-05,-6.3039115e-06,9.5508676e-06,2.1403668e-05,2.9483472e-05,3.3766111e-05,3.0153342e-05,2.2461893e-05,1.3165467e-05,-2.1758794e-06,-2.1068852e-05,-4.1710715e-05,-6.5563392e-05,0,0,0,-0.00015338243,-0.00016500994,-0.00017213591,-0.00017749828,-0.0001791524,-0.00017247227,-0.00016427677,-0.0001560724,-0.00013902676,-0.00012075145,-0.00010156137,-7.8857367e-05,-5.625351e-05,-3.5798454e-05,-1.6744756e-05,-2.9180546e-07,1.3274516e-05,2.3609056e-05,2.9763007e-05,3.3209537e-05,3.6798876e-05,4.1231819e-05,4.6539262e-05,5.220978e-05,5.7401303e-05,6.1372302e-05,6.2235507e-05,6.0620048e-05,5.6239071e-05,4.7750593e-05,3.7265592e-05,0,0,0
-0.82225999999999999,-0.00093355513,-0.0011003473,-0.0014352946,-0.0019235683,-0.0024425457,-0.003577282,-0.0053387377,-0.0075306688,-0.013064135,-0.020687388,-0.030108348,-0.051677369,-0.079040296,-0.1125029,0,0,0,-0.3912622,-0.44474545,-0.47818595,-0.44879466,-0.40334004,-0.3480165,-0.28130907,-0.2155225,-0.15722761,-0.11562396,-0.083717734,-0.056753088,-0.036219709,-0.02341718,-0.012769398,-0.0046258103,-0.00048707612,0.0023398285,0.0041195056,0.0044709696,0.0037064427,0.002657664,0.0011597705,-0.00084997888,-0.0022076434,-0.0032922705,-0.0036736662,-0.0029963166,-0.0018627322,-0.00021994169,0.0013762608,0,0,0,0,0.0065256283,0.0059782676,0.0052408967,0.0044905441,0.0036814909,0.0028784489,0.0021579645,0.0016002352,0.0011479503,0.00077597471,0.00051668659,0.00031948776,0.00017813945,8.921566e-05,2.5385634e-05,-4.0195373e-06,-1.5117093e-05,-1.6300135e-05,-5.5067139e-06,6.6278262e-06,1.8670991e-05,3.0661889e-05,3.5725043e-05,3.9242561e-05,3.9815379e-05,3.3096989e-05,2.3372442e-05,1.039476e-05,-8.8247543e-06,-2.9236682e-05,-5.142235e-05,0,0,0,-0.00012717106,-0.00013910019,-0.00014725942,-0.00015211571,-0.00015517102,-0.00015224023,-0.0001439933,-0.00013516904,-0.0001211221,-0.00010144134,-8.1975653e-05,-6.1816638e-05,-4.0278857e-05,-2.0940903e-05,-3.9088591e-06,6.8019126e-06,1.3269642e-05,1.7304541e-05,2.0302654e-05,2.3210352e-05,2.6197027e-05,3.0924788e-05,3.6879086e-05,4.3056185e-05,4.9417096e-05,5.3906682e-05,5.5954573e-05,5.3249511e-05,4.8061404e-05,4.0425562e-05,2.9507335e-05,0,0,0
-0.77812000000000003,-0.00092333613,-0.001050869,-0.0012003025,-0.0015708611,-0.0019801296,-0.0025697688,-0.0043657855,-0.0066838907,-0.010304186,-0.018689744,-0.029247144,-0.046481803,-0.086299971,-0.13170391,0,0,0,-0.45283344,-0.51233459,-0.55619514,-0.54819083,-0.47930759,-0.40095282,-0.33574602,-0.25336403,-0.18101773,-0.13100435,-0.094160765,-0.062559344,-0.038444426,-0.024651866,-0.013542813,-0.0050423387,-0.00029023364,0.0025758776,0.0043502417,0.0047775647,0.003691342,0.0020311533,0.00023229484,-0.0018862082,-0.0038609272,-0.0048844186,-0.0051553431,-0.0045248885,-0.0027534156,-0.00018673448,0.0027622788,0,0,0,0,0.0079555651,0.00755561,0.0065023047,0.0054533742,0.0044540656,0.0034843748,0.002624471,0.0019235951,0.0014045117,0.00097970385,0.00065137952,0.00041777335,0.00025425036,0.00013946103,6.8377936e-05,3.0267271e-05,1.2175431e-05,6.9284906e-06,1.1912609e-05,2.3088298e-05,3.2852688e-05,4.2455566e-05,5.0420073e-05,5.1758849e-05,5.0314022e-05,4.5173369e-05,3.4217384e-05,2.0227049e-05,3.6954243e-06,-1.4443181e-05,-3.3644435e-05,0,0,0,-0.0001029105,-0.00011495478,-0.00012241711,-0.00012858291,-0.0001329277,-0.00013037109,-0.00012475166,-0.00011494559,-0.00010149219,-8.4001585e-05,-6.427586e-05,-4.4421187e-05,-2.6620932e-05,-1.2516088e-05,-2.1393898e-06,4.6367268e-06,8.5936354e-06,1.0242554e-05,1.1141039e-05,1.3409916e-05,1.6040367e-05,2.1978309e-05,3.0562289e-05,3.8683957e-05,4.522135e-05,4.8690938e-05,4.9935548e-05,4.775963e-05,4.1618994e-05,3.3184955e-05,2.3040071e-05,0,0,0
-0.73397999999999997,-0.00089515763,-0.00097365677,-0.0010178505,-0.0012907521,-0.0016442355,-0.0020219681,-0.0032109939,-0.005184866,-0.0075292196,-0.013748687,-0.026154544,-0.042273194,-0.078666024,-0.13505992,0,0,0,-0.52689517,-0.59962147,-0.64309216,-0.63888896,-0.57406133,-0.47138539,-0.39001426,-0.29701909,-0.20437589,-0.13873722,-0.10013773,-0.066838056,-0.040509745,-0.025802338,-0.01428448,-0.0053469636,7.1109273e-05,0.0028959175,0.0045130351,0.0049380683,0.0036197058,0.0015764654,-0.00070338388,-0.0029552341,-0.0053825015,-0.0073597939,-0.0075903805,-0.0060481573,-0.003589706,-0.00037205641,0.0036713327,0,0,0,0,0.01004543,0.0092991423,0.0080096936,0.0066393297,0.0053716083,0.0042214482,0.0032004467,0.0023165806,0.0016601399,0.0011685096,0.00077704946,0.00050701865,0.00032945798,0.00019675404,0.00011358497,6.7242312e-05,4.2543157e-05,3.3398028e-05,3.4267257e-05,4.3650194e-05,5.207341e-05,5.8798796e-05,6.5374683e-05,6.6186876e-05,6.2550083e-05,5.7928515e-05,4.8733524e-05,3.5599318e-05,2.0122461e-05,2.9785083e-06,-1.5677741e-05,0,0,0,-8.0679463e-05,-9.3267139e-05,-0.00010077411,-0.00010790269,-0.00011236385,-0.000110543,-0.00010657033,-9.7606819e-05,-8.4129453e-05,-6.7159563e-05,-4.9335074e-05,-3.286151e-05,-1.744807e-05,-6.0206908e-06,1.325336e-06,5.2574019e-06,6.5496606e-06,5.408001e-06,3.8660605e-06,6.7573646e-06,1.1709614e-05,1.783299e-05,2.6222993e-05,3.4462297e-05,4.1857904e-05,4.5185818e-05,4.4836324e-05,4.2180589e-05,3.5832909e-05,2.6944545e-05,1.7156975e-05,0,0,0
-0.68984999999999996,-0.00093239266,-0.00098706351,-0.00097833574,-0.0011014756,-0.0012487726,-0.0012651792,-0.0014370764,-0.0030922771,-0.0052844146,-0.0079375459,-0.020524375,-0.038422167,-0.062909536,-0.13248855,0,0,0,-0.58747274,-0.68282783,-0.72806019,-0.72008008,-0.6638748,-0.53038073,-0.41399655,-0.32419181,-0.22466546,-0.14541161,-0.10624054,-0.071561076,-0.043429788,-0.026389034,-0.014511545,-0.0052877669,0.0007028617,0.0034091915,0.0049154088,0.0052134572,0.0037865927,0.0012959631,-0.0025824825,-0.0058448054,-0.0088376794,-0.011715932,-0.011874839,-0.00917002,-0.0055956258,-0.0016711003,0.004008505,0,0,0,0,0.013135711,0.011575241,0.0098641347,0.0081282752,0.0064524487,0.004954875,0.0037243427,0.0026999647,0.0018934307,0.0013597384,0.00093053898,0.00060435641,0.00040861161,0.00025982034,0.00015687488,0.00010379849,7.533266e-05,6.1923871e-05,5.9538179e-05,6.5468994e-05,7.3687734e-05,7.7941062e-05,8.2296639e-05,8.4966618e-05,8.0541104e-05,7.403874e-05,6.6086352e-05,5.2076382e-05,3.587309e-05,1.9211395e-05,1.1596549e-06,0,0,0,-5.9895254e-05,-7.3446296e-05,-8.0754406e-05,-8.7642751e-05,-9.4291943e-05,-9.2320624e-05,-8.6364955e-05,-7.9146914e-05,-6.5873755e-05,-4.9556002e-05,-3.3606972e-05,-1.9196354e-05,-6.3378675e-06,3.8559388e-06,5.5181372e-06,3.8268658e-06,1.1238344e-06,-6.4521106e-07,-2.0859989e-06,-5.2263431e-07,5.5312148e-06,1.2679283e-05,2.1521177e-05,3.0264657e-05,3.6985424e-05,4.1270981e-05,3.9532093e-05,3.5934623e-05,3.0511015e-05,2.151226e-05,1.1453866e-05,0,0,0
-0.64571000000000001,-0.00099949376,-0.0010854119,-0.00098047219,-0.00094411912,-0.00095929275,-0.00076991465,-0.00055862998,-0.001329844,-0.0032797274,-0.0041555217,-0.0096219983,-0.031005036,-0.061878264,-0.11325361,0,0,0,-0.62306917,-0.72460151,-0.78452539,-0.75663608,-0.69016331,-0.58715969,-0.44504809,-0.3445484,-0.24982092,-0.15690699,-0.10871181,-0.073507607,-0.044418178,-0.02564187,-0.014144157,-0.0049421904,0.0016378439,0.0041923244,0.0054827435,0.0053637205,0.0031069857,-0.00033533986,-0.0049703233,-0.0100212,-0.013044538,-0.015897565,-0.017730545,-0.013017828,-0.0065242727,0.00079932151,0.0075815446,0,0,0,0,0.017252997,0.014642803,0.011983727,0.0095395939,0.0075143175,0.0057645254,0.0042952313,0.0031487918,0.0022262502,0.0015619006,0.0010792208,0.00071171363,0.00046925977,0.00031492524,0.00020490742,0.00013961346,0.00010868671,9.1844493e-05,8.7568536e-05,9.0964539e-05,9.6892327e-05,0.00010235073,0.00010394621,0.00010394336,0.00010037839,9.1775008e-05,8.1993174e-05,6.9174719e-05,5.2784631e-05,3.6186942e-05,1.9578769e-05,0,0,0,-4.0342504e-05,-5.3616081e-05,-6.1796331e-05,-6.7385663e-05,-7.2363502e-05,-7.2956296e-05,-6.629651e-05,-5.8503592e-05,-4.8354545e-05,-3.2702465e-05,-1.7451712e-05,-7.2020084e-06,-8.3293014e-07,2.8018997e-06,2.7787623e-06,-5.3935582e-07,-4.382528e-06,-7.7165787e-06,-8.8561937e-06,-6.7694782e-06,1.7451498e-07,9.5961777e-06,1.9409583e-05,2.805935e-05,3.3544195e-05,3.7114503e-05,3.6425929e-05,3.1722266e-05,2.5204106e-05,1.6528516e-05,6.8558256e-06,0,0,0
-0.60157000000000005,-0.0011433637,-0.0012275334,-0.0011501352,-0.00097076606,-0.00092508446,-0.00066126056,0.0002205018,0.00029554893,0.00034707971,0.00097400043,-0.0009134803,-0.017301721,-0.052725043,-0.10022277,0,0,0,-0.63559997,-0.74337971,-0.81773484,-0.81072462,-0.73078752,-0.63076878,-0.47508523,-0.35299647,-0.25058341,-0.16116397,-0.10675449,-0.072377786,-0.044647519,-0.024448872,-0.013169007,-0.0042851847,0.0024067978,0.005036789,0.0059850826,0.0055343122,0.0028695145,-0.0015713645,-0.006886296,-0.013509282,-0.01796471,-0.02007449,-0.020900726,-0.016223485,-0.0079362299,0.0017765212,0.010481595,0,0,0,0,0.022696167,0.018926222,0.015022164,0.01146278,0.0088339895,0.0067743356,0.0049655638,0.0035681906,0.0025133761,0.0017341776,0.0011976107,0.00081085635,0.00053680874,0.00036729325,0.0002522307,0.00017765535,0.00014304489,0.00012489845,0.00011859702,0.00012006298,0.00012328709,0.00012740104,0.00012815213,0.00012545023,0.00012064259,0.00011131583,9.9783974e-05,8.6689382e-05,7.0497459e-05,5.3183514e-05,3.6670874e-05,0,0,0,-2.1484588e-05,-3.3687742e-05,-4.299813e-05,-4.8393915e-05,-5.2504918e-05,-5.4935161e-05,-4.8975988e-05,-4.0354484e-05,-3.1159416e-05,-1.9486979e-05,-8.9228479e-06,-7.8508288e-07,3.0554224e-06,3.7932305e-06,1.6171272e-06,-3.5119201e-06,-8.2214228e-06,-1.1883296e-05,-1.1398545e-05,-6.9585458e-06,-2.9844659e-07,8.5190368e-06,1.7973438e-05,2.7389386e-05,3.2515214e-05,3.3474338e-05,3.1583582e-05,2.5938471e-05,1.8923303e-05,1.085585e-05,1.947391e-06,0,0,0
-0.55744000000000005,-0.0013455849,-0.0014192248,-0.0015057457,-0.0013259545,-0.0012768421,-0.0010441816,0.00026858156,0.0010469481,0.001793432,0.003565249,0.0038264226,-0.0023878645,-0.040978305,-0.10179222,0,0,0,-0.64994717,-0.76121289,-0.84011346,-0.84311831,-0.73090893,-0.60252142,-0.4702206,-0.34573099,-0.24342048,-0.16164801,-0.10321883,-0.069625638,-0.043588828,-0.022696359,-0.01175559,-0.003266654,0.0032287671,0.006210776,0.0068707191,0.0061455509,0.0032597182,-0.0031554452,-0.0097803585,-0.017323643,-0.024276242,-0.026169125,-0.026107643,-0.022118557,-0.012254138,0.0010598907,0.016530165,0,0,0,0,0.029975712,0.024646884,0.019282946,0.014148992,0.010068607,0.0075569469,0.0055289543,0.0039038805,0.0027846629,0.001943641,0.0013143051,0.00090869638,0.00060819887,0.00041086355,0.00029391615,0.00021727955,0.00017679736,0.00015797027,0.0001498388,0.00015086577,0.00015201748,0.00015370788,0.00015492858,0.00014951153,0.00014195226,0.00013235067,0.00011882714,0.00010426465,8.8015542e-05,6.9487171e-05,5.2622781e-05,0,0,0,-4.0399373e-06,-1.555058e-05,-2.5403086e-05,-3.198977e-05,-3.4323253e-05,-3.4880301e-05,-3.0237537e-05,-2.1995502e-05,-1.4038081e-05,-5.1267261e-06,2.595435e-06,7.8048206e-06,1.0446272e-05,6.3590542e-06,5.9240574e-07,-5.9754657e-06,-1.0092725e-05,-1.2648801e-05,-1.3814596e-05,-8.7561857e-06,-8.1332149e-07,7.9067022e-06,1.6032573e-05,2.3192506e-05,2.7921122e-05,2.7204225e-05,2.4540572e-05,1.9981586e-05,1.3141191e-05,5.460874e-06,-3.428946e-06,0,0,0
-0.51329999999999998,0,0,0,0,0,0,0,0,0,0,0,0,0,0,0,0,0,0,0,0,0,0,0,0,0,0,0,0,0,0,0,0,0,0,0,0,0,0,0,0,0,0,0,0,0,0,0,0,0,0,0,0,0,0,0,0,0,0,0,0,0,0,0,0,0,0,0,0,0,0,0,0,0,0,0,0,0,0,0,0,0,0,0,0,0,0,0,0,0,0,0,0,0,0,0,0,0,0,0,0,0,0,0,0,0,0,0,0,0,0,0,0,0,0,0,0,0,0,0,0
-0.46916000000000002,-0.0021874774,-0.0025374515,-0.0026990578,-0.0027433338,-0.0030521317,-0.0031765343,-0.0029104073,-0.0015973095,0.00061450992,0.0042067207,0.011106916,0.0019612499,-0.017416503,-0.07757473,0,0,0,-0.6320982,-0.70856565,-0.75235373,-0.76245594,-0.69474626,-0.55723488,-0.41218901,-0.29968658,-0.21228904,-0.13714206,-0.083375782,-0.057788171,-0.035172213,-0.018081218,-0.0074537816,5.3540803e-05,0.0057165297,0.0092366552,0.0091033336,0.0068895081,0.0029786776,-0.0048664082,-0.015794732,-0.025145041,-0.030797213,-0.034172066,-0.03236343,-0.024236668,-0.0079044905,0.0088231191,0.026410621,0,0,0,0,0.048659414,0.038256347,0.028887397,0.020808328,0.014458211,0.0095612872,0.0067015011,0.0047307471,0.0032383329,0.0022474031,0.0015498449,0.0010349298,0.00070937746,0.00050110812,0.00036127737,0.00028586225,0.00024697153,0.00022768033,0.00021994932,0.00021767651,0.00021843619,0.00021624353,0.00021101779,0.00020256944,0.00018902621,0.000172217,0.00015390692,0.00013591109,0.00011681069,9.708594e-05,7.9912257e-05,0,0,0,2.6504225e-05,1.7710281e-05,9.9761528e-06,6.7606798e-06,5.115895e-06,5.9411695e-06,9.2753025e-06,1.291385e-05,1.5580355e-05,1.6934704e-05,1.8181598e-05,1.5603342e-05,1.0206712e-05,4.48327e-06,-2.6534015e-06,-9.5667256e-06,-1.4041416e-05,-1.3421702e-05,-1.1148259e-05,-8.0722502e-06,-3.6279323e-07,7.3118636e-06,1.4050502e-05,1.8374883e-05,1.9845669e-05,1.9579273e-05,1.5979202e-05,1.0546409e-05,4.5287461e-06,-1.4741145e-06,-8.530069e-06,0,0,0
-0.42502000000000001,-0.0025626053,-0.0032708389,-0.0038942562,-0.0044361739,-0.005414973,-0.0058559249,-0.0056072474,-0.0053181672,-0.0032671131,0.0011834167,0.0045987852,-0.0069360584,-0.036834128,-0.083979301,0,0,0,-0.62948626,-0.70542049,-0.71431661,-0.69292545,-0.61149251,-0.49186429,-0.35984308,-0.25052324,-0.18085159,-0.11626183,-0.069936946,-0.049358606,-0.030549083,-0.01526628,-0.0050888928,0.0019060459,0.007291717,0.011024289,0.01070604,0.0083603673,0.0038342793,-0.0032375008,-0.01359858,-0.026323456,-0.032835383,-0.034805417,-0.035818055,-0.027775642,-0.0079305042,0.014365906,0.033410579,0,0,0,0,0.060743231,0.048150778,0.035338975,0.024135653,0.01638357,0.010743912,0.0070414492,0.0049976138,0.0034495788,0.0023415289,0.0016333789,0.0011016972,0.00073796452,0.00053333095,0.00039616859,0.00031399089,0.00027975708,0.00026165065,0.00025621703,0.00025375086,0.00025259022,0.00025028177,0.00024032358,0.00022779105,0.00021269132,0.00019294351,0.00017157015,0.00015148101,0.00013008637,0.00010783115,8.8088666e-05,0,0,0,3.8745748e-05,3.152317e-05,2.5081132e-05,2.2479784e-05,2.1803211e-05,2.1926217e-05,2.3528171e-05,2.6085903e-05,2.7654818e-05,2.6536352e-05,2.5202675e-05,2.162216e-05,1.284781e-05,5.0472586e-06,-1.3063468e-06,-6.9814441e-06,-1.1151278e-05,-1.1127038e-05,-8.1243679e-06,-4.381121e-06,1.8753607e-06,8.0883347e-06,1.2826453e-05,1.6224983e-05,1.6443139e-05,1.5187886e-05,1.2385068e-05,6.9740017e-06,8.8915021e-07,-5.2429004e-06,-9.7847596e-06,0,0,0
-0.38089000000000001,-0.0035133006,-0.0043928516,-0.0054064514,-0.0061681792,-0.0071822694,-0.0087144505,-0.0089663137,-0.0095781349,-0.01358734,-0.011668783,-0.0093228668,-0.022779651,-0.057026193,-0.11001507,0,0,0,-0.58370024,-0.65075094,-0.65298992,-0.61559302,-0.54501432,-0.42798054,-0.30588552,-0.20305732,-0.14509562,-0.098477915,-0.059859995,-0.039183419,-0.025389818,-0.011648446,-0.0017182846,0.0041758996,0.0091733029,0.0130562,0.013314866,0.011052994,0.0063506695,-0.0017128764,-0.012224196,-0.025025023,-0.037618943,-0.035012513,-0.030730035,-0.022657162,-0.002758912,0.020540608,0.043107919,0,0,0,0,0.066369191,0.0541678,0.04021091,0.028060973,0.018268734,0.012088626,0.007824949,0.005202611,0.0036008153,0.0024400698,0.001666208,0.0011398835,0.00077037932,0.00054795766,0.00041829393,0.00033922461,0.00030846853,0.00029726056,0.00029395722,0.00029462372,0.00029037806,0.00028384587,0.00027377013,0.00025717643,0.00023813057,0.00021312296,0.00018537507,0.00015969218,0.00013586134,0.00011405467,9.4314062e-05,0,0,0,4.8368503e-05,4.2838117e-05,3.8322651e-05,3.627126e-05,3.6471713e-05,3.7347683e-05,3.8551832e-05,4.0263585e-05,4.0221159e-05,3.5256082e-05,2.8990831e-05,2.2157428e-05,1.3855957e-05,5.4599063e-06,-4.073222e-07,-5.5451915e-06,-9.308962e-06,-8.0750169e-06,-4.851162e-06,-9.4543151e-07,3.764326e-06,8.7436738e-06,1.2284147e-05,1.4432133e-05,1.4887479e-05,1.2631028e-05,9.9289582e-06,6.6823495e-06,2.4692208e-06,-2.5328145e-06,-8.003637e-06,0,0,0
-0.33674999999999999,-0.0043213489,-0.0053177383,-0.0065495386,-0.0080991108,-0.010122217,-0.013547568,-0.01645112,-0.017632788,-0.022933245,-0.026323436,-0.024596993,-0.035242736,-0.083565325,-0.14861214,0,0,0,-0.58074027,-0.63560432,-0.62937188,-0.57995355,-0.49061757,-0.37093517,-0.2576057,-0.1640555,-0.1116207,-0.075016931,-0.046307266,-0.027984198,-0.017515689,-0.0078574661,0.0011003872,0.0063150739,0.011057993,0.015118554,0.016006416,0.013590405,0.0088330936,0.0010655214,-0.0092627872,-0.019135566,-0.029429954,-0.030125519,-0.024019964,-0.015270108,0.0016148372,0.025507987,0.049959604,0,0,0,0,0.072005391,0.059143133,0.045919292,0.032971952,0.020808727,0.013078766,0.0083702728,0.0054002618,0.0036363206,0.0024833933,0.0016816887,0.001147005,0.00078441465,0.0005584762,0.00043605652,0.00036977732,0.00034262214,0.00033578108,0.00033290568,0.0003348788,0.00033195192,0.00032152829,0.00030610705,0.00028320556,0.00025582875,0.00022607023,0.00019541124,0.00016715514,0.00014153928,0.00011879318,9.8202705e-05,0,0,0,5.5245237e-05,5.156414e-05,4.8914379e-05,4.8162306e-05,4.9695889e-05,5.0527247e-05,4.981114e-05,4.7964964e-05,4.4010849e-05,3.8331345e-05,3.1022646e-05,2.3295595e-05,1.4681804e-05,5.4933134e-06,1.1721783e-06,-1.7273074e-06,-3.5542928e-06,-2.0833663e-06,6.3345584e-07,3.7516388e-06,7.2522525e-06,1.1441617e-05,1.3996283e-05,1.5301819e-05,1.6270376e-05,1.5240181e-05,1.2978308e-05,9.5007917e-06,5.0996232e-06,-3.2768185e-08,-6.1499281e-06,0,0,0
-0.29260999999999998,-0.0052016764,-0.0068013687,-0.0089252032,-0.011397822,-0.013990041,-0.018102925,-0.023030182,-0.02557319,-0.03048265,-0.045695789,-0.054494325,-0.070037022,-0.13395283,-0.2045877,0,0,0,-0.61415613,-0.63562888,-0.59619802,-0.52634901,-0.42453533,-0.30979168,-0.20924082,-0.11893097,-0.072274111,-0.048151877,-0.033055179,-0.020177659,-0.012299344,-0.004822439,0.0031393915,0.008521473,0.012796311,0.016859874,0.018986994,0.017131567,0.013513262,0.0080261594,-0.0034727501,-0.012755741,-0.021492437,-0.02661629,-0.020087127,-0.0088440236,0.0065509817,0.02847608,0.050865039,0,0,0,0,0.080448605,0.062695861,0.048836075,0.035428286,0.022638874,0.013418066,0.0086445184,0.0056063198,0.0035866466,0.0024651336,0.001689976,0.0011338582,0.00079268706,0.00057285547,0.00044355018,0.00038861527,0.00036875394,0.00037090835,0.00037188802,0.00037509264,0.00037593109,0.0003586043,0.00033659465,0.00030997765,0.00027748113,0.00024320305,0.00020707377,0.00017248176,0.00014212057,0.00011427006,9.4136311e-05,0,0,0,5.8870792e-05,5.763532e-05,5.6785007e-05,5.6424647e-05,5.8545829e-05,5.8027941e-05,5.6491735e-05,5.4692526e-05,4.9390179e-05,4.2322819e-05,3.4146262e-05,2.6070236e-05,1.8230596e-05,1.0863286e-05,7.1348104e-06,4.7840786e-06,3.4403993e-06,4.2183556e-06,7.0276942e-06,9.7811317e-06,1.1931582e-05,1.516438e-05,1.7661259e-05,1.8749535e-05,1.9153857e-05,1.842165e-05,1.6062681e-05,1.2473491e-05,7.7967416e-06,3.7550044e-06,-1.3399695e-06,0,0,0
-0.24848000000000001,-0.0065635485,-0.0083707217,-0.010948143,-0.01388645,-0.017179508,-0.022303384,-0.030252011,-0.039251108,-0.048294567,-0.067303643,-0.090824179,-0.10514904,-0.1718902,-0.26563212,0,0,0,-0.621041,-0.63978124,-0.56764179,-0.49429008,-0.39142126,-0.24918963,-0.16559836,-0.097309403,-0.049443819,-0.034630943,-0.023268174,-0.013892626,-0.0070237881,-0.00063383067,0.0055181663,0.010675546,0.015050936,0.019427657,0.023074329,0.021764524,0.018324707,0.013407575,0.0037784236,-0.0080477372,-0.014702686,-0.017236799,-0.013934894,-0.001550078,0.014117777,0.034216832,0.054433122,0,0,0,0,0.080763698,0.062242337,0.047677293,0.036428679,0.024103053,0.014555367,0.0086099673,0.0056678355,0.0036471374,0.002413929,0.001674505,0.0011197829,0.00076762575,0.00056534243,0.00044615663,0.00039737206,0.0003964596,0.00041133392,0.00042096118,0.00042128065,0.00041820941,0.000402873,0.00037448853,0.00034130935,0.00029739543,0.00025158483,0.00020553314,0.00016268491,0.00013393168,0.00010774225,8.6212967e-05,0,0,0,6.0153088e-05,6.1629718e-05,6.283429e-05,6.2957362e-05,6.5202883e-05,6.6206456e-05,6.4049571e-05,6.0980088e-05,5.5297423e-05,4.6806788e-05,3.7721675e-05,3.0505566e-05,2.2935023e-05,1.6076481e-05,1.2602533e-05,1.0704993e-05,1.0232488e-05,1.1235222e-05,1.3778054e-05,1.5799991e-05,1.7325025e-05,1.9765024e-05,2.1693028e-05,2.2772136e-05,2.277434e-05,2.2578093e-05,2.1684747e-05,1.94596e-05,1.5104428e-05,9.9563995e-06,4.4148646e-06,0,0,0
-0.20433999999999999,-0.0075539984,-0.0095586246,-0.01281248,-0.017271988,-0.022582812,-0.029860694,-0.039627388,-0.051116638,-0.063002631,-0.084647097,-0.11471432,-0.14880075,-0.21555763,-0.32022068,0,0,0,-0.66564369,-0.67878568,-0.58638328,-0.47752091,-0.37402287,-0.23926832,-0.13721234,-0.081643239,-0.038330607,-0.018805426,-0.012265828,-0.0072617084,-0.0026548067,0.0022547245,0.0072687091,0.012368578,0.017024238,0.021718401,0.026497701,0.02590118,0.022674063,0.017559454,0.0099254707,-0.00041733764,-0.007423487,-0.0083116023,-0.004158156,0.0055262106,0.022069212,0.040325113,0.05518312,0,0,0,0,0.076949842,0.062374152,0.047036998,0.035504919,0.024743561,0.015232816,0.0088194022,0.0055328803,0.0035833763,0.0023126421,0.0015932455,0.0010729558,0.00073204632,0.00055299181,0.00046219822,0.00042025882,0.00042606128,0.00045112363,0.00046656281,0.00047179815,0.00046578521,0.00044583649,0.00040786501,0.00035902683,0.0003047224,0.00025341078,0.00020393956,0.00015550596,0.00012314189,9.7466604e-05,7.4640426e-05,0,0,0,5.8828446e-05,6.2693922e-05,6.6704262e-05,6.8646441e-05,7.1044888e-05,7.2914932e-05,7.0398964e-05,6.5360095e-05,5.9683152e-05,5.111481e-05,4.1385116e-05,3.422951e-05,2.6977767e-05,2.190514e-05,2.0153011e-05,1.9869376e-05,1.9326224e-05,1.9380412e-05,2.1654052e-05,2.3025888e-05,2.3911864e-05,2.539474e-05,2.7748039e-05,2.9883653e-05,3.1254713e-05,3.1225245e-05,2.9994379e-05,2.7513954e-05,2.2658791e-05,1.6625881e-05,1.0179012e-05,0,0,0
-0.16020000000000001,0,0,0,0,0,0,0,0,0,0,0,0,0,0,0,0,0,0,0,0,0,0,0,0,0,0,0,0,0,0,0,0,0,0,0,0,0,0,0,0,0,0,0,0,0,0,0,0,0,0,0,0,0,0,0,0,0,0,0,0,0,0,0,0,0,0,0,0,0,0,0,0,0,0,0,0,0,0,0,0,0,0,0,0,0,0,0,0,0,0,0,0,0,0,0,0,0,0,0,0,0,0,0,0,0,0,0,0,0,0,0,0,0,0,0,0,0,0,0,0
-0.11607000000000001,-0.010179292,-0.01369363,-0.017964914,-0.02328545,-0.031146836,-0.041583568,-0.056242056,-0.075667255,-0.098192632,-0.13183013,-0.17670467,-0.23432928,-0.31426522,-0.41479152,0,0,0,-0.70167118,-0.69991666,-0.60185558,-0.46043441,-0.32084998,-0.22690658,-0.11983093,-0.045536812,-0.027347997,-0.012003761,-0.0022202507,-0.00081042922,0.0022523454,0.0065118996,0.010276577,0.014721672,0.019298807,0.024014443,0.028981365,0.031235654,0.028529987,0.024881732,0.019967763,0.011094823,0.0036635795,0.000117413,0.0070341383,0.015216927,0.025449501,0.040370777,0.053171623,0,0,0,0,0.058408275,0.050147574,0.040924583,0.029849783,0.021744635,0.014122991,0.0087582357,0.0052903672,0.0032117548,0.0021114177,0.001398579,0.00096736348,0.00066288968,0.00048569369,0.00043772889,0.00044401834,0.00048246555,0.0005409189,0.00057456503,0.00058919337,0.00058509316,0.00054761325,0.00049224356,0.00041217695,0.00032221637,0.00023775657,0.00016341508,0.00010825807,6.4929474e-05,3.9392395e-05,2.958492e-05,0,0,0,5.2533705e-05,6.3474297e-05,7.2083181e-05,7.9347665e-05,8.3725994e-05,8.4125917e-05,8.28462e-05,7.912251e-05,7.3282928e-05,6.6737724e-05,5.9165475e-05,5.2749208e-05,4.8796966e-05,4.4696426e-05,4.0276835e-05,4.0783205e-05,4.0526415e-05,3.8811955e-05,3.9474577e-05,4.0976127e-05,4.202484e-05,4.3397395e-05,4.5459798e-05,4.7581099e-05,4.9494582e-05,4.9113143e-05,4.6460955e-05,4.2319083e-05,3.5946177e-05,2.7723348e-05,1.9227624e-05,0,0,0
-0.071929999999999994,-0.011145086,-0.015075321,-0.020665385,-0.027587997,-0.036797948,-0.048978552,-0.065020978,-0.085973911,-0.11193663,-0.14700067,-0.19917813,-0.26185942,-0.3384313,-0.44889009,0,0,0,-0.72393936,-0.70495731,-0.6156854,-0.46939388,-0.32757887,-0.22098114,-0.12911265,-0.055748962,-0.021395475,-0.010948636,-0.0023945873,0.0013209458,0.0032788469,0.007039832,0.010936618,0.015273415,0.020141426,0.025035355,0.029923903,0.032533668,0.028094914,0.021511957,0.015313404,0.0087902322,0.0045547266,0.0030096062,0.0089498088,0.019517271,0.029553594,0.040445406,0.047894053,0,0,0,0,0.049984924,0.041944746,0.034170769,0.027340988,0.020678874,0.013330029,0.0084429868,0.0052084373,0.0030952198,0.001922347,0.0012657688,0.00087851315,0.00061300414,0.00047559181,0.00043508233,0.0004581642,0.00051260222,0.00058617629,0.00063903898,0.00065350346,0.00065035548,0.00060365611,0.00051781849,0.0004178735,0.00031350664,0.00021906123,0.00013359636,7.1362461e-05,2.7011505e-05,1.5924488e-06,-3.7226782e-06,0,0,0,4.5898014e-05,6.1528255e-05,7.3281743e-05,8.3063242e-05,9.1070789e-05,9.3908733e-05,9.273734e-05,8.9833542e-05,8.4311236e-05,7.7554199e-05,7.0418217e-05,6.3307074e-05,5.9743594e-05,5.6729317e-05,5.2360992e-05,5.1181974e-05,5.1083771e-05,4.9660004e-05,4.9099712e-05,5.0244918e-05,5.1414743e-05,5.3403292e-05,5.5944503e-05,5.8145819e-05,5.9571717e-05,5.9009002e-05,5.5498374e-05,5.029462e-05,4.3455566e-05,3.389101e-05,2.3681336e-05,0,0,0
-0.027789999999999999,-0.012960585,-0.01710237,-0.023245886,-0.031121787,-0.040225901,-0.053556308,-0.071416162,-0.09505593,-0.12695749,-0.16665754,-0.22186761,-0.28604019,-0.35869265,-0.48046213,0,0,0,-0.71894926,-0.66944009,-0.59512836,-0.45972815,-0.32653168,-0.199417,-0.1171653,-0.060733654,-0.020297503,-0.010993344,-0.0043765688,0.0018645269,0.0040649883,0.0073930249,0.011371238,0.015535962,0.019853823,0.024171948,0.026210714,0.026945341,0.024267187,0.017741233,0.011770928,0.0064084884,0.0044953609,0.0041240612,0.0072173923,0.017277176,0.028415684,0.039297473,0.04368367,0,0,0,0,0.043603905,0.037529964,0.0285802,0.024463428,0.018784698,0.012279832,0.0074233059,0.0047505205,0.0030395142,0.0017800772,0.0011904475,0.00082283531,0.00054201653,0.00043345813,0.00041430356,0.00044834623,0.00053554535,0.00064050971,0.00073728547,0.00074519968,0.00072455034,0.00067565055,0.00057004299,0.00044860522,0.00031668073,0.0001904868,8.5326166e-05,-1.7918828e-06,-3.8052396e-05,-4.8111098e-05,-4.8820184e-05,0,0,0,3.8311919e-05,6.1111386e-05,8.0885024e-05,9.1396912e-05,9.9298413e-05,0.00010547451,0.00010344417,9.9872705e-05,9.579699e-05,8.9498877e-05,8.3193365e-05,7.7218669e-05,7.2937146e-05,6.9216097e-05,6.6192013e-05,6.3121865e-05,6.1991559e-05,6.1236024e-05,5.9566457e-05,6.0698305e-05,6.2661558e-05,6.4975218e-05,6.7506728e-05,6.9512396e-05,7.0332258e-05,6.9383874e-05,6.5085405e-05,5.7065263e-05,4.8149093e-05,3.6770754e-05,2.638162e-05,0,0,0
0.01634,-0.014110832,-0.018763449,-0.024408557,-0.033586346,-0.044938341,-0.058824122,-0.08060313,-0.10685436,-0.13790669,-0.17981456,-0.23723511,-0.30434281,-0.37482262,-0.47115648,0,0,0,-0.70158291,-0.63974321,-0.55642259,-0.43112117,-0.31384546,-0.20751311,-0.11466213,-0.06895297,-0.033842355,-0.011003612,-0.0051899697,0.00033286388,0.004980199,0.0075399512,0.010978349,0.01485387,0.018122662,0.021682765,0.024822842,0.023988228,0.020619752,0.015626686,0.0055601574,-0.0017417637,-0.0055789854,-0.0017897575,0.0057337913,0.012763167,0.02600427,0.038630217,0.042602323,0,0,0,0,0.033591006,0.033523835,0.024155576,0.018805336,0.016712457,0.011828156,0.0072827302,0.0045456984,0.0030204835,0.0017580902,0.0010599644,0.00072403223,0.00047118391,0.00036900787,0.00040497366,0.00049154571,0.00059999555,0.00071711582,0.00082754344,0.00086159608,0.00082510075,0.00075820117,0.00061935734,0.00044276606,0.0002598548,9.6230084e-05,1.762879e-06,-7.4595257e-05,-0.00012064925,-0.0001159017,-9.9155812e-05,0,0,0,3.8428043e-05,6.3395164e-05,8.4748317e-05,0.00010029923,0.00010797849,0.00011409846,0.00011620075,0.00011258723,0.00010859942,0.00010418477,9.7567914e-05,9.1487513e-05,8.7488115e-05,8.2881998e-05,7.8212885e-05,7.4424664e-05,7.1769871e-05,7.0391849e-05,6.9757014e-05,7.1118491e-05,7.3280877e-05,7.6069744e-05,7.8778161e-05,8.0325211e-05,7.9973492e-05,7.6893288e-05,7.0646063e-05,6.2400512e-05,5.2472042e-05,4.0494309e-05,2.8987064e-05,0,0,0
0.060479999999999999,-0.014787689,-0.020510908,-0.027246457,-0.036670655,-0.049510986,-0.064236276,-0.084851526,-0.11377361,-0.14632103,-0.18848038,-0.24634077,-0.31106919,-0.37701905,-0.4535546,0,0,0,-0.65104949,-0.60956913,-0.51991934,-0.40796432,-0.30058572,-0.20658861,-0.12087404,-0.064404108,-0.036079679,-0.015907815,-0.0052875322,-0.00067855639,0.0039354144,0.0074391607,0.01050071,0.014352304,0.017714793,0.020333113,0.022189917,0.018735349,0.0099549256,0.001771439,-0.0061820457,-0.01239885,-0.015515545,-0.01057471,0.0017241784,0.01120805,0.023897951,0.03833466,0.044592049,0,0,0,0,0.026654325,0.026788555,0.022891812,0.01744711,0.014913907,0.011916251,0.0073765218,0.0043244925,0.0027706099,0.0016467125,0.0009555727,0.00062724267,0.00044060574,0.00034220255,0.00038783281,0.00051243592,0.00064519513,0.00078655267,0.0009169355,0.00098693417,0.00094508554,0.00081764749,0.00063643954,0.00042901543,0.0002212422,1.8368879e-05,-9.3999435e-05,-0.00016480434,-0.00020622282,-0.00018965086,-0.00014587301,0,0,0,3.3688768e-05,6.3883737e-05,8.9462497e-05,0.00011058604,0.00012146799,0.00012669929,0.00012979943,0.00012711895,0.00012203326,0.0001185571,0.00011258693,0.00010457405,9.8718643e-05,9.2642847e-05,8.6835797e-05,8.3050509e-05,8.1183884e-05,7.9690879e-05,7.9448211e-05,8.1059276e-05,8.3695893e-05,8.6884174e-05,8.9334477e-05,9.001149e-05,8.9289926e-05,8.5684333e-05,7.7878765e-05,6.8838104e-05,5.7878235e-05,4.5377696e-05,3.3212913e-05,0,0,0
0.10462,-0.015803374,-0.021875221,-0.029385176,-0.038105335,-0.051541984,-0.068075977,-0.087828562,-0.11938139,-0.1562613,-0.19592182,-0.25108951,-0.31449306,-0.38030219,-0.44456792,0,0,0,-0.57630861,-0.55268073,-0.47292879,-0.36929035,-0.2642687,-0.18011007,-0.11537089,-0.061167281,-0.037360318,-0.020784022,-0.0064602345,-0.0010406503,0.0030605337,0.0073323706,0.010274328,0.013157448,0.01627418,0.015494729,0.013746222,0.011883151,0.0014197095,-0.0090114903,-0.016351489,-0.021875978,-0.023479305,-0.019654188,-0.0026842058,0.011710449,0.022155678,0.036952183,0.045687787,0,0,0,0,0.027622545,0.024168752,0.023163725,0.017692944,0.013917582,0.011513719,0.0073801233,0.0044597667,0.0025550367,0.0016017827,0.00091577362,0.00050363533,0.00036394806,0.00029444351,0.00032825151,0.0005181373,0.00072076812,0.00093753438,0.0010858807,0.001146835,0.0011230091,0.00094851176,0.00071598985,0.00045153574,0.00016221416,-9.9639161e-05,-0.0002834319,-0.00031814454,-0.00031498703,-0.00028568431,-0.00021714339,0,0,0,3.5867131e-05,7.8686819e-05,0.00010393975,0.0001233675,0.00013826936,0.00014143068,0.00014305278,0.0001427972,0.00013537347,0.00012939385,0.00012356111,0.00011451109,0.00010736127,0.00010268785,9.6329066e-05,9.1425536e-05,9.0636284e-05,8.9042362e-05,8.9128662e-05,9.1500748e-05,9.4251387e-05,9.7471362e-05,0.00010080971,0.00010069759,9.917131e-05,9.5206924e-05,8.4968182e-05,7.3775598e-05,6.2349929e-05,5.0366627e-05,3.8122074e-05,0,0,0
0.14874999999999999,-0.016757017,-0.022002565,-0.030531425,-0.040720847,-0.053116933,-0.072445452,-0.094178319,-0.12054794,-0.1605486,-0.2028423,-0.25085306,-0.31203741,-0.36964881,-0.42057294,0,0,0,-0.51232648,-0.47207713,-0.41276708,-0.32648453,-0.24176559,-0.16938886,-0.11632849,-0.06940446,-0.036110237,-0.021588154,-0.0093877902,-0.0006003934,0.0027203856,0.0061080134,0.0096250437,0.0113222,0.01323824,0.014197178,0.0095843635,0.0050466214,-0.0022638696,-0.017372958,-0.027718827,-0.032496389,-0.031668086,-0.025703808,-0.012130267,0.0081821401,0.021531738,0.035086151,0.048582826,0,0,0,0,0.031431705,0.024995752,0.021439085,0.018849138,0.014387317,0.011295638,0.0074556619,0.0046374868,0.0027072334,0.0014570503,0.00082584977,0.0004249386,0.00025712812,0.00026391802,0.00037261477,0.00058259827,0.0008282545,0.001070593,0.0012829432,0.0013476044,0.0012949619,0.0011060243,0.00073957886,0.00033215905,-4.3498381e-05,-0.00029599096,-0.00046592642,-0.00052700809,-0.00047194492,-0.00039055306,-0.00028373941,0,0,0,4.7253456e-05,9.0274058e-05,0.00012138419,0.00013859023,0.00015197061,0.00015841601,0.00015713302,0.00015409163,0.00014825849,0.00014035546,0.00013352169,0.0001258695,0.00011724939,0.00011080877,0.00010460228,9.8793287e-05,9.7275748e-05,9.7594668e-05,9.8220429e-05,0.00010071182,0.0001044115,0.00010775701,0.0001106216,0.0001102554,0.00010628303,0.00010069391,9.1370865e-05,7.9159385e-05,6.6910754e-05,5.4846249e-05,4.259772e-05,0,0,0
0.19289000000000001,-0.017592315,-0.023418846,-0.03155911,-0.042800471,-0.055499874,-0.073075891,-0.096879125,-0.12326674,-0.15917619,-0.2036736,-0.24844912,-0.30031997,-0.35320076,-0.3983455,0,0,0,-0.46010295,-0.41472507,-0.3641195,-0.2981191,-0.22156195,-0.15477899,-0.10276282,-0.064217389,-0.036372039,-0.020341408,-0.010737501,-0.0024364628,0.002570576,0.0054469225,0.0088536404,0.010991165,0.01179317,0.011959534,0.006904345,-0.0029314503,-0.012781225,-0.025135413,-0.037163533,-0.043460879,-0.04222589,-0.033958569,-0.017418357,0.00676399,0.025804788,0.040778115,0.052846417,0,0,0,0,0.033214334,0.028240252,0.022465032,0.018828059,0.015444011,0.011726316,0.0075522559,0.0045193788,0.0027192214,0.0014545694,0.00071930944,0.00038127447,0.00020511159,0.00020887886,0.00036790481,0.00061201368,0.0009008362,0.0012068106,0.0015390897,0.0016905114,0.0015367439,0.001259004,0.00081493659,0.00030631377,-0.00018284739,-0.00050980796,-0.00067834766,-0.00071869424,-0.00062137732,-0.00046377719,-0.0003233169,0,0,0,5.9849226e-05,0.0001064685,0.00014270609,0.00016151958,0.00017096236,0.00017630882,0.00017433157,0.00016844828,0.00016190042,0.00015322831,0.00014315262,0.00013361145,0.00012299219,0.00011555645,0.00010997585,0.0001050955,0.00010328175,0.00010458558,0.00010651895,0.00010953996,0.00011373612,0.00011677842,0.00011873977,0.00011881368,0.00011471652,0.0001078784,9.8603981e-05,8.5685962e-05,7.302437e-05,6.1803948e-05,5.0982948e-05,0,0,0
0.23702999999999999,-0.01800118,-0.024333453,-0.031596228,-0.043019343,-0.056921273,-0.072621465,-0.097384572,-0.12620769,-0.15634687,-0.19979851,-0.24499989,-0.29124367,-0.33991987,-0.37730211,0,0,0,-0.40694714,-0.36422491,-0.30982637,-0.25096992,-0.18488872,-0.13351735,-0.091060832,-0.06176623,-0.039001688,-0.020443289,-0.010663457,-0.0033927097,0.0026859823,0.0055728555,0.0079333978,0.010654966,0.0094709601,0.0068283929,0.0050656898,-0.0066376459,-0.020027393,-0.030447179,-0.04312291,-0.047899283,-0.046517853,-0.032571968,-0.01345011,0.0074915541,0.02748617,0.044518381,0.056052409,0,0,0,0,0.034813199,0.032191113,0.025542188,0.020326423,0.016683377,0.012624191,0.0082309321,0.0043625385,0.0026508868,0.0015109181,0.00057612947,0.00026416895,0.00012606804,8.8625617e-05,0.000339024,0.00071321346,0.0011583426,0.0015409696,0.0018876957,0.0021876232,0.0019445445,0.0015446602,0.00102704,0.00031500065,-0.00032204419,-0.00085113756,-0.00097567309,-0.0009310717,-0.00081830227,-0.00059474469,-0.00040143746,0,0,0,0.00010147937,0.00014137702,0.00017073516,0.00019135741,0.00019559934,0.00019626261,0.00019478792,0.00018374159,0.00017238912,0.00016173042,0.00015007055,0.00013912709,0.00012917751,0.00012061957,0.00011465536,0.00011113478,0.0001097942,0.0001119798,0.00011591726,0.00011878869,0.00012262122,0.00012683572,0.0001279906,0.00012739944,0.00012422369,0.00011516851,0.00010495963,9.2131755e-05,7.9813544e-05,6.906288e-05,5.69484e-05,0,0,0
0.28116999999999998,-0.017522668,-0.024474913,-0.032558475,-0.042307254,-0.057779416,-0.074642755,-0.094251148,-0.12535605,-0.15714055,-0.19141528,-0.23678017,-0.27836227,-0.31510741,-0.34545994,0,0,0,-0.34406447,-0.31360316,-0.26465386,-0.21604326,-0.17000702,-0.12618823,-0.088023141,-0.056669563,-0.036734529,-0.020611307,-0.0087534282,-0.0032419844,0.0015981467,0.0054536848,0.0069982521,0.0089811115,0.010097853,0.0051063928,0.0011536997,-0.0045750365,-0.020780634,-0.033358395,-0.040562056,-0.045090407,-0.043486409,-0.035811171,-0.01372035,0.010100982,0.025695384,0.045727894,0.058282666,0,0,0,0,0.039073281,0.034611441,0.029316872,0.021957776,0.016551834,0.012298856,0.0084296511,0.0046861526,0.0022964936,0.0013375444,0.0005264997,0.0001007037,6.5931083e-05,0.00014545098,0.00038637972,0.00083846209,0.0013776685,0.001864384,0.002238289,0.0025623785,0.0025053695,0.0018706005,0.0010650386,0.00018550816,-0.00051078643,-0.0010748687,-0.0013789639,-0.0012457115,-0.0010114675,-0.0006845725,-0.00039704883,0,0,0,0.00014327328,0.00018652185,0.00020675284,0.00022009108,0.00022388273,0.00021717009,0.00020922124,0.0001990172,0.00018433669,0.00017029815,0.00015885313,0.00014628751,0.00013482975,0.00012649811,0.00012085371,0.00011775532,0.00011706997,0.00011938162,0.00012342968,0.00012809395,0.00013163079,0.00013461293,0.00013608938,0.00013352533,0.00012889759,0.00012221799,0.00011211934,9.8539305e-05,8.6035609e-05,7.5584292e-05,6.4557127e-05,0,0,0
0.32529999999999998,0,0,0,0,0,0,0,0,0,0,0,0,0,0,0,0,0,0,0,0,0,0,0,0,0,0,0,0,0,0,0,0,0,0,0,0,0,0,0,0,0,0,0,0,0,0,0,0,0,0,0,0,0,0,0,0,0,0,0,0,0,0,0,0,0,0,0,0,0,0,0,0,0,0,0,0,0,0,0,0,0,0,0,0,0,0,0,0,0,0,0,0,0,0,0,0,0,0,0,0,0,0,0,0,0,0,0,0,0,0,0,0,0,0,0,0,0,0,0,0
0.36943999999999999,-0.018213294,-0.023555439,-0.032087304,-0.04251007,-0.05410732,-0.071969025,-0.092419446,-0.11367735,-0.14518543,-0.17763695,-0.20744202,-0.24422958,-0.27437943,-0.29355317,0,0,0,-0.26778623,-0.23651215,-0.20540456,-0.16320673,-0.12636948,-0.097034767,-0.071195647,-0.04874742,-0.030792881,-0.01900577,-0.0096990615,-0.0022025653,0.001795515,0.0046144165,0.0072813025,0.0077889804,0.0080531249,0.008533421,0.0010132078,-0.006062136,-0.011303771,-0.026353648,-0.034322228,-0.034997143,-0.027433224,-0.019516546,-0.0089475019,0.017495424,0.037416674,0.046298839,0.057834923,0,0,0,0,0.038402669,0.032649752,0.027161451,0.022202974,0.016856726,0.011808004,0.0073479209,0.0043941326,0.0023020585,0.00085849053,0.000310765,-5.3282238e-05,-0.0002354462,3.7119778e-05,0.0005048734,0.0011545647,0.0020456645,0.0029318235,0.0037771724,0.0040233079,0.0039051778,0.00329045,0.0018882294,0.00045331655,-0.00078454474,-0.0013335984,-0.0015734041,-0.0015258498,-0.0011057522,-0.00067870249,-0.00027384533,0,0,0,0.00028596268,0.00030327588,0.0003098436,0.00030039682,0.00028947636,0.0002750979,0.00025096323,0.00023026732,0.00021091147,0.0001898067,0.00017284958,0.00015951894,0.00014692945,0.00013711127,0.00013238835,0.0001298322,0.00012986948,0.00013369434,0.00013726627,0.00014201464,0.0001476692,0.00014876998,0.00014990757,0.00014953325,0.00014055912,0.00013182705,0.00012369173,0.00010994612,9.5921525e-05,8.4375759e-05,7.8242359e-05,0,0,0
0.41358,-0.017873669,-0.02359019,-0.03038352,-0.041417889,-0.053673744,-0.067277804,-0.08893925,-0.11124171,-0.13481914,-0.16708678,-0.19474056,-0.21889177,-0.24571818,-0.26286751,0,0,0,-0.23686321,-0.20462403,-0.17685373,-0.14775723,-0.11406203,-0.087080963,-0.063259043,-0.043280058,-0.027271759,-0.015549145,-0.0085720988,-0.0026242048,0.0018442683,0.0042290664,0.0064781234,0.0085537694,0.0079522273,0.0075419727,0.0061990642,-0.0018807793,-0.0070662908,-0.011839096,-0.020606894,-0.022689931,-0.017709933,-0.0078524277,0.0019325991,0.015810745,0.037083972,0.044012867,0.046872236,0,0,0,0,0.033373095,0.031084636,0.02495626,0.019263931,0.014900087,0.010611134,0.006791654,0.0034393712,0.001791873,0.00067534676,5.2571624e-05,-0.00014197512,-0.00016828772,3.2981974e-05,0.00061621063,0.0013964662,0.0023881893,0.0034283157,0.004377638,0.0050469274,0.0047633005,0.0037265024,0.0023670192,0.00075649755,-0.00064283394,-0.00156766,-0.0017435993,-0.0015312769,-0.0010229733,-0.00047206666,-3.7058453e-05,0,0,0,0.00039953616,0.00039152073,0.00037227664,0.00034838624,0.00032275351,0.00029743643,0.00027172267,0.00024593348,0.00022266535,0.00020081192,0.0001811148,0.00016555794,0.00015300165,0.00014310579,0.00013847627,0.00013662661,0.00013659424,0.00013982522,0.00014480384,0.00014899744,0.0001524642,0.00015416693,0.00015240416,0.00015072909,0.0001451891,0.00013560404,0.00012690396,0.00011633162,0.00010101194,8.5667067e-05,7.601644e-05,0,0,0
0.45771000000000001,-0.017146977,-0.023144564,-0.029833436,-0.039127059,-0.051938307,-0.065245926,-0.082605228,-0.10494934,-0.1263445,-0.15116005,-0.17884713,-0.20100144,-0.22162205,-0.23694558,0,0,0,-0.20634377,-0.18044797,-0.1536355,-0.12684169,-0.098594189,-0.073381022,-0.053601079,-0.03787547,-0.025323287,-0.015396855,-0.0079705305,-0.0025591396,0.0017038882,0.0045896573,0.0064016199,0.008401759,0.0091123367,0.008096952,0.0080733895,0.0057940558,-8.6455257e-05,-0.0033012026,-0.0071986793,-0.0099957604,-0.0065262425,0.0019512051,0.01072742,0.018153353,0.0317217,0.039403982,0.040665865,0,0,0,0,0.022850662,0.022957742,0.020173617,0.015641108,0.011855656,0.008332571,0.0054548727,0.0028834557,0.0013294755,0.00056353793,-3.1388157e-05,-0.00029619923,-0.00022923009,-5.771959e-06,0.00055751216,0.001545564,0.0028673948,0.0042378795,0.0052114353,0.0060046124,0.0059248894,0.0046056556,0.0030027831,0.0012268682,-0.00030833634,-0.0013049957,-0.0014499904,-0.0010572593,-0.00057959539,-0.0001036023,0.00026544341,0,0,0,0.00051241776,0.00047815751,0.0004355986,0.0003965408,0.00036261126,0.00032834685,0.00029639079,0.00026576233,0.00023523159,0.00020888772,0.00018650241,0.00017050187,0.00015814316,0.00014884933,0.00014391524,0.00014265072,0.00014268506,0.0001439023,0.00014800689,0.000151259,0.00015420208,0.00015726835,0.0001566689,0.00015406511,0.00015022539,0.00013970518,0.00012640945,0.00011368954,9.6048578e-05,8.0995262e-05,7.0202128e-05,0,0,0
0.50185000000000002,-0.016327586,-0.022083377,-0.029005801,-0.036566406,-0.04852498,-0.062112544,-0.07573802,-0.096624449,-0.11881968,-0.13815983,-0.16371326,-0.18400963,-0.19787076,-0.20805919,0,0,0,-0.17672062,-0.15469626,-0.12993701,-0.10721833,-0.085970037,-0.066116892,-0.049260467,-0.034425706,-0.022677535,-0.013870082,-0.0064573744,-0.0015113429,0.0017425339,0.004689218,0.0061209425,0.0075956201,0.010407917,0.009781044,0.0086465655,0.012586901,0.0084647741,0.005669957,0.0067043779,0.0062016957,0.0083005466,0.011283017,0.018319223,0.024432339,0.02647632,0.032250188,0.030885285,0,0,0,0,0.011163813,0.013341832,0.013974857,0.011550751,0.0090607395,0.0065152384,0.0044930712,0.0025959606,0.00087624125,0.00021626451,-0.00022803521,-0.00057099748,-0.00035520821,7.9614329e-05,0.00073286402,0.0019264589,0.0034310096,0.0052189403,0.0061895605,0.0069142799,0.0073947841,0.0057190349,0.0036688137,0.0016966977,0.00020589656,-0.00073542201,-0.0011642292,-0.0007079647,-0.00018310759,0.00034811726,0.00066330424,0,0,0,0.00064217474,0.00058466184,0.00051885977,0.00045900827,0.00040893361,0.00035897683,0.00031449419,0.00027695653,0.00024413234,0.0002156829,0.00019201657,0.00017524094,0.00016260044,0.00015320277,0.00014683242,0.00014432034,0.00014476311,0.00014547337,0.00014919721,0.00015489908,0.00015728122,0.00015980485,0.00016084523,0.00015395414,0.00014607522,0.00013724822,0.00012278499,0.00010986964,9.3740622e-05,7.8334539e-05,6.7604749e-05,0,0,0
0.54598999999999998,-0.015972709,-0.020358445,-0.027440893,-0.035156973,-0.044053406,-0.058156624,-0.072135702,-0.087261602,-0.10894226,-0.12685496,-0.1428242,-0.16194308,-0.174927,-0.18255663,0,0,0,-0.15228982,-0.13309759,-0.115737,-0.094915777,-0.07530278,-0.057752028,-0.042564671,-0.029316278,-0.018570114,-0.011960254,-0.0062098559,-0.0014050332,0.0015437801,0.0041461522,0.0063776542,0.0073190043,0.0097493194,0.012501809,0.011208141,0.014253541,0.019379506,0.016883574,0.017068751,0.020553049,0.022571512,0.025808211,0.021894652,0.024299737,0.021276424,0.014249628,0.014205765,0,0,0,0,0.0011990906,0.0043446398,0.0072164582,0.0075896503,0.0059855194,0.0044035399,0.0026410013,0.0014241119,0.00032041283,-0.00021615341,-0.00039405396,-0.00051581301,-0.00040918679,0.00013789115,0.00091334787,0.0020708002,0.0037436704,0.005732147,0.0071992567,0.0076148314,0.0076478077,0.0066944789,0.0044057183,0.0022680068,0.00051506632,-0.0003792533,-0.00062175625,-0.00017311805,0.00048748474,0.000954844,0.001239899,0,0,0,0.00081947399,0.00070162566,0.00059706904,0.00050846103,0.00043979354,0.0003842531,0.00033379364,0.00028995296,0.00025501035,0.00022415214,0.00019678273,0.00017733546,0.00016336917,0.00015352495,0.00014768011,0.00014512675,0.00014553123,0.00014784743,0.00015079233,0.00015378701,0.0001565984,0.00015564887,0.0001552738,0.00015288289,0.00014411534,0.00013397989,0.00012311628,0.00010645543,8.1930812e-05,5.891822e-05,4.1526204e-05,0,0,0
0.59011999999999998,-0.015307859,-0.019576784,-0.025390545,-0.033263374,-0.041699354,-0.052724391,-0.066231169,-0.079404205,-0.095777787,-0.11387601,-0.12857287,-0.1428488,-0.15503469,-0.16106483,0,0,0,-0.132993,-0.11494768,-0.098198958,-0.081152283,-0.063064933,-0.048194766,-0.03685566,-0.026574811,-0.017529741,-0.010833481,-0.0056758253,-0.0011976667,0.002017319,0.0042223888,0.0061342325,0.0072641158,0.0091061871,0.012562783,0.014435224,0.016490895,0.023419693,0.027517579,0.027659241,0.029503383,0.031422865,0.031077314,0.023407858,0.018643256,0.014600522,0.0040340461,-0.0028847586,0,0,0,0,-0.0083252117,-0.0047089234,-0.00034147908,0.001849873,0.0017552705,0.0015024885,0.0011393941,0.00060187536,8.6650063e-05,-0.0003809632,-0.00060197996,-0.0006150892,-0.00048315595,1.2817298e-05,0.00096132938,0.0023219325,0.0040979949,0.0061416994,0.0079186214,0.008579175,0.0083539933,0.0075757364,0.0053996583,0.0030205764,0.0012258042,0.00040358724,0.00036157999,0.00078950834,0.001384437,0.0017031275,0.0019029824,0,0,0,0.00095337577,0.00079466793,0.00066697947,0.00056291115,0.00048001242,0.00041540008,0.0003573221,0.000303037,0.00026090478,0.00022618737,0.00019795072,0.0001773538,0.000163317,0.00015344724,0.00014781221,0.00014520145,0.00014355543,0.00014456309,0.00014619286,0.00014873693,0.00015310444,0.00015373633,0.00015233108,0.00015224724,0.00014244576,0.00012438498,0.00010722866,8.5275809e-05,5.9618331e-05,3.5617064e-05,1.8410301e-05,0,0,0
0.63426000000000005,-0.01435624,-0.018666258,-0.023330575,-0.03038064,-0.038572174,-0.047222972,-0.059526172,-0.072636828,-0.085249871,-0.1018056,-0.11519643,-0.12482508,-0.1337003,-0.1385089,0,0,0,-0.11364084,-0.09734717,-0.08257965,-0.070166379,-0.056279507,-0.043111444,-0.032727078,-0.023464698,-0.015354557,-0.008812245,-0.0042608189,-0.00088131533,0.0020805206,0.0038001912,0.0054169549,0.0071579246,0.0087164678,0.011814309,0.016674671,0.018838955,0.024737943,0.033354171,0.034547701,0.034880888,0.036145333,0.03547005,0.028017558,0.014617648,0.0072313664,-0.004487786,-0.018733848,0,0,0,0,-0.019789983,-0.014901359,-0.0076133944,-0.0027970797,-0.00046786762,0.00024858254,0.00031674482,-6.6617678e-05,-0.0004065203,-0.00069713616,-0.00094081077,-0.00078804657,-0.00045620988,4.3075735e-05,0.0011154319,0.0026097489,0.0044839745,0.0065664863,0.0084753204,0.0098101404,0.0090966001,0.0079524601,0.0059141023,0.003678001,0.0020511239,0.0010319253,0.0010850311,0.0016101835,0.0023820554,0.0024674493,0.0023885292,0,0,0,0.0011072856,0.00091166608,0.00075754436,0.00062197994,0.00051471434,0.00043479336,0.00036683376,0.00030988565,0.00026465076,0.0002278731,0.00019890055,0.00017704321,0.00016199268,0.00015062308,0.0001429267,0.00014034074,0.00013838305,0.0001389884,0.00014278774,0.00014498641,0.0001489086,0.00015190846,0.00014533622,0.00013879122,0.00013240866,0.00011121304,9.1019894e-05,7.2834351e-05,4.4981105e-05,1.7137838e-05,-1.6567554e-05,0,0,0
0.6784,0,0,0,0,0,0,0,0,0,0,0,0,0,0,0,0,0,0,0,0,0,0,0,0,0,0,0,0,0,0,0,0,0,0,0,0,0,0,0,0,0,0,0,0,0,0,0,0,0,0,0,0,0,0,0,0,0,0,0,0,0,0,0,0,0,0,0,0,0,0,0,0,0,0,0,0,0,0,0,0,0,0,0,0,0,0,0,0,0,0,0,0,0,0,0,0,0,0,0,0,0,0,0,0,0,0,0,0,0,0,0,0,0,0,0,0,0,0,0,0
0.72253000000000001,-0.012303075,-0.015748896,-0.02046684,-0.025318259,-0.031445619,-0.039416939,-0.047165889,-0.056256402,-0.067094684,-0.076812297,-0.085891172,-0.094539471,-0.099723473,-0.10194343,0,0,0,-0.082319729,-0.072680302,-0.061159495,-0.050118674,-0.040803153,-0.031982835,-0.024115546,-0.017558834,-0.011816952,-0.0069881524,-0.003318171,-0.00040238211,0.0018486412,0.0034465068,0.0046571405,0.0056587076,0.0072549628,0.0098461453,0.013318315,0.018334726,0.025852101,0.032499831,0.039096847,0.041402765,0.038082145,0.032436531,0.023804991,0.0081566088,-0.011560449,-0.028796209,-0.038982399,0,0,0,0,-0.031043623,-0.023937581,-0.014466953,-0.0086386632,-0.0051568164,-0.0028904071,-0.0017729299,-0.0012805697,-0.0011463882,-0.0011203913,-0.0010371825,-0.00094131066,-0.00058903656,0.00013056563,0.0010843107,0.0025499894,0.0044996897,0.006685765,0.0085915681,0.009181832,0.0094282646,0.0085300542,0.0063463775,0.0043275994,0.0030683985,0.0026501985,0.0026607714,0.0031756,0.0038454775,0.0040964168,0.003777504,0,0,0,0.0013785588,0.0010645635,0.00086085976,0.00069760357,0.00056731328,0.00047035812,0.0003880735,0.00031932077,0.00026525679,0.00022451801,0.00019176293,0.00016701271,0.00015109638,0.00014029922,0.0001320868,0.00012725312,0.00012690881,0.00012687717,0.00012755256,0.0001322747,0.00013371861,0.00013281697,0.00013328728,0.00012169194,0.00010105478,7.8560763e-05,4.3336382e-05,2.1132255e-06,-3.6812875e-05,-8.1620834e-05,-0.00012017214,0,0,0
0.76666999999999996,-0.011546453,-0.014276926,-0.018393194,-0.023053732,-0.027833926,-0.034822185,-0.042414613,-0.049340662,-0.058741231,-0.067446008,-0.073728375,-0.080244444,-0.08472544,-0.086632319,0,0,0,-0.068874307,-0.060902983,-0.052653205,-0.043918721,-0.035689063,-0.027974073,-0.020772735,-0.014867034,-0.0096267005,-0.0054338309,-0.0027525276,-0.00041321362,0.00123047,0.0025885128,0.0039635934,0.0049030739,0.006059939,0.0088289529,0.011830648,0.015684461,0.023284853,0.028802142,0.033691775,0.03816472,0.035497546,0.028748432,0.018158421,0.0035831393,-0.0136499,-0.033692017,-0.042461131,0,0,0,0,-0.034723122,-0.026149552,-0.016688002,-0.0094865588,-0.0057571903,-0.0035683908,-0.0022629919,-0.00171509,-0.0014838995,-0.0014279818,-0.0011912496,-0.00093274319,-0.00060525577,0.0001439745,0.001163886,0.0024646381,0.0043576085,0.0065034507,0.0087696239,0.0090081068,0.0086671617,0.0080892071,0.0062652123,0.0044189245,0.0032102177,0.0030845182,0.0032962232,0.0039322702,0.0043586819,0.0043438207,0.0040006689,0,0,0,0.001474264,0.0011435543,0.00090448168,0.00072370487,0.00057933072,0.00046965922,0.00038651517,0.00031664589,0.00025936554,0.00021871972,0.00018601581,0.00016041062,0.0001432531,0.00013188558,0.00012475181,0.00011916739,0.00011867464,0.00012105206,0.00012103031,0.00012468257,0.00012873203,0.00012181881,0.00011370803,0.000106909,7.9902507e-05,5.0741259e-05,2.5088859e-05,-2.3964232e-05,-7.3593117e-05,-0.00013726934,-0.00020367646,0,0,0
0.81081000000000003,-0.010532556,-0.013222504,-0.016246816,-0.020829596,-0.025489647,-0.030476009,-0.037497122,-0.043632157,-0.049577489,-0.057445668,-0.06341438,-0.067780629,-0.071661614,-0.073177151,0,0,0,-0.0596902,-0.05229716,-0.044736378,-0.037489481,-0.029958418,-0.022959832,-0.01704832,-0.012600475,-0.0086297793,-0.0051569827,-0.0027260699,-0.00071035977,0.0010057425,0.0021118398,0.0032363841,0.0042287991,0.0048617516,0.0067504509,0.0095794322,0.012579731,0.018024025,0.025571376,0.029279005,0.032199062,0.032076444,0.02484959,0.014307324,-0.00061321736,-0.015540551,-0.032967944,-0.048580788,0,0,0,0,-0.032543845,-0.024394475,-0.01648926,-0.0099056568,-0.0059238505,-0.0040560523,-0.0028136089,-0.0020573887,-0.0016614225,-0.0014247876,-0.0012259342,-0.00091787742,-0.00054702611,4.2582396e-05,0.0010996329,0.0024212268,0.0040065814,0.005765507,0.0074928226,0.0084046861,0.0078464122,0.007089288,0.00594491,0.0042195851,0.0032622516,0.0031594338,0.003538847,0.0040764413,0.0046492596,0.0045841532,0.0040962673,0,0,0,0.0015172596,0.0011680506,0.00091561594,0.00072707911,0.00058306492,0.00046988891,0.00038354722,0.00031286009,0.00025266019,0.00020862417,0.00017559301,0.00015037606,0.0001334213,0.00012234901,0.00011537808,0.00011123468,0.00011059741,0.00011242946,0.00011446264,0.00011426707,0.00011584828,0.00011345146,0.00010031334,8.9422327e-05,7.1263625e-05,2.869232e-05,-2.022877e-05,-7.8547004e-05,-0.00015727164,-0.00023040846,-0.00029465396,0,0,0
0.85494000000000003,-0.0094800293,-0.012130603,-0.014935758,-0.018398389,-0.022663282,-0.02695727,-0.032179218,-0.037983362,-0.043217272,-0.048872527,-0.054398697,-0.057971742,-0.060478222,-0.061727218,0,0,0,-0.049699247,-0.04373838,-0.0367404,-0.030883268,-0.025523316,-0.020108122,-0.015123143,-0.011106388,-0.0075869593,-0.0044959337,-0.0021681632,-0.00051864702,0.00054776703,0.0013290028,0.0019442567,0.0027799075,0.0035858632,0.0048861797,0.0072441287,0.010022059,0.013756811,0.019873906,0.024214774,0.025341269,0.024545908,0.019559558,0.0094253467,-0.0049969922,-0.020428563,-0.034161896,-0.046487473,0,0,0,0,-0.029385235,-0.021418309,-0.01484862,-0.0095438939,-0.0061065359,-0.0042224177,-0.0030058185,-0.0022128944,-0.0017731071,-0.0014964839,-0.0012731291,-0.0009903349,-0.00055948994,2.2029155e-05,0.0009066278,0.0021460629,0.0036033047,0.0051440997,0.0065928278,0.0076686721,0.0073733525,0.0062968149,0.0053046718,0.0039854906,0.0032670202,0.0032591475,0.0036947136,0.0042290073,0.0048874198,0.0050134668,0.0041763941,0,0,0,0.0015148821,0.0011690756,0.00091804634,0.0007277726,0.00058095151,0.00046287265,0.0003719033,0.00029844453,0.00023933758,0.00019489156,0.00016242248,0.00013808947,0.00012164895,0.00011191062,0.00010514619,0.00010224596,0.00010236331,0.00010378797,0.00010736989,0.00010773895,0.00010705361,0.00010689155,8.9202258e-05,6.4091611e-05,3.690608e-05,-1.4304936e-05,-7.6192511e-05,-0.0001335048,-0.00021389997,-0.00030030677,-0.00036946533,0,0,0
0.89907999999999999,-0.0085040312,-0.010777093,-0.013412913,-0.016184656,-0.019877581,-0.023932602,-0.027979402,-0.032995317,-0.037557647,-0.041550681,-0.045905869,-0.048962556,-0.050852921,-0.051670335,0,0,0,-0.041155003,-0.037063412,-0.031857517,-0.026545696,-0.021934967,-0.017168045,-0.012710356,-0.0090151951,-0.0061470913,-0.0040552183,-0.0023342613,-0.0013313694,-0.0004861427,0.00030489848,0.00081883906,0.0014776401,0.0023649493,0.0032685013,0.0049165692,0.0072053773,0.0094983438,0.013751924,0.018205039,0.018979643,0.017096411,0.012646845,0.0047038826,-0.0058497083,-0.018841904,-0.028653471,-0.038198583,0,0,0,0,-0.025860097,-0.019057596,-0.0137932,-0.0092352116,-0.0061579784,-0.0042187721,-0.0031095957,-0.0023626178,-0.0019124639,-0.0015628668,-0.0012462109,-0.00095909054,-0.0005371896,4.4291868e-05,0.00075150724,0.001887918,0.003266284,0.004738254,0.0057316641,0.0064145876,0.0063455738,0.0053585134,0.0044053337,0.003369187,0.0028727362,0.0030762083,0.0037093102,0.0040989015,0.0044436739,0.0047297822,0.0039503435,0,0,0,0.0014827705,0.001147447,0.00090150058,0.00071178237,0.00056020502,0.00044458205,0.00035402674,0.00027993531,0.00022223912,0.00017819004,0.00014666816,0.0001234298,0.00010693361,0.00010011335,9.393935e-05,9.1385868e-05,9.4552364e-05,9.5977142e-05,9.9048266e-05,0.00010168278,9.4122639e-05,8.43905e-05,7.2613751e-05,3.8475879e-05,3.0842239e-06,-3.3740391e-05,-0.00010997801,-0.0001851601,-0.0002772758,-0.00041609816,-0.00053493772,0,0,0
0.94321999999999995,-0.0077745644,-0.0094363596,-0.011963971,-0.014628891,-0.017301023,-0.020944532,-0.024498459,-0.027869532,-0.03196511,-0.03551143,-0.038580533,-0.041130409,-0.042588111,-0.043126609,0,0,0,-0.03487676,-0.031034667,-0.026887277,-0.022030028,-0.017741852,-0.014150281,-0.010908331,-0.0081847897,-0.0059867427,-0.0042266264,-0.0027445527,-0.0017570488,-0.0011576761,-0.00059084955,-0.00028171064,-4.9768714e-06,0.00056266476,0.0014105297,0.0026258552,0.0043260492,0.006225707,0.0088750869,0.011516388,0.013692191,0.012170812,0.008709264,0.0032097572,-0.0052371738,-0.015822725,-0.026341334,-0.033076722,0,0,0,0,-0.022335667,-0.016411612,-0.012009578,-0.0080868155,-0.0056127729,-0.0040968703,-0.0030901507,-0.0023711063,-0.0018657518,-0.0015236251,-0.0011931453,-0.00088103767,-0.00054139248,2.1405343e-05,0.00070966623,0.0015356257,0.0026420848,0.0037593194,0.0047409399,0.0052067572,0.0049761143,0.0043895775,0.0034276689,0.0026838784,0.0023346164,0.0026629406,0.0033260183,0.0037714136,0.0039918907,0.0041358462,0.0037692438,0,0,0,0.0014209123,0.0011012827,0.00086178794,0.00068083964,0.00053484424,0.0004200837,0.0003313043,0.00025844399,0.00020056278,0.0001573082,0.00012764811,0.00010637761,9.0733221e-05,8.415318e-05,8.1884107e-05,7.9748643e-05,8.2083046e-05,8.678274e-05,8.6466811e-05,8.6062828e-05,8.3918057e-05,6.918054e-05,5.2233925e-05,2.7839986e-05,-2.3578621e-05,-8.6169486e-05,-0.00016949946,-0.00028285413,-0.00039369165,-0.00051891652,-0.00066234148,0,0,0
0.98734999999999995,-0.0070563215,-0.0085800607,-0.010455622,-0.012864236,-0.015219547,-0.01792568,-0.021174653,-0.024211165,-0.027154993,-0.030252239,-0.032775585,-0.034558669,-0.03578344,-0.036243018,0,0,0,-0.028830826,-0.025168136,-0.022053534,-0.018748196,-0.015519005,-0.012590269,-0.0098171467,-0.0073802476,-0.00547656,-0.0039262301,-0.0028073688,-0.0024306183,-0.0022507282,-0.0021642209,-0.0019889106,-0.0016997138,-0.0012056853,-0.00045129011,0.00060390763,0.001907157,0.0034674802,0.0054654418,0.0073106745,0.0087078288,0.0081919683,0.0047745183,-0.00043498838,-0.0073544541,-0.014825819,-0.021873234,-0.026970252,0,0,0,0,-0.016955905,-0.012362741,-0.0094818305,-0.007080134,-0.0052403915,-0.0039598374,-0.0030166975,-0.0023080595,-0.0018198824,-0.001480361,-0.0011732318,-0.00083592895,-0.00050396507,-5.6180696e-05,0.00056255347,0.00126812,0.0021276935,0.0030329521,0.0038790619,0.0042935051,0.0039335927,0.0034150933,0.0027800987,0.0022348796,0.0019353429,0.0021873096,0.0028878679,0.0034360779,0.0036993097,0.0036215102,0.0033272151,0,0,0,0.00132192,0.001028795,0.00080515421,0.0006366095,0.00049968192,0.00038777626,0.00029996768,0.00022995245,0.00017405543,0.00013182483,0.00010408981,8.5388951e-05,7.2847688e-05,6.6988483e-05,6.7583016e-05,6.7893467e-05,6.9016336e-05,7.5841068e-05,7.7616227e-05,7.5107957e-05,7.4904769e-05,5.6968642e-05,2.5602891e-05,-7.8860248e-06,-6.5784938e-05,-0.00014373691,-0.00022646415,-0.00034031732,-0.00047334167,-0.00059861667,-0.00079458451,0,0,0
1.03149,-0.0062190043,-0.0076403385,-0.0091197975,-0.011176687,-0.013408523,-0.015528047,-0.018251684,-0.020954084,-0.023092041,-0.025497621,-0.02764046,-0.029043026,-0.029875819,-0.03006391,0,0,0,-0.024321878,-0.02171541,-0.018933801,-0.016139537,-0.013280305,-0.01068516,-0.0082703196,-0.0063563208,-0.0052903877,-0.0043892073,-0.0038927968,-0.0036877131,-0.0035557759,-0.0035550576,-0.003491686,-0.0032966682,-0.00293655,-0.0022922128,-0.0013542904,-0.00016182708,0.0011655506,0.0026623716,0.0037767342,0.0041521406,0.0036074775,0.0014632458,-0.0018698061,-0.0061510913,-0.010861475,-0.015797306,-0.020581998,0,0,0,0,-0.013573107,-0.010807196,-0.0085678548,-0.0065460061,-0.0048200032,-0.0036683909,-0.002850987,-0.0021991499,-0.0017426552,-0.0013901334,-0.0010956875,-0.00077336136,-0.00044514448,-9.5089912e-05,0.00044863514,0.0010916211,0.0017840143,0.0024125783,0.0029467801,0.0033642389,0.0030540791,0.0024975941,0.0019583972,0.0015507905,0.0013881233,0.0016513683,0.0022905727,0.002763005,0.0031004841,0.0030116406,0.002762001,0,0,0,0.0011921083,0.00094486366,0.00074445782,0.00058511057,0.0004546009,0.00034744828,0.00026160211,0.00019470519,0.0001416992,0.00010375041,7.8778532e-05,6.2941675e-05,5.5101606e-05,4.9179838e-05,5.0412786e-05,5.6084515e-05,5.6676676e-05,6.2841849e-05,6.9151189e-05,6.064833e-05,5.0607909e-05,4.0362269e-05,8.2167026e-07,-4.3602999e-05,-8.2093749e-05,-0.00017487892,-0.00028023025,-0.00039062771,-0.00058804709,-0.00078290363,-0.00095817569,0,0,0
1.0756300000000001,-0.0054205707,-0.0067668455,-0.0081641898,-0.009637312,-0.011657985,-0.01352312,-0.015369774,-0.017774243,-0.019732321,-0.021393918,-0.023168042,-0.024337275,-0.024881095,-0.025045378,0,0,0,-0.020361902,-0.018256873,-0.01571379,-0.013182519,-0.011118856,-0.0094029494,-0.0078456849,-0.0064669889,-0.0056507867,-0.0050218296,-0.0045572873,-0.0045682285,-0.0046509868,-0.0049851239,-0.0052456418,-0.005327248,-0.0050473269,-0.0042711431,-0.003336485,-0.0022227291,-0.00098781311,0.00012495487,0.00131378,0.0017995979,0.0017742143,0.00083526387,-0.0017748456,-0.0051324377,-0.0088925213,-0.012053614,-0.014811581,0,0,0,0,-0.011491431,-0.0090755355,-0.007228517,-0.0056176903,-0.0042503667,-0.0033215855,-0.0026480844,-0.002061937,-0.0016180875,-0.001275247,-0.00098815281,-0.00071237807,-0.00039497323,-7.6033393e-05,0.00031120115,0.00081670721,0.0013481739,0.0018369423,0.0021741514,0.0023767408,0.0022663008,0.0016450918,0.0012172302,0.0009740385,0.00099932542,0.0012610775,0.0017301969,0.0021517533,0.002394584,0.0024855142,0.0022489349,0,0,0,0.0010680201,0.00085315423,0.00066866318,0.00052082539,0.00039831523,0.00029848333,0.00021924336,0.00015680655,0.0001084658,7.3192066e-05,5.1316689e-05,3.7042391e-05,3.0623254e-05,2.9869709e-05,3.2259843e-05,3.8874863e-05,4.5264442e-05,4.77096e-05,5.1305437e-05,4.9385344e-05,3.362487e-05,1.8242337e-05,-9.0256617e-06,-6.9812377e-05,-0.00013005923,-0.00021583671,-0.00036054317,-0.00050066435,-0.00066488283,-0.0009020773,-0.0011165451,0,0,0
1.1197699999999999,-0.0048936103,-0.0058934642,-0.0071452791,-0.0084235519,-0.0099428808,-0.011643101,-0.013262064,-0.015019958,-0.01678215,-0.018164296,-0.019427452,-0.020500585,-0.020962212,-0.021020338,0,0,0,-0.016561627,-0.015085368,-0.013465472,-0.011736796,-0.010074733,-0.0086643901,-0.0074016117,-0.0062888758,-0.0055783708,-0.0053256107,-0.0055232397,-0.0059556663,-0.0066013252,-0.0070590451,-0.0072651249,-0.0073305704,-0.0070926771,-0.0063452944,-0.0052533541,-0.0040246937,-0.0025675518,-0.0011544843,-0.00013765931,0.00041879033,0.0002330072,-0.00071645435,-0.0026232977,-0.004907046,-0.0072854953,-0.0094239227,-0.011167059,0,0,0,0,-0.0087988283,-0.007206019,-0.0060348371,-0.0050251754,-0.0038907132,-0.0030286764,-0.0023997724,-0.0018802756,-0.0014677929,-0.0011528691,-0.00089193741,-0.00064423622,-0.00038656179,-0.00010131008,0.00022101581,0.00060192979,0.0010274291,0.0014198831,0.0016410314,0.0016882638,0.0016380136,0.0012574722,0.0008822768,0.0006338564,0.00060974731,0.00086072553,0.0012836565,0.0016811857,0.0018352828,0.0019473871,0.0018846751,0,0,0,0.00091976963,0.00073065568,0.00057778036,0.00045120777,0.00033993364,0.00024745165,0.00017217998,0.00011322187,6.8245026e-05,3.5708345e-05,1.7068563e-05,9.259028e-06,6.3941111e-06,1.0106593e-05,1.6837161e-05,2.2800301e-05,3.1657015e-05,3.6254594e-05,3.7474612e-05,3.8185783e-05,2.1327352e-05,-4.6657624e-06,-3.4483943e-05,-9.7249685e-05,-0.00017513317,-0.00025301648,-0.00039422707,-0.00056758081,-0.00072183699,-0.0009930674,-0.0013080663,0,0,0
1.1638999999999999,0,0,0,0,0,0,0,0,0,0,0,0,0,0,0,0,0,0,0,0,0,0,0,0,0,0,0,0,0,0,0,0,0,0,0,0,0,0,0,0,0,0,0,0,0,0,0,0,0,0,0,0,0,0,0,0,0,0,0,0,0,0,0,0,0,0,0,0,0,0,0,0,0,0,0,0,0,0,0,0,0,0,0,0,0,0,0,0,0,0,0,0,0,0,0,0,0,0,0,0,0,0,0,0,0,0,0,0,0,0,0,0,0,0,0,0,0,0,0,0
1.20804,-0.0038438486,-0.0045856568,-0.0053410474,-0.0063782204,-0.0074146846,-0.0084104054,-0.0096620768,-0.010818104,-0.011863822,-0.012869032,-0.013639649,-0.014245817,-0.014585524,-0.014638958,0,0,0,-0.012167868,-0.010986472,-0.0097782426,-0.0088461069,-0.0080804359,-0.0074683297,-0.0070003928,-0.006930395,-0.0070093479,-0.0072717792,-0.0080503225,-0.0087814238,-0.0099269226,-0.011070097,-0.011708511,-0.011899783,-0.011472842,-0.010530587,-0.0090042148,-0.0074054636,-0.0057057133,-0.003727938,-0.0022418834,-0.0013174129,-0.00083800021,-0.0011129831,-0.0018804329,-0.0029714552,-0.0042866925,-0.0054335687,-0.0064409068,0,0,0,0,-0.0060753925,-0.0051274407,-0.0041776001,-0.0035024846,-0.0028977743,-0.0023225965,-0.0018669987,-0.0014998417,-0.0011693722,-0.00090621487,-0.00069558929,-0.00048553041,-0.00030066646,-0.00012121627,0.00010002664,0.00032839557,0.00054921099,0.00074332318,0.0008446062,0.0008430708,0.00064902497,0.00043224002,0.00022482158,0.00012404188,0.00012512799,0.00024308985,0.00051753299,0.00081395387,0.00097131601,0.00099821109,0.0010424331,0,0,0,0.00066247018,0.00051768532,0.00039605889,0.00029336981,0.00019863652,0.00012180897,6.160303e-05,1.4488012e-05,-1.8406325e-05,-3.7498965e-05,-5.0568051e-05,-4.9349219e-05,-4.1461666e-05,-3.5388879e-05,-2.0361213e-05,-3.8105172e-06,2.8923541e-06,1.0353742e-05,1.553016e-05,5.6487479e-06,-7.5304033e-06,-2.9438641e-05,-7.6303972e-05,-0.00012918505,-0.00020521198,-0.00033008907,-0.00046067298,-0.00064507488,-0.00091340905,-0.0011619088,-0.0014643167,0,0,0
1.2521800000000001,-0.0033582025,-0.0040185023,-0.0046815453,-0.0054481006,-0.006372219,-0.0072527202,-0.0081555219,-0.0091528418,-0.010060965,-0.010797568,-0.01148925,-0.012007724,-0.012266545,-0.012255038,0,0,0,-0.010237287,-0.0095768347,-0.0088922242,-0.0082214447,-0.0076420214,-0.0072599496,-0.006986382,-0.0069892025,-0.0074821673,-0.0083918991,-0.0096056294,-0.011101423,-0.01241207,-0.01349904,-0.014161077,-0.014262552,-0.013956591,-0.012704662,-0.010704527,-0.0086718211,-0.0063912477,-0.004253651,-0.0025955944,-0.0016266084,-0.0010860178,-0.0011365905,-0.0016270303,-0.0023185974,-0.0032032058,-0.0040520816,-0.0048606275,0,0,0,0,-0.0047156019,-0.0041615125,-0.0035791171,-0.003031156,-0.0025168927,-0.0020149627,-0.0016017682,-0.00127666,-0.0009858968,-0.00077729166,-0.00060773105,-0.00044728565,-0.00028346569,-0.00012775297,4.2699452e-05,0.00023037042,0.00040513944,0.00053791702,0.00058051985,0.0005768484,0.00047851645,0.00029462468,0.00010460835,-7.1576942e-06,-1.9592117e-06,8.5659951e-05,0.00027088742,0.00050063926,0.00067532028,0.00075529236,0.00078619516,0,0,0,0.00050900702,0.00040061554,0.0002994308,0.00021270878,0.00013104366,5.7047313e-05,1.2444507e-06,-4.0289513e-05,-7.1069837e-05,-8.4934552e-05,-8.6476051e-05,-8.0084275e-05,-6.3660482e-05,-4.9980677e-05,-3.7216327e-05,-1.7576982e-05,-6.2077779e-06,-1.5132518e-06,5.6287117e-06,-1.6585273e-06,-2.0293737e-05,-4.059164e-05,-8.4295898e-05,-0.00014706957,-0.00021394288,-0.000329912,-0.00048453308,-0.00064265821,-0.00090889347,-0.0012248259,-0.0015108894,0,0,0
1.2963100000000001,-0.0029416997,-0.0034986888,-0.0041047842,-0.0047046319,-0.0054581263,-0.0062380722,-0.0069209356,-0.007719595,-0.0084982701,-0.009079407,-0.0096042287,-0.010002877,-0.010185347,-0.010151261,0,0,0,-0.0089922193,-0.0084596332,-0.0079342574,-0.007433902,-0.0069628423,-0.0069353422,-0.0072458042,-0.0076579307,-0.0087023648,-0.0099620968,-0.011156736,-0.012847539,-0.014446234,-0.015645511,-0.016629189,-0.016653374,-0.016559513,-0.014874503,-0.012265487,-0.0099619972,-0.0074605439,-0.0050226962,-0.0030830353,-0.0017576118,-0.00094000006,-0.00061924889,-0.00090452709,-0.0014757924,-0.0022218521,-0.0029293587,-0.0035002809,0,0,0,0,-0.003885909,-0.0034325789,-0.0029629774,-0.002489158,-0.0020575142,-0.0016580096,-0.0013534387,-0.0011021793,-0.00087543728,-0.000685837,-0.00053016999,-0.00039619187,-0.00025237811,-0.00011261451,1.561211e-05,0.00015367102,0.00027909994,0.00038466702,0.00040504817,0.00036949222,0.00029541727,0.00013427003,-3.6513957e-05,-0.0001372446,-0.0001079182,-1.6720398e-05,0.00011000362,0.00028353339,0.00043025691,0.00052791508,0.00055288762,0,0,0,0.0003886621,0.00030528835,0.00020912543,0.00012613549,5.3312979e-05,-1.8264105e-05,-7.0476744e-05,-9.5818832e-05,-0.00011665929,-0.00012280718,-0.00011262556,-0.00010576507,-8.9651869e-05,-6.484396e-05,-5.268112e-05,-3.3542627e-05,-1.1903294e-05,-8.3810219e-06,-5.9222311e-06,-5.4524462e-06,-2.7448696e-05,-5.3566309e-05,-7.9184232e-05,-0.00014982652,-0.00022667745,-0.00029147297,-0.00046936783,-0.00065670046,-0.000826973,-0.0012083397,-0.0015560295,0,0,0
1.3404499999999999,-0.0026207932,-0.0030333071,-0.003573118,-0.0040999781,-0.0046299789,-0.0053201122,-0.0059196819,-0.0064732656,-0.0071241031,-0.0076204636,-0.0080004521,-0.0083845844,-0.0086424276,-0.0086782016,0,0,0,-0.0077077453,-0.0072740093,-0.0070356955,-0.0069750403,-0.0069788094,-0.0070965532,-0.0077034542,-0.0084000817,-0.0092640445,-0.010945449,-0.012509086,-0.01445543,-0.016889628,-0.018729908,-0.01973786,-0.019503478,-0.018955143,-0.017654462,-0.014390849,-0.011124785,-0.008318604,-0.0051228786,-0.0025969709,-0.0011991842,-0.00043660941,-0.00014590472,-0.00025695038,-0.00076354539,-0.001391347,-0.0020461739,-0.002508952,0,0,0,0,-0.0030145377,-0.0026446059,-0.0023023207,-0.0020377529,-0.0017505275,-0.0014301038,-0.0011641431,-0.00093598006,-0.00073746836,-0.00057098316,-0.00043458038,-0.00033249659,-0.00023124978,-0.0001183524,-1.0657575e-05,9.180222e-05,0.00018401239,0.00025305813,0.00027372956,0.00020541878,0.00013219114,4.251091e-05,-6.8961781e-05,-0.00014344807,-0.00016677665,-9.533923e-05,4.7885624e-06,0.0001238386,0.00023922889,0.00032539421,0.00038918556,0,0,0,0.00027157771,0.00019592489,0.00010942479,3.3544766e-05,-2.4123117e-05,-8.3031497e-05,-0.00012647601,-0.00014973737,-0.00015928608,-0.00016515661,-0.00015447527,-0.00013301818,-0.00011394115,-8.5763895e-05,-5.7941368e-05,-4.046601e-05,-2.2278935e-05,-9.6719959e-06,-1.1299654e-05,-1.4773247e-05,-2.7637032e-05,-5.7471509e-05,-8.4725143e-05,-0.00012758902,-0.00021274194,-0.00029205222,-0.00040688214,-0.00062543084,-0.00083312532,-0.0010887978,-0.0014714103,0,0,0
1.38459,-0.0023013367,-0.0026671775,-0.0030814926,-0.0035514554,-0.0040113954,-0.0045136698,-0.0050377049,-0.0055124001,-0.0059967549,-0.0064722067,-0.0068033901,-0.0070755668,-0.0072907903,-0.0073036794,0,0,0,-0.0068357284,-0.0067447424,-0.0066676019,-0.0066712163,-0.0068715774,-0.007148942,-0.0077246889,-0.0088299001,-0.010270998,-0.012267288,-0.014728812,-0.016938016,-0.019221775,-0.021388043,-0.02256519,-0.02241103,-0.02132082,-0.019634411,-0.015971385,-0.011116082,-0.0080950875,-0.0050168782,-0.0023197194,-0.00074530405,0.00010463543,0.00037060661,0.00028547592,-6.2297651e-05,-0.00063155056,-0.0012461378,-0.0016634145,0,0,0,0,-0.0023179057,-0.0021984088,-0.0019237717,-0.0016841077,-0.0014472934,-0.0011721451,-0.00093461986,-0.00074300636,-0.00060882862,-0.00048941374,-0.00038941449,-0.00029896258,-0.00020972159,-0.00011830933,-2.4050991e-05,6.0469378e-05,0.00012476383,0.00016290686,0.00017698461,0.00013383161,5.9307597e-05,-2.3134926e-05,-0.00011370245,-0.00017388478,-0.00019843288,-0.00015836165,-7.2803276e-05,2.3919114e-05,0.00012520656,0.00019410934,0.00024940606,0,0,0,0.00015840068,9.9824712e-05,2.4124887e-05,-4.371666e-05,-9.836199e-05,-0.00015266208,-0.00019198348,-0.00021416857,-0.00021688729,-0.0002047997,-0.00018639394,-0.00015352543,-0.00012255672,-9.6856733e-05,-6.5779248e-05,-4.2294829e-05,-2.6998214e-05,-1.2667899e-05,-1.0431121e-05,-1.6456324e-05,-2.5391379e-05,-4.9780367e-05,-8.0865815e-05,-0.00011136847,-0.00018251668,-0.00027643598,-0.00035400869,-0.00051508809,-0.00072691415,-0.00087843998,-0.0012039619,0,0,0
1.42872,-0.0020080828,-0.0023415175,-0.0026785103,-0.0030672885,-0.0034708155,-0.0038628706,-0.0043002479,-0.004710942,-0.0050780922,-0.0054606837,-0.0057279575,-0.0059119947,-0.0060902154,-0.0062056091,0,0,0,-0.0061349398,-0.0061271512,-0.0061795334,-0.0062060584,-0.0066430108,-0.0073626027,-0.0081628608,-0.009674727,-0.011520891,-0.013422866,-0.016119283,-0.018809203,-0.021020724,-0.023764525,-0.025579631,-0.025614817,-0.023555258,-0.021345215,-0.017877739,-0.011914773,-0.0082994346,-0.0051093828,-0.0019384257,-0.00010662567,0.0009154405,0.0011112605,0.00090205425,0.00062612287,9.3759067e-05,-0.00047944117,-0.00090720155,0,0,0,0,-0.0018099174,-0.0017565115,-0.0015243096,-0.001303107,-0.0011281578,-0.00095188612,-0.00078411482,-0.00064692146,-0.00053028838,-0.00042386452,-0.00033854618,-0.00025732088,-0.00017801876,-0.00010734941,-3.2405133e-05,3.2873133e-05,8.2461731e-05,0.00010294736,0.00010138744,6.4624212e-05,-1.0750045e-05,-9.4900228e-05,-0.00016382939,-0.00019769349,-0.00020548262,-0.00019132716,-0.00012580428,-4.8156828e-05,3.2398566e-05,8.8740708e-05,0.00012691441,0,0,0,6.7552413e-05,1.538156e-05,-6.2876068e-05,-0.00013016231,-0.00018417937,-0.00023310402,-0.00025353269,-0.00026303419,-0.00025467967,-0.00022667693,-0.00020737214,-0.00017692248,-0.00013058193,-0.00010430564,-7.4648015e-05,-3.9014427e-05,-2.4047089e-05,-1.3109592e-05,-5.1605803e-06,-1.2758879e-05,-2.4199178e-05,-3.8611357e-05,-7.266274e-05,-0.00010021797,-0.00011812773,-0.00020107633,-0.00026986771,-0.0003230499,-0.00055276928,-0.00073581585,-0.00085841515,0,0,0
1.4728600000000001,-0.0017426704,-0.0020408526,-0.0023410134,-0.0026322056,-0.0029893001,-0.0033325455,-0.0036521021,-0.0039997539,-0.0043024956,-0.0045937644,-0.0048669949,-0.0050809486,-0.0052477084,-0.0053767073,0,0,0,-0.0054195481,-0.0055293404,-0.0058671525,-0.0062182103,-0.0066338461,-0.0076089655,-0.0086890673,-0.009847912,-0.012127306,-0.014515578,-0.017019929,-0.020801023,-0.02388382,-0.02621308,-0.028506048,-0.028611507,-0.026329013,-0.023609072,-0.019314403,-0.013007366,-0.0075786319,-0.0037303984,-0.00081858237,0.00083855155,0.0017263582,0.0020441741,0.0016197948,0.0012162989,0.00067890948,4.3216685e-05,-0.00044142769,0,0,0,0,-0.0013151165,-0.0012940133,-0.0012125793,-0.0010664344,-0.0009336372,-0.00079772843,-0.00064929097,-0.00052859139,-0.00043155294,-0.00034166238,-0.00027943388,-0.00022241697,-0.00015526605,-9.2082446e-05,-3.3881272e-05,1.8272505e-05,5.2707735e-05,6.7226392e-05,4.6490302e-05,6.2995314e-06,-4.5980138e-05,-0.00010836405,-0.00016508707,-0.00020713761,-0.00021327246,-0.00020031026,-0.00016302141,-0.0001000942,-3.6444955e-05,1.4728146e-05,4.6474572e-05,0,0,0,-2.6127243e-05,-7.8453078e-05,-0.00015042178,-0.00020962504,-0.00025131748,-0.00028673571,-0.00030865683,-0.00030429254,-0.00029555667,-0.00027037854,-0.00022803814,-0.00019441172,-0.00014624224,-9.7067961e-05,-6.9320995e-05,-3.9650167e-05,-1.370545e-05,-6.1922683e-06,-2.3182965e-06,-4.8147613e-06,-1.571442e-05,-2.5518373e-05,-3.8299906e-05,-5.9662547e-05,-7.4400836e-05,-0.0001059947,-0.00018172085,-0.00023977732,-0.00033952488,-0.00046455668,-0.00048417697,0,0,0
1.5169999999999999,0,0,0,0,0,0,0,0,0,0,0,0,0,0,0,0,0,0,0,0,0,0,0,0,0,0,0,0,0,0,0,0,0,0,0,0,0,0,0,0,0,0,0,0,0,0,0,0,0,0,0,0,0,0,0,0,0,0,0,0,0,0,0,0,0,0,0,0,0,0,0,0,0,0,0,0,0,0,0,0,0,0,0,0,0,0,0,0,0,0,0,0,0,0,0,0,0,0,0,0,0,0,0,0,0,0,0,0,0,0,0,0,0,0,0,0,0,0,0,0
1.5611299999999999,-0.001339453,-0.0015305488,-0.0017574164,-0.0019936259,-0.0022133545,-0.0024648467,-0.0027213576,-0.0029354685,-0.0031648877,-0.0033820155,-0.0035455765,-0.0037087896,-0.0038820531,-0.0040295981,0,0,0,-0.0046750968,-0.0049465313,-0.0052468861,-0.0058926577,-0.0066768457,-0.0075469892,-0.009225253,-0.011114797,-0.013035905,-0.016368203,-0.019870773,-0.022724012,-0.027055994,-0.030415148,-0.032290302,-0.032286089,-0.028911483,-0.025494954,-0.019456115,-0.01221948,-0.0060087144,-0.0015772191,0.0014646931,0.0029629746,0.0033391952,0.0032087222,0.0027821003,0.0021051487,0.0014955916,0.00090302562,0.00033696485,0,0,0,0,-0.0007817226,-0.00076514267,-0.00070447393,-0.00063731166,-0.0005667191,-0.00049854984,-0.00042744761,-0.00036224554,-0.00030640489,-0.00025713473,-0.00020310517,-0.00015175482,-0.00010546762,-5.75417e-05,-1.7478085e-05,1.279551e-05,2.1243075e-05,1.4822661e-05,-3.5540106e-06,-4.4940763e-05,-9.6571326e-05,-0.00014180488,-0.00017729627,-0.00020124367,-0.00021626684,-0.00020544912,-0.0001815896,-0.00015290185,-0.0001150864,-8.3295221e-05,-7.0018141e-05,0,0,0,-0.00017476735,-0.00022545073,-0.00029075408,-0.0003588066,-0.00039853982,-0.00040019263,-0.00041352905,-0.00039323675,-0.00033836815,-0.0003015775,-0.00025005147,-0.00017845916,-0.00013564716,-8.7723267e-05,-3.662756e-05,-1.3292685e-05,6.9024863e-06,2.3242374e-05,2.4345885e-05,2.1279551e-05,1.5173436e-05,9.4268307e-06,1.4336772e-05,3.4380588e-05,5.5739067e-05,9.8647826e-05,0.00016668494,0.00019554255,0.00027246814,0.00040328622,0.00040661066,0,0,0
1.60527,-0.0011646064,-0.0013361848,-0.0015091118,-0.0017238808,-0.0019201802,-0.0021092731,-0.0023330844,-0.0025229007,-0.0027015749,-0.0029154238,-0.0031028064,-0.0032418147,-0.0034115042,-0.003563297,0,0,0,-0.0042576604,-0.0046904502,-0.0051685516,-0.00572395,-0.0066768876,-0.0077228416,-0.0089627728,-0.011252041,-0.013533484,-0.016109424,-0.020566136,-0.024149299,-0.027200188,-0.03153725,-0.034012616,-0.034075413,-0.030578371,-0.025472477,-0.019711256,-0.01088879,-0.0034464214,0.00030200649,0.0029261443,0.004097959,0.0045194495,0.0040694922,0.003283723,0.0024699478,0.0016927109,0.0010362783,0.00051367295,0,0,0,0,-0.00053943752,-0.00058201735,-0.00055722671,-0.00051243289,-0.00046331613,-0.00040177023,-0.00034323122,-0.00029286343,-0.00024432794,-0.00020745653,-0.00016840921,-0.00012039732,-7.615926e-05,-3.7754515e-05,-5.8905116e-06,1.6030759e-05,2.3056396e-05,5.9091653e-06,-2.1096737e-05,-5.4047017e-05,-9.5556017e-05,-0.00013466676,-0.00016958721,-0.00018942391,-0.00020044725,-0.00020130444,-0.00018155112,-0.00015843571,-0.00013728146,-0.00011423937,-0.00010790252,0,0,0,-0.00024592225,-0.00029720596,-0.00034647534,-0.00041283903,-0.00044431858,-0.00044529926,-0.00044007436,-0.0004233233,-0.00037243238,-0.00030349515,-0.00024954922,-0.00017892179,-0.00010901966,-6.5295695e-05,-2.1773572e-05,1.3460021e-05,2.8967752e-05,4.0103758e-05,4.3980086e-05,4.0890711e-05,3.8725913e-05,4.2284461e-05,6.153858e-05,9.2620627e-05,0.00013675088,0.00019653594,0.00028156833,0.00038701302,0.00058813748,0.00090318028,0.0012664731,0,0,0
1.64941,-0.0010048627,-0.0011594191,-0.0013130761,-0.0014793868,-0.001655631,-0.0018269098,-0.0020073974,-0.0021957604,-0.0023585951,-0.0025253235,-0.0027038418,-0.0028288006,-0.002955284,-0.0031172475,0,0,0,-0.0040598698,-0.0044349954,-0.004998405,-0.0056212945,-0.0064307414,-0.0076745441,-0.0090783369,-0.01107726,-0.01381989,-0.016563866,-0.020383567,-0.024719208,-0.028019987,-0.03148764,-0.034220785,-0.033703424,-0.029299708,-0.022147022,-0.016644124,-0.0093443394,-0.0015567832,0.002481462,0.0048391125,0.0052031022,0.0049524801,0.0043624374,0.0033725193,0.0025186944,0.0018354318,0.0011809733,0.00067416916,0,0,0,0,-0.00040217483,-0.00043706232,-0.00042751888,-0.00038506393,-0.00034132542,-0.0002990604,-0.00026928674,-0.00024078833,-0.00020800834,-0.0001692432,-0.00013118307,-8.9674344e-05,-4.6819754e-05,-1.0532093e-05,1.2013352e-05,1.8229965e-05,1.4715599e-05,-3.6283309e-06,-3.1417556e-05,-6.2881496e-05,-9.8551951e-05,-0.00013279944,-0.00016423574,-0.00018106264,-0.00018571428,-0.00018782735,-0.00017982739,-0.0001605743,-0.0001470688,-0.00013581173,-0.00013441678,0,0,0,-0.00029416953,-0.00035444979,-0.00039439887,-0.00046300114,-0.00049934298,-0.00050188421,-0.000485114,-0.00043968414,-0.00038018671,-0.00029462363,-0.00021875577,-0.00015503273,-8.4308362e-05,-2.9319046e-05,8.7987337e-06,4.1474414e-05,5.6643759e-05,6.1877523e-05,6.2692881e-05,6.2449835e-05,6.3988329e-05,6.9360642e-05,9.1709677e-05,0.00013303834,0.00020186004,0.00031921049,0.00048974424,0.00071098562,0.0010017318,0.0014076786,0.0018824901,0,0,0
1.69354,-0.00087243202,-0.0010011644,-0.0011399293,-0.0012777216,-0.0014311781,-0.0015855561,-0.0017332671,-0.0018958153,-0.0020419741,-0.0021747539,-0.002339405,-0.0024902513,-0.0026257134,-0.002807592,0,0,0,-0.0038127608,-0.0041452278,-0.004743387,-0.005493294,-0.0062371865,-0.0075174482,-0.0091222087,-0.010800963,-0.013531562,-0.016663076,-0.019742746,-0.02406247,-0.027762651,-0.029854283,-0.031877853,-0.031666685,-0.02836914,-0.02035569,-0.014361091,-0.0079045715,-0.00037927809,0.0038005323,0.005770958,0.0057983072,0.0051361755,0.0046643568,0.0036438128,0.0026808719,0.0019557413,0.0012533783,0.00072248396,0,0,0,0,-0.00028453465,-0.00030230259,-0.00030780392,-0.00029450262,-0.00027654253,-0.00025745766,-0.0002292439,-0.00020120639,-0.00017440559,-0.00013570255,-9.6331394e-05,-6.0441234e-05,-2.6000751e-05,-6.8381314e-07,1.5050246e-05,1.609822e-05,7.429453e-06,-1.0861331e-05,-3.9077251e-05,-7.1386654e-05,-9.9791825e-05,-0.00012377271,-0.00014551757,-0.00016352044,-0.00016824137,-0.00017013382,-0.00017147549,-0.00015613047,-0.00014684422,-0.00015073801,-0.00015826212,0,0,0,-0.00034026906,-0.00041598093,-0.00046139993,-0.00051926868,-0.00054035225,-0.00052757165,-0.0004914435,-0.00042318189,-0.00036199673,-0.00028288795,-0.00018068096,-0.00011463379,-5.1762778e-05,1.0593541e-05,4.3340347e-05,6.7289679e-05,8.3228151e-05,8.7387503e-05,8.6353313e-05,8.016928e-05,8.403587e-05,9.8920427e-05,0.00012852924,0.00020442899,0.0003102741,0.00045016845,0.00066897646,0.00093495188,0.0012667069,0.0017521465,0.0024737136,0,0,0
1.7376799999999999,-0.00076549203,-0.00086233346,-0.00098671019,-0.0011096094,-0.001227037,-0.0013648273,-0.0014956756,-0.0016304672,-0.0017778681,-0.0019186303,-0.0020551046,-0.0022116352,-0.0023489671,-0.0024833721,0,0,0,-0.0035725292,-0.0039999904,-0.0044673262,-0.0052996231,-0.0061625913,-0.0070670214,-0.0088597219,-0.010793939,-0.012579888,-0.01596687,-0.019182341,-0.021929067,-0.026448648,-0.029166315,-0.030156869,-0.030182244,-0.026440157,-0.018867979,-0.011103864,-0.0044654775,0.0013498927,0.0052750828,0.0068690362,0.0071257604,0.0057694847,0.0048056152,0.0037322079,0.0025866169,0.0017935117,0.0011699189,0.00069430686,0,0,0,0,-0.00021801631,-0.00024206282,-0.00024900632,-0.00024597757,-0.00022832652,-0.00020987328,-0.00018954393,-0.0001626953,-0.00013692083,-0.00010681963,-6.8572124e-05,-3.4775454e-05,-5.4395964e-06,1.4176604e-05,2.3687127e-05,2.3981955e-05,8.3778305e-06,-1.5057489e-05,-3.9460054e-05,-6.48063e-05,-8.8809298e-05,-0.00011055682,-0.00012860631,-0.00014442844,-0.00015123792,-0.00015276248,-0.00015695015,-0.00015553473,-0.0001525949,-0.00016074712,-0.00018068751,0,0,0,-0.0003869436,-0.00045582888,-0.00050708093,-0.00054489588,-0.00056325167,-0.0005394133,-0.00049909076,-0.0004334492,-0.00033409143,-0.00025446282,-0.00015712605,-6.2196777e-05,-6.1729997e-06,4.6245601e-05,8.7515087e-05,0.00010750354,0.00011790187,0.00011842864,0.00011323423,0.00010732106,0.00010693161,0.00013508552,0.00017846537,0.00024998302,0.0003781612,0.00054285361,0.00077586464,0.0011574151,0.0016398096,0.0022894247,0.0032148582,0,0,0
1.78182,-0.00066919607,-0.0007552458,-0.0008490358,-0.00095836713,-0.0010677951,-0.0011789864,-0.0013060457,-0.00143003,-0.0015493534,-0.0016822503,-0.0018091744,-0.0019376618,-0.0020835786,-0.0022421232,0,0,0,-0.0033167356,-0.0038010662,-0.0042967713,-0.0049824934,-0.005951555,-0.0068815122,-0.0082524307,-0.010338103,-0.012213564,-0.014755981,-0.018272571,-0.021179704,-0.02443321,-0.027155129,-0.027123988,-0.025427917,-0.021067699,-0.014465256,-0.0077693281,-0.0013375352,0.0039802119,0.0074123479,0.0077155153,0.0071211853,0.0056228074,0.0043582176,0.0033174672,0.0023983058,0.0016492897,0.0010455102,0.00062185404,0,0,0,0,-0.0001722239,-0.0002016581,-0.00019829744,-0.00018882239,-0.00018241204,-0.0001708865,-0.00015523302,-0.00013485995,-0.00010542823,-7.4059717e-05,-4.0140236e-05,-7.6865217e-06,2.0397794e-05,3.3158409e-05,2.8399099e-05,1.8886431e-05,2.7481274e-06,-1.8534764e-05,-4.0752748e-05,-6.2553008e-05,-8.2551102e-05,-0.00010018916,-0.00011398792,-0.00012712082,-0.00013396771,-0.00013950294,-0.00014491875,-0.00014890626,-0.00015283734,-0.00016395388,-0.00018957764,0,0,0,-0.00042877597,-0.00049562805,-0.000546403,-0.00058238523,-0.00060079352,-0.00056712399,-0.00049426081,-0.00041670306,-0.00030146129,-0.00019684894,-0.00010654033,-9.9873632e-06,5.9320359e-05,0.00010497819,0.00013933505,0.00014955486,0.0001499271,0.00014102655,0.00013349279,0.00013168206,0.00012914259,0.00015231152,0.00020749366,0.00028978093,0.00043990131,0.00066851708,0.00095796841,0.0013830126,0.0019549686,0.0026416164,0.0036464036,0,0,0
1.82595,-0.00058354286,-0.00066207291,-0.00073986099,-0.00083326764,-0.00093322498,-0.0010237659,-0.0011307843,-0.0012435298,-0.0013437117,-0.0014665474,-0.0016022021,-0.0017316577,-0.0018795137,-0.0020468482,0,0,0,-0.0030649628,-0.003548411,-0.0040880479,-0.004660632,-0.005600838,-0.0066135037,-0.0076802573,-0.0096219629,-0.011749886,-0.01366598,-0.016588606,-0.01937487,-0.020806508,-0.022737,-0.022893857,-0.021488404,-0.017206669,-0.010757979,-0.0046044812,0.00076266564,0.0048734937,0.0074334121,0.0074311299,0.0065845605,0.0054636518,0.0041448572,0.0030211254,0.0021474254,0.0014732444,0.00088319951,0.00048030826,0,0,0,0,-0.00014158475,-0.00017335046,-0.00017258647,-0.00016195537,-0.00016526386,-0.00015124523,-0.00013054497,-0.00011142275,-8.0503072e-05,-4.5428522e-05,-1.5089436e-05,7.5742428e-06,2.3070677e-05,3.1353891e-05,2.4889128e-05,1.2496972e-05,-3.7806449e-06,-2.3213604e-05,-4.3407312e-05,-5.8645488e-05,-7.1465183e-05,-8.2407481e-05,-9.4877701e-05,-0.0001077651,-0.00011528762,-0.00012324921,-0.00012994459,-0.00013767275,-0.00015397267,-0.00017474749,-0.00020697681,0,0,0,-0.00047485071,-0.00054922327,-0.00059281988,-0.00060649845,-0.00060813356,-0.00055888604,-0.00046186036,-0.00037396402,-0.00026175551,-0.00012687831,-3.3106389e-05,5.4877259e-05,0.00012243434,0.00015496444,0.0001790016,0.00018325575,0.00018219491,0.00017235498,0.00015251966,0.00015190875,0.00015580244,0.00016581832,0.00024255915,0.0003530726,0.00048801728,0.00074938097,0.0010823512,0.0014679183,0.0021111346,0.0029442711,0.00392211,0,0,0
