"",-3.9640599999999999,-3.8979599999999999,-3.8318599999999998,-3.7657699999999998,-3.6996699999999998,-3.6335700000000002,-3.5674700000000001,-3.5013800000000002,-3.4352800000000001,-3.3691800000000001,-3.3030900000000001,-3.23699,-3.17089,-3.1047899999999999,-3.0387,-2.9725999999999999,-2.9064999999999999,-2.8404099999999999,-2.7743099999999998,-2.7082099999999998,-2.6421100000000002,-2.5760200000000002,-2.5099200000000002,-2.4438200000000001,-2.3777300000000001,-2.3116300000000001,-2.24553,-2.17943,-2.11334,-2.0472399999999999,-1.9811399999999999,-1.9150499999999999,-1.8489500000000001,-1.78285,-1.71675,-1.65066,-1.58456,-1.5184599999999999,-1.4523699999999999,-1.3862699999999999,-1.3201700000000001,-1.2540800000000001,-1.18798,-1.12188,-1.0557799999999999,-0.98968999999999996,-0.92359000000000002,-0.85748999999999997,-0.79139999999999999,-0.72529999999999994,-0.65920000000000001,-0.59309999999999996,-0.52700999999999998,-0.46090999999999999,-0.39480999999999999,-0.32872000000000001,-0.26262000000000002,-0.19652,-0.13042000000000001,-0.064329999999999998,0.0017700000000000001,0.06787,0.13396,0.20005999999999999,0.26616000000000001,0.33226,0.39834999999999998,0.46444999999999997,0.53054999999999997,0.59663999999999995,0.66274,0.72884000000000004,0.79493000000000003,0.86102999999999996,0.92713000000000001,0.99322999999999995,1.05932,1.1254200000000001,1.1915199999999999,1.2576099999999999,1.3237099999999999,1.38981,1.45591,1.522,1.5881000000000001,1.6541999999999999,1.7202900000000001,1.7863899999999999,1.85249,1.91859,1.98468,2.05078,2.1168800000000001,2.1829700000000001,2.2490700000000001,2.3151700000000002,2.3812700000000002,2.4473600000000002,2.5134599999999998,2.5795599999999999,2.6456499999999998,2.7117499999999999,2.7778499999999999,2.8439399999999999,2.91004,2.97614,3.0422400000000001,3.10833,3.1744300000000001,3.2405300000000001,3.3066200000000001,3.3727200000000002,3.4388200000000002,3.5049199999999998,3.5710099999999998,3.6371099999999998,3.7032099999999999,3.7692999999999999,3.8353999999999999,3.9015
-1.66086,-0.00052919827,-0.00055575784,-0.00055481895,-0.00054692826,-0.00052493671,-0.00046302075,-0.00036285049,-0.00021982379,-2.3610075e-05,0.00023723056,0.00054112601,0.00088745216,0.0012788352,0.0016960097,0,0,0,0.003799248,0.0042858548,0.0045788432,0.00479502,0.0049814046,0.0049839853,0.0049465452,0.004854558,0.0046676951,0.0043678801,0.0040492397,0.0037482202,0.0034000028,0.0030587926,0.0027801155,0.002514685,0.0022580784,0.0020832862,0.0019680271,0.0018635112,0.0018121331,0.001798183,0.0018002136,0.0017745037,0.0017256113,0.0016624546,0.0015231934,0.0013606702,0.001192964,0.00095872534,0.0007695012,0,0,0,0,0.00028093759,0.00026029081,0.00025105083,0.00023193714,0.00020837312,0.00018141279,0.00014897177,0.00011783045,8.9704823e-05,6.8471272e-05,5.1928961e-05,3.8556638e-05,2.6388698e-05,1.5246404e-05,6.3007392e-06,-1.8732462e-06,-1.0495467e-05,-1.9500614e-05,-3.1675911e-05,-4.6970614e-05,-6.4569729e-05,-8.7453343e-05,-0.0001145837,-0.00014457828,-0.0001814384,-0.00022060462,-0.00026263981,-0.0003057241,-0.00034099029,-0.00037723366,-0.00040207154,0,0,0,-0.00042562358,-0.00041499548,-0.00040231907,-0.00039389552,-0.00037917888,-0.00036665457,-0.00035814135,-0.0003493946,-0.00033530858,-0.00031950412,-0.00030188393,-0.00027514336,-0.00024529593,-0.0002136757,-0.00017936344,-0.00014532117,-0.00011155105,-7.8336758e-05,-4.9973376e-05,-2.2718221e-05,4.8243678e-06,2.6352538e-05,4.5382629e-05,6.2561543e-05,7.4854972e-05,8.0774545e-05,8.1164922e-05,7.6904056e-05,6.4527747e-05,3.9513354e-05,4.799349e-06,0,0,0
-1.6167199999999999,-0.00059288467,-0.00062439544,-0.00063218939,-0.00062727823,-0.00060879835,-0.00054281636,-0.00042473996,-0.00026706525,-5.5645825e-05,0.00023336278,0.00057727587,0.0010177151,0.0015319379,0.0021211228,0,0,0,0.0045155231,0.0050332723,0.0054444545,0.0057698293,0.0060174814,0.0061138468,0.0059715183,0.0057712449,0.0055141952,0.0051144524,0.0047030123,0.0042862054,0.0038687731,0.0034439336,0.003039439,0.0027329058,0.0024298551,0.0021661047,0.002013661,0.0018782272,0.0017750516,0.0017178513,0.0016908072,0.0016806812,0.0016271833,0.0015692688,0.0014780757,0.0013374023,0.0011907222,0.00098413206,0.00080863637,0,0,0,0,0.00030405982,0.00027403832,0.00025362984,0.00023647732,0.00020534093,0.00017504152,0.00014553995,0.00011563502,8.8570952e-05,6.6302993e-05,5.03517e-05,3.7724043e-05,2.7578379e-05,1.6893833e-05,8.0862228e-06,7.757335e-07,-7.5059652e-06,-1.6429854e-05,-2.6388618e-05,-4.1097956e-05,-5.8009726e-05,-7.6070661e-05,-0.00010140712,-0.00012981694,-0.00016103682,-0.00019750747,-0.00023704197,-0.00027952861,-0.00031295599,-0.00034566005,-0.00037820789,0,0,0,-0.00040661503,-0.00039496343,-0.00038562861,-0.00037786362,-0.00037020084,-0.0003614804,-0.00035616252,-0.00035020622,-0.00033698411,-0.00031986844,-0.00030089598,-0.00027699803,-0.00024569081,-0.00021126102,-0.00017732347,-0.00014273991,-0.00010911677,-7.6335484e-05,-4.788673e-05,-2.0527941e-05,6.0017887e-06,2.9057457e-05,4.8044614e-05,6.495128e-05,7.7521276e-05,8.2911713e-05,8.4905238e-05,8.0280428e-05,6.7896108e-05,4.8584225e-05,1.3250938e-05,0,0,0
-1.5725800000000001,-0.00066889619,-0.00070920296,-0.00072642276,-0.00071888271,-0.00069500902,-0.00063745887,-0.0005060602,-0.00032696244,-8.1348117e-05,0.00027195551,0.00070956233,0.0012281043,0.0018153996,0.0024773127,0,0,0,0.0055314065,0.0062336661,0.0067657428,0.007131923,0.0072943517,0.00733347,0.007139198,0.0068227639,0.0065007624,0.0060102134,0.005485286,0.0049455948,0.0043937927,0.0038881656,0.0034096148,0.0029910689,0.0026381582,0.002314487,0.0020587789,0.0018809901,0.0017401539,0.0016458863,0.0015951003,0.001573765,0.0015465247,0.0014846148,0.0014142944,0.0013060378,0.0011767346,0.0010112028,0.0008322252,0,0,0,0,0.00032210071,0.00028185811,0.00024862264,0.00022483559,0.0002023675,0.00017001104,0.00013925649,0.00011095736,8.5585969e-05,6.563303e-05,5.0317314e-05,3.8295206e-05,2.8119124e-05,1.886784e-05,9.9383742e-06,2.7589267e-06,-4.5510533e-06,-1.3091994e-05,-2.2774737e-05,-3.4938537e-05,-5.0949719e-05,-6.8507739e-05,-8.878237e-05,-0.00011572082,-0.00014617489,-0.0001769581,-0.00021364776,-0.00025359617,-0.00028878063,-0.00031759066,-0.00034772733,0,0,0,-0.0003855793,-0.00037796295,-0.00037191255,-0.00036968067,-0.00036675215,-0.00035961918,-0.0003547259,-0.00035061454,-0.00033800965,-0.0003216888,-0.00029852337,-0.00027198973,-0.00024087704,-0.00020645288,-0.00017237994,-0.00013972948,-0.00010636718,-7.3986317e-05,-4.6058387e-05,-1.8661407e-05,7.8398371e-06,3.1342861e-05,5.0263148e-05,6.710046e-05,8.0993792e-05,8.5941509e-05,8.7980647e-05,8.4241416e-05,7.1296963e-05,5.2171381e-05,2.281104e-05,0,0,0
-1.5284500000000001,-0.00075006596,-0.00079245772,-0.00081808993,-0.00081433298,-0.00079179095,-0.00074125209,-0.00059477368,-0.00038025051,-0.00010028901,0.00028951629,0.00078363973,0.001366813,0.0020310108,0.0029012647,0,0,0,0.0068288236,0.0076256874,0.0081715155,0.0085337814,0.0087067466,0.0088387839,0.0086237304,0.0082497997,0.0077635623,0.0071128351,0.0064179325,0.0057404316,0.0050508678,0.0044042463,0.0038260657,0.0032920705,0.0028343538,0.0024629808,0.0021416673,0.0019055631,0.0017307639,0.0016018332,0.001517318,0.0014805497,0.001453654,0.0014035052,0.0013460357,0.0012620725,0.0011513301,0.0010215844,0.00086103089,0,0,0,0,0.00032930181,0.00028582342,0.00025028776,0.00022081018,0.00019796719,0.00016706761,0.0001359684,0.00010926941,8.562181e-05,6.5996981e-05,5.0878451e-05,3.9014951e-05,2.8768514e-05,2.018669e-05,1.2084004e-05,5.1476345e-06,-1.7303028e-06,-9.6357398e-06,-1.9082974e-05,-2.9877148e-05,-4.4229033e-05,-6.1462168e-05,-7.8787649e-05,-0.00010229135,-0.00013116474,-0.00016008204,-0.00019302224,-0.00023012373,-0.00026753693,-0.00029504657,-0.00032145882,0,0,0,-0.00036586556,-0.00036389389,-0.0003591975,-0.00035870701,-0.00035987026,-0.00035461888,-0.00035151877,-0.00034630406,-0.00033259741,-0.00031527999,-0.00029222958,-0.00026528852,-0.00023551048,-0.00020186542,-0.00016713436,-0.0001365019,-0.0001045685,-7.2678959e-05,-4.4768363e-05,-1.75065e-05,9.3872277e-06,3.3892673e-05,5.2657517e-05,6.9439549e-05,8.3075625e-05,8.7947177e-05,8.8438937e-05,8.5902917e-05,7.4515534e-05,5.5261789e-05,3.0918196e-05,0,0,0
-1.48431,-0.00082756736,-0.00088298565,-0.00092764222,-0.00093690504,-0.00091157859,-0.00085277681,-0.00070412492,-0.00046476256,-0.00015353016,0.00026545441,0.00089591625,0.0016732698,0.0026039244,0.0036287201,0,0,0,0.0080573224,0.0091447774,0.010001427,0.0104849,0.010851281,0.010848291,0.010450226,0.0099207489,0.009245229,0.0084335925,0.0075083054,0.0066610062,0.0058258604,0.0049506021,0.00427604,0.003661532,0.003072036,0.0026457035,0.0022774863,0.00195121,0.001730411,0.0015619699,0.0014432027,0.0013924877,0.0013554057,0.0013263687,0.0012744388,0.0012111242,0.0011136491,0.001006759,0.00086820417,0,0,0,0,0.0003405337,0.00029439657,0.00025445374,0.00021873813,0.0001910546,0.00016556197,0.00013415664,0.00010746031,8.4380677e-05,6.5145439e-05,5.0631177e-05,4.0565326e-05,3.0606221e-05,2.2092052e-05,1.494446e-05,7.8998128e-06,9.807045e-07,-6.2096369e-06,-1.5303332e-05,-2.5833651e-05,-3.7637365e-05,-5.4044445e-05,-7.0978305e-05,-8.9811801e-05,-0.00011705459,-0.00014588339,-0.00017591736,-0.00021012132,-0.00024521924,-0.00027427217,-0.00029538225,0,0,0,-0.00034244635,-0.00034663154,-0.00034331449,-0.0003461467,-0.00035254713,-0.0003487877,-0.00034504937,-0.00034085655,-0.00032749484,-0.00030888442,-0.00028769398,-0.00026014275,-0.00022941823,-0.00019831923,-0.00016458322,-0.00013391832,-0.00010418266,-7.2094263e-05,-4.2808773e-05,-1.7046179e-05,1.0358884e-05,3.6298428e-05,5.4222557e-05,6.9917529e-05,8.2969847e-05,8.9765083e-05,8.972839e-05,8.6649081e-05,7.9040219e-05,5.9567086e-05,3.5223686e-05,0,0,0
-1.44017,-0.00093107426,-0.00099410128,-0.0010498719,-0.0010584851,-0.0010395322,-0.00097403268,-0.00082086981,-0.00055434485,-0.00016180705,0.00036267517,0.0010850355,0.00198439,0.0030451976,0.0042342893,0,0,0,0.010076836,0.011380006,0.012516372,0.012847332,0.01306468,0.013091162,0.012542326,0.011849362,0.011029276,0.010038405,0.0088621071,0.0077258409,0.0067290571,0.0057109827,0.0048006284,0.0040969388,0.0034186344,0.0028289328,0.0024014369,0.0020340134,0.0017354249,0.0015373857,0.0013889079,0.001317181,0.0012705122,0.0012302594,0.0011973674,0.0011469374,0.0010664829,0.00096677709,0.00085311721,0,0,0,0,0.00034240854,0.00029315482,0.00024985123,0.00021706581,0.00018688243,0.00015947869,0.00013182197,0.00010585205,8.5049578e-05,6.7057612e-05,5.2929528e-05,4.2326596e-05,3.3371201e-05,2.4570501e-05,1.7148051e-05,1.0752931e-05,4.0368323e-06,-3.0880619e-06,-1.1199008e-05,-2.1393644e-05,-3.2827782e-05,-4.6682922e-05,-6.3327621e-05,-8.1544567e-05,-0.00010411395,-0.00013153302,-0.00015917997,-0.0001890784,-0.00022121654,-0.00024844738,-0.00027219474,0,0,0,-0.00032165364,-0.000330918,-0.00033288001,-0.0003367638,-0.00034368952,-0.00034349409,-0.00033936865,-0.00033481998,-0.0003235692,-0.00030168425,-0.00027853559,-0.00025267011,-0.00022284586,-0.00019300534,-0.000161784,-0.00013094887,-0.00010207774,-7.1696457e-05,-4.0562423e-05,-1.4554684e-05,1.1489443e-05,3.7039295e-05,5.5919285e-05,7.1252733e-05,8.3752595e-05,9.1478665e-05,9.1372691e-05,8.676228e-05,7.9211342e-05,6.2885854e-05,3.9718649e-05,0,0,0
-1.3960399999999999,-0.0010283332,-0.0010975252,-0.0011613483,-0.0011900696,-0.0011829231,-0.0011202866,-0.00095250807,-0.00064953836,-0.00021555438,0.00036461139,0.0011706697,0.0021630959,0.0035546548,0.0051962477,0,0,0,0.012344215,0.013666387,0.014949927,0.015461784,0.01578398,0.015866343,0.015353905,0.014320801,0.013174892,0.01194973,0.010492598,0.0090528112,0.0077753067,0.0065721143,0.0054273903,0.0045192218,0.0037732208,0.003076914,0.0025488511,0.002140227,0.001784972,0.001529227,0.0013486972,0.0012442609,0.001190108,0.0011404611,0.0011024997,0.001073204,0.0010057183,0.00091651827,0.00081951846,0,0,0,0,0.00034268358,0.00029136639,0.00024745989,0.00021478938,0.00018613506,0.00015848129,0.00013278953,0.00010878712,8.8392044e-05,7.0120928e-05,5.5740013e-05,4.461842e-05,3.6017918e-05,2.788753e-05,2.0458676e-05,1.4207072e-05,7.6884389e-06,4.6384957e-07,-7.4074851e-06,-1.710176e-05,-2.8259688e-05,-4.0583021e-05,-5.5370809e-05,-7.2451716e-05,-9.1881724e-05,-0.00011668964,-0.00014261232,-0.00017104903,-0.00020039061,-0.00022619843,-0.0002500221,0,0,0,-0.00030353293,-0.00031515345,-0.00032000578,-0.00032546182,-0.00033314835,-0.00033630384,-0.00033069745,-0.00032266739,-0.00031192516,-0.00029097265,-0.00026785882,-0.00024360583,-0.0002155198,-0.00018653182,-0.00015789371,-0.00012753239,-9.8441982e-05,-6.9499234e-05,-3.8175986e-05,-1.1987172e-05,1.3153465e-05,3.8047529e-05,5.7875757e-05,7.2341994e-05,8.3380975e-05,9.0474954e-05,9.0813446e-05,8.6387518e-05,7.8488723e-05,6.5330561e-05,4.4183787e-05,0,0,0
-1.3519000000000001,0,0,0,0,0,0,0,0,0,0,0,0,0,0,0,0,0,0,0,0,0,0,0,0,0,0,0,0,0,0,0,0,0,0,0,0,0,0,0,0,0,0,0,0,0,0,0,0,0,0,0,0,0,0,0,0,0,0,0,0,0,0,0,0,0,0,0,0,0,0,0,0,0,0,0,0,0,0,0,0,0,0,0,0,0,0,0,0,0,0,0,0,0,0,0,0,0,0,0,0,0,0,0,0,0,0,0,0,0,0,0,0,0,0,0,0,0,0,0,0
-1.30776,-0.0012560558,-0.0013589598,-0.0014600446,-0.0015285201,-0.001513642,-0.0014515623,-0.0013101664,-0.00088188425,-0.00029486511,0.00049462309,0.001681,0.0031897188,0.0049955412,0.0071067112,0,0,0,0.018601166,0.020938711,0.022471981,0.023491165,0.023646988,0.023005519,0.022316195,0.020698784,0.018730329,0.016674938,0.014481584,0.012395366,0.010398808,0.008600669,0.0071193269,0.0057246247,0.0045679891,0.003710479,0.0029514004,0.0023403619,0.0019146572,0.0015567893,0.0012892527,0.0011213763,0.0010424573,0.00098658539,0.00092912966,0.00090501411,0.00086485886,0.00079589005,0.00071805622,0,0,0,0,0.00033281045,0.00028618152,0.00024723937,0.00021198028,0.00018593676,0.00016450555,0.00013722638,0.00011522495,9.7313408e-05,7.9957172e-05,6.5343163e-05,5.4103984e-05,4.4706569e-05,3.6336402e-05,2.9259474e-05,2.2747714e-05,1.5986385e-05,9.005611e-06,1.5342339e-06,-7.1177055e-06,-1.7041122e-05,-2.8323957e-05,-4.0932187e-05,-5.4674354e-05,-7.1757771e-05,-9.1311733e-05,-0.00011176227,-0.00013455068,-0.00015913995,-0.00018242426,-0.00020088264,0,0,0,-0.00026523214,-0.00028065758,-0.00029234012,-0.00030067741,-0.00030841239,-0.00031294455,-0.00030829562,-0.00029937355,-0.00028593518,-0.00026753501,-0.00024616718,-0.00022333414,-0.00020026126,-0.00017519275,-0.00014773879,-0.00012032606,-9.2454298e-05,-6.1591389e-05,-3.1526219e-05,-4.4166673e-06,1.9654315e-05,4.1730025e-05,6.0919661e-05,7.3197836e-05,8.3135244e-05,8.9208639e-05,8.8495421e-05,8.445666e-05,7.6814133e-05,6.4311549e-05,4.8005342e-05,0,0,0
-1.26362,-0.0013680055,-0.0014808052,-0.0016068741,-0.0017163451,-0.0017154985,-0.0016351523,-0.0014808092,-0.0010555638,-0.00038630422,0.00047010882,0.0016968008,0.003679228,0.0061239237,0.0090448903,0,0,0,0.022317577,0.024952997,0.027004354,0.028685465,0.029046832,0.028407346,0.027026102,0.024847919,0.022343934,0.019758292,0.017077949,0.014469414,0.01206337,0.009831449,0.0079670586,0.0064330585,0.0050702034,0.0040358477,0.0032180985,0.002509237,0.0019909076,0.0016017451,0.0012942827,0.0010898692,0.00098455383,0.00091570505,0.00085572497,0.00081416988,0.00077737786,0.00072242925,0.00066029793,0,0,0,0,0.0003202238,0.00027735293,0.0002453457,0.00021426388,0.00018860123,0.00017017596,0.00014590568,0.00012278224,0.00010457,8.783838e-05,7.2173592e-05,6.025473e-05,5.0911811e-05,4.1824169e-05,3.4470882e-05,2.8149792e-05,2.1325101e-05,1.3929219e-05,6.5075474e-06,-1.8492465e-06,-1.1549848e-05,-2.1713335e-05,-3.3349701e-05,-4.5293622e-05,-6.0475228e-05,-7.8794452e-05,-9.7913973e-05,-0.00011811391,-0.00014031027,-0.00016332511,-0.00018077384,0,0,0,-0.00024857238,-0.00026490254,-0.00027910998,-0.00028767626,-0.00029525178,-0.00029874587,-0.00029189052,-0.00028245841,-0.00026979292,-0.00025313205,-0.00023357374,-0.0002122345,-0.00019038763,-0.00016746418,-0.00013998723,-0.00011071923,-8.3485487e-05,-5.4099037e-05,-2.4597917e-05,2.1924798e-06,2.4706864e-05,4.5287627e-05,6.284062e-05,7.3099021e-05,8.0818427e-05,8.6436732e-05,8.6402863e-05,8.1947095e-05,7.5316959e-05,6.3929037e-05,4.794561e-05,0,0,0
-1.21949,-0.0015027057,-0.0016461394,-0.0017872918,-0.001919684,-0.0019406208,-0.0018520629,-0.0016768738,-0.0012918441,-0.00045687472,0.00068791863,0.0022017192,0.004502628,0.0073204637,0.010669707,0,0,0,0.027752612,0.031395569,0.03472678,0.036150895,0.035664368,0.034728859,0.032611582,0.029776324,0.02652891,0.023236314,0.019941518,0.016562104,0.013816871,0.011305438,0.0089557283,0.0072417418,0.0057383962,0.0043800049,0.0034641433,0.0026960596,0.0020562503,0.0016426182,0.0013160519,0.0010667628,0.00093413255,0.00084658182,0.00079364743,0.00074292277,0.0007107514,0.0006650865,0.00060403656,0,0,0,0,0.0003094092,0.00027358209,0.0002483046,0.00022228721,0.00019546137,0.00017541843,0.00015615855,0.00013189472,0.0001127505,9.7305056e-05,8.0736252e-05,6.7644498e-05,5.7906356e-05,4.8438531e-05,4.0349994e-05,3.3827888e-05,2.7184515e-05,1.9605257e-05,1.2055229e-05,4.7879075e-06,-4.4250592e-06,-1.4178528e-05,-2.5272609e-05,-3.7157566e-05,-5.0198621e-05,-6.7327637e-05,-8.5274391e-05,-0.00010273839,-0.00012246374,-0.00014406384,-0.00016229364,0,0,0,-0.00023110137,-0.00024782895,-0.00026448542,-0.00027136353,-0.00027717042,-0.00028135005,-0.00027551461,-0.0002654547,-0.0002534361,-0.00023812248,-0.00021936026,-0.00020021897,-0.00017818558,-0.00015547997,-0.00013162503,-0.00010209839,-7.3980395e-05,-4.7043322e-05,-1.7911068e-05,8.9331816e-06,2.9195759e-05,4.7092952e-05,6.2831103e-05,7.3030023e-05,7.9654419e-05,8.4245679e-05,8.5397369e-05,7.9941557e-05,7.2190291e-05,6.2293584e-05,4.6955192e-05,0,0,0
-1.1753499999999999,-0.0016389638,-0.0017980086,-0.0019584154,-0.0021021999,-0.0021432168,-0.002074651,-0.0018258402,-0.0013636111,-0.00052250968,0.00079839677,0.0024789907,0.0048918631,0.0080466224,0.012472154,0,0,0,0.035580724,0.03901384,0.042112075,0.044332854,0.043265946,0.041980535,0.039644193,0.03590342,0.031511821,0.027203679,0.023307597,0.01936486,0.015837483,0.012995316,0.010275448,0.0079705194,0.0062970966,0.0048479526,0.0036756848,0.0028765055,0.0022050873,0.0016802776,0.0013393012,0.0010794385,0.00090987748,0.00081154337,0.00073965569,0.00068572973,0.0006441375,0.00059382722,0.00053774758,0,0,0,0,0.00030565963,0.00027345325,0.00024883272,0.00022493266,0.00020439048,0.00018391092,0.00016539132,0.00014442162,0.00012411206,0.00010813462,9.0989226e-05,7.6728276e-05,6.5728716e-05,5.6006822e-05,4.7249927e-05,4.0073071e-05,3.3763907e-05,2.6240934e-05,1.8657589e-05,1.1291828e-05,2.4981418e-06,-7.1024697e-06,-1.7460839e-05,-2.8533177e-05,-4.0537037e-05,-5.4700657e-05,-7.1818329e-05,-8.8108369e-05,-0.00010602716,-0.00012592247,-0.00014390543,0,0,0,-0.00021555462,-0.00023153034,-0.0002481699,-0.00025637713,-0.00026109887,-0.00026409878,-0.00025963192,-0.00024813425,-0.0002358245,-0.00022224948,-0.0002045428,-0.00018672431,-0.0001670834,-0.00014460104,-0.00012151904,-9.372436e-05,-6.3295403e-05,-3.6141362e-05,-9.4604384e-06,1.6004671e-05,3.4785931e-05,5.0947594e-05,6.4733053e-05,7.4299962e-05,7.8567995e-05,8.1041289e-05,8.1504666e-05,7.6473079e-05,6.8583904e-05,5.8912567e-05,4.5658438e-05,0,0,0
-1.13121,-0.0017535677,-0.0019440132,-0.0021340258,-0.0022990829,-0.0023513585,-0.0022836463,-0.0020486072,-0.001567448,-0.0006859214,0.00066147372,0.0029056016,0.0060777348,0.010357516,0.015748601,0,0,0,0.042628545,0.047504634,0.052040771,0.055520888,0.055272236,0.052115873,0.048240803,0.043453142,0.037743509,0.03216134,0.027114728,0.022371,0.017969863,0.014433987,0.011519657,0.00888386,0.0068862797,0.0053479886,0.0040150583,0.0030485648,0.0023484475,0.0017745206,0.0013781307,0.0011053543,0.00090691913,0.00078426802,0.00069407379,0.00062905432,0.00059009681,0.00054650707,0.0005056503,0,0,0,0,0.00029462119,0.00026872288,0.00025270914,0.00023360655,0.00021659439,0.00019811897,0.00017913713,0.00015787556,0.00013769773,0.00012050627,0.00010267152,8.7083565e-05,7.4799078e-05,6.4287276e-05,5.4872962e-05,4.7181147e-05,4.0692452e-05,3.2937311e-05,2.5361614e-05,1.7869934e-05,9.8948531e-06,1.0366275e-06,-8.4240455e-06,-1.892796e-05,-3.0472451e-05,-4.345661e-05,-5.9096194e-05,-7.4642012e-05,-9.1118629e-05,-0.00010952783,-0.00012791451,0,0,0,-0.00020041592,-0.00021616519,-0.00023209472,-0.00024043143,-0.00024278765,-0.00024302248,-0.00023965814,-0.00022904987,-0.00021746624,-0.00020540431,-0.00018930908,-0.00017253218,-0.00015390273,-0.00013068022,-0.00010550357,-7.9496553e-05,-5.0320559e-05,-2.429901e-05,8.2564929e-07,2.4281466e-05,4.1574709e-05,5.3599364e-05,6.3696571e-05,7.1214847e-05,7.4910517e-05,7.7065779e-05,7.7526856e-05,7.3398747e-05,6.5755106e-05,5.5785378e-05,4.3571388e-05,0,0,0
-1.08708,-0.0018986112,-0.0021122736,-0.0023143939,-0.0025112911,-0.0025905713,-0.0025105316,-0.0023131554,-0.0017174603,-0.00053739827,0.0010723909,0.0036597019,0.007270352,0.011951659,0.018019145,0,0,0,0.054394335,0.062909044,0.066686064,0.069020271,0.069343433,0.064386331,0.058589898,0.052327123,0.044895396,0.037640501,0.030829342,0.025440414,0.020519745,0.016090862,0.012902455,0.010062369,0.0074807126,0.0057786955,0.004371067,0.0031884352,0.0024662842,0.0018880711,0.0014142201,0.0011265883,0.0009132491,0.00077619287,0.00068018818,0.00061108347,0.00057292561,0.00052066677,0.00047323419,0,0,0,0,0.0003008137,0.0002798959,0.00026892661,0.00024934488,0.00022954826,0.00021561197,0.00019640362,0.00017284426,0.00015290834,0.00013393676,0.00011533652,9.8026867e-05,8.4909727e-05,7.4001997e-05,6.3073967e-05,5.4994671e-05,4.8234193e-05,4.0119252e-05,3.303375e-05,2.5957286e-05,1.7937804e-05,9.3968829e-06,2.1375308e-07,-9.6493259e-06,-2.0710133e-05,-3.282621e-05,-4.6335335e-05,-6.1135564e-05,-7.6803954e-05,-9.4162293e-05,-0.00011280155,0,0,0,-0.00018392788,-0.00019791053,-0.0002109234,-0.00021950065,-0.00022232447,-0.00022206127,-0.00021973035,-0.0002097174,-0.00019858996,-0.00018674371,-0.00017220266,-0.00015443889,-0.00013571321,-0.00011576642,-9.061036e-05,-6.4648557e-05,-3.770566e-05,-1.318931e-05,8.3018758e-06,2.7775543e-05,4.1942374e-05,5.2311731e-05,6.1400431e-05,6.8795227e-05,7.1884104e-05,7.3889256e-05,7.339038e-05,6.8996698e-05,6.2076055e-05,5.200029e-05,4.0404404e-05,0,0,0
-1.04294,-0.002028926,-0.0022685241,-0.002485133,-0.0026808188,-0.0028022076,-0.0026374273,-0.0023351908,-0.0018126024,-0.00052352296,0.0013029156,0.0037956592,0.007735014,0.013960423,0.022119448,0,0,0,0.067341909,0.076753013,0.0828996,0.08418595,0.085046872,0.080190405,0.071816415,0.062819585,0.053256415,0.044362184,0.036099553,0.029000688,0.023428025,0.018249653,0.014026215,0.010938447,0.0082543036,0.0061153788,0.0046854289,0.003477314,0.0025548181,0.001981278,0.0015115148,0.0011663572,0.00095162418,0.00079637661,0.00068522658,0.0006010558,0.00054485339,0.00049577036,0.00045038274,0,0,0,0,0.00031911989,0.00029410125,0.0002796317,0.0002690648,0.00024800727,0.00023132598,0.00021598497,0.0001911826,0.00016845998,0.0001491853,0.00013026528,0.00011120681,9.6134412e-05,8.4991916e-05,7.2889001e-05,6.3474232e-05,5.6464931e-05,4.8600898e-05,4.0649651e-05,3.3803932e-05,2.638821e-05,1.7586075e-05,9.0951598e-06,-1.5244041e-07,-1.0043235e-05,-2.1523971e-05,-3.4396871e-05,-4.8185047e-05,-6.3168671e-05,-7.9823105e-05,-9.8020064e-05,0,0,0,-0.00016538186,-0.00017851376,-0.00019092651,-0.00020017804,-0.00020230431,-0.00020158735,-0.00019874226,-0.00018963851,-0.00017885411,-0.00016738348,-0.00015419185,-0.00013803192,-0.00011927258,-9.9511097e-05,-7.697301e-05,-5.1588075e-05,-2.686156e-05,-5.399047e-06,1.3525777e-05,3.0645711e-05,4.4306704e-05,5.2859396e-05,6.0295941e-05,6.5451233e-05,6.7357658e-05,6.8273206e-05,6.7853238e-05,6.4034713e-05,5.7401601e-05,4.8519021e-05,3.7362035e-05,0,0,0
-0.99880000000000002,0,0,0,0,0,0,0,0,0,0,0,0,0,0,0,0,0,0,0,0,0,0,0,0,0,0,0,0,0,0,0,0,0,0,0,0,0,0,0,0,0,0,0,0,0,0,0,0,0,0,0,0,0,0,0,0,0,0,0,0,0,0,0,0,0,0,0,0,0,0,0,0,0,0,0,0,0,0,0,0,0,0,0,0,0,0,0,0,0,0,0,0,0,0,0,0,0,0,0,0,0,0,0,0,0,0,0,0,0,0,0,0,0,0,0,0,0,0,0,0
-0.95467000000000002,-0.0022685018,-0.0025544558,-0.0028055254,-0.0029845624,-0.0031127897,-0.0030390685,-0.0025026838,-0.0016654255,-0.00039031962,0.0023789201,0.0061794063,0.011036132,0.019390984,0.029997049,0,0,0,0.10828523,0.12492654,0.13269284,0.13813326,0.13317832,0.12183724,0.10780524,0.091371626,0.075078145,0.059521027,0.047450837,0.037027344,0.028235516,0.022215515,0.01710829,0.012605716,0.0096178949,0.0071595684,0.0051295958,0.0038901407,0.0029062266,0.0021278658,0.0016630162,0.0012997006,0.0010315569,0.00086718495,0.00074547518,0.00066487212,0.00059919391,0.0005520985,0.0005186866,0,0,0,0,0.00038290501,0.00037060934,0.00034629297,0.00032996037,0.00031356869,0.00028550753,0.00026191259,0.0002391767,0.00020982874,0.00018464524,0.00016384271,0.00014155859,0.00012282576,0.00010754459,9.5339303e-05,8.369756e-05,7.4035612e-05,6.7383604e-05,5.8865066e-05,5.08831e-05,4.4724053e-05,3.6565707e-05,2.7833912e-05,1.9115469e-05,1.0086647e-05,4.3688397e-07,-1.088353e-05,-2.3539798e-05,-3.6018049e-05,-5.0829327e-05,-6.7079251e-05,0,0,0,-0.0001280034,-0.00013820705,-0.00014754696,-0.00015593947,-0.00015753726,-0.0001568052,-0.00015483864,-0.00014901563,-0.00013935685,-0.00012860622,-0.00011566566,-0.00010015893,-8.3582978e-05,-6.3347259e-05,-4.3605913e-05,-2.3945913e-05,-4.8078036e-06,1.0583479e-05,2.1773787e-05,3.0894305e-05,3.9058243e-05,4.4146316e-05,4.8447782e-05,5.2608855e-05,5.5578763e-05,5.6863944e-05,5.6844092e-05,5.5072371e-05,4.8355476e-05,4.0369669e-05,3.110581e-05,0,0,0
-0.91052999999999995,-0.002384797,-0.0026848693,-0.0029193526,-0.0030815024,-0.0030765356,-0.0029020682,-0.0024555342,-0.0014752499,-0.00011720415,0.0023508314,0.0065540653,0.013041932,0.022837957,0.037894536,0,0,0,0.12975365,0.15527192,0.16242862,0.16851735,0.16736382,0.15118296,0.13012429,0.10881025,0.088833451,0.070218064,0.054215647,0.042125642,0.03175804,0.023651281,0.018184813,0.013607142,0.009978734,0.0075439955,0.0055220379,0.0039756363,0.0030230999,0.0022722392,0.0017211846,0.0013749996,0.0011098519,0.00092373654,0.00079536589,0.00070602796,0.00064520095,0.00059907237,0.00057225727,0,0,0,0,0.00044125854,0.00041847199,0.00039827195,0.00037445419,0.00035198114,0.00032494817,0.00029390835,0.00026626542,0.00023486777,0.00020658721,0.00018279164,0.00015866503,0.00013869099,0.0001221709,0.00010815932,9.5810276e-05,8.5289277e-05,7.7311081e-05,6.8714471e-05,6.0596511e-05,5.3586809e-05,4.6466394e-05,3.8144186e-05,2.9596073e-05,2.069374e-05,1.1258415e-05,7.5358003e-07,-1.1350509e-05,-2.3644359e-05,-3.7028873e-05,-5.1745003e-05,0,0,0,-0.00010764915,-0.00011659224,-0.00012529865,-0.00013300902,-0.00013593765,-0.00013537973,-0.00013359041,-0.00012913388,-0.00011943685,-0.000108735,-9.6456148e-05,-8.126942e-05,-6.5020846e-05,-4.7870995e-05,-3.0748488e-05,-1.5632722e-05,-1.1907546e-06,1.2115719e-05,2.1040285e-05,2.8589582e-05,3.4853067e-05,3.916509e-05,4.2803185e-05,4.6798028e-05,5.0228562e-05,5.1615902e-05,5.140658e-05,4.9741167e-05,4.4284661e-05,3.63664e-05,2.7438326e-05,0,0,0
-0.86638999999999999,-0.0024758945,-0.0027524806,-0.0029580081,-0.0031076842,-0.0031136391,-0.0028988703,-0.0024549165,-0.0014800336,0.00051133847,0.0036764173,0.0087894155,0.016388515,0.026886404,0.042930517,0,0,0,0.15642813,0.19298682,0.21011516,0.21086188,0.20660219,0.18921834,0.15999407,0.13134333,0.10448458,0.081048965,0.060688142,0.045544505,0.03454496,0.025511744,0.019119816,0.014487048,0.010584313,0.0077847596,0.0057933261,0.0041711815,0.0030900275,0.0023693135,0.0018053943,0.0014198025,0.0011631331,0.00097674679,0.00085806695,0.00078094122,0.00073946867,0.00070116646,0.00066184066,0,0,0,0,0.00051864679,0.00049031293,0.00046797912,0.00043918809,0.00040587783,0.00037071429,0.00033473514,0.0003011864,0.00026380131,0.00023127989,0.00020428994,0.00017809175,0.00015563903,0.00013795221,0.00012253622,0.00010829966,9.7048222e-05,8.7749635e-05,7.9377074e-05,7.1717623e-05,6.4355023e-05,5.7136203e-05,4.8744896e-05,3.9984938e-05,3.1030166e-05,2.181801e-05,1.2100238e-05,1.1204595e-06,-1.0435298e-05,-2.2527502e-05,-3.6070243e-05,0,0,0,-8.766391e-05,-9.6186399e-05,-0.00010402559,-0.00011144807,-0.00011574397,-0.00011523993,-0.00011334522,-0.00011022692,-0.00010092651,-9.0116453e-05,-7.802622e-05,-6.3847649e-05,-4.9034588e-05,-3.4328114e-05,-1.9458397e-05,-6.7509013e-06,4.9547243e-06,1.5506157e-05,2.157109e-05,2.544386e-05,2.9451163e-05,3.3293734e-05,3.6954818e-05,4.0976545e-05,4.472326e-05,4.6615325e-05,4.6550682e-05,4.4784123e-05,4.0489016e-05,3.3131404e-05,2.4554218e-05,0,0,0
-0.82225999999999999,-0.0025610016,-0.0028543249,-0.0030529834,-0.0031739285,-0.0031522703,-0.0026802167,-0.0018126626,-0.00064717233,0.00163553,0.0051311688,0.0097890561,0.017923625,0.029164108,0.047376238,0,0,0,0.1920583,0.23162523,0.26268971,0.2607832,0.25118524,0.23199612,0.19175357,0.15290746,0.11745757,0.090989403,0.068517745,0.049488347,0.037404165,0.027897129,0.01986064,0.014978463,0.011081982,0.0078593316,0.0058944211,0.0043453379,0.0030917162,0.0023894664,0.0018703012,0.0014597942,0.0012264977,0.0010661473,0.00095515314,0.00087435194,0.0008272822,0.00080926856,0.00075926929,0,0,0,0,0.00062396633,0.0005845658,0.00054751523,0.00051877019,0.00047484529,0.00042606879,0.00038192194,0.00033962535,0.00029697639,0.00025760566,0.00022787394,0.00020066119,0.00017334256,0.00015459323,0.00013922621,0.00012200811,0.00011068741,0.00010097402,9.0838483e-05,8.3022809e-05,7.5445903e-05,6.7680696e-05,5.9279748e-05,5.0981162e-05,4.221977e-05,3.3560642e-05,2.4091543e-05,1.369934e-05,2.3345535e-06,-9.1544252e-06,-2.1497057e-05,0,0,0,-6.7716108e-05,-7.6785538e-05,-8.3512889e-05,-9.0577982e-05,-9.5854557e-05,-9.6150812e-05,-9.4106377e-05,-9.0658832e-05,-8.2734172e-05,-7.1607574e-05,-5.9590049e-05,-4.6631932e-05,-3.3073316e-05,-1.9680179e-05,-6.5694585e-06,1.4956165e-06,7.4625386e-06,1.2604241e-05,1.6274495e-05,1.9368668e-05,2.2714074e-05,2.6710384e-05,3.0657015e-05,3.4852201e-05,3.9465587e-05,4.2202722e-05,4.316173e-05,4.107337e-05,3.6811987e-05,3.0339565e-05,2.1875776e-05,0,0,0
-0.77812000000000003,-0.0026504495,-0.0028988998,-0.0030548759,-0.0029791354,-0.0027664951,-0.0023311044,-0.0012850632,8.6975051e-05,0.0020219712,0.0057913018,0.012345014,0.021241816,0.036059812,0.058326606,0,0,0,0.2257795,0.26891747,0.30457196,0.31349486,0.29473555,0.2697857,0.22682492,0.18016705,0.13768902,0.10254634,0.077103466,0.05512771,0.038811777,0.028973948,0.020964436,0.015017031,0.011275614,0.0081670936,0.0058104214,0.0043778289,0.0032162701,0.0023780896,0.0019133992,0.0015372849,0.0012719856,0.0011240972,0.0010271324,0.00096136623,0.00089937286,0.0008634089,0.00083477882,0,0,0,0,0.00071780081,0.00069561834,0.00064338837,0.00059948023,0.00055659038,0.0004936253,0.00043572579,0.00038489135,0.0003370021,0.00029118435,0.00025370676,0.00022545198,0.00019605298,0.00017283701,0.00015662733,0.00013925164,0.00012439373,0.00011412593,0.00010406313,9.4357922e-05,8.735092e-05,8.0223515e-05,7.1533301e-05,6.3036096e-05,5.4075947e-05,4.5075689e-05,3.5747977e-05,2.5506266e-05,1.4763496e-05,4.3311466e-06,-6.7474029e-06,0,0,0,-4.8407877e-05,-5.792614e-05,-6.4237785e-05,-7.0910341e-05,-7.7395387e-05,-7.7941688e-05,-7.6576303e-05,-7.2486859e-05,-6.4931628e-05,-5.453013e-05,-4.2571526e-05,-2.9801118e-05,-1.9365729e-05,-1.050828e-05,-2.8703789e-06,2.1005453e-06,5.9709387e-06,9.0015646e-06,1.1265183e-05,1.35608e-05,1.6233504e-05,2.0857047e-05,2.6403579e-05,3.1889071e-05,3.6654026e-05,3.9209797e-05,3.9945768e-05,3.8389113e-05,3.3997829e-05,2.7456683e-05,1.9761717e-05,0,0,0
-0.73397999999999997,-0.0026770588,-0.0028650353,-0.0029840232,-0.0028991788,-0.0025735083,-0.0020821129,-0.00094353792,0.0013634101,0.0043960633,0.0092882272,0.016749684,0.025924129,0.039964259,0.064341873,0,0,0,0.25651717,0.30964971,0.34881675,0.36051178,0.34879827,0.31729659,0.26888409,0.21013637,0.15654767,0.11215507,0.081095964,0.058741495,0.04088182,0.029459866,0.021601416,0.015327269,0.011168399,0.0082470514,0.0058763758,0.0043121572,0.0032334486,0.0023897388,0.0018744085,0.0015456382,0.0012977286,0.0011479338,0.0010551764,0.00099244621,0.00093454076,0.00089007372,0.00088045897,0,0,0,0,0.00080376677,0.00080130249,0.00075642322,0.00069833314,0.00064630155,0.00057755306,0.00050491921,0.00043884857,0.00038170454,0.00032885055,0.00028370952,0.00025137729,0.00022036642,0.00019336176,0.00017425201,0.00015696193,0.00014011943,0.00012864015,0.00011955477,0.00010890676,0.00010059871,9.3005125e-05,8.3981198e-05,7.4955788e-05,6.5796354e-05,5.6905952e-05,4.8102924e-05,3.8487866e-05,2.8002691e-05,1.8029532e-05,7.481221e-06,0,0,0,-3.0914067e-05,-4.0852199e-05,-4.7698031e-05,-5.4305296e-05,-6.0251885e-05,-6.1416082e-05,-6.0471022e-05,-5.6510988e-05,-4.9074621e-05,-3.9145365e-05,-2.8951472e-05,-1.9145555e-05,-1.0452751e-05,-3.6923261e-06,1.4841686e-06,4.4051471e-06,6.0372922e-06,6.6123939e-06,6.8155082e-06,8.9768282e-06,1.2692085e-05,1.7397582e-05,2.3182331e-05,2.8913675e-05,3.4237488e-05,3.7047841e-05,3.7261987e-05,3.5852325e-05,3.1831823e-05,2.5342611e-05,1.8093238e-05,0,0,0
-0.68984999999999996,-0.0027496531,-0.0029107113,-0.0029774942,-0.0028450415,-0.0021731183,-0.0010752488,0.00043873192,0.003214888,0.0068969298,0.011417591,0.019337662,0.029407637,0.044967417,0.07449393,0,0,0,0.28293675,0.35155094,0.39598507,0.40845782,0.39798015,0.35383373,0.29392096,0.22726648,0.17056793,0.12312815,0.085183114,0.061712351,0.043435033,0.029490231,0.021556599,0.015522823,0.010847249,0.0080362633,0.0058398172,0.0041001262,0.0030914242,0.0023436947,0.0017914386,0.0015071083,0.0012941628,0.0011466504,0.0010524821,0.00099591492,0.0009662034,0.00091490475,0.00086245779,0,0,0,0,0.00087251281,0.00089087151,0.0008839597,0.00081572984,0.00074571511,0.00066924514,0.00057924155,0.00049911079,0.00042901846,0.00037028478,0.0003198107,0.00027756096,0.00024590013,0.00021724474,0.00019319731,0.00017701884,0.00015960308,0.00014432843,0.00013512146,0.00012410796,0.00011376983,0.0001058769,9.7475262e-05,8.8101173e-05,7.9271173e-05,7.0076894e-05,6.0949831e-05,5.1331273e-05,4.0901978e-05,3.1016189e-05,2.0978974e-05,0,0,0,-1.567853e-05,-2.5005549e-05,-3.1963886e-05,-3.8548416e-05,-4.4837827e-05,-4.6192759e-05,-4.4257184e-05,-4.1054693e-05,-3.4308956e-05,-2.50882e-05,-1.5723472e-05,-7.6102037e-06,-6.4451251e-07,4.9554133e-06,5.7451562e-06,4.5851025e-06,2.6317337e-06,2.1768503e-06,2.2377285e-06,3.6646497e-06,8.0024702e-06,1.3233169e-05,1.9522427e-05,2.6068223e-05,3.1456271e-05,3.5240806e-05,3.4926048e-05,3.3165663e-05,2.9967719e-05,2.3707395e-05,1.6527723e-05,0,0,0
-0.64571000000000001,-0.0027816491,-0.0029097795,-0.0027633961,-0.0024073387,-0.0017414722,-0.0003182572,0.0015757788,0.0040787915,0.0085146129,0.016095173,0.026106523,0.041748557,0.060563654,0.086521685,0,0,0,0.30530146,0.3704513,0.42478427,0.42749935,0.41255599,0.38317287,0.32325208,0.25046587,0.18564808,0.13397002,0.092073604,0.061813146,0.043779872,0.030192036,0.020653907,0.015058611,0.010703418,0.007469777,0.0055478672,0.0040324889,0.0028925883,0.0022395304,0.0017434203,0.0014079912,0.0012274291,0.0011064061,0.0010294104,0.00091747707,0.0008065654,0.00069582014,0.00061845453,0,0,0,0,0.00092335884,0.00095475744,0.00096189789,0.00093163457,0.00085049332,0.00076429569,0.00066456397,0.00057136826,0.00049006421,0.00041575963,0.00035891312,0.00031157309,0.00027255024,0.00024255461,0.00021700042,0.00019690359,0.00017878696,0.00016269262,0.00015033502,0.00014040893,0.00013025795,0.00012108344,0.00011240571,0.00010251304,9.2639129e-05,8.3031286e-05,7.3659059e-05,6.4091008e-05,5.4083615e-05,4.444303e-05,3.5067929e-05,0,0,0,-7.2325929e-07,-1.0006632e-05,-1.6747777e-05,-2.2925115e-05,-2.8421335e-05,-3.096732e-05,-2.8755312e-05,-2.5313861e-05,-2.0169491e-05,-1.1641242e-05,-2.9822704e-06,2.0911009e-06,4.3571426e-06,5.0699518e-06,4.158193e-06,1.886453e-06,-9.7325528e-07,-2.9132198e-06,-3.0301758e-06,-1.2042465e-06,3.9746701e-06,1.0855084e-05,1.8178174e-05,2.4949017e-05,2.9825569e-05,3.3451248e-05,3.3875443e-05,3.1663025e-05,2.8065282e-05,2.2384094e-05,1.545363e-05,0,0,0
-0.60157000000000005,-0.002782396,-0.0028644823,-0.002704829,-0.0022033583,-0.0014487103,0.0001345799,0.0032463649,0.0072930157,0.013795533,0.023502495,0.034713291,0.050179668,0.071396142,0.097114116,0,0,0,0.32297873,0.38198173,0.43701005,0.45650193,0.43736255,0.40893245,0.35081854,0.26521432,0.19131589,0.13459523,0.093834601,0.062474117,0.042363208,0.029494628,0.019938515,0.014049813,0.010247625,0.0071996171,0.0051594949,0.0038024788,0.0027075743,0.0019948622,0.0015709989,0.0012697931,0.0010671476,0.00091969315,0.00078746676,0.00066092657,0.0005343724,0.0004188345,0.00034113508,0,0,0,0,0.00082771294,0.00096458755,0.0010191556,0.0010282942,0.00097221741,0.00088079926,0.00075996667,0.00064814556,0.00055269653,0.00046587567,0.00039889099,0.00034755724,0.00030328988,0.00026793178,0.00024105229,0.00021889871,0.00019933018,0.00018365803,0.00016972217,0.00015829185,0.00014743034,0.0001368879,0.00012731539,0.00011690875,0.00010656861,9.6627926e-05,8.7254281e-05,7.7618315e-05,6.7514244e-05,5.7562425e-05,4.8469938e-05,0,0,0,1.3924835e-05,4.7372732e-06,-2.4888413e-06,-8.2340648e-06,-1.3360468e-05,-1.696477e-05,-1.5135851e-05,-1.1504453e-05,-7.4175578e-06,-1.9865247e-06,2.876799e-06,6.5292606e-06,7.3158585e-06,6.0514431e-06,3.3809461e-06,-3.1291859e-07,-3.8046146e-06,-6.2400959e-06,-5.5415976e-06,-2.1185051e-06,3.056917e-06,9.7897773e-06,1.7072463e-05,2.4559919e-05,2.9504163e-05,3.2022785e-05,3.2197098e-05,2.9648198e-05,2.5862937e-05,2.0838448e-05,1.4399863e-05,0,0,0
-0.55744000000000005,-0.0028509672,-0.0028831256,-0.0027236706,-0.0019653337,-0.00065099221,0.001295191,0.0051616719,0.010295311,0.016698007,0.02778418,0.041163601,0.061663002,0.093464933,0.13102688,0,0,0,0.34607208,0.40165323,0.44979745,0.47420466,0.44166452,0.39655516,0.34463474,0.2659519,0.19366655,0.13218668,0.092035316,0.062246807,0.040107887,0.027973773,0.01945474,0.012965375,0.0094038798,0.0067006107,0.0045267125,0.0033060443,0.0024172321,0.0016789917,0.0013039266,0.0010325471,0.00082352292,0.00066459272,0.00051870383,0.00040982105,0.0002715569,5.5786863e-05,-0.00017495081,0,0,0,0,0.00061864872,0.00092932954,0.001060063,0.0010898756,0.0010864269,0.00098785921,0.000853098,0.00072483136,0.00061980076,0.00052628771,0.00044163258,0.00038560567,0.00033849158,0.00029343698,0.00026631332,0.00024390315,0.00022081062,0.00020459725,0.00019007482,0.00017602787,0.00016462684,0.00015378768,0.00014293283,0.00013247639,0.00012165705,0.00011055378,0.00010067411,9.083093e-05,8.0529935e-05,7.016481e-05,6.1326085e-05,0,0,0,2.8094199e-05,1.8876788e-05,1.0789304e-05,4.9914715e-06,5.1686584e-07,-2.6223806e-06,-1.9649051e-06,8.3145278e-07,3.8315311e-06,7.6438437e-06,1.0487628e-05,1.2024037e-05,1.2069155e-05,7.5059461e-06,2.3271828e-06,-2.9613013e-06,-5.9114914e-06,-7.5639437e-06,-8.0600976e-06,-4.1919557e-06,1.907056e-06,8.7884428e-06,1.6015583e-05,2.2913255e-05,2.8195294e-05,2.9880664e-05,2.9739393e-05,2.7862827e-05,2.4178007e-05,1.953615e-05,1.3327823e-05,0,0,0
-0.51329999999999998,0,0,0,0,0,0,0,0,0,0,0,0,0,0,0,0,0,0,0,0,0,0,0,0,0,0,0,0,0,0,0,0,0,0,0,0,0,0,0,0,0,0,0,0,0,0,0,0,0,0,0,0,0,0,0,0,0,0,0,0,0,0,0,0,0,0,0,0,0,0,0,0,0,0,0,0,0,0,0,0,0,0,0,0,0,0,0,0,0,0,0,0,0,0,0,0,0,0,0,0,0,0,0,0,0,0,0,0,0,0,0,0,0,0,0,0,0,0,0,0
-0.46916000000000002,-0.0030661817,-0.0030004315,-0.002574364,-0.001799859,-0.0001612776,0.0030506684,0.0078921253,0.016260294,0.029400546,0.046875045,0.07439322,0.10637154,0.14169642,0.19345847,0,0,0,0.38488197,0.42483526,0.44258958,0.43721902,0.42168775,0.37610632,0.31396985,0.24601802,0.17907593,0.1246933,0.081162944,0.052904591,0.035060409,0.022106096,0.015019503,0.010588394,0.0071910135,0.0050481558,0.0035386644,0.0023154691,0.0015462989,0.0010095361,0.00056908652,0.00027704798,6.6291541e-05,-0.00014649145,-0.00043766387,-0.00079596881,-0.0010582791,-0.0013513486,-0.0016201129,0,0,0,0,-0.00011651404,0.0004316885,0.00093628652,0.0011407007,0.0011973851,0.0011905855,0.0010687457,0.00090594974,0.0007611193,0.00064683513,0.00054661673,0.00046236379,0.00040486149,0.00035841647,0.00031709269,0.00029120647,0.00027130303,0.00024905501,0.0002323279,0.00021834951,0.00020257976,0.00018924868,0.00017689151,0.00016339135,0.00015065091,0.00013843845,0.00012626847,0.00011577662,0.00010536632,9.4801042e-05,8.5571497e-05,0,0,0,5.2599215e-05,4.5401412e-05,3.756252e-05,3.2545489e-05,2.8441735e-05,2.5582987e-05,2.4492889e-05,2.3522585e-05,2.2070852e-05,2.0079795e-05,1.8254754e-05,1.4364006e-05,8.977262e-06,3.5179196e-06,-2.2145689e-06,-7.3419183e-06,-1.0624266e-05,-9.6092799e-06,-7.1633967e-06,-4.1261483e-06,2.8717359e-06,1.0266504e-05,1.7271193e-05,2.289501e-05,2.6732432e-05,2.9073208e-05,2.8667089e-05,2.6137128e-05,2.2766242e-05,1.8792914e-05,1.3428598e-05,0,0,0
-0.42502000000000001,-0.0031861556,-0.003216913,-0.0027842408,-0.0018081758,-0.00013662898,0.003634498,0.0095130773,0.01756875,0.032351404,0.052811831,0.086144388,0.1347416,0.19055399,0.25263152,0,0,0,0.4230054,0.44578075,0.45262778,0.42348585,0.38651615,0.34531054,0.28541315,0.22199544,0.15787239,0.10900822,0.071982697,0.04541897,0.030923061,0.020511579,0.012939067,0.0089321882,0.006054752,0.0039181476,0.0026133871,0.0016952006,0.00097500999,0.00055331562,0.00016145594,-0.00019856822,-0.00046451017,-0.00069990382,-0.00097077899,-0.0013942299,-0.0018016319,-0.002236037,-0.002596247,0,0,0,0,-0.00066256896,4.2749569e-05,0.00069507211,0.0011338731,0.0012273006,0.0012401915,0.001165654,0.00099521666,0.00084169803,0.00070731936,0.00060164212,0.00050883275,0.00043375976,0.00038764943,0.00034644621,0.00031339141,0.0002958398,0.0002737086,0.00025342946,0.00023873427,0.00022219068,0.00020536505,0.00019200736,0.00017825112,0.00016393268,0.00015138702,0.00013879036,0.00012746284,0.00011666714,0.00010570869,9.5979849e-05,0,0,0,6.3924585e-05,5.6911867e-05,5.0100072e-05,4.4353706e-05,3.9798015e-05,3.5774334e-05,3.2848162e-05,3.0895702e-05,2.8232482e-05,2.4410103e-05,2.0877875e-05,1.604122e-05,8.7684684e-06,2.4488145e-06,-2.5491254e-06,-6.410427e-06,-9.3208291e-06,-8.7702738e-06,-5.4490829e-06,-1.646918e-06,4.4681042e-06,1.1888313e-05,1.8353008e-05,2.3905088e-05,2.7063548e-05,2.8813945e-05,2.9077253e-05,2.6420104e-05,2.2862052e-05,1.8704002e-05,1.4306538e-05,0,0,0
-0.38089000000000001,-0.00350208,-0.0035178703,-0.0031781439,-0.0020630967,-0.00015613087,0.0031184172,0.0098334122,0.020301377,0.03624697,0.067419767,0.11035037,0.16176978,0.2283196,0.30077016,0,0,0,0.47691649,0.4685939,0.45082465,0.41653416,0.3616634,0.31108093,0.25464603,0.19509974,0.14003488,0.095497146,0.064983584,0.04159398,0.02559123,0.016833181,0.010509947,0.0063475091,0.0044880481,0.003093882,0.0019201888,0.0012029475,0.00057805143,3.6987418e-05,-0.00033641653,-0.00068189204,-0.001004409,-0.0013258997,-0.0017369511,-0.0022644121,-0.0027960155,-0.0032586716,-0.0036824569,0,0,0,0,-0.0012678541,-0.00032423995,0.00043785013,0.00098932628,0.0012585782,0.0012968685,0.001257756,0.0010876227,0.00091770256,0.00077102683,0.00064455281,0.00054935494,0.00047146564,0.0004135652,0.00037323567,0.00034049063,0.00031721982,0.00029621684,0.00027525154,0.00025641668,0.00024010008,0.00022275448,0.00020666201,0.00019269028,0.00017808605,0.00016296876,0.00014924596,0.00013697926,0.00012567188,0.00011502104,0.00010523606,0,0,0,7.4086682e-05,6.6650879e-05,5.9619873e-05,5.3982207e-05,4.94981e-05,4.5489327e-05,4.1859366e-05,3.9096944e-05,3.5029705e-05,2.7830427e-05,2.1060023e-05,1.440161e-05,7.361823e-06,1.0579615e-06,-3.1543284e-06,-6.617191e-06,-8.9810037e-06,-7.0883352e-06,-2.9913933e-06,1.9724885e-06,7.8422454e-06,1.447983e-05,2.0394988e-05,2.529803e-05,2.881121e-05,2.9979879e-05,3.0093743e-05,2.8436698e-05,2.5373742e-05,2.1432137e-05,1.657804e-05,0,0,0
-0.33674999999999999,-0.0037892675,-0.0038394015,-0.0035033994,-0.0026339367,-0.00074026315,0.0028102645,0.0098494142,0.022435462,0.040174633,0.071452193,0.12192285,0.18188928,0.25653189,0.34823424,0,0,0,0.53543168,0.5161373,0.47280058,0.41827822,0.34629822,0.28592405,0.2269475,0.17106849,0.12171728,0.080902532,0.051761255,0.032421499,0.019126907,0.012430498,0.0083017386,0.0052450895,0.0033815387,0.002256325,0.0012488328,0.00049730064,-1.4343299e-05,-0.00046857586,-0.00087190652,-0.0012370571,-0.001640371,-0.0020461697,-0.0025463505,-0.0031334958,-0.0037409796,-0.0042444328,-0.0047286749,0,0,0,0,-0.0019330829,-0.00080857612,0.00013781898,0.00082893297,0.0012130309,0.0013421467,0.0013156584,0.0011536572,0.00098072307,0.00083048851,0.00069588656,0.00058905757,0.00050883956,0.00044286999,0.00039522169,0.00036368216,0.00033819067,0.00031653087,0.00029594632,0.0002754351,0.00025751602,0.00023971201,0.00022011338,0.00020307238,0.00018728737,0.00017161481,0.0001573897,0.0001450906,0.00013398628,0.00012340967,0.0001132985,0,0,0,8.1843362e-05,7.5093914e-05,6.8284338e-05,6.2763087e-05,5.8747646e-05,5.3867589e-05,4.7801921e-05,4.1969619e-05,3.5074685e-05,2.7111411e-05,1.9508541e-05,1.2703911e-05,5.5003529e-06,-1.2089449e-06,-3.3642218e-06,-4.4342314e-06,-4.5556058e-06,-1.8392102e-06,2.057657e-06,6.7472997e-06,1.2064278e-05,1.8417484e-05,2.3870001e-05,2.8363658e-05,3.2146785e-05,3.3736556e-05,3.3773453e-05,3.2049138e-05,2.8729319e-05,2.4523215e-05,1.9327919e-05,0,0,0
-0.29260999999999998,-0.0041521532,-0.0044978028,-0.0043780683,-0.0037574789,-0.0018995572,0.0020783152,0.0083263163,0.021520004,0.041456379,0.071216829,0.13067763,0.2120143,0.29347441,0.39482427,0,0,0,0.59832835,0.56809646,0.49671033,0.41486225,0.33072847,0.26438695,0.20036173,0.14095938,0.095160015,0.062529959,0.03947366,0.025943428,0.016659802,0.0097480379,0.0061049508,0.003651279,0.0018756553,0.0010068407,0.00046874583,-0.00010262057,-0.00045315642,-0.00080220122,-0.0013129165,-0.0017684475,-0.0022460157,-0.0026840456,-0.003262423,-0.0039806347,-0.0047206692,-0.0052489694,-0.0057071168,0,0,0,0,-0.0027223825,-0.0013548546,-0.00014437363,0.00070334412,0.0011213794,0.0013725795,0.0013691399,0.0012287558,0.0010447541,0.00088886212,0.00074786867,0.00061812002,0.00053445238,0.000469566,0.00041172368,0.00038275655,0.00035947966,0.0003356525,0.00031469794,0.00029194824,0.00026825874,0.00024879846,0.00022969865,0.0002104493,0.00019503298,0.00017983359,0.00016458963,0.00015135249,0.00013976065,0.00012867998,0.0001184704,0,0,0,8.8423025e-05,8.3023493e-05,7.5440315e-05,6.8199595e-05,6.3252955e-05,5.6865898e-05,5.0022572e-05,4.3638163e-05,3.6015957e-05,2.7253844e-05,1.807198e-05,1.1984696e-05,6.3927505e-06,1.3315184e-06,4.2867782e-07,3.7666564e-07,7.2770388e-07,3.3003423e-06,7.7362683e-06,1.2180326e-05,1.7244236e-05,2.3540371e-05,2.8944189e-05,3.3182518e-05,3.6447276e-05,3.832236e-05,3.8076083e-05,3.6225832e-05,3.2455755e-05,2.8072183e-05,2.2774771e-05,0,0,0
-0.24848000000000001,-0.004796376,-0.0052610296,-0.0052485419,-0.0046446375,-0.0032163239,0.00057735294,0.006912088,0.017788772,0.04131455,0.076700255,0.13015649,0.22535628,0.32070258,0.42784747,0,0,0,0.6378898,0.59625828,0.53049439,0.42861149,0.32631916,0.24679814,0.17909455,0.12245054,0.08019463,0.054663438,0.034337051,0.019534456,0.011936986,0.0064465441,0.0028629871,0.0017094156,0.00088714669,0.00031733979,7.2181225e-05,-0.00040464569,-0.00087774452,-0.0012258408,-0.0017111035,-0.0022610605,-0.0028347215,-0.0034204856,-0.0040475545,-0.0048627565,-0.0057474114,-0.006290894,-0.0067306682,0,0,0,0,-0.0032646991,-0.0017891172,-0.00049038976,0.00055776909,0.0010568555,0.0013387394,0.0014243312,0.0012969447,0.0010984507,0.00092216057,0.0007851182,0.00065422233,0.00055415486,0.00049150252,0.00043709166,0.00039597641,0.00037397112,0.00035100756,0.00032432855,0.00030245449,0.0002793945,0.0002563376,0.00023803324,0.00021931913,0.00019919561,0.00018270689,0.00016694362,0.00015249915,0.0001421401,0.00013221746,0.00012267972,0,0,0,9.2507456e-05,8.6282715e-05,7.9537604e-05,7.1892428e-05,6.6376728e-05,6.0498514e-05,5.3052481e-05,4.5410448e-05,3.6912585e-05,2.7674754e-05,1.8428589e-05,1.2601436e-05,8.047391e-06,4.0373839e-06,3.3092315e-06,4.3280866e-06,6.1949258e-06,9.4640227e-06,1.4747628e-05,1.9456495e-05,2.3803883e-05,2.9628054e-05,3.4764813e-05,3.8864589e-05,4.1740404e-05,4.33809e-05,4.3417873e-05,4.1632338e-05,3.7459649e-05,3.237334e-05,2.665781e-05,0,0,0
-0.20433999999999999,-0.0052735573,-0.0058511309,-0.0062175221,-0.006227843,-0.0055036638,-0.0027821781,0.0039126258,0.014733983,0.035709701,0.074569426,0.12938343,0.21725558,0.32529134,0.43853459,0,0,0,0.69478035,0.64393473,0.56708282,0.44985095,0.32849476,0.23582889,0.16737178,0.11116426,0.06712608,0.041738693,0.024539348,0.012276962,0.0070247054,0.0040771016,0.0018618561,0.00066839904,8.9214183e-05,-0.00034263358,-0.00052703917,-0.00088473316,-0.001257753,-0.001585301,-0.0020344034,-0.0026430483,-0.0033480129,-0.004096102,-0.0047919052,-0.005646613,-0.0066186525,-0.0072605368,-0.0076218341,0,0,0,0,-0.003823407,-0.0022557769,-0.00084640272,0.00034702942,0.0010068147,0.0012961035,0.0014179044,0.0013469299,0.0011458354,0.00096178672,0.00081533205,0.00068769726,0.00057544035,0.00050282158,0.00045205984,0.0004071898,0.00038171111,0.00036307523,0.00033535832,0.00031178523,0.00028876343,0.00025971697,0.00023618594,0.00021605195,0.0001962086,0.00018021314,0.00016631812,0.00015284694,0.0001427907,0.0001337556,0.00012456666,0,0,0,9.5193434e-05,8.9053377e-05,8.3020204e-05,7.5841141e-05,6.9016438e-05,6.2178646e-05,5.374134e-05,4.4659064e-05,3.625534e-05,2.7308672e-05,1.8300028e-05,1.2415188e-05,8.4157737e-06,7.0289525e-06,8.4696912e-06,1.1828777e-05,1.4706257e-05,1.7467213e-05,2.282622e-05,2.7498467e-05,3.1511681e-05,3.6545334e-05,4.1653086e-05,4.5870656e-05,4.8801347e-05,5.0048598e-05,4.9799673e-05,4.7776426e-05,4.3161377e-05,3.7425314e-05,3.0958421e-05,0,0,0
-0.16020000000000001,0,0,0,0,0,0,0,0,0,0,0,0,0,0,0,0,0,0,0,0,0,0,0,0,0,0,0,0,0,0,0,0,0,0,0,0,0,0,0,0,0,0,0,0,0,0,0,0,0,0,0,0,0,0,0,0,0,0,0,0,0,0,0,0,0,0,0,0,0,0,0,0,0,0,0,0,0,0,0,0,0,0,0,0,0,0,0,0,0,0,0,0,0,0,0,0,0,0,0,0,0,0,0,0,0,0,0,0,0,0,0,0,0,0,0,0,0,0,0,0
-0.11607000000000001,-0.0067726658,-0.0081977872,-0.0092536006,-0.0096754301,-0.0099796439,-0.0097807255,-0.0063424185,0.002455622,0.017465826,0.044776671,0.10376438,0.1867519,0.29330239,0.41517127,0,0,0,0.68636209,0.65825206,0.55923551,0.44627872,0.33256546,0.22151248,0.14689526,0.089425221,0.051906623,0.029726043,0.015531182,0.0076855738,0.0023450791,-0.00049359212,-0.0011333814,-0.0014799861,-0.001515883,-0.0012983,-0.001092826,-0.0011236547,-0.0014024219,-0.0018052729,-0.0023576953,-0.0031843693,-0.0040975111,-0.0050991373,-0.0060627279,-0.0070230765,-0.0080102291,-0.0087905135,-0.0091504902,0,0,0,0,-0.0045739021,-0.0028923228,-0.001313705,-2.0722859e-05,0.00091073196,0.0012906292,0.0014092615,0.001392936,0.0012003988,0.0010093419,0.0008425187,0.00070221163,0.00059835031,0.00051481859,0.00045571383,0.00041757728,0.00038380967,0.00035576537,0.00033007871,0.00029884541,0.00026827457,0.00024442447,0.00022062879,0.0001932523,0.00017475193,0.00015912681,0.00014670972,0.00013837017,0.00013128069,0.00012532825,0.00011981932,0,0,0,9.6008123e-05,8.9879184e-05,8.2916849e-05,7.6007433e-05,6.8875415e-05,6.1455939e-05,5.3375752e-05,4.4755398e-05,3.7474791e-05,3.0641022e-05,2.4442774e-05,2.1356953e-05,2.1226684e-05,2.1854068e-05,2.2968787e-05,2.8415554e-05,3.3006581e-05,3.5933863e-05,4.0310824e-05,4.5191111e-05,4.9485985e-05,5.3530795e-05,5.8104757e-05,6.2125655e-05,6.4634907e-05,6.447413e-05,6.2061124e-05,5.8099056e-05,5.1899216e-05,4.3886954e-05,3.5457884e-05,0,0,0
-0.071929999999999994,-0.0073660859,-0.0090632709,-0.011160099,-0.012562817,-0.013879651,-0.014763542,-0.012258384,-0.0055185556,0.0085350126,0.032838844,0.077040881,0.15176465,0.24829459,0.35149044,0,0,0,0.65902656,0.64018577,0.55524188,0.42886648,0.31520602,0.21302827,0.1407191,0.084542178,0.045976594,0.024406664,0.011622623,0.004758155,0.00094364409,-0.00085931527,-0.0017270106,-0.0019418118,-0.001901783,-0.0016838228,-0.0013743248,-0.0011811964,-0.0013981303,-0.0017975597,-0.0023546084,-0.0032850872,-0.0043463712,-0.005462056,-0.0065445905,-0.0075969896,-0.0086173695,-0.0094188796,-0.0095713865,0,0,0,0,-0.0048838556,-0.0031581074,-0.0015151016,-0.00017485581,0.00081561971,0.0012276373,0.001384554,0.0013797546,0.0012127464,0.0010136188,0.00085047953,0.00070382416,0.00059022201,0.00050973607,0.00044574399,0.0004044908,0.00037545784,0.0003461545,0.00031973171,0.00028799582,0.00024426868,0.00020858865,0.0001826525,0.00015923654,0.00014453786,0.00013557331,0.00012807801,0.00012347728,0.00012020105,0.00011705134,0.00011336837,0,0,0,9.3643066e-05,8.8302397e-05,8.2151455e-05,7.4853167e-05,6.7577159e-05,6.0860799e-05,5.3374875e-05,4.5785342e-05,3.9256658e-05,3.3602031e-05,2.8261669e-05,2.5140542e-05,2.7180686e-05,2.9870076e-05,3.211687e-05,3.7115213e-05,4.2352913e-05,4.596862e-05,4.9743219e-05,5.4516706e-05,5.89175e-05,6.2552506e-05,6.6472174e-05,6.9622183e-05,7.1498034e-05,7.1192051e-05,6.8125002e-05,6.3311527e-05,5.6818451e-05,4.7784961e-05,3.758895e-05,0,0,0
-0.027789999999999999,-0.0086615421,-0.010475511,-0.013141607,-0.015118994,-0.016524231,-0.018251702,-0.017501319,-0.014728233,-0.006748613,0.010264613,0.041934058,0.10704337,0.20120354,0.29780883,0,0,0,0.58944863,0.55504006,0.50885969,0.396584,0.29041263,0.19782722,0.12809129,0.077663086,0.041316621,0.022051532,0.011678268,0.0040318021,0.00012186193,-0.0015156968,-0.0025101956,-0.0026579448,-0.0023103086,-0.0018771356,-0.0013712645,-0.00097828545,-0.0011747535,-0.0016544368,-0.002291474,-0.0032179747,-0.0044262679,-0.0057325866,-0.0069537601,-0.00801442,-0.009006138,-0.0099152438,-0.01001638,0,0,0,0,-0.00512846,-0.0033712313,-0.0017004423,-0.00031450391,0.00070459209,0.0011854758,0.0013799882,0.0013710712,0.001219872,0.00099426566,0.00083079288,0.00069370674,0.00056732929,0.00049377006,0.0004364819,0.00038599866,0.00035694416,0.00031972979,0.00027424633,0.00023679127,0.00019784761,0.0001563213,0.00013709484,0.00012161736,0.00010735369,0.00010132095,9.8765253e-05,9.9319295e-05,0.00010278988,0.00010418813,0.00010493535,0,0,0,9.0247559e-05,8.4187915e-05,7.8897989e-05,7.1750575e-05,6.488197e-05,5.9564412e-05,5.2784722e-05,4.5902125e-05,3.9982329e-05,3.6573096e-05,3.3910248e-05,3.2142561e-05,3.5155768e-05,3.8565038e-05,4.2301974e-05,4.6562978e-05,5.1797451e-05,5.6287477e-05,5.8984082e-05,6.334413e-05,6.7407462e-05,7.1251765e-05,7.4950382e-05,7.7930184e-05,7.9329126e-05,7.8683857e-05,7.4757263e-05,6.7344881e-05,5.8880636e-05,4.8269176e-05,3.7852296e-05,0,0,0
0.01634,-0.0095119793,-0.01167363,-0.014064937,-0.017220126,-0.020336637,-0.0234225,-0.026865566,-0.026076782,-0.021347791,-0.0093619823,0.019005015,0.06638138,0.14702547,0.23055513,0,0,0,0.50890839,0.47779337,0.43978485,0.36069143,0.26263791,0.18102764,0.11805556,0.073935978,0.041194417,0.019438561,0.010135815,0.0032999003,-0.001131539,-0.0022668752,-0.0027470752,-0.0028186468,-0.0023449063,-0.0018269457,-0.0013176175,-0.0008325493,-0.00096901879,-0.0014079786,-0.0022066953,-0.0032569044,-0.0045495359,-0.0059643839,-0.0073243757,-0.0084284749,-0.0094133159,-0.010306573,-0.010520732,0,0,0,0,-0.0052443678,-0.0035559861,-0.0018488634,-0.00043470878,0.00061686803,0.0011314433,0.0013067741,0.0013121907,0.0011964155,0.00097953482,0.00079726556,0.00066939922,0.00055348338,0.00046263542,0.00040725633,0.00035439699,0.00030736823,0.00027258939,0.00022843841,0.00018271522,0.00014882511,0.00011137786,6.3813844e-05,4.716753e-05,3.9379338e-05,4.1323699e-05,5.3215372e-05,6.6631153e-05,7.9502468e-05,8.7119653e-05,9.2547016e-05,0,0,0,8.4890809e-05,7.8928766e-05,7.3909527e-05,6.8421949e-05,6.1982348e-05,5.6725556e-05,5.1922238e-05,4.6679917e-05,4.2525528e-05,4.0772258e-05,3.9701656e-05,3.9515391e-05,4.2867985e-05,4.703072e-05,5.0876661e-05,5.4973876e-05,5.9381662e-05,6.3532701e-05,6.7056062e-05,7.1735987e-05,7.6075135e-05,8.0068145e-05,8.3702427e-05,8.5601503e-05,8.5562708e-05,8.2826249e-05,7.7230179e-05,6.9762646e-05,6.0581438e-05,4.9542363e-05,3.8477632e-05,0,0,0
0.060479999999999999,-0.010068292,-0.01309887,-0.016372729,-0.020192523,-0.024530215,-0.028378308,-0.03283862,-0.034636471,-0.03195896,-0.027972557,-0.011286989,0.020173445,0.075567961,0.15103695,0,0,0,0.4171184,0.40243739,0.3653422,0.30463192,0.22934803,0.15895866,0.10340849,0.063509442,0.035807695,0.017184583,0.0082647707,0.0029890188,-0.00076504599,-0.0024434084,-0.0028324001,-0.002893134,-0.0024979915,-0.001897417,-0.0012888256,-0.00075828936,-0.00082389778,-0.0012897075,-0.0020919871,-0.0032115746,-0.0045875008,-0.0060656313,-0.0075633735,-0.0087512154,-0.0097007323,-0.010432638,-0.010678601,0,0,0,0,-0.0053779669,-0.0036889287,-0.0020356318,-0.00063055661,0.00043894118,0.0010477426,0.001230754,0.001254686,0.0011563108,0.00095198269,0.00076426042,0.00062653975,0.0005184575,0.0004241094,0.00036258652,0.00031573983,0.00026574318,0.00022620839,0.00017545823,9.6802309e-05,3.3988355e-05,-1.5672646e-05,-5.8005244e-05,-6.3537518e-05,-4.8927381e-05,-2.9335533e-05,-5.4127449e-06,2.2633489e-05,5.0411858e-05,6.8232708e-05,7.822887e-05,0,0,0,7.9017409e-05,7.3920339e-05,6.8531503e-05,6.3481275e-05,5.7943722e-05,5.3198451e-05,5.0006685e-05,4.6632078e-05,4.3587799e-05,4.3545166e-05,4.4101336e-05,4.505692e-05,4.8478971e-05,5.2757678e-05,5.6685232e-05,6.1216306e-05,6.6611843e-05,7.1041031e-05,7.5175158e-05,7.999441e-05,8.3974024e-05,8.7411667e-05,8.9861402e-05,9.0940892e-05,9.0704227e-05,8.7814238e-05,8.1149992e-05,7.3192852e-05,6.3181797e-05,5.1219213e-05,3.9150633e-05,0,0,0
0.10462,-0.010962078,-0.014315897,-0.018210493,-0.021853909,-0.026929216,-0.032389082,-0.038451359,-0.045176364,-0.049207691,-0.048601776,-0.040711671,-0.017619923,0.021277502,0.084709182,0,0,0,0.30838451,0.31181592,0.28638831,0.24067628,0.1828367,0.12641197,0.085051261,0.053430017,0.032269962,0.017176187,0.0075220475,0.0025311084,-0.0007645461,-0.0027344925,-0.003113152,-0.0029916945,-0.0025700186,-0.0018764036,-0.001214786,-0.00061203213,-0.00058732531,-0.0011122455,-0.0018278104,-0.0029932344,-0.0045994939,-0.0061823772,-0.0077256793,-0.0089407424,-0.0099331606,-0.010596717,-0.010892229,0,0,0,0,-0.0055507701,-0.0038422477,-0.0022430224,-0.00081472658,0.00027799839,0.00099168392,0.0011651961,0.0011819715,0.0010782129,0.00089632266,0.00072096061,0.00056921638,0.00047074881,0.0003855328,0.000312649,0.0002615109,0.00019448934,0.00011643011,4.4465996e-05,-3.5193807e-05,-0.00011311972,-0.00015192875,-0.00018330177,-0.00019331742,-0.00016957353,-0.00012901939,-8.602647e-05,-3.6265497e-05,1.1134907e-05,4.6854257e-05,6.1553234e-05,0,0,0,7.1429058e-05,6.6913053e-05,6.163845e-05,5.7048943e-05,5.3038333e-05,4.8867536e-05,4.6736888e-05,4.5260575e-05,4.3689673e-05,4.4586017e-05,4.6635218e-05,4.8608777e-05,5.2300889e-05,5.8345267e-05,6.2779902e-05,6.7130008e-05,7.3732997e-05,7.7665238e-05,8.1515624e-05,8.6186141e-05,9.0373258e-05,9.3967596e-05,9.6803131e-05,9.7276934e-05,9.6422133e-05,9.3236027e-05,8.4507308e-05,7.4600983e-05,6.4011263e-05,5.2255567e-05,3.9982937e-05,0,0,0
0.14874999999999999,-0.011820873,-0.014574526,-0.019391388,-0.024658892,-0.029642232,-0.03812474,-0.046400983,-0.052299418,-0.061059784,-0.064606041,-0.061094381,-0.049206361,-0.022813812,0.019204393,0,0,0,0.210879,0.21267235,0.20635626,0.18235472,0.14144784,0.10550147,0.073378757,0.046690106,0.026922032,0.014559356,0.0063512595,0.0012707646,-0.0010976975,-0.0026826081,-0.0031784405,-0.0029736669,-0.0024922132,-0.0018473393,-0.0011567469,-0.00052697258,-0.00026649632,-0.0010092529,-0.0019331882,-0.0030729398,-0.004713662,-0.0063444618,-0.00790432,-0.0091605224,-0.010118912,-0.010806338,-0.011042118,0,0,0,0,-0.0057563009,-0.0040014395,-0.0024030041,-0.00099302642,9.28347e-05,0.00083173066,0.001054029,0.0010797824,0.00099822972,0.00082010648,0.00065920799,0.00052008219,0.00040533362,0.00032189948,0.00024052046,0.00016310935,9.4440562e-05,1.3157551e-05,-7.7533827e-05,-0.00016091956,-0.00024190353,-0.00035208772,-0.00040258098,-0.00040563726,-0.00036614938,-0.00027508527,-0.00018934911,-0.00011330438,-4.2532003e-05,1.6163394e-05,4.4923996e-05,0,0,0,6.3677071e-05,5.9119655e-05,5.4690987e-05,5.0464623e-05,4.6868023e-05,4.3840297e-05,4.2740896e-05,4.2483378e-05,4.2749911e-05,4.4463472e-05,4.7893103e-05,5.1674313e-05,5.5736022e-05,6.1861327e-05,6.7111483e-05,7.0932801e-05,7.6758333e-05,8.2499995e-05,8.6936918e-05,9.1738773e-05,9.6755444e-05,0.00010056439,0.00010263717,0.00010211491,9.9031626e-05,9.4505827e-05,8.6772037e-05,7.6191784e-05,6.5041007e-05,5.3325864e-05,4.0908628e-05,0,0,0
0.19289000000000001,-0.012676357,-0.016006699,-0.020717498,-0.027261617,-0.032748058,-0.040554676,-0.051080618,-0.058837712,-0.06894213,-0.079472892,-0.083128341,-0.07837908,-0.062644005,-0.032637745,0,0,0,0.13281885,0.1405129,0.14529499,0.13976374,0.10618587,0.077973671,0.054470848,0.034286439,0.019859787,0.011220336,0.0054636244,0.0013225233,-0.0012305412,-0.0026303534,-0.0031577989,-0.0030735,-0.0025263531,-0.0018241866,-0.0011998508,-0.00068136328,-0.00034458935,-0.0010204138,-0.0020323358,-0.0031826235,-0.0047233906,-0.0064202147,-0.0080213714,-0.0092928661,-0.010087431,-0.010695236,-0.011009237,0,0,0,0,-0.0059042582,-0.0041932361,-0.002612127,-0.0012049582,-0.00011337642,0.00063649938,0.00093736965,0.00097975659,0.0009053846,0.00074698817,0.00058221503,0.00045248822,0.00033391156,0.00024333739,0.00016527864,8.1084785e-05,2.6928901e-06,-9.816885e-05,-0.00025623984,-0.00042081013,-0.00054157083,-0.00065342663,-0.00069784489,-0.00066076778,-0.00058851455,-0.00046259438,-0.00031874352,-0.00019854523,-9.3899667e-05,-9.962183e-06,2.8309849e-05,0,0,0,5.6793637e-05,5.1532603e-05,4.6936246e-05,4.3140739e-05,4.013678e-05,3.8113423e-05,3.7930913e-05,3.8783e-05,4.0541723e-05,4.3361102e-05,4.7606401e-05,5.2155941e-05,5.6001507e-05,6.2216437e-05,6.8704263e-05,7.386686e-05,7.9646583e-05,8.6415712e-05,9.1927628e-05,9.6491538e-05,0.00010138963,0.00010456391,0.00010612633,0.00010579092,0.00010246112,9.7055883e-05,8.9594629e-05,7.8677673e-05,6.7012857e-05,5.5560075e-05,4.3595268e-05,0,0,0
0.23702999999999999,-0.01321227,-0.017036425,-0.021134257,-0.028030161,-0.035095453,-0.042251088,-0.055128995,-0.067874715,-0.07640034,-0.090405598,-0.10016119,-0.09923654,-0.092466921,-0.071766034,0,0,0,0.072409958,0.080459103,0.084644288,0.086124085,0.064946122,0.049577545,0.038433388,0.027519954,0.017091259,0.0091834683,0.0042656199,0.00079030055,-0.0016423916,-0.0028297063,-0.0032000479,-0.0031642888,-0.0026163911,-0.0018787056,-0.0012588338,-0.00078895479,-0.00046717189,-0.00090439059,-0.0019887704,-0.0033481847,-0.0048465617,-0.0065374793,-0.0080785397,-0.0094184605,-0.010123948,-0.010632714,-0.010980731,0,0,0,0,-0.0059988713,-0.0043973159,-0.0028215004,-0.0014098883,-0.00029246509,0.00045656972,0.00080225221,0.00087017741,0.00080287224,0.00067193224,0.00049471628,0.00037292478,0.00026288931,0.00016229227,7.560449e-05,-3.8030819e-05,-0.00017771008,-0.00032110681,-0.00049929938,-0.00071636762,-0.00083759666,-0.00093767472,-0.0010225067,-0.00096852286,-0.00084269088,-0.00067616242,-0.00045808055,-0.00029793059,-0.00015220899,-4.6088069e-05,7.5241842e-06,0,0,0,4.8548183e-05,4.3153635e-05,3.8649814e-05,3.5305333e-05,3.2945558e-05,3.1598167e-05,3.2347081e-05,3.4344186e-05,3.7026948e-05,4.0726249e-05,4.5613226e-05,5.0794453e-05,5.627963e-05,6.2454063e-05,6.9444148e-05,7.6492797e-05,8.2131897e-05,8.9007837e-05,9.5685209e-05,0.00010027015,0.0001050834,0.00010926938,0.00011044958,0.00010975134,0.00010660807,9.9478108e-05,9.1175898e-05,8.0626982e-05,6.9134374e-05,5.7846828e-05,4.5223202e-05,0,0,0
0.28116999999999998,-0.01297209,-0.017460307,-0.022431571,-0.028305475,-0.037557252,-0.046224769,-0.055809535,-0.072539911,-0.084353507,-0.094416708,-0.10987032,-0.11441538,-0.10959325,-0.096485272,0,0,0,0.015687227,0.023953483,0.037125602,0.04795441,0.046163861,0.036196146,0.027854022,0.020149119,0.011972193,0.0059991465,0.0020937938,-0.00010247435,-0.0017996659,-0.0029280731,-0.0032433367,-0.0031395683,-0.0027306865,-0.0019408944,-0.0013098972,-0.00083681685,-0.00073694903,-0.0012568776,-0.002278626,-0.0036795512,-0.0051516891,-0.0067189299,-0.0082010925,-0.0095000705,-0.010200677,-0.01047984,-0.010644644,0,0,0,0,-0.0061147586,-0.0045175962,-0.0030128257,-0.0016008206,-0.00048580952,0.00028885109,0.000665267,0.00074140285,0.00069221016,0.00057172484,0.00041347987,0.00027942387,0.00017093361,5.7673169e-05,-5.4903794e-05,-0.00018069876,-0.00034186098,-0.0005087232,-0.00070429413,-0.00095397298,-0.0012023114,-0.0013275601,-0.001405658,-0.001376975,-0.001167565,-0.00092237833,-0.00064273801,-0.00042899663,-0.00023645369,-7.8834855e-05,-4.4846674e-06,0,0,0,4.082741e-05,3.5157944e-05,3.061007e-05,2.7358066e-05,2.5608402e-05,2.5160713e-05,2.637619e-05,2.9545481e-05,3.2968019e-05,3.704954e-05,4.3356915e-05,4.9171926e-05,5.5258653e-05,6.2404797e-05,6.9728369e-05,7.7110948e-05,8.4110652e-05,9.1256479e-05,9.8207471e-05,0.00010425121,0.00010893708,0.00011220132,0.00011352713,0.00011138491,0.00010727566,0.00010134668,9.3046903e-05,8.2117323e-05,7.0950788e-05,5.9921182e-05,4.8290502e-05,0,0,0
0.32529999999999998,0,0,0,0,0,0,0,0,0,0,0,0,0,0,0,0,0,0,0,0,0,0,0,0,0,0,0,0,0,0,0,0,0,0,0,0,0,0,0,0,0,0,0,0,0,0,0,0,0,0,0,0,0,0,0,0,0,0,0,0,0,0,0,0,0,0,0,0,0,0,0,0,0,0,0,0,0,0,0,0,0,0,0,0,0,0,0,0,0,0,0,0,0,0,0,0,0,0,0,0,0,0,0,0,0,0,0,0,0,0,0,0,0,0,0,0,0,0,0,0
0.36943999999999999,-0.01387461,-0.01741204,-0.023103481,-0.02993805,-0.037188489,-0.048206098,-0.060301811,-0.071954377,-0.08936739,-0.10453933,-0.11500759,-0.12838408,-0.13212423,-0.1245224,0,0,0,-0.04203666,-0.023118049,-0.011911646,-0.0022116452,0.0068572499,0.0075906105,0.0076146014,0.0072151609,0.0043776212,0.0018747542,1.4002435e-06,-0.0015811269,-0.0026986161,-0.0032386116,-0.0035552692,-0.0033281592,-0.0028974095,-0.0023283679,-0.0018125622,-0.0015219548,-0.0013917019,-0.0018252991,-0.0029744767,-0.0042055883,-0.0056248261,-0.0070055882,-0.0082145454,-0.0091688028,-0.0097732246,-0.010022342,-0.0099801626,0,0,0,0,-0.0061432719,-0.0045510186,-0.0031136889,-0.0018599778,-0.00078671332,-2.8075185e-05,0.00043390156,0.00051347783,0.00047719514,0.00036809203,0.00023576379,0.00010507873,-2.3097731e-05,-0.00015266259,-0.00030047708,-0.00048785246,-0.00074423687,-0.0010410651,-0.001375331,-0.0017289245,-0.0020761879,-0.0022995223,-0.0022746827,-0.0021481907,-0.0018817983,-0.0014370597,-0.00097807823,-0.00059113279,-0.00034097012,-0.00013984775,4.2462925e-06,0,0,0,2.7144764e-05,1.9281317e-05,1.3555982e-05,1.1227588e-05,1.0367061e-05,1.1162963e-05,1.3597222e-05,1.846502e-05,2.4326502e-05,2.9892457e-05,3.6938305e-05,4.5245411e-05,5.2289131e-05,5.9793878e-05,6.9577116e-05,7.7779492e-05,8.5826308e-05,9.4799369e-05,0.00010145747,0.0001076138,0.00011328731,0.00011561056,0.0001170158,0.00011672508,0.00011055255,0.00010391529,9.6944539e-05,8.6932821e-05,7.6031647e-05,6.5444459e-05,5.5794877e-05,0,0,0
0.41358,-0.013733801,-0.017806729,-0.022251643,-0.029946707,-0.038241804,-0.046141308,-0.060122129,-0.073546581,-0.085873112,-0.10376826,-0.11572173,-0.12274528,-0.12937376,-0.12623544,0,0,0,-0.06210275,-0.038908288,-0.02507256,-0.012081377,-0.00086625293,0.00054132193,0.0014738739,0.0019077044,0.00065768231,-0.00083995145,-0.0014508252,-0.0021121185,-0.0029310831,-0.0033420436,-0.0035497267,-0.0034500603,-0.0030080052,-0.0024469006,-0.0019615437,-0.0018306341,-0.0018901529,-0.0021960908,-0.0033738464,-0.0046138661,-0.0059081083,-0.0072041061,-0.0083149094,-0.0090783099,-0.0094628483,-0.0094828997,-0.0094063021,0,0,0,0,-0.0059683491,-0.0045425277,-0.0030861394,-0.0018706769,-0.00084057543,-0.00013422826,0.00029705861,0.00043040258,0.00037974934,0.00027058786,0.00013504777,1.0636941e-05,-0.00012563623,-0.0002782628,-0.00044429078,-0.00065416016,-0.00092771905,-0.0012710848,-0.0016479467,-0.0020813833,-0.0024757399,-0.0026627979,-0.0027094088,-0.0025089213,-0.0021785605,-0.0017300359,-0.0011936587,-0.00069698272,-0.00036990858,-0.00015356761,-2.0904536e-06,0,0,0,2.0751293e-05,1.2078031e-05,5.8961596e-06,3.2213138e-06,3.3060933e-06,4.8826332e-06,7.836803e-06,1.2884993e-05,1.924899e-05,2.6052097e-05,3.3196397e-05,4.2126005e-05,5.0822597e-05,5.8698191e-05,6.8597059e-05,7.8206402e-05,8.6408203e-05,9.5089352e-05,0.00010324924,0.00010921038,0.00011364414,0.0001163828,0.00011634862,0.00011551805,0.00011163716,0.00010482247,9.7749828e-05,8.9263951e-05,7.8586221e-05,6.8324705e-05,5.8638398e-05,0,0,0
0.45771000000000001,-0.01330035,-0.017798634,-0.022294175,-0.028715359,-0.037770662,-0.046039753,-0.057121933,-0.071813509,-0.084217682,-0.09760309,-0.11223963,-0.12070254,-0.12597093,-0.12667499,0,0,0,-0.065493576,-0.044306941,-0.031910408,-0.020611532,-0.010608368,-0.0072141998,-0.0047502741,-0.0023006909,-0.001377291,-0.0019005993,-0.0023100739,-0.0026302102,-0.0032637618,-0.0036042286,-0.00368035,-0.0035105185,-0.0031321479,-0.0026468378,-0.0022125593,-0.0021518506,-0.0023155636,-0.0026739824,-0.0036989469,-0.0049702968,-0.0061240471,-0.0071705268,-0.0079894941,-0.008605212,-0.0089940233,-0.0089320978,-0.008821521,0,0,0,0,-0.0055817366,-0.0042618541,-0.0029652482,-0.0018077251,-0.00083344104,-0.00016357424,0.00020669936,0.00033701153,0.00029653957,0.00018976834,5.1469116e-05,-8.1431492e-05,-0.00022063791,-0.00038125689,-0.00055907294,-0.00079670758,-0.0011198146,-0.0015302588,-0.0019573902,-0.0024301452,-0.0028720903,-0.0030633921,-0.0031316786,-0.0029563594,-0.0024822336,-0.0019049773,-0.0012826055,-0.00070890499,-0.00037004286,-0.00013783487,5.7368161e-06,0,0,0,1.4684512e-05,4.1667372e-06,-1.6045378e-06,-4.2913452e-06,-4.0269515e-06,-1.8825085e-06,1.6167614e-06,7.0002134e-06,1.4204175e-05,2.2060136e-05,2.9904571e-05,3.9277715e-05,4.8902093e-05,5.7755962e-05,6.7518238e-05,7.8004261e-05,8.6842178e-05,9.4409712e-05,0.00010232188,0.00010800476,0.00011222009,0.000115657,0.00011632477,0.00011513915,0.0001123499,0.00010622847,9.9142482e-05,9.1802787e-05,8.1784558e-05,7.169845e-05,6.1498104e-05,0,0,0
0.50185000000000002,-0.012741046,-0.017157318,-0.022048606,-0.027196482,-0.035922576,-0.045228627,-0.053556524,-0.06784451,-0.082390793,-0.092294835,-0.10721253,-0.1166511,-0.11877063,-0.11800494,0,0,0,-0.067549303,-0.049476426,-0.038412523,-0.026943523,-0.016613632,-0.010380516,-0.0071890596,-0.0046720812,-0.003116576,-0.0033026962,-0.0034496353,-0.0034983074,-0.0036205044,-0.0037412329,-0.0036767919,-0.0034885008,-0.0031903619,-0.0027820722,-0.0023727498,-0.0023376001,-0.0025869533,-0.0030239476,-0.003852414,-0.0049863504,-0.0060731722,-0.0070605697,-0.0077552712,-0.0082484139,-0.0085630929,-0.0084068542,-0.0081289206,0,0,0,0,-0.0052026259,-0.0039212545,-0.0027740211,-0.0016992134,-0.00082551502,-0.00018566777,0.00013168016,0.00024702295,0.00021856904,0.00010941549,-2.9218332e-05,-0.00017047361,-0.00031102201,-0.00048608851,-0.00069104321,-0.00096086017,-0.0013184816,-0.0017671403,-0.002222005,-0.0027212338,-0.0032535056,-0.0033868989,-0.0033105018,-0.0031004457,-0.0025816022,-0.0019756341,-0.0013358971,-0.0007313395,-0.00036962624,-0.0001021748,2.227191e-05,0,0,0,8.4293715e-06,-4.6568748e-06,-9.9379686e-06,-1.2112228e-05,-1.1625772e-05,-8.3313644e-06,-3.8664875e-06,2.0905718e-06,9.6322765e-06,1.7812075e-05,2.6637121e-05,3.6217076e-05,4.6249243e-05,5.6362329e-05,6.5500717e-05,7.5371179e-05,8.5187115e-05,9.2453964e-05,0.00010013662,0.00010749125,0.00011148593,0.00011460527,0.00011657566,0.00011451993,0.00011153215,0.00010735495,0.00010073248,9.4094648e-05,8.4726511e-05,7.4989315e-05,6.4978682e-05,0,0,0
0.54598999999999998,-0.012614644,-0.015911931,-0.021214964,-0.026698785,-0.032952279,-0.043311536,-0.052502278,-0.062167123,-0.07756155,-0.087817393,-0.095578961,-0.10608804,-0.11016238,-0.10903746,0,0,0,-0.067345247,-0.050721258,-0.039151095,-0.028580163,-0.019374702,-0.012954833,-0.0097804405,-0.0072475392,-0.005117109,-0.0044986149,-0.0040816506,-0.0037895748,-0.0037361297,-0.0037674131,-0.0037063758,-0.0034936694,-0.003189306,-0.0028488552,-0.002525561,-0.0025115469,-0.0027543958,-0.0032370915,-0.0039967047,-0.0050594779,-0.006093421,-0.0070392527,-0.0075164614,-0.007705369,-0.0077818837,-0.0075986083,-0.0072895666,0,0,0,0,-0.0047339732,-0.003554693,-0.0024651538,-0.0015384359,-0.00076483516,-0.00019532698,0.00012705114,0.0001982887,0.00014392918,3.6042227e-05,-0.00010060097,-0.00024407795,-0.00039507504,-0.00058117032,-0.00080959051,-0.0010767712,-0.0014603607,-0.0019383231,-0.0023915479,-0.0028418323,-0.0032774983,-0.0035374239,-0.0034268731,-0.0031739685,-0.0027317316,-0.0020940583,-0.0014024337,-0.00073200115,-0.00034495891,-0.00011218613,3.6827521e-05,0,0,0,1.3280951e-06,-1.1354277e-05,-1.8039224e-05,-1.8843624e-05,-1.7403567e-05,-1.4127247e-05,-9.2529517e-06,-3.2687967e-06,4.8855727e-06,1.3392651e-05,2.2600645e-05,3.2870339e-05,4.2860534e-05,5.293213e-05,6.292163e-05,7.2686264e-05,8.2399158e-05,9.1193229e-05,9.8409655e-05,0.00010453579,0.00010940657,0.00011150343,0.00011316707,0.00011353021,0.00011097301,0.00010683952,0.00010219823,9.6113938e-05,8.7668108e-05,7.8050856e-05,6.7680878e-05,0,0,0
0.59011999999999998,-0.012214122,-0.015467171,-0.019832941,-0.025643183,-0.031698499,-0.039843038,-0.049274527,-0.057928175,-0.069198139,-0.081049919,-0.088989444,-0.096477568,-0.10212964,-0.10171902,0,0,0,-0.06374526,-0.049470626,-0.038484208,-0.029853871,-0.021730589,-0.015050227,-0.011489662,-0.0084597785,-0.006054359,-0.0050740256,-0.0045570657,-0.0041660815,-0.0039663371,-0.0038991184,-0.0037158793,-0.0034730919,-0.0031686141,-0.0028742487,-0.0026180218,-0.0026063398,-0.0028829211,-0.003376754,-0.004093851,-0.0049769441,-0.0057836222,-0.0064367196,-0.0068248725,-0.006974801,-0.0069803139,-0.0068139927,-0.0064670853,0,0,0,0,-0.0040387362,-0.0031274902,-0.0021040398,-0.0012556242,-0.00059184653,-0.00013632368,0.00010251929,0.00014947333,7.8701545e-05,-3.0082374e-05,-0.00016587674,-0.00031382803,-0.00046833366,-0.00065562292,-0.00089854997,-0.0011672465,-0.0015318705,-0.0020024409,-0.0024835856,-0.0029354449,-0.0033518348,-0.0036786059,-0.0036253463,-0.0032323136,-0.0026889422,-0.0020225197,-0.0013482333,-0.00070236914,-0.00026721915,-7.4636831e-05,5.6899094e-05,0,0,0,-8.0874888e-06,-1.8521154e-05,-2.5299407e-05,-2.6166701e-05,-2.3930246e-05,-2.0241845e-05,-1.4873818e-05,-8.191666e-06,4.5874913e-07,9.5154246e-06,1.8750485e-05,2.9110131e-05,3.9614912e-05,4.9707836e-05,6.0028928e-05,7.0075002e-05,7.870244e-05,8.7097804e-05,9.3975665e-05,9.9937548e-05,0.00010571278,0.00010888578,0.00011034485,0.00011177806,0.0001107523,0.00010716626,0.00010374589,9.8956065e-05,9.1327915e-05,8.1590624e-05,7.1132163e-05,0,0,0
0.63426000000000005,-0.011520463,-0.014883315,-0.018397031,-0.023706574,-0.029817786,-0.036132693,-0.045035172,-0.054219883,-0.062592521,-0.074142016,-0.082121603,-0.086308815,-0.090181462,-0.090169743,0,0,0,-0.059750818,-0.047863901,-0.037156418,-0.029729765,-0.022170331,-0.015567265,-0.012150889,-0.0093006939,-0.0070018931,-0.0057553477,-0.00512368,-0.0044985274,-0.0040588859,-0.0038598243,-0.0036373374,-0.0033970599,-0.0031162291,-0.0028514634,-0.0026270682,-0.0025985241,-0.0028591631,-0.0032549771,-0.0037784195,-0.0045635616,-0.0053253621,-0.0059008328,-0.0062258719,-0.0063250158,-0.0062067755,-0.005987735,-0.005592416,0,0,0,0,-0.0033026272,-0.002622792,-0.0017379287,-0.0010276311,-0.00049514166,-0.00013798909,5.2549847e-05,0.00010583911,2.6136986e-05,-9.0853457e-05,-0.00023096558,-0.0003740922,-0.00052368105,-0.00070269313,-0.00094882434,-0.0012365861,-0.0015867188,-0.0020543328,-0.0025639324,-0.003037889,-0.0033254384,-0.0035203749,-0.0034210281,-0.0030343686,-0.0025051767,-0.0018796654,-0.0012539602,-0.0006579411,-0.00015267904,-2.5976566e-05,4.9911672e-05,0,0,0,-2.00863e-05,-2.8091803e-05,-3.3547694e-05,-3.4036668e-05,-3.0106457e-05,-2.5290516e-05,-1.9230953e-05,-1.2346121e-05,-3.8673752e-06,5.7505749e-06,1.5045414e-05,2.5081579e-05,3.6375757e-05,4.594124e-05,5.5232686e-05,6.5592089e-05,7.3868912e-05,8.1881866e-05,9.0055e-05,9.5863557e-05,0.00010147148,0.00010678216,0.00010807392,0.00010946771,0.00011095179,0.00010815359,0.00010507635,0.00010193923,9.542545e-05,8.5775682e-05,7.439113e-05,0,0,0
0.6784,0,0,0,0,0,0,0,0,0,0,0,0,0,0,0,0,0,0,0,0,0,0,0,0,0,0,0,0,0,0,0,0,0,0,0,0,0,0,0,0,0,0,0,0,0,0,0,0,0,0,0,0,0,0,0,0,0,0,0,0,0,0,0,0,0,0,0,0,0,0,0,0,0,0,0,0,0,0,0,0,0,0,0,0,0,0,0,0,0,0,0,0,0,0,0,0,0,0,0,0,0,0,0,0,0,0,0,0,0,0,0,0,0,0,0,0,0,0,0,0
0.72253000000000001,-0.010013821,-0.012721417,-0.016522305,-0.020152735,-0.024811933,-0.031011088,-0.036654841,-0.043151949,-0.051079102,-0.057754368,-0.063413292,-0.068772741,-0.070842355,-0.070372805,0,0,0,-0.048584603,-0.040988393,-0.032732587,-0.02659617,-0.021280557,-0.01629734,-0.01255952,-0.010023679,-0.0078562461,-0.0061572078,-0.0053609591,-0.0047067106,-0.0041740155,-0.0038227686,-0.0035250881,-0.0032204976,-0.0029260025,-0.0026712054,-0.002470816,-0.00233615,-0.0025210362,-0.0028599119,-0.0032185111,-0.0036724862,-0.0041064043,-0.0044632507,-0.0046361964,-0.004507713,-0.004318451,-0.0040912982,-0.0037638042,0,0,0,0,-0.0021142242,-0.0016122423,-0.0010170299,-0.00050782273,-0.00017555291,6.8380032e-06,6.2458741e-05,2.2126187e-05,-6.6952489e-05,-0.0001784772,-0.00030713674,-0.00044996067,-0.00059963978,-0.00077269354,-0.00098070665,-0.0012378579,-0.0015413563,-0.0018950519,-0.0022919653,-0.0026166711,-0.0029076184,-0.0030745796,-0.0029213561,-0.0025966063,-0.0021260132,-0.0015616025,-0.0010132305,-0.00054281414,-0.00016994355,2.4365028e-05,7.8363577e-05,0,0,0,-3.6811049e-05,-4.5472174e-05,-4.7987793e-05,-4.6102621e-05,-4.1710009e-05,-3.5631994e-05,-2.8394148e-05,-2.0385356e-05,-1.1790049e-05,-1.9768559e-06,8.1559629e-06,1.7690596e-05,2.7943977e-05,3.834354e-05,4.7261685e-05,5.5804547e-05,6.5138694e-05,7.3013667e-05,7.9990983e-05,8.7839609e-05,9.3880284e-05,9.872287e-05,0.00010349105,0.00010640757,0.00010816138,0.00010968645,0.00010882748,0.00010607278,0.00010204902,9.3127746e-05,8.1495011e-05,0,0,0
0.76666999999999996,-0.0094804149,-0.01159121,-0.014931005,-0.018569287,-0.02214078,-0.027644914,-0.033494785,-0.038322698,-0.0453698,-0.051664975,-0.055263944,-0.059208818,-0.061325073,-0.061082102,0,0,0,-0.04331845,-0.036943004,-0.030565236,-0.02492968,-0.020142889,-0.015864231,-0.012264011,-0.009924775,-0.0079658432,-0.0063243429,-0.005446515,-0.0047535049,-0.0041742744,-0.0037635304,-0.0034505501,-0.003129818,-0.0028146822,-0.0025538686,-0.0023395577,-0.0021754387,-0.0022136541,-0.0024166843,-0.0026888847,-0.0030514114,-0.0033955406,-0.0036450457,-0.0038131587,-0.0036557689,-0.0034571714,-0.0032615904,-0.0029984899,0,0,0,0,-0.0015072748,-0.0011248952,-0.00071345642,-0.00037362892,-0.00014149281,-9.1089169e-06,4.3683802e-05,-1.1271331e-05,-0.00011350907,-0.0002274061,-0.00033776768,-0.00046147569,-0.00059148489,-0.00075282424,-0.00095632125,-0.0011976797,-0.0014797789,-0.0018119391,-0.0021728515,-0.0024014211,-0.0025600218,-0.0026514572,-0.002531908,-0.0022404552,-0.0018311049,-0.0013348332,-0.00086433743,-0.00041147158,-0.00015153806,-1.2458535e-05,4.9991533e-05,0,0,0,-5.1559182e-05,-5.7205791e-05,-5.6804914e-05,-5.2408141e-05,-4.6528352e-05,-3.96049e-05,-3.2173368e-05,-2.4034234e-05,-1.5226149e-05,-5.4181437e-06,4.6299392e-06,1.4850026e-05,2.4385634e-05,3.4177425e-05,4.3733671e-05,5.1515355e-05,6.0339793e-05,6.9151836e-05,7.5783428e-05,8.3115476e-05,9.1180795e-05,9.6118602e-05,0.00010086635,0.00010624785,0.00010814874,0.00010972031,0.00011144122,0.00010925673,0.00010522898,9.6675634e-05,8.4059226e-05,0,0,0
0.81081000000000003,-0.0087170005,-0.01084158,-0.013226606,-0.016934615,-0.020527765,-0.024338519,-0.029972982,-0.0344024,-0.038550392,-0.044494607,-0.048412111,-0.050744191,-0.052981086,-0.053149022,0,0,0,-0.038929604,-0.033310942,-0.027794749,-0.023065906,-0.018786727,-0.015021246,-0.011851762,-0.0097335828,-0.0079251966,-0.0063972007,-0.0054382719,-0.0047563212,-0.0041735582,-0.003716096,-0.0033854283,-0.003035184,-0.0026771065,-0.0023840894,-0.0021285063,-0.0019480204,-0.0019104723,-0.0020328006,-0.0022291951,-0.002478214,-0.0027520321,-0.0028805165,-0.0029543489,-0.0028658602,-0.0026524379,-0.0024505584,-0.0022216756,0,0,0,0,-0.0010881871,-0.00083820894,-0.00050183665,-0.00021418883,-2.9484974e-05,4.1623367e-05,3.8946746e-05,-3.2454263e-05,-0.00013783644,-0.00024040509,-0.00034429587,-0.0004606921,-0.00059032632,-0.00073607679,-0.00093337166,-0.0011575223,-0.0013741556,-0.0016118509,-0.0018590875,-0.0020784463,-0.0021994924,-0.0022441687,-0.002178242,-0.0019214598,-0.0015665634,-0.0011515866,-0.00079870864,-0.00045986276,-0.00016387366,-4.2269472e-05,-6.519258e-06,0,0,0,-6.5059052e-05,-6.5155968e-05,-6.2222622e-05,-5.761694e-05,-5.1300623e-05,-4.4027358e-05,-3.6146157e-05,-2.778761e-05,-1.8615268e-05,-8.3737032e-06,1.5177793e-06,1.1411728e-05,2.1297215e-05,3.060091e-05,3.9653511e-05,4.7884594e-05,5.6242905e-05,6.4893611e-05,7.3034375e-05,8.0177815e-05,8.7843022e-05,9.4590563e-05,9.8920071e-05,0.00010409582,0.00010859313,0.00010996033,0.00011102179,0.00011039365,0.0001054511,9.7329772e-05,8.5823303e-05,0,0,0
0.85494000000000003,-0.0078877769,-0.010023011,-0.012261428,-0.015052388,-0.018423023,-0.021748211,-0.025892278,-0.030326206,-0.034112506,-0.038299639,-0.042325366,-0.044364531,-0.045532268,-0.045781523,0,0,0,-0.034034558,-0.029649911,-0.024875844,-0.020854365,-0.017525483,-0.014272193,-0.011399564,-0.0094480747,-0.007780639,-0.0063764695,-0.0053944481,-0.0047390931,-0.004157302,-0.0036384724,-0.0032662556,-0.0028956989,-0.0025274598,-0.0022124276,-0.0019449347,-0.0017326488,-0.0016304329,-0.0016642036,-0.0017528553,-0.0018682126,-0.0020460449,-0.0021464061,-0.0021472124,-0.0020461087,-0.0018377583,-0.0016661827,-0.0015752967,0,0,0,0,-0.0006911708,-0.00046345964,-0.00022458518,-4.2628963e-05,3.4119468e-05,3.3763703e-05,-5.3326366e-06,-7.390976e-05,-0.00016758381,-0.00026506744,-0.00036186253,-0.00046844425,-0.00058051024,-0.00069968193,-0.00085139746,-0.0010359937,-0.0012312779,-0.0014314577,-0.0016245684,-0.001808306,-0.0019279299,-0.0019138413,-0.001829084,-0.0016483373,-0.001371104,-0.0010161642,-0.00069262611,-0.00043349457,-0.00018098508,-3.8087601e-05,-3.9999373e-05,0,0,0,-7.5565709e-05,-7.4504525e-05,-6.9349742e-05,-6.3730142e-05,-5.6378602e-05,-4.8101152e-05,-3.939771e-05,-3.0474228e-05,-2.1360014e-05,-1.1210373e-05,-1.1472366e-06,8.4584535e-06,1.8219966e-05,2.7662732e-05,3.6268626e-05,4.4754222e-05,5.3296229e-05,6.1672225e-05,7.0271693e-05,7.7769284e-05,8.5024818e-05,9.2463328e-05,9.7257922e-05,0.00010182019,0.00010676636,0.0001090673,0.00010997766,0.00011050862,0.00010703773,9.9446137e-05,8.8307337e-05,0,0,0
0.89907999999999999,-0.0071215611,-0.0089612864,-0.011104304,-0.01333698,-0.01628249,-0.019512121,-0.022689933,-0.026651166,-0.030074589,-0.032923721,-0.036155608,-0.038074151,-0.038944725,-0.039143838,0,0,0,-0.029656267,-0.026479073,-0.022688571,-0.01900715,-0.016225621,-0.013390284,-0.010836975,-0.0090092216,-0.0075512892,-0.0063228658,-0.0053512994,-0.004708475,-0.0041174684,-0.003573749,-0.0031648346,-0.0027747606,-0.0023947535,-0.0020350637,-0.0017289869,-0.0014703199,-0.0013008444,-0.0012763119,-0.001298706,-0.0013408856,-0.0014105635,-0.0014577536,-0.0014506509,-0.0014103828,-0.0013086433,-0.0011944491,-0.001104584,0,0,0,0,-0.00037444662,-0.00024118461,-0.00014406582,-3.2688491e-05,1.8330058e-05,1.3749814e-05,-3.7984457e-05,-0.00011352007,-0.00020669814,-0.00028238475,-0.00035386728,-0.00043362545,-0.00053470238,-0.00064758898,-0.00078331633,-0.00094481977,-0.0011194751,-0.0013008439,-0.0014164634,-0.001511371,-0.0016011372,-0.0015896593,-0.0014986914,-0.0013481438,-0.0011381005,-0.00085591665,-0.00055301934,-0.00039818021,-0.00024296157,-8.1788283e-05,-7.7307457e-05,0,0,0,-9.0949063e-05,-8.5090054e-05,-7.5554446e-05,-6.8023714e-05,-5.9743586e-05,-5.1344658e-05,-4.2481144e-05,-3.3110395e-05,-2.39691e-05,-1.4134443e-05,-3.4121622e-06,5.9457525e-06,1.5029029e-05,2.506009e-05,3.3384902e-05,4.1554318e-05,5.0585542e-05,5.8731832e-05,6.7047702e-05,7.5603915e-05,8.2236955e-05,8.8820903e-05,9.5374693e-05,9.9613986e-05,0.00010430733,0.00010901144,0.00010986418,0.00011026523,0.00010745725,9.8764329e-05,8.6890854e-05,0,0,0
0.94321999999999995,-0.0065797074,-0.0078826081,-0.0099749546,-0.01216732,-0.014253896,-0.017222241,-0.020071104,-0.022663927,-0.025865415,-0.028534856,-0.030776506,-0.032567017,-0.033415664,-0.033481445,0,0,0,-0.026121769,-0.023325454,-0.020407269,-0.017152185,-0.014608856,-0.012433429,-0.010325191,-0.0086757569,-0.0074363779,-0.006282941,-0.005297306,-0.0046762032,-0.0040824302,-0.0035302863,-0.0030411447,-0.0025773486,-0.0021440359,-0.001763786,-0.0014639026,-0.0012108181,-0.0010091849,-0.00093226274,-0.00089792721,-0.00090885349,-0.00093851192,-0.00097396411,-0.00098522974,-0.00093270792,-0.00082110241,-0.00071423128,-0.00061192364,0,0,0,0,-0.00024466496,-0.00012617931,-4.7867652e-05,2.2801571e-05,4.0862942e-05,5.0289091e-06,-5.8244099e-05,-0.00012765662,-0.00020057493,-0.00027368631,-0.00033650349,-0.00040895291,-0.00049553241,-0.00060331234,-0.00072216493,-0.00084829004,-0.00096894318,-0.0010895132,-0.0011992725,-0.0012442181,-0.0012907942,-0.0013023919,-0.001207735,-0.0010883106,-0.00095687778,-0.00079137896,-0.00057626225,-0.00039007689,-0.00027989026,-0.0001679475,-0.0001089836,0,0,0,-9.7731943e-05,-9.0338523e-05,-7.9897611e-05,-7.1947725e-05,-6.3513085e-05,-5.474106e-05,-4.5648369e-05,-3.5736382e-05,-2.5862682e-05,-1.6302962e-05,-5.8879341e-06,3.9642218e-06,1.2639961e-05,2.1971631e-05,3.0939504e-05,3.8753111e-05,4.7103997e-05,5.6051453e-05,6.3877029e-05,7.1780356e-05,7.9889433e-05,8.593528e-05,9.1903639e-05,9.8052857e-05,0.00010203191,0.00010506916,0.00010651907,0.00010581281,0.00010292757,9.6690273e-05,8.5857318e-05,0,0,0
0.98734999999999995,-0.0060260217,-0.0072379783,-0.0087656779,-0.010780465,-0.012669655,-0.014838129,-0.017509988,-0.019944198,-0.022215229,-0.024676045,-0.02659821,-0.027809199,-0.028602749,-0.028743522,0,0,0,-0.022725608,-0.02024027,-0.018019663,-0.015676038,-0.013534726,-0.011686688,-0.0099030258,-0.0083257267,-0.0072038271,-0.0061779949,-0.0052491985,-0.0045857942,-0.0039556772,-0.0033271923,-0.00278679,-0.002324871,-0.001887355,-0.0015014187,-0.0012018763,-0.00095072528,-0.00074972038,-0.00063781254,-0.00059088529,-0.00057057478,-0.00056137703,-0.00054726889,-0.00051507546,-0.000449999,-0.00037627993,-0.00036074221,-0.00035050604,0,0,0,0,-7.3144212e-05,1.1554919e-05,4.3612439e-05,4.781154e-05,2.4909154e-05,-2.4207169e-05,-8.6053973e-05,-0.00014698727,-0.00020993978,-0.00027543382,-0.00033168512,-0.00038505765,-0.00045134439,-0.00053300336,-0.00063039194,-0.00074084167,-0.00084301538,-0.00092843606,-0.0010129848,-0.0010469906,-0.0010560693,-0.0010651727,-0.0010287366,-0.00093587814,-0.00082456588,-0.00069788541,-0.0005440996,-0.0003791732,-0.00027385808,-0.00020979624,-0.00014977844,0,0,0,-0.00010530552,-9.6646749e-05,-8.5629988e-05,-7.5842458e-05,-6.6496927e-05,-5.6997436e-05,-4.7414651e-05,-3.7521684e-05,-2.7482623e-05,-1.7959926e-05,-7.8912672e-06,2.0178559e-06,1.080654e-05,1.9396344e-05,2.8335757e-05,3.6326033e-05,4.4023021e-05,5.3116699e-05,6.1269187e-05,6.8732807e-05,7.709911e-05,8.3110281e-05,8.7560446e-05,9.2786388e-05,9.7403485e-05,9.9969788e-05,0.00010152214,0.00010260237,9.9842247e-05,9.4468618e-05,8.4435567e-05,0,0,0
1.03149,-0.0053465534,-0.0065121353,-0.0077025574,-0.0094314776,-0.011284521,-0.012967899,-0.0152338,-0.017484508,-0.019103622,-0.021031568,-0.022750394,-0.023756981,-0.024359059,-0.024477111,0,0,0,-0.020042269,-0.018179104,-0.016245147,-0.014341369,-0.012441185,-0.010806623,-0.0093110297,-0.0079188161,-0.0069623762,-0.0060614762,-0.0051612644,-0.0044365791,-0.0038103487,-0.0031602099,-0.0025677995,-0.0020991047,-0.0016093942,-0.0011798549,-0.00085586315,-0.00062921294,-0.0004727013,-0.00036146422,-0.00029927713,-0.0002583724,-0.00021834974,-0.0002069684,-0.00021164934,-0.00022019842,-0.00019837869,-0.00017746678,-0.00017116964,0,0,0,0,7.8966841e-06,2.873363e-05,3.3947174e-05,2.36216e-05,-2.7669594e-06,-5.3335214e-05,-0.00011742802,-0.00017607934,-0.00021373114,-0.00025480241,-0.00029406662,-0.00034071348,-0.00040162017,-0.00047349953,-0.00055696868,-0.00065175886,-0.00074976712,-0.0008000115,-0.00084364519,-0.00088216003,-0.00087402144,-0.00086549431,-0.00083953084,-0.00076507044,-0.00067780074,-0.00057782518,-0.00050011935,-0.00039566669,-0.00028484256,-0.00023260119,-0.00018503761,0,0,0,-0.00011354551,-0.00010103345,-8.8706583e-05,-7.7679986e-05,-6.8299167e-05,-5.8823294e-05,-4.9136746e-05,-3.9191e-05,-2.916509e-05,-1.8974406e-05,-9.3305352e-06,1.7346247e-07,9.3615254e-06,1.7316746e-05,2.5784433e-05,3.4260862e-05,4.1427658e-05,4.9956481e-05,5.8584734e-05,6.4942513e-05,7.1557137e-05,7.8791607e-05,8.2743587e-05,8.6707005e-05,9.3553543e-05,9.602707e-05,9.6807686e-05,9.8866949e-05,9.524441e-05,8.9201523e-05,8.1179722e-05,0,0,0
1.0756300000000001,-0.0046863402,-0.0058221659,-0.0069717425,-0.008182657,-0.0099103153,-0.011427206,-0.012920846,-0.014978133,-0.016559677,-0.017864913,-0.019383639,-0.020359343,-0.020748265,-0.020924492,0,0,0,-0.017559631,-0.016130336,-0.014432193,-0.012784356,-0.011374575,-0.010096032,-0.0088922344,-0.0077443286,-0.0067872275,-0.0059260339,-0.0050961897,-0.0043185167,-0.0036764843,-0.0029437104,-0.0021954644,-0.0016273444,-0.0011354038,-0.00076139625,-0.0004805926,-0.00026962248,-0.00016619495,-9.7232274e-05,-4.3382111e-05,-3.8034806e-05,-4.4001499e-05,-3.8346538e-05,-3.4178898e-05,-3.2429118e-05,-1.8810388e-05,6.4438209e-06,7.9660676e-06,0,0,0,0,3.2867771e-05,4.7786627e-05,4.0913234e-05,1.4978461e-05,-2.1215063e-05,-6.6929264e-05,-0.00011447619,-0.00015375053,-0.00019119756,-0.00022632879,-0.00026256553,-0.00030172311,-0.000357774,-0.00042294746,-0.00048894715,-0.00055791083,-0.00062776514,-0.00068655261,-0.00070420885,-0.00071340392,-0.00071321335,-0.00069026009,-0.00067096646,-0.00064163643,-0.00060505932,-0.00054227887,-0.00046411337,-0.00038909807,-0.00030578591,-0.00023536629,-0.00020185357,0,0,0,-0.0001159884,-0.00010242398,-9.0566667e-05,-7.9619131e-05,-7.0060458e-05,-6.0481107e-05,-5.0456365e-05,-3.9956514e-05,-2.9878134e-05,-1.9964542e-05,-1.0129654e-05,-1.0850454e-06,7.6483093e-06,1.5831094e-05,2.3737926e-05,3.1640488e-05,3.9141134e-05,4.6446734e-05,5.421379e-05,6.1358536e-05,6.6904984e-05,7.3271476e-05,7.8780649e-05,8.1316757e-05,8.6902197e-05,9.1036782e-05,9.0493995e-05,9.0855494e-05,9.0230518e-05,8.438644e-05,7.6701632e-05,0,0,0
1.1197699999999999,-0.0042706216,-0.0051149512,-0.0061666295,-0.0072341375,-0.0085325083,-0.0099556968,-0.011298335,-0.012796001,-0.014306115,-0.015439216,-0.016512018,-0.017479781,-0.017869748,-0.017981868,0,0,0,-0.015172252,-0.014173702,-0.013053607,-0.011817745,-0.010617197,-0.0095655676,-0.0084842276,-0.0074660275,-0.0065856455,-0.0057634525,-0.004911128,-0.004035878,-0.0032459572,-0.0024841744,-0.0017509949,-0.001158986,-0.00067314482,-0.00032005343,-7.8648562e-05,0.00010923157,0.00017151283,0.00014044927,0.00016053158,0.00015171726,0.00012682284,0.00012753764,0.00014059851,0.00013209647,0.00010725181,9.2388596e-05,7.1172137e-05,0,0,0,0,6.6197477e-05,6.4917142e-05,4.3276465e-05,6.8112276e-06,-2.7163303e-05,-6.8687368e-05,-0.00011143228,-0.00014514406,-0.0001762833,-0.00020730018,-0.00023570599,-0.00026703649,-0.0003108831,-0.00036668603,-0.00042475242,-0.00048175611,-0.00053254934,-0.00058062922,-0.00059958367,-0.00059215637,-0.00058540475,-0.00059513858,-0.0005773406,-0.00054842723,-0.00052076107,-0.00047605377,-0.0004106329,-0.00035077787,-0.00029952114,-0.00024344068,-0.0002031906,0,0,0,-0.0001175392,-0.000104053,-9.1660069e-05,-8.0351398e-05,-7.0423528e-05,-6.0569771e-05,-5.0645162e-05,-4.0256276e-05,-3.0169243e-05,-2.0520505e-05,-1.0841426e-05,-1.7730736e-06,6.443825e-06,1.4341964e-05,2.2106751e-05,2.9430892e-05,3.6809724e-05,4.3780525e-05,5.0725645e-05,5.776855e-05,6.2847204e-05,6.79722e-05,7.3220719e-05,7.6163931e-05,8.0200378e-05,8.4936051e-05,8.5531035e-05,8.4188781e-05,8.4480911e-05,8.0381025e-05,7.3194155e-05,0,0,0
1.1638999999999999,0,0,0,0,0,0,0,0,0,0,0,0,0,0,0,0,0,0,0,0,0,0,0,0,0,0,0,0,0,0,0,0,0,0,0,0,0,0,0,0,0,0,0,0,0,0,0,0,0,0,0,0,0,0,0,0,0,0,0,0,0,0,0,0,0,0,0,0,0,0,0,0,0,0,0,0,0,0,0,0,0,0,0,0,0,0,0,0,0,0,0,0,0,0,0,0,0,0,0,0,0,0,0,0,0,0,0,0,0,0,0,0,0,0,0,0,0,0,0,0
1.20804,-0.0034226119,-0.0040718098,-0.0047047567,-0.005612202,-0.0065181917,-0.007366953,-0.0084696449,-0.009491439,-0.010420932,-0.011351366,-0.012091862,-0.012700544,-0.01312806,-0.013310409,0,0,0,-0.012104644,-0.011374393,-0.010622898,-0.0099460417,-0.0091741625,-0.0084551182,-0.0077432343,-0.0068991045,-0.0060712509,-0.0053271246,-0.0044083833,-0.0034906212,-0.0025176504,-0.0014620759,-0.00054209307,0.00018125121,0.00069112284,0.0010018605,0.0010769051,0.0010728037,0.0009878634,0.00080801372,0.00064119586,0.00053968991,0.00044292712,0.00036161244,0.00032313942,0.00028182799,0.00023600948,0.00020601111,0.00017857621,0,0,0,0,7.8623416e-05,5.9663784e-05,2.9167859e-05,-7.9663005e-06,-3.6867452e-05,-5.7392404e-05,-8.0769765e-05,-0.00010339491,-0.00011929672,-0.00014071696,-0.00016826903,-0.00019950495,-0.00023711078,-0.00027831097,-0.00031821264,-0.00035762566,-0.00039368728,-0.00040982297,-0.00042525295,-0.00043138958,-0.00040242705,-0.00039956073,-0.00040769076,-0.00039640738,-0.00037935688,-0.00036437466,-0.00034024508,-0.00030298432,-0.00025704899,-0.00022557232,-0.00019745255,0,0,0,-0.00011412095,-0.00010147989,-8.9949594e-05,-7.9456673e-05,-6.9504669e-05,-5.9624301e-05,-4.9788243e-05,-3.9762032e-05,-2.9607265e-05,-1.9948322e-05,-1.1332033e-05,-2.5356567e-06,5.6539102e-06,1.2508149e-05,1.9542809e-05,2.6610398e-05,3.2534979e-05,3.8400558e-05,4.4500186e-05,4.9226117e-05,5.3628937e-05,5.8294187e-05,6.2288585e-05,6.6481356e-05,7.0751492e-05,7.4169642e-05,7.6551834e-05,7.5931079e-05,7.4349897e-05,7.1929651e-05,6.7254878e-05,0,0,0
1.2521800000000001,-0.0030190931,-0.0036091825,-0.0041832607,-0.0048532761,-0.0056827655,-0.0064643631,-0.0072637866,-0.008184311,-0.0090287765,-0.0097157154,-0.010413902,-0.010974872,-0.011337277,-0.011513003,0,0,0,-0.010720895,-0.01031496,-0.0098175509,-0.0092815747,-0.0086682867,-0.0080092829,-0.0073746066,-0.0066527883,-0.0058109369,-0.0049827062,-0.0039832243,-0.0028095962,-0.0017512161,-0.00073657464,0.00022451766,0.00095403008,0.0014594854,0.0017380659,0.0017584017,0.0016771927,0.0014560807,0.0011738596,0.00091739121,0.00075800531,0.00061144156,0.00048388643,0.00043064845,0.00037887238,0.00032510411,0.0002832379,0.00024607475,0,0,0,0,9.6981414e-05,7.2113937e-05,4.488579e-05,1.4695455e-05,-1.4105346e-05,-3.4824479e-05,-5.3946627e-05,-7.4895041e-05,-9.0330112e-05,-0.00011365605,-0.00014303855,-0.00017409166,-0.00020753345,-0.00024376584,-0.00027740205,-0.00030618938,-0.00033532662,-0.0003507988,-0.00035655784,-0.00036519204,-0.00035881385,-0.00034695168,-0.00034771243,-0.00034173363,-0.00032404091,-0.00030427665,-0.00028705448,-0.00027001652,-0.0002402809,-0.00021389205,-0.00019021923,0,0,0,-0.00011071368,-9.8346529e-05,-8.7525033e-05,-7.7435128e-05,-6.7668603e-05,-5.7932564e-05,-4.826596e-05,-3.8622482e-05,-2.8847488e-05,-1.9282965e-05,-1.0658227e-05,-2.5431e-06,5.4918455e-06,1.2377657e-05,1.8602517e-05,2.5433601e-05,3.1305084e-05,3.6329628e-05,4.1869898e-05,4.6239205e-05,4.9925715e-05,5.433871e-05,5.8720412e-05,6.2471852e-05,6.6583962e-05,7.0845024e-05,7.2160052e-05,7.2471623e-05,7.1794202e-05,6.9353555e-05,6.6579203e-05,0,0,0
1.2963100000000001,-0.0026745121,-0.0031787087,-0.0037224828,-0.0042519392,-0.0049419296,-0.0056624115,-0.0062736105,-0.0070275478,-0.0077873538,-0.0083579374,-0.0089307223,-0.0094288951,-0.00974965,-0.0099163288,0,0,0,-0.0097048599,-0.0094184224,-0.0090304632,-0.0085847825,-0.008109428,-0.0075607719,-0.0069799013,-0.0063272207,-0.0054335399,-0.0045125731,-0.0035773623,-0.0023470013,-0.0011477824,-0.00015132036,0.001028778,0.0019229483,0.0025758035,0.0027607479,0.0025760778,0.0023666052,0.0020359179,0.001616479,0.0012336093,0.0010189801,0.00082383316,0.00065975712,0.00057285622,0.00049913203,0.00042363384,0.00036070589,0.00031449914,0,0,0,0,0.00012237614,9.0010697e-05,5.8672391e-05,2.9464602e-05,1.647626e-06,-1.7351878e-05,-3.027101e-05,-4.8962189e-05,-6.6846638e-05,-9.1552589e-05,-0.00012194498,-0.00015358729,-0.00018341065,-0.00021512588,-0.0002458948,-0.00026387192,-0.00028226335,-0.00030177768,-0.00030508739,-0.00030722562,-0.00030925876,-0.00029513432,-0.0002871383,-0.00028591877,-0.00028200023,-0.00027358811,-0.00026118296,-0.00024736355,-0.00022449766,-0.00019771329,-0.00017677467,0,0,0,-0.00010694981,-9.5031406e-05,-8.4514468e-05,-7.4665426e-05,-6.5561129e-05,-5.6085442e-05,-4.6551861e-05,-3.6966445e-05,-2.7613576e-05,-1.8510153e-05,-9.5975629e-06,-2.042274e-06,5.4173142e-06,1.2784763e-05,1.8343946e-05,2.4465111e-05,3.0520147e-05,3.4776625e-05,3.9054918e-05,4.3295375e-05,4.6584406e-05,5.0131257e-05,5.4982625e-05,5.8470843e-05,6.2115396e-05,6.9515874e-05,7.0742855e-05,7.0684386e-05,7.1903749e-05,6.8412395e-05,6.4775988e-05,0,0,0
1.3404499999999999,-0.0024136195,-0.0027869607,-0.0032880681,-0.0037676413,-0.0042545218,-0.0049167061,-0.0054815188,-0.0060144365,-0.0066888225,-0.0072269351,-0.0076553407,-0.0081470674,-0.0085370466,-0.0087249968,0,0,0,-0.0087044807,-0.0084930342,-0.0082990378,-0.0079969261,-0.007637166,-0.0072076451,-0.0066253692,-0.0059732012,-0.005220023,-0.0041940059,-0.0031807395,-0.0018697451,-0.0002144156,0.0011485256,0.0022791326,0.0031204531,0.0036776937,0.0039121043,0.0035234354,0.0030382117,0.0027012222,0.0021118503,0.0015503883,0.0013067501,0.0010658158,0.00085602573,0.00072255312,0.00062688324,0.00053542911,0.00045602687,0.00040604617,0,0,0,0,0.00015002606,0.00010819628,7.8782439e-05,5.2422169e-05,3.2008509e-05,1.8438033e-05,1.8043211e-06,-1.9806321e-05,-4.1990395e-05,-6.660787e-05,-9.8983423e-05,-0.00013327439,-0.00016131427,-0.00018461813,-0.00020724177,-0.0002258544,-0.00023753611,-0.00024972259,-0.00025890046,-0.0002560603,-0.0002591064,-0.00026022398,-0.00025826335,-0.00025643618,-0.00025314756,-0.00024466784,-0.00023213757,-0.00021664149,-0.00019990871,-0.00018208602,-0.00016377121,0,0,0,-0.00010175732,-9.0540649e-05,-8.1053404e-05,-7.1426854e-05,-6.2241808e-05,-5.3544729e-05,-4.4205768e-05,-3.4947905e-05,-2.5877285e-05,-1.7328995e-05,-8.9216919e-06,-9.6485746e-07,5.8751102e-06,1.26673e-05,1.8853338e-05,2.4036775e-05,2.922046e-05,3.3809254e-05,3.7171383e-05,4.0474773e-05,4.3361419e-05,4.653319e-05,5.1624775e-05,5.6870569e-05,6.0668404e-05,6.6473869e-05,7.1080241e-05,6.9878326e-05,6.8971684e-05,6.8258378e-05,6.4758526e-05,0,0,0
1.38459,-0.0021487232,-0.0024876464,-0.0028782738,-0.0033204455,-0.0037582358,-0.0042512221,-0.0047756056,-0.0052530472,-0.0057644607,-0.0062979264,-0.0066983229,-0.0070794653,-0.0074551539,-0.0076470245,0,0,0,-0.0079200342,-0.0078537436,-0.0077373609,-0.0075102299,-0.0071939789,-0.0068200426,-0.0063277516,-0.0056451685,-0.0047899871,-0.0036603068,-0.0022826204,-0.00089445151,0.00068748463,0.0022248467,0.0034273481,0.0042367568,0.0047676479,0.0050337827,0.0046163872,0.0037269641,0.0032919161,0.0026773324,0.0019811259,0.0016058596,0.0013270555,0.0010859387,0.00091338676,0.00080841745,0.00069672754,0.00057971309,0.00051372009,0,0,0,0,0.00019106315,0.0001442444,0.00011779869,9.1072987e-05,6.7174144e-05,5.1602663e-05,3.5156845e-05,1.1962693e-05,-2.0489446e-05,-5.1117619e-05,-8.3905892e-05,-0.00011587729,-0.00014114604,-0.00016170515,-0.0001777765,-0.00019211855,-0.0002018056,-0.00020987057,-0.00022044728,-0.00022691602,-0.00022853013,-0.00023005094,-0.00022973311,-0.00022539576,-0.00021915656,-0.00021331554,-0.00020693043,-0.00019723905,-0.00018581098,-0.00016939396,-0.00015223451,0,0,0,-9.5407944e-05,-8.5097374e-05,-7.6331329e-05,-6.7497305e-05,-5.8407088e-05,-5.0152699e-05,-4.1611733e-05,-3.2735894e-05,-2.3954897e-05,-1.5686128e-05,-7.8117446e-06,5.4147677e-08,7.010869e-06,1.3144247e-05,1.9288915e-05,2.4520457e-05,2.8897879e-05,3.3033772e-05,3.6008991e-05,3.8633898e-05,4.1097865e-05,4.4027434e-05,4.8905284e-05,5.4716103e-05,5.9299331e-05,6.3821244e-05,6.9776826e-05,7.1019327e-05,6.946543e-05,7.0598238e-05,6.8409543e-05,0,0,0
1.42872,-0.0019014523,-0.0022183585,-0.0025424403,-0.0029192576,-0.0033169903,-0.0037101537,-0.004162455,-0.0045993305,-0.0050080763,-0.0054697492,-0.0058359043,-0.0061441604,-0.0064803082,-0.0067478977,0,0,0,-0.0072491984,-0.0072282911,-0.00716815,-0.0070152427,-0.0067609972,-0.0064018923,-0.0059489612,-0.0051936051,-0.0042469152,-0.0032047695,-0.0017462401,-0.00017463695,0.00129712,0.0032185772,0.0048431363,0.0058202604,0.006133562,0.0062556551,0.0058495244,0.0045932122,0.0039654593,0.0033033732,0.002487913,0.0019642713,0.0016622341,0.0013816092,0.0011398058,0.001009904,0.00086974597,0.00072315102,0.00062949467,0,0,0,0,0.00023949944,0.0001804058,0.00015186024,0.00012551463,0.00010006671,7.8447571e-05,5.5123179e-05,2.664249e-05,-8.5125794e-06,-4.0385188e-05,-7.3694348e-05,-0.00010284009,-0.00012558597,-0.00014345878,-0.00015184666,-0.00016029744,-0.00017037227,-0.0001778835,-0.00018629545,-0.00019582181,-0.00019796134,-0.00019813885,-0.00020168498,-0.00020196794,-0.00020021669,-0.00019667641,-0.00019017703,-0.0001808433,-0.00016909826,-0.00015400763,-0.00013818374,0,0,0,-8.9604822e-05,-7.9516176e-05,-7.0925242e-05,-6.3268977e-05,-5.4539829e-05,-4.641369e-05,-3.8587721e-05,-3.0190255e-05,-2.1824606e-05,-1.3608391e-05,-6.2673207e-06,1.0192016e-06,8.6195287e-06,1.4238354e-05,1.971617e-05,2.5558656e-05,2.9234872e-05,3.233234e-05,3.4938057e-05,3.7166359e-05,3.9192033e-05,4.1031806e-05,4.5530054e-05,5.1690069e-05,5.8946705e-05,6.3185806e-05,6.8502566e-05,7.3865711e-05,7.183876e-05,7.1353134e-05,7.2085531e-05,0,0,0
1.4728600000000001,-0.0016734743,-0.0019645791,-0.0022613676,-0.0025484434,-0.0029136441,-0.0032732948,-0.0036173656,-0.0040128483,-0.0043807239,-0.004744567,-0.0051163081,-0.0054419655,-0.0057366677,-0.0060204961,0,0,0,-0.0065900809,-0.0066468809,-0.0066600498,-0.0065717981,-0.0063877674,-0.00601624,-0.0055460716,-0.004954787,-0.0039060018,-0.0027225194,-0.0013165828,0.00083700474,0.0028165421,0.0045205643,0.0063418252,0.0073731383,0.007543629,0.0075445911,0.0069648675,0.0057128659,0.0046505649,0.0038547681,0.0030364469,0.0023443666,0.0020029196,0.001686539,0.0013772965,0.0012210978,0.0010675029,0.00089077995,0.00075742486,0,0,0,0,0.00028906309,0.00022551132,0.00018736755,0.00016027252,0.00013157009,0.00010442562,7.6190132e-05,4.3405758e-05,6.3172629e-06,-2.769682e-05,-6.007636e-05,-8.7242755e-05,-0.00010237682,-0.00011441203,-0.00012454462,-0.00013098135,-0.00013842134,-0.00014712499,-0.00015465353,-0.00016607947,-0.00017646789,-0.00018035439,-0.0001831657,-0.0001847606,-0.00018248532,-0.00017884732,-0.00017144819,-0.00016257695,-0.00015323574,-0.00014094831,-0.00012789851,0,0,0,-8.2398707e-05,-7.3716532e-05,-6.5207416e-05,-5.7636425e-05,-5.0305731e-05,-4.2293701e-05,-3.4897093e-05,-2.73107e-05,-1.9404062e-05,-1.1844721e-05,-4.3006949e-06,2.4439869e-06,9.4593925e-06,1.6206955e-05,2.0901987e-05,2.5702744e-05,3.0433612e-05,3.2735483e-05,3.4409059e-05,3.5938669e-05,3.7780577e-05,3.9934046e-05,4.360445e-05,5.0032453e-05,5.7287249e-05,6.390726e-05,6.80679e-05,7.2374263e-05,7.4804761e-05,7.4898999e-05,7.7502977e-05,0,0,0
1.5169999999999999,0,0,0,0,0,0,0,0,0,0,0,0,0,0,0,0,0,0,0,0,0,0,0,0,0,0,0,0,0,0,0,0,0,0,0,0,0,0,0,0,0,0,0,0,0,0,0,0,0,0,0,0,0,0,0,0,0,0,0,0,0,0,0,0,0,0,0,0,0,0,0,0,0,0,0,0,0,0,0,0,0,0,0,0,0,0,0,0,0,0,0,0,0,0,0,0,0,0,0,0,0,0,0,0,0,0,0,0,0,0,0,0,0,0,0,0,0,0,0,0
1.5611299999999999,-0.0013345736,-0.00152681,-0.0017635559,-0.0020147488,-0.0022511522,-0.0025341674,-0.0028344253,-0.0030973072,-0.0033990641,-0.003707347,-0.003973424,-0.0042516482,-0.0045410367,-0.0048080496,0,0,0,-0.0056210887,-0.0057267477,-0.0057910187,-0.0057659373,-0.0055979402,-0.0053317407,-0.0047503128,-0.0039659268,-0.0030636135,-0.0014372072,0.00037221145,0.002018746,0.0046875663,0.0070472062,0.0087646982,0.0099923275,0.010062207,0.009921046,0.0090267127,0.0075276354,0.0060728882,0.0051303636,0.0041687731,0.0032225267,0.0028103925,0.0024355792,0.0020525013,0.0017429448,0.0015219336,0.0012906819,0.0010447245,0,0,0,0,0.00040830625,0.00033322867,0.0002759193,0.00023739655,0.0001943316,0.00014905422,0.00011168246,6.9405171e-05,2.7244794e-05,-9.2130358e-06,-3.4725337e-05,-5.5298886e-05,-6.8724694e-05,-7.2251678e-05,-7.7322416e-05,-8.4895117e-05,-9.4183873e-05,-0.00010568426,-0.00011886239,-0.0001291041,-0.00013743296,-0.00014591038,-0.00014918715,-0.00014951659,-0.00014925454,-0.00014688479,-0.00014150198,-0.00013406527,-0.00012526683,-0.00011524135,-0.00010438931,0,0,0,-6.7129717e-05,-5.9237005e-05,-5.2931937e-05,-4.6130939e-05,-3.9595048e-05,-3.342102e-05,-2.7153656e-05,-2.0413165e-05,-1.3338344e-05,-6.6588836e-06,1.4976831e-07,7.421193e-06,1.312307e-05,1.9152139e-05,2.56889e-05,2.8864719e-05,3.2038271e-05,3.5195404e-05,3.5743105e-05,3.5622936e-05,3.5276265e-05,3.745775e-05,4.0926439e-05,4.6657027e-05,5.4279481e-05,6.2664447e-05,7.1999129e-05,7.6333963e-05,8.1368911e-05,8.7275897e-05,9.026505e-05,0,0,0
1.60527,-0.0011830571,-0.0013608327,-0.0015437454,-0.0017802176,-0.0020003885,-0.0022206486,-0.0024962497,-0.0027458402,-0.0029869666,-0.003286296,-0.0035657873,-0.0038014706,-0.0040825075,-0.0043486031,0,0,0,-0.005174065,-0.0053109727,-0.0053942865,-0.0054127839,-0.0052264179,-0.0049412064,-0.0045252824,-0.0036361683,-0.0026102006,-0.0012470405,0.0011459421,0.0032999516,0.0053529879,0.0081187813,0.010095973,0.011214632,0.011332355,0.010812953,0.010056399,0.0083224988,0.0065382421,0.0057681939,0.004782977,0.0037812369,0.0032356512,0.0028275778,0.0024032628,0.0020230704,0.0017585659,0.0014861444,0.0012064911,0,0,0,0,0.00047086549,0.00038350909,0.00031037786,0.00026414744,0.00021762334,0.00016661349,0.00012236819,7.9147598e-05,3.5966383e-05,2.0164807e-06,-2.093587e-05,-3.3565444e-05,-4.3790598e-05,-4.9765826e-05,-5.5256671e-05,-6.3092375e-05,-7.2730683e-05,-8.5653213e-05,-0.00010167097,-0.0001158736,-0.00012412571,-0.0001308809,-0.00013559413,-0.00013510374,-0.00013365597,-0.00013148171,-0.00012665885,-0.00011978323,-0.00011253072,-0.00010450682,-9.4033778e-05,0,0,0,-5.9474136e-05,-5.1750656e-05,-4.5381821e-05,-4.0569168e-05,-3.4253797e-05,-2.817066e-05,-2.292126e-05,-1.6650549e-05,-1.0029267e-05,-3.4507975e-06,2.9061048e-06,9.7640659e-06,1.6410744e-05,2.1545255e-05,2.7087044e-05,3.1965988e-05,3.4056739e-05,3.6098612e-05,3.7282545e-05,3.6549191e-05,3.6011828e-05,3.6608639e-05,4.0622217e-05,4.6519141e-05,5.3990389e-05,6.2034364e-05,7.0806986e-05,7.892451e-05,8.5879175e-05,9.5564697e-05,0.00010577904,0,0,0
1.64941,-0.0010416048,-0.0012070613,-0.0013755548,-0.0015641064,-0.001770793,-0.0019756053,-0.0022004088,-0.0024470387,-0.0026742176,-0.0029188264,-0.0031920895,-0.0034156875,-0.0036490294,-0.0039130705,0,0,0,-0.0048114508,-0.004938514,-0.0050255633,-0.0050583547,-0.0049278438,-0.0045980979,-0.0041136784,-0.0032716591,-0.0019668886,-0.00053640828,0.0015447848,0.0040749786,0.006262172,0.0086161317,0.010870432,0.012002556,0.011924772,0.01103342,0.010406783,0.0090126749,0.0071057323,0.0062382254,0.0053400653,0.0043509905,0.0036581911,0.0032614891,0.0027798,0.0022905213,0.0020179385,0.0017043186,0.0013911406,0,0,0,0,0.0005286372,0.00043472045,0.00035031026,0.00029631302,0.00024491147,0.00018959105,0.00013577797,9.0467278e-05,5.0630486e-05,1.9109422e-05,-1.5864935e-06,-1.4885369e-05,-2.2604174e-05,-2.7238661e-05,-3.4345161e-05,-4.6932117e-05,-6.1289422e-05,-7.6308454e-05,-9.0934205e-05,-0.00010455274,-0.00011292971,-0.00011762948,-0.00012109629,-0.00012117095,-0.00011915047,-0.00011718257,-0.0001139458,-0.00010697274,-9.9915036e-05,-9.2481278e-05,-8.2812156e-05,0,0,0,-5.1460585e-05,-4.4980814e-05,-3.8335813e-05,-3.4034761e-05,-2.9141491e-05,-2.3263201e-05,-1.8178194e-05,-1.2486213e-05,-5.9970916e-06,7.2337571e-07,6.8558002e-06,1.304123e-05,1.9621177e-05,2.4990342e-05,2.9565583e-05,3.4423501e-05,3.6940073e-05,3.7740541e-05,3.8045837e-05,3.7472913e-05,3.689525e-05,3.6566387e-05,3.9213686e-05,4.5218385e-05,5.3425108e-05,6.2553532e-05,7.2111725e-05,8.2699029e-05,9.2882314e-05,0.00010433677,0.00011628994,0,0,0
1.69354,-0.00092469493,-0.001066621,-0.00122324,-0.0013826386,-0.0015660664,-0.0017577676,-0.001949116,-0.0021702091,-0.0023846151,-0.0025940037,-0.0028443919,-0.0030797585,-0.0033017432,-0.0035591475,0,0,0,-0.0044597127,-0.0045918454,-0.0046760133,-0.0046885838,-0.0045882221,-0.0042259288,-0.0036747027,-0.0029961702,-0.0016748421,-5.8921054e-05,0.001631571,0.0043299133,0.0069171265,0.0088624274,0.010969681,0.012319659,0.012481909,0.011374097,0.010765195,0.0095962891,0.0077799223,0.0067268736,0.0059628692,0.0049775848,0.0040786187,0.0037023046,0.0031826913,0.0025964074,0.0022815925,0.0019190651,0.0015546335,0,0,0,0,0.00059000647,0.00048912433,0.00039483892,0.00032269754,0.00026012128,0.00020009393,0.00014466453,0.00010009534,5.9633163e-05,2.9832085e-05,1.2456261e-05,8.9833156e-07,-6.4543274e-06,-1.3966488e-05,-2.2929267e-05,-3.6416808e-05,-5.1953903e-05,-6.7429719e-05,-8.1210528e-05,-9.3466508e-05,-0.00010197154,-0.00010484779,-0.00010669725,-0.00010753494,-0.00010545227,-0.00010313762,-0.00010074591,-9.3841314e-05,-8.6789405e-05,-8.0688449e-05,-7.2624767e-05,0,0,0,-4.3153224e-05,-3.8099432e-05,-3.1819654e-05,-2.726962e-05,-2.3746106e-05,-1.8122693e-05,-1.2550285e-05,-7.3775591e-06,-1.3336539e-06,5.0559756e-06,1.1321754e-05,1.6941733e-05,2.2883467e-05,2.9144741e-05,3.2824268e-05,3.632802e-05,3.9914852e-05,4.0251114e-05,3.9649698e-05,3.8239617e-05,3.7426715e-05,3.7316659e-05,3.8212704e-05,4.4636356e-05,5.3367927e-05,6.3914762e-05,7.3847186e-05,8.4248779e-05,9.6253818e-05,0.00010951899,0.0001268778,0,0,0
1.7376799999999999,-0.00082947308,-0.00093903416,-0.0010842958,-0.0012320764,-0.0013781015,-0.0015566464,-0.0017348782,-0.0019192343,-0.0021296614,-0.0023384595,-0.0025481044,-0.002784536,-0.0030023523,-0.0032169418,0,0,0,-0.0041175536,-0.0042619575,-0.0043513272,-0.004345471,-0.0042398805,-0.0040057623,-0.0033890798,-0.0026142313,-0.0016442514,0.00027975719,0.0022458266,0.0041414984,0.0071556261,0.0094166035,0.010963072,0.012550594,0.012751685,0.011604492,0.010731873,0.0096724378,0.0082517006,0.0071069105,0.0064411494,0.0055600209,0.0044592703,0.0040687034,0.0035671548,0.0028980903,0.0024623876,0.0021192806,0.001723096,0,0,0,0,0.00063996244,0.00052468025,0.00042109907,0.00034115589,0.00027454548,0.00021080641,0.00015175631,0.00010764677,7.2263938e-05,4.4171062e-05,3.0386213e-05,1.9915809e-05,1.0574258e-05,6.8290592e-07,-9.9157742e-06,-2.310733e-05,-4.0769628e-05,-5.7862602e-05,-7.2323004e-05,-8.177539e-05,-8.8453751e-05,-9.2387556e-05,-9.320907e-05,-9.3595845e-05,-9.1680253e-05,-8.9399473e-05,-8.7376924e-05,-8.2368613e-05,-7.592253e-05,-6.9859285e-05,-6.3111569e-05,0,0,0,-3.5278266e-05,-3.0309748e-05,-2.6190581e-05,-2.1205284e-05,-1.7260376e-05,-1.3065786e-05,-7.2791881e-06,-2.0659063e-06,3.5652047e-06,9.85511e-06,1.6195656e-05,2.2098833e-05,2.7234564e-05,3.2606295e-05,3.7409569e-05,3.9794148e-05,4.2074298e-05,4.3824428e-05,4.2057771e-05,3.974394e-05,3.7670266e-05,3.8049118e-05,3.9574836e-05,4.3557062e-05,5.2388583e-05,6.3088912e-05,7.505191e-05,8.6841581e-05,0.00010121928,0.00011913944,0.00014113286,0,0,0
1.78182,-0.00074180466,-0.00084364379,-0.00095769926,-0.0010945116,-0.0012332457,-0.0013792163,-0.0015508364,-0.001724476,-0.0019003698,-0.0021003396,-0.0022991158,-0.0025026328,-0.0027190056,-0.0029370538,0,0,0,-0.003799265,-0.0039545987,-0.0040457938,-0.0040617394,-0.0039328882,-0.003662216,-0.0031324918,-0.0022103037,-0.0012072423,0.00031406246,0.002507776,0.0045115631,0.0068788156,0.0093664397,0.010723296,0.011688521,0.01195314,0.011218095,0.010450633,0.0096257981,0.008457141,0.0073003098,0.0067930999,0.0060186987,0.0048989528,0.004368912,0.0038673321,0.0032214269,0.002665617,0.0023058378,0.0019093212,0,0,0,0,0.00067949691,0.00056142645,0.00045197672,0.00036161358,0.00029203278,0.00022445024,0.00016439956,0.00012276195,9.0239868e-05,6.3763393e-05,4.7373411e-05,3.7619368e-05,2.8867205e-05,1.5729514e-05,-9.9054978e-07,-1.841377e-05,-3.6130572e-05,-5.1356084e-05,-6.4301632e-05,-7.3206975e-05,-7.7791345e-05,-8.0115256e-05,-8.0657985e-05,-8.0925878e-05,-7.9364123e-05,-7.7617369e-05,-7.5351272e-05,-7.0974951e-05,-6.4818487e-05,-5.8688933e-05,-5.2770192e-05,0,0,0,-2.909785e-05,-2.3698492e-05,-1.9813044e-05,-1.5849684e-05,-1.1631666e-05,-7.4659474e-06,-1.8070859e-06,4.0144514e-06,1.0001881e-05,1.5970581e-05,2.1983902e-05,2.7833225e-05,3.2703574e-05,3.7160386e-05,4.1796178e-05,4.4022083e-05,4.4611632e-05,4.5235549e-05,4.4138593e-05,4.1524014e-05,3.8390965e-05,3.7530786e-05,3.9484876e-05,4.32058e-05,5.1235242e-05,6.2531995e-05,7.5874268e-05,8.9938403e-05,0.00010571361,0.00012428791,0.00014877401,0,0,0
1.82595,-0.00066195196,-0.00075784884,-0.00085487583,-0.00097414601,-0.001105156,-0.0012294515,-0.0013796893,-0.0015429885,-0.0016977536,-0.0018800825,-0.0020778356,-0.0022703784,-0.0024740216,-0.0026889825,0,0,0,-0.0035104991,-0.0036630437,-0.003737432,-0.0037583841,-0.0036236786,-0.0033178884,-0.0029180595,-0.0020272355,-0.00090176286,0.00026113866,0.0023440095,0.0045212554,0.0061754645,0.0084425006,0.010042217,0.010934466,0.011273754,0.01080106,0.010045106,0.0094424551,0.0085786674,0.0074330322,0.0070472648,0.0063850312,0.0053978949,0.0046797958,0.0041634161,0.0035332795,0.0028371229,0.0024234951,0.0020204766,0,0,0,0,0.00072217628,0.00059658271,0.00047727639,0.00037322496,0.00030172549,0.00023579992,0.00017726116,0.00013328494,0.0001028158,7.9222766e-05,6.1476399e-05,4.8547387e-05,3.4371467e-05,1.8919576e-05,1.9179588e-06,-1.5816828e-05,-3.3597189e-05,-4.7408645e-05,-5.8081718e-05,-6.4591441e-05,-6.6534994e-05,-6.6849345e-05,-6.7626985e-05,-6.8261208e-05,-6.717816e-05,-6.5576496e-05,-6.3295331e-05,-5.9555721e-05,-5.4509019e-05,-4.9262693e-05,-4.4515771e-05,0,0,0,-2.3153189e-05,-1.7799408e-05,-1.3424869e-05,-1.0250631e-05,-5.6375866e-06,-5.4220436e-07,4.687201e-06,1.0626565e-05,1.664416e-05,2.2619555e-05,2.8290457e-05,3.3862649e-05,3.8784987e-05,4.1965595e-05,4.5199784e-05,4.8268776e-05,4.8141184e-05,4.75302e-05,4.64515e-05,4.3657401e-05,4.0016512e-05,3.6592748e-05,3.885966e-05,4.3488239e-05,5.0364164e-05,6.1565661e-05,7.5056625e-05,9.0209767e-05,0.00010736007,0.00012817106,0.00015256426,0,0,0
