"",-3.9640599999999999,-3.8979599999999999,-3.8318599999999998,-3.7657699999999998,-3.6996699999999998,-3.6335700000000002,-3.5674700000000001,-3.5013800000000002,-3.4352800000000001,-3.3691800000000001,-3.3030900000000001,-3.23699,-3.17089,-3.1047899999999999,-3.0387,-2.9725999999999999,-2.9064999999999999,-2.8404099999999999,-2.7743099999999998,-2.7082099999999998,-2.6421100000000002,-2.5760200000000002,-2.5099200000000002,-2.4438200000000001,-2.3777300000000001,-2.3116300000000001,-2.24553,-2.17943,-2.11334,-2.0472399999999999,-1.9811399999999999,-1.9150499999999999,-1.8489500000000001,-1.78285,-1.71675,-1.65066,-1.58456,-1.5184599999999999,-1.4523699999999999,-1.3862699999999999,-1.3201700000000001,-1.2540800000000001,-1.18798,-1.12188,-1.0557799999999999,-0.98968999999999996,-0.92359000000000002,-0.85748999999999997,-0.79139999999999999,-0.72529999999999994,-0.65920000000000001,-0.59309999999999996,-0.52700999999999998,-0.46090999999999999,-0.39480999999999999,-0.32872000000000001,-0.26262000000000002,-0.19652,-0.13042000000000001,-0.064329999999999998,0.0017700000000000001,0.06787,0.13396,0.20005999999999999,0.26616000000000001,0.33226,0.39834999999999998,0.46444999999999997,0.53054999999999997,0.59663999999999995,0.66274,0.72884000000000004,0.79493000000000003,0.86102999999999996,0.92713000000000001,0.99322999999999995,1.05932,1.1254200000000001,1.1915199999999999,1.2576099999999999,1.3237099999999999,1.38981,1.45591,1.522,1.5881000000000001,1.6541999999999999,1.7202900000000001,1.7863899999999999,1.85249,1.91859,1.98468,2.05078,2.1168800000000001,2.1829700000000001,2.2490700000000001,2.3151700000000002,2.3812700000000002,2.4473600000000002,2.5134599999999998,2.5795599999999999,2.6456499999999998,2.7117499999999999,2.7778499999999999,2.8439399999999999,2.91004,2.97614,3.0422400000000001,3.10833,3.1744300000000001,3.2405300000000001,3.3066200000000001,3.3727200000000002,3.4388200000000002,3.5049199999999998,3.5710099999999998,3.6371099999999998,3.7032099999999999,3.7692999999999999,3.8353999999999999,3.9015
-1.66086,-0.00055160042,-0.00070545188,-0.00090106257,-0.0011238226,-0.0014049414,-0.0017638546,-0.0021943327,-0.0027198941,-0.0033221734,-0.0039354521,-0.0046160291,-0.005355509,-0.006006158,-0.0066163139,0,0,0,-0.0089692678,-0.0091550797,-0.0089176437,-0.0084349979,-0.0078177731,-0.0069184424,-0.005932977,-0.0048139114,-0.0035648732,-0.0023071184,-0.0010277823,0.00023107964,0.0012648646,0.0022282612,0.0030649637,0.0036270451,0.0039455206,0.0040998994,0.0040617762,0.003538453,0.0029276963,0.0022836877,0.001151363,6.1431201e-05,-0.00068683829,-0.001310779,-0.0018043157,-0.0018600657,-0.0014714117,-0.0010476511,-0.00064988853,0,0,0,0,-0.00025206327,-0.0006409405,-0.00089186418,-0.0010457159,-0.0012141828,-0.0012724362,-0.0012890635,-0.001270748,-0.0011926031,-0.0011074943,-0.00100653,-0.00085521233,-0.00072585698,-0.0006013934,-0.00044960942,-0.00032508175,-0.00021354845,-9.6028452e-05,2.7452406e-05,0.00013066313,0.00022027438,0.00030917965,0.00037618951,0.00042013195,0.00044663355,0.00046042213,0.00045629076,0.00045152113,0.00043234986,0.00040353008,0.00037855437,0,0,0,0.00017225399,0.00010561939,3.0562558e-05,-4.7544308e-05,-0.00011119318,-0.00017656042,-0.00023719709,-0.00028534982,-0.00032184258,-0.00034727671,-0.00036080592,-0.000358513,-0.00034598701,-0.00032582166,-0.00030103812,-0.00027802901,-0.00024802561,-0.00022293619,-0.00021063506,-0.00020351702,-0.00020704113,-0.00021605054,-0.00022647585,-0.00023647756,-0.00023653111,-0.00020627555,-0.00013930122,-3.7790982e-05,0.00013298694,0.00043044914,0.00083791488,0,0,0
-1.6167199999999999,-0.00058894616,-0.00073776598,-0.00097357627,-0.0012601537,-0.0015937104,-0.0020309056,-0.002523914,-0.0030805646,-0.0037680275,-0.0044554146,-0.0052050985,-0.0062596966,-0.0072816955,-0.0082800733,0,0,0,-0.010882678,-0.011005526,-0.010910821,-0.010519844,-0.0098721217,-0.0089991027,-0.0077047371,-0.0062768273,-0.0047760722,-0.0032814266,-0.0017803307,-0.00030217506,0.00092412601,0.0020090695,0.0029960903,0.0036676419,0.0040009413,0.0041934703,0.0041884785,0.0036405129,0.0029324074,0.0022267827,0.0011909876,-2.4194131e-05,-0.00084773148,-0.0014427537,-0.0019840328,-0.0021494976,-0.001882215,-0.0011260752,-0.00076408335,0,0,0,0,-3.1223055e-05,-0.00039689173,-0.00065577292,-0.00083894236,-0.0010201185,-0.001140887,-0.0011544111,-0.0011526583,-0.0011024551,-0.00099817361,-0.000912847,-0.00078819832,-0.00065406587,-0.00055484666,-0.00043536705,-0.00029692822,-0.00019012344,-8.4404011e-05,4.5181725e-05,0.00014465673,0.00022698741,0.00030241706,0.00035877182,0.00039681338,0.0004204557,0.00043715889,0.00043872374,0.00042946968,0.00041744462,0.00039228733,0.00035734702,0,0,0,0.0001535762,9.1498638e-05,2.7911636e-05,-4.4006418e-05,-0.00010843189,-0.00016473536,-0.0002219411,-0.00026781781,-0.00029985837,-0.00031972284,-0.00032789112,-0.00032837898,-0.00031239146,-0.00027680054,-0.00023723194,-0.00020537739,-0.0001748474,-0.00014628271,-0.00014011445,-0.00013774015,-0.00013877898,-0.00014877653,-0.00015025827,-0.00014605861,-0.00012691031,-8.3589744e-05,-1.6660786e-05,0.00010425767,0.00029159119,0.00055479718,0.0009882244,0,0,0
-1.5725800000000001,-0.00063790462,-0.00082949217,-0.0010688768,-0.0013955032,-0.0017723413,-0.0022164145,-0.0027682057,-0.0034286818,-0.0042947461,-0.0052763731,-0.0063492884,-0.0075295856,-0.0087161846,-0.009817915,0,0,0,-0.013493204,-0.013857469,-0.013838999,-0.01338832,-0.012400056,-0.011208241,-0.0097593218,-0.0079961596,-0.0062123984,-0.0045079198,-0.002748312,-0.0010153319,0.00049401622,0.0017184736,0.002825293,0.0037186502,0.0040781125,0.0042732931,0.0042816922,0.0037741077,0.003028078,0.0022269483,0.0012735869,-8.3015766e-06,-0.0010150291,-0.0016044755,-0.0021775917,-0.0022277762,-0.0020275943,-0.0014616128,-0.00074264826,0,0,0,0,0.00010578404,-0.00018810108,-0.00047232932,-0.00066979916,-0.00083154812,-0.00097077276,-0.0010164588,-0.0010018731,-0.00098097825,-0.00092190789,-0.00083755376,-0.00074574479,-0.00062682031,-0.00050897966,-0.00040461984,-0.00027569101,-0.00015715533,-6.3694693e-05,4.2612046e-05,0.00013750685,0.00020978732,0.00027731323,0.00033571155,0.00037292502,0.00039637578,0.00041067071,0.00041234586,0.00040341972,0.00038495933,0.00036027769,0.00032824598,0,0,0,0.00013647738,7.4473457e-05,1.3258454e-05,-5.0336428e-05,-0.00011275972,-0.00016499087,-0.00021324093,-0.00025463218,-0.00028447382,-0.00030190177,-0.00029704484,-0.00028094329,-0.00025312378,-0.00021169768,-0.00016381417,-0.00012912374,-0.00010276225,-7.5503252e-05,-5.8747813e-05,-5.4722786e-05,-5.3411728e-05,-5.4256147e-05,-5.5647157e-05,-4.9464204e-05,-2.8559232e-05,2.3393586e-05,9.7379314e-05,0.00021769066,0.00041445799,0.00067549536,0.0010516559,0,0,0
-1.5284500000000001,-0.00067407341,-0.00088998757,-0.0011431561,-0.0014763754,-0.0019249908,-0.0024722966,-0.0031545751,-0.004002105,-0.0049739117,-0.0060721226,-0.0072912611,-0.0086093359,-0.0099696834,-0.011572858,0,0,0,-0.016782444,-0.017140474,-0.016941581,-0.016348379,-0.015220514,-0.013934596,-0.012351164,-0.010362657,-0.0081370538,-0.0060242135,-0.0039526229,-0.0019225313,-8.4277941e-05,0.0013477891,0.0026022708,0.0036787642,0.0041464618,0.004352509,0.004381048,0.0039581885,0.0031678737,0.0022977614,0.001400419,8.776621e-05,-0.00093763298,-0.0015662848,-0.0021444187,-0.0022480292,-0.0020340595,-0.0016104684,-0.00084728329,0,0,0,0,0.00022849743,3.3302931e-06,-0.00026994478,-0.00046940846,-0.00061951845,-0.00078604987,-0.00087673793,-0.00089948304,-0.00089146465,-0.00084959069,-0.00076886214,-0.00068003952,-0.00057519955,-0.0004580348,-0.00036781392,-0.00026128686,-0.00015348371,-6.2051258e-05,3.2241391e-05,0.00012663798,0.00019873068,0.00025790976,0.00031321577,0.00034585543,0.00036579551,0.00037664379,0.00037765858,0.00037045646,0.00035363733,0.00032916729,0.00029962242,0,0,0,0.0001086397,5.0963805e-05,-5.9248996e-06,-6.0468024e-05,-0.00011726347,-0.00016656973,-0.00021167056,-0.00024793416,-0.00027164174,-0.00028458639,-0.00027153705,-0.00024210876,-0.00020749087,-0.0001610895,-0.00010446487,-3.7484264e-05,8.3180785e-06,4.0681894e-05,6.3089137e-05,5.6132252e-05,4.4847984e-05,4.0336847e-05,3.7771795e-05,4.3718821e-05,6.5340748e-05,0.00012254214,0.00020816908,0.00032091679,0.00051230198,0.00078178605,0.0011161719,0,0,0
-1.48431,-0.00068591139,-0.0009321284,-0.0012372315,-0.0016033123,-0.0021276516,-0.0027553148,-0.0034612822,-0.0044106012,-0.0055050603,-0.0067136637,-0.0083976639,-0.010292459,-0.01236143,-0.014223909,0,0,0,-0.019945893,-0.020741038,-0.020964533,-0.020447809,-0.019507419,-0.017643195,-0.015506007,-0.013169365,-0.010442244,-0.0078331465,-0.005404273,-0.0030225655,-0.00079699769,0.00092412543,0.0023324529,0.0035326632,0.0042327391,0.0044651311,0.004506256,0.0041937879,0.0033599394,0.0024820142,0.0015770907,0.00028710952,-0.00077181659,-0.0015071542,-0.0020640783,-0.0023037149,-0.0019322161,-0.0016160232,-0.0010383222,0,0,0,0,0.00037170458,0.00020008138,-8.1808656e-05,-0.00030167331,-0.00046914094,-0.00065038376,-0.00074994832,-0.00078922266,-0.00078048708,-0.00075017277,-0.0006909169,-0.00061300292,-0.00053415797,-0.00044328661,-0.00034321618,-0.00024905719,-0.00014965213,-5.204192e-05,3.1489843e-05,0.00011555479,0.00018556637,0.00023277715,0.0002801854,0.00031413528,0.00033269144,0.00034327235,0.00034384103,0.00033680274,0.0003215039,0.00029441831,0.00026231114,0,0,0,8.0141523e-05,2.8963565e-05,-2.4568639e-05,-7.6768862e-05,-0.0001274657,-0.00017691572,-0.00022008709,-0.00025549394,-0.00027077328,-0.00027649518,-0.00026807975,-0.00022311466,-0.0001539489,-6.5058448e-05,2.3945395e-05,0.00010138486,0.00016880577,0.00018005974,0.00018724467,0.00018283114,0.00015531422,0.00014048893,0.00013454647,0.00014124437,0.0001647114,0.00021397381,0.00030568056,0.00042664935,0.00059027656,0.00085336727,0.0011587655,0,0,0
-1.44017,-0.00072976877,-0.00096802542,-0.0013100487,-0.0017221993,-0.0022315455,-0.0029315546,-0.0037731682,-0.0048791915,-0.0063611027,-0.008049095,-0.0098798219,-0.012057914,-0.014424823,-0.016574468,0,0,0,-0.025056578,-0.026089214,-0.026476007,-0.02539734,-0.02391487,-0.021877443,-0.019126978,-0.016359333,-0.013300355,-0.010073869,-0.0071708262,-0.0043511158,-0.0017339878,0.00028334674,0.0019939854,0.0033432969,0.0042305719,0.0045916094,0.0046345643,0.0044366987,0.0035862478,0.002687322,0.0017743919,0.00047791377,-0.00062382454,-0.0013468163,-0.0018526386,-0.0021831524,-0.0019840407,-0.0014787437,-0.0010302817,0,0,0,0,0.00048224046,0.00033441698,6.7110173e-05,-0.00015744008,-0.00032349827,-0.00049229723,-0.00060342497,-0.00066244486,-0.00068675418,-0.00067477528,-0.00063974212,-0.00057798589,-0.00049144146,-0.00041078107,-0.00032170548,-0.00022500897,-0.00013951717,-5.653788e-05,2.0992076e-05,9.5322779e-05,0.0001600511,0.00021091089,0.00025149947,0.00028241449,0.0003011745,0.00030901231,0.00030870864,0.0002997306,0.00028369285,0.00025773485,0.00022568362,0,0,0,5.2317242e-05,4.0321393e-06,-4.5181609e-05,-9.6132491e-05,-0.0001445814,-0.00019026011,-0.00023067478,-0.00026426936,-0.00028244185,-0.0002737903,-0.00024228243,-0.00017223794,-8.3193801e-05,2.8842092e-05,0.00014414045,0.00022692773,0.00029974166,0.00034936081,0.00035307457,0.00033447353,0.00030214869,0.00026286257,0.00023934394,0.00023706997,0.00025947305,0.00030603239,0.00038466213,0.00050018239,0.00064353133,0.00085655635,0.0011418203,0,0,0
-1.3960399999999999,-0.0007467625,-0.00099334121,-0.0013319958,-0.0018049894,-0.0023908396,-0.0032001121,-0.0042558857,-0.0054885312,-0.0070849112,-0.0090521071,-0.011078089,-0.013434195,-0.016728608,-0.020072293,0,0,0,-0.03076474,-0.031557307,-0.031926919,-0.030879067,-0.029407222,-0.027239665,-0.024147116,-0.020539403,-0.016743679,-0.01278423,-0.0093362331,-0.0060064108,-0.0029188679,-0.00046281982,0.001553153,0.003148075,0.0042295158,0.0046812133,0.0047964165,0.0046508741,0.0038546834,0.002912764,0.0020000243,0.00082317274,-0.00034459098,-0.0010995443,-0.0015495135,-0.0019534435,-0.0018777051,-0.0013737052,-0.0008781408,0,0,0,0,0.00054705073,0.0004540768,0.00021856278,2.7264468e-07,-0.00018343976,-0.00035347434,-0.00049532851,-0.00057323091,-0.00060568441,-0.00060100062,-0.00057036401,-0.00051994389,-0.00044145231,-0.00037330118,-0.00030358456,-0.00022168383,-0.00013894521,-6.265493e-05,1.19791e-05,8.3346473e-05,0.00014181461,0.00019066309,0.00022539726,0.00025113634,0.00026837821,0.00027502104,0.00027358654,0.00026495825,0.00024803064,0.00022266973,0.0001918459,0,0,0,2.7457841e-05,-1.9344945e-05,-6.4043197e-05,-0.00011192361,-0.00015899033,-0.00020683567,-0.00024904931,-0.00027996715,-0.00030283912,-0.00029017884,-0.00024069431,-0.00016269404,-5.7171084e-05,7.3827992e-05,0.0002662832,0.00040606968,0.00049356738,0.00058657542,0.00058708678,0.00052480568,0.00047082017,0.00040811099,0.00036016467,0.00032869168,0.00033814454,0.0003767162,0.00044261233,0.0005521971,0.0006947245,0.00087799958,0.0011359279,0,0,0
-1.3519000000000001,0,0,0,0,0,0,0,0,0,0,0,0,0,0,0,0,0,0,0,0,0,0,0,0,0,0,0,0,0,0,0,0,0,0,0,0,0,0,0,0,0,0,0,0,0,0,0,0,0,0,0,0,0,0,0,0,0,0,0,0,0,0,0,0,0,0,0,0,0,0,0,0,0,0,0,0,0,0,0,0,0,0,0,0,0,0,0,0,0,0,0,0,0,0,0,0,0,0,0,0,0,0,0,0,0,0,0,0,0,0,0,0,0,0,0,0,0,0,0,0
-1.30776,-0.00070437649,-0.0010114502,-0.0013795452,-0.0018650506,-0.0026105463,-0.0035308155,-0.0047691399,-0.0065976684,-0.0087824147,-0.011472798,-0.01488721,-0.018594071,-0.022758814,-0.027378321,0,0,0,-0.046857283,-0.04908473,-0.049223728,-0.04822975,-0.045594938,-0.04112957,-0.036578707,-0.031614445,-0.025808187,-0.019964464,-0.014817109,-0.010205947,-0.0059148222,-0.0022744122,0.00025626994,0.0024619359,0.0041618077,0.004811835,0.005080618,0.0050332099,0.0044620498,0.003491505,0.0024931533,0.0015854561,0.00032348698,-0.00058473391,-0.0010616444,-0.0014248129,-0.001439882,-0.0012259714,-0.00074574281,0,0,0,0,0.00066653849,0.00059586298,0.00044006296,0.00022770965,3.6691141e-05,-0.00012521417,-0.00026880819,-0.00037506706,-0.00043974849,-0.00046310324,-0.00045672135,-0.00042848405,-0.00038566958,-0.00032284402,-0.0002570494,-0.0002003336,-0.00012972514,-6.2111081e-05,-4.6606901e-06,5.4730448e-05,0.00010733533,0.00014404213,0.00017460312,0.00019798393,0.00020891367,0.00021434252,0.00021211212,0.00020046878,0.00018417907,0.00016098104,0.00012979492,0,0,0,-1.4325538e-05,-5.5056349e-05,-0.00010187693,-0.00014855192,-0.00019668539,-0.00024609332,-0.00030301034,-0.0003456909,-0.00034773917,-0.00035257614,-0.00030594083,-0.00015056037,4.7153619e-05,0.00024450896,0.00047996541,0.00077852665,0.00093483657,0.00096297101,0.0010195773,0.00097923819,0.00081786612,0.00069572369,0.00060962857,0.00053091376,0.0004915531,0.00049730053,0.00054539915,0.0006179054,0.00072111876,0.00085485517,0.0010148431,0,0,0
-1.26362,-0.00067312707,-0.00096822693,-0.0013660457,-0.0018626462,-0.0026599795,-0.0037657896,-0.0051054824,-0.0070190802,-0.0095314644,-0.012447846,-0.016086292,-0.021191707,-0.027084339,-0.033960573,0,0,0,-0.056485016,-0.058931239,-0.059602506,-0.05941058,-0.056948841,-0.05203246,-0.045468543,-0.03895323,-0.031937893,-0.024765629,-0.018369002,-0.012930191,-0.0078586368,-0.00335032,-0.0003901103,0.0020182377,0.0039646039,0.0049088621,0.0052164709,0.0052302172,0.0047933403,0.0038106896,0.002788377,0.0018585024,0.00069875852,-0.00024368218,-0.00079716952,-0.001126847,-0.0011570244,-0.00097200554,-0.00066366908,0,0,0,0,0.00074200099,0.00066122215,0.00052962196,0.00032983458,0.00014025177,-3.22829e-05,-0.00018449826,-0.00029266477,-0.00036572092,-0.00039799517,-0.00039773545,-0.00037565429,-0.00034781016,-0.00030078652,-0.00024544884,-0.00019116706,-0.0001290982,-6.3225583e-05,-7.2515791e-06,4.4221542e-05,9.4538875e-05,0.00012825844,0.00015282055,0.00017478727,0.00018501541,0.00018759171,0.00018553146,0.00017337559,0.00015500508,0.00013426424,0.00010612264,0,0,0,-3.0275842e-05,-6.7042551e-05,-0.00011229773,-0.00016072566,-0.00021077503,-0.00025966961,-0.0003193685,-0.00038743753,-0.00039429491,-0.00037996541,-0.00037121709,-0.00022737894,1.258796e-05,0.00027250231,0.00053163926,0.00083232718,0.0011162988,0.0011654017,0.0011832509,0.0012178177,0.0010485046,0.00087242713,0.00072911655,0.00061022874,0.00054142415,0.00052481052,0.00056517962,0.00063250755,0.00072327437,0.00084137777,0.00097586995,0,0,0
-1.21949,-0.00061589817,-0.00087492401,-0.001301358,-0.0018390986,-0.0025849454,-0.0037933257,-0.0052920263,-0.0071571097,-0.010255728,-0.014148721,-0.018767601,-0.024791399,-0.031715725,-0.039441168,0,0,0,-0.070134923,-0.07450749,-0.077233836,-0.075359777,-0.070725597,-0.064808495,-0.056097277,-0.047509119,-0.039176006,-0.030381951,-0.022256624,-0.01574445,-0.0099703446,-0.0048362315,-0.0011606889,0.0015046161,0.0036574269,0.0050193393,0.0053653419,0.0053907698,0.0051039644,0.0041205985,0.0031101929,0.0020909123,0.0010363981,0.00010854774,-0.00053482852,-0.00086462358,-0.0010074684,-0.00077788089,-0.00053923088,0,0,0,0,0.00083245232,0.00073720224,0.00060997531,0.0004189756,0.00023090857,6.0997903e-05,-0.00010032562,-0.00020800346,-0.00028605657,-0.00033750158,-0.00035121321,-0.00034440003,-0.00031893677,-0.00027885221,-0.00022992937,-0.00017497849,-0.00012038631,-6.2824722e-05,-7.4722807e-06,3.4266726e-05,7.7685567e-05,0.00011497401,0.00013559057,0.0001530576,0.00016537409,0.00016466287,0.00016068922,0.00015279574,0.00013407765,0.00011294022,8.9624838e-05,0,0,0,-4.1676562e-05,-7.8328354e-05,-0.00011620847,-0.00016626422,-0.00021881599,-0.00027415683,-0.00033252855,-0.00040456449,-0.00047823827,-0.00043746433,-0.0003948542,-0.00030576964,-1.7589176e-05,0.00026726993,0.00060448295,0.00087817863,0.0011738718,0.0014280797,0.0013597109,0.0013102221,0.0011792171,0.00094070158,0.0007860901,0.00066422147,0.00058831618,0.00056316121,0.00058503076,0.00063972943,0.00070862111,0.0007933891,0.00088709313,0,0,0
-1.1753499999999999,-0.0005317459,-0.00080950267,-0.001178125,-0.0017595176,-0.0025525556,-0.0036774592,-0.005495497,-0.0077937813,-0.010889394,-0.015458113,-0.020864908,-0.02702748,-0.034973182,-0.045590304,0,0,0,-0.089237422,-0.092602119,-0.094228521,-0.09302742,-0.086308062,-0.079270512,-0.069749609,-0.058351535,-0.047669247,-0.037056297,-0.02691997,-0.0193522,-0.012511973,-0.0066565662,-0.0021917108,0.0010475605,0.0033991972,0.0050140098,0.005543665,0.0055848085,0.0053323437,0.0044372301,0.0034170093,0.0023961773,0.0013118078,0.00037864666,-0.00026786746,-0.00062462175,-0.00079792389,-0.00064416183,-0.00030232593,0,0,0,0,0.00084785151,0.0008215885,0.00068658753,0.00050510041,0.00031767349,0.00014891013,-7.7560544e-06,-0.00013746947,-0.00022409449,-0.00028291738,-0.00030517814,-0.00030417563,-0.00028589618,-0.00024880853,-0.00020975128,-0.00016481214,-0.00011533267,-6.4195694e-05,-1.4019233e-05,3.0258092e-05,6.7665962e-05,0.00010020249,0.00012348147,0.00013647151,0.00014622523,0.00014868384,0.00014213579,0.000132683,0.00011704925,9.4104704e-05,7.0417365e-05,0,0,0,-4.2754742e-05,-8.168583e-05,-0.00012174639,-0.00016422974,-0.00021806265,-0.00027660606,-0.0003369539,-0.00039523025,-0.00046055653,-0.00046588652,-0.00041527027,-0.00032164072,-0.00011330135,0.00019189475,0.00055776804,0.00089107623,0.0011119026,0.0012954541,0.0013734287,0.0013120542,0.0011765708,0.0010223198,0.00085577718,0.00072771998,0.0006174384,0.0005744131,0.00057967351,0.00061512587,0.00067432807,0.00074794359,0.00082584308,0,0,0
-1.13121,-0.00044081995,-0.00069928536,-0.0010237378,-0.0015428078,-0.002405769,-0.0035816953,-0.0053904299,-0.0079680746,-0.011241063,-0.015902027,-0.022935972,-0.031293742,-0.04210566,-0.055430852,0,0,0,-0.10676394,-0.11238778,-0.11647296,-0.11699201,-0.11057429,-0.099234492,-0.086260669,-0.071654543,-0.058221575,-0.045193505,-0.032865219,-0.023303231,-0.015135542,-0.008279684,-0.0031346849,0.00046762917,0.0031507146,0.0050543998,0.0056890976,0.0058080284,0.0055425945,0.0047264467,0.0036630461,0.0026480218,0.0016089397,0.00061523018,-2.5864691e-05,-0.00039713993,-0.00057958229,-0.00051068608,-0.00021555927,0,0,0,0,0.00091364351,0.000889774,0.00077750278,0.00060213718,0.00041293079,0.00023479466,7.6405762e-05,-6.1203551e-05,-0.00015849981,-0.00022302521,-0.00025317076,-0.00026333856,-0.00025669587,-0.00023102996,-0.0001944734,-0.00015393941,-0.00010807387,-5.8832797e-05,-1.369758e-05,2.8868115e-05,6.2549414e-05,8.9658628e-05,0.00011246368,0.00012480817,0.00013148988,0.00013421741,0.00012727491,0.00011530288,0.00010221577,8.2400802e-05,6.0226525e-05,0,0,0,-4.2170137e-05,-7.7721401e-05,-0.00011999287,-0.00015248812,-0.00018967321,-0.00023551102,-0.00029886921,-0.00036431389,-0.00042425492,-0.00049332227,-0.00049110281,-0.00039060705,-0.00021381503,4.9298742e-05,0.00035502302,0.00076096645,0.0010152204,0.0011371435,0.0013501131,0.0013491905,0.0011904759,0.0010124424,0.00083983626,0.00070699648,0.00059229659,0.00055497704,0.00056458561,0.0005955181,0.00064728782,0.00070685765,0.00076546165,0,0,0
-1.08708,-0.00026783877,-0.00050272932,-0.0008438208,-0.0012664206,-0.0021303713,-0.003424678,-0.0050158487,-0.0078547783,-0.011940323,-0.017093955,-0.025385089,-0.035474788,-0.046991974,-0.062303394,0,0,0,-0.1348639,-0.14706723,-0.14833114,-0.14537475,-0.13855825,-0.12297788,-0.10558867,-0.087320313,-0.070415169,-0.054108504,-0.038967621,-0.027439507,-0.018248068,-0.010213576,-0.0041971379,-0.00029869238,0.002911353,0.0049831285,0.005799287,0.0060135867,0.0057483958,0.0050334129,0.0039052565,0.0028743525,0.0019013535,0.00078757573,0.00011540623,-0.00028808101,-0.00045983074,-0.00040867971,-0.00016202324,0,0,0,0,0.0010374342,0.00098657515,0.00089768908,0.00071209576,0.00051368249,0.00032262446,0.0001577423,1.8465915e-05,-9.5110612e-05,-0.0001703024,-0.00021284043,-0.00022949625,-0.00022771588,-0.00020950558,-0.00017422023,-0.00013744077,-9.8093697e-05,-5.0984654e-05,-1.248553e-05,2.4352821e-05,6.0549166e-05,8.367523e-05,0.00010263119,0.00011742739,0.00012075607,0.00012145497,0.00011905516,0.00010658424,9.2960297e-05,7.7831937e-05,5.3916876e-05,0,0,0,-4.1012081e-05,-5.8890895e-05,-9.5234209e-05,-0.00012279516,-0.00013533188,-0.00017522149,-0.00022841044,-0.0003409521,-0.00038698467,-0.00042093958,-0.00054568017,-0.00043898344,-0.00027003721,-6.2411076e-05,0.00017240997,0.00052947103,0.00099888106,0.0010033746,0.0010532498,0.0011983927,0.0010086305,0.00082304084,0.00074373762,0.00065967324,0.00055242539,0.00051915966,0.00053586817,0.00056340871,0.00060401327,0.00064362737,0.00068651821,0,0,0
-1.04294,-0.00014658255,-0.00030898268,-0.00065898907,-0.0010388754,-0.0015918622,-0.0029769894,-0.0047771814,-0.0073099714,-0.012004629,-0.017967902,-0.025807638,-0.037503369,-0.052946553,-0.072689086,0,0,0,-0.16506843,-0.17863081,-0.18303597,-0.17675626,-0.16902867,-0.15333086,-0.13005707,-0.10579909,-0.084767148,-0.065071657,-0.046962518,-0.032366224,-0.021910166,-0.012588481,-0.0050631813,-0.0008086809,0.002557266,0.0049829348,0.0059903841,0.0062063802,0.0059979665,0.0053475415,0.004167458,0.0029849908,0.0019826274,0.00095054222,0.00016601547,-0.00023170689,-0.00038486463,-0.00028660765,-6.1494298e-05,0,0,0,0,0.00120694,0.0011183347,0.00099718699,0.00083192834,0.00062453852,0.00042514002,0.00024280191,9.4406445e-05,-2.6568137e-05,-0.00011657804,-0.00016815783,-0.00019012744,-0.00019356725,-0.00018520215,-0.00015691266,-0.00012352091,-8.8772096e-05,-4.7234938e-05,-6.7403089e-06,2.5792571e-05,5.6902849e-05,8.2813232e-05,9.7879063e-05,0.00010977156,0.00011662644,0.00011490659,0.0001104553,0.00010114504,8.5857901e-05,6.9749723e-05,5.0757575e-05,0,0,0,-3.0138537e-05,-4.5439017e-05,-6.4583946e-05,-9.1752539e-05,-9.3864706e-05,-9.084976e-05,-0.0001107902,-0.00020165686,-0.00028658201,-0.0003014117,-0.00041147805,-0.00050382403,-0.00035501644,-0.00013157885,-9.1873371e-06,0.00019134955,0.00052213867,0.00068393431,0.00065974594,0.00078025553,0.00083686941,0.00064097822,0.00056439772,0.00057170482,0.00049266114,0.0004678659,0.00049059174,0.0005187791,0.0005555292,0.000594304,0.00062341831,0,0,0
-0.99880000000000002,0,0,0,0,0,0,0,0,0,0,0,0,0,0,0,0,0,0,0,0,0,0,0,0,0,0,0,0,0,0,0,0,0,0,0,0,0,0,0,0,0,0,0,0,0,0,0,0,0,0,0,0,0,0,0,0,0,0,0,0,0,0,0,0,0,0,0,0,0,0,0,0,0,0,0,0,0,0,0,0,0,0,0,0,0,0,0,0,0,0,0,0,0,0,0,0,0,0,0,0,0,0,0,0,0,0,0,0,0,0,0,0,0,0,0,0,0,0,0,0
-0.95467000000000002,0.00022705086,0.00027369877,0.00012932497,-0.00018558989,-0.00061702466,-0.0014443429,-0.0033099954,-0.0059261415,-0.0096326852,-0.017929869,-0.028989628,-0.042745292,-0.06517224,-0.091924697,0,0,0,-0.26152271,-0.28830335,-0.29334444,-0.28918171,-0.26160496,-0.22992831,-0.19587745,-0.15528885,-0.11884465,-0.090024367,-0.064585723,-0.042583652,-0.028208451,-0.017171375,-0.0080278665,-0.0016540987,0.0020936234,0.0048484891,0.0065400326,0.0066652731,0.0063706147,0.0056893602,0.0045430083,0.0032605734,0.001933846,0.00094423327,0.00015718059,-0.00036870979,-0.00050080707,-0.00030964412,9.0812391e-05,0,0,0,0,0.0015858195,0.001596411,0.0013878025,0.0011592711,0.00092875503,0.00067609909,0.00044800306,0.00025690941,0.00011395931,2.4938345e-07,-8.3107996e-05,-0.00011779336,-0.00013492304,-0.00013521966,-0.00011739297,-9.0425441e-05,-5.8443784e-05,-2.8136164e-05,6.291817e-06,3.9506034e-05,6.1362502e-05,8.2689628e-05,0.00010084148,0.00010667516,0.0001109624,0.00011365573,0.00010588534,9.6530843e-05,8.8711102e-05,7.2676696e-05,5.7047229e-05,0,0,0,1.2089393e-05,1.1586319e-05,3.3069315e-05,7.8385579e-05,0.00012065758,0.00018413075,0.00025464324,0.0002169233,8.2358252e-05,-9.5540337e-05,-9.1309397e-05,-0.00033286822,-0.00055384811,-0.00047388265,-0.00042079264,-0.00032177102,-0.00027149793,-0.0001123625,3.1607226e-05,-1.298706e-05,0.00012356974,0.00017684873,0.00012009731,0.00017602352,0.00026674866,0.0002991322,0.0003610506,0.00043444181,0.00045880515,0.00048560614,0.00051031401,0,0,0
-0.91052999999999995,0.0003738185,0.00048252905,0.00048667076,0.00045605277,0.00028002562,-0.00030099013,-0.0017455027,-0.0046175495,-0.0084518753,-0.015621764,-0.028153252,-0.044809688,-0.069126666,-0.10884626,0,0,0,-0.31414068,-0.35570657,-0.35803819,-0.35501319,-0.3304944,-0.28339016,-0.23528425,-0.18593073,-0.13904339,-0.10538719,-0.075357005,-0.049903378,-0.032115139,-0.018979255,-0.0091050677,-0.0020254781,0.0021376903,0.0049266154,0.0067966254,0.0070274137,0.0066357125,0.005831752,0.0045516007,0.0031912171,0.0018584846,0.0006755403,-6.1932718e-05,-0.00053737545,-0.00071938563,-0.00043871553,8.189978e-05,0,0,0,0,0.0018905392,0.0018315212,0.001671669,0.0013866904,0.0011079339,0.0008340975,0.00057248515,0.00035166956,0.00018787096,6.256505e-05,-3.1358744e-05,-7.8999437e-05,-0.00010229435,-0.00010867071,-9.6587522e-05,-7.2883362e-05,-4.4303291e-05,-1.3961078e-05,1.6763855e-05,4.615941e-05,7.0557238e-05,8.7609675e-05,0.00010277505,0.00011212776,0.00011357381,0.00011422282,0.00010987811,9.8574339e-05,8.9000845e-05,7.8110039e-05,6.3472777e-05,0,0,0,2.7973727e-05,5.1457213e-05,8.291503e-05,0.0001460081,0.00025450051,0.00033968114,0.00042212987,0.00045560059,0.00034801968,0.00017325705,4.4698339e-05,-0.00016496054,-0.0004140017,-0.00058327813,-0.00062842981,-0.00065506186,-0.00063362444,-0.00056308083,-0.00048626639,-0.00039698754,-0.00031029957,-0.00021823053,-9.1066235e-05,2.437213e-05,0.00017934642,0.000266613,0.00031136704,0.00037269946,0.00042212752,0.00043716218,0.00045301672,0,0,0
-0.86638999999999999,0.00061324204,0.00087645982,0.0010543918,0.0011338061,0.0011195339,0.00075109315,-0.0005319466,-0.0028791842,-0.0062425463,-0.012880378,-0.025652954,-0.045944978,-0.072665989,-0.11520171,0,0,0,-0.38331687,-0.45130986,-0.46982753,-0.449045,-0.41181719,-0.35201624,-0.28707734,-0.22382599,-0.16275518,-0.12034608,-0.084438145,-0.055208184,-0.035019018,-0.020886322,-0.010079895,-0.0022105295,0.0021518397,0.0051247347,0.0069478471,0.007257049,0.0067695719,0.0058996053,0.0045841252,0.0030693274,0.0017106978,0.00041873541,-0.0004631512,-0.00085457996,-0.00090840476,-0.00056111597,4.2139392e-05,0,0,0,0,0.0023279849,0.0022084014,0.0020204261,0.0017021899,0.0013451159,0.0010193586,0.00072010449,0.00046061529,0.00027121991,0.00012535765,1.852174e-05,-4.3450622e-05,-7.1602459e-05,-8.1630787e-05,-7.444014e-05,-5.234878e-05,-2.6730622e-05,2.3734647e-06,3.0676369e-05,5.5831428e-05,7.9489342e-05,9.6074182e-05,0.00010836043,0.00011795956,0.00011917111,0.00011741444,0.0001145,0.00010510488,9.5071155e-05,8.7645065e-05,7.5034928e-05,0,0,0,4.8470909e-05,8.963127e-05,0.00015014717,0.0002307336,0.00038727126,0.00053739641,0.00063647865,0.00071269617,0.00064035784,0.00048536295,0.00020988936,-7.0256254e-05,-0.00036211906,-0.00064245437,-0.0007967893,-0.00091729691,-0.00091546722,-0.00091038196,-0.00089589157,-0.00071803533,-0.00054508692,-0.00037015846,-0.00020914746,-8.0554048e-05,6.4351829e-05,0.00020233949,0.0002638798,0.00031361176,0.00038275163,0.00040031612,0.00040140998,0,0,0
-0.82225999999999999,0.00083753793,0.0011330179,0.0014505772,0.001611755,0.0019210653,0.0023011579,0.0015821285,0.00049736141,-0.0027611023,-0.0096813589,-0.020267768,-0.042417653,-0.072600506,-0.11619655,0,0,0,-0.47672576,-0.55081713,-0.59245223,-0.558384,-0.50330704,-0.42894015,-0.34193003,-0.25851679,-0.18402962,-0.13346864,-0.094262138,-0.06116974,-0.037965979,-0.023080146,-0.010859348,-0.0022806139,0.0022434997,0.0053799497,0.0071800328,0.0076067001,0.0070034415,0.0060406905,0.0046906853,0.0027702716,0.0012446623,-0.00011714874,-0.0011687393,-0.0014562446,-0.0013729918,-0.00087114197,-0.00015505991,0,0,0,0,0.0029760893,0.0027429094,0.0024283477,0.0020941049,0.0016442218,0.0012399021,0.00087825372,0.00057570735,0.0003541667,0.00018482399,6.8891626e-05,-4.7218473e-06,-3.9897001e-05,-5.2996409e-05,-5.1381005e-05,-3.0084837e-05,-7.8997473e-06,1.7509534e-05,4.7238213e-05,6.91405e-05,8.9397821e-05,0.00010814091,0.00011748847,0.00012449149,0.00012908789,0.00012541036,0.00012090771,0.00011516109,0.00010302589,9.4735165e-05,8.8025125e-05,0,0,0,8.0861304e-05,0.00012628207,0.00024604064,0.00033500968,0.00048205248,0.00077708601,0.00087568536,0.00090834568,0.00079717836,0.00064868899,0.00041876652,-4.822039e-06,-0.00029659097,-0.00057866419,-0.00084792479,-0.0010681441,-0.0011411159,-0.0010831915,-0.0010745424,-0.00096720579,-0.00073902396,-0.00055393984,-0.00041496777,-0.0002111799,-3.3335935e-05,0.00013880024,0.00028960814,0.00030240222,0.00033604502,0.000377936,0.00036379701,0,0,0
-0.77812000000000003,0.0009435672,0.0013903882,0.0019424545,0.0024701394,0.0031403401,0.0039867749,0.0036350195,0.002709083,0.00088270567,-0.0057456694,-0.015589109,-0.032517456,-0.071381681,-0.12984438,0,0,0,-0.55869865,-0.64402556,-0.69900078,-0.68087244,-0.59760308,-0.49841091,-0.40285963,-0.30216902,-0.21287045,-0.14865249,-0.10482116,-0.067392118,-0.039240915,-0.023844099,-0.011523733,-0.0022823708,0.0026627569,0.0057144091,0.0076094284,0.0080755642,0.0072195986,0.0059109228,0.0044227485,0.0024439467,0.00050069625,-0.00087615993,-0.001892894,-0.0023734379,-0.0021827386,-0.0014172576,-0.00010537112,0,0,0,0,0.0034688839,0.0034181259,0.0029557766,0.0024764028,0.0019819201,0.0014912433,0.0010605415,0.00070614251,0.00044969318,0.00025974578,0.00012134155,3.3186858e-05,-7.4884229e-06,-2.5602296e-05,-2.6555892e-05,-9.4585484e-06,1.3730849e-05,3.6209047e-05,6.1996921e-05,8.6362881e-05,0.00010324043,0.00011834621,0.00013045293,0.00013479624,0.00013690055,0.00013574895,0.0001293135,0.00012193292,0.00011265696,0.00010436836,9.8568256e-05,0,0,0,0.00011417872,0.00015168554,0.0002898477,0.00044391182,0.00053551869,0.00079120358,0.0010007862,0.001048726,0.00096274738,0.00080013194,0.00062667544,0.00028773397,-0.00025737775,-0.00056610513,-0.00085381174,-0.0011568167,-0.0012817404,-0.0012783181,-0.0012396293,-0.0011878932,-0.00099861657,-0.0006278932,-0.00041003502,-0.00015503971,4.6210596e-05,0.00015628577,0.00027504202,0.00032738526,0.00031209231,0.00033976996,0.00033907965,0,0,0
-0.73397999999999997,0.001123024,0.0017153849,0.0024784156,0.0030437771,0.0039257528,0.005025587,0.005439443,0.0058077537,0.0064062914,0.0041879462,-0.0065893736,-0.022134284,-0.057528794,-0.12749855,0,0,0,-0.65323335,-0.75951409,-0.81898868,-0.79908007,-0.71532017,-0.59005535,-0.47254652,-0.35019472,-0.23888871,-0.15710646,-0.10894292,-0.07079424,-0.040635128,-0.023922004,-0.011638192,-0.0021631652,0.0033092061,0.0060976357,0.0077950591,0.0083641177,0.0073750215,0.005866515,0.0041223122,0.0021141106,-0.00013084296,-0.0023164144,-0.0036127684,-0.0040339944,-0.0036696545,-0.0025538472,-0.00057371939,0,0,0,0,0.0042957105,0.0041581141,0.0036469037,0.0029900265,0.0023758051,0.0018095863,0.0012963465,0.00085937139,0.00054183719,0.00032634428,0.00016666346,6.662964e-05,2.260598e-05,1.5687328e-06,-9.2809205e-07,1.2597702e-05,3.569297e-05,5.7872239e-05,7.9708494e-05,0.00010361828,0.00012035028,0.00013236539,0.00014386425,0.00014810206,0.00014753701,0.00014610542,0.00014049165,0.00013213555,0.00012359518,0.00011660683,0.00011014341,0,0,0,0.00014138162,0.00016804472,0.0002996368,0.00050299172,0.00062997575,0.00084015826,0.0011136106,0.0012449848,0.0011746176,0.00087739981,0.0006404079,0.00036604772,-0.00024579014,-0.00061271706,-0.00087325182,-0.0011831773,-0.0013750726,-0.0013827276,-0.0012379689,-0.0010957986,-0.00083985884,-0.00049471261,-0.00028150482,-8.9752779e-05,0.00012558844,0.00020923227,0.00027975443,0.00034381045,0.00030499074,0.00031115438,0.00031415271,0,0,0
-0.68984999999999996,0.0011573107,0.0018042631,0.0027203322,0.0034153888,0.0047540506,0.0067743869,0.0085175205,0.009627617,0.011174424,0.01289409,0.002455242,-0.013928333,-0.036625732,-0.11870372,0,0,0,-0.73681486,-0.87425077,-0.94287622,-0.91903859,-0.82636654,-0.66108847,-0.50508028,-0.37476322,-0.25669661,-0.16336015,-0.11218389,-0.073200181,-0.042311754,-0.023339977,-0.011267654,-0.0020585987,0.0039658602,0.0066077407,0.008169095,0.0087117115,0.0076896613,0.0058957273,0.0032066598,0.00056041504,-0.0022520127,-0.005154971,-0.0065453122,-0.0064981626,-0.0058994824,-0.0044516264,-0.0017021822,0,0,0,0,0.005589853,0.0050741201,0.004518575,0.0036684372,0.0028347571,0.0021265568,0.0015090914,0.0010014651,0.00061885302,0.00038964476,0.00021728568,0.00010112558,5.0950464e-05,2.8041639e-05,2.5584803e-05,3.6339683e-05,5.7252862e-05,8.1977261e-05,0.00010069465,0.00012149427,0.00014072302,0.00014978999,0.00015766763,0.00016411113,0.00016093763,0.00015653762,0.00015373014,0.0001438312,0.00013389374,0.00012962482,0.00012219395,0,0,0,0.00015875885,0.00020156719,0.00032449281,0.00052486401,0.00079375098,0.0009146895,0.0010713645,0.0012030279,0.0011086834,0.00083887408,0.00050484517,0.00031259569,-0.00016322354,-0.00067963073,-0.00089517783,-0.0011080649,-0.0013011412,-0.0012455317,-0.0010626981,-0.00095584098,-0.00072427629,-0.00042278942,-0.00015552831,2.3338944e-05,0.0001892602,0.00034546765,0.00034442078,0.00034207519,0.00033812417,0.0003056071,0.00028861733,0,0,0
-0.64571000000000001,0.0012142453,0.0017635623,0.002953703,0.0040694866,0.0052975998,0.0078368168,0.010655927,0.011831846,0.014370255,0.021068815,0.019132016,0.0024862215,-0.025666483,-0.089618057,0,0,0,-0.79709828,-0.94102454,-1.0235876,-0.97494459,-0.86837155,-0.71973622,-0.54087514,-0.40053689,-0.27584559,-0.17135863,-0.11360373,-0.072448917,-0.041939735,-0.022094738,-0.010139786,-0.0013037277,0.0049680499,0.0074582151,0.0086627761,0.0087748775,0.0072734356,0.0049359282,0.0018684694,-0.0016668953,-0.0046218913,-0.0076540047,-0.010242265,-0.0097688697,-0.0082178041,-0.0057162647,-0.0022859089,0,0,0,0,0.007343147,0.006393645,0.0053879577,0.0043487665,0.0033105176,0.0024416451,0.001747768,0.0011762767,0.00073033338,0.00045262353,0.00026304997,0.00013584434,7.5104079e-05,5.2527233e-05,4.9088736e-05,6.1164596e-05,8.0502534e-05,0.00010307398,0.00012528288,0.00014283723,0.00015888971,0.00017003501,0.00017427668,0.00017784182,0.00017680187,0.00016934451,0.00016430012,0.00015662689,0.00014510384,0.00013851478,0.00013532178,0,0,0,0.00017472278,0.00022098038,0.00034848091,0.00048948894,0.00066635769,0.00083681615,0.0009463121,0.0010276863,0.0010350423,0.0007983002,0.00047897577,0.00015615267,-0.0002003432,-0.00064346089,-0.00094269199,-0.0010509428,-0.0011881655,-0.0011874516,-0.00097629504,-0.0008074732,-0.00054382818,-0.00019532756,0.00012997561,0.00030806757,0.00036322459,0.00041241187,0.00048793931,0.00040965941,0.00034196812,0.00031083013,0.00027255033,0,0,0
-0.60157000000000005,0.0011850072,0.0017534728,0.0028301356,0.0042971931,0.0055836844,0.0080141313,0.012634272,0.015400296,0.020816702,0.031459633,0.035810772,0.022627998,-0.0093046576,-0.063848853,0,0,0,-0.83198667,-0.98244399,-1.0766915,-1.0533458,-0.93089247,-0.77687275,-0.56941396,-0.40778852,-0.2742202,-0.16876483,-0.10775197,-0.068868227,-0.039491229,-0.019226467,-0.0081354957,-0.00020048767,0.0055774581,0.0078059267,0.0087222829,0.0086582117,0.0070298743,0.0041834516,0.00078810687,-0.0035258138,-0.0078208493,-0.01120325,-0.014195032,-0.014149987,-0.011698993,-0.0081182327,-0.0038773241,0,0,0,0,0.0096114054,0.0084229419,0.0067552128,0.0052256645,0.0039439616,0.0028719928,0.0020147595,0.0013317817,0.00082124461,0.00049316871,0.00029141654,0.0001625226,9.4910123e-05,7.3466792e-05,7.0558148e-05,8.4964951e-05,0.00010701916,0.00012812254,0.00015036383,0.00016757067,0.00018042848,0.00019089399,0.00019405363,0.00019464754,0.00019198039,0.00018333035,0.00017500189,0.00016780733,0.00015692659,0.00014759599,0.00014675528,0,0,0,0.00017911295,0.00020298873,0.00032076013,0.00045963749,0.00058334589,0.00075580523,0.00091082236,0.00092038664,0.00083032128,0.00059136411,0.00026858103,-9.4158109e-05,-0.00038215821,-0.00072060665,-0.0010181688,-0.0010920413,-0.0011112255,-0.0010442651,-0.00074728834,-0.00042092602,-0.00017410354,0.00011251861,0.00040644084,0.00062203413,0.00062585535,0.0005335788,0.00057376537,0.00046576647,0.00033981056,0.00029535673,0.00026415556,0,0,0
-0.55744000000000005,0.00099750212,0.0016310893,0.0024246261,0.0040831361,0.005691391,0.0079001542,0.013301169,0.017846895,0.022695659,0.03528716,0.0461656,0.04230728,0.0049077347,-0.060542397,0,0,0,-0.86825228,-1.0292499,-1.1282003,-1.1022518,-0.9359839,-0.74719733,-0.54767287,-0.38680947,-0.25982448,-0.15928254,-0.096196026,-0.061559409,-0.035752341,-0.016226515,-0.006667098,0.0006085448,0.00604589,0.0084662437,0.0090636928,0.0088181803,0.0069669527,0.0027000813,-0.0017585097,-0.0069308267,-0.012637537,-0.016167054,-0.018958949,-0.020031447,-0.016950637,-0.011700545,-0.0044877524,0,0,0,0,0.012361621,0.011158164,0.0087638535,0.0064308932,0.0045244405,0.0031833895,0.0021980302,0.0014313512,0.00089600007,0.00053757383,0.00030945847,0.00018087709,0.00011126049,9.5157251e-05,9.6033298e-05,0.00011033822,0.00013652608,0.00015584458,0.00017548159,0.00019537202,0.00020511747,0.00021120418,0.00021418408,0.00021040956,0.00020495383,0.0001977631,0.00018666178,0.00017794981,0.00016946558,0.00015654811,0.00015328961,0,0,0,0.00019214727,0.00020262584,0.00027390654,0.00050360855,0.00054604973,0.00055880455,0.00072503358,0.0006327969,0.00049492362,0.0002499726,-2.9744871e-05,-0.00034001528,-0.00068608607,-0.00088566815,-0.0010313989,-0.0011070394,-0.00096384657,-0.00079754653,-0.0005779218,-0.00014084362,0.00015255722,0.00040938071,0.0006467636,0.00078565709,0.00085150776,0.00064632273,0.00057265721,0.00055586878,0.00038379681,0.00028117822,0.00026529992,0,0,0
-0.51329999999999998,0,0,0,0,0,0,0,0,0,0,0,0,0,0,0,0,0,0,0,0,0,0,0,0,0,0,0,0,0,0,0,0,0,0,0,0,0,0,0,0,0,0,0,0,0,0,0,0,0,0,0,0,0,0,0,0,0,0,0,0,0,0,0,0,0,0,0,0,0,0,0,0,0,0,0,0,0,0,0,0,0,0,0,0,0,0,0,0,0,0,0,0,0,0,0,0,0,0,0,0,0,0,0,0,0,0,0,0,0,0,0,0,0,0,0,0,0,0,0,0
-0.46916000000000002,0.00011415007,0.00044480647,0.0013192496,0.0025640687,0.0038295537,0.0061879824,0.009759211,0.015990734,0.025110422,0.038447686,0.062927231,0.058709428,0.038722232,-0.035659865,0,0,0,-0.86997068,-0.99199271,-1.0440016,-1.017386,-0.87957108,-0.67263955,-0.46885237,-0.30483693,-0.19789913,-0.11915478,-0.063705958,-0.041036136,-0.022187592,-0.0083154822,-0.001043289,0.0036584972,0.0070105894,0.0089399163,0.0083721038,0.0065179793,0.0038448954,-0.00094227842,-0.0077091679,-0.014680978,-0.020599352,-0.026341859,-0.029620863,-0.029401856,-0.024690026,-0.017894648,-0.0086966818,0,0,0,0,0.020217462,0.016685236,0.013258391,0.0096785817,0.006512112,0.004022209,0.0025700442,0.0016295614,0.00095543143,0.00054466812,0.00031994106,0.00018599088,0.00012922098,0.00011935809,0.00013796719,0.00016343597,0.00019005619,0.00021737501,0.00023578668,0.00024751434,0.00025758738,0.00025877677,0.00025381939,0.00024455198,0.00023224945,0.000217423,0.00020266174,0.00019138641,0.00017986174,0.00016936814,0.0001629629,0,0,0,0.0001665059,0.00019219186,0.00016143988,0.00022387017,0.0003297868,0.00027249841,0.00016613412,0.0001062727,-6.0590566e-05,-0.00030532078,-0.00064461888,-0.00087546709,-0.001051774,-0.0012669216,-0.0012877969,-0.0011461193,-0.0009557986,-0.00062225293,-0.00019547992,0.00023921469,0.00057051063,0.00089090387,0.0011443143,0.001214223,0.001116392,0.00098247302,0.00068802293,0.00053799292,0.0004235417,0.00028464652,0.00022766301,0,0,0
-0.42502000000000001,-0.00027882479,-0.00043391442,-6.5425644e-05,0.00074126851,0.0011254055,0.0031592455,0.0070227506,0.011573153,0.020539656,0.035964727,0.05345783,0.046283811,0.0092501789,-0.0526921,0,0,0,-0.87678117,-0.99553108,-1.0019785,-0.93282068,-0.77716953,-0.57788801,-0.38960099,-0.23471455,-0.14385894,-0.080220051,-0.039518751,-0.027633786,-0.01547711,-0.0053858599,0.00071077421,0.0046428209,0.0074706757,0.0090524107,0.0081911189,0.0056481911,0.0013584003,-0.0038293265,-0.010872266,-0.019520393,-0.025798343,-0.03092728,-0.036288671,-0.036295038,-0.029937673,-0.021213517,-0.01047474,0,0,0,0,0.025657587,0.021174446,0.015915891,0.011203276,0.0072757602,0.0043916223,0.0025595543,0.0016116847,0.00093301776,0.00049774389,0.00028540543,0.00017113741,0.00013360727,0.00013703879,0.00015974556,0.00019545457,0.00022283483,0.00024798862,0.00027121327,0.00027912899,0.00028176821,0.00028029986,0.00026777439,0.00025374442,0.00024145725,0.00022471329,0.0002074689,0.0001966155,0.0001829809,0.00016949768,0.00016289802,0,0,0,0.00015426616,0.00016690358,0.00018770889,0.00016084169,0.00017643125,0.00019136371,-1.4846562e-05,-0.00017126556,-0.00033003581,-0.00058502826,-0.00094777404,-0.00124783,-0.0013057631,-0.0013650588,-0.0013766107,-0.0011531217,-0.0008678236,-0.00065785751,-0.00013125443,0.00040063073,0.00070078135,0.00097919884,0.0011688652,0.0012524978,0.0010909538,0.00092379493,0.00074610498,0.0005523524,0.00040788268,0.0003003102,0.00021983983,0,0,0
-0.38089000000000001,-0.0013628108,-0.0016409113,-0.0018954473,-0.0012771643,-0.00072765397,-0.00048687868,0.0029648524,0.0071043316,0.0071121566,0.019531313,0.036250979,0.028048724,-0.016861185,-0.087305546,0,0,0,-0.83119863,-0.92686677,-0.91808003,-0.8255223,-0.6781491,-0.48747194,-0.29262555,-0.15326355,-0.0948072,-0.052657641,-0.02496323,-0.014332529,-0.0089877062,-0.00095434766,0.0042652059,0.0062512578,0.0078083249,0.0081466157,0.0060465196,0.0029880719,-0.0015346534,-0.007667236,-0.01456064,-0.023134783,-0.032320231,-0.036210697,-0.039677747,-0.041042887,-0.034093753,-0.023974422,-0.012152919,0,0,0,0,0.026176706,0.023553155,0.017663579,0.012429327,0.0080049299,0.0048422692,0.0027013118,0.0015339047,0.00085837924,0.00043619596,0.00023884731,0.0001468503,0.00012313921,0.00014799307,0.00017675609,0.0002158963,0.00025712102,0.00028062073,0.00029878481,0.0003080146,0.00030499601,0.00029847087,0.00028567441,0.00026628983,0.00025081157,0.00022913673,0.00020599244,0.00018963031,0.00017675063,0.00016394116,0.00015557867,0,0,0,0.00014888334,0.00013913788,0.00012808647,0.00011100761,5.444276e-05,-5.4687844e-06,-0.00014804548,-0.00040177029,-0.00063589826,-0.0007794915,-0.0010353879,-0.0012440721,-0.001334304,-0.0013781196,-0.0013910852,-0.0012197921,-0.0008616366,-0.00059086096,-0.00021957394,0.00034239778,0.0007105465,0.00090394495,0.0011077626,0.0012320015,0.0011686187,0.00095797895,0.00073334272,0.00056766428,0.00039080152,0.00027475334,0.000209493,0,0,0
-0.33674999999999999,-0.0023403512,-0.0027012122,-0.003216218,-0.003671532,-0.0041208547,-0.0060582501,-0.0062378505,-0.0026930347,-0.0037615299,0.00067669153,0.016693555,0.01668337,-0.047898427,-0.14282657,0,0,0,-0.82352275,-0.89953882,-0.87583339,-0.76170635,-0.58443767,-0.40641114,-0.23430198,-0.099814765,-0.048911177,-0.022375785,-0.0049739815,0.0021575764,0.0016955212,0.0032362947,0.0063296882,0.0062374123,0.0065558213,0.0064640562,0.0040617292,0.00026960624,-0.0044108238,-0.011089215,-0.019090414,-0.027132269,-0.036228217,-0.041515995,-0.043756511,-0.044910152,-0.040049516,-0.028854309,-0.015483228,0,0,0,0,0.026726533,0.024600048,0.020005509,0.01427533,0.0087404056,0.0049809925,0.002633624,0.0013599254,0.00068580615,0.00031387678,0.00014618583,9.0921312e-05,9.0663532e-05,0.00014686695,0.00019859651,0.00024355006,0.00028922528,0.00031704808,0.00033085313,0.00033866105,0.00033390042,0.00032166662,0.00029844261,0.00026918351,0.00024443158,0.00022055226,0.00019719431,0.00017943376,0.00016809088,0.0001568579,0.00014621392,0,0,0,0.00013549501,0.00012130797,8.8838475e-05,6.7150031e-05,-4.8568181e-06,-0.00012034125,-0.00021222141,-0.00041296758,-0.00062245585,-0.00077026384,-0.001009674,-0.0012642564,-0.0013766586,-0.0014069359,-0.0013986964,-0.0012581439,-0.0009113407,-0.00058397371,-0.00031501788,0.00019865209,0.00069175818,0.00090211118,0.0010898518,0.0011551946,0.0011121454,0.00087823323,0.00063002424,0.00049854635,0.00036643998,0.00025480962,0.00019470451,0,0,0
-0.29260999999999998,-0.0034078248,-0.0044453787,-0.0059271287,-0.0076030232,-0.0087340437,-0.011340409,-0.01430149,-0.012624027,-0.012717608,-0.023957141,-0.024515279,-0.033625886,-0.11117542,-0.21619226,0,0,0,-0.85335743,-0.88242364,-0.81899005,-0.68468034,-0.48336297,-0.31477612,-0.16643889,-0.031971559,0.015096053,0.01801347,0.012650374,0.011939287,0.0071531851,0.0050256741,0.0068650246,0.0067260247,0.0057611247,0.0051389118,0.0021784431,-0.0037036496,-0.0092336219,-0.015773065,-0.024645474,-0.032237627,-0.040415142,-0.047888018,-0.049752194,-0.049443558,-0.046420805,-0.035068877,-0.021240538,0,0,0,0,0.028785378,0.023913782,0.020131437,0.014099412,0.0084621841,0.0045227753,0.0023110062,0.0010826997,0.00041276735,0.00011909349,2.4672103e-05,3.9262624e-05,7.7843622e-05,0.00014718392,0.00022434318,0.00027311561,0.00031910127,0.000357557,0.0003666337,0.00036414256,0.00035246194,0.00032858114,0.00029986334,0.00026689691,0.00023814689,0.0002126802,0.00018730813,0.00016455715,0.00015033946,0.00013915847,0.00012812106,0,0,0,0.0001165864,0.00012278373,7.5805656e-05,2.503916e-05,2.0050211e-05,-0.0001142995,-0.0002327307,-0.00037394679,-0.00063560478,-0.00082509685,-0.00099044852,-0.0012010871,-0.0012713297,-0.0012003765,-0.0012314916,-0.0011598017,-0.00095695566,-0.00057902903,-0.00028669793,1.4722056e-05,0.00055643287,0.00074856693,0.00085467799,0.0009153593,0.00089522963,0.00081768539,0.00057245902,0.00041302148,0.00034183147,0.00023978777,0.00017549668,0,0,0
-0.24848000000000001,-0.0049497024,-0.0063243881,-0.0083059147,-0.010475077,-0.012721499,-0.016426424,-0.022898521,-0.029815979,-0.035442799,-0.051215701,-0.070160002,-0.080525205,-0.16145244,-0.27955371,0,0,0,-0.84431636,-0.86063957,-0.76040983,-0.62105942,-0.42110619,-0.20586105,-0.093704477,-0.0045535862,0.045198292,0.033111613,0.023290202,0.017522367,0.012258731,0.0089690741,0.0077547552,0.0067107491,0.0042413296,0.0012462677,-0.0020387634,-0.0080810366,-0.015150686,-0.021449678,-0.029337913,-0.038568724,-0.0461067,-0.052583758,-0.056558289,-0.05494025,-0.050968301,-0.041541241,-0.027553936,0,0,0,0,0.025120571,0.020158004,0.016342483,0.012950976,0.0077755167,0.0039608576,0.0017161049,0.0006657801,0.00012792065,-7.0144102e-05,-0.00010340818,-5.1343712e-05,4.675136e-05,0.00013608299,0.000226812,0.00030379256,0.00035062799,0.00038507034,0.00039717299,0.00038732332,0.00036791957,0.00034189335,0.00030737638,0.00026887868,0.00022441067,0.00018984203,0.00015813354,0.00013106308,0.00012103399,0.00011361708,0.00010739803,0,0,0,0.00010224997,0.00010189417,8.2557017e-05,1.9935775e-05,-2.5224144e-05,-0.0001073553,-0.00025407417,-0.00040389836,-0.00052947039,-0.0006416025,-0.00066132989,-0.00082243985,-0.00098005845,-0.00098508573,-0.00097472104,-0.00097976555,-0.00086665491,-0.00062803645,-0.0003680349,-0.00011475,0.00025100083,0.0005136329,0.00066926505,0.00074967567,0.00074283092,0.00067158137,0.00052642642,0.00034785602,0.00028262773,0.00022160163,0.00016247221,0,0,0
-0.20433999999999999,-0.0061124456,-0.0077114664,-0.0105615,-0.01445002,-0.019061342,-0.025551043,-0.034230392,-0.044223748,-0.053886537,-0.073280372,-0.099302843,-0.13461906,-0.22081979,-0.35234159,0,0,0,-0.87408292,-0.87683207,-0.74881065,-0.57414585,-0.38843229,-0.19056478,-0.060167074,0.0092852861,0.056012329,0.050438423,0.035447583,0.023829259,0.015453324,0.010580021,0.0071620457,0.0049476204,0.001901258,-0.0021264865,-0.0063257124,-0.012417163,-0.020593993,-0.028891545,-0.036448218,-0.04541285,-0.053392205,-0.058903884,-0.062047023,-0.061908096,-0.056719214,-0.047746357,-0.036195312,0,0,0,0,0.018230738,0.016717395,0.012806447,0.0098132174,0.0062039862,0.0028011904,0.00089099229,7.7839009e-05,-0.00030168873,-0.00038078218,-0.000298834,-0.00018793475,-1.411367e-05,0.00013396933,0.0002439789,0.00033096178,0.00038733473,0.00041945622,0.00043034035,0.00041969976,0.00039107175,0.00034619169,0.0002951347,0.0002407073,0.00018779674,0.0001524192,0.00012299628,9.6187927e-05,8.6595595e-05,8.2166756e-05,7.896615e-05,0,0,0,9.0255737e-05,8.4738072e-05,7.71454e-05,2.6223686e-05,-3.4145545e-05,-6.2391919e-05,-0.00012150372,-0.00018412445,-0.00025722926,-0.00034629868,-0.00037440495,-0.00045727083,-0.00061256433,-0.00070427672,-0.00071385509,-0.00076960027,-0.00075857982,-0.00065193803,-0.00047088123,-0.00021369432,4.1352225e-05,0.00030067159,0.0004633299,0.00056005712,0.00055326533,0.00048728715,0.00041959915,0.00029277112,0.00022882174,0.00018973838,0.00015002655,0,0,0
-0.16020000000000001,0,0,0,0,0,0,0,0,0,0,0,0,0,0,0,0,0,0,0,0,0,0,0,0,0,0,0,0,0,0,0,0,0,0,0,0,0,0,0,0,0,0,0,0,0,0,0,0,0,0,0,0,0,0,0,0,0,0,0,0,0,0,0,0,0,0,0,0,0,0,0,0,0,0,0,0,0,0,0,0,0,0,0,0,0,0,0,0,0,0,0,0,0,0,0,0,0,0,0,0,0,0,0,0,0,0,0,0,0,0,0,0,0,0,0,0,0,0,0,0
-0.11607000000000001,-0.0092191882,-0.012500028,-0.016547669,-0.021646157,-0.029196091,-0.039433952,-0.054277875,-0.07407587,-0.097052224,-0.13247943,-0.181629,-0.24398975,-0.33525336,-0.47132972,0,0,0,-0.874165,-0.85122359,-0.71487647,-0.51609725,-0.29835659,-0.14691436,-0.032694943,0.046462424,0.0590115,0.050884418,0.038145237,0.025340222,0.016452387,0.0098779202,0.0056897188,0.0015499064,-0.0040518283,-0.010386456,-0.018235603,-0.02731207,-0.035822809,-0.045462772,-0.055070527,-0.061709173,-0.069433115,-0.076767392,-0.077345021,-0.077144936,-0.075272352,-0.066353902,-0.055135258,0,0,0,0,-0.0059451032,-0.0025219861,-0.00092944456,-0.0022076415,-0.0022289427,-0.0021168632,-0.0022195089,-0.0017964998,-0.0013420806,-0.0010845379,-0.00072430744,-0.00036484358,-0.00013610969,9.1588736e-05,0.00029239029,0.00038421759,0.00045507151,0.00049528695,0.00048584986,0.0004551571,0.00040504406,0.00033589662,0.00026616937,0.00017339084,9.2129078e-05,3.3468859e-05,-7.5083517e-06,-2.726915e-05,-3.4826313e-05,-2.7159907e-05,-1.2456072e-05,0,0,0,6.2189843e-05,7.319414e-05,7.3552867e-05,7.7488083e-05,6.9932037e-05,4.7536829e-05,7.5806282e-05,0.00015987881,0.00015126233,0.00024053873,0.00036011788,0.00029691542,0.00026025792,0.00023927004,5.228832e-05,-0.00018097549,-0.0003267116,-0.00040677894,-0.00050098239,-0.00047742104,-0.00025016436,-8.2457336e-05,-6.5055538e-06,0.00013095445,0.00022973874,0.00024084731,0.00020792079,0.00018317471,0.00016076033,0.00013464363,0.00011644632,0,0,0
-0.071929999999999994,-0.010347573,-0.01415652,-0.019660797,-0.026576919,-0.035831712,-0.048128139,-0.064593941,-0.086412624,-0.11379176,-0.15087348,-0.20867473,-0.2807638,-0.36898074,-0.50593221,0,0,0,-0.87942159,-0.83670264,-0.70463556,-0.51247346,-0.31271309,-0.14906964,-0.051673807,0.021772921,0.051799234,0.044416182,0.031671233,0.022744749,0.015496287,0.0086990464,0.0037220311,-0.0010090638,-0.0072922111,-0.014773935,-0.023424789,-0.034067877,-0.044884294,-0.0552467,-0.066232294,-0.07326337,-0.079261221,-0.085767157,-0.087706879,-0.085672311,-0.083162792,-0.076837242,-0.066694796,0,0,0,0,-0.018623712,-0.014803557,-0.011239639,-0.0087688593,-0.0070359726,-0.0053025312,-0.0039697443,-0.0030307199,-0.0021087278,-0.0015225634,-0.0010499072,-0.000518188,-0.00017371659,8.2714076e-05,0.00030767187,0.00042921616,0.00049392268,0.00053606374,0.00053104194,0.00048363477,0.00040086446,0.00029549722,0.00019289368,8.7709777e-05,2.769666e-07,-5.6778066e-05,-9.6807278e-05,-0.00011357351,-0.00011572393,-0.00010065863,-7.5926306e-05,0,0,0,3.9147086e-05,6.0197817e-05,6.8756941e-05,8.1883278e-05,0.0001103844,0.00012579924,0.00019605417,0.00033898588,0.00040337461,0.0005016845,0.00073763792,0.00079475011,0.00063063012,0.00060396065,0.00040234794,5.9016413e-05,-0.0001729494,-0.00029310808,-0.00039903351,-0.00052618975,-0.00039576693,-0.00017865881,-0.00012477503,-1.0846166e-05,9.5138079e-05,0.00014663211,0.00014064973,0.00012791797,0.0001242201,0.00011207545,9.8409e-05,0,0,0
-0.027789999999999999,-0.012401305,-0.016498815,-0.022648962,-0.030637931,-0.039877031,-0.053590409,-0.072173536,-0.096957609,-0.13156396,-0.1751301,-0.23489502,-0.31056359,-0.39848286,-0.53632396,0,0,0,-0.85128433,-0.78188848,-0.66783053,-0.49319142,-0.31345028,-0.13673115,-0.043672942,0.0067970827,0.040434793,0.038600978,0.027097629,0.019641098,0.013385957,0.0070334021,0.0017811004,-0.0032132054,-0.010154597,-0.01953727,-0.030045971,-0.04199177,-0.054677382,-0.065480366,-0.076277994,-0.084961414,-0.089983217,-0.094560675,-0.098137498,-0.095088184,-0.091167368,-0.087019764,-0.078287758,0,0,0,0,-0.031173475,-0.026263269,-0.022062071,-0.016274627,-0.012980883,-0.0098980917,-0.0065161921,-0.0045966157,-0.0029873282,-0.0018564627,-0.001219345,-0.00064071338,-0.00018868332,8.4959771e-05,0.00031495094,0.0004829191,0.00054234941,0.00056551042,0.00055371725,0.00047452492,0.00037169491,0.00024738177,0.00013151052,1.8064369e-05,-9.5434239e-05,-0.00017512708,-0.0002223762,-0.00025010912,-0.00023628732,-0.00019818541,-0.00015563369,0,0,0,1.3963523e-05,4.5756147e-05,7.5731048e-05,0.00010056727,0.00014201755,0.00018572967,0.0002729863,0.00044055851,0.00063201052,0.00070078112,0.00088188879,0.0011574323,0.00091202691,0.00079864427,0.00078921282,0.00039919795,6.9975838e-05,-0.00016479772,-0.00028165645,-0.000421873,-0.00048545626,-0.00027324556,-0.00018216656,-0.00011684949,-1.0720782e-05,5.2441617e-05,8.6843967e-05,8.9681802e-05,9.3290219e-05,9.5937328e-05,8.3363993e-05,0,0,0
0.01634,-0.013738325,-0.018398076,-0.024074644,-0.033509202,-0.045243211,-0.059688795,-0.082777977,-0.11068227,-0.14400947,-0.19101247,-0.25423729,-0.32899034,-0.41727865,-0.52993041,0,0,0,-0.81131893,-0.73286074,-0.61501741,-0.45112619,-0.29854584,-0.15844044,-0.050971232,-0.012589104,0.015262969,0.029783346,0.020268105,0.013995772,0.0097306184,0.0049097799,-0.00020807539,-0.0057428842,-0.01346022,-0.023791019,-0.035904061,-0.048990611,-0.062170912,-0.075311624,-0.086112291,-0.09478832,-0.10123703,-0.10401614,-0.10625045,-0.1059206,-0.10066698,-0.095181182,-0.088886335,0,0,0,0,-0.046336867,-0.038437609,-0.033411197,-0.027003756,-0.019364569,-0.013970165,-0.0091881128,-0.0053975098,-0.0035658777,-0.0023650452,-0.0014116716,-0.00078545412,-0.00028877129,0.00010140191,0.00033842371,0.0005098753,0.00059485156,0.00060164166,0.0005749386,0.00049614778,0.00037268898,0.00022639762,2.4891342e-05,-0.00013866631,-0.00028604997,-0.00039191739,-0.00040623453,-0.00040439999,-0.00038158911,-0.00032030034,-0.00025354209,0,0,0,-7.9961901e-06,3.1237025e-05,6.7457528e-05,0.00010429783,0.00015429068,0.00021667451,0.0003110916,0.00047770789,0.00069401797,0.00084782054,0.0010024454,0.0012528885,0.0012885899,0.0011079378,0.00096542423,0.00070103584,0.00026993552,-3.9613387e-05,-0.00021296326,-0.00034484942,-0.0004176606,-0.00036813278,-0.00024662068,-0.00015732682,-7.052836e-05,5.5582714e-06,4.5906483e-05,6.6450477e-05,7.1605114e-05,7.4464115e-05,7.0572074e-05,0,0,0
0.060479999999999999,-0.014561929,-0.020387357,-0.027265802,-0.037024632,-0.050431281,-0.06585063,-0.087754846,-0.11878847,-0.15377091,-0.20048532,-0.26517713,-0.33687431,-0.41558912,-0.51002824,0,0,0,-0.74690211,-0.68531513,-0.56850809,-0.42750487,-0.29090655,-0.1718837,-0.07211186,-0.021404076,-0.00050918013,0.012949565,0.013796814,0.010153643,0.0072737755,0.0034307276,-0.00191971,-0.0078626731,-0.015652066,-0.02687362,-0.040142611,-0.054798294,-0.068983786,-0.083058275,-0.09534613,-0.10446355,-0.11106534,-0.11473747,-0.11546005,-0.11353721,-0.10835291,-0.10060914,-0.094269425,0,0,0,0,-0.060059179,-0.050966632,-0.042102203,-0.033574741,-0.02438106,-0.016974796,-0.011655565,-0.0069986349,-0.0041563865,-0.0028508296,-0.0016866638,-0.0008642177,-0.00031662831,0.00010693839,0.00038774463,0.00056102872,0.00065081345,0.00066701556,0.00061079068,0.00047315226,0.00028092379,5.2717311e-05,-0.00018646548,-0.00036195788,-0.00049571495,-0.00061299454,-0.00062385545,-0.00059784553,-0.00055442256,-0.00047112122,-0.00037030783,0,0,0,-4.3340173e-05,9.1279289e-06,5.4645676e-05,0.00010257585,0.00015900518,0.00023323558,0.0003366436,0.00049771741,0.00073529477,0.00096321263,0.001163036,0.0013064853,0.0013967805,0.0012152167,0.00098003098,0.0007831197,0.0004213826,8.8417612e-05,-0.00016635636,-0.00031223858,-0.00035221089,-0.00035472008,-0.00025624034,-0.00016527515,-9.0060988e-05,-2.1101809e-05,1.7137681e-05,4.436438e-05,5.5732507e-05,5.9078226e-05,5.9791939e-05,0,0,0
0.10462,-0.015731582,-0.021958187,-0.029688697,-0.038711041,-0.052812491,-0.070238121,-0.091123238,-0.12504262,-0.16490149,-0.20801154,-0.27011406,-0.34140778,-0.415501,-0.49720222,0,0,0,-0.6549964,-0.61427331,-0.51263309,-0.38618857,-0.2584962,-0.15565889,-0.078816362,-0.028741933,-0.0088097584,0.0034618964,0.0092292782,0.0069993483,0.0042643659,0.0014680427,-0.0035360351,-0.0095754564,-0.017177049,-0.029017039,-0.043101147,-0.058930576,-0.074521206,-0.089113712,-0.10348868,-0.1137737,-0.11796091,-0.12212446,-0.11976903,-0.11606552,-0.11371641,-0.10625315,-0.099539392,0,0,0,0,-0.06720145,-0.05935837,-0.0494304,-0.040001966,-0.030387409,-0.02067304,-0.014133053,-0.0087199369,-0.0046348856,-0.0030379463,-0.001877305,-0.00089427561,-0.0003089901,0.00010814713,0.0004538456,0.00062450068,0.00068044744,0.00068684999,0.00057605648,0.00040177253,0.00018363674,-7.3573145e-05,-0.00034774072,-0.00058901461,-0.00078199548,-0.00092915568,-0.00098889694,-0.00089949917,-0.00078463659,-0.00066012057,-0.00052119128,0,0,0,-8.297342e-05,-6.0588645e-06,4.6280431e-05,9.9563971e-05,0.00015780043,0.00023654981,0.00034752541,0.00050786708,0.00070085761,0.0008881425,0.0011244419,0.0012081449,0.0012756605,0.001316298,0.0010485465,0.00082143024,0.00053711375,0.0002057697,-4.2365966e-05,-0.00025130494,-0.00027899176,-0.00027555844,-0.00025511443,-0.00016700792,-9.3697519e-05,-3.5379893e-05,8.532661e-07,2.5909349e-05,4.3411368e-05,4.7729427e-05,4.8766444e-05,0,0,0
0.14874999999999999,-0.016812373,-0.022192528,-0.031025343,-0.041619822,-0.05459626,-0.075040147,-0.098120764,-0.12627006,-0.16964516,-0.21584997,-0.26869237,-0.3379761,-0.40335327,-0.46320471,0,0,0,-0.5756554,-0.522627,-0.44357342,-0.33954263,-0.23956122,-0.15182929,-0.088529296,-0.044220474,-0.014590161,-0.0039127879,0.0018856297,0.0033309998,0.0017654183,-0.000151783,-0.0038580294,-0.010335324,-0.018582992,-0.029717475,-0.044690084,-0.061296225,-0.078189865,-0.092265293,-0.10564091,-0.11720106,-0.12111307,-0.12449709,-0.12586921,-0.12056492,-0.11677947,-0.11166669,-0.10213475,0,0,0,0,-0.073418468,-0.06678918,-0.058235899,-0.045737877,-0.034335028,-0.023650616,-0.014789684,-0.0095284982,-0.0055516018,-0.0031492771,-0.0020043468,-0.0010263375,-0.00026912085,0.0001313048,0.00045484112,0.00067616056,0.00071747752,0.00069720659,0.00060665957,0.00039638139,0.00012585431,-0.00028610227,-0.00070947758,-0.0010687874,-0.0013303787,-0.0013992292,-0.0013906097,-0.0012851841,-0.0010857425,-0.0008873014,-0.00069024757,0,0,0,-0.00012383987,-3.7058926e-05,3.2957731e-05,9.0132715e-05,0.00015293964,0.0002234781,0.00031669135,0.00044886887,0.00061520113,0.0007833729,0.00098817772,0.0011759037,0.0012245821,0.0011882449,0.0010755555,0.00080063229,0.00051170727,0.00025740868,3.145403e-05,-0.00015293682,-0.00025425217,-0.00023764608,-0.0001989392,-0.00016089733,-9.4148716e-05,-4.1850148e-05,-7.8423691e-06,1.4496618e-05,3.0492332e-05,3.8989987e-05,4.0206338e-05,0,0,0
0.19289000000000001,-0.017755797,-0.023760434,-0.032200895,-0.043926384,-0.057238087,-0.075802922,-0.10113826,-0.12930368,-0.16789678,-0.21634984,-0.26533943,-0.32282704,-0.3833425,-0.43597364,0,0,0,-0.51038647,-0.45553201,-0.3906951,-0.3092131,-0.22188616,-0.14468099,-0.084946916,-0.047588062,-0.022673499,-0.0082259551,-0.0017417709,0.00080759794,0.00082952238,-0.0011213284,-0.0045234053,-0.010275964,-0.018986635,-0.029773077,-0.043632641,-0.059921913,-0.077047057,-0.091646761,-0.10538167,-0.1181234,-0.12473726,-0.12742271,-0.12736715,-0.12157112,-0.1134873,-0.10766113,-0.10114644,0,0,0,0,-0.077427432,-0.069621183,-0.06077173,-0.047772527,-0.035830107,-0.0254163,-0.016048893,-0.0097986497,-0.0059896247,-0.0034326145,-0.0020372639,-0.0010764215,-0.00027489819,0.00019109529,0.00049521925,0.00072929007,0.00080344384,0.00073355844,0.00056458544,0.00025127266,-0.00018607451,-0.00068108906,-0.0011602786,-0.0015408935,-0.0018577101,-0.0019506458,-0.0018840713,-0.0017199967,-0.0014499659,-0.0011492155,-0.00087813928,0,0,0,-0.00017286578,-7.2164461e-05,1.4405668e-05,7.9330159e-05,0.00014167817,0.00020842999,0.00028638501,0.00040189986,0.00055639778,0.00071475649,0.00085265632,0.001020534,0.001066345,0.00097922375,0.00092112756,0.00073195604,0.00046162272,0.0002193784,3.3898432e-05,-8.9475601e-05,-0.00019388701,-0.00019271739,-0.00015523637,-0.00013085427,-8.4720465e-05,-3.9591068e-05,-8.3630184e-06,9.938678e-06,2.3468243e-05,3.4665729e-05,3.9280385e-05,0,0,0
0.23702999999999999,-0.018240536,-0.024789101,-0.032313466,-0.044245496,-0.058831383,-0.075329468,-0.10157815,-0.13225368,-0.16437945,-0.21148831,-0.26117131,-0.3112185,-0.36660475,-0.41079074,0,0,0,-0.44639087,-0.39622405,-0.3316552,-0.26094225,-0.18668702,-0.1284762,-0.079751745,-0.048568856,-0.027635096,-0.011089437,-0.003657416,-0.0015759311,-0.00048182707,-0.0020845763,-0.0049698181,-0.0092270095,-0.017371751,-0.028027143,-0.040351067,-0.056595281,-0.074240141,-0.089733198,-0.1037166,-0.11447507,-0.12270889,-0.12243391,-0.12084355,-0.11933413,-0.11106419,-0.10402267,-0.099910587,0,0,0,0,-0.076587386,-0.0695002,-0.061848186,-0.049576059,-0.037003342,-0.026391156,-0.017189331,-0.0098314155,-0.0061116754,-0.0036085029,-0.00201008,-0.0010504434,-0.00027708022,0.0002870239,0.00055888458,0.00073594938,0.00082684762,0.00068571151,0.00045969686,0.00015484617,-0.00035775208,-0.00093346013,-0.001557583,-0.0020875423,-0.0024712358,-0.0027445888,-0.0025743833,-0.0022610449,-0.0019121803,-0.0015033002,-0.0011414702,0,0,0,-0.00020482743,-9.8685821e-05,-7.665396e-06,6.9640111e-05,0.00013091417,0.00019683386,0.00026577146,0.00035089906,0.0004608868,0.00058657746,0.00067476847,0.0007844799,0.00090558606,0.00080803921,0.00071346416,0.00063502323,0.0004185838,0.00021763438,6.4330437e-05,-3.2522796e-05,-0.00011582862,-0.00015968873,-0.00012338531,-9.3203831e-05,-6.8651949e-05,-3.6010359e-05,-1.0435815e-05,5.6687131e-06,1.9185956e-05,3.066639e-05,3.7726972e-05,0,0,0
0.28116999999999998,-0.017785484,-0.024988653,-0.033375304,-0.043517143,-0.059727795,-0.077452123,-0.098144472,-0.13120455,-0.16507351,-0.20186336,-0.25144669,-0.29653838,-0.33667707,-0.37272525,0,0,0,-0.37567204,-0.33804792,-0.28188732,-0.22510931,-0.17173631,-0.12266818,-0.080121338,-0.046483748,-0.028442373,-0.014517633,-0.005015824,-0.0027388916,-0.0016137519,-0.0015552386,-0.0043014917,-0.0086081512,-0.014742943,-0.025515065,-0.037867598,-0.051343992,-0.06776835,-0.082459234,-0.094903924,-0.10533696,-0.11407126,-0.11898537,-0.11607958,-0.11340695,-0.1098565,-0.099555016,-0.092876449,0,0,0,0,-0.074783102,-0.068451054,-0.061153531,-0.049359117,-0.036689579,-0.02550802,-0.017084282,-0.010320129,-0.0057582129,-0.0034990935,-0.0020309046,-0.00097424636,-0.00026556902,0.00025992293,0.00059935008,0.00074523309,0.00081704633,0.0007434219,0.00046392198,7.8296522e-05,-0.00056226132,-0.0013722935,-0.0022219287,-0.0029574167,-0.0032673089,-0.0034665253,-0.0034375223,-0.0029634722,-0.0024339098,-0.0018732685,-0.0013829913,0,0,0,-0.00026159862,-0.00012531303,-3.1537551e-05,4.9590453e-05,0.00011791861,0.00017570077,0.00023442999,0.00029784831,0.00037626206,0.00046879135,0.00054985017,0.00061106181,0.00067599071,0.00067470712,0.00057347456,0.00048564503,0.00036902627,0.00019136319,5.4717886e-05,-3.8293347e-05,-9.142897e-05,-0.00011099434,-0.00010490024,-7.7471552e-05,-5.6845292e-05,-3.4361059e-05,-1.0757663e-05,3.8630988e-06,1.6477394e-05,2.8169408e-05,3.8138292e-05,0,0,0
0.32529999999999998,0,0,0,0,0,0,0,0,0,0,0,0,0,0,0,0,0,0,0,0,0,0,0,0,0,0,0,0,0,0,0,0,0,0,0,0,0,0,0,0,0,0,0,0,0,0,0,0,0,0,0,0,0,0,0,0,0,0,0,0,0,0,0,0,0,0,0,0,0,0,0,0,0,0,0,0,0,0,0,0,0,0,0,0,0,0,0,0,0,0,0,0,0,0,0,0,0,0,0,0,0,0,0,0,0,0,0,0,0,0,0,0,0,0,0,0,0,0,0,0
0.36943999999999999,-0.018559303,-0.024078825,-0.032939587,-0.043785192,-0.05586081,-0.074539021,-0.095992066,-0.11836782,-0.15162665,-0.18606484,-0.21795753,-0.25785053,-0.29047072,-0.31154796,0,0,0,-0.28654331,-0.25207287,-0.21596104,-0.16908334,-0.12825933,-0.095686704,-0.067384951,-0.043281663,-0.025777698,-0.015187658,-0.0075338897,-0.0025456268,-0.0015858465,-0.001530726,-0.0019559185,-0.0054104072,-0.010071194,-0.015496485,-0.025545442,-0.036339011,-0.047023386,-0.061572846,-0.073588818,-0.084140256,-0.090833142,-0.096427739,-0.1014035,-0.095571861,-0.090400882,-0.088321649,-0.080549881,0,0,0,0,-0.065801337,-0.059023831,-0.052042723,-0.04391038,-0.032525964,-0.022761911,-0.014611036,-0.0094541181,-0.0057858238,-0.0032351767,-0.001905121,-0.00091242453,-9.9550496e-05,0.00035531574,0.00062110386,0.00082728709,0.00078350632,0.00062095502,0.00039458508,-0.00027227879,-0.0011261395,-0.0020990153,-0.0032021413,-0.0042137341,-0.0050107902,-0.004962875,-0.0047243517,-0.00430645,-0.003469524,-0.002670689,-0.0019354168,0,0,0,-0.00034975051,-0.00018889515,-6.0058665e-05,1.6745209e-05,8.5057167e-05,0.00014681922,0.00018841388,0.00022913839,0.0002732026,0.00030684139,0.00034069578,0.00037538027,0.00036456806,0.00034178427,0.00031459512,0.00024299407,0.0001779593,0.00011137164,4.0227187e-05,-1.2704425e-05,-5.0649778e-05,-5.8894042e-05,-5.7366844e-05,-5.0191287e-05,-3.5543915e-05,-2.1298005e-05,-7.1472587e-06,7.8049998e-06,2.1015239e-05,3.4161658e-05,4.6972251e-05,0,0,0
0.41358,-0.018224195,-0.024126282,-0.031153675,-0.042614348,-0.055364899,-0.069548398,-0.09220735,-0.11562752,-0.14043121,-0.17446697,-0.20388755,-0.22984654,-0.25876004,-0.2775619,0,0,0,-0.25080448,-0.21645072,-0.18516943,-0.15225607,-0.11535013,-0.08604046,-0.060239993,-0.039230026,-0.023638282,-0.012998272,-0.0070989043,-0.0027900985,-0.00079224422,-0.00083590113,-0.0013235298,-0.0029788124,-0.0073024677,-0.012306067,-0.018259833,-0.02786237,-0.037088446,-0.046951935,-0.058777284,-0.069394127,-0.078162618,-0.082983322,-0.087875232,-0.089989282,-0.082925603,-0.079453871,-0.076743938,0,0,0,0,-0.059979744,-0.053866748,-0.047046088,-0.040133353,-0.029833976,-0.020923171,-0.013616793,-0.0081934631,-0.0051288242,-0.0030194479,-0.0017236455,-0.00086634653,-0.0001630325,0.00035731692,0.00059628172,0.00077578961,0.00084894383,0.00064064562,0.00033007096,-0.00027178018,-0.0013617469,-0.0026029891,-0.003807947,-0.0047663427,-0.0055637788,-0.0059314691,-0.0055360962,-0.00488983,-0.0039485483,-0.0029468718,-0.0021053208,0,0,0,-0.00037151983,-0.00021360687,-8.5383537e-05,6.4112828e-06,6.7264424e-05,0.00012150743,0.00016551657,0.00019713934,0.0002307002,0.00025928067,0.00027097383,0.0002818637,0.00028475834,0.00026329063,0.00023436814,0.00019393384,0.00013119719,7.05938e-05,1.6965469e-05,-2.2568831e-05,-4.0395265e-05,-4.9186532e-05,-4.5878583e-05,-3.9801842e-05,-3.0648996e-05,-1.7178289e-05,-3.8503877e-06,9.6299864e-06,2.3663215e-05,3.830258e-05,5.1935869e-05,0,0,0
0.45771000000000001,-0.017473305,-0.023664137,-0.030579301,-0.040212601,-0.053527348,-0.067379899,-0.085457586,-0.10879852,-0.13119914,-0.15722448,-0.18649638,-0.21023077,-0.23213834,-0.24884805,0,0,0,-0.2171393,-0.18943137,-0.15991917,-0.13022643,-0.099360824,-0.072482705,-0.051365264,-0.034594148,-0.021927841,-0.012763897,-0.0063781668,-0.0023797629,-0.00043286686,0.00013469043,-0.00045548845,-0.0015378721,-0.0040846425,-0.0081917318,-0.012282108,-0.018054448,-0.026448488,-0.034591686,-0.043800037,-0.054190438,-0.064311579,-0.071200736,-0.075483128,-0.079953864,-0.077931434,-0.072550662,-0.069972306,0,0,0,0,-0.055124782,-0.048412949,-0.041947685,-0.035142992,-0.025928797,-0.017719071,-0.011563113,-0.007287513,-0.004647498,-0.0029554451,-0.0016557004,-0.00079133466,-0.00014728168,0.00036522286,0.00064107403,0.00075129489,0.00080535957,0.00058465032,8.7903813e-05,-0.0005056106,-0.0014892211,-0.002863955,-0.0042707995,-0.0053683463,-0.0059966538,-0.006308326,-0.0058783628,-0.0050328467,-0.0040862891,-0.0031338024,-0.002287582,0,0,0,-0.00040032575,-0.00022189278,-0.00010112702,-6.642018e-06,5.6479475e-05,0.00010427638,0.00014682928,0.00017539771,0.00019637602,0.00021791487,0.00022531714,0.00022351154,0.00022321325,0.00020228655,0.00016428006,0.00012388262,7.7168967e-05,4.042044e-05,8.753329e-06,-1.3226631e-05,-2.7969545e-05,-3.7865379e-05,-3.7030892e-05,-3.1248797e-05,-2.3979816e-05,-1.2644488e-05,1.032633e-06,1.5435637e-05,2.9957202e-05,4.4539011e-05,5.8171085e-05,0,0,0
0.50185000000000002,-0.016630527,-0.022567406,-0.029716015,-0.037526634,-0.049910117,-0.064000569,-0.078153141,-0.099887006,-0.12305534,-0.14324166,-0.17007978,-0.19168186,-0.20628947,-0.21734738,0,0,0,-0.18470284,-0.16110638,-0.13418655,-0.1094308,-0.086153626,-0.064815842,-0.046898268,-0.031263955,-0.019355487,-0.01135293,-0.0050119818,-0.0014214076,6.6750217e-05,0.00094811479,0.00050382898,-0.00035961275,-0.0011020539,-0.0041114641,-0.0077420035,-0.0093286065,-0.015848551,-0.023598572,-0.030836862,-0.04041867,-0.05030825,-0.060724072,-0.064990297,-0.068601482,-0.073355027,-0.06817323,-0.064657852,0,0,0,0,-0.050652072,-0.042953126,-0.036370315,-0.030082155,-0.022737842,-0.01573512,-0.010719131,-0.0069831302,-0.0042666532,-0.002696642,-0.0015110561,-0.00062287995,-9.1612164e-05,0.00030567835,0.00059742609,0.00065606227,0.00067116693,0.00066756411,9.9631026e-05,-0.00060995528,-0.0014202057,-0.0029279129,-0.0043815351,-0.0056625819,-0.0060952995,-0.0062877825,-0.0062324652,-0.0053337649,-0.0043104948,-0.0032950793,-0.0023836766,0,0,0,-0.000422918,-0.00021454715,-0.00010275887,-1.6696693e-05,5.2608229e-05,9.0994261e-05,0.00012375216,0.00015221676,0.0001653178,0.00017772743,0.00018887923,0.00017767667,0.00016480614,0.00015376908,0.00012229421,9.2475981e-05,6.7233908e-05,3.5339577e-05,7.3597894e-06,-1.252901e-05,-2.3958615e-05,-3.0298148e-05,-3.1224692e-05,-2.5735095e-05,-1.8282524e-05,-8.8395846e-06,5.877193e-06,2.1417043e-05,3.5931123e-05,5.0678424e-05,6.4254513e-05,0,0,0
0.54598999999999998,-0.016262267,-0.020769205,-0.028067971,-0.036028653,-0.045217849,-0.059807785,-0.07429301,-0.089996785,-0.11252785,-0.13113901,-0.14780176,-0.16797484,-0.18166895,-0.18962547,0,0,0,-0.15794112,-0.13758002,-0.11854853,-0.096101046,-0.074917391,-0.056048803,-0.040107496,-0.026402358,-0.015476491,-0.0094539039,-0.0045725359,-0.00087902299,0.00055504148,0.0012966772,0.0015896593,0.00078532542,0.00030685356,-0.00028494056,-0.0034328143,-0.004991441,-0.0063905618,-0.013421256,-0.020597946,-0.027590914,-0.036764748,-0.046588898,-0.057405815,-0.060707875,-0.065353282,-0.068280652,-0.062747985,0,0,0,0,-0.045476966,-0.038706176,-0.032000385,-0.026385214,-0.020070491,-0.013677437,-0.0088729635,-0.0058059609,-0.0036853584,-0.0023726481,-0.0014190979,-0.00066801632,-0.00010500039,0.00024031382,0.00049534417,0.0006600176,0.00062917965,0.00054230867,0.00016665319,-0.00079591898,-0.0018290612,-0.0030623202,-0.0044711581,-0.0056957067,-0.0064867083,-0.0065417504,-0.0062048174,-0.0054033585,-0.0041921935,-0.0031204224,-0.002243022,0,0,0,-0.00041633449,-0.00022758625,-9.6146076e-05,-2.377294e-05,3.5663601e-05,8.0735073e-05,0.00010649477,0.00012800192,0.00014353314,0.00014773823,0.00015082328,0.00014718255,0.00013250898,0.00011870831,9.9222059e-05,6.947056e-05,4.3799162e-05,2.0034931e-05,-2.6257139e-06,-1.5047941e-05,-2.2690681e-05,-2.6419826e-05,-2.6921243e-05,-2.3164865e-05,-1.5039815e-05,-4.8081783e-06,8.5726642e-06,2.5580801e-05,4.2150426e-05,5.6381741e-05,6.7406465e-05,0,0,0
0.59011999999999998,-0.015569567,-0.01995283,-0.025931455,-0.034042642,-0.042740956,-0.054106764,-0.068043657,-0.08166033,-0.09861517,-0.11735243,-0.13260019,-0.14752918,-0.16034862,-0.16653781,0,0,0,-0.1368631,-0.1178126,-0.099768855,-0.081326954,-0.062052421,-0.046178848,-0.034161512,-0.023486916,-0.014285149,-0.0080399243,-0.0037555953,-0.00038783671,0.0014522371,0.0019865786,0.0021113805,0.0016398106,0.0011791269,0.0013748161,0.00045722909,-0.00098020118,-0.00070713833,-0.0033471463,-0.010087341,-0.017956188,-0.026796788,-0.0370996,-0.049369149,-0.056502223,-0.059794389,-0.064070955,-0.062326942,0,0,0,0,-0.040750116,-0.035069648,-0.027890991,-0.021863688,-0.016395997,-0.011058593,-0.0074362066,-0.0051084696,-0.0035142149,-0.002248419,-0.0013165619,-0.00062611687,-9.0224086e-05,0.00025695807,0.00041933171,0.0005454896,0.00048368424,0.00021209475,-0.00010697544,-0.00086878194,-0.0020016273,-0.0032399592,-0.0046199043,-0.0056215618,-0.0062345508,-0.0061901677,-0.0056140344,-0.0048871646,-0.0038950243,-0.0029007974,-0.0020540482,0,0,0,-0.00039252837,-0.00022843399,-9.6238567e-05,-1.9481464e-05,2.9605115e-05,7.308388e-05,9.7465687e-05,0.00011033987,0.00012269255,0.00012552454,0.00012301409,0.00011893534,0.00010540181,8.7376946e-05,6.8814588e-05,4.5798231e-05,2.6930156e-05,1.1522422e-05,-2.9364774e-06,-1.4384517e-05,-2.1747375e-05,-2.5084071e-05,-2.494428e-05,-2.1822674e-05,-1.2902181e-05,3.8662984e-07,1.5536483e-05,3.2803571e-05,4.9262369e-05,6.353356e-05,7.3494026e-05,0,0,0
0.63426000000000005,-0.014585004,-0.01900474,-0.023785992,-0.031024806,-0.039444391,-0.048341636,-0.060995344,-0.074501306,-0.08751899,-0.10459551,-0.11841507,-0.1283993,-0.13772051,-0.14260039,0,0,0,-0.11595635,-0.098724194,-0.083035544,-0.06952548,-0.05466225,-0.040642068,-0.029677082,-0.020130925,-0.012005772,-0.00585071,-0.0021606716,0.00013387483,0.0018173174,0.0020716363,0.0021115732,0.0021515344,0.0019045041,0.0023022303,0.0035399348,0.0026525753,0.0024254913,0.002465819,-0.003663281,-0.011562586,-0.020185852,-0.029483983,-0.040657118,-0.052896108,-0.056351021,-0.059510343,-0.061778553,0,0,0,0,-0.036681853,-0.03123242,-0.02420379,-0.018631443,-0.014341203,-0.010065612,-0.0068628979,-0.0045890855,-0.0031453855,-0.0020070602,-0.0011078867,-0.00054801197,-0.0001398091,0.00017882022,0.00027262932,0.00034176372,0.00045362534,0.00011350866,-0.00033436622,-0.00077901408,-0.0020288583,-0.0032404116,-0.0045743505,-0.0053134067,-0.0056662066,-0.0059180865,-0.0052823336,-0.0044565429,-0.0035214447,-0.0026081973,-0.0018747393,0,0,0,-0.00033837906,-0.00020064856,-8.6513697e-05,-5.3317635e-06,2.8609938e-05,6.1924744e-05,8.8293018e-05,9.6547519e-05,0.0001032668,0.00010835073,0.0001011256,9.1840331e-05,8.3399755e-05,6.7256566e-05,5.2204643e-05,3.7479709e-05,1.9457309e-05,4.6209266e-06,-7.1979666e-06,-1.7300166e-05,-2.3646511e-05,-2.5346453e-05,-2.2675933e-05,-1.6823764e-05,-7.9604069e-06,6.5001132e-06,2.2725188e-05,4.0186871e-05,5.6599194e-05,7.0481583e-05,8.0059617e-05,0,0,0
0.6784,0,0,0,0,0,0,0,0,0,0,0,0,0,0,0,0,0,0,0,0,0,0,0,0,0,0,0,0,0,0,0,0,0,0,0,0,0,0,0,0,0,0,0,0,0,0,0,0,0,0,0,0,0,0,0,0,0,0,0,0,0,0,0,0,0,0,0,0,0,0,0,0,0,0,0,0,0,0,0,0,0,0,0,0,0,0,0,0,0,0,0,0,0,0,0,0,0,0,0,0,0,0,0,0,0,0,0,0,0,0,0,0,0,0,0,0,0,0,0,0
0.72253000000000001,-0.012452954,-0.01597102,-0.020794945,-0.025751425,-0.032011159,-0.040163137,-0.048082262,-0.057370286,-0.068462342,-0.078412555,-0.087657355,-0.096480072,-0.1017645,-0.10390704,0,0,0,-0.082658559,-0.072281197,-0.060011569,-0.048199978,-0.038216464,-0.028845798,-0.020661814,-0.013994999,-0.0083802715,-0.0039844168,-0.0010813239,0.00087285438,0.0019819082,0.0022248663,0.0020693587,0.001710405,0.0016957354,0.0021621052,0.0028262469,0.0040695877,0.0057623703,0.0053844,0.0037731044,-0.0012753718,-0.010036586,-0.020288303,-0.030448355,-0.040037885,-0.050322853,-0.056154229,-0.055000693,0,0,0,0,-0.030093424,-0.024804961,-0.01819336,-0.013093835,-0.0095191486,-0.0068806084,-0.0049563567,-0.0035936774,-0.0025435905,-0.0017029275,-0.001033831,-0.00050215755,-0.00016280741,1.2625707e-05,0.00010584784,2.4954788e-05,-0.00013363501,-0.00030244794,-0.00091001578,-0.0017735893,-0.0025973758,-0.0035276413,-0.0044818921,-0.005190379,-0.0050852029,-0.0044711847,-0.004048123,-0.0032596514,-0.0023524105,-0.0015530661,-0.0010603373,0,0,0,-0.00026632426,-0.00014929427,-5.6725577e-05,-2.6472262e-06,3.721728e-05,6.0079183e-05,7.2398892e-05,8.1334656e-05,8.1846214e-05,7.9327241e-05,7.5221003e-05,6.5529668e-05,5.3062653e-05,4.0352737e-05,2.6553538e-05,1.3889845e-05,2.7799911e-06,-7.5109447e-06,-1.6241178e-05,-2.1997101e-05,-2.5245268e-05,-2.5885789e-05,-2.288052e-05,-1.2845723e-05,1.2141518e-06,1.743945e-05,3.535434e-05,5.2670537e-05,6.906678e-05,7.9643032e-05,8.5610125e-05,0,0,0
0.76666999999999996,-0.011668857,-0.014446102,-0.018641129,-0.023389358,-0.028257171,-0.035382107,-0.043121487,-0.050167728,-0.059744924,-0.068619452,-0.07496459,-0.081550293,-0.086057678,-0.087840885,0,0,0,-0.068407491,-0.059849177,-0.050987676,-0.04165085,-0.032865264,-0.024658784,-0.017187573,-0.011265488,-0.0061615123,-0.002448739,-0.00062682363,0.00073647336,0.0012723596,0.0014075234,0.0014484385,0.0011557105,0.00098565104,0.0017650427,0.0023470139,0.002984242,0.0052530621,0.0048355581,0.0028796708,-0.00013904367,-0.0074607339,-0.017090101,-0.028656118,-0.036540166,-0.043949753,-0.051980853,-0.050915103,0,0,0,0,-0.026329726,-0.021228572,-0.015833043,-0.011495841,-0.008562481,-0.0062834709,-0.004448548,-0.003204843,-0.0022458625,-0.0014577726,-0.00092678744,-0.00051158672,-0.0002066287,-9.0486719e-05,-5.4770382e-05,-6.5866392e-05,-0.00031594047,-0.00061661284,-0.00096046459,-0.0019807946,-0.002910614,-0.0036815386,-0.0043239263,-0.0048074895,-0.0049174223,-0.0040098075,-0.003388356,-0.0026389388,-0.0018667546,-0.0012504314,-0.00078858482,0,0,0,-0.00019344082,-0.00010700896,-2.2384338e-05,1.1415279e-05,3.672851e-05,6.0118648e-05,6.9376314e-05,7.4638781e-05,7.6894372e-05,7.1864939e-05,6.477916e-05,5.7035875e-05,4.4990516e-05,3.3327364e-05,2.2109525e-05,9.4301449e-06,-2.0471234e-06,-1.1722586e-05,-2.0407353e-05,-2.6172012e-05,-2.6700021e-05,-2.3712264e-05,-1.6914291e-05,-6.2312447e-06,8.6272885e-06,2.5414403e-05,4.3930675e-05,6.024661e-05,7.5204298e-05,8.6272266e-05,8.8462293e-05,0,0,0
0.81081000000000003,-0.010618106,-0.013349717,-0.016421206,-0.02108122,-0.025815874,-0.030880321,-0.038013928,-0.044228029,-0.050244555,-0.058224145,-0.064227469,-0.068563491,-0.072401777,-0.073770322,0,0,0,-0.058768392,-0.050832022,-0.042713724,-0.034913663,-0.026904777,-0.019504717,-0.013369093,-0.0091023939,-0.005457785,-0.0024704493,-0.00086940499,0.0001945768,0.00088207098,0.00087563787,0.00079131825,0.00050164957,-3.4538098e-05,0.00020155311,0.00091696548,0.001301444,0.0026054506,0.0042809346,0.002220185,-0.0011636941,-0.0057718325,-0.013754061,-0.023159288,-0.032441299,-0.038054466,-0.044170778,-0.048031256,0,0,0,0,-0.023038438,-0.018353721,-0.013771152,-0.0097924732,-0.007041771,-0.0051914528,-0.0037595653,-0.0028165593,-0.0020487735,-0.0014015787,-0.00088487548,-0.00052053097,-0.00025886961,-0.00011074054,-0.00013430137,-0.00024438417,-0.00040856982,-0.0009325631,-0.0015232423,-0.0022281781,-0.0032020672,-0.0040067229,-0.0045895316,-0.0048393495,-0.0045889313,-0.0038218535,-0.0029113062,-0.0021301769,-0.0014054491,-0.00089706201,-0.0005396395,0,0,0,-0.00012930552,-8.2947197e-05,-2.3776549e-05,2.3777306e-05,4.2500847e-05,5.8353646e-05,7.2310533e-05,7.3642164e-05,7.1847564e-05,6.8675938e-05,6.0527709e-05,5.1555027e-05,4.0899333e-05,2.8418415e-05,1.6303184e-05,4.2857528e-06,-6.9326479e-06,-1.4945208e-05,-2.1032629e-05,-2.4162719e-05,-2.407506e-05,-2.0658381e-05,-1.2867139e-05,-9.4906682e-07,1.4018213e-05,3.1623189e-05,4.9637601e-05,6.5328437e-05,7.6828655e-05,8.6326356e-05,9.1299647e-05,0,0,0
0.85494000000000003,-0.0095331129,-0.012220579,-0.015062618,-0.018568935,-0.022886088,-0.027229065,-0.032512121,-0.038371116,-0.043640707,-0.049330711,-0.054859117,-0.058361039,-0.060765129,-0.061870661,0,0,0,-0.04837779,-0.041905858,-0.034392539,-0.028103963,-0.022408534,-0.016776592,-0.011681434,-0.0078296224,-0.004710868,-0.0021480997,-0.00056640175,0.00013827276,0.00011845934,-0.0001985823,-0.00073352002,-0.0010829313,-0.0013829463,-0.001359839,-0.00075267279,-0.00012540612,0.00051226042,0.001983305,0.0016498393,-0.0013621394,-0.0054516536,-0.011441347,-0.019431718,-0.028248448,-0.034677368,-0.038504798,-0.041565862,0,0,0,0,-0.019308206,-0.014677608,-0.010848567,-0.0078385519,-0.0058895936,-0.0045976345,-0.003477508,-0.0025735241,-0.0018604305,-0.0012739801,-0.00079657056,-0.00045899415,-0.00026949146,-0.00016288494,-0.0002124866,-0.00042491779,-0.0006285673,-0.0010996102,-0.001857128,-0.0026400872,-0.0034940126,-0.0041720527,-0.0045689354,-0.0046147997,-0.0041305721,-0.0033739908,-0.0024908164,-0.001673548,-0.00089021353,-0.00039880211,-0.00028960779,0,0,0,-9.3902694e-05,-4.3925713e-05,-4.7695357e-06,3.841822e-05,5.6528486e-05,6.1417202e-05,7.2460738e-05,7.427785e-05,7.0551148e-05,6.6479137e-05,5.8742495e-05,4.8428949e-05,3.70581e-05,2.490067e-05,1.3552964e-05,2.9060238e-06,-6.9398111e-06,-1.4892059e-05,-2.0966383e-05,-2.3995079e-05,-2.3321822e-05,-1.9768087e-05,-1.0033845e-05,4.6581936e-06,2.1035001e-05,3.8036305e-05,5.4665325e-05,7.0378999e-05,8.1498569e-05,8.9177462e-05,9.445141e-05,0,0,0
0.89907999999999999,-0.0085280761,-0.010823556,-0.013485955,-0.016283141,-0.020007992,-0.024096416,-0.028170899,-0.033212792,-0.037780318,-0.041760366,-0.046084844,-0.049043786,-0.050795287,-0.051434752,0,0,0,-0.039538622,-0.03504331,-0.029438101,-0.023754748,-0.018849436,-0.013933488,-0.0094550028,-0.0059050708,-0.0035226934,-0.0021523072,-0.0012434116,-0.001229277,-0.0014180125,-0.0016595927,-0.0021763369,-0.0025675779,-0.0027382309,-0.0028668016,-0.0025769945,-0.0018737433,-0.0014662901,-0.00054232788,8.9306384e-05,-0.0021221524,-0.0059973514,-0.011194309,-0.016930345,-0.023011189,-0.028939674,-0.03134061,-0.033243772,0,0,0,0,-0.015696231,-0.012175733,-0.0095305666,-0.0071056839,-0.0053389892,-0.0040928544,-0.003094997,-0.0022583373,-0.0015969158,-0.0011294966,-0.00074751332,-0.00044801948,-0.0002926765,-0.00022652803,-0.0002230315,-0.00048444886,-0.00081032887,-0.0011213603,-0.0019438863,-0.0028321291,-0.0035078279,-0.004104075,-0.0044310405,-0.0046415133,-0.0040276293,-0.0031002746,-0.0021510979,-0.0014091334,-0.00078120129,-0.00027482538,-0.00019263336,0,0,0,-4.1226391e-05,3.8875733e-06,1.5874277e-05,4.2221567e-05,6.3786632e-05,6.6952896e-05,7.358336e-05,7.8357436e-05,7.3192481e-05,6.6652618e-05,5.9237969e-05,4.8537422e-05,3.7279922e-05,2.4957197e-05,1.348202e-05,2.7079027e-06,-7.7580835e-06,-1.5674155e-05,-2.1569538e-05,-2.3314637e-05,-1.9659194e-05,-1.2835041e-05,-2.8701706e-06,1.1719005e-05,2.8170962e-05,4.6096691e-05,6.1447499e-05,7.5351389e-05,8.6935564e-05,9.1995753e-05,9.5372787e-05,0,0,0
0.94321999999999995,-0.0077758334,-0.0094451448,-0.011992178,-0.014675174,-0.017356273,-0.021014318,-0.024575686,-0.027938813,-0.032016225,-0.0355248,-0.03853346,-0.040958155,-0.042249374,-0.042590566,0,0,0,-0.033122219,-0.028909316,-0.02439986,-0.019213736,-0.014682101,-0.011012998,-0.0079684881,-0.0055938121,-0.0039057604,-0.0029168995,-0.0022758245,-0.0021870583,-0.0025874926,-0.0030032443,-0.0037668247,-0.0045125051,-0.004895926,-0.0049199434,-0.0046218969,-0.0040049804,-0.0032744652,-0.002747725,-0.0026370243,-0.0028294511,-0.0053740321,-0.0088519631,-0.013113582,-0.017718904,-0.022069661,-0.025737397,-0.026326735,0,0,0,0,-0.013360715,-0.010249105,-0.0079714311,-0.0059426297,-0.0044711241,-0.0034776202,-0.0027334462,-0.0020469001,-0.0014864968,-0.0010420793,-0.00069942267,-0.00043483987,-0.00026127388,-0.00023344264,-0.00027547148,-0.00044168043,-0.00087529887,-0.0013064663,-0.0018963143,-0.0028794883,-0.0036610137,-0.0042865281,-0.0045440048,-0.0044399574,-0.0039827987,-0.0029201021,-0.0018792241,-0.001214456,-0.00065873936,-0.00021861866,1.0508113e-05,0,0,0,-2.1663262e-05,7.5177522e-06,3.1031901e-05,5.143357e-05,6.8413909e-05,7.8259967e-05,8.0317317e-05,8.1461767e-05,7.8305573e-05,6.9937247e-05,6.1434112e-05,5.0787399e-05,3.9156981e-05,2.6296391e-05,1.3391876e-05,2.8429092e-06,-6.4525693e-06,-1.3909308e-05,-1.7421095e-05,-1.8363588e-05,-1.5178502e-05,-7.4285035e-06,3.4794321e-06,1.7945749e-05,3.3956232e-05,5.0060586e-05,6.5033644e-05,7.6336168e-05,8.6787135e-05,9.4709962e-05,9.7470504e-05,0,0,0
0.98734999999999995,-0.0070384652,-0.0085643111,-0.010442961,-0.012858162,-0.015211402,-0.017911443,-0.021153269,-0.024169495,-0.027069664,-0.030106323,-0.032550182,-0.034205049,-0.035263255,-0.035529315,0,0,0,-0.026953716,-0.022946164,-0.019566555,-0.016056679,-0.012746963,-0.0098468382,-0.0072802561,-0.0052747717,-0.0039293817,-0.0031079291,-0.0029000875,-0.0035998067,-0.0045153545,-0.0055098375,-0.0063281236,-0.0069242031,-0.0071754437,-0.0070547974,-0.0066873599,-0.0060178153,-0.0050460822,-0.0040691672,-0.0035600632,-0.0034850363,-0.0046398183,-0.0073397961,-0.010799535,-0.01446059,-0.017181762,-0.019692792,-0.020820109,0,0,0,0,-0.010065783,-0.0076167192,-0.0061474144,-0.0049646809,-0.0039632185,-0.0031447862,-0.0024591421,-0.0018379667,-0.0013232492,-0.00091064197,-0.000599708,-0.00039218151,-0.0002448642,-0.00021302782,-0.00029419328,-0.00044482644,-0.00083004497,-0.0013622735,-0.0019695838,-0.0028448151,-0.0035701247,-0.0040714154,-0.0041899839,-0.0039483099,-0.0035695559,-0.0027481783,-0.0016780522,-0.00093740667,-0.00042016897,-0.00015468034,1.6032951e-05,0,0,0,7.8981975e-06,2.8494629e-05,5.0329953e-05,6.8310532e-05,7.7271776e-05,8.5052161e-05,8.7279506e-05,8.7295877e-05,8.4170359e-05,7.6175129e-05,6.6666456e-05,5.4882017e-05,4.2261068e-05,2.9407589e-05,1.5987453e-05,5.077723e-06,-3.4842938e-06,-1.1234438e-05,-1.5034051e-05,-1.5075909e-05,-1.1918308e-05,-3.5705325e-06,8.105153e-06,2.219698e-05,3.7209698e-05,5.2173869e-05,6.7401299e-05,7.9052101e-05,8.834622e-05,9.6892982e-05,0.00010216325,0,0,0
1.03149,-0.0061796233,-0.0075987373,-0.0090725599,-0.011126157,-0.013349507,-0.01545025,-0.018151764,-0.020822914,-0.022904448,-0.025235826,-0.027283961,-0.028557086,-0.029215623,-0.029199822,0,0,0,-0.022445172,-0.019592809,-0.01659687,-0.013627455,-0.010737384,-0.0082488684,-0.0060372436,-0.0046711611,-0.0044194995,-0.0044002985,-0.0049936785,-0.0058929939,-0.0068001347,-0.0078232819,-0.0086701047,-0.0092917643,-0.0096034231,-0.0093868505,-0.0089069083,-0.0078885108,-0.0066247708,-0.0053890133,-0.00469768,-0.0045717405,-0.0050611803,-0.0064401533,-0.0084288167,-0.010886978,-0.012602696,-0.014077906,-0.015438911,0,0,0,0,-0.0079751872,-0.0065898895,-0.0054496704,-0.0044112555,-0.0034939162,-0.0027423804,-0.0021179044,-0.0015670788,-0.0011550045,-0.00081513869,-0.00054357271,-0.00035840084,-0.00023311784,-0.00016479357,-0.00026157312,-0.00044697546,-0.00070506101,-0.0012339212,-0.0018248118,-0.0024524473,-0.0031531581,-0.0036365739,-0.0039618849,-0.0036910526,-0.0032169991,-0.002576279,-0.0016159917,-0.00091851503,-0.00041945721,-0.00018649921,-4.3866923e-05,0,0,0,4.104455e-05,4.7844369e-05,5.6630583e-05,7.7157805e-05,8.6378219e-05,9.2711562e-05,9.785188e-05,9.7558848e-05,9.3339717e-05,8.4531814e-05,7.350884e-05,6.0863633e-05,4.608684e-05,3.3469692e-05,2.0119081e-05,6.6831394e-06,-1.3903217e-06,-8.6110958e-06,-1.3059202e-05,-1.1423251e-05,-6.6884077e-06,1.0687872e-06,1.25733e-05,2.6311147e-05,4.1922442e-05,5.5859022e-05,6.9837559e-05,8.3524981e-05,9.3220864e-05,0.00010277,0.00011133433,0,0,0
1.0756300000000001,-0.0053637759,-0.0067048911,-0.008092586,-0.0095524658,-0.011557272,-0.01339527,-0.01520785,-0.017569484,-0.019463673,-0.021044228,-0.022708401,-0.023739485,-0.024120297,-0.024096169,0,0,0,-0.018525887,-0.01620505,-0.01348793,-0.010825763,-0.0087927636,-0.0074111577,-0.0063076797,-0.0055258269,-0.0056186882,-0.0059472569,-0.0064968644,-0.0076805875,-0.0088214418,-0.010391686,-0.011732165,-0.012701055,-0.012980135,-0.012215389,-0.011299545,-0.010160911,-0.0084892353,-0.0069553177,-0.005587657,-0.0047603687,-0.0044281678,-0.0048168502,-0.0060598683,-0.0076375273,-0.0091142757,-0.0096975528,-0.0102104,0,0,0,0,-0.0067419647,-0.0055163903,-0.0045859138,-0.0037111724,-0.0029493608,-0.002383146,-0.0018793161,-0.001419939,-0.001038179,-0.00072524673,-0.00047636832,-0.00029146092,-0.00018966838,-0.00014344102,-0.00017826527,-0.00037101877,-0.00063130632,-0.00098496233,-0.0015883886,-0.002234315,-0.0028807172,-0.0033387907,-0.0035126617,-0.0034029575,-0.0028204389,-0.0021959916,-0.0015058338,-0.00084957905,-0.00040498329,-0.00010814099,-1.1405209e-05,0,0,0,3.5595149e-05,6.04862e-05,6.7355635e-05,8.2111626e-05,0.00010087815,0.00010579641,0.00010700565,0.00010880045,0.00010303604,9.3614217e-05,8.1412647e-05,6.8675115e-05,5.3671101e-05,3.787897e-05,2.4487779e-05,1.1367396e-05,6.8495751e-07,-4.8775914e-06,-8.2613187e-06,-8.0654536e-06,-2.6569469e-06,5.7408233e-06,1.7000235e-05,2.9933552e-05,4.4028668e-05,5.8149362e-05,7.1737624e-05,8.5615786e-05,9.8042059e-05,0.00010795973,0.00011674846,0,0,0
1.1197699999999999,-0.0048254048,-0.0058144601,-0.0070515033,-0.0083111068,-0.0098079834,-0.011474781,-0.013052811,-0.01475949,-0.016450178,-0.017746929,-0.018906048,-0.019848537,-0.02015724,-0.020042133,0,0,0,-0.014760019,-0.013149054,-0.011469204,-0.0097821355,-0.0082508083,-0.0071787406,-0.0064784512,-0.0060370886,-0.006195846,-0.0070470609,-0.0086088823,-0.010506256,-0.012591984,-0.014282137,-0.015417967,-0.016189815,-0.016342532,-0.015415916,-0.013848329,-0.012206664,-0.0099298162,-0.0074434932,-0.0058781025,-0.004666626,-0.004043316,-0.0040592114,-0.0046119499,-0.0054477635,-0.0064870073,-0.0071998932,-0.0076590776,0,0,0,0,-0.0052002501,-0.0044026542,-0.003819342,-0.0032726605,-0.0026273406,-0.002098694,-0.0016478355,-0.00123323,-0.00088252354,-0.00060012797,-0.00039514617,-0.00023652599,-0.00013968616,-0.00010574522,-0.00012536102,-0.00026404951,-0.00053166982,-0.00085512036,-0.0013418591,-0.0018964255,-0.0024216003,-0.0027106125,-0.002822137,-0.0027931351,-0.0024159509,-0.0018206025,-0.0012111149,-0.00067412911,-0.00036261027,-0.00013035885,-2.89866e-05,0,0,0,4.4321758e-05,7.1281625e-05,8.3914085e-05,9.0909831e-05,0.00010992915,0.00011847468,0.00011933989,0.00012060521,0.00011619076,0.00010660887,9.2863025e-05,7.7262281e-05,6.1265746e-05,4.3443117e-05,2.7750215e-05,1.5527055e-05,4.0732994e-06,-2.7584624e-06,-5.1819716e-06,-4.9380023e-06,9.6751137e-08,8.6093069e-06,1.9248617e-05,3.1507723e-05,4.4956389e-05,5.9029775e-05,7.3174611e-05,8.7416767e-05,0.00010129445,0.00011666105,0.00012888818,0,0,0
1.1638999999999999,0,0,0,0,0,0,0,0,0,0,0,0,0,0,0,0,0,0,0,0,0,0,0,0,0,0,0,0,0,0,0,0,0,0,0,0,0,0,0,0,0,0,0,0,0,0,0,0,0,0,0,0,0,0,0,0,0,0,0,0,0,0,0,0,0,0,0,0,0,0,0,0,0,0,0,0,0,0,0,0,0,0,0,0,0,0,0,0,0,0,0,0,0,0,0,0,0,0,0,0,0,0,0,0,0,0,0,0,0,0,0,0,0,0,0,0,0,0,0,0
1.20804,-0.0037562356,-0.0044837068,-0.0052183899,-0.0062296288,-0.0072358851,-0.0081939455,-0.0093956375,-0.010494009,-0.011472087,-0.012382717,-0.013046412,-0.013539424,-0.013745171,-0.013663288,0,0,0,-0.01068641,-0.0094480328,-0.0082463464,-0.007475201,-0.007162082,-0.007138487,-0.0074049355,-0.0085085956,-0.0098560331,-0.01139123,-0.013875779,-0.016215064,-0.019237898,-0.022242285,-0.024125453,-0.024950068,-0.02448269,-0.022806689,-0.019730736,-0.016759839,-0.013466779,-0.0095771486,-0.0065168045,-0.0044394084,-0.0029341239,-0.0023014247,-0.0022372862,-0.0024820247,-0.0029742024,-0.0033888863,-0.0038639265,0,0,0,0,-0.003629148,-0.0031705643,-0.0026593981,-0.0022773005,-0.0019222954,-0.001538483,-0.0012102753,-0.00092329597,-0.00065434648,-0.00042908912,-0.00024537113,-0.00011594399,-2.8851675e-05,1.8162362e-05,-1.370738e-05,-8.4743602e-05,-0.00021056249,-0.00046819996,-0.00074265932,-0.0010571263,-0.0014424624,-0.0016944715,-0.001808335,-0.0017070599,-0.0015294949,-0.0012537483,-0.00084853824,-0.00049031607,-0.00025439725,-0.00011720427,-4.235853e-05,0,0,0,5.6567602e-05,7.7730801e-05,0.00010023723,0.00011938653,0.00013524477,0.00014825798,0.00015279069,0.0001494896,0.00014338907,0.00013010637,0.00011515727,9.574151e-05,7.4140204e-05,5.7041943e-05,3.7096324e-05,1.9083962e-05,9.6751692e-06,1.9378192e-06,-2.466451e-06,-2.0854714e-08,5.2559917e-06,1.3456769e-05,2.3922796e-05,3.6264297e-05,5.0382027e-05,6.6322318e-05,8.3857827e-05,0.000103803,0.00012455642,0.00014439794,0.00016060178,0,0,0
1.2521800000000001,-0.0032645871,-0.0039084759,-0.0045498596,-0.0052895057,-0.0061807549,-0.007022169,-0.0078750886,-0.0088105714,-0.0096523799,-0.010307048,-0.010900625,-0.011314555,-0.011456947,-0.011319458,0,0,0,-0.0089222267,-0.0082980981,-0.0077760909,-0.0073599345,-0.0072380397,-0.0075806412,-0.0081248181,-0.0092381081,-0.011285037,-0.013938379,-0.017221462,-0.02109367,-0.02444353,-0.027266763,-0.029166289,-0.029700855,-0.029312914,-0.026907891,-0.022769008,-0.018739581,-0.014218999,-0.0098395571,-0.006318816,-0.0040579326,-0.0023749114,-0.0014760676,-0.0013096082,-0.0014538933,-0.0018837012,-0.0023417864,-0.0027770377,0,0,0,0,-0.0028682938,-0.0026108697,-0.0023019896,-0.0019752847,-0.001661659,-0.0013316453,-0.0010237179,-0.00075876247,-0.00052091508,-0.00033624086,-0.00018002634,-6.5508502e-05,1.1125347e-05,6.246299e-05,5.7321624e-05,-1.314003e-05,-0.00011196634,-0.00029159547,-0.00052308285,-0.00075135613,-0.00099550851,-0.0011942628,-0.0012967029,-0.0012510092,-0.001074618,-0.0008457948,-0.00059169927,-0.00037220088,-0.00021277551,-0.00011828908,-5.5083656e-05,0,0,0,5.961064e-05,8.7349297e-05,0.00010925735,0.00013026234,0.00014856261,0.00016299888,0.00016907437,0.00016630191,0.00016140848,0.00014697833,0.00012660079,0.00010514131,7.9387166e-05,5.794641e-05,4.0118837e-05,2.0973661e-05,8.8908391e-06,2.7408796e-06,-1.52946e-06,3.8837607e-07,6.7323572e-06,1.574889e-05,2.6647675e-05,3.9003258e-05,5.2939959e-05,6.94099e-05,8.8275061e-05,0.00010950091,0.00013726598,0.00016438539,0.00018849141,0,0,0
1.2963100000000001,-0.002843857,-0.0033833464,-0.0039670244,-0.0045396974,-0.0052592456,-0.006000041,-0.0066365702,-0.0073772483,-0.0080889221,-0.0085947625,-0.0090267751,-0.009322891,-0.0093986625,-0.0092575271,0,0,0,-0.0079157492,-0.0074355877,-0.007122593,-0.0069609811,-0.0069246157,-0.0077853813,-0.0092608174,-0.010975394,-0.013984317,-0.017315311,-0.020476582,-0.024741866,-0.028713666,-0.031652439,-0.034290552,-0.034715962,-0.034714684,-0.031336632,-0.025813749,-0.020948015,-0.01582681,-0.010678777,-0.0064032041,-0.0036430426,-0.0016933506,-0.00054390007,-0.00033953576,-0.00050708582,-0.00089982757,-0.0013711343,-0.0017523696,0,0,0,0,-0.0024106822,-0.0021882826,-0.0019477927,-0.0016547695,-0.0013692077,-0.0011020534,-0.00085975567,-0.00063929439,-0.00044360542,-0.0002709598,-0.00012407884,-6.7560468e-06,6.3983549e-05,0.00010789503,0.00012567407,6.2532315e-05,-2.5085465e-05,-0.00012717029,-0.00030622544,-0.00048828672,-0.0006559646,-0.00079329201,-0.00084317924,-0.00086590298,-0.00076451589,-0.00062613998,-0.00048720161,-0.00031563098,-0.00018093636,-9.204357e-05,-4.1323685e-05,0,0,0,5.933069e-05,9.4511168e-05,0.00012042566,0.00014265315,0.00016555979,0.00018352416,0.00019070831,0.00018288009,0.00017437479,0.00015754547,0.0001308285,0.00011002873,8.6043976e-05,5.7767294e-05,4.0946426e-05,2.3175569e-05,6.113657e-06,9.5504174e-07,-1.0054973e-06,4.4275203e-07,7.2925923e-06,1.6903814e-05,2.9130682e-05,4.1690913e-05,5.6802972e-05,7.4590323e-05,9.9935402e-05,0.00012842604,0.00015695328,0.00018624622,0.0002116689,0,0,0
1.3404499999999999,-0.0025202278,-0.0029156066,-0.0034325956,-0.0039319219,-0.0044310242,-0.0050814524,-0.0056343284,-0.0061357683,-0.0067186379,-0.0071396204,-0.0074429107,-0.0077406135,-0.0079148458,-0.0078757852,0,0,0,-0.0068105385,-0.0064713694,-0.0064727436,-0.0069580367,-0.0076483688,-0.0086418837,-0.010628309,-0.012824226,-0.01538747,-0.019548811,-0.023396123,-0.028128494,-0.034023769,-0.038425624,-0.040963732,-0.040827505,-0.039803129,-0.037038572,-0.030065496,-0.023024021,-0.017272504,-0.010712351,-0.0053809173,-0.0025292994,-0.00071411487,0.00033909432,0.00070744887,0.00046050776,-1.6751728e-05,-0.00062518648,-0.0010946667,0,0,0,0,-0.0019538137,-0.0017583318,-0.0015709486,-0.0014034736,-0.0011841289,-0.00095585384,-0.00074566796,-0.00053482404,-0.00034933983,-0.00018953127,-5.4146964e-05,4.4759101e-05,0.00010935855,0.00014052662,0.00015505368,0.00013262685,5.6249846e-05,-3.2219279e-05,-0.00013994423,-0.0002817171,-0.00041173631,-0.00052315788,-0.00057385158,-0.00058892753,-0.00055353064,-0.00043573364,-0.00031881983,-0.00020400638,-0.00010854083,-6.8520181e-05,-3.5867008e-05,0,0,0,6.270592e-05,9.6096628e-05,0.00013625313,0.00015981011,0.0001766909,0.00019841324,0.00020367972,0.00019691541,0.0001840164,0.00016930912,0.00014441606,0.00011414848,9.0153269e-05,6.1812301e-05,3.5423436e-05,1.9611005e-05,5.4428679e-06,-4.0124687e-06,-4.0374002e-06,-5.5538885e-07,6.7040964e-06,1.7490162e-05,3.1261912e-05,4.7037865e-05,6.497492e-05,8.4769141e-05,0.00010848376,0.00014086402,0.00017388572,0.00020341505,0.00023687615,0,0,0
1.38459,-0.0021995124,-0.0025477938,-0.0029409535,-0.0033829275,-0.003811762,-0.0042771944,-0.0047545279,-0.0051803556,-0.0056084851,-0.0060178428,-0.0062811347,-0.0064815651,-0.0066225189,-0.0065721897,0,0,0,-0.0061603021,-0.0062970468,-0.0065374142,-0.0070644529,-0.0080854231,-0.0093316818,-0.011191692,-0.014107157,-0.017719977,-0.02251642,-0.028276552,-0.033523217,-0.039045781,-0.044209339,-0.047084376,-0.046996187,-0.044818789,-0.041258879,-0.033435278,-0.023100119,-0.016897175,-0.010517878,-0.00483019,-0.0015401593,0.00040296069,0.0012307209,0.0013991788,0.0011174649,0.00052401685,-0.00011054245,-0.00057012128,0,0,0,0,-0.0015880991,-0.0015280501,-0.0013633573,-0.0012033798,-0.0010176148,-0.00080284989,-0.00060530344,-0.0004194194,-0.00026586719,-0.00013402832,-2.1453874e-05,7.2802795e-05,0.00013687265,0.00017502144,0.00018834256,0.00017809181,0.00012837496,5.1306823e-05,-3.0489056e-05,-0.0001295485,-0.00023108901,-0.0003146815,-0.00035381789,-0.00034886046,-0.00031162918,-0.00025351837,-0.00020262506,-0.00015310507,-0.00010336459,-7.0814618e-05,-4.1162508e-05,0,0,0,6.9615373e-05,9.9119978e-05,0.00014321535,0.0001732821,0.00018969111,0.00021247235,0.00022122926,0.00021655962,0.00020132231,0.00017785277,0.00015060093,0.00011452651,8.3606166e-05,5.8329846e-05,3.1035204e-05,1.1587883e-05,-9.5064934e-10,-9.0715566e-06,-9.728662e-06,-3.6026286e-06,6.3765051e-06,1.8734423e-05,3.3338107e-05,5.0184615e-05,6.9855858e-05,9.1910399e-05,0.00011587087,0.0001531266,0.00019786356,0.00023580677,0.00027090427,0,0,0
1.42872,-0.0019064854,-0.0022218812,-0.0025387262,-0.0029005939,-0.0032738475,-0.0036331639,-0.0040293038,-0.0043928642,-0.004709831,-0.005032524,-0.0052364706,-0.005357407,-0.0054775723,-0.0055570006,0,0,0,-0.0056622894,-0.0059213536,-0.0063708732,-0.0068776142,-0.0082545811,-0.010250362,-0.012450466,-0.016117886,-0.020514276,-0.025044639,-0.031307679,-0.037589513,-0.04280404,-0.04931175,-0.053650886,-0.053891346,-0.04961938,-0.04500204,-0.037510157,-0.024777088,-0.017350465,-0.010700464,-0.0042425082,-0.00056438893,0.0014674375,0.002075945,0.0020007859,0.0017575517,0.0011313488,0.0004527088,-8.4386076e-05,0,0,0,0,-0.0013390861,-0.0013123966,-0.0011626091,-0.00099950226,-0.00084980641,-0.00068141962,-0.00051668333,-0.00036483054,-0.00021729582,-9.170235e-05,1.7485974e-05,0.00010709171,0.00016888983,0.0002084811,0.00021773887,0.00020839152,0.00018224516,0.00012238687,5.552909e-05,-1.3018085e-05,-8.7029577e-05,-0.0001425784,-0.00018933605,-0.00020480657,-0.00020381514,-0.00019213138,-0.00015651487,-0.00011928155,-8.4137355e-05,-5.9032231e-05,-3.7059894e-05,0,0,0,7.6743134e-05,0.0001036886,0.00015100194,0.00019102363,0.00021062,0.00023154415,0.000235014,0.0002258122,0.00020548543,0.00017380234,0.00014778573,0.00011521339,7.4722891e-05,5.0307299e-05,2.5744361e-05,1.9886647e-07,-9.6628737e-06,-1.5147056e-05,-1.6777043e-05,-9.1849197e-06,2.6449197e-06,1.8490668e-05,3.4110017e-05,5.2731368e-05,7.4514253e-05,0.00010307793,0.00013361486,0.00016697924,0.00021774217,0.00026144221,0.00029948819,0,0,0
1.4728600000000001,-0.0016428877,-0.0019229797,-0.0022032252,-0.0024713543,-0.0027986958,-0.003109724,-0.0033939453,-0.0036959657,-0.0039501218,-0.0041937623,-0.0044165705,-0.0045857262,-0.0047148373,-0.0048232079,0,0,0,-0.0051294523,-0.0054966914,-0.0063904496,-0.0074199396,-0.0086740572,-0.011133219,-0.01385319,-0.016754216,-0.022001438,-0.027513135,-0.033266552,-0.042021871,-0.049201775,-0.054616012,-0.060029589,-0.060444169,-0.055471938,-0.049835026,-0.040693,-0.027276607,-0.016255515,-0.0085382638,-0.0025902488,0.00080903573,0.0025556663,0.0033282135,0.0028547132,0.0022985849,0.00154064,0.00069087918,5.1950861e-05,0,0,0,0,-0.0011228477,-0.0010923087,-0.0010248095,-0.00088811031,-0.00074959447,-0.00060600718,-0.00044530712,-0.00029669277,-0.00015802428,-3.9650127e-05,5.1563497e-05,0.00012900151,0.00018154336,0.00021713604,0.00023952083,0.00023565872,0.0002136227,0.00018103652,0.0001261571,6.5126515e-05,5.6140652e-06,-5.0789531e-05,-9.4509815e-05,-0.00012103087,-0.00012132671,-0.00011099502,-9.6872362e-05,-7.5824966e-05,-6.4586973e-05,-5.4346528e-05,-4.1636973e-05,0,0,0,7.8168552e-05,0.00011710252,0.00016190406,0.00019921028,0.00022150509,0.00023497967,0.00024210072,0.00022854425,0.00020927608,0.00018215243,0.00014219494,0.0001102092,7.125851e-05,3.3643169e-05,1.2008262e-05,-8.926997e-06,-2.4613984e-05,-2.726528e-05,-2.5707664e-05,-1.814932e-05,-3.2771636e-06,1.5427089e-05,3.6609403e-05,5.733937e-05,8.0779486e-05,0.00010931342,0.00014414865,0.00018163715,0.00022716049,0.00028596658,0.00033605492,0,0,0
1.5169999999999999,0,0,0,0,0,0,0,0,0,0,0,0,0,0,0,0,0,0,0,0,0,0,0,0,0,0,0,0,0,0,0,0,0,0,0,0,0,0,0,0,0,0,0,0,0,0,0,0,0,0,0,0,0,0,0,0,0,0,0,0,0,0,0,0,0,0,0,0,0,0,0,0,0,0,0,0,0,0,0,0,0,0,0,0,0,0,0,0,0,0,0,0,0,0,0,0,0,0,0,0,0,0,0,0,0,0,0,0,0,0,0,0,0,0,0,0,0,0,0,0
1.5611299999999999,-0.0012442938,-0.001419737,-0.0016276548,-0.001842697,-0.0020392518,-0.0022631953,-0.0024893691,-0.0026717875,-0.0028652165,-0.003045415,-0.0031745764,-0.0033141975,-0.0034797709,-0.0036344535,0,0,0,-0.0047885417,-0.0054266453,-0.0061792573,-0.007693985,-0.0095943604,-0.011745021,-0.01559977,-0.019903749,-0.024312489,-0.031865537,-0.039776325,-0.046232946,-0.056194156,-0.063849032,-0.068077996,-0.068349719,-0.061174341,-0.053888768,-0.041511446,-0.026537791,-0.013662834,-0.0051809624,0.00068114046,0.0037319358,0.0043974351,0.0042119073,0.0036001308,0.0026089188,0.0017159663,0.00089933327,0.00020637561,0,0,0,0,-0.00099436787,-0.00092442456,-0.00082032237,-0.00072599069,-0.00059783366,-0.00046322314,-0.00034831266,-0.00022546486,-0.00010815344,-8.8603629e-06,7.532708e-05,0.00014952791,0.0002075583,0.00023701989,0.00025785464,0.00027177704,0.00025751384,0.00023432181,0.00020828078,0.00016672238,0.00012368234,7.9729522e-05,4.0537161e-05,5.8421429e-06,-2.2137858e-05,-3.5190184e-05,-4.5860332e-05,-5.5341923e-05,-5.5384502e-05,-5.169167e-05,-4.3680717e-05,0,0,0,8.01305e-05,0.0001184954,0.00017008693,0.00021566018,0.00024075489,0.00024133001,0.00024960708,0.00023219221,0.00018976079,0.00015863299,0.00011826403,6.4560474e-05,3.1297506e-05,-1.3436274e-06,-3.3214528e-05,-4.703545e-05,-5.5545461e-05,-5.9180173e-05,-5.1208266e-05,-3.6684407e-05,-1.583212e-05,5.4447023e-06,3.099909e-05,6.0159535e-05,8.9387162e-05,0.00012308535,0.00015788706,0.00021189827,0.00027056373,0.00032858303,0.00039356537,0,0,0
1.60527,-0.0010732877,-0.0012297698,-0.0013864196,-0.0015808176,-0.0017547779,-0.0019203185,-0.0021153444,-0.00227535,-0.0024262213,-0.0026121503,-0.002776857,-0.0029026621,-0.0030768879,-0.0032487065,0,0,0,-0.0044641881,-0.0053609014,-0.0064146202,-0.007696501,-0.009913303,-0.012391252,-0.0153322,-0.02044471,-0.025571851,-0.031409454,-0.041476563,-0.04957249,-0.056493521,-0.06626907,-0.071796149,-0.072019696,-0.064734593,-0.053970791,-0.04218258,-0.024448734,-0.0093699899,-0.0022120047,0.0027418486,0.0051073716,0.0058989157,0.0051279301,0.0038632115,0.0026309837,0.0014961096,0.00061932602,1.5907513e-05,0,0,0,0,-0.00095227163,-0.00090943143,-0.00078762672,-0.00068934693,-0.00057755184,-0.00043632856,-0.00031541329,-0.00020287666,-8.659462e-05,6.6364664e-06,8.053676e-05,0.00014687216,0.00020497404,0.00024013119,0.00026103976,0.00027551435,0.0002752968,0.00025402816,0.00022673095,0.00019444955,0.0001493489,0.00010814758,7.1404953e-05,3.8571809e-05,1.1049822e-05,-9.2906121e-06,-2.3888482e-05,-4.1596839e-05,-5.2316649e-05,-5.2950327e-05,-4.6462555e-05,0,0,0,8.6343251e-05,0.00012171418,0.00015893196,0.00021199093,0.00023280088,0.0002338927,0.00023497107,0.00022163957,0.00018400207,0.00013384575,9.5055351e-05,4.6290843e-05,-1.1251668e-06,-2.9240324e-05,-5.5201417e-05,-7.421679e-05,-7.9326906e-05,-7.8659359e-05,-7.0972135e-05,-5.1762858e-05,-2.6025358e-05,2.0113512e-06,2.8519702e-05,5.82346e-05,9.0091955e-05,0.00012691857,0.00016622338,0.00021210249,0.00028456064,0.00036133989,0.00042928947,0,0,0
1.64941,-0.00091837341,-0.0010580816,-0.0011958391,-0.0013441524,-0.0014990377,-0.0016491952,-0.0018068963,-0.0019704967,-0.0021098419,-0.0022549303,-0.0024168014,-0.0025357713,-0.0026714215,-0.0028679152,0,0,0,-0.0044409321,-0.0052193003,-0.0064340336,-0.0078366138,-0.0097287036,-0.012577184,-0.015811622,-0.020330437,-0.026445895,-0.032601971,-0.041208375,-0.050981753,-0.058427271,-0.066188961,-0.072252214,-0.071251951,-0.062098496,-0.047372475,-0.036310948,-0.021709349,-0.0061939028,0.0014467817,0.0058341171,0.0064700819,0.0060069896,0.0049258871,0.0033500823,0.0021364503,0.0011483986,0.00032506988,-0.00022192008,0,0,0,0,-0.00097352057,-0.00090789516,-0.00078350212,-0.00066728244,-0.00054812734,-0.00041567956,-0.00029600697,-0.00019366,-9.1623966e-05,5.5054261e-06,7.9150974e-05,0.00014492965,0.00020225983,0.00024165348,0.00026460705,0.00027491836,0.00027598834,0.00025921626,0.00023416945,0.00020769965,0.00017016314,0.00013239472,9.886847e-05,6.4645465e-05,3.2109223e-05,4.2770844e-06,-1.7037812e-05,-3.6901489e-05,-5.0113878e-05,-5.447886e-05,-5.0110764e-05,0,0,0,7.3327632e-05,0.00011600181,0.00014341834,0.00019985856,0.00022907098,0.00023179309,0.00022707548,0.00020146654,0.00016189564,0.00010502993,5.4272263e-05,1.1382556e-05,-3.4196742e-05,-6.805321e-05,-8.9827176e-05,-0.00010498807,-0.00010616746,-9.8301767e-05,-8.4240644e-05,-6.425396e-05,-3.695608e-05,-5.4239317e-06,2.4914869e-05,5.5122655e-05,8.7815359e-05,0.00012815755,0.00017712259,0.00022528271,0.00029627871,0.00038376427,0.00045271008,0,0,0
1.69354,-0.0007904403,-0.00090545684,-0.0010291849,-0.001151304,-0.0012864519,-0.0014212208,-0.0015490666,-0.0016901916,-0.0018160223,-0.0019305596,-0.002085804,-0.0022422532,-0.0023967747,-0.0026271506,0,0,0,-0.0043157171,-0.0049939039,-0.0062524807,-0.0078872526,-0.0096047074,-0.01250148,-0.01612306,-0.019936856,-0.026037294,-0.033021599,-0.039895281,-0.049636275,-0.057949197,-0.062591486,-0.067133471,-0.066909268,-0.059986539,-0.043599464,-0.031815071,-0.01896121,-0.0044328561,0.00324202,0.0066725682,0.0067038792,0.0056252768,0.0046991394,0.0031075948,0.0017995669,0.00076239067,-5.7055731e-05,-0.00054674514,0,0,0,0,-0.001037196,-0.00093296764,-0.00080121809,-0.00066976575,-0.00054698356,-0.00042466051,-0.0002985168,-0.00019391588,-9.4681782e-05,4.2408465e-06,7.9015314e-05,0.0001425864,0.00019536715,0.00023283996,0.00025775359,0.0002692728,0.00027276206,0.00026276024,0.00024112,0.00021683889,0.00018300177,0.00014488424,0.00010950788,7.5010088e-05,4.1925727e-05,1.3850906e-05,-9.683572e-06,-3.2642725e-05,-4.8302289e-05,-5.6653185e-05,-5.6065372e-05,0,0,0,5.8431033e-05,0.00011288513,0.00014232517,0.00018913545,0.00021644993,0.00021277134,0.00019653814,0.00016126651,0.00012196296,7.0229369e-05,5.4924667e-06,-3.8003385e-05,-7.5579381e-05,-0.00010802057,-0.00012341645,-0.00013128367,-0.00013096031,-0.00012076539,-0.00010381044,-7.9510843e-05,-5.1020557e-05,-1.6752787e-05,2.0856995e-05,5.3361466e-05,8.7953449e-05,0.00012506424,0.0001806794,0.00023499994,0.00029163109,0.0003879022,0.00047830533,0,0,0
1.7376799999999999,-0.0006878713,-0.00077347335,-0.000883459,-0.00099137751,-0.0010931815,-0.0012127863,-0.0013252713,-0.0014433234,-0.0015761039,-0.0017063225,-0.0018375546,-0.0020064721,-0.0021712005,-0.0023496151,0,0,0,-0.0041626114,-0.0049983207,-0.0059717814,-0.0077645835,-0.0097032487,-0.011811391,-0.015799915,-0.020122627,-0.024158917,-0.031732433,-0.038919576,-0.045065552,-0.055158406,-0.061147906,-0.063270673,-0.063660219,-0.056022905,-0.040469851,-0.025626788,-0.012950076,-0.0017080437,0.0053810216,0.0079310788,0.0083233407,0.0061061275,0.0043074936,0.0025788555,0.001090127,8.7703113e-05,-0.00064888765,-0.00099344901,0,0,0,0,-0.0011266163,-0.00098423357,-0.00082866102,-0.0006947277,-0.00056157052,-0.0004302559,-0.0003035824,-0.00019637862,-9.7488723e-05,-4.7546091e-06,7.0088645e-05,0.00013215894,0.00018644285,0.00022535535,0.00024940132,0.00026667028,0.00027011381,0.00025674672,0.00023866861,0.00021285929,0.0001827658,0.000149028,0.00011581052,8.4747197e-05,5.0063136e-05,2.0835712e-05,-5.0662638e-06,-3.303335e-05,-5.2117968e-05,-6.1601764e-05,-6.1968312e-05,0,0,0,4.6540219e-05,9.2631628e-05,0.00013161231,0.00016304289,0.0001876509,0.00018465289,0.00016395308,0.00013120606,7.2577081e-05,2.4219109e-05,-3.2876978e-05,-8.824667e-05,-0.00011994391,-0.00014602138,-0.00016240739,-0.00016787156,-0.0001643986,-0.00014948753,-0.00012556744,-9.5406373e-05,-5.9335449e-05,-2.4960329e-05,1.2063684e-05,4.9972423e-05,8.5599051e-05,0.00012395432,0.00017214828,0.00023890028,0.00030728464,0.00039143878,0.00050129025,0,0,0
1.78182,-0.00059615501,-0.00067156303,-0.0007530881,-0.00084818952,-0.00094362744,-0.0010404105,-0.0011525401,-0.001262445,-0.0013703512,-0.0014969771,-0.0016233613,-0.0017640264,-0.0019458329,-0.0021589599,0,0,0,-0.0039377152,-0.0048732376,-0.0058983727,-0.0073714037,-0.0095039885,-0.011635855,-0.014731683,-0.01935957,-0.023557495,-0.029270992,-0.037136488,-0.043618195,-0.05086872,-0.056906272,-0.056844868,-0.053622365,-0.045091063,-0.031818654,-0.018942593,-0.0071141212,0.0028398596,0.0090950783,0.0089145498,0.0075725405,0.0051583806,0.0029663278,0.0013044397,0.00016896031,-0.00061235903,-0.0012874005,-0.0015519852,0,0,0,0,-0.0012009604,-0.0010635563,-0.00088020205,-0.00071560335,-0.00058615103,-0.00044525153,-0.00031166594,-0.00020809553,-0.0001074992,-1.4048434e-05,6.2960738e-05,0.00012413805,0.00017854282,0.00021889205,0.00023658124,0.00024950725,0.00025383913,0.00024333065,0.00022765037,0.00020723385,0.00018107738,0.00014973481,0.00011828463,8.8480658e-05,5.22841e-05,1.9871919e-05,-6.2821273e-06,-3.3659468e-05,-5.7070389e-05,-6.8566937e-05,-6.9337206e-05,0,0,0,3.237059e-05,7.2987597e-05,0.00011104172,0.00014297749,0.00016573339,0.00015891588,0.00012622093,8.9096327e-05,2.6366772e-05,-3.4151915e-05,-8.6940578e-05,-0.00014120762,-0.00017886111,-0.00020101167,-0.00021025949,-0.00020380638,-0.00019189653,-0.000168534,-0.00014075171,-0.00011009484,-7.1494986e-05,-3.2878106e-05,3.5978055e-06,4.2749394e-05,8.175605e-05,0.00012391398,0.00017124918,0.00023711301,0.00031413755,0.00039240034,0.0005013374,0,0,0
1.82595,-0.00051525648,-0.00058388058,-0.00065113284,-0.00073238806,-0.00081951584,-0.0008975456,-0.0009919696,-0.0010928871,-0.0011833411,-0.0013038825,-0.0014460242,-0.0015909311,-0.0017794261,-0.0020091201,0,0,0,-0.0036982051,-0.0046179476,-0.0057230294,-0.0069457279,-0.0089891264,-0.011268823,-0.013701613,-0.018020395,-0.022745781,-0.027027452,-0.033628546,-0.039868519,-0.043135457,-0.047517583,-0.047954395,-0.045147125,-0.036934607,-0.024336133,-0.012386477,-0.0030993987,0.0039416454,0.008528037,0.0077802408,0.0058976929,0.0040733465,0.0019781135,0.00021584169,-0.00085456052,-0.0013054635,-0.0018384361,-0.0020431967,0,0,0,0,-0.0013086984,-0.0011538733,-0.00094334071,-0.00073937542,-0.00061187573,-0.00046860069,-0.00032864494,-0.00021953302,-0.00011869689,-2.3500543e-05,5.5419572e-05,0.00011121933,0.00015929018,0.00020027831,0.00021877687,0.00023046316,0.00023810759,0.00023128249,0.00021618299,0.000198428,0.00017581033,0.00014497501,0.00011495058,8.6251508e-05,5.2337382e-05,1.809145e-05,-9.2389055e-06,-3.4982266e-05,-6.1599698e-05,-7.5388933e-05,-7.7338627e-05,0,0,0,2.0880598e-05,6.1665698e-05,9.2975424e-05,0.00011899455,0.00013484844,0.00011968533,7.8148914e-05,3.3235818e-05,-2.8475679e-05,-0.00010359162,-0.00015856695,-0.00020489798,-0.00023264872,-0.00024344958,-0.00024578004,-0.00023164036,-0.00021827873,-0.00019478344,-0.00015955989,-0.00012751129,-8.7307817e-05,-3.996423e-05,-2.8945497e-06,3.527457e-05,7.4245196e-05,0.00011904484,0.00016967789,0.00022185431,0.00030594878,0.000393664,0.00047815643,0,0,0
