"",-3.9640599999999999,-3.8979599999999999,-3.8318599999999998,-3.7657699999999998,-3.6996699999999998,-3.6335700000000002,-3.5674700000000001,-3.5013800000000002,-3.4352800000000001,-3.3691800000000001,-3.3030900000000001,-3.23699,-3.17089,-3.1047899999999999,-3.0387,-2.9725999999999999,-2.9064999999999999,-2.8404099999999999,-2.7743099999999998,-2.7082099999999998,-2.6421100000000002,-2.5760200000000002,-2.5099200000000002,-2.4438200000000001,-2.3777300000000001,-2.3116300000000001,-2.24553,-2.17943,-2.11334,-2.0472399999999999,-1.9811399999999999,-1.9150499999999999,-1.8489500000000001,-1.78285,-1.71675,-1.65066,-1.58456,-1.5184599999999999,-1.4523699999999999,-1.3862699999999999,-1.3201700000000001,-1.2540800000000001,-1.18798,-1.12188,-1.0557799999999999,-0.98968999999999996,-0.92359000000000002,-0.85748999999999997,-0.79139999999999999,-0.72529999999999994,-0.65920000000000001,-0.59309999999999996,-0.52700999999999998,-0.46090999999999999,-0.39480999999999999,-0.32872000000000001,-0.26262000000000002,-0.19652,-0.13042000000000001,-0.064329999999999998,0.0017700000000000001,0.06787,0.13396,0.20005999999999999,0.26616000000000001,0.33226,0.39834999999999998,0.46444999999999997,0.53054999999999997,0.59663999999999995,0.66274,0.72884000000000004,0.79493000000000003,0.86102999999999996,0.92713000000000001,0.99322999999999995,1.05932,1.1254200000000001,1.1915199999999999,1.2576099999999999,1.3237099999999999,1.38981,1.45591,1.522,1.5881000000000001,1.6541999999999999,1.7202900000000001,1.7863899999999999,1.85249,1.91859,1.98468,2.05078,2.1168800000000001,2.1829700000000001,2.2490700000000001,2.3151700000000002,2.3812700000000002,2.4473600000000002,2.5134599999999998,2.5795599999999999,2.6456499999999998,2.7117499999999999,2.7778499999999999,2.8439399999999999,2.91004,2.97614,3.0422400000000001,3.10833,3.1744300000000001,3.2405300000000001,3.3066200000000001,3.3727200000000002,3.4388200000000002,3.5049199999999998,3.5710099999999998,3.6371099999999998,3.7032099999999999,3.7692999999999999,3.8353999999999999,3.9015
-1.66086,-0.00071573845,-0.00078659662,-0.00084358902,-0.00089484855,-0.00093815167,-0.00095616857,-0.00095003803,-0.00091727718,-0.00084441667,-0.00071068981,-0.00052963942,-0.00030052965,-1.3076235e-05,0.00031882431,0,0,0,0.0021786545,0.0026368748,0.0029413726,0.0031930541,0.0034245509,0.00350786,0.0035763406,0.0035932856,0.0035272981,0.0033703456,0.0032014395,0.0030569485,0.0028999662,0.0027646145,0.0026963933,0.0026654005,0.0026720064,0.0027605742,0.0029171254,0.0031250641,0.0033755773,0.0036590868,0.0039987545,0.0042970907,0.0045580817,0.0048380792,0.0050683776,0.0052104411,0.0052557373,0.0052529247,0.00517652,0,0,0,0,0.0029730038,0.0025186711,0.0020170119,0.0016645597,0.0013526519,0.0010247461,0.00078672997,0.00059706392,0.00041451395,0.00029581221,0.00020985879,0.00013349089,8.4870029e-05,4.9705763e-05,2.0884356e-05,-7.4197305e-07,-1.7929888e-05,-3.203427e-05,-4.0143903e-05,-4.7388021e-05,-5.5285578e-05,-6.2385647e-05,-7.2277267e-05,-8.578453e-05,-0.00010098185,-0.00011861487,-0.00014045465,-0.00016363921,-0.00018406828,-0.00020819892,-0.00023221094,0,0,0,-0.00031900563,-0.00033342419,-0.0003475679,-0.00036157295,-0.0003656827,-0.00036602718,-0.00036493212,-0.00035912645,-0.00034785605,-0.0003364931,-0.00032536281,-0.00031033807,-0.00029414633,-0.00027791024,-0.00025864525,-0.00024018304,-0.00022092783,-0.00020131175,-0.00018703945,-0.00017670468,-0.00017009038,-0.0001680858,-0.0001701701,-0.00017342853,-0.00017688208,-0.00017823512,-0.00017543348,-0.00017365831,-0.00016646129,-0.0001532345,-0.00014431402,0,0,0
-1.6167199999999999,-0.00078377849,-0.0008592747,-0.000930604,-0.00099432678,-0.0010497016,-0.0010746319,-0.001060567,-0.0010223518,-0.00094319764,-0.00078799052,-0.00058706268,-0.00026940275,0.00013283617,0.00061292574,0,0,0,0.0027373852,0.0032314458,0.0036409863,0.0040203044,0.0043322621,0.0045099612,0.0044800793,0.0043957653,0.0042596464,0.004010343,0.0037570959,0.0035104435,0.0032942172,0.0030904808,0.0029198974,0.0028536818,0.0028321489,0.0028711352,0.0030098683,0.0032254374,0.0035117995,0.0038060506,0.0041947374,0.0046895389,0.005049102,0.0054187798,0.005943343,0.0062653669,0.0064489506,0.0064020506,0.0062784571,0,0,0,0,0.0034841134,0.0030379042,0.0025259906,0.0018897844,0.0015414887,0.0011843242,0.00084833824,0.00066870509,0.00048870593,0.00032953598,0.00024508487,0.00016862722,0.00010215177,6.4073713e-05,3.2483338e-05,6.9243833e-06,-9.8284218e-06,-2.4102092e-05,-3.4654513e-05,-4.1247611e-05,-4.8736583e-05,-5.6633842e-05,-6.553749e-05,-7.7805613e-05,-9.2852119e-05,-0.00010861291,-0.00012847365,-0.0001520657,-0.000171629,-0.00019372505,-0.00021932488,0,0,0,-0.00030522389,-0.00031774194,-0.00033060921,-0.0003421357,-0.0003438284,-0.00034014008,-0.00033605634,-0.00033090357,-0.00032258613,-0.00031246556,-0.00030256508,-0.00029263512,-0.00027712274,-0.0002589451,-0.0002400636,-0.00021829961,-0.00019791661,-0.00017909166,-0.00016576744,-0.00015634928,-0.00015079479,-0.00014898951,-0.00014915009,-0.00015282365,-0.00015463136,-0.00015524591,-0.00015666091,-0.00015315358,-0.00014604282,-0.00014032699,-0.00013436019,0,0,0
-1.5725800000000001,-0.00086537842,-0.00095808232,-0.0010366195,-0.0011023748,-0.0011589751,-0.0011931185,-0.0011730886,-0.0011248827,-0.0010286849,-0.00081859389,-0.00052846735,-0.00015469035,0.00031267712,0.00086089456,0,0,0,0.0035937275,0.0042891079,0.0048335358,0.0052376417,0.0054752054,0.0056004142,0.0055160145,0.0053227572,0.0051356666,0.0048092688,0.0044567864,0.0040968908,0.0037500528,0.00347307,0.003237189,0.0030744539,0.0030189038,0.0030142828,0.0030923933,0.0032950987,0.0035944874,0.0039553815,0.0043723094,0.0049730185,0.0055621769,0.0059871171,0.0066052638,0.0070398278,0.0071909679,0.0072555635,0.0071362811,0,0,0,0,0.0042296126,0.0033409938,0.0027789786,0.0021878798,0.001662093,0.0013182976,0.00099171547,0.00073060428,0.00055112736,0.00038870232,0.000266863,0.00019088775,0.00012487045,7.5818141e-05,4.3853957e-05,1.7499726e-05,-2.5946429e-06,-1.6369284e-05,-2.7114766e-05,-3.5325604e-05,-4.2314656e-05,-5.026393e-05,-5.8888982e-05,-7.0129594e-05,-8.46701e-05,-9.9532437e-05,-0.00011742162,-0.00013927052,-0.00016029678,-0.00018077772,-0.00020488423,0,0,0,-0.00028985523,-0.00029958948,-0.00030649063,-0.00031225564,-0.00031379866,-0.00030986889,-0.00030571179,-0.00030174691,-0.00029554049,-0.00028822006,-0.0002783752,-0.0002687067,-0.00025511152,-0.00023635296,-0.00021683809,-0.00019698744,-0.00017631619,-0.00015731933,-0.0001414211,-0.00012885816,-0.00012148987,-0.0001191203,-0.00012140247,-0.00012739227,-0.00013340145,-0.00013370789,-0.0001358567,-0.00013573101,-0.00013099679,-0.0001309136,-0.00013793563,0,0,0
-1.5284500000000001,-0.00094912719,-0.0010483904,-0.0011363102,-0.0012038527,-0.0012678002,-0.0013185907,-0.0012925228,-0.001220359,-0.0010986766,-0.00086510717,-0.00052258652,-9.3353447e-05,0.00043300306,0.0011805668,0,0,0,0.0047467514,0.0055266833,0.0060951426,0.0064951372,0.0067392155,0.0069866618,0.0069039008,0.0066658352,0.0063172774,0.0058270982,0.0053067734,0.0048116436,0.0043278933,0.0039221533,0.0035929801,0.0033213994,0.0031782663,0.0031437683,0.0031885626,0.0033688908,0.0036825705,0.0040876451,0.0045151939,0.0051619532,0.0058210893,0.0063159191,0.0070109861,0.0076405965,0.0079677273,0.0081558367,0.0081892181,0,0,0,0,0.0046512149,0.0036918013,0.0029848327,0.0024436286,0.0018635454,0.0014162023,0.0010902159,0.00078879291,0.00057983655,0.00042659714,0.0002940243,0.00020823345,0.00014423156,9.0806381e-05,5.3941898e-05,2.7116286e-05,4.9281589e-06,-9.5688847e-06,-1.9899062e-05,-2.886013e-05,-3.604556e-05,-4.3815133e-05,-5.2331845e-05,-6.2630075e-05,-7.5936332e-05,-9.0306668e-05,-0.00010671739,-0.00012683167,-0.00014853677,-0.00016810615,-0.00019054941,0,0,0,-0.00026585927,-0.00027562515,-0.00028004978,-0.00028316968,-0.000284448,-0.00028017728,-0.00027452418,-0.00026936989,-0.00026434616,-0.000259989,-0.00025259895,-0.00024388554,-0.00023400909,-0.00021661056,-0.00019600937,-0.00017353611,-0.00014668037,-0.0001201495,-0.00010012871,-9.0305373e-05,-8.6135376e-05,-8.6653949e-05,-9.1709997e-05,-9.9881545e-05,-0.00010935012,-0.0001115311,-0.00011396705,-0.00011900183,-0.0001180971,-0.00011935181,-0.00013018015,0,0,0
-1.48431,-0.0010234419,-0.0011362548,-0.0012453177,-0.0013236708,-0.0013918146,-0.0014439027,-0.0014221376,-0.0013336892,-0.0011886321,-0.00094311545,-0.00046963245,0.00014748285,0.00091461232,0.0018064179,0,0,0,0.0058401418,0.0068880999,0.007805286,0.0083664469,0.0088129332,0.0089224912,0.0086543243,0.0082548074,0.0077134189,0.0070554796,0.0063181762,0.005662241,0.0050263768,0.004405424,0.003980861,0.0036308409,0.0033726282,0.0033001716,0.0033157808,0.0034331558,0.003725593,0.0041008755,0.0045538694,0.0052515911,0.005979673,0.0066826935,0.0074304147,0.0082755657,0.008572489,0.0085699931,0.0086312387,0,0,0,0,0.0049796188,0.0041542267,0.003087136,0.0025590179,0.0020200866,0.0014286065,0.001129312,0.00085384503,0.00059127586,0.00044842961,0.00032488539,0.00021857007,0.00015611085,0.00010346598,6.0092963e-05,3.4414545e-05,1.3134799e-05,-4.1815474e-06,-1.3680814e-05,-2.1916225e-05,-3.0055679e-05,-3.7442231e-05,-4.5572357e-05,-5.5235985e-05,-6.7383051e-05,-8.1151127e-05,-9.6424032e-05,-0.00011491271,-0.00013608878,-0.00015531614,-0.00017546049,0,0,0,-0.00024382479,-0.00025380356,-0.00025606921,-0.00025380886,-0.00025022833,-0.00024407095,-0.00023868552,-0.00023448278,-0.00023162387,-0.00022965613,-0.00022778909,-0.00022060955,-0.00021337508,-0.00019967111,-0.00017278512,-0.00014325076,-0.00011086318,-8.1003047e-05,-5.8485712e-05,-4.7812886e-05,-4.5080054e-05,-4.3324264e-05,-5.2105024e-05,-6.2510997e-05,-7.6050477e-05,-8.7640976e-05,-9.1380229e-05,-9.7599856e-05,-0.00010375594,-0.00010602589,-0.00012074539,0,0,0
-1.44017,-0.0011157583,-0.0012306721,-0.0013551292,-0.0014379845,-0.001508061,-0.0015617779,-0.0015456456,-0.001434538,-0.0012134369,-0.00086648064,-0.00031678611,0.0004129447,0.0013010721,0.002328279,0,0,0,0.0077826073,0.009080586,0.010241513,0.010660717,0.01096594,0.011085203,0.010662529,0.01013105,0.0094646821,0.0086280508,0.0076361792,0.0066836905,0.0058687376,0.0050947713,0.0044470234,0.004007508,0.0036421632,0.0034292294,0.0033854558,0.0034431426,0.0037373418,0.0041161999,0.0045689056,0.0053547393,0.0061468491,0.0067709265,0.0074491366,0.0082471641,0.0086351186,0.0086347805,0.0088716913,0,0,0,0,0.0049873497,0.0042478396,0.0033351781,0.0025391988,0.0020672143,0.0015515914,0.0011287057,0.00087983522,0.00064457912,0.0004517354,0.00033739224,0.00023986051,0.00016162782,0.00011185324,7.0319787e-05,3.9649472e-05,1.9914409e-05,3.6831843e-06,-7.9236725e-06,-1.54628e-05,-2.3254899e-05,-3.1088981e-05,-3.8914281e-05,-4.81061e-05,-5.9162216e-05,-7.2159986e-05,-8.6249653e-05,-0.00010315738,-0.00012348976,-0.00014180534,-0.00016129157,0,0,0,-0.00022045578,-0.00022542736,-0.00022241671,-0.00021814485,-0.00021298247,-0.00020663331,-0.00020222247,-0.0001992139,-0.00019862331,-0.000201502,-0.00020614563,-0.00020827579,-0.000199478,-0.00018369438,-0.00015618009,-0.00011992299,-8.1317914e-05,-3.4683442e-05,8.0807513e-06,2.6800495e-05,3.1585179e-05,2.221272e-05,1.2823511e-06,-2.0072774e-05,-3.8903134e-05,-5.6900346e-05,-6.797348e-05,-7.5814474e-05,-8.6421875e-05,-9.3058014e-05,-0.00011013361,0,0,0
-1.3960399999999999,-0.0011965757,-0.0013164137,-0.0014448966,-0.0015495465,-0.0016317026,-0.001686766,-0.0016644985,-0.0015217573,-0.0012632939,-0.00086875306,-0.0002436107,0.00056919642,0.0017795577,0.0032382747,0,0,0,0.0099666519,0.011304477,0.012609151,0.013196038,0.01368207,0.013905928,0.013535849,0.012649217,0.011635697,0.010530543,0.0092402231,0.0079736048,0.0068690353,0.0058858949,0.004996758,0.0043476056,0.0038959293,0.0035944362,0.0034751045,0.0034904247,0.0037594165,0.0041250102,0.0045072595,0.0051672147,0.0059751393,0.0066116629,0.0071921288,0.0082026171,0.0087212045,0.0087931165,0.0088948328,0,0,0,0,0.0050088502,0.0041513443,0.0033874142,0.0025727623,0.0020256711,0.0015890875,0.0011491824,0.00086581486,0.00066155923,0.00046054018,0.00033434108,0.00024672053,0.0001684962,0.00011605778,7.7590019e-05,4.5816749e-05,2.5316025e-05,1.0492975e-05,-1.7057191e-06,-9.6147014e-06,-1.6778285e-05,-2.4553803e-05,-3.2142336e-05,-4.0604209e-05,-5.0626288e-05,-6.2939733e-05,-7.6125441e-05,-9.188398e-05,-0.00011067624,-0.00012882786,-0.00014699716,0,0,0,-0.00019245219,-0.00019527637,-0.00019020271,-0.00018395705,-0.00017724032,-0.00016903387,-0.00016438168,-0.00016364912,-0.00016700861,-0.00017490317,-0.00018412709,-0.00019405172,-0.00018886353,-0.00017161098,-0.00013864579,-8.3648352e-05,-2.0069769e-05,5.1461509e-05,0.00010863932,0.00012011232,0.00012059072,0.00010203591,6.892973e-05,3.3381046e-05,5.3086696e-06,-1.9573359e-05,-4.01445e-05,-5.2440824e-05,-6.5017346e-05,-7.5446704e-05,-9.3675742e-05,0,0,0
-1.3519000000000001,0,0,0,0,0,0,0,0,0,0,0,0,0,0,0,0,0,0,0,0,0,0,0,0,0,0,0,0,0,0,0,0,0,0,0,0,0,0,0,0,0,0,0,0,0,0,0,0,0,0,0,0,0,0,0,0,0,0,0,0,0,0,0,0,0,0,0,0,0,0,0,0,0,0,0,0,0,0,0,0,0,0,0,0,0,0,0,0,0,0,0,0,0,0,0,0,0,0,0,0,0,0,0,0,0,0,0,0,0,0,0,0,0,0,0,0,0,0,0,0
-1.30776,-0.0013502827,-0.001500625,-0.0016535633,-0.0017876454,-0.001879066,-0.0019326417,-0.0019193771,-0.0016592727,-0.0012392423,-0.00062095933,0.00036300486,0.0016685762,0.0032732859,0.0051816246,0,0,0,0.016382501,0.01875536,0.020439692,0.021571938,0.021812856,0.021288335,0.020774668,0.019305961,0.017442262,0.015458312,0.013358945,0.011373311,0.0094834734,0.0078231152,0.0065563191,0.0053913486,0.0044863634,0.0039913119,0.003648679,0.0034735154,0.0035608555,0.0038661244,0.0042518517,0.0046323724,0.0054596774,0.006144559,0.0065213679,0.0072568934,0.0078335889,0.0079156915,0.0077736583,0,0,0,0,0.0047313236,0.0038643847,0.0030154202,0.0024521705,0.0018842285,0.001409231,0.0010965626,0.00081711466,0.00059911818,0.00045638921,0.00032772723,0.0002329062,0.00017394866,0.00011998801,7.9992569e-05,5.4902448e-05,3.4664248e-05,2.0202289e-05,1.1148341e-05,3.0051997e-06,-4.2411084e-06,-1.0774449e-05,-1.8161663e-05,-2.5750422e-05,-3.4161225e-05,-4.4210436e-05,-5.5050456e-05,-6.8436762e-05,-8.3817766e-05,-9.9675832e-05,-0.00011351817,0,0,0,-0.00013914861,-0.00013428956,-0.00012481045,-0.00011247714,-0.00010055052,-9.1115638e-05,-8.6639302e-05,-8.8047847e-05,-0.00010040551,-0.00012245015,-0.00014840046,-0.00017253539,-0.00018591792,-0.00016200909,-0.00010340173,-1.8984516e-05,9.7952347e-05,0.00022939674,0.00036371473,0.00043186202,0.00041794119,0.00038313886,0.000321728,0.00022826531,0.00013976506,7.3125135e-05,3.6849233e-05,5.4691045e-06,-1.7973653e-05,-3.4390978e-05,-5.1422016e-05,0,0,0
-1.26362,-0.0014191393,-0.0015694071,-0.0017433868,-0.0019059285,-0.001992536,-0.0020272892,-0.0019923842,-0.0017181875,-0.0012212791,-0.00053023081,0.00050461292,0.002289705,0.0045396881,0.0072927009,0,0,0,0.020308737,0.022957982,0.025155671,0.027153837,0.027705915,0.027222257,0.025948513,0.023837902,0.021357251,0.018762257,0.01610004,0.013550247,0.011195739,0.0090252534,0.0073399236,0.0060061226,0.0048767962,0.0041796989,0.0037730774,0.003510928,0.0034601528,0.0036753884,0.0039661103,0.0042528557,0.0049292753,0.0056031914,0.0060331505,0.0065712892,0.0071671358,0.0072686393,0.0070276204,0,0,0,0,0.0042011891,0.0035140617,0.0027281814,0.0021847093,0.0017641366,0.0013405572,0.001017341,0.0007788717,0.00056502479,0.00041902397,0.00030872592,0.00021885618,0.00016491111,0.00011990887,8.2473038e-05,5.7433113e-05,3.9516675e-05,2.5126665e-05,1.6142767e-05,9.1867041e-06,2.1080668e-06,-3.9060251e-06,-1.0305506e-05,-1.7161328e-05,-2.4960893e-05,-3.4446908e-05,-4.4559536e-05,-5.6688594e-05,-7.1132396e-05,-8.6031578e-05,-9.6956574e-05,0,0,0,-0.00011149111,-0.00010411235,-9.3033377e-05,-7.9255857e-05,-6.41406e-05,-5.1570554e-05,-4.7922964e-05,-5.0338887e-05,-6.7239889e-05,-9.6813077e-05,-0.00013114692,-0.00016291143,-0.00018511312,-0.00015494545,-6.7540605e-05,6.4321706e-05,0.00022586808,0.00038188006,0.00053152244,0.00064735988,0.0006291602,0.00057311321,0.00049508695,0.00036596123,0.0002439792,0.00013555516,8.0041267e-05,4.2907253e-05,1.0094547e-05,-1.1098658e-05,-2.9070652e-05,0,0,0
-1.21949,-0.0014977517,-0.0016543509,-0.0018395814,-0.0020256927,-0.002108193,-0.0021334994,-0.0020808156,-0.0018042037,-0.0011078999,-0.0001081177,0.0012601949,0.0033638775,0.0059787435,0.0091254022,0,0,0,0.026221842,0.030100306,0.033643145,0.035387792,0.035031632,0.034155544,0.032057986,0.029202024,0.025971677,0.022620834,0.019239884,0.015850285,0.013065491,0.010531624,0.0082964329,0.0067478949,0.0054478506,0.0043784804,0.0038409829,0.0034713,0.0032526646,0.0034184265,0.0036531233,0.003940152,0.0044633234,0.0050704349,0.0054833489,0.0057606888,0.0062722736,0.0063703489,0.0061605172,0,0,0,0,0.0035723886,0.0031024651,0.0025573357,0.0019219961,0.0015720713,0.0012299737,0.00087659963,0.00067831669,0.00051393459,0.00037141581,0.00028637634,0.00021418041,0.00015412811,0.00011538086,8.2576473e-05,5.6185767e-05,4.1037241e-05,2.9811466e-05,2.1030795e-05,1.5893991e-05,9.7699376e-06,3.3341057e-06,-2.455854e-06,-8.9284367e-06,-1.5902493e-05,-2.4826324e-05,-3.4371697e-05,-4.4027518e-05,-5.6482448e-05,-6.9717775e-05,-7.9697726e-05,0,0,0,-8.7102926e-05,-7.5880591e-05,-6.1581668e-05,-4.4947701e-05,-2.817496e-05,-1.1976314e-05,-8.2864572e-06,-1.3038414e-05,-2.6502486e-05,-6.375293e-05,-0.00010643623,-0.00014519668,-0.0001616675,-0.00011867771,-2.5467045e-05,0.00013040667,0.00032009225,0.00053074991,0.00070860778,0.00087209442,0.00089923595,0.00081669551,0.00070655782,0.00053600245,0.00037767773,0.0002368643,0.00012858216,8.2905812e-05,4.3134176e-05,1.1973258e-05,-5.9175072e-06,0,0,0
-1.1753499999999999,-0.0015656175,-0.001735051,-0.0019118219,-0.0021114659,-0.0022013474,-0.0021734827,-0.0020164256,-0.0016342851,-0.00086317724,0.00030567683,0.0018295469,0.0040813042,0.0070258835,0.01132304,0,0,0,0.03483827,0.038550884,0.041886896,0.044324331,0.043373216,0.042333841,0.04006958,0.036260623,0.03172686,0.02719613,0.023010293,0.01893658,0.015281399,0.012320077,0.0096055772,0.0074066934,0.0058829682,0.0046583032,0.0038584806,0.0034367959,0.0031565255,0.0031942124,0.003368377,0.0035457045,0.0039036218,0.0043670638,0.0046929638,0.0048584007,0.0053203013,0.0054004658,0.0051683388,0,0,0,0,0.0032044663,0.0025980691,0.0021670272,0.0016817641,0.0012621135,0.0010312252,0.00079950003,0.00059422851,0.00046838477,0.00035531205,0.00025378764,0.00019303864,0.00014355165,0.00010350814,7.8869292e-05,5.8787857e-05,4.4275297e-05,3.5228946e-05,2.7718035e-05,2.2067394e-05,1.6743428e-05,1.0871529e-05,4.9966729e-06,-4.1845487e-07,-6.4564229e-06,-1.3696139e-05,-2.2961944e-05,-3.1950425e-05,-4.2539687e-05,-5.4496952e-05,-6.3928244e-05,0,0,0,-6.1530736e-05,-4.8203037e-05,-3.2014053e-05,-1.3920988e-05,4.488058e-06,2.2413369e-05,3.1617557e-05,2.3958433e-05,5.6307617e-06,-3.073379e-05,-7.8766563e-05,-0.00012136079,-0.00014596878,-0.00010240618,3.1690579e-06,0.00019892253,0.00045303197,0.00072426745,0.0009744711,0.0011529066,0.0011746292,0.0011127794,0.00096924056,0.00076352432,0.00052891049,0.00034569605,0.0001988142,0.00011713212,7.4657408e-05,3.9962353e-05,1.7655868e-05,0,0,0
-1.13121,-0.001607354,-0.0017939156,-0.0019683898,-0.0021409118,-0.0022231427,-0.0021610227,-0.0019652455,-0.0015627702,-0.00071428996,0.00055091688,0.0026999814,0.0057908064,0.01000431,0.015337763,0,0,0,0.04277461,0.047945764,0.05316687,0.057198141,0.057231724,0.054109842,0.050086595,0.044975139,0.038898084,0.032900315,0.02740114,0.022348786,0.017681433,0.013902866,0.010867801,0.0082723172,0.0063765952,0.0049943677,0.0040140403,0.0033995379,0.0030341088,0.0029145607,0.0029859527,0.003096699,0.0032982901,0.0037095989,0.0039506201,0.0040498981,0.0043773623,0.0044784471,0.0043140803,0,0,0,0,0.0025375986,0.0020077252,0.0016906434,0.001406286,0.0010962507,0.00087342376,0.00069510541,0.00050873333,0.00038496905,0.00029766286,0.00021413436,0.00016583699,0.00013191547,0.00010080342,7.7078766e-05,6.0108749e-05,4.6803398e-05,3.8504659e-05,3.2635384e-05,2.8054303e-05,2.4004597e-05,1.9369145e-05,1.4241064e-05,9.0156791e-06,3.3271499e-06,-3.0778974e-06,-1.1520853e-05,-2.0285057e-05,-2.9382736e-05,-3.9097722e-05,-4.6807716e-05,0,0,0,-3.8899077e-05,-2.4079178e-05,-5.7683501e-06,1.4505385e-05,3.5344601e-05,5.5091434e-05,6.9937392e-05,6.2402643e-05,4.0043946e-05,4.79343e-06,-4.730928e-05,-9.5506854e-05,-0.00010907017,-4.3214644e-05,0.00011715842,0.00035035273,0.0006329699,0.000920608,0.0012351939,0.0014502506,0.0014787826,0.0014038612,0.0012249654,0.00097780419,0.00067847921,0.00045742566,0.00028662512,0.00016390851,0.00010703437,6.8909139e-05,4.0982093e-05,0,0,0
-1.08708,-0.0016399908,-0.0018364701,-0.002013529,-0.0021692726,-0.002263237,-0.0021763546,-0.0019105421,-0.0013046479,-7.6544937e-05,0.0016352478,0.0041582445,0.0076869568,0.012352748,0.018419215,0,0,0,0.056509394,0.065503865,0.069966048,0.072851405,0.073346242,0.068190962,0.062024668,0.055385213,0.047437623,0.039528254,0.031991627,0.026004622,0.020629192,0.015798733,0.012334028,0.0094585828,0.0068899118,0.0052820784,0.0041372702,0.0032784217,0.0028624004,0.0026509776,0.0026350387,0.0026885704,0.0027401096,0.0030900422,0.0032607105,0.0033074459,0.0034935577,0.0035598618,0.0033952529,0,0,0,0,0.0019841476,0.0016905332,0.0013365843,0.0011124955,0.00087716023,0.00064885401,0.00051605457,0.00039565636,0.00030117171,0.0002502916,0.00019590075,0.00014509168,0.00011731267,9.3606395e-05,7.0630995e-05,5.7094432e-05,4.8594906e-05,4.2443247e-05,3.9110411e-05,3.5875943e-05,3.1928568e-05,2.7792834e-05,2.3181135e-05,1.8125997e-05,1.2833523e-05,7.2318362e-06,7.3422052e-07,-7.28542e-06,-1.5361726e-05,-2.3766032e-05,-3.0877818e-05,0,0,0,-1.7405011e-05,-1.8306255e-06,1.9492083e-05,4.203479e-05,6.4141452e-05,8.5217078e-05,0.00010302907,0.00010455228,7.92551e-05,4.3433334e-05,4.2568718e-06,-2.5025671e-05,-2.5019297e-05,2.8177068e-05,0.00020740063,0.00046412513,0.00079917104,0.0011120255,0.0014356374,0.0017442616,0.0017655918,0.0016516877,0.0014965439,0.0012398638,0.00089164113,0.00058445643,0.00038097898,0.0002303365,0.00013089419,9.1795693e-05,6.304984e-05,0,0,0
-1.04294,-0.0016763164,-0.0018613817,-0.0020464244,-0.0021618472,-0.0021704081,-0.0019161218,-0.0014678827,-0.00078510703,0.00055808574,0.0025075199,0.0051214257,0.0089734439,0.015382215,0.023891956,0,0,0,0.071654081,0.081752464,0.088296033,0.090221815,0.091936111,0.087019786,0.078165814,0.068323001,0.057774309,0.047773734,0.038386565,0.030338323,0.02408802,0.018289996,0.013565373,0.010333046,0.0075883442,0.0054787244,0.004241474,0.003317886,0.0026904722,0.0024062856,0.0023229108,0.0022979155,0.0022875564,0.0024591121,0.0025881145,0.002565328,0.002569813,0.0025693849,0.0024560874,0,0,0,0,0.0014352836,0.0012071775,0.00094473013,0.00070596475,0.00059598801,0.00049075729,0.00039693562,0.0003225703,0.00025179324,0.00019699108,0.00015839847,0.00012033206,9.380767e-05,8.3114617e-05,6.9220419e-05,5.920191e-05,5.3205877e-05,4.8582242e-05,4.5203029e-05,4.2766253e-05,3.9816165e-05,3.5761539e-05,3.2389144e-05,2.8411181e-05,2.3919736e-05,1.8550843e-05,1.230841e-05,5.3604854e-06,-2.1491178e-06,-9.7927314e-06,-1.6523081e-05,0,0,0,2.8358181e-06,1.9568133e-05,4.0423271e-05,6.541839e-05,8.9001747e-05,0.0001109368,0.00012838536,0.00013067151,0.00011769391,8.5435015e-05,4.9348513e-05,2.7192014e-05,3.5966237e-05,8.7953478e-05,0.0002948413,0.00059858215,0.00097765331,0.001349772,0.001658554,0.0019684266,0.0021211479,0.0019655102,0.001778438,0.0014897521,0.0010774372,0.00070976542,0.00044257237,0.0002844496,0.00017317501,0.0001124447,8.3584338e-05,0,0,0
-0.99880000000000002,0,0,0,0,0,0,0,0,0,0,0,0,0,0,0,0,0,0,0,0,0,0,0,0,0,0,0,0,0,0,0,0,0,0,0,0,0,0,0,0,0,0,0,0,0,0,0,0,0,0,0,0,0,0,0,0,0,0,0,0,0,0,0,0,0,0,0,0,0,0,0,0,0,0,0,0,0,0,0,0,0,0,0,0,0,0,0,0,0,0,0,0,0,0,0,0,0,0,0,0,0,0,0,0,0,0,0,0,0,0,0,0,0,0,0,0,0,0,0,0
-0.95467000000000002,-0.0016428523,-0.0018076843,-0.0018728442,-0.0018921617,-0.0018244693,-0.0013969612,-0.000492975,0.00078783627,0.0026676394,0.0058885454,0.010212883,0.01574737,0.024507448,0.03563185,0,0,0,0.11946419,0.13868499,0.14759591,0.15373941,0.14924257,0.13712317,0.12215288,0.10380559,0.085216098,0.067491338,0.05315296,0.040590771,0.030436883,0.023299146,0.017253079,0.012151148,0.0089108478,0.0063173105,0.0042882389,0.0032538469,0.0024881312,0.0019329868,0.0017222347,0.0015828698,0.0014986069,0.0014701714,0.0014809583,0.0014338105,0.0013066344,0.0012747124,0.0011292822,0,0,0,0,0.00055351452,0.00046049175,0.0003788661,0.00028942575,0.00021079756,0.00015455103,0.00013233146,0.00012375916,0.00011311406,0.00010343115,9.6227959e-05,8.3322797e-05,7.3888645e-05,6.7901696e-05,6.2545172e-05,6.0212111e-05,5.9523449e-05,5.9854778e-05,5.9588812e-05,5.9112383e-05,5.8364487e-05,5.5828583e-05,5.2585474e-05,4.912338e-05,4.5638983e-05,4.1612791e-05,3.6001125e-05,2.9648214e-05,2.4164634e-05,1.8353872e-05,1.3233333e-05,0,0,0,3.4413919e-05,5.3757092e-05,7.4276839e-05,9.5953787e-05,0.00011851158,0.00014013924,0.00016173093,0.00017140951,0.00017324538,0.0001770957,0.00017143568,0.00019146208,0.00025122409,0.00036812254,0.00058860757,0.00092347013,0.0013034977,0.001715326,0.0020990521,0.0022978622,0.0024733194,0.002397872,0.0020932024,0.001777082,0.0013891361,0.00096617755,0.00061632984,0.00035363701,0.00023777489,0.00015813629,0.00011124935,0,0,0
-0.91052999999999995,-0.0016067689,-0.0017728218,-0.0017582115,-0.0015833129,-0.0012499108,-0.00060159678,0.00047056231,0.0019707074,0.0039956407,0.0073703183,0.012166343,0.019919451,0.031296521,0.04764219,0,0,0,0.14614005,0.17380965,0.18269859,0.19124018,0.19130892,0.1743847,0.15117033,0.12678879,0.10308944,0.081418402,0.06240106,0.047440737,0.035035551,0.025372837,0.018689664,0.013279274,0.0092586856,0.0066252099,0.0045205941,0.003120265,0.0023660155,0.00182845,0.0015181808,0.0013719846,0.0012445104,0.00113932,0.0010699371,0.00094646879,0.00077117799,0.00072521437,0.00068277237,0,0,0,0,0.00023466069,0.00015490514,6.8035559e-05,6.4314343e-05,7.158349e-05,7.4012059e-05,7.199336e-05,7.0042661e-05,6.5671971e-05,6.1617298e-05,6.1325431e-05,5.8289428e-05,6.0913655e-05,6.4181717e-05,6.6148379e-05,6.5674343e-05,6.6003086e-05,6.7060289e-05,6.7280707e-05,6.723687e-05,6.7127352e-05,6.6124587e-05,6.3885549e-05,6.1005703e-05,5.7388308e-05,5.329305e-05,4.8248847e-05,4.1926778e-05,3.629228e-05,3.1056512e-05,2.714477e-05,0,0,0,5.079672e-05,6.7182351e-05,8.8032968e-05,0.00010957581,0.00012795511,0.00014704533,0.00016840997,0.00018866654,0.00019788535,0.00021241064,0.00023000714,0.00026130912,0.00033646927,0.00048577521,0.00071633758,0.0010545426,0.0014422813,0.001829379,0.0021866097,0.0024726144,0.0026063239,0.0025469072,0.0022391058,0.0018489868,0.0014414797,0.0010023634,0.00066746754,0.000405044,0.00024612035,0.00017235859,0.00012586865,0,0,0
-0.86638999999999999,-0.0015087073,-0.0015516356,-0.0014527271,-0.0011767396,-0.00072486047,9.5446303e-06,0.0012302001,0.0030352101,0.0060871243,0.01088903,0.01768549,0.026851784,0.039399572,0.057516053,0,0,0,0.18085004,0.22141165,0.24149103,0.24440263,0.2408089,0.2216787,0.18880656,0.15580463,0.12383663,0.096143179,0.071700975,0.052807055,0.039050601,0.028053669,0.020123158,0.014375839,0.009938525,0.0068138698,0.0046865996,0.0031505553,0.0022521005,0.0017289536,0.0013703472,0.0011550181,0.0009920341,0.00083277677,0.00079181249,0.00073367706,0.00065777538,0.0005869887,0.00049259461,0,0,0,0,1.983461e-05,2.9732008e-05,2.6389956e-05,1.2483972e-05,4.2683678e-06,4.1627791e-06,5.0989911e-07,-9.9965837e-07,1.1333585e-05,2.8848455e-05,4.3278273e-05,5.4003882e-05,5.9145281e-05,6.3722269e-05,6.8335423e-05,6.9360605e-05,7.0747752e-05,7.3880612e-05,7.638472e-05,7.7779179e-05,7.8477358e-05,7.7769837e-05,7.5549528e-05,7.2741794e-05,6.9051755e-05,6.4890424e-05,6.025851e-05,5.4462253e-05,4.8955844e-05,4.40351e-05,4.0450916e-05,0,0,0,6.4373642e-05,7.9163408e-05,9.6982825e-05,0.00011595746,0.00013108746,0.00014661085,0.00016802037,0.00019465579,0.00020889024,0.0002343806,0.00029427983,0.0003664036,0.00047963689,0.00064685929,0.00086464861,0.0011854558,0.0015956326,0.0019842708,0.002280728,0.0025266742,0.0025883159,0.0024597868,0.0021935599,0.001844491,0.0014777608,0.0010191571,0.00068673107,0.00044033816,0.00025811064,0.0001771856,0.0001340873,0,0,0
-0.82225999999999999,-0.0013995115,-0.0013881794,-0.0012430596,-0.00088609866,-0.00018357288,0.0010402984,0.0030445145,0.0057359338,0.0093642864,0.01472095,0.022035955,0.032170892,0.045665607,0.068152912,0,0,0,0.22750419,0.27186266,0.305058,0.30498755,0.29580742,0.27632335,0.23140877,0.18623579,0.1435623,0.11091911,0.083130285,0.059253816,0.04348455,0.031561553,0.02142559,0.015090834,0.010494748,0.0068180216,0.0046849218,0.0031720155,0.0020726568,0.00155785,0.0012330654,0.001032426,0.00093442918,0.00085997256,0.00079255225,0.00070144213,0.00059340411,0.00046378438,0.0002993588,0,0,0,0,7.1522081e-05,3.6666985e-05,-3.942987e-07,-3.6820886e-05,-6.8640744e-05,-5.5002514e-05,-3.1784875e-05,-1.6912236e-05,2.1495507e-06,2.0907231e-05,3.3798126e-05,4.6002642e-05,5.4927012e-05,6.077237e-05,7.0505572e-05,7.6484648e-05,8.0507431e-05,8.4418185e-05,8.7459252e-05,8.8744797e-05,8.9341869e-05,8.9073466e-05,8.6891741e-05,8.4544248e-05,8.1386948e-05,7.7197656e-05,7.2408708e-05,6.6960682e-05,6.1200866e-05,5.6438159e-05,5.2049283e-05,0,0,0,7.6328746e-05,9.090286e-05,0.00010328635,0.0001206135,0.00013583861,0.00014236613,0.00016830594,0.00021391152,0.00025799018,0.00031202717,0.00038687367,0.00048446661,0.00060298666,0.00078004104,0.0010186469,0.0012990742,0.0016311667,0.0020056148,0.0022020699,0.0023761508,0.0025386536,0.0024250154,0.002127206,0.00182927,0.0014621222,0.0010281201,0.0006646972,0.00044360515,0.00027942299,0.00017207081,0.00013543793,0,0,0
-0.77812000000000003,-0.0013242464,-0.0011892624,-0.00083721441,-0.00010852178,0.00096462795,0.0024415995,0.0047684093,0.0078924019,0.01191,0.017668862,0.028323723,0.042466901,0.061471242,0.088895708,0,0,0,0.27138421,0.32119483,0.3637771,0.37513375,0.35770193,0.33045575,0.28133756,0.22489922,0.17221493,0.12848198,0.096130744,0.067786165,0.046326701,0.033566002,0.023150953,0.015399539,0.010769909,0.0071346536,0.0044902344,0.0030709254,0.0020971184,0.0014881243,0.0012459136,0.0010665103,0.00095005601,0.00087631069,0.00079325167,0.00068081554,0.00074943871,0.00083456957,0.0007788472,0,0,0,0,0.00015764148,6.582262e-05,3.9029284e-05,1.4037825e-05,-6.8234513e-06,-1.071376e-05,-1.2996665e-05,-1.0717515e-05,-2.3632165e-06,9.8641322e-06,2.4635639e-05,4.2780695e-05,5.696014e-05,6.9298898e-05,7.9042235e-05,8.5772364e-05,9.0682253e-05,9.4441988e-05,9.7638564e-05,9.96866e-05,0.00010106614,0.00010146944,0.00010001348,9.7247466e-05,9.3722374e-05,8.9579131e-05,8.4535917e-05,7.8880832e-05,7.3032323e-05,6.8680645e-05,6.5101107e-05,0,0,0,8.6269007e-05,0.0001015624,0.00011285897,0.00012729566,0.00015178147,0.00016793358,0.00019631322,0.00024836612,0.00030483396,0.00036848415,0.00045335051,0.00056700985,0.00072057126,0.00089537911,0.0011126228,0.0013689876,0.0016381226,0.0019593164,0.002213086,0.0023168703,0.0024147625,0.0023626285,0.0019924333,0.0016579004,0.001345299,0.00097750919,0.0006390913,0.0004057039,0.0002681769,0.00017477912,0.00013113974,0,0,0
-0.73397999999999997,-0.001081986,-0.00081917876,-0.00035974348,0.00051825284,0.001807285,0.0035227044,0.0062895226,0.011014838,0.017331161,0.025981173,0.038569123,0.054791823,0.075549737,0.10548494,0,0,0,0.32158971,0.38244307,0.43112025,0.44424409,0.43151635,0.39559096,0.33946663,0.26882616,0.20099103,0.14411569,0.10442574,0.074493542,0.050252404,0.03519072,0.024587924,0.016151179,0.010746595,0.0072438787,0.004547392,0.0029516125,0.0020752808,0.001471072,0.0011916474,0.0010482696,0.00096186466,0.0011120323,0.0012956088,0.0014963172,0.0016761991,0.0017702499,0.0015775524,0,0,0,0,0.00048795599,0.00035955315,0.00025105791,0.00017558096,0.00010645203,6.0500752e-05,2.7999806e-05,9.5624418e-06,1.1425203e-05,2.2319524e-05,3.6356243e-05,5.2462605e-05,6.5142936e-05,7.7158242e-05,8.7262677e-05,9.450096e-05,0.00010098268,0.00010646661,0.00011081337,0.00011339004,0.00011447589,0.0001143045,0.00011291244,0.0001099984,0.00010604877,0.00010164448,9.6595453e-05,9.0869093e-05,8.4838568e-05,8.0521859e-05,7.7292709e-05,0,0,0,9.6148171e-05,0.00011234106,0.0001265804,0.00014115575,0.00016663951,0.00018801371,0.00021440597,0.00026523846,0.00034163677,0.00045242233,0.00057460682,0.00071469985,0.00087293622,0.001033454,0.0012233201,0.0014745058,0.0017130375,0.0019369072,0.0021309836,0.0021367017,0.0021039071,0.0020792652,0.0017940141,0.0014663162,0.0011723503,0.00087117177,0.00058318395,0.00036856098,0.00025251886,0.00017596979,0.00012894606,0,0,0
-0.68984999999999996,-0.00092991994,-0.00058727339,-2.3567816e-05,0.0010996845,0.0030319667,0.0057730596,0.0096204877,0.015320393,0.022826465,0.032353789,0.046398472,0.064505644,0.092716217,0.13177395,0,0,0,0.37144211,0.44304451,0.49847877,0.5136624,0.50395775,0.45372319,0.38269177,0.30253097,0.22725567,0.16256583,0.11387213,0.081371292,0.055415895,0.036351852,0.025196508,0.016704664,0.010426665,0.0070209312,0.0044983197,0.0026686424,0.0018684901,0.0014111043,0.0012414961,0.0013093799,0.0015053439,0.0018249101,0.0021213652,0.0024262303,0.0027302925,0.0028738757,0.0028080989,0,0,0,0,0.0010475076,0.00081347185,0.00052669807,0.0003914152,0.00027541025,0.00017445342,0.00011778553,7.5970311e-05,5.0147792e-05,4.9719689e-05,5.3818047e-05,6.3342915e-05,7.4407784e-05,8.686597e-05,9.9484489e-05,0.00010868438,0.00011506738,0.00012072945,0.0001245678,0.00012666798,0.00012785764,0.00012711002,0.00012536462,0.00012262554,0.00011807972,0.00011310734,0.0001083745,0.00010250932,9.6419266e-05,9.1349139e-05,8.8319983e-05,0,0,0,0.00010657906,0.00011994975,0.00013569242,0.00015216933,0.00017101091,0.00021405509,0.00027940448,0.00037110716,0.00048774882,0.00059671659,0.00073582609,0.00086470746,0.0010130075,0.0012004795,0.0013313483,0.0014828196,0.0016688902,0.0017705027,0.0018950809,0.0019481385,0.0018590973,0.0017753451,0.0015850326,0.0012720069,0.0010073131,0.00076779682,0.00052642147,0.00034423009,0.00021729904,0.00015817347,0.00012209083,0,0,0
-0.64571000000000001,-0.00075973826,-0.00023682241,0.00070282607,0.0022005758,0.0044117053,0.0076900888,0.012105162,0.018311216,0.027070031,0.041653525,0.062444165,0.090029329,0.12384082,0.16576868,0,0,0,0.41814995,0.4897213,0.55181444,0.56221187,0.54692084,0.51031721,0.43373176,0.34320873,0.25813478,0.18322842,0.12645249,0.084695406,0.057756446,0.038099624,0.024809744,0.016603131,0.010383289,0.0063845548,0.0041855387,0.0026627111,0.0018081323,0.0015541549,0.0014920591,0.0016294171,0.0019797655,0.0024503756,0.0029791091,0.0038267695,0.0046791169,0.005301639,0.0053166673,0,0,0,0,0.001761778,0.0014072494,0.00099432329,0.00066405616,0.00050996593,0.00036474166,0.00024066062,0.00016947766,0.00011490093,8.6468572e-05,8.0832287e-05,8.3334235e-05,9.2545612e-05,0.00010296782,0.00011361789,0.0001236254,0.00012918199,0.00013408139,0.00013837419,0.00014059723,0.00014133047,0.00014047888,0.0001378516,0.00013454094,0.00013010981,0.00012447941,0.00011945973,0.00011359479,0.00010731581,0.00010216316,9.8675548e-05,0,0,0,0.0001148205,0.00012844015,0.00014759312,0.00018502399,0.0002399403,0.00030700254,0.00038260946,0.00048856047,0.00062361627,0.00072684308,0.00086616917,0.0010304308,0.0011485405,0.0012777143,0.0013959627,0.0014777679,0.0015955737,0.0016968867,0.0017402812,0.0017284437,0.0016355882,0.0014886182,0.0013087589,0.0010588942,0.00082402496,0.00062949175,0.00041343886,0.00027083105,0.00018046561,0.00013382587,0.00011291207,0,0,0
-0.60157000000000005,-0.00050488877,0.00014683069,0.0012059477,0.0029117195,0.005389458,0.009190876,0.015342137,0.024424648,0.03743314,0.05566198,0.080135092,0.11173543,0.14976504,0.19510612,0,0,0,0.46433258,0.53235894,0.59427273,0.61873019,0.59878671,0.56339526,0.48524541,0.37497741,0.2757273,0.19281885,0.13347989,0.088927932,0.058657013,0.038614452,0.0248535,0.015905567,0.010081936,0.0061782077,0.0038527038,0.0025463158,0.0017767092,0.0015487515,0.0016155862,0.0019016017,0.002874258,0.0040361714,0.0053216289,0.0065805661,0.0076054297,0.008318346,0.0084121693,0,0,0,0,0.0029306151,0.0021231433,0.0016274299,0.0010930966,0.000795951,0.00061410782,0.00041259028,0.0002791154,0.00019661948,0.00014029219,0.00011657656,0.00011104232,0.00011344382,0.00012026735,0.0001287545,0.0001388294,0.00014554111,0.00015044096,0.0001542854,0.00015583988,0.00015545588,0.00015388765,0.00015051517,0.00014656728,0.00014081443,0.00013422978,0.00012846658,0.00012297582,0.00011713158,0.00011198588,0.00010832544,0,0,0,0.0001230785,0.00014588625,0.00017245085,0.00021808787,0.0002907989,0.00038073625,0.00045864662,0.00058969483,0.00079200597,0.00093774649,0.0010727984,0.0012342423,0.0013330583,0.0014039162,0.0015066589,0.0015554974,0.0015662946,0.0015788028,0.0015314638,0.0014347107,0.0013359659,0.0011940007,0.0010255387,0.00079121807,0.00059196103,0.00045827474,0.00031718367,0.00022505864,0.00016536238,0.00012200683,0.00010193506,0,0,0
-0.55744000000000005,-0.00038599496,0.00037204864,0.0015906505,0.0037328927,0.0071633174,0.011927072,0.019258326,0.0299235,0.044152014,0.064968362,0.092640504,0.13703826,0.19080207,0.25076503,0,0,0,0.51246274,0.57826722,0.63607705,0.66394246,0.62803471,0.57251555,0.50246453,0.3939966,0.29145643,0.20127717,0.13809802,0.093132511,0.058549069,0.037839964,0.024816273,0.014927024,0.0093204649,0.0056827231,0.0031859009,0.0020800808,0.0016515865,0.0018115636,0.0023755543,0.0031265155,0.004533032,0.0061034639,0.0077044596,0.0094938111,0.010863353,0.012041651,0.012424422,0,0,0,0,0.0048199808,0.0030437084,0.0024369317,0.0016924038,0.0010851148,0.0008480713,0.00060786522,0.00039804506,0.00029286052,0.0002160084,0.00015913736,0.00014420792,0.00013917426,0.00014057994,0.00014836836,0.00015706073,0.00016406977,0.00016779342,0.00017033833,0.00017150918,0.00016970937,0.00016552593,0.00016000168,0.00015419674,0.00014822153,0.00014208634,0.00013631769,0.00013124739,0.0001260096,0.00012062175,0.00011699073,0,0,0,0.00012469865,0.00015244269,0.00018890982,0.00022657918,0.00033415327,0.0004979581,0.00064058066,0.00081002316,0.0010211258,0.0012183067,0.0013122358,0.0014369865,0.0015847394,0.0015521052,0.0015325592,0.0015303055,0.0014404251,0.0013783122,0.0013343014,0.0011973178,0.0010429723,0.00090422289,0.00077588949,0.00059214246,0.00045222428,0.00035589279,0.00025387265,0.0001666711,0.00012650726,0.00010095182,8.5715852e-05,0,0,0
-0.51329999999999998,0,0,0,0,0,0,0,0,0,0,0,0,0,0,0,0,0,0,0,0,0,0,0,0,0,0,0,0,0,0,0,0,0,0,0,0,0,0,0,0,0,0,0,0,0,0,0,0,0,0,0,0,0,0,0,0,0,0,0,0,0,0,0,0,0,0,0,0,0,0,0,0,0,0,0,0,0,0,0,0,0,0,0,0,0,0,0,0,0,0,0,0,0,0,0,0,0,0,0,0,0,0,0,0,0,0,0,0,0,0,0,0,0,0,0,0,0,0,0,0
-0.46916000000000002,-0.00018547616,0.00086454587,0.0025719064,0.0049608694,0.0090436283,0.015838802,0.025480729,0.040687688,0.065010816,0.098393701,0.14582455,0.20700537,0.27944827,0.36391526,0,0,0,0.61356878,0.64758301,0.67087072,0.67865878,0.66026795,0.59598631,0.50457406,0.40497684,0.30145663,0.20878762,0.13354489,0.088307805,0.056937024,0.033683509,0.020756781,0.012921419,0.0072056875,0.0040465887,0.0026857867,0.0020178927,0.0020844387,0.0027709252,0.0040333373,0.0062027485,0.0090046357,0.0128012,0.016427774,0.01926838,0.022439284,0.024228718,0.024173401,0,0,0,0,0.00874939,0.0064858235,0.0042705694,0.0028177286,0.0021061499,0.0014640217,0.0010525002,0.00076467515,0.00052116154,0.00037323136,0.00028557339,0.0002217587,0.00019678025,0.00019156293,0.00019098174,0.00019620033,0.00020171257,0.00020382386,0.00020267711,0.00019854189,0.00019288615,0.00018535255,0.00017655922,0.00016493608,0.00015591849,0.00014838947,0.00014235564,0.00013882742,0.00013549913,0.00013230898,0.00012955662,0,0,0,0.00013840158,0.00016208505,0.00023457682,0.00034325453,0.00048893382,0.00070893421,0.00096057809,0.001223041,0.0014698432,0.0017053576,0.0018373607,0.001858224,0.0018423109,0.0018090324,0.0016730797,0.0014838686,0.0013128875,0.0011230271,0.00094915868,0.00080807559,0.00063142274,0.00047543226,0.00034634024,0.00022165704,0.00014984122,0.0001139089,0.00010562123,8.5599109e-05,7.4718686e-05,7.3708448e-05,7.1637231e-05,0,0,0
-0.42502000000000001,-0.00017799903,0.00085525453,0.0027074227,0.0055248244,0.0098485667,0.017501455,0.028625838,0.043802619,0.070459962,0.10819897,0.16615352,0.24572203,0.33842993,0.44216245,0,0,0,0.67546445,0.69425535,0.69200635,0.67240155,0.63349456,0.57805634,0.48583239,0.38597286,0.29035595,0.2012828,0.12914038,0.082047336,0.053557876,0.032584861,0.018377269,0.01111173,0.0060694553,0.0027430994,0.0017813051,0.0018619942,0.0027971205,0.0044661164,0.0067260442,0.0094869025,0.012690742,0.017089756,0.021859907,0.025220208,0.029126201,0.032157082,0.031846955,0,0,0,0,0.010963794,0.0084275603,0.0059496439,0.0033346103,0.0024767194,0.0018344559,0.0012506819,0.00093438779,0.00067549775,0.00045656314,0.00035405665,0.00027620362,0.0002254025,0.00021745608,0.00021568932,0.00021784726,0.00022255858,0.00022297408,0.00022085357,0.00021315736,0.00020074063,0.00018670644,0.00017261549,0.00015996757,0.00015094422,0.00014489848,0.00014016835,0.00013855391,0.0001366075,0.00013460798,0.00013301922,0,0,0,0.00013828531,0.00016670824,0.00021576566,0.00036070152,0.00056295574,0.00083063729,0.0011517052,0.0014357965,0.0017562369,0.0019847637,0.0020871991,0.0021846273,0.0020244573,0.0018503822,0.0016704283,0.0013985627,0.0011717444,0.000985811,0.00078243023,0.000606252,0.00043198303,0.00031134658,0.000223346,0.00015132444,0.00010165171,7.2992319e-05,6.2024599e-05,5.4940465e-05,5.360214e-05,5.7972626e-05,6.3179577e-05,0,0,0
-0.38089000000000001,-0.00030590425,0.00079209043,0.0026168083,0.0056873318,0.010301469,0.017591454,0.029895337,0.047923379,0.076805755,0.12740593,0.19692343,0.28444257,0.38802785,0.50153607,0,0,0,0.73183829,0.72593665,0.70411962,0.66611743,0.61316383,0.55040431,0.47028655,0.36443859,0.27192354,0.19069538,0.12376414,0.078022957,0.04798032,0.02892857,0.015584152,0.0080012307,0.0044040158,0.0023258238,0.0019255041,0.0027650662,0.0041563404,0.0061964653,0.008939283,0.012180284,0.01589112,0.022486389,0.029117977,0.034905061,0.038512819,0.040968087,0.041074611,0,0,0,0,0.014692836,0.0094661452,0.0071110493,0.0046680667,0.0027589689,0.0021685692,0.0016295646,0.0011029508,0.00081709557,0.00057669845,0.00040272062,0.00032214311,0.00026717194,0.00024149788,0.00023945296,0.00024055153,0.00024298721,0.00023980853,0.00023176806,0.0002185943,0.00020234662,0.00018574169,0.00016866547,0.00015413653,0.00014555707,0.0001363412,0.00013174569,0.00013167621,0.00013309451,0.00013360674,0.00013384862,0,0,0,0.00013216077,0.00017061067,0.00024484238,0.00038278179,0.00062340638,0.00093527941,0.0013101868,0.0016134826,0.001952939,0.0022253059,0.0022532907,0.0022252165,0.0021183479,0.0018758491,0.0016255664,0.001366853,0.0010835654,0.00085146411,0.00065285596,0.00048517931,0.00034435125,0.00022814298,0.00014484086,8.0953876e-05,2.8495153e-05,1.110119e-05,1.8543069e-05,3.2517884e-05,4.5962763e-05,5.5518198e-05,6.0678474e-05,0,0,0
-0.33674999999999999,-0.00047244434,0.00060014788,0.0024837723,0.0053741778,0.010042128,0.017953036,0.030925289,0.051588137,0.082598001,0.1338414,0.21226028,0.31066036,0.42677009,0.55336159,0,0,0,0.79196292,0.77129894,0.72990954,0.67301309,0.59452075,0.51760328,0.43406761,0.3377656,0.24836048,0.172876,0.11092456,0.067764118,0.040709276,0.024109248,0.01294124,0.0068139038,0.0033875913,0.0019424059,0.0019282295,0.0031155995,0.0049965587,0.0077705104,0.012267016,0.017544605,0.023527011,0.030795436,0.037905749,0.044458713,0.048855722,0.051014289,0.050830789,0,0,0,0,0.018192429,0.011802327,0.0080726827,0.0058704084,0.0035287205,0.002410338,0.0018970409,0.0013056579,0.00092681265,0.00068233465,0.00047829348,0.0003639253,0.00030643187,0.00027077633,0.00026133287,0.00026126317,0.00026113403,0.00025579587,0.00024413315,0.00022733604,0.00020664194,0.00018640861,0.00015809947,0.00013468068,0.00012305222,0.00011607879,0.00011501653,0.00011907602,0.00012541587,0.00012983936,0.00013264475,0,0,0,0.00012458555,0.00016032747,0.0002478339,0.00038224459,0.00062604842,0.00097696856,0.0014074262,0.001729412,0.0020389888,0.0023637898,0.0024376395,0.0023376606,0.0022387661,0.0019918606,0.0016236339,0.0012929679,0.00097706181,0.0007242721,0.0005272234,0.00036808162,0.00023638563,0.00012169042,4.2611267e-05,1.8682505e-05,-1.2927921e-06,6.5138738e-06,2.2882799e-05,3.4892873e-05,4.5460969e-05,5.3874312e-05,5.8968675e-05,0,0,0
-0.29260999999999998,-0.00075651042,2.3340574e-05,0.0017852581,0.0044944109,0.009111166,0.017585339,0.02985885,0.051350147,0.084333405,0.13412628,0.22072977,0.3364529,0.46380436,0.6003468,0,0,0,0.85816121,0.81244469,0.74035341,0.65712166,0.56608254,0.48229241,0.39423442,0.3054803,0.21852133,0.15025434,0.097091079,0.059446916,0.037220627,0.020625619,0.010352656,0.0047707325,0.0015103789,0.00066381693,0.0017310316,0.0042763189,0.0077250134,0.011884742,0.017082978,0.023283843,0.030140679,0.038376138,0.046372492,0.05418551,0.060638078,0.062410876,0.060781233,0,0,0,0,0.021855634,0.014996623,0.0088767726,0.0066668205,0.0044287685,0.0026196167,0.0020886473,0.0015468495,0.0010387127,0.00077906763,0.00056564598,0.00039610651,0.00033505587,0.00029991785,0.00028126486,0.00028108447,0.00028006337,0.00027490567,0.0002576735,0.00022909793,0.000192936,0.00016249565,0.00013270228,0.00010438089,9.446199e-05,9.1660251e-05,9.2483373e-05,0.00010099173,0.00011335085,0.00012594242,0.00013147699,0,0,0,0.00012221769,0.00013021647,0.00022677176,0.0003850889,0.00060176279,0.00097934052,0.0014357804,0.0018504385,0.0021478354,0.0024589854,0.0027123191,0.0024499774,0.0021954346,0.0019465329,0.0015224263,0.0011549551,0.00084706716,0.00058546622,0.0003864154,0.00023117967,0.00014936375,8.4786559e-05,3.9542676e-05,2.4971727e-05,1.2231205e-05,8.3196501e-06,2.4174282e-05,3.7468169e-05,4.6510555e-05,5.3656309e-05,5.7988516e-05,0,0,0
-0.24848000000000001,-0.0013156664,-0.00070755556,0.00097963354,0.0037408411,0.0078890063,0.016059307,0.028544869,0.047429353,0.083291881,0.13886136,0.21923602,0.34673214,0.48521444,0.63830477,0,0,0,0.8830775,0.83429003,0.75041127,0.65144122,0.54683608,0.45448577,0.35919744,0.27084562,0.19604515,0.13567632,0.08705391,0.050107837,0.03038045,0.015934207,0.0060464051,0.0022018894,0.00079240545,0.00097559951,0.0029660468,0.0061871572,0.010300606,0.015221647,0.021016248,0.028105695,0.03753585,0.047881763,0.058677733,0.066576704,0.07223466,0.075661868,0.072749175,0,0,0,0,0.024084229,0.017352689,0.011361213,0.0069804145,0.0050336528,0.0033522418,0.0022195927,0.0017369415,0.0012191711,0.00083354593,0.00062526815,0.00045739312,0.0003535939,0.00032175725,0.00030543809,0.00029957455,0.00029598572,0.00028357055,0.0002592894,0.00022309435,0.0001793675,0.0001404299,0.00010832059,7.8412886e-05,5.3960684e-05,5.2978663e-05,6.0315328e-05,7.5404496e-05,9.5534e-05,0.00011479905,0.00012896994,0,0,0,0.00011919297,0.00012946721,0.00018942046,0.0003600232,0.00060144963,0.00094505586,0.0014240665,0.0018892982,0.00219548,0.0024017731,0.0025757754,0.0024294727,0.0021144769,0.0018109165,0.0014511175,0.001047425,0.00070831296,0.00046214939,0.00030197451,0.00018715195,0.00011417601,6.6280205e-05,3.3030374e-05,1.6112666e-05,1.1898024e-05,1.6630976e-05,2.9135437e-05,4.3973923e-05,5.1707815e-05,5.626135e-05,5.8754416e-05,0,0,0
-0.20433999999999999,-0.0017709327,-0.0012815304,-3.5627279e-05,0.0021305745,0.005592647,0.012343936,0.025185313,0.043991573,0.07600987,0.13467792,0.21669574,0.33479929,0.47729206,0.62801176,0,0,0,0.91652095,0.86540586,0.77097166,0.64543432,0.5221411,0.41895464,0.32712477,0.24034676,0.16691016,0.11465651,0.071039587,0.038955808,0.022910323,0.01238452,0.0047210753,0.00083671906,0.00022738724,0.001034027,0.0034213504,0.0072881328,0.012458377,0.019316129,0.027303845,0.036619011,0.047245469,0.058434445,0.070100114,0.07946974,0.085012183,0.088022634,0.084889472,0,0,0,0,0.027777357,0.019204853,0.013341406,0.0082959123,0.0054502268,0.0039163018,0.0026096005,0.0018725054,0.0013605582,0.00093070092,0.00066483754,0.00050266273,0.00038550954,0.00033891419,0.00032735497,0.00032038265,0.00031263207,0.0002956441,0.00026718789,0.0002253633,0.00017143795,0.00010627343,5.4934433e-05,1.6200858e-05,-1.0062948e-05,-4.7484282e-06,1.4640857e-05,4.0422241e-05,6.9577305e-05,9.8784243e-05,0.00012700759,0,0,0,0.00011588058,0.00012348838,0.00015766599,0.00030130451,0.00055391004,0.00087311276,0.0013005331,0.0017581058,0.0021058496,0.0023272624,0.0024727264,0.0024046421,0.0021102778,0.0017117058,0.0013281386,0.00093075994,0.00059355563,0.00034257025,0.00020361104,0.00010894414,4.9354294e-05,1.9257714e-05,2.0422201e-05,2.3332163e-05,3.1180825e-05,3.8270809e-05,4.5276654e-05,5.4797412e-05,5.9922138e-05,6.1838444e-05,6.1489824e-05,0,0,0
-0.16020000000000001,0,0,0,0,0,0,0,0,0,0,0,0,0,0,0,0,0,0,0,0,0,0,0,0,0,0,0,0,0,0,0,0,0,0,0,0,0,0,0,0,0,0,0,0,0,0,0,0,0,0,0,0,0,0,0,0,0,0,0,0,0,0,0,0,0,0,0,0,0,0,0,0,0,0,0,0,0,0,0,0,0,0,0,0,0,0,0,0,0,0,0,0,0,0,0,0,0,0,0,0,0,0,0,0,0,0,0,0,0,0,0,0,0,0,0,0,0,0,0,0
-0.11607000000000001,-0.0033732399,-0.0037185131,-0.0033075875,-0.0017118957,0.00068250764,0.0042539611,0.012921028,0.028988803,0.053091578,0.094283253,0.17421347,0.28335634,0.42053276,0.56660151,0,0,0,0.85563976,0.81580329,0.71424252,0.59140974,0.4674291,0.34952688,0.26283783,0.1872845,0.122687,0.081446894,0.051238865,0.027890909,0.01247799,0.0039819484,-0.00016657962,-0.0024300148,-0.0013893391,0.0018050927,0.0063577406,0.012331035,0.019636648,0.028255364,0.038463175,0.050714999,0.064469017,0.079311289,0.092305936,0.10364576,0.11171934,0.11163174,0.10779475,0,0,0,0,0.036513686,0.024674416,0.015915025,0.011333346,0.0074108103,0.0044914223,0.0033666505,0.0023602154,0.0015229021,0.0011058399,0.00076260295,0.00052612112,0.00043125637,0.00037142087,0.00035573263,0.00036119157,0.0003555431,0.00033002524,0.00027054863,0.00019272996,9.9169149e-05,4.2081811e-06,-7.0910733e-05,-0.0001498026,-0.00017838547,-0.00016579134,-0.0001229155,-5.369174e-05,1.8349949e-05,7.9524558e-05,0.00012150526,0,0,0,0.00012746482,0.00010619582,0.00012643088,0.00018734561,0.00034165679,0.0006609807,0.001042101,0.0014519098,0.0017371704,0.0019696921,0.0020974274,0.0019671689,0.0017052612,0.0013740285,0.00096763636,0.00060911203,0.00033200884,0.00013362791,3.7480917e-05,4.1388994e-06,3.8098515e-06,2.0302603e-05,4.1118721e-05,5.6427496e-05,6.8815098e-05,7.3077783e-05,7.4648189e-05,7.4025593e-05,7.1040507e-05,6.6798617e-05,6.2420608e-05,0,0,0
-0.071929999999999994,-0.0040297285,-0.0047138515,-0.005455168,-0.0049493518,-0.003817657,-0.001530651,0.0058162976,0.019106828,0.041796338,0.078372814,0.1394355,0.23472303,0.35441986,0.4797166,0,0,0,0.80076325,0.76825565,0.67793185,0.54758132,0.4264406,0.31537381,0.23221567,0.16237819,0.10411915,0.064086445,0.038340181,0.020944841,0.0086358096,0.0025216087,-0.0012621153,-0.0028206583,-0.0015749217,0.0019393782,0.0071952837,0.01412556,0.022753008,0.033026349,0.045131523,0.058339052,0.073194958,0.089343421,0.10400255,0.11534258,0.12332804,0.12337178,0.11579992,0,0,0,0,0.039722525,0.027659444,0.018059336,0.012264297,0.0087285414,0.0054104268,0.003602406,0.0026072722,0.0016925305,0.0011341127,0.00080224616,0.00055219838,0.00043954595,0.00040304987,0.00039182525,0.00039361257,0.00038456242,0.0003585667,0.00029414985,0.00019401911,5.1905969e-05,-0.00010036662,-0.00020666439,-0.00029531232,-0.00032229035,-0.00028697972,-0.00022329896,-0.00013333082,-2.6534031e-05,7.6412754e-05,0.00014681998,0,0,0,0.00014991088,0.00011051082,0.00010714633,0.00015510115,0.00024486613,0.00048492869,0.00081420323,0.0011894878,0.0014803456,0.0016802546,0.0018467754,0.001790989,0.0014845387,0.0011829992,0.00083049905,0.00050031475,0.00023818767,5.6810291e-05,-3.0238152e-05,-4.9802926e-05,-3.6561381e-05,4.3375694e-06,4.4195975e-05,6.6730092e-05,7.9743957e-05,8.4594307e-05,8.4439976e-05,8.2207029e-05,7.772939e-05,7.071266e-05,6.3253858e-05,0,0,0
-0.027789999999999999,-0.0054517984,-0.006314191,-0.0077454615,-0.0078832926,-0.0070131235,-0.0057483986,-0.00061237812,0.0077482872,0.022952769,0.049400054,0.09471,0.17627871,0.28861523,0.4054426,0,0,0,0.70605022,0.66334283,0.60624546,0.48916543,0.37812054,0.2786411,0.19839537,0.13626742,0.088342771,0.0542215,0.033382066,0.017267283,0.0057547688,0.00020671426,-0.0032711164,-0.0042054504,-0.0020480645,0.0024116971,0.0087901605,0.016680464,0.025990836,0.037160359,0.050325282,0.064499497,0.080504455,0.097431891,0.113848,0.12391295,0.13041392,0.13351299,0.12494906,0,0,0,0,0.0424577,0.030340491,0.020951577,0.013258521,0.0096110543,0.0064608464,0.0038377093,0.0027539369,0.0018810143,0.0011483418,0.00082249171,0.00059159077,0.00043887552,0.00041375065,0.00041531964,0.00042733067,0.00042341588,0.00038866772,0.00031116992,0.00016165942,-1.6806865e-05,-0.00021820085,-0.00034088548,-0.00043026917,-0.00049373094,-0.00044090144,-0.00032976514,-0.00018829691,-3.5911668e-05,8.4696811e-05,0.00018795047,0,0,0,0.00018762007,0.00013630302,9.3290932e-05,0.00011675531,0.00018355643,0.00031979472,0.00061570009,0.0009554954,0.0012761139,0.0014069101,0.001502273,0.0015558163,0.001248982,0.00095281063,0.0006669049,0.00036017472,0.00011805189,-4.7646507e-05,-8.8940455e-05,-6.6838998e-05,-3.2187949e-05,8.277726e-06,4.8587943e-05,7.8430487e-05,9.1041336e-05,9.6648298e-05,9.4370756e-05,8.7135944e-05,7.9261881e-05,6.9439324e-05,6.1617087e-05,0,0,0
0.01634,-0.0064465236,-0.0076750293,-0.0089354292,-0.01040861,-0.011440998,-0.012013782,-0.011827502,-0.0060194954,0.0048109964,0.024520829,0.06439653,0.12546322,0.21946412,0.31651723,0,0,0,0.59904236,0.5619213,0.51653743,0.42698023,0.32762474,0.24250597,0.17355311,0.1193384,0.076476641,0.044608705,0.026189256,0.012084767,0.0019694867,-0.0021295978,-0.0039808229,-0.0041819299,-0.0016421024,0.003363057,0.0099889226,0.018454317,0.028330009,0.04014536,0.054458901,0.070052154,0.086791769,0.10419311,0.12140736,0.13385408,0.13954614,0.14165407,0.13535629,0,0,0,0,0.046092443,0.032071378,0.022913266,0.015416494,0.010116461,0.0072178822,0.0046349764,0.0028110193,0.0019760546,0.0012682673,0.00079218473,0.00058372569,0.00045291521,0.000421053,0.0004614467,0.0005020778,0.0005099749,0.00044955921,0.00034299667,0.00018039679,-3.8302198e-05,-0.00027884191,-0.00054033595,-0.00066091318,-0.00071230537,-0.00066062773,-0.00048131484,-0.00028009154,-7.5505712e-05,7.452663e-05,0.00020282443,0,0,0,0.00025176187,0.0001796682,0.00012165887,8.961773e-05,0.00013223813,0.00023810675,0.00042135397,0.00069021882,0.00095579436,0.0011046097,0.0011692764,0.0011960687,0.00102396,0.00073258887,0.00047678477,0.00025694061,8.0157261e-05,-4.0355259e-05,-0.00010007617,-7.0779963e-05,-3.1226518e-05,1.2793622e-05,5.2663432e-05,8.2099592e-05,9.687616e-05,9.9055644e-05,9.4540323e-05,8.740458e-05,7.8972414e-05,6.8889756e-05,6.0187802e-05,0,0,0
0.060479999999999999,-0.0071737394,-0.0093372017,-0.011577402,-0.013971985,-0.016389074,-0.01792302,-0.019373864,-0.016685572,-0.0085322559,0.0013985559,0.026424989,0.067759961,0.13319424,0.2178565,0,0,0,0.48258424,0.4631556,0.42409369,0.35767433,0.27779573,0.20434198,0.14439349,0.097181365,0.060383707,0.033990972,0.01962072,0.0090821749,0.0011717109,-0.0030992993,-0.0044103223,-0.0042571141,-0.0019692522,0.0035095159,0.010735107,0.019763108,0.030362284,0.042931013,0.057917871,0.074739292,0.092278354,0.1108196,0.12896563,0.14091854,0.1458474,0.14411698,0.13711952,0,0,0,0,0.048911754,0.034457427,0.024379684,0.017265063,0.011464939,0.0077848309,0.0052151084,0.003138345,0.0019625127,0.0013018181,0.00081755617,0.00057994336,0.00050319015,0.0004871042,0.0005275805,0.00058058731,0.00060288806,0.00054946588,0.00041025036,0.00017379504,-0.00015178353,-0.0005193738,-0.00086347491,-0.00099912868,-0.0009978693,-0.00092221017,-0.0007070023,-0.00040813981,-7.836947e-05,0.00016244994,0.00031374546,0,0,0,0.00032961185,0.00024289286,0.00016535478,9.8575329e-05,8.790537e-05,0.00014782407,0.00026465231,0.00045625764,0.00068489893,0.00083035784,0.00089194009,0.0008973098,0.00080923864,0.00059885799,0.00038077257,0.00019027211,4.0039115e-05,-5.8740363e-05,-0.00011092377,-8.5121115e-05,-3.2614102e-05,1.6746286e-05,5.507777e-05,8.1260638e-05,9.7473137e-05,0.00010140987,9.5743962e-05,8.8452522e-05,7.9041187e-05,6.7915797e-05,5.8404974e-05,0,0,0
0.10462,-0.0082700392,-0.010825236,-0.013742268,-0.016129974,-0.019462261,-0.022809604,-0.026506659,-0.029673036,-0.029420175,-0.023950107,-0.0099892169,0.020369455,0.06693238,0.13632907,0,0,0,0.36156797,0.35772839,0.3298758,0.28095669,0.21799055,0.15796284,0.11327968,0.07833717,0.05076623,0.029626183,0.015752682,0.0064124884,-0.00043675676,-0.0047094738,-0.00559163,-0.0044993479,-0.0019509923,0.0038589919,0.011490142,0.020789286,0.031786293,0.044803053,0.060313612,0.078321055,0.095834985,0.11461478,0.13100334,0.14224704,0.14969869,0.14764649,0.14003833,0,0,0,0,0.05075404,0.036992591,0.025587931,0.018492587,0.012858788,0.0082498258,0.0055653732,0.0035209639,0.0019537336,0.0013105896,0.00086768565,0.00056016247,0.00050436304,0.00052111968,0.00057865225,0.00067691307,0.0007284967,0.00071790424,0.00050071575,0.00017041937,-0.00023684608,-0.00068101287,-0.0011068356,-0.0013836651,-0.0013758282,-0.001201262,-0.00088653743,-0.00046674628,-5.6265882e-05,0.00029196992,0.00043844181,0,0,0,0.00043788456,0.00033468354,0.00023173944,0.00014483146,6.7368936e-05,8.3825245e-05,0.00016568747,0.0002768641,0.00044953646,0.00057496282,0.00066498818,0.00065856404,0.00059286342,0.00045482436,0.00026270744,9.7217242e-05,-2.1010725e-05,-6.9962734e-05,-8.9373192e-05,-6.768298e-05,-1.968733e-05,2.4595356e-05,6.4215128e-05,8.5885651e-05,9.8950426e-05,0.00010330137,9.4697563e-05,8.4846455e-05,7.5187127e-05,6.500812e-05,5.5766199e-05,0,0,0
0.14874999999999999,-0.0092965281,-0.011330264,-0.01525453,-0.019454503,-0.022999823,-0.029708883,-0.035928104,-0.039014425,-0.044254467,-0.0437916,-0.035623372,-0.018799782,0.012680247,0.059487194,0,0,0,0.25014013,0.24599101,0.23399246,0.21020855,0.16729309,0.12854181,0.093611814,0.063956931,0.040303573,0.022706488,0.010586673,0.0025822732,-0.0021203356,-0.0053072013,-0.0057469686,-0.0042369682,-0.0013244599,0.0038968036,0.011699427,0.021257939,0.032553479,0.04578802,0.061573066,0.079904482,0.097578429,0.11610596,0.13452467,0.14587541,0.15217668,0.15228452,0.14155692,0,0,0,0,0.051198702,0.038204223,0.027390338,0.019049875,0.013704519,0.009260471,0.005645866,0.0036873941,0.002182937,0.0012211337,0.00082986953,0.00056496623,0.00049609889,0.00060297496,0.00074512191,0.00089604571,0.00093485694,0.00089310063,0.0007201978,0.000299087,-0.00021964093,-0.00092400808,-0.0015672341,-0.0019357554,-0.0020145453,-0.0016492404,-0.0011592286,-0.00062488834,-0.00011177023,0.00035835826,0.00065644068,0,0,0,0.00058997114,0.00045036856,0.00031627208,0.00020741388,0.00011048522,4.9460599e-05,9.4725699e-05,0.00016380558,0.00026147533,0.00036145316,0.0004246606,0.00044452315,0.00038985442,0.00028750216,0.00018476599,7.8699086e-05,-9.5905853e-07,-4.8283451e-05,-5.943155e-05,-4.0696606e-05,-2.7442002e-07,3.9576116e-05,6.9523529e-05,8.7986497e-05,9.4454321e-05,9.6410047e-05,9.0811409e-05,8.0351456e-05,7.0538357e-05,6.1348241e-05,5.2326133e-05,0,0,0
0.19289000000000001,-0.010356693,-0.013051126,-0.016996412,-0.022617597,-0.026821366,-0.033109225,-0.041837603,-0.047276571,-0.054740272,-0.062338881,-0.062768176,-0.054509625,-0.035528407,-0.0026204586,0,0,0,0.15992752,0.16511451,0.16683286,0.15975505,0.12468456,0.094298624,0.068109304,0.045025688,0.027799707,0.016173214,0.0075244503,0.0015040366,-0.0027720798,-0.0054995688,-0.0059296642,-0.0045500393,-0.0013054339,0.003917506,0.01151867,0.021218428,0.032822035,0.046103701,0.062012848,0.08072868,0.099560365,0.11799979,0.13542868,0.14683393,0.1487619,0.14760652,0.13973849,0,0,0,0,0.051293388,0.038523123,0.028629821,0.020014459,0.014069933,0.0097886985,0.0060008047,0.0035988844,0.002196603,0.0012429522,0.00079957966,0.00063758099,0.00059251778,0.00070277974,0.00088437286,0.0010894279,0.001180988,0.0011363453,0.00097806973,0.00045535658,-0.00037514296,-0.0013234126,-0.0021422245,-0.0025446711,-0.0026879371,-0.0023177732,-0.0015099946,-0.00061898644,0.000132919,0.00069209584,0.00099658989,0,0,0,0.00078330399,0.00059946615,0.00042291297,0.00028900505,0.00017295306,7.1806389e-05,5.4647076e-05,8.5956694e-05,0.00013208562,0.00019171444,0.00024595208,0.00028660923,0.00028487371,0.00021136465,0.00013754662,6.0522987e-05,8.1176404e-07,-3.4230077e-05,-3.7583195e-05,-1.8992396e-05,1.4212666e-05,4.3894834e-05,6.8344933e-05,8.596274e-05,9.1820053e-05,9.1664951e-05,8.7038687e-05,7.6356009e-05,6.6287081e-05,5.871597e-05,5.109395e-05,0,0,0
0.23702999999999999,-0.011104773,-0.014346888,-0.017757231,-0.023830682,-0.029805664,-0.035718765,-0.047196753,-0.05825451,-0.064696863,-0.076534063,-0.084047496,-0.080628745,-0.072052225,-0.049948782,0,0,0,0.09233588,0.098202139,0.10020267,0.09942282,0.076787196,0.060138356,0.047514465,0.034533482,0.0220284,0.012059856,0.0046596196,-0.00037919951,-0.0040576481,-0.0061724074,-0.006146302,-0.0047277627,-0.0012612892,0.0039316835,0.011177234,0.020713972,0.032412551,0.045888528,0.061792254,0.0801678,0.099702351,0.1160607,0.13154224,0.14600858,0.14708903,0.14428416,0.13866347,0,0,0,0,0.050964169,0.037970558,0.028792614,0.020659914,0.014028035,0.009876282,0.0063807322,0.0035065482,0.0021780957,0.0012967009,0.00074148632,0.00061853917,0.00063108362,0.00075097295,0.0010413119,0.0013881811,0.0017212889,0.001640088,0.0013576301,0.00086944998,-0.00020721245,-0.001403129,-0.0026533729,-0.00315439,-0.003104822,-0.0026719731,-0.001548393,-0.0004900645,0.00049243192,0.0010526467,0.0013420025,0,0,0,0.00101295,0.00078212412,0.0005601357,0.00038679803,0.00024962577,0.00012871085,4.5549823e-05,4.803823e-05,6.8175505e-05,0.00010064946,0.00013961169,0.00016574017,0.00017990239,0.0001290061,7.2105788e-05,2.9123039e-05,1.5806581e-06,-1.2722565e-05,-1.5612342e-05,-3.9981387e-09,2.8556857e-05,5.4822623e-05,7.4183219e-05,8.7034605e-05,9.092479e-05,8.6296539e-05,8.0300466e-05,7.0791837e-05,6.1474071e-05,5.4764696e-05,4.8218626e-05,0,0,0
0.28116999999999998,-0.011046349,-0.015024094,-0.019405313,-0.024607738,-0.032999299,-0.040615749,-0.049036771,-0.064487644,-0.074694805,-0.083079174,-0.097103842,-0.10013103,-0.09393584,-0.080105856,0,0,0,0.028986156,0.034343019,0.04694698,0.056933187,0.053822923,0.042896379,0.033309553,0.02412156,0.01412998,0.0064051258,0.00090058264,-0.0022492218,-0.0045851371,-0.0061042886,-0.0060169236,-0.0044032102,-0.0015261532,0.0035891542,0.010818862,0.019827982,0.031535588,0.045178093,0.060978241,0.078655794,0.098030485,0.11600356,0.1299784,0.14316368,0.14708455,0.14014412,0.13103673,0,0,0,0,0.049166486,0.036970422,0.02786359,0.020638686,0.014360216,0.0095603513,0.0063849376,0.0037078403,0.0019371744,0.0011706552,0.00071011233,0.0005771757,0.00074156403,0.0010251973,0.0013955899,0.0017957925,0.0022027541,0.0023167967,0.0019315963,0.0013227665,0.00021974658,-0.0013470011,-0.002885048,-0.0039057005,-0.0036478208,-0.0029949865,-0.0018541352,-0.00056986616,0.00068763172,0.0016881991,0.0019760772,0,0,0,0.0012870341,0.0010051089,0.00073491695,0.00051602547,0.00033714256,0.0001991561,9.4461524e-05,4.5151406e-05,3.8738232e-05,4.2588697e-05,5.653777e-05,6.7220011e-05,8.1712235e-05,7.8277924e-05,5.3160504e-05,3.1286865e-05,1.4235295e-05,7.4787167e-06,1.0871388e-05,2.4408135e-05,4.8021557e-05,6.3523665e-05,7.5239361e-05,8.0663136e-05,8.1594597e-05,7.9095902e-05,7.3314055e-05,6.3620806e-05,5.5286386e-05,4.9603113e-05,4.6159475e-05,0,0,0
0.32529999999999998,0,0,0,0,0,0,0,0,0,0,0,0,0,0,0,0,0,0,0,0,0,0,0,0,0,0,0,0,0,0,0,0,0,0,0,0,0,0,0,0,0,0,0,0,0,0,0,0,0,0,0,0,0,0,0,0,0,0,0,0,0,0,0,0,0,0,0,0,0,0,0,0,0,0,0,0,0,0,0,0,0,0,0,0,0,0,0,0,0,0,0,0,0,0,0,0,0,0,0,0,0,0,0,0,0,0,0,0,0,0,0,0,0,0,0,0,0,0,0,0
0.36943999999999999,-0.012307787,-0.015490757,-0.02073871,-0.027074052,-0.033775374,-0.044126276,-0.05550272,-0.066399738,-0.083075732,-0.097521238,-0.10732162,-0.12044401,-0.12408723,-0.11641536,0,0,0,-0.036642835,-0.018824831,-0.0090707988,-8.623302e-05,0.0086433552,0.0086999424,0.0081064161,0.0070661716,0.0036135605,0.00029103504,-0.0023375782,-0.0044227499,-0.0058155283,-0.0062934742,-0.0063439612,-0.0044814036,-0.0014860448,0.0025751754,0.0092355143,0.01799994,0.028699985,0.042188507,0.057641398,0.075440526,0.09293285,0.10858481,0.12343442,0.13059844,0.13294594,0.13013625,0.11840779,0,0,0,0,0.043661129,0.033378791,0.025215456,0.018543124,0.01317196,0.0088935122,0.0054326314,0.0033722338,0.0019321979,0.00096754858,0.00071390287,0.00070035423,0.00084938959,0.0013971508,0.002136627,0.0030533888,0.0038841837,0.0044497056,0.0047336486,0.0036108997,0.001874786,-0.00035051833,-0.0024406961,-0.0038997943,-0.0042838752,-0.0027069445,-0.00062431302,0.0015367904,0.002793313,0.0036572879,0.0041359016,0,0,0,0.0019704257,0.0015159892,0.0011110925,0.00080454792,0.00057047361,0.00036368269,0.00021619354,0.0001234689,5.2618328e-05,2.4767694e-05,1.4244913e-05,1.365706e-05,1.8019055e-05,1.9632993e-05,2.0031075e-05,1.9361862e-05,2.0108921e-05,2.2652341e-05,2.9326282e-05,3.8779239e-05,5.0447405e-05,6.0289454e-05,6.8364789e-05,7.3154632e-05,6.8758876e-05,6.455835e-05,6.0950413e-05,5.4731419e-05,4.9080405e-05,4.6281395e-05,4.5797715e-05,0,0,0
0.41358,-0.012325004,-0.016112847,-0.020201415,-0.027501144,-0.035360202,-0.042710762,-0.056152172,-0.0690201,-0.080781706,-0.098306417,-0.10992235,-0.11671847,-0.12353398,-0.12069321,0,0,0,-0.060147628,-0.037251674,-0.024101824,-0.011762224,-0.00069724023,0.00020583719,0.00056631677,0.00048321299,-0.0012552915,-0.0031838114,-0.0041571972,-0.0050615943,-0.0058503421,-0.0061178096,-0.0059699435,-0.0047083516,-0.0017119709,0.0023825765,0.0079560764,0.01658557,0.027337,0.040438518,0.055158827,0.072186559,0.090674214,0.10522851,0.11824371,0.1274022,0.12648423,0.12023225,0.11096878,0,0,0,0,0.039381467,0.030116942,0.023189686,0.01751418,0.012198017,0.0082935775,0.0051465263,0.0028213738,0.0016332028,0.00086912361,0.00060512981,0.00079591188,0.0011721656,0.0017787899,0.0026730443,0.0037692257,0.0049803834,0.0056917835,0.0060147629,0.0056731822,0.0036283787,0.00089680776,-0.0016396384,-0.0030942704,-0.003483502,-0.0025931676,-0.00020904909,0.0025262735,0.0044693672,0.0051343529,0.0052614622,0,0,0,0.0023969985,0.0018535898,0.0013538648,0.0009515502,0.00068815512,0.00046241138,0.00028331706,0.00017568452,9.6380638e-05,4.144726e-05,1.6999853e-05,8.4170024e-06,6.6359789e-06,9.8322344e-06,1.308092e-05,1.5843856e-05,1.8863808e-05,2.4044104e-05,3.1911779e-05,4.2286953e-05,5.1135343e-05,5.7456531e-05,6.0992428e-05,6.377283e-05,6.2115731e-05,5.7529352e-05,5.3717682e-05,4.9436094e-05,4.5043289e-05,4.4986871e-05,4.7043821e-05,0,0,0
0.45771000000000001,-0.012059253,-0.016324544,-0.02051785,-0.02661103,-0.035317197,-0.043164812,-0.053843416,-0.068177059,-0.080222964,-0.093361616,-0.1079391,-0.11642772,-0.12203272,-0.12337404,0,0,0,-0.06478864,-0.044114985,-0.03228417,-0.021594644,-0.011996947,-0.0089419223,-0.0067395866,-0.0044683684,-0.0036986033,-0.0043613021,-0.0049804193,-0.0055078268,-0.0060487874,-0.0061834771,-0.0058248793,-0.0046741553,-0.0021611645,0.001938638,0.0072483746,0.014846671,0.025458176,0.038433488,0.052672464,0.068973042,0.086477414,0.10094891,0.11003634,0.11785825,0.11961886,0.11145812,0.10178597,0,0,0,0,0.036282375,0.027517883,0.020883277,0.015657984,0.010771675,0.0070324121,0.0043847915,0.0024883836,0.0014269227,0.00092754571,0.00067782821,0.00085736997,0.0013464098,0.0020380197,0.003002214,0.0044266162,0.0063442411,0.0078351758,0.0080877924,0.0078569492,0.0060880641,0.0027821462,-0.00048821187,-0.0025661374,-0.0025569908,-0.0011925967,0.0015461359,0.0046656569,0.0066539538,0.0072726691,0.0068890941,0,0,0,0.002788635,0.0021250467,0.0015667805,0.0011055174,0.00080472784,0.0005654922,0.00036378583,0.00022982578,0.0001400833,6.9509224e-05,2.8770628e-05,1.5415942e-05,7.1954564e-06,5.3291224e-06,7.2029288e-06,1.0473392e-05,1.548315e-05,2.2173432e-05,2.9815968e-05,3.7740276e-05,4.5656532e-05,5.2056093e-05,5.5274948e-05,5.654565e-05,5.5428885e-05,5.1806353e-05,4.9810686e-05,4.9150563e-05,4.6832403e-05,4.6980131e-05,4.9268281e-05,0,0,0
0.50185000000000002,-0.011637903,-0.015861202,-0.020510387,-0.025396679,-0.033869367,-0.042889744,-0.050897617,-0.064957328,-0.079326957,-0.089086451,-0.10414012,-0.11378626,-0.11617684,-0.11591458,0,0,0,-0.068063937,-0.050690062,-0.040182661,-0.028934356,-0.018817827,-0.012611283,-0.0094817244,-0.0070720464,-0.0056266068,-0.0058825049,-0.0061084521,-0.0062642796,-0.0062521645,-0.0061321468,-0.0056028608,-0.0045106038,-0.0025993548,0.0012019653,0.0064853569,0.012983584,0.022987153,0.035631452,0.04948676,0.063990526,0.079924352,0.096419208,0.10398296,0.1093071,0.11329154,0.10451332,0.092769384,0,0,0,0,0.031875849,0.023832522,0.017620977,0.0133008,0.0094968714,0.0061994591,0.0040189028,0.0023868959,0.0012198931,0.00080324471,0.00066129898,0.00078178232,0.0014698519,0.0024858029,0.0038310518,0.005650071,0.0078810612,0.010500146,0.010643869,0.010142492,0.0090947179,0.0052909884,0.0016957186,-0.00097399647,-0.00064412574,0.00099383621,0.0036121872,0.0067879851,0.0087271072,0.0098845568,0.0087377653,0,0,0,0.0031809278,0.0024108805,0.0018031329,0.0012965919,0.00092160422,0.00065947755,0.00044180639,0.00027297385,0.00017849695,0.00010323929,4.5447312e-05,2.5667752e-05,1.26085e-05,3.9978768e-06,3.9474289e-06,7.1918439e-06,1.2122153e-05,1.8463892e-05,2.5932879e-05,3.4602494e-05,4.1517502e-05,4.716203e-05,5.1219191e-05,5.1291183e-05,5.1046452e-05,4.9359034e-05,4.8366011e-05,4.9195274e-05,4.7638212e-05,4.8154554e-05,5.0674604e-05,0,0,0
0.54598999999999998,-0.01164868,-0.014786386,-0.019911906,-0.025192209,-0.031234952,-0.041409634,-0.050391026,-0.059873596,-0.075227313,-0.085467674,-0.093283705,-0.1041026,-0.10856508,-0.1079362,0,0,0,-0.068771526,-0.052504148,-0.041344959,-0.030893173,-0.021824973,-0.015537158,-0.012357484,-0.0098517872,-0.0077396785,-0.0070752408,-0.006626904,-0.0063164188,-0.0061458573,-0.0059190895,-0.0054891743,-0.0044569531,-0.0025766995,0.00017659433,0.0052952333,0.011684296,0.019951975,0.032168176,0.045971338,0.060059406,0.074571066,0.090305135,0.099294052,0.10067873,0.10109181,0.096599102,0.083954111,0,0,0,0,0.026912861,0.02061796,0.015541421,0.011631635,0.0083107073,0.0053689983,0.0031720689,0.0018438729,0.0009765178,0.00062686397,0.00071582122,0.0010537049,0.0017156824,0.0029139279,0.0044961814,0.0065200813,0.009039741,0.012035824,0.013598686,0.012567192,0.010888692,0.0079357103,0.0040716785,0.0013123108,0.00047748419,0.0024242848,0.0054547703,0.0090184659,0.010744333,0.011220177,0.010601843,0,0,0,0.0036927473,0.0027440391,0.0020008385,0.0014437197,0.0010294083,0.00073360169,0.00051185268,0.00033143762,0.00021609454,0.0001370192,7.2743627e-05,3.60042e-05,1.8966482e-05,7.4282543e-06,2.7503047e-06,4.8649381e-06,8.8357519e-06,1.471966e-05,2.1946369e-05,2.9714194e-05,3.680597e-05,4.0928691e-05,4.4101344e-05,4.6267225e-05,4.690549e-05,4.5565448e-05,4.5398629e-05,4.7872945e-05,4.9632679e-05,5.130607e-05,5.3702173e-05,0,0,0
0.59011999999999998,-0.011377604,-0.014496189,-0.01871863,-0.024377679,-0.0302768,-0.038292892,-0.047610808,-0.056162443,-0.067416057,-0.079370841,-0.087465197,-0.095262766,-0.10141408,-0.1015238,0,0,0,-0.065503955,-0.051542666,-0.040911995,-0.032521248,-0.024469858,-0.017784389,-0.014153575,-0.011013944,-0.0085366219,-0.0074898242,-0.006918326,-0.0064728465,-0.0061561074,-0.0058181048,-0.005296173,-0.0044804066,-0.0027312702,-0.00033306441,0.0037494032,0.010017037,0.017796963,0.028515402,0.042279877,0.055030398,0.067727715,0.080093808,0.089063264,0.09196195,0.090356298,0.086400419,0.075672783,0,0,0,0,0.023411842,0.017673861,0.01300228,0.0093577383,0.0064845067,0.0041555651,0.0025426841,0.0015321318,0.00098012155,0.00066609785,0.00072856934,0.0011597803,0.0018711245,0.0030598897,0.0049645114,0.0075128283,0.010509554,0.013661196,0.01600772,0.015666984,0.013492497,0.010524777,0.0064316266,0.0034964804,0.0025392827,0.0042665014,0.0075152344,0.01129117,0.013432695,0.013283065,0.01251263,0,0,0,0.0040174886,0.00296365,0.0021669581,0.0015712723,0.0011319042,0.0008164983,0.00057641853,0.00038587404,0.00025292794,0.00016117007,9.4639421e-05,4.9117316e-05,2.6053658e-05,1.2020759e-05,3.2331882e-06,3.090523e-06,6.1113415e-06,1.1263833e-05,1.7673658e-05,2.4359659e-05,3.1415315e-05,3.604859e-05,3.8495826e-05,4.0758783e-05,4.3422173e-05,4.5113979e-05,4.7704154e-05,5.1780033e-05,5.455771e-05,5.6183224e-05,5.8061734e-05,0,0,0
0.63426000000000005,-0.010791111,-0.014047768,-0.017448319,-0.022652619,-0.028664459,-0.03488325,-0.043736052,-0.05290547,-0.061291967,-0.073016346,-0.081212573,-0.085629582,-0.089886524,-0.090340436,0,0,0,-0.06187202,-0.050301932,-0.039725866,-0.032458551,-0.024850853,-0.018158339,-0.014684618,-0.01172306,-0.0093262717,-0.0079852184,-0.0072762347,-0.0065614725,-0.0060085878,-0.0055471114,-0.0050072186,-0.0044009783,-0.0029465372,-0.00067185221,0.0023346688,0.0079834303,0.015232986,0.02405633,0.036290981,0.048047192,0.060676306,0.071626402,0.079634033,0.084427372,0.081360906,0.076093338,0.067630582,0,0,0,0,0.018933034,0.013795927,0.010232141,0.0075458512,0.0054546301,0.0036618405,0.0022790753,0.0012584224,0.00079686951,0.00059993652,0.00060755183,0.0011806418,0.0021274397,0.0034135566,0.0055996417,0.0084857494,0.012091959,0.015406181,0.018049467,0.01925814,0.016159555,0.012570998,0.007980017,0.0053292355,0.0048110727,0.0059362678,0.0092534237,0.013096435,0.016543342,0.015207037,0.01331115,0,0,0,0.0043093795,0.00318181,0.0023556049,0.0016824852,0.0012100108,0.00088422716,0.00061728293,0.00042695372,0.00028828351,0.00018310337,0.00011493359,6.5035252e-05,3.3454402e-05,1.6630478e-05,5.5623423e-06,2.3334596e-06,4.2919478e-06,8.3902751e-06,1.4819059e-05,2.053111e-05,2.6514701e-05,3.2669617e-05,3.5555455e-05,3.9318777e-05,4.3888664e-05,4.7323811e-05,5.0959949e-05,5.5466469e-05,5.9453727e-05,6.0921251e-05,6.2870502e-05,0,0,0
0.6784,0,0,0,0,0,0,0,0,0,0,0,0,0,0,0,0,0,0,0,0,0,0,0,0,0,0,0,0,0,0,0,0,0,0,0,0,0,0,0,0,0,0,0,0,0,0,0,0,0,0,0,0,0,0,0,0,0,0,0,0,0,0,0,0,0,0,0,0,0,0,0,0,0,0,0,0,0,0,0,0,0,0,0,0,0,0,0,0,0,0,0,0,0,0,0,0,0,0,0,0,0,0,0,0,0,0,0,0,0,0,0,0,0,0,0,0,0,0,0,0
0.72253000000000001,-0.0094790328,-0.01211832,-0.015863253,-0.019430624,-0.024048818,-0.030240862,-0.035883591,-0.042425092,-0.050466157,-0.057283171,-0.063177191,-0.068872362,-0.071260586,-0.071128391,0,0,0,-0.050633084,-0.043274403,-0.035142835,-0.029036228,-0.023698591,-0.018613737,-0.014717258,-0.012051146,-0.0097603612,-0.0079405503,-0.0070124241,-0.0062395092,-0.0055892244,-0.0049993168,-0.0044240258,-0.0038345698,-0.0031549991,-0.0017508159,0.00066249433,0.0038423105,0.0090027954,0.016786888,0.025518697,0.034570385,0.043534063,0.052828513,0.059746325,0.06036777,0.060095049,0.056347795,0.047837235,0,0,0,0,0.012838705,0.009171688,0.0065493537,0.0045028348,0.0030537657,0.0020578664,0.0013397295,0.00086361752,0.00055482599,0.00055801822,0.00084326119,0.0013261926,0.0023001735,0.0038997831,0.0060370015,0.009072707,0.012875408,0.017172609,0.020359928,0.0200045,0.018934719,0.015894243,0.010849378,0.0068587353,0.0061147008,0.0082176272,0.010987433,0.014137302,0.01679524,0.017479567,0.015542798,0,0,0,0.0047451174,0.0033549969,0.0024971962,0.0018307867,0.0013105064,0.00096134003,0.00070085644,0.00048786984,0.00033394218,0.00022919584,0.00014478333,8.5864558e-05,5.1016523e-05,2.5839618e-05,1.0628703e-05,3.5817593e-06,2.1258975e-06,3.6729814e-06,7.1194208e-06,1.3231248e-05,1.8655706e-05,2.3834082e-05,2.9713907e-05,3.6842808e-05,4.4883069e-05,5.2776777e-05,5.893729e-05,6.4797176e-05,7.0250768e-05,7.0716218e-05,7.076397e-05,0,0,0
0.76666999999999996,-0.0090271421,-0.011080164,-0.014381275,-0.017985169,-0.021523839,-0.027041968,-0.032930829,-0.037811439,-0.044999994,-0.051454302,-0.05522909,-0.059440278,-0.061850071,-0.061914805,0,0,0,-0.045370471,-0.039113667,-0.032831468,-0.02716228,-0.022309741,-0.017960507,-0.014208416,-0.01172117,-0.0096378122,-0.0078612752,-0.006793431,-0.0059242006,-0.0051766057,-0.004567842,-0.0040280838,-0.0035000856,-0.0029596055,-0.002071751,-0.00015805254,0.0025063623,0.0058395271,0.011894652,0.019528922,0.027566373,0.035081223,0.042917438,0.050884664,0.050651141,0.048977949,0.047137275,0.040330369,0,0,0,0,0.0093393335,0.0067296703,0.0049734339,0.003664935,0.0025921692,0.0017364207,0.0010669681,0.00067619758,0.00045098684,0.00041694054,0.0008130307,0.0014276353,0.0023052068,0.0039499416,0.0062319022,0.0091809966,0.01294272,0.017196719,0.021665793,0.020529937,0.018035546,0.015111499,0.010726847,0.007100211,0.0054468475,0.0079553565,0.011131996,0.014809304,0.016486779,0.016413372,0.015107799,0,0,0,0.0047296979,0.0033890051,0.0024888057,0.0018479142,0.0013418423,0.00096801214,0.00071533746,0.00050865533,0.0003428557,0.00024076855,0.00015856828,9.3737144e-05,5.6533161e-05,3.0832547e-05,1.2293385e-05,3.7394404e-06,1.5343265e-06,2.302439e-06,4.6350888e-06,9.6877548e-06,1.6781043e-05,2.3220489e-05,3.1202017e-05,4.0183731e-05,4.903095e-05,5.8061218e-05,6.5052947e-05,7.0857648e-05,7.5947508e-05,7.6327386e-05,7.4469375e-05,0,0,0
0.81081000000000003,-0.008337548,-0.01041997,-0.012766196,-0.016463514,-0.020049728,-0.023866799,-0.029561907,-0.0340604,-0.038296901,-0.044416357,-0.048529491,-0.051083531,-0.05362083,-0.054098032,0,0,0,-0.040812217,-0.035275515,-0.029817345,-0.025113329,-0.020737987,-0.016871007,-0.013576314,-0.011266758,-0.0092816418,-0.0075887423,-0.0064160898,-0.0055368179,-0.004790104,-0.0041606524,-0.0036230017,-0.0030840337,-0.002618752,-0.0019195983,-0.00095512852,0.0011303801,0.0039313631,0.0078804167,0.014475001,0.021938473,0.027626639,0.033305869,0.038966801,0.040964548,0.038761675,0.036421295,0.032581478,0,0,0,0,0.0076256339,0.0055362708,0.0039549773,0.0027886776,0.0019054946,0.0012116702,0.00072923116,0.00047638279,0.00041745504,0.00051104836,0.00080605486,0.0014751194,0.0023999452,0.00378349,0.0061298404,0.0091172475,0.01243821,0.015746536,0.018902577,0.019803768,0.016830565,0.01352191,0.0098401112,0.006486957,0.0051980042,0.0064298315,0.0095755104,0.012722964,0.015334066,0.015263195,0.013742151,0,0,0,0.0046016136,0.0033496642,0.0024617696,0.0018176266,0.0013378866,0.00097082229,0.00071260449,0.00051586371,0.00035728456,0.000245795,0.00016643381,0.00010311514,5.944473e-05,3.4108321e-05,1.555225e-05,3.9597053e-06,1.2261717e-06,1.4770267e-06,4.059747e-06,9.047335e-06,1.6086113e-05,2.3913895e-05,3.2409978e-05,4.2497326e-05,5.2529798e-05,6.2327308e-05,6.9825408e-05,7.4848387e-05,7.8322919e-05,7.9236503e-05,7.765308e-05,0,0,0
0.85494000000000003,-0.0075686201,-0.0096759023,-0.011888386,-0.014668322,-0.018048661,-0.02139025,-0.025582176,-0.0301072,-0.033998553,-0.038337864,-0.042577676,-0.044823021,-0.046206977,-0.046695072,0,0,0,-0.035749137,-0.03146641,-0.026713811,-0.022669252,-0.019256968,-0.015856445,-0.012837738,-0.010709268,-0.0088347662,-0.0072461893,-0.0060567306,-0.0051706433,-0.004318364,-0.0035799141,-0.002968458,-0.0024604402,-0.0020997822,-0.0016493641,-0.0010300034,0.00013516414,0.0023171802,0.0052381619,0.0094823129,0.015174137,0.01992684,0.024423137,0.028661191,0.030943494,0.029608991,0.02702805,0.024778623,0,0,0,0,0.0057087885,0.0039232471,0.0026847157,0.0018854958,0.0013571195,0.00095293333,0.00064365217,0.00042546273,0.00036864262,0.00050894963,0.00080990896,0.0014102081,0.0023564012,0.0036360188,0.0055707628,0.0083178291,0.011501725,0.014555728,0.01708273,0.018541107,0.016369173,0.012174642,0.0082994662,0.0050082556,0.00409065,0.0051134964,0.0078618536,0.010923577,0.013895027,0.014705736,0.012579144,0,0,0,0.0043736193,0.0032085399,0.0023638946,0.0017497379,0.0012975056,0.00095512986,0.00070720108,0.00051475764,0.00036283539,0.00024878973,0.00016851252,0.00010788995,6.2328152e-05,3.5765006e-05,1.7754805e-05,5.5697647e-06,1.4934824e-06,1.3595291e-06,3.74505e-06,8.5341126e-06,1.5567881e-05,2.3709554e-05,3.3583176e-05,4.5519242e-05,5.6691981e-05,6.6383582e-05,7.390041e-05,7.9078178e-05,8.2155006e-05,8.3390252e-05,8.1524769e-05,0,0,0
0.89907999999999999,-0.006854421,-0.008675239,-0.010804994,-0.013027863,-0.015990632,-0.019254008,-0.022475708,-0.026534077,-0.030064832,-0.033027429,-0.036427468,-0.038536239,-0.039599493,-0.040014233,0,0,0,-0.031205192,-0.028105509,-0.024297189,-0.020559328,-0.017717037,-0.014732336,-0.012009468,-0.010021653,-0.0083246147,-0.0068066511,-0.0055511259,-0.0045674685,-0.0036789626,-0.0029227086,-0.0023170575,-0.001838413,-0.0015116615,-0.0012090171,-0.00073756842,-0.00029629021,0.00084671308,0.0029990021,0.0055832108,0.0096367411,0.01355528,0.017194899,0.020280112,0.022343382,0.022255978,0.020305716,0.018257501,0,0,0,0,0.0038668443,0.0028131236,0.0021245102,0.0015515762,0.001086931,0.00072512263,0.00047325017,0.0003147659,0.00025008857,0.00045610388,0.00082722009,0.0013288539,0.0022199703,0.003479939,0.0050783297,0.0075881649,0.010625241,0.013816399,0.015231403,0.015664533,0.013967752,0.010012034,0.0062385942,0.0026629071,0.0020524054,0.0034558447,0.0061532911,0.0088148843,0.011055917,0.012809142,0.010991907,0,0,0,0.0039758994,0.0029779598,0.0022372575,0.0016886694,0.0012547325,0.00093139475,0.00069119886,0.00050010369,0.00035665004,0.00024637091,0.00016604472,0.00010933442,6.490291e-05,3.6510959e-05,1.896026e-05,7.0641522e-06,1.7805141e-06,1.4444458e-06,3.5126068e-06,9.0204539e-06,1.7322589e-05,2.6935439e-05,3.7804843e-05,4.9767405e-05,6.1268453e-05,7.1786846e-05,7.9167628e-05,8.3776365e-05,8.5403961e-05,8.6016167e-05,8.3538893e-05,0,0,0
0.94321999999999995,-0.0063611805,-0.007646116,-0.0097367568,-0.011931963,-0.014027334,-0.017037295,-0.019933948,-0.02258642,-0.025900161,-0.028689733,-0.031064797,-0.033043008,-0.034082048,-0.034327202,0,0,0,-0.027472142,-0.024723435,-0.02182235,-0.018483996,-0.015850393,-0.013554257,-0.011215177,-0.0093260892,-0.0078381263,-0.0063275052,-0.0050014304,-0.0040626912,-0.0031246636,-0.0023305519,-0.0015574994,-0.00092820544,-0.00052929344,-0.0003384531,-0.00014779228,-2.5719404e-05,7.2214752e-05,0.0014240432,0.0032456669,0.0055208979,0.0084624859,0.011122427,0.013582858,0.015211971,0.014790611,0.013855594,0.011794142,0,0,0,0,0.003037692,0.0021432657,0.0015437959,0.0011137356,0.00073364121,0.00046804803,0.00031427247,0.00026684342,0.00029273541,0.0004258737,0.00081483473,0.0013395651,0.0020619521,0.0032681036,0.0047662398,0.0065746466,0.0088941101,0.011129064,0.012869416,0.012809877,0.010722848,0.0076817847,0.0039099371,0.0010125495,-0.00017550343,0.0015063372,0.0041396702,0.0065935832,0.0084810061,0.0098492745,0.0095176566,0,0,0,0.0036731008,0.0027759266,0.0020897975,0.001585672,0.0011866983,0.00087947701,0.0006551019,0.00048375703,0.00034614748,0.00024235777,0.00016637519,0.00010763275,6.5530388e-05,3.7467285e-05,1.8765539e-05,7.7001223e-06,2.5463244e-06,2.6512566e-06,5.492283e-06,1.0730781e-05,1.9966405e-05,3.0031324e-05,4.1289393e-05,5.4134944e-05,6.5237844e-05,7.4063224e-05,8.0519458e-05,8.3691899e-05,8.5578293e-05,8.6612359e-05,8.5245643e-05,0,0,0
0.98734999999999995,-0.0058478485,-0.0070492313,-0.0085739382,-0.010598665,-0.012501302,-0.014700776,-0.017429048,-0.019927902,-0.022291312,-0.024878154,-0.026919914,-0.02826516,-0.029210523,-0.029497929,0,0,0,-0.02392412,-0.021456942,-0.019221269,-0.016802292,-0.014521568,-0.012526575,-0.010528669,-0.0086577944,-0.0072592092,-0.0058931722,-0.00454466,-0.003414589,-0.0023217155,-0.0012764155,-0.00043667597,0.00018161163,0.00051874085,0.00055125519,0.00061366637,0.00051052892,0.00032103388,0.00070629315,0.001765141,0.0029673346,0.0045072688,0.0062428536,0.0078150462,0.0088976175,0.0086509855,0.00855029,0.0079711154,0,0,0,0,0.001922559,0.0013114903,0.00098121283,0.00075607095,0.00054995657,0.00037721428,0.00024979422,0.00021194207,0.00027597405,0.0004135333,0.00074879086,0.0012770197,0.0019158276,0.0028314604,0.0041126446,0.0056391535,0.0074415328,0.0091374004,0.010633618,0.010695201,0.0083219558,0.0054209791,0.0024017617,-8.1327744e-06,-0.0013666302,-0.00048751314,0.0020868895,0.0046652844,0.0065578879,0.007533486,0.0076880176,0,0,0,0.0032704691,0.0024777446,0.0018710983,0.0014371846,0.0011035439,0.00083296112,0.00062506192,0.00046417658,0.00033232715,0.00023063477,0.00015948391,0.0001031803,6.3162326e-05,3.6853962e-05,1.93217e-05,8.5902111e-06,3.3567903e-06,3.795599e-06,7.050417e-06,1.2589547e-05,2.1880731e-05,3.2515614e-05,4.3435532e-05,5.5340694e-05,6.5954846e-05,7.4198033e-05,8.0814716e-05,8.4231098e-05,8.6103712e-05,8.7228545e-05,8.677844e-05,0,0,0
1.03149,-0.0051990813,-0.0063614668,-0.0075499145,-0.0092921648,-0.011167547,-0.012878476,-0.015200808,-0.017513422,-0.019200634,-0.021227421,-0.02305655,-0.024177512,-0.024912603,-0.025164189,0,0,0,-0.021082506,-0.019209178,-0.017233169,-0.01526919,-0.013217067,-0.011402943,-0.0097195348,-0.0079911286,-0.0066424035,-0.0053441119,-0.0038733722,-0.0025852686,-0.0014937995,-0.00037503173,0.00054276874,0.0012028613,0.0017150361,0.0018800818,0.0020303703,0.0017645536,0.0011791382,0.00074898195,0.0010022009,0.001361682,0.0017110727,0.002842,0.0040707346,0.0052111777,0.0053661675,0.0051201084,0.0048118774,0,0,0,0,0.0012124223,0.00096595101,0.0007415798,0.00054622069,0.00037283322,0.00023764232,0.00014683045,0.00011508138,0.00023273096,0.00041511716,0.00067833299,0.0011583865,0.0017665661,0.0024952735,0.0035841868,0.0049315169,0.0064153094,0.0074268961,0.0080889519,0.0083588921,0.0062619252,0.0033390936,0.0003617903,-0.0017638635,-0.0027205902,-0.0023171045,0.00018538546,0.0026617255,0.0047412906,0.0055905497,0.005783733,0,0,0,0.0027927815,0.0021974475,0.0017089251,0.0013307412,0.0010245922,0.00077516539,0.0005775711,0.00042936555,0.00030827292,0.00021539454,0.00015077053,0.00010040152,6.0924103e-05,3.5142748e-05,1.8976414e-05,8.408846e-06,3.4764521e-06,4.3780833e-06,8.413379e-06,1.4499835e-05,2.3611108e-05,3.4795426e-05,4.5421257e-05,5.6511071e-05,6.8095862e-05,7.5735756e-05,8.131448e-05,8.4267711e-05,8.5889114e-05,8.7639717e-05,8.8542758e-05,0,0,0
1.0756300000000001,-0.0045634531,-0.0057028448,-0.0068574869,-0.0080767982,-0.0098299608,-0.011375589,-0.01290382,-0.015024794,-0.016675912,-0.018057697,-0.01968281,-0.02076794,-0.021261614,-0.021540746,0,0,0,-0.018433295,-0.017012443,-0.015246821,-0.013513201,-0.011983281,-0.010468172,-0.009003506,-0.0075458749,-0.0060998281,-0.0047586397,-0.0034268601,-0.0019580622,-0.00076087285,0.00059849303,0.0019753212,0.0030154213,0.0036510606,0.0036607063,0.0035315985,0.0032219372,0.0022818733,0.0012831264,0.0011072969,0.00098787108,0.0008881666,0.0012745941,0.0018713779,0.0023339712,0.0024170175,0.0020314674,0.0017609457,0,0,0,0,0.00082850317,0.00062536285,0.00046865642,0.00031085277,0.00018872228,0.00012248463,0.00010668376,0.00013116735,0.00021241687,0.00040548982,0.00066901685,0.0010437325,0.0016218605,0.0022678794,0.0030181026,0.0039802184,0.0050096838,0.005819181,0.0059759915,0.0056791953,0.0043666391,0.0013622672,-0.0010918465,-0.0029177086,-0.0030963405,-0.002499938,-0.0010680249,0.001107553,0.0028775774,0.0040563676,0.0041783499,0,0,0,0.00242239,0.0019532652,0.0015189017,0.0011791051,0.00091202545,0.00069414463,0.00052683079,0.00039721056,0.00029116904,0.00020452045,0.0001399623,9.3398587e-05,5.6992263e-05,3.0906631e-05,1.6874952e-05,8.2295501e-06,4.0701743e-06,5.2885348e-06,9.7078046e-06,1.6402377e-05,2.5307485e-05,3.6640085e-05,4.8208789e-05,5.7561389e-05,6.6901288e-05,7.3718176e-05,7.8361583e-05,8.1995968e-05,8.4350089e-05,8.6878135e-05,8.9289024e-05,0,0,0
1.1197699999999999,-0.0041715894,-0.0050183665,-0.0060783969,-0.007156461,-0.008474689,-0.0099310894,-0.011311158,-0.012860302,-0.014441303,-0.015641466,-0.016789464,-0.017844811,-0.018321946,-0.018519379,0,0,0,-0.015914092,-0.014903215,-0.013725253,-0.012368677,-0.011024185,-0.0097621754,-0.0083655557,-0.0070072566,-0.0056774803,-0.0042659855,-0.0027405971,-0.0010330216,0.00066144532,0.0021690093,0.0035462226,0.0046993294,0.0053848783,0.0054108328,0.0051381662,0.0050051939,0.0041238647,0.0025857547,0.0020579831,0.0013997104,0.00067428034,0.00037048711,0.00031620916,0.00041603856,0.00066691893,0.00083273137,0.00092861732,0,0,0,0,0.00038901693,0.00030957186,0.00025606598,0.00019578985,0.00012460211,7.5425953e-05,6.7599351e-05,0.00011297979,0.00020045141,0.00036997991,0.00062781927,0.00094929489,0.001381095,0.0019252431,0.0025319383,0.0032162825,0.0039490983,0.0045503252,0.004525952,0.0038985941,0.0029281531,0.00090002402,-0.0012031477,-0.0029883627,-0.0035341308,-0.0028614886,-0.0016507336,5.068499e-05,0.001567415,0.0027490126,0.0032590297,0,0,0,0.0020017605,0.0016142686,0.0012949251,0.0010340896,0.00082127028,0.00063866493,0.00048379652,0.00036190473,0.00026411694,0.00018493668,0.00012401641,8.3049286e-05,5.2013856e-05,2.8361141e-05,1.545827e-05,7.7963959e-06,4.2618612e-06,5.5699115e-06,1.0504056e-05,1.7782921e-05,2.6326361e-05,3.6593428e-05,4.6872199e-05,5.5577158e-05,6.3758162e-05,7.0419439e-05,7.5286967e-05,7.9224781e-05,8.2134364e-05,8.5772728e-05,8.8939203e-05,0,0,0
1.1638999999999999,0,0,0,0,0,0,0,0,0,0,0,0,0,0,0,0,0,0,0,0,0,0,0,0,0,0,0,0,0,0,0,0,0,0,0,0,0,0,0,0,0,0,0,0,0,0,0,0,0,0,0,0,0,0,0,0,0,0,0,0,0,0,0,0,0,0,0,0,0,0,0,0,0,0,0,0,0,0,0,0,0,0,0,0,0,0,0,0,0,0,0,0,0,0,0,0,0,0,0,0,0,0,0,0,0,0,0,0,0,0,0,0,0,0,0,0,0,0,0,0
1.20804,-0.0033567145,-0.0040120459,-0.0046518943,-0.005575411,-0.0064994595,-0.007369427,-0.0085085602,-0.0095692165,-0.010541379,-0.011531706,-0.012333101,-0.01299905,-0.013487591,-0.013727283,0,0,0,-0.012637078,-0.011856329,-0.011041743,-0.010275301,-0.0092901578,-0.0083362684,-0.0073511116,-0.0059715165,-0.004569076,-0.0032493817,-0.0013347897,0.00054430123,0.0026115365,0.0052009793,0.0073480271,0.0089955265,0.010396358,0.010855053,0.010153006,0.0096035171,0.0084226057,0.0065367883,0.0047657588,0.0035519055,0.0021740417,0.00089205964,0.00050267909,0.00012935977,-0.00021378486,-0.00029216649,-0.00022532314,0,0,0,0,2.8724433e-05,8.1959879e-06,-2.4260371e-05,-3.5891309e-05,-3.3824181e-05,-1.2798933e-05,2.1574553e-05,7.8633544e-05,0.00019480796,0.00033734308,0.00051695178,0.00078894268,0.0010836268,0.0014036449,0.0017724822,0.0021292483,0.0024365056,0.0025691115,0.0023962525,0.001888982,0.00068968558,-0.00054827693,-0.0017588303,-0.0026235776,-0.0031037652,-0.0028864071,-0.0018530395,-0.000745525,0.00027046716,0.000982736,0.0014979973,0,0,0,0.0014099715,0.001163681,0.00095597969,0.00077512884,0.00061191025,0.00048603414,0.00037767878,0.00028385001,0.00020905724,0.00014800931,9.8789176e-05,6.411998e-05,3.8116988e-05,1.9862331e-05,9.2325781e-06,4.3718806e-06,2.9356543e-06,4.6312216e-06,1.042622e-05,1.7662267e-05,2.6465688e-05,3.6803161e-05,4.5047607e-05,5.2496296e-05,5.9168968e-05,6.4690641e-05,6.9706555e-05,7.4859476e-05,8.0012367e-05,8.5514825e-05,9.0186928e-05,0,0,0
1.2521800000000001,-0.0029637918,-0.0035608246,-0.0041426527,-0.004825193,-0.0056747068,-0.0064788512,-0.0073082657,-0.0082685417,-0.0091497488,-0.0098791989,-0.010626611,-0.011236005,-0.011648084,-0.011872631,0,0,0,-0.011161285,-0.010717253,-0.010135554,-0.0094996924,-0.0087084118,-0.0077666366,-0.0068407338,-0.0056653498,-0.004120518,-0.00257472,-0.00054153614,0.0020665033,0.0044170981,0.0068882192,0.009438253,0.011238275,0.012650864,0.013489407,0.013113458,0.012534379,0.011195004,0.0089866295,0.0066192457,0.0050728237,0.0033960037,0.0015674594,0.00096910639,0.00043189485,-2.6066264e-05,-0.00018867222,-0.00020491343,0,0,0,0,-0.00010862504,-8.4154657e-05,-6.8748719e-05,-5.676545e-05,-4.7487265e-05,-2.518337e-05,1.9331521e-05,7.8165147e-05,0.00018003612,0.0003201107,0.00047565781,0.00067623111,0.00092190166,0.0011829392,0.0014555021,0.0017039336,0.0019095319,0.0019485101,0.0016955023,0.001308183,0.00060205278,-0.00040407528,-0.0014322213,-0.002182048,-0.0025116676,-0.0023398784,-0.0016850461,-0.0008296991,-2.7485832e-05,0.00058342516,0.0010115387,0,0,0,0.0010844632,0.00093664718,0.00079144799,0.00066425669,0.00054011302,0.00042477986,0.00032754263,0.00024406155,0.00017682899,0.00012243699,8.2227001e-05,5.3422613e-05,3.2161945e-05,1.641018e-05,6.277045e-06,2.2687782e-06,1.5372937e-06,3.5847156e-06,9.787278e-06,1.7241464e-05,2.5342455e-05,3.4808847e-05,4.307571e-05,4.9657487e-05,5.5620239e-05,6.1137238e-05,6.6313558e-05,7.1642804e-05,7.7593984e-05,8.2848157e-05,8.7185341e-05,0,0,0
1.2963100000000001,-0.0026281739,-0.0031392211,-0.0036927175,-0.0042334143,-0.0049423408,-0.0056836782,-0.0063172914,-0.0071022017,-0.0078965016,-0.0085030869,-0.0091185961,-0.009660745,-0.010024634,-0.01023061,0,0,0,-0.010065631,-0.0097542126,-0.0092791505,-0.008714363,-0.008101278,-0.0072571724,-0.0063148653,-0.0052583348,-0.0035587293,-0.0017365101,7.5815246e-05,0.0028782152,0.0057119606,0.0079790791,0.011278207,0.013987794,0.016001299,0.017148431,0.016575852,0.015599894,0.014084223,0.011516818,0.0085402364,0.0067256717,0.0047114221,0.0026634855,0.0016516163,0.00095875573,0.00033287285,-3.4890138e-05,-0.00013115694,0,0,0,0,-0.00014054286,-0.00012025854,-0.00010513893,-8.9106499e-05,-7.2178082e-05,-4.6475441e-05,1.2794248e-05,8.2886661e-05,0.00016682588,0.00029224454,0.00043705286,0.00059738848,0.00080071116,0.0010187848,0.001228874,0.0013767991,0.0014833156,0.0015406033,0.0012967044,0.00088002393,0.00035408151,-0.00046108832,-0.0012997075,-0.001924305,-0.002068707,-0.0018730676,-0.0015349747,-0.00086519838,-0.00020871105,0.00033134004,0.000667591,0,0,0,0.00087517651,0.00079590071,0.00066907465,0.00055422494,0.00045411181,0.0003522138,0.00026672782,0.00020360883,0.00015006601,0.00010598084,7.0503433e-05,4.3671807e-05,2.4776087e-05,1.105823e-05,1.8790743e-06,-7.9036363e-07,-4.7182198e-07,2.1476533e-06,8.0528253e-06,1.6286445e-05,2.4092244e-05,3.2720644e-05,4.2251999e-05,4.8194601e-05,5.3253723e-05,5.807354e-05,6.4298212e-05,7.0975351e-05,7.7312987e-05,8.1399325e-05,8.4445674e-05,0,0,0
1.3404499999999999,-0.0023769434,-0.0027542997,-0.0032650284,-0.0037550977,-0.0042540887,-0.0049370509,-0.0055243196,-0.0060816286,-0.0067890543,-0.0073613441,-0.0078222649,-0.0083488934,-0.0087722978,-0.0089925695,0,0,0,-0.0090031959,-0.0087563694,-0.0085110832,-0.0080699231,-0.0075460928,-0.006902975,-0.005891053,-0.0047667637,-0.0034369654,-0.0013103262,0.00074927229,0.0033719353,0.0073954528,0.010728533,0.013625495,0.016922269,0.019170038,0.020253675,0.019828878,0.0182286,0.017108319,0.014126764,0.010120246,0.0084380582,0.0061377008,0.003831757,0.0024160501,0.0015618054,0.00077687204,0.00018668357,3.9897393e-05,0,0,0,0,-0.00016669801,-0.00015710364,-0.00013185351,-0.00010231946,-6.6413602e-05,-2.7855829e-05,1.8291845e-05,8.809728e-05,0.00017043683,0.00027123408,0.00040638732,0.0005431273,0.00068711617,0.0008461001,0.00099971599,0.0011134989,0.0011496688,0.0011280985,0.0009653247,0.00051742845,8.5218984e-05,-0.00039518901,-0.00094118778,-0.0013801098,-0.0016393028,-0.0014588002,-0.0011365179,-0.00071424351,-0.00021450444,0.00015818978,0.00045175912,0,0,0,0.00068953668,0.00062144792,0.0005357854,0.00044151541,0.00036793479,0.00029812896,0.00022944025,0.00017177875,0.00012531241,8.5832748e-05,5.434479e-05,3.0764244e-05,1.5785336e-05,5.5085475e-06,-1.4678317e-06,-3.3605193e-06,-2.6284383e-06,2.311665e-07,5.9862055e-06,1.4354195e-05,2.3528488e-05,3.1137639e-05,3.9414783e-05,4.6605543e-05,5.1571275e-05,5.6339355e-05,6.173578e-05,6.9050497e-05,7.6255266e-05,8.1730017e-05,8.0497921e-05,0,0,0
1.38459,-0.0021179249,-0.0024609214,-0.0028584024,-0.0033116352,-0.0037617947,-0.0042712423,-0.0048180264,-0.0053162384,-0.0058511766,-0.0064121182,-0.0068404218,-0.0072502489,-0.0076547735,-0.0078744479,0,0,0,-0.0081762876,-0.0080670109,-0.0078954361,-0.0075645712,-0.0070611308,-0.0064692935,-0.005633838,-0.0044012251,-0.0029044198,-0.0007549338,0.0020516086,0.0048722979,0.0085696382,0.012623388,0.01581599,0.018811788,0.021749757,0.023516037,0.023242272,0.020849325,0.019797705,0.016950617,0.012476812,0.0099719092,0.007718184,0.0050489795,0.0030934277,0.0021503197,0.0012546857,0.00048074551,0.00026153156,0,0,0,0,-0.00014973292,-0.00013946794,-0.00011005689,-8.4046857e-05,-5.4511911e-05,-1.5012774e-05,2.9930758e-05,8.9691515e-05,0.00016507054,0.00025062103,0.00035326171,0.0004712333,0.00059032394,0.0007100153,0.00082161254,0.00090106006,0.00090784574,0.00084949809,0.0007378619,0.0004578912,8.1376471e-05,-0.00031258585,-0.0007128694,-0.0010148063,-0.0011922907,-0.0011186231,-0.0008774387,-0.00061277277,-0.00029484637,2.0464309e-05,0.00027555259,0,0,0,0.00052607921,0.00048723747,0.00043588778,0.00037141843,0.00030368232,0.00024322116,0.00018563816,0.00013419366,9.3587616e-05,6.4564039e-05,4.0420888e-05,2.1644366e-05,9.7504853e-06,8.167608e-07,-5.0456474e-06,-6.6459961e-06,-5.3057438e-06,-2.0709904e-06,3.4160275e-06,1.1617097e-05,2.1079559e-05,2.9305927e-05,3.6740126e-05,4.3977496e-05,4.9738945e-05,5.4418175e-05,5.9102393e-05,6.5871034e-05,7.2433126e-05,7.6664022e-05,7.4387899e-05,0,0,0
1.42872,-0.0018754377,-0.0021971797,-0.0025269492,-0.0029134816,-0.003322179,-0.0037271171,-0.0041964054,-0.0046526445,-0.0050811856,-0.0055662892,-0.005957684,-0.0062908325,-0.0066505256,-0.0069396868,0,0,0,-0.0074696699,-0.0074082837,-0.0072831828,-0.0070598191,-0.0066270242,-0.0060192551,-0.0052966718,-0.0039629014,-0.002265105,-0.0004088562,0.0025458559,0.0058330018,0.0089599211,0.01381428,0.018263428,0.021258309,0.02444559,0.026737865,0.026545286,0.023425899,0.022242546,0.019789377,0.014785307,0.011063628,0.0088223265,0.0060909018,0.0036998736,0.0027389864,0.00176922,0.00090022071,0.00051125739,0,0,0,0,-0.00010126684,-0.00011277839,-8.9315872e-05,-6.6344597e-05,-4.3608889e-05,-6.8215595e-06,3.6917307e-05,8.4171479e-05,0.00015087206,0.00023013493,0.00031551556,0.00041706182,0.00051814987,0.0006105869,0.00068428321,0.00073337124,0.00074795581,0.00067684217,0.00055675313,0.00034588508,2.5042784e-05,-0.00031477748,-0.0006027302,-0.00078660762,-0.00090123212,-0.00094207039,-0.00074816955,-0.00051871,-0.00028316554,-3.367311e-05,0.00016368073,0,0,0,0.00042281154,0.00039092175,0.00034243791,0.00029482998,0.00023488022,0.00018251625,0.00014400964,0.00010552484,7.3837684e-05,4.9977665e-05,2.8642284e-05,1.1902328e-05,2.100056e-06,-5.0749622e-06,-9.375116e-06,-1.0445351e-05,-8.4749427e-06,-4.8674515e-06,3.5706216e-07,8.4975982e-06,1.7820832e-05,2.8204809e-05,3.5104349e-05,4.1413296e-05,4.745564e-05,5.2533382e-05,5.7575544e-05,6.3388885e-05,6.9099136e-05,7.213257e-05,7.4509029e-05,0,0,0
1.4728600000000001,-0.0016512806,-0.0019468188,-0.0022485238,-0.0025411639,-0.0029169938,-0.003288063,-0.0036446676,-0.0040583108,-0.0044447212,-0.0048258724,-0.0052179233,-0.0055636102,-0.0058778217,-0.0061795525,0,0,0,-0.006768839,-0.0068114153,-0.0067536784,-0.006584669,-0.0062971651,-0.0056479881,-0.004864932,-0.0039170156,-0.00201084,0.00012484659,0.0025344137,0.0068317708,0.010905471,0.014667744,0.020191908,0.023892308,0.025838073,0.02904517,0.029284224,0.026036555,0.023608228,0.020926457,0.016636943,0.011938756,0.0096663544,0.007195469,0.0044060983,0.0032673327,0.0022467738,0.001279899,0.00073153828,0,0,0,0,-4.5420078e-05,-7.251749e-05,-6.5399014e-05,-4.4602377e-05,-2.3798202e-05,2.3049361e-06,4.3411812e-05,8.8694898e-05,0.00014135116,0.00021489835,0.00028812207,0.00036481506,0.00044333912,0.00051434012,0.00057432416,0.00060154678,0.00058897515,0.00053576543,0.00039721731,0.00022901141,2.8783672e-05,-0.00021127021,-0.00043591269,-0.00061256939,-0.0006836378,-0.00069615612,-0.0005925236,-0.00039993456,-0.00023355508,-6.9576985e-05,7.996746e-05,0,0,0,0.00030994249,0.00029620941,0.00025678164,0.00022261677,0.00018704892,0.00014649684,0.00011164699,8.0718848e-05,5.1788214e-05,3.122077e-05,1.4458004e-05,1.6002305e-06,-5.5853307e-06,-9.8340597e-06,-1.290299e-05,-1.3901164e-05,-1.217607e-05,-8.1586813e-06,-2.6771468e-06,5.2986752e-06,1.4368401e-05,2.4051253e-05,3.2982927e-05,3.8688995e-05,4.4340719e-05,4.9969367e-05,5.5250923e-05,6.1308659e-05,6.7256718e-05,6.6841305e-05,6.3264451e-05,0,0,0
1.5169999999999999,0,0,0,0,0,0,0,0,0,0,0,0,0,0,0,0,0,0,0,0,0,0,0,0,0,0,0,0,0,0,0,0,0,0,0,0,0,0,0,0,0,0,0,0,0,0,0,0,0,0,0,0,0,0,0,0,0,0,0,0,0,0,0,0,0,0,0,0,0,0,0,0,0,0,0,0,0,0,0,0,0,0,0,0,0,0,0,0,0,0,0,0,0,0,0,0,0,0,0,0,0,0,0,0,0,0,0,0,0,0,0,0,0,0,0,0,0,0,0,0
1.5611299999999999,-0.0013186706,-0.0015132383,-0.0017541025,-0.0020098165,-0.0022510844,-0.002541977,-0.0028514976,-0.0031241896,-0.0034382574,-0.0037597064,-0.0040393388,-0.0043317848,-0.0046349424,-0.0049156086,0,0,0,-0.005750285,-0.0058390377,-0.0058813812,-0.0057729348,-0.0054916544,-0.0050958265,-0.0041731079,-0.0029731896,-0.001628207,0.0010712314,0.0041432139,0.0069223028,0.011970947,0.016873835,0.020361826,0.025192633,0.028000595,0.02942037,0.03056859,0.028826445,0.025307372,0.022453137,0.018310256,0.013099851,0.010520829,0.0080888504,0.0056947209,0.0039404277,0.0029205338,0.0019906445,0.0011638539,0,0,0,0,7.4183656e-05,2.6710855e-05,4.2007305e-06,6.7260698e-06,1.3532117e-05,2.4785972e-05,4.7581139e-05,8.1094753e-05,0.00012084759,0.00016633587,0.00022336448,0.00028263149,0.00033809021,0.00037898571,0.00041095639,0.00043334317,0.00040870538,0.00035894953,0.00029136208,0.0001653986,1.2912002e-05,-0.00012234903,-0.00024603656,-0.00034324691,-0.0004153967,-0.00041197886,-0.00036455211,-0.00029287746,-0.00017853781,-6.8499678e-05,1.502073e-05,0,0,0,0.0001709591,0.00016438236,0.00015001725,0.00012046723,9.3333314e-05,7.3236057e-05,5.2106276e-05,3.348921e-05,1.775135e-05,4.1817766e-06,-5.6469835e-06,-1.2874345e-05,-1.8613548e-05,-2.0470568e-05,-2.1160158e-05,-2.1111309e-05,-1.9290363e-05,-1.6734668e-05,-1.0616164e-05,-2.528508e-06,7.2793791e-06,1.6283215e-05,2.5049076e-05,3.3452077e-05,3.8251863e-05,4.3053918e-05,4.7504105e-05,5.1946474e-05,5.5707285e-05,5.8225007e-05,4.8509537e-05,0,0,0
1.60527,-0.0011688772,-0.0013483968,-0.0015332531,-0.0017740319,-0.0019988432,-0.0022242444,-0.0025083579,-0.0027668364,-0.0030162374,-0.0033258721,-0.0036159675,-0.0038631859,-0.0041560354,-0.0044337441,0,0,0,-0.0052887606,-0.0054046847,-0.0054610008,-0.0054404885,-0.00513166,-0.0047065318,-0.0041081458,-0.0027510077,-0.0012342073,0.00073159393,0.0045270231,0.0078916587,0.011230223,0.016929165,0.021096379,0.024083186,0.028024008,0.029422462,0.029051363,0.027443871,0.023318613,0.021388095,0.017843382,0.013320973,0.010641683,0.0083234999,0.0060134763,0.0041701128,0.0031135087,0.0021749188,0.0013427956,0,0,0,0,0.00013658989,7.0276379e-05,2.7784583e-05,2.4032575e-05,2.4344423e-05,3.2323383e-05,5.0713847e-05,7.6014258e-05,0.0001126662,0.00015225672,0.00019661474,0.00024645077,0.00029443493,0.00033097484,0.00035291433,0.00036427434,0.000351111,0.00029557847,0.00023501288,0.00015789714,4.3270018e-05,-6.8397989e-05,-0.00017219422,-0.00024669452,-0.00029518237,-0.00030986805,-0.00026677031,-0.00021512799,-0.00015444703,-7.5399097e-05,-4.5922734e-06,0,0,0,0.00012294907,0.0001138924,0.00010320423,8.7446009e-05,6.6734516e-05,4.8112655e-05,3.212232e-05,1.5613012e-05,1.7964558e-06,-8.8753368e-06,-1.58978e-05,-2.070504e-05,-2.4125198e-05,-2.5263089e-05,-2.5644375e-05,-2.5223439e-05,-2.3092121e-05,-2.0100133e-05,-1.5623224e-05,-7.3323627e-06,2.4693281e-06,1.2327657e-05,2.0334188e-05,2.7897859e-05,3.4461675e-05,3.9185128e-05,4.3695349e-05,4.8045156e-05,5.0113566e-05,4.9471375e-05,4.1903346e-05,0,0,0
1.64941,-0.0010282136,-0.0011954245,-0.0013658246,-0.0015572066,-0.0017682216,-0.0019767887,-0.002206489,-0.0024598159,-0.0026939646,-0.0029462525,-0.0032283508,-0.0034619274,-0.0037053195,-0.003978726,0,0,0,-0.0049013575,-0.0050216466,-0.0050782692,-0.0050737397,-0.004867434,-0.0043825535,-0.0037162206,-0.0025447076,-0.00069838949,0.00129335,0.004340142,0.0082009044,0.011597607,0.015957903,0.020626131,0.02313645,0.024989227,0.026217856,0.026451251,0.025061194,0.021718772,0.020016558,0.017294303,0.013176579,0.010124523,0.0082068648,0.0060524452,0.0041456148,0.0032513533,0.0023404122,0.0015410157,0,0,0,0,0.00017940125,0.00010784168,5.4156611e-05,4.4086366e-05,4.0273968e-05,4.1668565e-05,5.2568204e-05,7.2010014e-05,9.9598299e-05,0.00013549098,0.00017491452,0.00021675479,0.00025792135,0.00029016274,0.00030864819,0.00031351982,0.00030586854,0.00026918788,0.00021186538,0.00014649551,5.7454192e-05,-3.5798163e-05,-0.00012119862,-0.00017972392,-0.00021178061,-0.00023076047,-0.00021713003,-0.0001705957,-0.00012174244,-6.410756e-05,-6.3661228e-06,0,0,0,8.6540073e-05,8.1452599e-05,7.0237336e-05,5.6855664e-05,4.0271036e-05,2.3198409e-05,9.7893426e-06,-2.420129e-07,-1.0104901e-05,-1.7824299e-05,-2.2945285e-05,-2.7069011e-05,-2.9411483e-05,-2.9740646e-05,-2.9691932e-05,-2.9255265e-05,-2.764881e-05,-2.4288503e-05,-1.9931729e-05,-1.2600243e-05,-2.7286897e-06,7.8057556e-06,1.6649239e-05,2.3495546e-05,2.9756025e-05,3.4835266e-05,3.9124054e-05,4.3003645e-05,4.4579851e-05,4.184914e-05,3.5887875e-05,0,0,0
1.69354,-0.00091253937,-0.0010557737,-0.0012134818,-0.0013739965,-0.0015600214,-0.001755103,-0.0019499409,-0.0021760801,-0.0023964788,-0.0026119808,-0.0028686137,-0.0031112097,-0.0033410003,-0.0036056093,0,0,0,-0.0045277104,-0.0046641487,-0.0047183149,-0.0046800291,-0.0045278124,-0.0040234453,-0.0032797819,-0.0024020234,-0.00059860479,0.0016191136,0.0039204601,0.007766379,0.011473935,0.014252501,0.018343907,0.02131702,0.022244869,0.023106955,0.024035033,0.022787645,0.019822203,0.017648306,0.015546136,0.012312256,0.0092755994,0.0078597134,0.0060071168,0.0041664317,0.0033170313,0.0024562641,0.0016631571,0,0,0,0,0.00022414757,0.00014802642,8.5454114e-05,5.9289101e-05,4.8571179e-05,4.3254156e-05,4.9935974e-05,6.7673078e-05,8.9439207e-05,0.00012109529,0.00015725629,0.00019312646,0.00022748427,0.00025483724,0.00027420616,0.00027670167,0.0002673764,0.00024022836,0.00018813447,0.00012587917,6.2039115e-05,-6.8046502e-06,-7.0514878e-05,-0.00012524216,-0.00015080821,-0.0001614545,-0.00016049153,-0.00012145411,-7.9095946e-05,-4.651189e-05,-9.4399747e-06,0,0,0,5.6268793e-05,5.2325544e-05,4.0304465e-05,2.8495022e-05,1.9162464e-05,7.4330892e-06,-2.2927925e-06,-1.0012103e-05,-1.892864e-05,-2.640608e-05,-2.9969317e-05,-3.3303553e-05,-3.5088728e-05,-3.4824454e-05,-3.4719542e-05,-3.4330937e-05,-3.3548284e-05,-2.9590119e-05,-2.433002e-05,-1.7897662e-05,-8.0297596e-06,2.2989725e-06,1.2557001e-05,1.8797216e-05,2.4286881e-05,2.9751125e-05,3.4290206e-05,3.7885664e-05,4.1595369e-05,3.7697653e-05,2.8675466e-05,0,0,0
1.7376799999999999,-0.00081724633,-0.00092739629,-0.0010734877,-0.0012221432,-0.0013692419,-0.001550855,-0.0017322097,-0.0019188726,-0.0021332242,-0.0023460577,-0.0025599676,-0.0028018383,-0.0030259986,-0.0032474301,0,0,0,-0.0041592252,-0.0042973869,-0.0043776049,-0.0043143928,-0.0041483184,-0.0038494049,-0.0030286028,-0.002024876,-0.00080762338,0.0017606067,0.0043214653,0.0067386497,0.010823535,0.013851253,0.01602843,0.019483957,0.02056724,0.019396037,0.020021787,0.019103752,0.016669009,0.014792537,0.013413214,0.011216075,0.0083705205,0.007230334,0.0058900462,0.0042042192,0.0032161262,0.0025126012,0.001749672,0,0,0,0,0.00025553495,0.00017016329,0.00010294959,6.7285437e-05,5.4868899e-05,4.7792157e-05,4.7688518e-05,6.382721e-05,8.3587351e-05,0.00010790188,0.00013988899,0.00017181649,0.00020239387,0.00022606298,0.00024075444,0.00024714691,0.00023547775,0.00021031385,0.00017674442,0.00012756245,7.379373e-05,1.837439e-05,-3.2824599e-05,-7.5562377e-05,-0.00010181891,-0.00010588125,-0.00010589194,-9.3146991e-05,-6.4340493e-05,-3.6920559e-05,-1.0813415e-05,0,0,0,3.4320306e-05,2.9729359e-05,2.2806416e-05,1.3809586e-05,5.3475378e-06,-3.8456783e-06,-1.3528021e-05,-2.0176612e-05,-2.7345879e-05,-3.3764733e-05,-3.7049515e-05,-3.920263e-05,-4.0857263e-05,-4.0893734e-05,-3.9821578e-05,-3.9053521e-05,-3.7911486e-05,-3.5798075e-05,-2.9908439e-05,-2.2576114e-05,-1.3798845e-05,-3.7868222e-06,6.0364719e-06,1.440971e-05,1.93952e-05,2.4341429e-05,2.9203373e-05,3.2961856e-05,3.5792793e-05,3.4808152e-05,2.3217624e-05,0,0,0
1.78182,-0.00072953285,-0.00083187787,-0.00094640692,-0.0010837002,-0.0012224473,-0.0013692591,-0.0015426511,-0.0017178694,-0.0018959333,-0.0020988202,-0.0023008294,-0.0025082764,-0.0027286729,-0.00294992,0,0,0,-0.0038187027,-0.003961985,-0.0040422571,-0.0040249643,-0.0038133415,-0.0034552566,-0.0027691438,-0.0015742565,-0.00033754762,0.0015671505,0.0043557789,0.0068278518,0.0097798333,0.012993928,0.014582636,0.01624806,0.01731257,0.016281456,0.015757179,0.015545595,0.013899686,0.011953056,0.011331293,0.0099517386,0.0077807745,0.0066234227,0.0055284505,0.0041835858,0.0031047966,0.0024724926,0.0018186577,0,0,0,0,0.00027255315,0.00018902938,0.00012086311,7.7149452e-05,6.1472179e-05,5.1793046e-05,4.8188216e-05,5.9144404e-05,7.7464058e-05,9.9091005e-05,0.00012565861,0.00015432393,0.00018166121,0.00020314621,0.00021315752,0.00021844753,0.000212955,0.00019068782,0.00016150161,0.00012338508,7.777811e-05,3.1118434e-05,-7.7527548e-06,-3.9460596e-05,-6.2857172e-05,-7.2939845e-05,-7.1141905e-05,-6.2498693e-05,-4.3659184e-05,-2.0835734e-05,-6.1721948e-07,0,0,0,1.9831754e-05,1.4737654e-05,8.2198167e-06,3.8662256e-07,-7.1308968e-06,-1.4801444e-05,-2.2472861e-05,-2.7717058e-05,-3.3484448e-05,-3.9446681e-05,-4.3088803e-05,-4.4761295e-05,-4.5768858e-05,-4.5890818e-05,-4.5185872e-05,-4.4798951e-05,-4.3699634e-05,-4.221424e-05,-3.7080179e-05,-2.8576214e-05,-1.9048781e-05,-9.2028577e-06,3.8536973e-07,9.1568436e-06,1.4674028e-05,1.9505016e-05,2.4647888e-05,2.8656526e-05,3.079891e-05,3.123231e-05,2.197524e-05,0,0,0
1.82595,-0.00064979383,-0.00074547564,-0.00084202219,-0.00096084137,-0.0010914929,-0.001215735,-0.0013668383,-0.0015311892,-0.0016871857,-0.0018703443,-0.0020686623,-0.0022622102,-0.0024669787,-0.002682992,0,0,0,-0.0035112421,-0.0036426089,-0.0036850283,-0.003669322,-0.0034418639,-0.0030344501,-0.002538546,-0.0014028177,-9.8673627e-06,0.0013662465,0.0040242719,0.0067384262,0.0086978097,0.011448354,0.013038222,0.013754115,0.014555144,0.013803896,0.012351172,0.012467414,0.011698052,0.0098550208,0.0095437858,0.0086737359,0.0071834032,0.0059984718,0.0050855568,0.0040681339,0.0029908565,0.0023976348,0.0018279798,0,0,0,0,0.00028878305,0.00020460336,0.00013418336,8.2104059e-05,6.3558517e-05,5.3187279e-05,4.9238253e-05,5.5326593e-05,7.1556213e-05,9.1787078e-05,0.00011369769,0.00013751685,0.00015995145,0.00018054213,0.00018952237,0.00019242443,0.00019065283,0.00017208167,0.00014421169,0.00011668872,8.3100633e-05,4.7278907e-05,1.4350393e-05,-1.1305514e-05,-2.9492257e-05,-4.1326897e-05,-3.8766757e-05,-3.0963223e-05,-2.4622217e-05,-1.2999895e-05,-2.3942375e-06,0,0,0,8.3174273e-06,2.6189664e-06,-3.6200363e-06,-8.9614477e-06,-1.3943925e-05,-2.001895e-05,-2.6941127e-05,-3.2850112e-05,-3.8406459e-05,-4.4074914e-05,-4.8160859e-05,-5.0427137e-05,-5.1700663e-05,-5.2706593e-05,-5.3070755e-05,-5.281566e-05,-5.0777198e-05,-4.8234935e-05,-4.5088465e-05,-3.5831643e-05,-2.5180605e-05,-1.4968165e-05,-5.8415008e-06,2.468294e-06,9.0747162e-06,1.4266949e-05,1.9584062e-05,2.4737499e-05,2.6815207e-05,2.6427646e-05,2.2731198e-05,0,0,0
